sweep,setting,subset_name,subset_value,pop_name,y_name,delta_y,explained_1,unexplained_1,explained_0,unexplained_0,n_1,n_0,error,n_features,seconds,explained_flip,unexplained_flip,any_flip
xgb_depth,depth 3,naics_2,11,sex_female,pincp,-0.1744283284473535,0.0312585279065924,-0.2076220409219242,0.0141994577441746,-0.1905629707595064,1770,10168,,63,0.29,False,False,False
xgb_depth,depth 3,naics_2,11,sex_female,hicov,0.0607255730840523,-0.0116358995437622,0.0725000500679016,-0.0045066475868225,0.0653707981109619,1770,10168,,63,0.32,False,False,False
xgb_depth,depth 3,naics_2,11,race_bw,pincp,-0.3082373735363646,-0.1564983982682086,-0.1490481331330411,-0.1069146812453318,-0.1986318501559179,198,10459,,62,0.31,False,False,False
xgb_depth,depth 3,naics_2,11,race_bw,hicov,-0.0827700467723414,-0.0458428859710693,-0.0349419713020324,-0.0781289935111999,-0.0026558637619018,198,10459,,62,0.32,False,False,False
xgb_depth,depth 3,naics_2,11,immigrant,pincp,-0.5044989627739547,-0.232731079535549,-0.2719900826269548,-0.159984955271506,-0.3447362068909978,2454,9484,,63,0.29,False,False,False
xgb_depth,depth 3,naics_2,11,immigrant,hicov,-0.2919262296349842,-0.0654208660125732,-0.2262064218521118,-0.0597718358039855,-0.2318554520606994,2454,9484,,63,0.31,False,False,False
xgb_depth,depth 3,naics_2,21,sex_female,pincp,-0.1566003960737774,0.1486780781669594,-0.3039892251173519,0.1317861937467839,-0.2870973406971764,858,4828,,60,0.2,False,False,False
xgb_depth,depth 3,naics_2,21,sex_female,hicov,0.029791252657864,-0.002743661403656,0.0327981710433959,-0.0045652985572814,0.0346198081970214,858,4828,,60,0.21,False,False,False
xgb_depth,depth 3,naics_2,21,race_bw,pincp,-0.3229724667527538,-0.1481837575186517,-0.1724305905894034,-0.102164517099144,-0.2184498310089111,204,5009,,59,0.22,False,False,False
xgb_depth,depth 3,naics_2,21,race_bw,hicov,-0.0341111489514952,-0.0338659286499023,-0.001844584941864,-0.0341597199440002,-0.0015507936477661,204,5009,,59,0.21,False,False,False
xgb_depth,depth 3,naics_2,21,immigrant,pincp,0.043406628200957,0.2222036370510647,-0.1775836072045873,0.1544576966097253,-0.1098376667632479,538,5148,,60,0.22,False,False,False
xgb_depth,depth 3,naics_2,21,immigrant,hicov,-0.0291996314301146,-0.0206802487373352,-0.0085505247116088,-0.0108875632286071,-0.0183432102203369,538,5148,,60,0.24,False,False,False
xgb_depth,depth 3,naics_2,22,sex_female,pincp,-0.1649874170588354,0.0889312116734704,-0.2530314156686426,0.0441815695612213,-0.2082817735563935,2383,8526,,63,0.17,False,False,False
xgb_depth,depth 3,naics_2,22,race_bw,pincp,-0.2061253045351154,-0.0711354404531441,-0.1357914575826893,-0.0686779334662706,-0.1382489645695628,778,9258,,62,0.18,False,False,False
xgb_depth,depth 3,naics_2,22,race_bw,hicov,-0.0102283524955281,-0.0094416141510009,-0.0001681447029113,-0.0120750069618225,0.0024652481079101,778,9258,,62,0.21,False,True,True
xgb_depth,depth 3,naics_2,22,immigrant,pincp,0.0523698069318125,0.1527376650181597,-0.1004420784910475,0.0914766495847612,-0.039181063057649,791,10118,,63,0.21,False,False,False
xgb_depth,depth 3,naics_2,22,immigrant,hicov,-0.0441568255645331,-0.009892463684082,-0.0338551998138427,-0.0044316053390502,-0.0393160581588745,791,10118,,63,0.23,False,False,False
xgb_depth,depth 3,naics_2,23,sex_female,pincp,-0.0626446456082057,0.1003948705588477,-0.1629944811241834,0.1075638979705306,-0.1701635085358663,5486,50901,,58,0.75,False,False,False
xgb_depth,depth 3,naics_2,23,sex_female,hicov,0.1001222355222327,0.0193628668785095,0.0808212161064148,0.0316052436828613,0.0685788393020629,5486,50901,,58,0.86,False,False,False
xgb_depth,depth 3,naics_2,23,race_bw,pincp,-0.2200815585744582,-0.0841641162184352,-0.1366954265724587,-0.0588460429558015,-0.1620134998350924,2207,47852,,57,0.69,False,False,False
xgb_depth,depth 3,naics_2,23,immigrant,pincp,-0.3207828119526112,-0.1367347113066124,-0.1839536243056976,-0.099068466668962,-0.2216198689433479,11081,45306,,58,0.81,False,False,False
xgb_depth,depth 3,naics_2,23,immigrant,hicov,-0.3059844323527965,-0.0926399230957031,-0.2131245732307434,-0.0635057091712951,-0.2422587871551513,11081,45306,,58,0.88,False,False,False
xgb_depth,depth 3,naics_2,31,sex_female,pincp,-0.2629578528630354,-0.037583840937172,-0.2250248136526966,-0.047080636836819,-0.2155280177530496,6080,10147,,65,0.28,False,False,False
xgb_depth,depth 3,naics_2,31,race_bw,pincp,-0.303773085054587,-0.1307945846834055,-0.173606873672421,-0.1418156519569429,-0.1625858063988836,1704,11987,,64,0.26,False,False,False
xgb_depth,depth 3,naics_2,31,race_bw,hicov,-0.0154896384228453,-0.0231050848960876,0.0079140067100524,-0.0215760469436645,0.0063849687576293,1704,11987,,64,0.24,False,False,False
xgb_depth,depth 3,naics_2,31,immigrant,pincp,-0.3409689008717773,-0.1555557051459182,-0.1859958675319308,-0.1012267264324204,-0.2403248462454286,3768,12459,,65,0.28,False,False,False
xgb_depth,depth 3,naics_2,31,immigrant,hicov,-0.1232922329188783,-0.0378227829933166,-0.0855875015258789,-0.0334359407424926,-0.0899743437767028,3768,12459,,65,0.32,False,False,False
xgb_depth,depth 3,naics_2,32,sex_female,pincp,-0.1483579219655748,0.0734095929054206,-0.2216109639765022,0.0463542282846543,-0.1945555993557359,8451,21977,,67,0.51,False,False,False
xgb_depth,depth 3,naics_2,32,sex_female,hicov,0.0136889112355912,-0.0062394738197326,0.0198046565055847,-0.0062630176544189,0.0198282003402709,8451,21977,,67,0.61,False,False,False
xgb_depth,depth 3,naics_2,32,race_bw,pincp,-0.2647300616488355,-0.1063217588702141,-0.1588762507519394,-0.102521645682188,-0.1626763639399655,2081,25276,,66,0.51,False,False,False
xgb_depth,depth 3,naics_2,32,race_bw,hicov,-0.0113178191763412,-0.0195555090904235,0.0089883804321289,-0.018625259399414,0.0080581307411193,2081,25276,,66,0.49,False,False,False
xgb_depth,depth 3,naics_2,32,immigrant,pincp,-0.0867301750550115,0.022342306278718,-0.1085867106192033,0.0596228505663898,-0.1458672549068751,4028,26400,,67,0.51,False,False,False
xgb_depth,depth 3,naics_2,32,immigrant,hicov,-0.0723373130510668,-0.0144456028938293,-0.0581519603729248,-0.0133196711540222,-0.0592778921127319,4028,26400,,67,0.55,False,False,False
xgb_depth,depth 3,naics_2,33,sex_female,pincp,-0.2637016416912381,-0.0232997492090127,-0.2407382203641326,-0.03627968091069,-0.2277582886624554,16238,50594,,69,1.05,False,False,False
xgb_depth,depth 3,naics_2,33,race_bw,pincp,-0.3255411040204272,-0.1229298587637863,-0.2023670934407508,-0.1404604266280831,-0.1848365255764541,3920,54728,,68,0.89,False,False,False
xgb_depth,depth 3,naics_2,33,race_bw,hicov,-0.0176335882986434,-0.0181746482849121,9.59634780883789e-05,-0.0216109752655029,0.0035322904586791,3920,54728,,68,1.06,False,False,False
xgb_depth,depth 3,naics_2,33,immigrant,pincp,-0.0310029901095081,0.0624659538759786,-0.0935420699560083,0.0839830814558659,-0.1150591975358956,10156,56676,,69,1.07,False,False,False
xgb_depth,depth 3,naics_2,33,immigrant,hicov,-0.0449923253842499,-0.0039961338043212,-0.0408509969711303,-0.0097382068634033,-0.0351089239120483,10156,56676,,69,1.17,False,False,False
xgb_depth,depth 3,naics_2,3M,sex_female,pincp,-0.3035433700709156,-0.019270600790346,-0.2846857665046567,-0.0411882717599159,-0.2627680955350868,879,1984,,57,0.09,False,False,False
xgb_depth,depth 3,naics_2,3M,race_bw,pincp,-0.2366623367706051,-0.0967397315545692,-0.1397193438163988,-0.0978597475277123,-0.1385993278432558,323,2116,,56,0.08,False,False,False
xgb_depth,depth 3,naics_2,3M,race_bw,hicov,-0.0281344554536568,-0.0261558890342712,-0.0026515126228332,-0.0152279138565063,-0.0135794878005981,323,2116,,56,0.09,False,False,False
xgb_depth,depth 3,naics_2,3M,immigrant,pincp,-0.2612908695790334,-0.0302375236973855,-0.2331023392853914,-0.043441119794096,-0.2198987431886809,595,2268,,57,0.09,False,False,False
xgb_depth,depth 3,naics_2,3M,immigrant,hicov,-0.1067538126361655,-0.0426048636436462,-0.0624337196350097,-0.0049999952316284,-0.1000385880470275,595,2268,,57,0.09,False,False,False
xgb_depth,depth 3,naics_2,42,sex_female,pincp,-0.2022436858462644,0.0362441833022622,-0.2385069906540327,0.005599537173083,-0.2078623445248535,7903,20186,,63,0.46,False,False,False
xgb_depth,depth 3,naics_2,42,race_bw,pincp,-0.3774902956643675,-0.0885731386967076,-0.2887691682266329,-0.1139310546669563,-0.2634112522563843,1496,23358,,62,0.39,False,False,False
xgb_depth,depth 3,naics_2,42,race_bw,hicov,-0.0317810133183881,-0.0288966298103332,-0.002858817577362,-0.0368754863739013,0.005120038986206,1496,23358,,62,0.43,False,True,True
xgb_depth,depth 3,naics_2,42,immigrant,pincp,-0.2093096720413552,-0.0385750661663806,-0.1697941280546633,-0.0350574781183521,-0.1733117161026918,4233,23856,,63,0.48,False,False,False
xgb_depth,depth 3,naics_2,42,immigrant,hicov,-0.0841158158495027,-0.0150599479675292,-0.0694819688796997,-0.0143308043479919,-0.070211112499237,4233,23856,,63,0.5,False,False,False
xgb_depth,depth 3,naics_2,44,sex_female,pincp,-0.2550986073685983,-0.0119726666118751,-0.2430324464961764,-0.0302736291860199,-0.2247314839220315,20205,31547,,63,0.78,False,False,False
xgb_depth,depth 3,naics_2,44,sex_female,hicov,0.0142697382890135,-0.0128204822540283,0.0271267294883728,-0.018212080001831,0.0325183272361755,20205,31547,,63,0.81,False,False,False
xgb_depth,depth 3,naics_2,44,race_bw,pincp,-0.2186854256968153,-0.0682474169020856,-0.1504172939803272,-0.0780661327581562,-0.1405985781242567,3611,41916,,62,0.69,False,False,False
xgb_depth,depth 3,naics_2,44,race_bw,hicov,-0.024340170628871,-0.0256785154342651,0.00093275308609,-0.0333607196807861,0.008614957332611,3611,41916,,62,0.72,False,False,False
xgb_depth,depth 3,naics_2,44,immigrant,pincp,-0.0966553104581713,-0.0051125793889532,-0.0913167739642055,0.0241072431341216,-0.1205365964872804,7415,44337,,63,0.75,True,False,True
xgb_depth,depth 3,naics_2,44,immigrant,hicov,-0.0947676648892088,-0.0023942589759826,-0.0923935770988464,-0.0095731616020202,-0.0852146744728088,7415,44337,,63,0.88,False,False,False
xgb_depth,depth 3,naics_2,45,sex_female,pincp,-0.2531629334193876,-0.0529926091226133,-0.2001386408727032,-0.0719817182979678,-0.1811495316973488,10711,10829,,62,0.33,False,False,False
xgb_depth,depth 3,naics_2,45,sex_female,hicov,0.0121573416968319,-0.0079975128173828,0.0199784040451049,-0.0096071362495422,0.0215880274772644,10711,10829,,62,0.4,False,False,False
xgb_depth,depth 3,naics_2,45,race_bw,pincp,-0.2128505955917941,-0.127495452270109,-0.0849376949043652,-0.1179518238535166,-0.0944813233209576,2034,17052,,61,0.32,False,False,False
xgb_depth,depth 3,naics_2,45,race_bw,hicov,-0.0231571725424988,-0.013009488582611,-0.0100648999214172,-0.0219355225563049,-0.0011388659477233,2034,17052,,61,0.31,False,False,False
xgb_depth,depth 3,naics_2,45,immigrant,hicov,-0.0419185400901597,0.0174103379249572,-0.0595435500144958,-0.0009778141975402,-0.0411553978919982,2784,18756,,62,0.43,True,False,True
xgb_depth,depth 3,naics_2,48,sex_female,pincp,-0.2127626281945005,0.0533217713735538,-0.2668519515232113,0.0345526289863808,-0.2480828091360383,5254,23016,,60,0.38,False,False,False
xgb_depth,depth 3,naics_2,48,sex_female,hicov,0.030014488853288,-0.004442811012268,0.0343005657196044,-0.0024188756942749,0.0322766304016113,5254,23016,,60,0.47,False,False,False
xgb_depth,depth 3,naics_2,48,race_bw,pincp,-0.1975090218168489,-0.0481930424024401,-0.149234348542846,-0.0923922062624011,-0.1050351846828849,3689,21206,,59,0.39,False,False,False
xgb_depth,depth 3,naics_2,48,immigrant,pincp,-0.1939386161273937,-0.0602372507133992,-0.1340177797291382,-0.0452721281798371,-0.1489829022627002,4910,23360,,60,0.45,False,False,False
xgb_depth,depth 3,naics_2,48,immigrant,hicov,-0.0972118858633485,-0.0068138241767883,-0.0906304121017456,-0.0144641399383544,-0.0829800963401794,4910,23360,,60,0.43,False,False,False
xgb_depth,depth 3,naics_2,49,sex_female,pincp,-0.1236841711204963,-0.0077856270414145,-0.11524927509058,-0.0261635814415672,-0.0968713206904272,3808,8351,,58,0.22,False,False,False
xgb_depth,depth 3,naics_2,49,sex_female,hicov,0.014366675001937,-0.008828580379486,0.0230230689048767,-0.0111318230628967,0.0253263115882873,3808,8351,,58,0.23,False,False,False
xgb_depth,depth 3,naics_2,49,race_bw,pincp,-0.1645443679865152,-0.0467111350690423,-0.1175968641713023,-0.0309785144718794,-0.1333294847684651,1973,8563,,57,0.16,False,False,False
xgb_depth,depth 3,naics_2,49,race_bw,hicov,-0.0164980358748274,-0.0181875228881835,0.0014518499374389,-0.021970510482788,0.0052348375320434,1973,8563,,57,0.23,False,False,False
xgb_depth,depth 3,naics_2,49,immigrant,pincp,-0.1716682747562909,0.0541786928527905,-0.2263520532807756,-0.0315206166084927,-0.1406527438194924,1836,10323,,58,0.2,True,False,True
xgb_depth,depth 3,naics_2,49,immigrant,hicov,-0.0865438493521985,-0.0075348019599914,-0.0789095759391784,-0.0092818737030029,-0.0771625041961669,1836,10323,,58,0.24,False,False,False
xgb_depth,depth 3,naics_2,4M,sex_female,pincp,-0.2786318676631705,-0.0415488911017885,-0.2385497814191577,-0.0422140268104573,-0.2378846457104888,998,1164,,58,0.09,False,False,False
xgb_depth,depth 3,naics_2,4M,sex_female,hicov,0.0100458649257277,-0.0166428089141845,0.0270994305610656,-0.0194116830825805,0.0298683047294616,998,1164,,58,0.07,False,False,False
xgb_depth,depth 3,naics_2,4M,race_bw,pincp,-0.1547939158197504,-0.0652301894415234,-0.0918162817188932,-0.0672863742281855,-0.0897600969322311,247,1637,,57,0.08,False,False,False
xgb_depth,depth 3,naics_2,4M,race_bw,hicov,-0.0309641167436235,-0.0250858068466186,-0.0076450109481811,-0.006065547466278,-0.0266652703285217,247,1637,,57,0.08,False,False,False
xgb_depth,depth 3,naics_2,4M,immigrant,pincp,-0.0850289573043419,-0.0714460912650896,-0.0140537731814376,-0.028851415729644,-0.0566484487168832,319,1843,,58,0.07,False,False,False
xgb_depth,depth 3,naics_2,4M,immigrant,hicov,-0.1349731339627873,-0.0575917959213256,-0.076244056224823,0.0026797652244567,-0.1365156173706054,319,1843,,58,0.07,True,False,True
xgb_depth,depth 3,naics_2,51,sex_female,pincp,-0.2458908158496964,-0.0482824807703465,-0.1968761607675837,-0.0569861463498,-0.1881724951881302,7812,12919,,61,0.38,False,False,False
xgb_depth,depth 3,naics_2,51,race_bw,pincp,-0.2798974797226563,-0.1184171717249018,-0.1619740604566857,-0.1095394152185669,-0.1708518169630206,1646,16501,,60,0.28,False,False,False
xgb_depth,depth 3,naics_2,51,race_bw,hicov,-0.0161092265625787,-0.0097982883453369,-0.006388247013092,-0.0135989189147949,-0.002587616443634,1646,16501,,60,0.34,False,False,False
xgb_depth,depth 3,naics_2,51,immigrant,pincp,0.2096812989028595,0.1749793663746253,0.0333336913221806,0.1642552126701169,0.044057845026689,2744,17987,,61,0.33,False,False,False
xgb_depth,depth 3,naics_2,51,immigrant,hicov,-0.0121845369047713,0.0140223503112792,-0.0261688232421875,0.0034467577934265,-0.0155932307243347,2744,17987,,61,0.37,False,False,False
xgb_depth,depth 3,naics_2,52,sex_female,pincp,-0.5682567617236298,-0.1916981514681204,-0.3763013438688141,-0.2373555726922784,-0.330643922644656,29688,23262,,59,0.77,False,False,False
xgb_depth,depth 3,naics_2,52,race_bw,pincp,-0.3600897281008794,-0.107258231427437,-0.2527954825776817,-0.1403244694528442,-0.2197292445522745,4183,42821,,58,0.7,False,False,False
xgb_depth,depth 3,naics_2,52,race_bw,hicov,-0.0146198216133505,-0.0115293860435485,-0.0031477212905883,-0.0110539197921752,-0.0036231875419616,4183,42821,,58,0.75,False,False,False
xgb_depth,depth 3,naics_2,52,immigrant,pincp,0.1287285211694104,0.1351051842988173,-0.0066947028418553,0.1302179008591419,-0.0018074194021799,6431,46519,,59,0.81,False,False,False
xgb_depth,depth 3,naics_2,52,immigrant,hicov,-0.0137136395587099,0.0057980418205261,-0.0197400450706481,-0.0004891157150268,-0.0134528875350952,6431,46519,,59,0.81,True,False,True
xgb_depth,depth 3,naics_2,53,sex_female,pincp,-0.2036857199439445,-0.0102800169472807,-0.1935458963459897,-0.0314293823100957,-0.1723965309831747,7356,9663,,59,0.28,False,False,False
xgb_depth,depth 3,naics_2,53,sex_female,hicov,0.0165280811639358,-0.0083454847335815,0.0246039032936096,-0.0080386996269226,0.0242971181869506,7356,9663,,59,0.32,False,False,False
xgb_depth,depth 3,naics_2,53,race_bw,pincp,-0.3652212311652238,-0.0769403118128213,-0.2880533009380155,-0.1143284510677453,-0.2506651616830915,1331,13771,,58,0.25,False,False,False
xgb_depth,depth 3,naics_2,53,race_bw,hicov,-0.0225434267429333,-0.0199953317642211,-0.0021647810935974,-0.0311006903648376,0.008940577507019,1331,13771,,58,0.29,False,True,True
xgb_depth,depth 3,naics_2,53,immigrant,pincp,-0.1641376601354451,-0.0418853511347432,-0.1220731685915108,-0.0132989839750639,-0.1506595357511901,2515,14504,,59,0.3,False,False,False
xgb_depth,depth 3,naics_2,53,immigrant,hicov,-0.0606958360153475,-0.0105141401290893,-0.0503590703010559,-0.012121558189392,-0.0487516522407531,2515,14504,,59,0.31,False,False,False
xgb_depth,depth 3,naics_2,54,sex_female,pincp,-0.3899332779490621,-0.0988319135817494,-0.2912881421329079,-0.1152314676436319,-0.2748885880710254,29018,43958,,60,1.17,False,False,False
xgb_depth,depth 3,naics_2,54,race_bw,pincp,-0.2660095394753377,-0.0901335232757336,-0.1765375558994808,-0.1113803866497562,-0.1552906925254582,3444,58849,,59,0.96,False,False,False
xgb_depth,depth 3,naics_2,54,race_bw,hicov,-0.0171459558824037,-0.0126399993896484,-0.0047211647033691,-0.0151698589324951,-0.0021913051605224,3444,58849,,59,1.06,False,False,False
xgb_depth,depth 3,naics_2,54,immigrant,pincp,0.0722182219525429,0.0822508869460261,-0.0105356450586882,0.095913486284985,-0.0241982443976471,12006,60970,,60,1.16,False,False,False
xgb_depth,depth 3,naics_2,54,immigrant,hicov,-0.0108513372202423,0.0144222974777221,-0.0252929925918579,0.0023931860923767,-0.0132638812065124,12006,60970,,60,1.31,False,False,False
xgb_depth,depth 3,naics_2,55,sex_female,pincp,-0.4191651337373567,-0.1461821911366492,-0.2736582792221327,-0.1801084173522742,-0.2397320530065076,689,659,,57,0.08,False,False,False
xgb_depth,depth 3,naics_2,55,race_bw,pincp,-0.3917590799586321,-0.0733778330132786,-0.3159097069544145,-0.0902339762675996,-0.2990535637000935,77,1128,,55,0.07,False,False,False
xgb_depth,depth 3,naics_2,55,race_bw,hicov,-0.0421962788984066,-0.0046577453613281,-0.0391750335693359,0.0003302097320556,-0.0441629886627197,77,1128,,55,0.07,True,False,True
xgb_depth,depth 3,naics_2,55,immigrant,pincp,0.0803654727443223,-0.0485745701553774,0.1320346462956418,0.0391499493741829,0.0443101267660814,155,1193,,57,0.07,True,False,True
xgb_depth,depth 3,naics_2,55,immigrant,hicov,-0.0132331071032636,-0.0058892369270324,-0.0078775882720947,0.0014981627464294,-0.0152649879455566,155,1193,,57,0.09,True,False,True
xgb_depth,depth 3,naics_2,56,sex_female,pincp,-0.1285776356521673,0.0121696670723352,-0.1413061893888407,0.0314370417090863,-0.1605735640255918,10600,18487,,60,0.49,False,False,False
xgb_depth,depth 3,naics_2,56,sex_female,hicov,0.0499776232355015,-0.0113527774810791,0.061647355556488,0.0033786296844482,0.0469159483909606,10600,18487,,60,0.56,True,False,True
xgb_depth,depth 3,naics_2,56,race_bw,pincp,-0.2488064758317332,-0.0980827579951064,-0.1504061758449566,-0.067604538451734,-0.180884395388329,3326,21705,,59,0.38,False,False,False
xgb_depth,depth 3,naics_2,56,immigrant,pincp,-0.2986422731817857,-0.1068521384234237,-0.1926046789314295,-0.0671030554985332,-0.23235376185632,6273,22814,,60,0.49,False,False,False
xgb_depth,depth 3,naics_2,56,immigrant,hicov,-0.2022246359923054,-0.0615512132644653,-0.1401335597038269,-0.0278786420822143,-0.1738061308860778,6273,22814,,60,0.54,False,False,False
xgb_depth,depth 3,naics_2,61,sex_female,pincp,-0.1983244288407366,0.0056266331212455,-0.2039191381023375,-0.0049053435088186,-0.1933871614722733,51590,26189,,58,1.18,True,False,True
xgb_depth,depth 3,naics_2,61,race_bw,pincp,-0.1508946986242261,-0.1372385126189037,-0.0131108151615499,-0.0997545498161507,-0.050594777964303,6910,63986,,57,1.04,False,False,False
xgb_depth,depth 3,naics_2,61,race_bw,hicov,-0.0203297546591573,-0.0121302008628845,-0.0083475112915039,-0.0095804333686828,-0.0108972787857055,6910,63986,,57,1.06,False,False,False
xgb_depth,depth 3,naics_2,61,immigrant,pincp,0.0230344050453688,-0.0004490322991212,0.0235720183243,0.0442853516512204,-0.0211623656260417,7723,70056,,58,1.12,True,True,True
xgb_depth,depth 3,naics_2,61,immigrant,hicov,-0.0171289375706109,-0.0022221207618713,-0.0149142146110534,-0.0056055784225463,-0.0115307569503784,7723,70056,,58,1.14,False,False,False
xgb_depth,depth 3,naics_2,62,sex_female,pincp,-0.4450495891308605,-0.1561438497221505,-0.2891495539708835,-0.2270733717575126,-0.2182200319355214,90900,29476,,63,1.94,False,False,False
xgb_depth,depth 3,naics_2,62,race_bw,pincp,-0.2858392759919255,-0.149135198010633,-0.1366972463797005,-0.1671408822373887,-0.1186915621529447,15995,88854,,62,1.6,False,False,False
xgb_depth,depth 3,naics_2,62,race_bw,hicov,-0.0306129939527366,-0.0218649506568908,-0.0086849331855773,-0.0255354642868042,-0.005014419555664,15995,88854,,62,1.64,False,False,False
xgb_depth,depth 3,naics_2,62,immigrant,pincp,0.0804698453341785,0.0888800648342265,-0.0086732415983554,0.0993153973126883,-0.0191085740768173,18087,102289,,63,1.79,False,False,False
xgb_depth,depth 3,naics_2,62,immigrant,hicov,-0.0239578263965215,0.0073736906051635,-0.0311685800552368,-0.0029568076133728,-0.0208380818367004,18087,102289,,63,1.98,True,False,True
xgb_depth,depth 3,naics_2,71,sex_female,pincp,-0.1733340935291938,0.0155510714950573,-0.1899330513076016,0.0038616830881412,-0.1782436629006856,5061,7575,,58,0.22,False,False,False
xgb_depth,depth 3,naics_2,71,sex_female,hicov,0.0250071503890163,-0.0062184929847717,0.0310031175613403,-0.0083304047584533,0.0331150293350219,5061,7575,,58,0.21,False,False,False
xgb_depth,depth 3,naics_2,71,race_bw,pincp,-0.2370457839897763,-0.1021479065854773,-0.1351637934923708,-0.0819354036797808,-0.1553762963980673,968,9874,,57,0.21,False,False,False
xgb_depth,depth 3,naics_2,71,race_bw,hicov,-0.0175847915135668,-0.0172149538993835,-0.000192642211914,-0.0285087823867797,0.0111011862754821,968,9874,,57,0.19,False,True,True
xgb_depth,depth 3,naics_2,71,immigrant,pincp,-0.1232696507497195,-0.0704931245018798,-0.0539348681608338,-0.0314686040897012,-0.0929593885730124,1670,10966,,58,0.22,False,False,False
xgb_depth,depth 3,naics_2,71,immigrant,hicov,-0.0551456270388277,-0.0030124187469482,-0.0527659058570861,-0.0091531872749328,-0.0466251373291015,1670,10966,,58,0.27,False,False,False
xgb_depth,depth 3,naics_2,72,sex_female,pincp,-0.1840137958124632,-0.0064036827746853,-0.1776482279177411,-0.0058527840955644,-0.1781991265968621,14143,17193,,58,0.46,False,False,False
xgb_depth,depth 3,naics_2,72,sex_female,hicov,0.0401588951506078,-0.0188850760459899,0.0588323473930358,-0.0216423869132995,0.0615896582603454,14143,17193,,58,0.53,False,False,False
xgb_depth,depth 3,naics_2,72,race_bw,pincp,-0.1928744781570586,-0.0931214771113708,-0.0992518633840191,-0.0598431832344044,-0.1325301572609856,3165,21329,,57,0.42,False,False,False
xgb_depth,depth 3,naics_2,72,immigrant,pincp,-0.1366419172241944,-0.0439198402305613,-0.0924810672139102,-0.0016226165127708,-0.1347782909317008,9698,21638,,58,0.5,False,False,False
xgb_depth,depth 3,naics_2,72,immigrant,hicov,-0.1423507249558727,0.0127438306808471,-0.1547041535377502,-0.0036598443984985,-0.1383004784584045,9698,21638,,58,0.52,True,False,True
xgb_depth,depth 3,naics_2,81,sex_female,pincp,-0.1944377061191335,0.0060220571273923,-0.2002207000800133,-0.0441714531248162,-0.1500271898278047,14329,19378,,63,0.56,True,False,True
xgb_depth,depth 3,naics_2,81,sex_female,hicov,0.0280356788926456,-0.0136539936065673,0.0417090058326721,-0.0092068314552307,0.0372618436813354,14329,19378,,63,0.57,False,False,False
xgb_depth,depth 3,naics_2,81,race_bw,pincp,-0.1435280769370042,-0.0356738882467073,-0.1075299851360682,-0.0512182781375365,-0.091985595245239,2516,26304,,62,0.47,False,False,False
xgb_depth,depth 3,naics_2,81,race_bw,hicov,-0.0255562091180918,-0.0254338383674621,-0.0010502338409423,-0.0252741575241088,-0.0012099146842956,2516,26304,,62,0.51,False,False,False
xgb_depth,depth 3,naics_2,81,immigrant,pincp,-0.2852187258098499,-0.1723406593468013,-0.1129711481052702,-0.097250448609568,-0.1880613588425035,6640,27067,,63,0.54,False,False,False
xgb_depth,depth 3,naics_2,81,immigrant,hicov,-0.1334575936286618,-0.0427220463752746,-0.0910549759864807,-0.0398227572441101,-0.0939542651176452,6640,27067,,63,0.6,False,False,False
xgb_depth,depth 3,naics_2,92,sex_female,pincp,-0.2414473940877997,-0.0097957256570548,-0.2314634836809563,-0.0428010766575184,-0.1984581326804928,24767,31895,,60,0.84,False,False,False
xgb_depth,depth 3,naics_2,92,race_bw,pincp,-0.1055206267652781,-0.0381501208832251,-0.0672726273968429,-0.0345703757299826,-0.0708523725500853,7382,43626,,59,0.76,False,False,False
xgb_depth,depth 3,naics_2,92,immigrant,pincp,0.0476044115195559,0.0736852648694146,-0.0260048467903075,0.0934446297106816,-0.0457642116315746,4213,52449,,60,0.82,False,False,False
xgb_depth,depth 3,naics_2,92,immigrant,hicov,-0.0141703918388736,0.0029206871986389,-0.0170238614082336,-0.0035399198532104,-0.0105632543563842,4213,52449,,60,0.92,True,False,True
xgb_depth,depth 3,st,1,sex_female,pincp,-0.3155570239461358,-0.0053593318673321,-0.3099917945271855,-0.031312336932574,-0.2840387894619436,5293,6854,,92,0.3,False,False,False
xgb_depth,depth 3,st,1,sex_female,hicov,0.0219823617596253,-0.0067867040634155,0.028848648071289,-0.0032616853713989,0.0253236293792724,5293,6854,,92,0.31,False,False,False
xgb_depth,depth 3,st,1,race_bw,pincp,-0.2829898213061934,-0.1297663251658303,-0.1532640146394062,-0.1489257061476152,-0.1341046336576212,2338,9360,,91,0.31,False,False,False
xgb_depth,depth 3,st,1,race_bw,hicov,-0.0326582183618111,-0.0221248269081115,-0.0112378597259521,-0.0202792882919311,-0.0130833983421325,2338,9360,,91,0.34,False,False,False
xgb_depth,depth 3,st,1,immigrant,pincp,-0.1040623337069952,0.0083207853884115,-0.1151716554870905,-0.0092542463710589,-0.09759662372762,463,11684,,92,0.33,True,False,True
xgb_depth,depth 3,st,1,immigrant,hicov,-0.1947371495456673,-0.0553832650184631,-0.1391491293907165,-0.0461625456809997,-0.1483698487281799,463,11684,,92,0.34,False,False,False
xgb_depth,depth 3,st,10,sex_female,pincp,-0.238525886733278,-0.0029154871690106,-0.2341072925493375,-0.0139481209013343,-0.2230746588170138,1208,1387,,88,0.14,False,False,False
xgb_depth,depth 3,st,10,sex_female,hicov,0.0189848259858572,-0.0075530409812927,0.0269936323165893,0.0039809942245483,0.0154595971107482,1208,1387,,88,0.16,True,False,True
xgb_depth,depth 3,st,10,race_bw,pincp,-0.2644125923167308,-0.1238769134745094,-0.1403370029111457,-0.1045028375736922,-0.1597110788119629,431,1975,,87,0.14,False,False,False
xgb_depth,depth 3,st,10,immigrant,hicov,-0.0564823062596161,-0.0305802822113037,-0.0262614488601684,-0.0115832090377807,-0.0452585220336914,265,2330,,88,0.13,False,False,False
xgb_depth,depth 3,st,11,sex_female,pincp,-0.1948040157321529,-0.0427568157320745,-0.152983563585165,-0.056116713782556,-0.1396236655346836,1214,1142,,68,0.11,False,False,False
xgb_depth,depth 3,st,11,sex_female,hicov,0.011598484695482,0.001055359840393,0.0108048319816589,-0.0052980184555053,0.0171582102775573,1214,1142,,68,0.11,True,False,True
xgb_depth,depth 3,st,11,race_bw,pincp,-0.5086204482738559,-0.2996879293530607,-0.2069989071733022,-0.2360523413170536,-0.2706344952093094,642,1452,,66,0.09,False,False,False
xgb_depth,depth 3,st,11,race_bw,hicov,-0.0301678638552045,-0.0269592404365539,-0.002810776233673,-0.0481913685798645,0.0184213519096374,642,1452,,66,0.09,False,True,True
xgb_depth,depth 3,st,11,immigrant,pincp,-0.2091959258885509,-0.0927790165657622,-0.1165736104927805,-0.0308912353439883,-0.1784613917145545,316,2040,,68,0.1,False,False,False
xgb_depth,depth 3,st,11,immigrant,hicov,-0.0466244725738396,-0.0208258032798767,-0.0249788165092468,-0.012440025806427,-0.0333645939826965,316,2040,,68,0.1,False,False,False
xgb_depth,depth 3,st,12,sex_female,pincp,-0.2269673235044482,0.0008888383652152,-0.2282322106272936,-0.0028963063722304,-0.2244470658898478,22979,28252,,92,1.1,True,False,True
xgb_depth,depth 3,st,12,sex_female,hicov,0.0420541175561455,0.002817153930664,0.0393515229225158,0.0073906779289245,0.0347779989242553,22979,28252,,92,1.16,False,False,False
xgb_depth,depth 3,st,12,race_bw,pincp,-0.3145444600706568,-0.0952223789252517,-0.2193161764231206,-0.140338253484078,-0.1742003018642943,6198,41213,,91,1.05,False,False,False
xgb_depth,depth 3,st,12,race_bw,hicov,-0.0109811503741802,-0.024785578250885,0.0139127373695373,-0.0307204127311706,0.0198475718498229,6198,41213,,91,1.07,False,False,False
xgb_depth,depth 3,st,12,immigrant,pincp,-0.1923596680389216,-0.051054909350249,-0.1412550255906399,-0.0492112854352466,-0.1430986495056423,12037,39194,,92,0.98,False,False,False
xgb_depth,depth 3,st,12,immigrant,hicov,-0.0894439992516992,-0.0387097001075744,-0.050783634185791,-0.0263109803199768,-0.0631823539733886,12037,39194,,92,1.12,False,False,False
xgb_depth,depth 3,st,13,sex_female,pincp,-0.2577587064321296,-0.0120582708802601,-0.2460794961409504,-0.0195275376662085,-0.2386102293550021,11957,14978,,92,0.58,False,False,False
xgb_depth,depth 3,st,13,sex_female,hicov,0.040407528990723,0.0035275816917419,0.0368845462799072,0.0121725797653198,0.0282395482063293,11957,14978,,92,0.61,False,False,False
xgb_depth,depth 3,st,13,race_bw,pincp,-0.3001484008017652,-0.1115067131841502,-0.1892244317079896,-0.1319287612775763,-0.1688023836145635,6248,18543,,91,0.62,False,False,False
xgb_depth,depth 3,st,13,immigrant,pincp,-0.1374467447126672,-0.0308001590975059,-0.1064534778287065,0.0081642098175489,-0.1454178467437614,3334,23601,,92,0.62,True,False,True
xgb_depth,depth 3,st,13,immigrant,hicov,-0.1524436310144861,-0.0711667537689209,-0.0809589028358459,-0.0428313016891479,-0.1092943549156189,3334,23601,,92,0.68,False,False,False
xgb_depth,depth 3,st,15,sex_female,pincp,-0.2082250775045029,-0.0022489801916929,-0.2063448534308616,0.0013096671634578,-0.2099035007860124,1861,2153,,87,0.14,True,False,True
xgb_depth,depth 3,st,15,immigrant,pincp,-0.225475829419004,-0.1479572124775625,-0.0767722574949179,-0.0775869714998638,-0.1471424984726166,811,3203,,87,0.14,False,False,False
xgb_depth,depth 3,st,15,immigrant,hicov,-0.0161839644014377,0.0078259706497192,-0.0244116187095642,-0.0015645027160644,-0.0150211453437805,811,3203,,87,0.17,True,False,True
xgb_depth,depth 3,st,16,sex_female,pincp,-0.2783884125134932,-0.0253817591363603,-0.2526306297185758,-0.0353463135898994,-0.2426660752650367,1482,2423,,92,0.15,False,False,False
xgb_depth,depth 3,st,16,sex_female,hicov,0.0278599766185838,-0.0130651593208312,0.0417473912239074,0.0073415040969848,0.0213407278060913,1482,2423,,92,0.16,True,False,True
xgb_depth,depth 3,st,16,immigrant,pincp,-0.2328317625872049,-0.1740559492529527,-0.0585418055769171,-0.0848370068496819,-0.1477607479801879,270,3635,,92,0.16,False,False,False
xgb_depth,depth 3,st,16,immigrant,hicov,-0.215308981608844,-0.0682006478309631,-0.1478028297424316,-0.0319301486015319,-0.1840733289718628,270,3635,,92,0.15,False,False,False
xgb_depth,depth 3,st,17,sex_female,pincp,-0.2669812951341086,-0.0041063314882823,-0.2628904094824555,-0.0186224315781,-0.2483743093926378,16072,20780,,92,0.76,False,False,False
xgb_depth,depth 3,st,17,sex_female,hicov,0.0219421649736915,-0.0034456849098205,0.0253282189369201,0.0005492568016052,0.0213332772254943,16072,20780,,92,0.81,True,False,True
xgb_depth,depth 3,st,17,race_bw,pincp,-0.2526898601930849,-0.1178060792931123,-0.1335489607847826,-0.1444927210215709,-0.106862319056324,2889,29991,,91,0.79,False,False,False
xgb_depth,depth 3,st,17,race_bw,hicov,-0.0106118370644456,-0.010825753211975,0.000233769416809,-0.0111744999885559,0.0005825161933898,2889,29991,,91,0.78,False,False,False
xgb_depth,depth 3,st,17,immigrant,pincp,-0.1559313710074974,-0.0733598597186357,-0.0819301962682352,-0.035645572398705,-0.119644483588166,5317,31535,,92,0.74,False,False,False
xgb_depth,depth 3,st,17,immigrant,hicov,-0.1098830842516885,-0.042211890220642,-0.0676194429397583,-0.015489637851715,-0.0943416953086853,5317,31535,,92,0.84,False,False,False
xgb_depth,depth 3,st,18,sex_female,pincp,-0.2787570892304138,-0.0025240458252095,-0.2765717785965904,-0.0194374677327946,-0.2596583566890054,7777,10797,,92,0.43,False,False,False
xgb_depth,depth 3,st,18,sex_female,hicov,0.0213776825624451,-0.0090994834899902,0.0305563807487487,-0.0076995491981506,0.0291564464569091,7777,10797,,92,0.46,False,False,False
xgb_depth,depth 3,st,18,race_bw,pincp,-0.2081506916689495,-0.0822162117843117,-0.1259291213080544,-0.1292220545963207,-0.0789232784960454,952,16842,,91,0.41,False,False,False
xgb_depth,depth 3,st,18,race_bw,hicov,-0.025681594333494,-0.0224228501319885,-0.0031524300575256,-0.0245739817619323,-0.0010012984275817,952,16842,,91,0.45,False,False,False
xgb_depth,depth 3,st,18,immigrant,pincp,-0.060845232325688,0.006445292512291,-0.0680629619919592,0.0188721742737154,-0.0804898437533836,902,17672,,92,0.38,False,False,False
xgb_depth,depth 3,st,18,immigrant,hicov,-0.1234229753507872,-0.0409551262855529,-0.0819856524467468,-0.0180885791778564,-0.1048521995544433,902,17672,,92,0.47,False,False,False
xgb_depth,depth 3,st,19,sex_female,pincp,-0.2736595145704044,0.0167815815481802,-0.2898376623906245,-3.134928471659748e-05,-0.2730247315577276,4140,5444,,91,0.25,True,False,True
xgb_depth,depth 3,st,19,sex_female,hicov,0.016002371089743,-0.0038982629776,0.0200538039207458,0.0021410584449768,0.0140144824981689,4140,5444,,91,0.3,True,False,True
xgb_depth,depth 3,st,19,race_bw,pincp,-0.2441526930721842,0.0016823152637108,-0.2462969323096544,-0.0612973982310585,-0.183317218814885,111,9195,,90,0.22,True,False,True
xgb_depth,depth 3,st,19,race_bw,hicov,-0.0368531663800831,-0.0050949454307556,-0.0316345691680908,-0.0315151214599609,-0.0052143931388854,111,9195,,90,0.23,False,False,False
xgb_depth,depth 3,st,19,immigrant,pincp,-0.1788544134249967,-0.0493689079268051,-0.1307532091946228,-0.0202650406972626,-0.1598570764241653,337,9247,,91,0.24,False,False,False
xgb_depth,depth 3,st,19,immigrant,hicov,-0.0907459280241341,-0.0244024991989135,-0.066063642501831,-0.0082870125770568,-0.0821791291236877,337,9247,,91,0.28,False,False,False
xgb_depth,depth 3,st,2,sex_female,pincp,-0.2467624061895748,0.0080690042971411,-0.2568131648748117,-0.0321209311395751,-0.2166232294380954,633,751,,78,0.09,True,False,True
xgb_depth,depth 3,st,2,sex_female,hicov,0.0164330655492518,-0.023764431476593,0.0399401187896728,0.0107929706573486,0.0053827166557312,633,751,,78,0.09,True,False,True
xgb_depth,depth 3,st,2,immigrant,pincp,-0.4029133360731656,-0.2550362008208129,-0.1455460030998114,-0.1032901925490676,-0.2972920113715567,138,1246,,78,0.08,False,False,False
xgb_depth,depth 3,st,2,immigrant,hicov,-0.0519691999906948,-0.0694836378097534,0.0152186751365661,-0.0785150527954101,0.0242500901222229,138,1246,,78,0.09,False,False,False
xgb_depth,depth 3,st,20,sex_female,pincp,-0.2804944645361651,0.0108569803594331,-0.2909992903427092,0.0096600065971284,-0.2898023165804044,3580,4753,,92,0.21,False,False,False
xgb_depth,depth 3,st,20,sex_female,hicov,0.0284919139573125,-0.008317232131958,0.036858320236206,0.0069829225540161,0.0215581655502319,3580,4753,,92,0.24,True,False,True
xgb_depth,depth 3,st,20,race_bw,pincp,-0.1729027852800619,-0.1069204585671776,-0.0655312161200605,-0.1191518519813819,-0.0532998227058563,235,7590,,91,0.22,False,False,False
xgb_depth,depth 3,st,20,race_bw,hicov,-0.0705323353796988,-0.0038996934890747,-0.0671359896659851,-0.0146617889404296,-0.0563738942146301,235,7590,,91,0.22,False,False,False
xgb_depth,depth 3,st,20,immigrant,pincp,-0.1613405753191603,-0.0917968388910441,-0.0700269637537651,-0.0516706541446279,-0.1101531485001814,556,7777,,92,0.26,False,False,False
xgb_depth,depth 3,st,20,immigrant,hicov,-0.1200773725882351,-0.039263367652893,-0.0813263654708862,-0.0349512696266174,-0.0856384634971618,556,7777,,92,0.25,False,False,False
xgb_depth,depth 3,st,21,sex_female,pincp,-0.2734483949034647,0.0080923254903009,-0.2807699600589224,-0.0105919421363473,-0.2620856924322741,5168,6566,,92,0.25,True,False,True
xgb_depth,depth 3,st,21,sex_female,hicov,0.018908447118046,-0.0038120746612548,0.0224907994270324,0.0009479522705078,0.0177307724952697,5168,6566,,92,0.28,True,False,True
xgb_depth,depth 3,st,21,race_bw,pincp,-0.2685678308058072,-0.1488023348310747,-0.1193383569978525,-0.1394853186079085,-0.1286553732210187,647,10738,,91,0.31,False,False,False
xgb_depth,depth 3,st,21,immigrant,pincp,-0.0714570630700475,0.0073406145266901,-0.0785306806696954,0.0306991669639717,-0.1018892331069771,445,11289,,92,0.31,False,False,False
xgb_depth,depth 3,st,21,immigrant,hicov,-0.129143712533131,-0.0428400039672851,-0.0867154598236084,-0.0123108029365539,-0.1172446608543396,445,11289,,92,0.32,False,False,False
xgb_depth,depth 3,st,22,sex_female,pincp,-0.3786737215261695,-0.0202931326082005,-0.3577011804655878,-0.0734392619612123,-0.3045550511125761,5065,5961,,92,0.29,False,False,False
xgb_depth,depth 3,st,22,sex_female,hicov,0.0238484999485798,-0.008557379245758,0.0325624942779541,-0.0018880367279052,0.0258931517601013,5065,5961,,92,0.29,False,False,False
xgb_depth,depth 3,st,22,race_bw,pincp,-0.3835029925119162,-0.1734683151829763,-0.2093613514304912,-0.1794328136065761,-0.2033968530068914,2477,8026,,91,0.28,False,False,False
xgb_depth,depth 3,st,22,race_bw,hicov,-0.0291611306451448,-0.0316134691238403,0.0022774934768676,-0.0327159166336059,0.0033799409866333,2477,8026,,91,0.3,False,False,False
xgb_depth,depth 3,st,22,immigrant,pincp,-0.1219676130832372,-0.0142797811966772,-0.1070041313015508,0.008194289927232,-0.1294782024254601,503,10523,,92,0.27,True,False,True
xgb_depth,depth 3,st,22,immigrant,hicov,-0.1681665211619194,-0.0920700430870056,-0.075366735458374,-0.0502602458000183,-0.1171765327453613,503,10523,,92,0.31,False,False,False
xgb_depth,depth 3,st,23,sex_female,pincp,-0.1982523590833924,0.013148695249928,-0.2110651689538709,0.0101429538924673,-0.2080594275964102,1463,1847,,89,0.13,False,False,False
xgb_depth,depth 3,st,23,sex_female,hicov,0.0240196642613079,0.0049562454223632,0.0182604789733886,0.0085096955299377,0.0147070288658142,1463,1847,,89,0.13,False,False,False
xgb_depth,depth 3,st,23,immigrant,pincp,0.0177709688595015,-0.0513842440330396,0.0728979280220212,0.034846754614362,-0.0133330706253804,103,3207,,89,0.13,True,True,True
xgb_depth,depth 3,st,23,immigrant,hicov,0.0138198903490847,0.0057371258735656,0.0081282258033752,-0.0098181366920471,0.023683488368988,103,3207,,89,0.13,True,False,True
xgb_depth,depth 3,st,24,sex_female,pincp,-0.2118173487763961,-0.0123101857406329,-0.1997051282760189,-0.0310030511558867,-0.1810122628607651,8713,10246,,92,0.4,False,False,False
xgb_depth,depth 3,st,24,sex_female,hicov,0.0203715332981948,0.002536654472351,0.018017292022705,0.0088042616844177,0.0117496848106384,8713,10246,,92,0.47,False,False,False
xgb_depth,depth 3,st,24,race_bw,pincp,-0.2428766744788486,-0.0982272499096268,-0.1442511354112543,-0.135426530783878,-0.1070518545370031,4610,12209,,91,0.41,False,False,False
xgb_depth,depth 3,st,24,immigrant,pincp,-0.1556843245064207,-0.050513083883791,-0.1054379531956399,-0.0140896828926457,-0.1418613541867852,3231,15728,,92,0.42,False,False,False
xgb_depth,depth 3,st,24,immigrant,hicov,-0.0932339637659461,-0.0340978503227233,-0.0593024492263793,-0.0174152851104736,-0.0759850144386291,3231,15728,,92,0.48,False,False,False
xgb_depth,depth 3,st,25,sex_female,pincp,-0.2414467880874067,-0.0106282353881752,-0.2312659635684841,-0.0483109027636547,-0.1935832961930046,9062,11429,,92,0.49,False,False,False
xgb_depth,depth 3,st,25,race_bw,pincp,-0.3719536144677207,-0.1988900280559633,-0.1732725644078563,-0.2151160974197186,-0.157046495044101,1013,17304,,91,0.44,False,False,False
xgb_depth,depth 3,st,25,race_bw,hicov,-0.0269556902203851,-0.0166119933128356,-0.0109490156173706,-0.0162947177886962,-0.01126629114151,1013,17304,,91,0.45,False,False,False
xgb_depth,depth 3,st,25,immigrant,pincp,-0.144618220171349,-0.0749704556218908,-0.0694811407709892,-0.0630570459566186,-0.0813945504362614,3687,16804,,92,0.43,False,False,False
xgb_depth,depth 3,st,25,immigrant,hicov,-0.0270225901629966,-0.0102166533470153,-0.0167452096939086,-0.0049210786819458,-0.0220407843589782,3687,16804,,92,0.5,False,False,False
xgb_depth,depth 3,st,26,sex_female,pincp,-0.2465199408203293,0.0005042620443465,-0.2469906352906399,-0.017926721725642,-0.2285596515206513,10790,14934,,92,0.54,True,False,True
xgb_depth,depth 3,st,26,sex_female,hicov,0.0190766589552573,-0.0038534998893737,0.0229668021202087,-0.0025779008865356,0.0216912031173706,10790,14934,,92,0.66,False,False,False
xgb_depth,depth 3,st,26,race_bw,pincp,-0.2167167997666084,-0.0855090312384785,-0.132080220728147,-0.1213846332482067,-0.0962046187184189,1695,22671,,91,0.55,False,False,False
xgb_depth,depth 3,st,26,race_bw,hicov,-0.0164316582371225,-0.0222363471984863,0.0060263276100158,-0.0185098052024841,0.0022997856140136,1695,22671,,91,0.61,False,False,False
xgb_depth,depth 3,st,26,immigrant,pincp,0.1165247861297427,0.1405775859237401,-0.0234328003050023,0.1494355998062051,-0.0322908141874673,1631,24093,,92,0.57,False,False,False
xgb_depth,depth 3,st,26,immigrant,hicov,-0.037296208848183,0.0235146284103393,-0.0611066818237304,0.0030973553657531,-0.0406894087791442,1631,24093,,92,0.61,False,False,False
xgb_depth,depth 3,st,27,sex_female,pincp,-0.2299372802298744,0.0075968537925952,-0.2374924737459185,0.0072368434882719,-0.2371324634415952,7010,9668,,92,0.48,False,False,False
xgb_depth,depth 3,st,27,sex_female,hicov,0.0175000900067696,0.0023272037506103,0.0153777599334716,0.0016558170318603,0.0160491466522216,7010,9668,,92,0.39,False,False,False
xgb_depth,depth 3,st,27,race_bw,pincp,-0.270576940371841,-0.2037793994511556,-0.0650242377878047,-0.0981083044104753,-0.170695332828485,307,15438,,91,0.38,False,False,False
xgb_depth,depth 3,st,27,race_bw,hicov,-0.0527840056242623,-0.0441436767578125,-0.0076452493667602,-0.0452445745468139,-0.0065443515777587,307,15438,,91,0.42,False,False,False
xgb_depth,depth 3,st,27,immigrant,pincp,-0.1305288529428647,-0.0334993806607517,-0.0962813663518833,-0.0151293930435052,-0.1146513539691298,860,15818,,92,0.38,False,False,False
xgb_depth,depth 3,st,27,immigrant,hicov,-0.073359904965494,-0.004203975200653,-0.0694562792778015,-0.022806167602539,-0.0508540868759155,860,15818,,92,0.39,False,False,False
xgb_depth,depth 3,st,28,sex_female,pincp,-0.3113407845668607,0.0023692717336718,-0.3133035557249837,-0.0336857143133375,-0.2772485696779743,3262,3776,,92,0.21,True,False,True
xgb_depth,depth 3,st,28,sex_female,hicov,0.0328985739745815,-0.0068113207817077,0.0399608016014099,0.0095051527023315,0.0236443281173706,3262,3776,,92,0.21,True,False,True
xgb_depth,depth 3,st,28,race_bw,pincp,-0.3900275817952199,-0.1082183933974398,-0.2824788213506917,-0.1402825202242965,-0.250414694523835,2102,4731,,91,0.19,False,False,False
xgb_depth,depth 3,st,28,race_bw,hicov,-0.0229107124074443,-0.0353624820709228,0.0118908882141113,-0.0367780923843383,0.0133064985275268,2102,4731,,91,0.24,False,False,False
xgb_depth,depth 3,st,28,immigrant,pincp,-0.1360479616076677,0.006099845382252,-0.1432536916500257,-0.0272737218174139,-0.1098801244503597,189,6849,,92,0.18,True,False,True
xgb_depth,depth 3,st,28,immigrant,hicov,-0.2099367999499405,-0.0969323515892028,-0.1124244332313537,-0.0492525696754455,-0.160104215145111,189,6849,,92,0.22,False,False,False
xgb_depth,depth 3,st,29,sex_female,pincp,-0.2751527362975938,-0.0038329425206633,-0.2710184030063658,-0.0063977295627939,-0.2684536159642352,7601,9533,,92,0.35,False,False,False
xgb_depth,depth 3,st,29,sex_female,hicov,0.0186387909644302,-0.0089879035949707,0.0272345542907714,0.00064617395401,0.0176004767417907,7601,9533,,92,0.45,True,False,True
xgb_depth,depth 3,st,29,race_bw,pincp,-0.1991943295278631,-0.0886826130402518,-0.1106313971591816,-0.1193417430485546,-0.0799722671508789,1153,15279,,91,0.4,False,False,False
xgb_depth,depth 3,st,29,immigrant,hicov,-0.0770542201244707,-0.0141394734382629,-0.0629084706306457,-0.0094758868217468,-0.0675720572471618,742,16392,,92,0.41,False,False,False
xgb_depth,depth 3,st,30,sex_female,pincp,-0.2897944617498904,0.0386982048848096,-0.3276798209628548,0.0048077344047339,-0.2937893504827791,1065,1480,,90,0.16,False,False,False
xgb_depth,depth 3,st,31,sex_female,pincp,-0.281439103191774,0.0146161424222501,-0.2962516508348418,-0.0025696951296882,-0.2790658132829033,2516,3334,,92,0.16,True,False,True
xgb_depth,depth 3,st,31,race_bw,pincp,-0.2017146058405448,-0.0795421140896799,-0.120241648630726,-0.1128807997071987,-0.0869029630132072,119,5464,,91,0.17,False,False,False
xgb_depth,depth 3,st,31,race_bw,hicov,-0.0631236389138377,-0.0311477184295654,-0.0295495986938476,-0.0335456132888793,-0.0271517038345336,119,5464,,91,0.17,False,False,False
xgb_depth,depth 3,st,31,immigrant,pincp,-0.3089004265200987,-0.1016098619845689,-0.2083302967762943,-0.1030404517889227,-0.2068997069719405,283,5567,,92,0.18,False,False,False
xgb_depth,depth 3,st,31,immigrant,hicov,-0.1141031101372868,-0.0313402414321899,-0.0844845175743103,-0.0374206900596618,-0.0784040689468383,283,5567,,92,0.19,False,False,False
xgb_depth,depth 3,st,32,sex_female,pincp,-0.2243091869334676,0.0196042258880062,-0.2434345177644807,0.0063733905552449,-0.2302036824317195,3203,4225,,91,0.21,False,False,False
xgb_depth,depth 3,st,32,sex_female,hicov,0.043865754553331,-0.0044429898262023,0.0482086539268493,0.007794439792633,0.0359712243080139,3203,4225,,91,0.23,True,False,True
xgb_depth,depth 3,st,32,race_bw,pincp,-0.2214470361711633,-0.0769839870282282,-0.1423765152584515,-0.1030360043278726,-0.1163244979588071,508,5229,,90,0.17,False,False,False
xgb_depth,depth 3,st,32,race_bw,hicov,0.0135043360543787,-0.023775577545166,0.0363729596138,-0.0018573999404907,0.0144547820091247,508,5229,,90,0.16,False,False,False
xgb_depth,depth 3,st,32,immigrant,pincp,-0.3038323335283159,-0.1186723863622329,-0.1854853353713217,-0.1379862142853412,-0.1661715074482135,1872,5556,,91,0.2,False,False,False
xgb_depth,depth 3,st,32,immigrant,hicov,-0.1171244761957504,-0.0472880601882934,-0.0695995092391967,-0.0249440073966979,-0.0919435620307922,1872,5556,,91,0.21,False,False,False
xgb_depth,depth 3,st,33,sex_female,pincp,-0.2749833742141927,0.0068087977325923,-0.2825081688468245,-0.0044567431510191,-0.2712426279632129,1775,2482,,92,0.14,True,False,True
xgb_depth,depth 3,st,33,sex_female,hicov,0.021319472029599,-0.0034013986587524,0.0246480703353881,0.0054227709770202,0.0158239006996154,1775,2482,,92,0.16,True,False,True
xgb_depth,depth 3,st,33,immigrant,pincp,-0.0196043451779104,-0.008337752461438,-0.0144344236919131,0.0933942341584952,-0.1161664103118464,213,4044,,92,0.16,True,False,True
xgb_depth,depth 3,st,34,sex_female,pincp,-0.2795941718226906,-0.0128987923590724,-0.2660391765381895,-0.0469223378227532,-0.2320156310745087,11310,14947,,92,0.61,False,False,False
xgb_depth,depth 3,st,34,sex_female,hicov,0.0264530371000819,-0.0032353997230529,0.0295908451080322,0.0024418234825134,0.0239136219024658,11310,14947,,92,0.67,True,False,True
xgb_depth,depth 3,st,34,race_bw,pincp,-0.3485279411658162,-0.1376280087152643,-0.2103771872384552,-0.1887138802911021,-0.1592913156626174,2450,19368,,91,0.49,False,False,False
xgb_depth,depth 3,st,34,immigrant,pincp,-0.1813367749497203,-0.0419843175652303,-0.1388257053188049,-0.0517437656286006,-0.1290662572554346,6979,19278,,92,0.59,False,False,False
xgb_depth,depth 3,st,34,immigrant,hicov,-0.1122939833089891,-0.040205955505371,-0.0719975233078002,-0.0171387791633605,-0.0950646996498107,6979,19278,,92,0.67,False,False,False
xgb_depth,depth 3,st,35,sex_female,pincp,-0.1902533431337758,0.0286289129435211,-0.218544887397476,-0.0262219568366788,-0.1636940176172761,2064,2495,,90,0.14,True,False,True
xgb_depth,depth 3,st,35,sex_female,hicov,0.0277193922729178,-0.0124395489692687,0.0395625233650207,0.0125389695167541,0.0145840048789978,2064,2495,,90,0.16,True,False,True
xgb_depth,depth 3,st,35,race_bw,pincp,-0.1521451143040106,-0.0940567027512511,-0.0542814287484851,-0.0058218529908522,-0.142516278508884,67,3264,,88,0.14,False,False,False
xgb_depth,depth 3,st,35,immigrant,pincp,-0.2200364355619406,-0.1066764790613348,-0.1129181811017936,-0.0585336457152347,-0.1610610144478936,490,4069,,90,0.15,False,False,False
xgb_depth,depth 3,st,35,immigrant,hicov,-0.1655704405133889,-0.0903311967849731,-0.0752881169319152,-0.0274087786674499,-0.1382105350494384,490,4069,,90,0.18,False,False,False
xgb_depth,depth 3,st,36,sex_female,pincp,-0.2004874804493344,0.0256974603285282,-0.2259388916434765,-0.0016860506146336,-0.1985553807003146,24821,30289,,92,1.18,True,False,True
xgb_depth,depth 3,st,36,sex_female,hicov,0.0300814933008758,0.0034399628639221,0.0266363024711608,0.0100212097167968,0.0200550556182861,24821,30289,,92,1.25,False,False,False
xgb_depth,depth 3,st,36,race_bw,pincp,-0.2724248811795302,-0.115366436604269,-0.1568340675819595,-0.1677082609366103,-0.1044922432496182,6432,39884,,91,1.02,False,False,False
xgb_depth,depth 3,st,36,race_bw,hicov,-0.0216611537887734,-0.0181182622909545,-0.0037005543708801,-0.0294467806816101,0.0076279640197753,6432,39884,,91,1.08,False,True,True
xgb_depth,depth 3,st,36,immigrant,pincp,-0.1692144980557621,-0.1291535320539285,-0.0401707013142331,-0.0855200518149601,-0.0838041815532015,13520,41590,,92,1.2,False,False,False
xgb_depth,depth 3,st,36,immigrant,hicov,-0.0827327667523628,-0.0262059569358825,-0.0568622946739196,-0.0178268551826477,-0.0652413964271545,13520,41590,,92,1.28,False,False,False
xgb_depth,depth 3,st,37,sex_female,pincp,-0.2513797037125798,-0.0105522422513733,-0.2404096593041416,-0.0275083456108315,-0.2234535559446833,11762,14924,,92,0.56,False,False,False
xgb_depth,depth 3,st,37,sex_female,hicov,0.0261216713454386,-0.0025787353515625,0.0287830829620361,0.00801682472229,0.0181875228881835,11762,14924,,92,0.66,True,False,True
xgb_depth,depth 3,st,37,race_bw,pincp,-0.3428412819155735,-0.1137824643647444,-0.2284587489195271,-0.1494214685361381,-0.1928197447481334,4251,20487,,91,0.6,False,False,False
xgb_depth,depth 3,st,37,race_bw,hicov,-0.0202271581830693,-0.0233579874038696,0.0027999877929687,-0.0203340649604797,-0.0002239346504211,4251,20487,,91,0.64,False,True,True
xgb_depth,depth 3,st,37,immigrant,pincp,-0.1033481414584276,-0.0354279592853554,-0.0676222548367349,-0.0048261897499983,-0.0982240243720919,2369,24317,,92,0.61,False,False,False
xgb_depth,depth 3,st,37,immigrant,hicov,-0.1615153603019551,-0.0863502025604248,-0.074963092803955,-0.0464382171630859,-0.1148750782012939,2369,24317,,92,0.64,False,False,False
xgb_depth,depth 3,st,38,sex_female,pincp,-0.4001735518671729,-0.0261834766108126,-0.3728044120605389,-0.0193297488954069,-0.3796581397759446,943,1416,,88,0.12,False,False,False
xgb_depth,depth 3,st,38,sex_female,hicov,0.016556727836991,-0.0078417062759399,0.0243558287620544,0.0092747211456298,0.0072394013404846,943,1416,,88,0.12,True,False,True
xgb_depth,depth 3,st,38,immigrant,pincp,-0.0530026984021549,-0.2164823856727853,0.1596230274719712,-0.0409662618463446,-0.0158930963544694,67,2292,,88,0.13,False,True,True
xgb_depth,depth 3,st,38,immigrant,hicov,-0.0130173738636658,0.0114867687225341,-0.0217922329902648,-0.0214744806289672,0.0111690163612365,67,2292,,88,0.13,True,True,True
xgb_depth,depth 3,st,39,sex_female,pincp,-0.2640131123359612,-0.0002905331677087,-0.2639612276830299,-0.0197172636218301,-0.2445344972289085,14095,18698,,92,0.71,False,False,False
xgb_depth,depth 3,st,39,sex_female,hicov,0.0175017893303888,-0.006093680858612,0.0234187245368957,-0.0033032298088073,0.020628273487091,14095,18698,,92,0.77,False,False,False
xgb_depth,depth 3,st,39,race_bw,pincp,-0.2453689741598683,-0.1029297020463619,-0.1420791967391323,-0.1196909944045483,-0.125317904380946,2358,29190,,91,0.71,False,False,False
xgb_depth,depth 3,st,39,race_bw,hicov,-0.0172205093068402,-0.0155107378959655,-0.0016660094261169,-0.020729124546051,0.0035523772239685,2358,29190,,91,0.85,False,True,True
xgb_depth,depth 3,st,39,immigrant,pincp,0.0488127488065455,0.0995695031483343,-0.0504451428231984,0.1145435733368565,-0.0654192130117206,1377,31416,,92,0.73,False,False,False
xgb_depth,depth 3,st,39,immigrant,hicov,-0.0478725160097709,0.0017026662826538,-0.0495132207870483,-0.0003638267517089,-0.0474467277526855,1377,31416,,92,0.72,True,False,True
xgb_depth,depth 3,st,4,sex_female,pincp,-0.2353228601895285,-0.0164285678131026,-0.219284517683695,-0.043230042271908,-0.1924830432248896,7274,9525,,92,0.41,False,False,False
xgb_depth,depth 3,st,4,sex_female,hicov,0.0280021822952637,-0.0078582763671875,0.0359565615653991,0.0081278681755065,0.019970417022705,7274,9525,,92,0.45,True,False,True
xgb_depth,depth 3,st,4,race_bw,pincp,-0.2374649103664321,-0.0840976801986332,-0.1545487724061516,-0.078651242022973,-0.1599952105818118,580,13266,,91,0.35,False,False,False
xgb_depth,depth 3,st,4,immigrant,pincp,-0.2265395043091711,-0.0761883113346861,-0.1499575953980514,-0.085956484448916,-0.1401894222838215,2617,14182,,92,0.43,False,False,False
xgb_depth,depth 3,st,4,immigrant,hicov,-0.1244158113313431,-0.0480090975761413,-0.07603520154953,-0.0361782908439636,-0.0878660082817077,2617,14182,,92,0.47,False,False,False
xgb_depth,depth 3,st,40,sex_female,pincp,-0.296646273753911,0.0023894965689787,-0.298473813666309,-0.0091818243308061,-0.286902492766524,4029,5523,,92,0.25,True,False,True
xgb_depth,depth 3,st,40,sex_female,hicov,0.0268521712963955,-0.0078617930412292,0.0347865223884582,0.015954852104187,0.0109698772430419,4029,5523,,92,0.28,True,False,True
xgb_depth,depth 3,st,40,race_bw,pincp,-0.2351882977597448,-0.0704975185700291,-0.1659170697910692,-0.1106865820409481,-0.1257280063201502,446,7317,,91,0.23,False,False,False
xgb_depth,depth 3,st,40,immigrant,pincp,-0.2119383343919185,-0.0447425790484707,-0.1672662232069512,-0.0463806880628165,-0.1656281141926054,556,8996,,92,0.24,False,False,False
xgb_depth,depth 3,st,40,immigrant,hicov,-0.2196747715211556,-0.0719943642616272,-0.1476016044616699,-0.0864478945732116,-0.1331480741500854,556,8996,,92,0.27,False,False,False
xgb_depth,depth 3,st,41,sex_female,pincp,-0.2149141704901094,0.0084310550847881,-0.2229692313846865,-0.0070983802904756,-0.2074397960094227,4421,6132,,91,0.29,True,False,True
xgb_depth,depth 3,st,41,sex_female,hicov,0.0190928503039442,-0.0007500052452087,0.0200096368789672,0.0058486461639404,0.0134109854698181,4421,6132,,91,0.31,True,False,True
xgb_depth,depth 3,st,41,race_bw,pincp,-0.2563439260369033,-0.0421876667683971,-0.2152897859007048,-0.0691005746150157,-0.1883768780540862,131,9171,,90,0.27,False,False,False
xgb_depth,depth 3,st,41,race_bw,hicov,0.0142808271343206,-0.0118312239646911,0.0267719626426696,-0.0195712447166442,0.0345119833946228,131,9171,,90,0.28,False,False,False
xgb_depth,depth 3,st,41,immigrant,pincp,-0.1478138752433917,-0.0501190262243174,-0.0969314328809929,-0.0285441754819384,-0.1185062836233719,1186,9367,,91,0.3,False,False,False
xgb_depth,depth 3,st,41,immigrant,hicov,-0.0607192448967357,-0.0274374485015869,-0.0329303741455078,-0.0175035595893859,-0.0428642630577087,1186,9367,,91,0.31,False,False,False
xgb_depth,depth 3,st,42,sex_female,pincp,-0.2608191999909497,0.0130327899433435,-0.2741949725056773,-0.0161854268743475,-0.2449767556879862,15681,20483,,92,0.78,True,False,True
xgb_depth,depth 3,st,42,sex_female,hicov,0.0221047083758182,-0.0051376819610595,0.0272140502929687,0.0005877017974853,0.0214886665344238,15681,20483,,92,0.82,True,False,True
xgb_depth,depth 3,st,42,race_bw,pincp,-0.1846169516078859,-0.0953942954192577,-0.0893615209363467,-0.1245205940629876,-0.0602352222926168,1775,32726,,91,0.76,False,False,False
xgb_depth,depth 3,st,42,race_bw,hicov,-0.0262337995460386,-0.0228537321090698,-0.0034279823303222,-0.0121176242828369,-0.0141640901565551,1775,32726,,91,0.79,False,False,False
xgb_depth,depth 3,st,42,immigrant,pincp,0.018950368344571,0.0239025461664947,-0.0042719782376465,0.0752234442442514,-0.0555928763154032,2085,34079,,92,0.81,False,False,False
xgb_depth,depth 3,st,42,immigrant,hicov,-0.0523136290111078,-0.0056864619255065,-0.0464586019515991,-0.0065292119979858,-0.0456158518791198,2085,34079,,92,0.87,False,False,False
xgb_depth,depth 3,st,44,sex_female,pincp,-0.2343378528442699,0.0389092941907307,-0.2724075694233079,0.0394455709368308,-0.272943846169408,1329,1569,,88,0.13,False,False,False
xgb_depth,depth 3,st,44,sex_female,hicov,0.0195535106687556,-0.0036529302597045,0.0234512090682983,-0.0015363693237304,0.0213346481323242,1329,1569,,88,0.15,False,False,False
xgb_depth,depth 3,st,44,race_bw,pincp,-0.2926052160795276,-0.0625077022245506,-0.2298821932752854,-0.1405547795553676,-0.1518351159444684,123,2515,,87,0.13,False,False,False
xgb_depth,depth 3,st,44,immigrant,pincp,-0.246742678011774,-0.1593203828226546,-0.0860160909883784,-0.108924306416382,-0.136412167394651,463,2435,,88,0.13,False,False,False
xgb_depth,depth 3,st,44,immigrant,hicov,-0.0537366784784527,-0.0397480130195617,-0.0126422643661499,-0.0067915916442871,-0.0455986857414245,463,2435,,88,0.15,False,False,False
xgb_depth,depth 3,st,45,sex_female,pincp,-0.2785360372270027,-0.0295365652087706,-0.2488497176946094,-0.0412749100972895,-0.2371113728060905,5691,7032,,92,0.33,False,False,False
xgb_depth,depth 3,st,45,sex_female,hicov,0.0323666851978124,-0.0050224661827087,0.0374215841293334,0.0069215893745422,0.0254775285720825,5691,7032,,92,0.35,True,False,True
xgb_depth,depth 3,st,45,race_bw,pincp,-0.3830184381611712,-0.1270883022454221,-0.2564792644912117,-0.1610083918495579,-0.2225591748870758,2541,9653,,91,0.34,False,False,False
xgb_depth,depth 3,st,45,race_bw,hicov,-0.0102758559479503,-0.0247951745986938,0.0145126581192016,-0.0273318290710449,0.0170493125915527,2541,9653,,91,0.38,False,False,False
xgb_depth,depth 3,st,45,immigrant,pincp,-0.0805750491694734,-0.1127045428089719,0.0311059758977076,-0.0051596237307958,-0.0764389431804684,654,12069,,92,0.34,False,True,True
xgb_depth,depth 3,st,45,immigrant,hicov,-0.2022628297077736,-0.1127499341964721,-0.0896909832954406,-0.0508207082748413,-0.1516202092170715,654,12069,,92,0.34,False,False,False
xgb_depth,depth 3,st,46,sex_female,pincp,-0.2908753073247148,-0.0112355541317796,-0.2773827404844606,-0.0049041444431647,-0.2837141501730755,1104,1489,,87,0.12,False,False,False
xgb_depth,depth 3,st,46,sex_female,hicov,0.0261951168472177,-0.0089068412780761,0.0348837375640869,-0.0010797381401062,0.0270566344261169,1104,1489,,87,0.12,False,False,False
xgb_depth,depth 3,st,46,immigrant,pincp,-0.2329656950698293,-0.0037856194338612,-0.2241761536590623,-0.1017171661831106,-0.1262446069098128,77,2516,,87,0.11,False,False,False
xgb_depth,depth 3,st,46,immigrant,hicov,-0.0514318749612867,-0.0552068948745727,0.0057477355003356,-0.137998342514038,0.088539183139801,77,2516,,87,0.15,False,False,False
xgb_depth,depth 3,st,47,sex_female,pincp,-0.2515418813310255,0.010137912725801,-0.2611967505379962,-0.0048632700338977,-0.2461955677782974,7731,9938,,92,0.46,True,False,True
xgb_depth,depth 3,st,47,sex_female,hicov,0.0362046655373781,0.0013676881790161,0.0347635746002197,0.0126422643661499,0.0234889984130859,7731,9938,,92,0.42,False,False,False
xgb_depth,depth 3,st,47,race_bw,pincp,-0.2429161377469046,-0.1068833472186483,-0.1359974167476156,-0.1265823822194178,-0.1162983817468461,2084,14855,,91,0.46,False,False,False
xgb_depth,depth 3,st,47,race_bw,hicov,-0.0192121086045463,-0.0231006741523742,0.0029272437095642,-0.0179641246795654,-0.0022093057632446,2084,14855,,91,0.48,False,True,True
xgb_depth,depth 3,st,47,immigrant,pincp,-0.1201764328520518,-0.0486204446748317,-0.0707370396063886,-0.0097688456958628,-0.1095886385853575,982,16687,,92,0.45,False,False,False
xgb_depth,depth 3,st,47,immigrant,hicov,-0.2292809493395654,-0.0996501445770263,-0.1297728419303894,-0.0363177061080932,-0.1931052803993225,982,16687,,92,0.48,False,False,False
xgb_depth,depth 3,st,48,sex_female,pincp,-0.280056055773656,-0.0112049051823017,-0.2685648727842018,-0.0317014835210596,-0.2480682944454439,31110,42184,,92,1.59,False,False,False
xgb_depth,depth 3,st,48,sex_female,hicov,0.0504071233626933,-0.0035992264747619,0.0537934303283691,0.0229582786560058,0.0272359251976013,31110,42184,,92,1.67,True,False,True
xgb_depth,depth 3,st,48,race_bw,pincp,-0.2224747386930428,-0.0746587313945443,-0.1476529837543001,-0.0926444179454684,-0.1296672972033761,6632,57703,,91,1.46,False,False,False
xgb_depth,depth 3,st,48,race_bw,hicov,0.0204785200878999,-0.0093804597854614,0.0297788381576538,0.0003617405891418,0.0200366377830505,6632,57703,,91,1.55,True,False,True
xgb_depth,depth 3,st,48,immigrant,pincp,-0.2424479776223407,-0.0753582097544107,-0.1670981501343451,-0.0709805567538826,-0.1714758031348733,14045,59249,,92,1.63,False,False,False
xgb_depth,depth 3,st,48,immigrant,hicov,-0.1864099789292753,-0.0958286523818969,-0.0905573964118957,-0.0581797957420349,-0.1282062530517578,14045,59249,,92,1.63,False,False,False
xgb_depth,depth 3,st,49,sex_female,pincp,-0.3688677720811935,-0.0478964605258713,-0.3205839159460204,-0.0745683316553158,-0.2939120448165759,2631,4858,,91,0.21,False,False,False
xgb_depth,depth 3,st,49,sex_female,hicov,0.0161113831210013,-0.0153212547302246,0.0317767262458801,-0.0162925124168396,0.0327479839324951,2631,4858,,91,0.28,False,False,False
xgb_depth,depth 3,st,49,race_bw,pincp,-0.3013406887576444,-0.3408518371787874,0.0374976616382944,-0.123076368799273,-0.1802778067412198,54,6795,,90,0.2,False,True,True
xgb_depth,depth 3,st,49,immigrant,pincp,-0.3382170331270195,-0.1875028820292357,-0.1501122435190645,-0.1574374496277606,-0.1801776759205395,677,6812,,91,0.24,False,False,False
xgb_depth,depth 3,st,49,immigrant,hicov,-0.1639473654537869,-0.0479037165641784,-0.1159855127334594,-0.0539170503616333,-0.1099721789360046,677,6812,,91,0.27,False,False,False
xgb_depth,depth 3,st,5,sex_female,pincp,-0.2661997987464133,-0.0154001670048451,-0.2517884546170421,0.0021716630821089,-0.2693602847039962,3295,4129,,92,0.23,True,False,True
xgb_depth,depth 3,st,5,sex_female,hicov,0.0323388622831734,-0.0034380555152893,0.0357419252395629,0.0111075639724731,0.0211963057518005,3295,4129,,92,0.25,True,False,True
xgb_depth,depth 3,st,5,race_bw,pincp,-0.2823326565036659,-0.1083008371959071,-0.1743528261996001,-0.1115778603094561,-0.171075803086051,802,6230,,91,0.23,False,False,False
xgb_depth,depth 3,st,5,immigrant,pincp,-0.2430896705358822,-0.0416390741792795,-0.2007534926669549,-0.0516681305667816,-0.1907244362794529,391,7033,,92,0.21,False,False,False
xgb_depth,depth 3,st,5,immigrant,hicov,-0.1428981313159045,-0.0239867568016052,-0.118671178817749,-0.0284267663955688,-0.1142311692237854,391,7033,,92,0.24,False,False,False
xgb_depth,depth 3,st,50,sex_female,pincp,-0.1402208686905481,0.0364234611982432,-0.1771531754430615,0.0797306088561011,-0.2204603231009194,852,1028,,86,0.11,False,False,False
xgb_depth,depth 3,st,50,sex_female,hicov,0.0291920132989897,-0.0031405091285705,0.0318292379379272,0.0056234002113342,0.0230653285980224,852,1028,,86,0.14,True,False,True
xgb_depth,depth 3,st,50,immigrant,pincp,0.0864699450734853,0.0189339783842754,0.0704830991756537,0.0185919228958422,0.070825154664087,61,1819,,86,0.11,False,False,False
xgb_depth,depth 3,st,50,immigrant,hicov,-0.0330392307068376,0.0158854126930236,-0.0463148951530456,0.0207076668739318,-0.0511371493339538,61,1819,,86,0.12,False,False,False
xgb_depth,depth 3,st,51,sex_female,pincp,-0.27302751178342,-0.0488723252401843,-0.2247822971876711,-0.0603951101377049,-0.2132595122901506,11165,13892,,92,0.65,False,False,False
xgb_depth,depth 3,st,51,sex_female,hicov,0.0182920086357439,-0.0069653987884521,0.0253383517265319,0.003152310848236,0.0152206420898437,11165,13892,,92,0.68,True,False,True
xgb_depth,depth 3,st,51,race_bw,pincp,-0.3105158451780081,-0.1448445518229775,-0.1651459490562583,-0.1692967230946518,-0.140693777784584,3571,18633,,91,0.59,False,False,False
xgb_depth,depth 3,st,51,race_bw,hicov,-0.0128154937439698,-0.0230408906936645,0.010147213935852,-0.0171197652816772,0.0042260885238647,3571,18633,,91,0.61,False,False,False
xgb_depth,depth 3,st,51,immigrant,pincp,-0.0882768024290605,-0.0124200910411804,-0.0760499229592692,0.0185396360781382,-0.1070096500785879,3568,21489,,92,0.61,True,False,True
xgb_depth,depth 3,st,51,immigrant,hicov,-0.0825935398797216,-0.0325535535812377,-0.0504358410835266,-0.0142296552658081,-0.0687597393989563,3568,21489,,92,0.61,False,False,False
xgb_depth,depth 3,st,53,sex_female,pincp,-0.2748983811241228,-0.0314058522319147,-0.243938815881334,-0.0450455371646238,-0.2302991309486248,8203,11854,,92,0.44,False,False,False
xgb_depth,depth 3,st,53,sex_female,hicov,0.0230064344358248,-0.0036181211471557,0.0267488360404968,0.0003988742828369,0.0227318406105041,8203,11854,,92,0.53,True,False,True
xgb_depth,depth 3,st,53,race_bw,pincp,-0.2401969338879315,-0.0999599005553601,-0.1405883080984828,-0.0726412578985513,-0.1679069507552917,498,16076,,91,0.4,False,False,False
xgb_depth,depth 3,st,53,immigrant,pincp,-0.0638645553366874,-0.016544877217111,-0.0477014698363458,-0.0099049282389955,-0.0543414188144613,3142,16915,,92,0.45,False,False,False
xgb_depth,depth 3,st,53,immigrant,hicov,-0.0870352436161412,-0.0403829216957092,-0.0465002655982971,-0.00796639919281,-0.0789167881011962,3142,16915,,92,0.53,False,False,False
xgb_depth,depth 3,st,54,sex_female,pincp,-0.2653994856022521,0.0144495982751227,-0.281677675086371,-0.0434939208605502,-0.223734155950698,1870,2372,,91,0.18,True,False,True
xgb_depth,depth 3,st,54,sex_female,hicov,0.0194186182828182,-0.0068714022636413,0.0262370705604553,0.0046439170837402,0.0147217512130737,1870,2372,,91,0.18,True,False,True
xgb_depth,depth 3,st,54,race_bw,pincp,-0.1028733364242402,-0.0911335569753415,-0.011941977049922,-0.0429607939547196,-0.0601147400705439,95,4041,,90,0.16,False,False,False
xgb_depth,depth 3,st,54,immigrant,pincp,0.0962774898180178,0.0310353788023167,0.0609426174393608,0.0818340735188201,0.0101439227228574,92,4150,,91,0.18,False,False,False
xgb_depth,depth 3,st,54,immigrant,hicov,-0.0351492928234677,-0.0277417302131652,-0.0077711939811706,0.0089650154113769,-0.0444779396057128,92,4150,,91,0.18,True,False,True
xgb_depth,depth 3,st,55,sex_female,pincp,-0.2401425272702617,0.024250295351365,-0.2647413675965602,0.0197904153413261,-0.2602814875865213,7379,10129,,92,0.38,False,False,False
xgb_depth,depth 3,st,55,sex_female,hicov,0.0209991342070807,-0.0040241479873657,0.0251442193984985,0.0040692687034606,0.0170508027076721,7379,10129,,92,0.41,True,False,True
xgb_depth,depth 3,st,55,race_bw,pincp,-0.2359719053280713,-0.0961928567977867,-0.1405347185025807,-0.1037159283350632,-0.1330116469653042,357,16436,,91,0.42,False,False,False
xgb_depth,depth 3,st,55,race_bw,hicov,-0.0301108518364756,-0.0246115922927856,-0.005922794342041,-0.0186524987220764,-0.0118818879127502,357,16436,,91,0.41,False,False,False
xgb_depth,depth 3,st,55,immigrant,pincp,-0.083772855800726,-0.0171057872266544,-0.0660757632404429,-0.0031488272794177,-0.0800327231876796,662,16846,,92,0.43,False,False,False
xgb_depth,depth 3,st,55,immigrant,hicov,-0.1264630042973257,-0.034266173839569,-0.0918339490890502,-0.0201518535614013,-0.105948269367218,662,16846,,92,0.44,False,False,False
xgb_depth,depth 3,st,56,sex_female,pincp,-0.3634699220817516,-0.0057299452451591,-0.3564558547909779,-0.0371818252630884,-0.3250039747730486,647,956,,85,0.11,False,False,False
xgb_depth,depth 3,st,56,sex_female,hicov,0.0312724321457903,-0.0056641101837158,0.0378021001815795,-0.0047294497489929,0.0368674397468566,647,956,,85,0.1,False,False,False
xgb_depth,depth 3,st,56,immigrant,pincp,-0.1887727931906901,-0.045969506912046,-0.1392425255677132,-0.0566890660574728,-0.1285229664222864,51,1552,,85,0.1,False,False,False
xgb_depth,depth 3,st,56,immigrant,hicov,-0.078898827572266,-0.0414869785308837,-0.040217638015747,-0.0355154275894165,-0.0461891889572143,51,1552,,85,0.1,False,False,False
xgb_depth,depth 3,st,6,sex_female,pincp,-0.1814672997172994,0.0226190579551115,-0.204154537783614,0.0077009777777767,-0.1892364576062792,41076,58207,,92,1.87,False,False,False
xgb_depth,depth 3,st,6,sex_female,hicov,0.0338412308402319,0.0001640915870666,0.0337283015251159,0.0092472434043884,0.0246451497077941,41076,58207,,92,1.96,False,False,False
xgb_depth,depth 3,st,6,race_bw,pincp,-0.182462976643146,-0.0879406435117413,-0.0942542875122747,-0.079160982402147,-0.1030339486218689,4119,61748,,91,1.35,False,False,False
xgb_depth,depth 3,st,6,race_bw,hicov,0.0153456468343643,0.0069488286972045,0.0081070661544799,0.0096027255058288,0.0054531693458557,4119,61748,,91,1.45,False,False,False
xgb_depth,depth 3,st,6,immigrant,pincp,-0.2687509009456796,-0.1031573036209643,-0.1655568521919193,-0.09528553209263,-0.1734286237202535,35042,64241,,92,1.82,False,False,False
xgb_depth,depth 3,st,6,immigrant,hicov,-0.080050513778545,-0.0368573665618896,-0.0432271361351013,-0.0172501802444458,-0.0628343224525451,35042,64241,,92,1.67,False,False,False
xgb_depth,depth 3,st,8,sex_female,pincp,-0.2198136439363391,-0.0076815049168814,-0.2120918799261595,-0.0136260923115401,-0.2061472925315008,6943,9596,,92,0.37,False,False,False
xgb_depth,depth 3,st,8,sex_female,hicov,0.0374275865219898,-0.0015773773193359,0.0390009880065918,0.0107985734939575,0.0266250371932983,6943,9596,,92,0.39,True,False,True
xgb_depth,depth 3,st,8,race_bw,pincp,-0.2247561824709851,-0.112864275318504,-0.1128150370546716,-0.0895933252821112,-0.1360859870910644,402,14662,,91,0.36,False,False,False
xgb_depth,depth 3,st,8,immigrant,pincp,-0.2325009702278091,-0.1539256325147686,-0.0790318400048022,-0.1068424022714005,-0.1261150702481703,1649,14890,,92,0.39,False,False,False
xgb_depth,depth 3,st,8,immigrant,hicov,-0.1545222067142061,-0.0786329507827758,-0.0757054090499877,-0.0263100862503051,-0.1280282735824585,1649,14890,,92,0.49,False,False,False
xgb_depth,depth 3,st,9,sex_female,pincp,-0.32591543934684,-0.0215563367456557,-0.3042641863058346,-0.0455438597920956,-0.2802766632593947,4662,6012,,92,0.29,False,False,False
xgb_depth,depth 3,st,9,sex_female,hicov,0.016438808354976,-0.0038292407989501,0.0201979279518127,0.0008387565612792,0.0155299305915832,4662,6012,,92,0.28,True,False,True
xgb_depth,depth 3,st,9,race_bw,pincp,-0.4323223792453419,-0.1277626614831373,-0.3052512808960088,-0.2380398002314923,-0.1949741421476538,757,8886,,91,0.28,False,False,False
xgb_depth,depth 3,st,9,race_bw,hicov,-0.0264771651843652,-0.0303640365600585,0.0038145780563354,-0.0299539566040039,0.0034044981002807,757,8886,,91,0.28,False,False,False
xgb_depth,depth 3,st,9,immigrant,pincp,-0.1233029502820883,-0.0708887025035611,-0.0538566923226699,-0.0695306192622844,-0.0552147755639467,1722,8952,,92,0.29,False,False,False
xgb_depth,depth 3,st,9,immigrant,hicov,-0.0730306115776592,-0.0220512747764587,-0.0509414672851562,-0.009983479976654,-0.0630092620849609,1722,8952,,92,0.27,False,False,False
xgb_depth,depth 1,naics_2,11,sex_female,pincp,-0.17442832844735356,0.03370029322005763,-0.2101606902505928,0.01628849170720237,-0.19274888873773754,1770,10168,,63,0.21,False,False,False
xgb_depth,depth 1,naics_2,11,sex_female,hicov,0.06072557308405235,-0.01029515266418457,0.07117706537246704,-0.006973147392272949,0.06785506010055542,1770,10168,,63,0.22,False,False,False
xgb_depth,depth 1,naics_2,11,race_bw,pincp,-0.3082373735363646,-0.10548367295499794,-0.19978346397457614,-0.06634510448661501,-0.23892203244295906,198,10459,,62,0.22,False,False,False
xgb_depth,depth 1,naics_2,11,race_bw,hicov,-0.08277004677234145,-0.04022514820098877,-0.040855586528778076,-0.040944457054138184,-0.04013627767562866,198,10459,,62,0.2,False,False,False
xgb_depth,depth 1,naics_2,11,immigrant,pincp,-0.5044989627739547,-0.17903974815391877,-0.3258064695170848,-0.10370821202184466,-0.4011380056491589,2454,9484,,63,0.24,False,False,False
xgb_depth,depth 1,naics_2,11,immigrant,hicov,-0.29192622963498427,-0.048312246799468994,-0.24327492713928223,-0.052543580532073975,-0.23904359340667725,2454,9484,,63,0.23,False,False,False
xgb_depth,depth 1,naics_2,21,sex_female,pincp,-0.1566003960737774,0.1316008431868969,-0.28671430830335254,0.12415924568816195,-0.2792727108046176,858,4828,,60,0.15,False,False,False
xgb_depth,depth 1,naics_2,21,sex_female,hicov,0.029791252657864087,-0.0028762221336364746,0.03310328722000122,-0.00423431396484375,0.034461379051208496,858,4828,,60,0.13,False,False,False
xgb_depth,depth 1,naics_2,21,race_bw,pincp,-0.3229724667527538,-0.10209476428452469,-0.21915776478742188,-0.0973450910929401,-0.22390743797900647,204,5009,,59,0.15,False,False,False
xgb_depth,depth 1,naics_2,21,race_bw,hicov,-0.03411114895149525,-0.027349650859832764,-0.008393466472625732,-0.029267609119415283,-0.006475508213043213,204,5009,,59,0.15,False,False,False
xgb_depth,depth 1,naics_2,21,immigrant,pincp,0.04340662820095709,0.18682426779871975,-0.14236451973726005,0.15098464273327217,-0.10652489467181248,538,5148,,60,0.16,False,False,False
xgb_depth,depth 1,naics_2,21,immigrant,hicov,-0.029199631430114614,0.00012916326522827148,-0.02958381175994873,-0.008220672607421875,-0.021233975887298584,538,5148,,60,0.16,True,False,True
xgb_depth,depth 1,naics_2,22,sex_female,pincp,-0.16498741705883546,0.08532444301025777,-0.24941602649191985,0.045139512226558764,-0.20923109570822085,2383,8526,,63,0.16,False,False,False
xgb_depth,depth 1,naics_2,22,race_bw,pincp,-0.20612530453511546,-0.04930969869202251,-0.15752291138575458,-0.049967295241103216,-0.15686531483667387,778,9258,,62,0.17,False,False,False
xgb_depth,depth 1,naics_2,22,race_bw,hicov,-0.010228352495528115,-0.007857322692871094,-0.0015124082565307617,-0.012679100036621094,0.0033093690872192383,778,9258,,62,0.17,False,True,True
xgb_depth,depth 1,naics_2,22,immigrant,pincp,0.05236980693181259,0.13813525577426056,-0.08552918893166073,0.0937094769003135,-0.041103410057713674,791,10118,,63,0.18,False,False,False
xgb_depth,depth 1,naics_2,22,immigrant,hicov,-0.04415682556453315,-0.0035243630409240723,-0.04036754369735718,-0.0032125115394592285,-0.04067939519882202,791,10118,,63,0.2,False,False,False
xgb_depth,depth 1,naics_2,23,sex_female,pincp,-0.0626446456082057,0.08684433331870522,-0.14943450486617138,0.1039344452196751,-0.16652461676714125,5486,50901,,58,0.74,False,False,False
xgb_depth,depth 1,naics_2,23,sex_female,hicov,0.10012223552223276,0.016645729541778564,0.0835912823677063,0.029231548309326172,0.07100546360015869,5486,50901,,58,0.73,False,False,False
xgb_depth,depth 1,naics_2,23,race_bw,pincp,-0.2200815585744582,-0.04557992527165844,-0.17541834796480593,-0.05632971601712633,-0.16466855721933804,2207,47852,,57,0.58,False,False,False
xgb_depth,depth 1,naics_2,23,immigrant,pincp,-0.32078281195261127,-0.12444949422045681,-0.19619339984736683,-0.08697112899899118,-0.23367176506883247,11081,45306,,58,0.71,False,False,False
xgb_depth,depth 1,naics_2,23,immigrant,hicov,-0.3059844323527965,-0.07921206951141357,-0.2265005111694336,-0.052014291286468506,-0.25369828939437866,11081,45306,,58,0.69,False,False,False
xgb_depth,depth 1,naics_2,31,sex_female,pincp,-0.2629578528630354,-0.022285152010175224,-0.2402995313413392,-0.03317969509400598,-0.22940498825750844,6080,10147,,65,0.22,False,False,False
xgb_depth,depth 1,naics_2,31,race_bw,pincp,-0.303773085054587,-0.10108883916066347,-0.20346157447584012,-0.13436025673120078,-0.17019015690530281,1704,11987,,64,0.23,False,False,False
xgb_depth,depth 1,naics_2,31,race_bw,hicov,-0.015489638422845342,-0.019474148750305176,0.004144191741943359,-0.018252432346343994,0.0029224753379821777,1704,11987,,64,0.2,False,False,False
xgb_depth,depth 1,naics_2,31,immigrant,pincp,-0.34096890087177734,-0.12103074163812977,-0.22050537692954109,-0.0898948617736206,-0.25164125679405025,3768,12459,,65,0.24,False,False,False
xgb_depth,depth 1,naics_2,31,immigrant,hicov,-0.12329223291887836,-0.035114943981170654,-0.08836179971694946,-0.025957822799682617,-0.0975189208984375,3768,12459,,65,0.23,False,False,False
xgb_depth,depth 1,naics_2,32,sex_female,pincp,-0.14835792196557485,0.07791138656869023,-0.2261094939813404,0.05079174258296426,-0.19898984999561442,8451,21977,,67,0.44,False,False,False
xgb_depth,depth 1,naics_2,32,sex_female,hicov,0.013688911235591239,-0.007383227348327637,0.021001875400543213,-0.00806504487991333,0.021683692932128906,8451,21977,,67,0.43,False,False,False
xgb_depth,depth 1,naics_2,32,race_bw,pincp,-0.2647300616488355,-0.09678698021658327,-0.16834067758794724,-0.1083366160467456,-0.1567910417577849,2081,25276,,66,0.44,False,False,False
xgb_depth,depth 1,naics_2,32,race_bw,hicov,-0.011317819176341226,-0.016701936721801758,0.006301701068878174,-0.017007648944854736,0.006607413291931152,2081,25276,,66,0.41,False,False,False
xgb_depth,depth 1,naics_2,32,immigrant,pincp,-0.08673017505501157,0.04644383795649354,-0.13245838988911096,0.06807990285259002,-0.15409445478520745,4028,26400,,67,0.44,False,False,False
xgb_depth,depth 1,naics_2,32,immigrant,hicov,-0.07233731305106683,-0.01040196418762207,-0.062182605266571045,-0.009483695030212402,-0.06310087442398071,4028,26400,,67,0.42,False,False,False
xgb_depth,depth 1,naics_2,33,sex_female,pincp,-0.2637016416912381,-0.011203928133896923,-0.25285032303779786,-0.02620378017127223,-0.23785047100042256,16238,50594,,69,0.95,False,False,False
xgb_depth,depth 1,naics_2,33,race_bw,pincp,-0.32554110402042724,-0.10366080031671387,-0.22163379790054094,-0.14618228449904258,-0.17911231371821223,3920,54728,,68,0.83,False,False,False
xgb_depth,depth 1,naics_2,33,race_bw,hicov,-0.017633588298643477,-0.01622164249420166,-0.0018282532691955566,-0.019104361534118652,0.0010544657707214355,3920,54728,,68,0.86,False,True,True
xgb_depth,depth 1,naics_2,33,immigrant,pincp,-0.031002990109508133,0.08800782586427403,-0.11905432773869684,0.0969986014398394,-0.12804510331426222,10156,56676,,69,0.86,False,False,False
xgb_depth,depth 1,naics_2,33,immigrant,hicov,-0.04499232538424991,-0.002650439739227295,-0.04217243194580078,-0.0058699846267700195,-0.03895288705825806,10156,56676,,69,0.95,False,False,False
xgb_depth,depth 1,naics_2,3M,sex_female,pincp,-0.3035433700709156,-0.013913766804684258,-0.2900543361902237,-0.025514423644315443,-0.2784536793505925,879,1984,,57,0.08,False,False,False
xgb_depth,depth 1,naics_2,3M,race_bw,pincp,-0.2366623367706051,-0.07876211106510311,-0.1573544256177879,-0.10279989137065648,-0.13331664531223453,323,2116,,56,0.08,False,False,False
xgb_depth,depth 1,naics_2,3M,race_bw,hicov,-0.028134455453656892,-0.017000854015350342,-0.012180030345916748,-0.013792455196380615,-0.015388429164886475,323,2116,,56,0.07,False,False,False
xgb_depth,depth 1,naics_2,3M,immigrant,pincp,-0.26129086957903347,-0.02034353223971408,-0.24274330542831812,-0.039018003667758094,-0.2240688340002741,595,2268,,57,0.07,False,False,False
xgb_depth,depth 1,naics_2,3M,immigrant,hicov,-0.10675381263616557,-0.04300892353057861,-0.06223577260971069,-0.009875118732452393,-0.09536957740783691,595,2268,,57,0.08,False,False,False
xgb_depth,depth 1,naics_2,42,sex_female,pincp,-0.2022436858462644,0.031020019145181266,-0.23333552943624447,0.006755279452036689,-0.2090707897430999,7903,20186,,63,0.4,False,False,False
xgb_depth,depth 1,naics_2,42,race_bw,pincp,-0.37749029566436754,-0.09263285110428221,-0.2846355697085716,-0.11729920674575212,-0.2599692140671017,1496,23358,,62,0.32,False,False,False
xgb_depth,depth 1,naics_2,42,race_bw,hicov,-0.03178101331838812,-0.024670958518981934,-0.00733029842376709,-0.030029356479644775,-0.001971900463104248,1496,23358,,62,0.37,False,False,False
xgb_depth,depth 1,naics_2,42,immigrant,pincp,-0.2093096720413552,-0.03410812832227528,-0.1742046803615782,-0.03661796391278038,-0.1716948447710731,4233,23856,,63,0.36,False,False,False
xgb_depth,depth 1,naics_2,42,immigrant,hicov,-0.08411581584950278,-0.01586085557937622,-0.06863081455230713,-0.012582898139953613,-0.07190877199172974,4233,23856,,63,0.37,False,False,False
xgb_depth,depth 1,naics_2,44,sex_female,pincp,-0.25509860736859835,-0.004457801705967768,-0.25055945261566137,-0.019257356516094504,-0.23575989780553464,20205,31547,,63,0.64,False,False,False
xgb_depth,depth 1,naics_2,44,sex_female,hicov,0.014269738289013567,-0.013005077838897705,0.027320921421051025,-0.01805776357650757,0.03237360715866089,20205,31547,,63,0.66,False,False,False
xgb_depth,depth 1,naics_2,44,race_bw,pincp,-0.21868542569681537,-0.05730372197389322,-0.161388466633257,-0.07933908378627663,-0.1393531048208736,3611,41916,,62,0.55,False,False,False
xgb_depth,depth 1,naics_2,44,race_bw,hicov,-0.02434017062887106,-0.0210302472114563,-0.0036355257034301758,-0.02595818042755127,0.001292407512664795,3611,41916,,62,0.64,False,True,True
xgb_depth,depth 1,naics_2,44,immigrant,pincp,-0.09665531045817133,-0.01165538966296431,-0.08472761869199275,0.021770229202020985,-0.11815323755697804,7415,44337,,63,0.65,True,False,True
xgb_depth,depth 1,naics_2,44,immigrant,hicov,-0.09476766488920885,-0.0038220882415771484,-0.09092384576797485,-0.007241725921630859,-0.08750420808792114,7415,44337,,63,0.65,False,False,False
xgb_depth,depth 1,naics_2,45,sex_female,pincp,-0.25316293341938767,-0.04234636967843208,-0.21080076244247614,-0.062025535696308864,-0.19112159642459936,10711,10829,,62,0.32,False,False,False
xgb_depth,depth 1,naics_2,45,sex_female,hicov,0.012157341696831914,-0.007247030735015869,0.019253969192504883,-0.008653223514556885,0.0206601619720459,10711,10829,,62,0.28,False,False,False
xgb_depth,depth 1,naics_2,45,race_bw,pincp,-0.2128505955917941,-0.09449980509207911,-0.11776332544268087,-0.11466501059461542,-0.09759811994014456,2034,17052,,61,0.25,False,False,False
xgb_depth,depth 1,naics_2,45,race_bw,hicov,-0.023157172542498827,-0.010533392429351807,-0.012685716152191162,-0.01633131504058838,-0.00688779354095459,2034,17052,,61,0.31,False,False,False
xgb_depth,depth 1,naics_2,45,immigrant,hicov,-0.04191854009015972,0.01464003324508667,-0.056665122509002686,0.00032204389572143555,-0.04234713315963745,2784,18756,,62,0.31,False,False,False
xgb_depth,depth 1,naics_2,48,sex_female,pincp,-0.21276262819450054,0.04722752016040843,-0.2607842361011308,0.04127697616050696,-0.2548336921012293,5254,23016,,60,0.37,False,False,False
xgb_depth,depth 1,naics_2,48,sex_female,hicov,0.030014488853288057,-0.0074089765548706055,0.03734731674194336,-0.0017130374908447266,0.03165137767791748,5254,23016,,60,0.38,False,False,False
xgb_depth,depth 1,naics_2,48,race_bw,pincp,-0.19750902181684893,-0.04067532426530995,-0.15678319474115732,-0.09289432069373049,-0.10456419831273678,3689,21206,,59,0.29,False,False,False
xgb_depth,depth 1,naics_2,48,immigrant,pincp,-0.19393861612739371,-0.028357102587460048,-0.16600537312357488,-0.03037306931180339,-0.16398940639923154,4910,23360,,60,0.39,False,False,False
xgb_depth,depth 1,naics_2,48,immigrant,hicov,-0.0972118858633485,-0.008623182773590088,-0.08877253532409668,-0.010561227798461914,-0.08683449029922485,4910,23360,,60,0.33,False,False,False
xgb_depth,depth 1,naics_2,49,sex_female,pincp,-0.12368417112049634,-0.005372058602155505,-0.1177130547159102,-0.024314950429129567,-0.09877016288893614,3808,8351,,58,0.17,False,False,False
xgb_depth,depth 1,naics_2,49,sex_female,hicov,0.014366675001937002,-0.007569074630737305,0.021804630756378174,-0.010377109050750732,0.0246126651763916,3808,8351,,58,0.21,False,False,False
xgb_depth,depth 1,naics_2,49,race_bw,pincp,-0.16454436798651528,-0.03961335189012338,-0.12463201424597337,-0.040802657807919473,-0.12344270832817728,1973,8563,,57,0.16,False,False,False
xgb_depth,depth 1,naics_2,49,race_bw,hicov,-0.016498035874827455,-0.01751887798309326,0.0008112192153930664,-0.018971741199493408,0.002264082431793213,1973,8563,,57,0.15,False,False,False
xgb_depth,depth 1,naics_2,49,immigrant,pincp,-0.17166827475629098,0.039672949715836126,-0.2116938516819502,-0.023013809592031365,-0.14900709237408272,1836,10323,,58,0.17,True,False,True
xgb_depth,depth 1,naics_2,49,immigrant,hicov,-0.0865438493521985,-0.011496961116790771,-0.07510507106781006,-0.008781790733337402,-0.07782024145126343,1836,10323,,58,0.17,False,False,False
xgb_depth,depth 1,naics_2,4M,sex_female,pincp,-0.2786318676631705,-0.030150037542835406,-0.25004308985680623,-0.03913510268933251,-0.24105802471030913,998,1164,,58,0.06,False,False,False
xgb_depth,depth 1,naics_2,4M,sex_female,hicov,0.010045864925727788,-0.013863682746887207,0.023924708366394043,-0.021193087100982666,0.0312541127204895,998,1164,,58,0.08,False,False,False
xgb_depth,depth 1,naics_2,4M,race_bw,pincp,-0.15479391581975044,-0.04375974239948022,-0.11252036179138791,-0.0756987325900571,-0.08058137160081102,247,1637,,57,0.06,False,False,False
xgb_depth,depth 1,naics_2,4M,race_bw,hicov,-0.030964116743623538,-0.01634007692337036,-0.017098605632781982,-0.011036396026611328,-0.022402286529541016,247,1637,,57,0.07,False,False,False
xgb_depth,depth 1,naics_2,4M,immigrant,pincp,-0.0850289573043419,-0.06170470425542973,-0.022723769727635457,-0.025469362084768576,-0.05895911189829661,319,1843,,58,0.06,False,False,False
xgb_depth,depth 1,naics_2,4M,immigrant,hicov,-0.13497313396278732,-0.03460192680358887,-0.09915566444396973,-0.0006055235862731934,-0.1331520676612854,319,1843,,58,0.07,False,False,False
xgb_depth,depth 1,naics_2,51,sex_female,pincp,-0.2458908158496964,-0.034806602847579526,-0.21035667425043947,-0.03734007394719718,-0.2078232031508218,7812,12919,,61,0.26,False,False,False
xgb_depth,depth 1,naics_2,51,race_bw,pincp,-0.27989747972265633,-0.08796720002082381,-0.1925083255415263,-0.12234249562460597,-0.15813302993774414,1646,16501,,60,0.22,False,False,False
xgb_depth,depth 1,naics_2,51,race_bw,hicov,-0.016109226562578738,-0.007521092891693115,-0.00865238904953003,-0.012710213661193848,-0.003463268280029297,1646,16501,,60,0.26,False,False,False
xgb_depth,depth 1,naics_2,51,immigrant,pincp,0.20968129890285958,0.15010033103553155,0.058381883035130144,0.1424947226715254,0.06598749139913629,2744,17987,,61,0.29,False,False,False
xgb_depth,depth 1,naics_2,51,immigrant,hicov,-0.012184536904771393,0.00865185260772705,-0.02085697650909424,0.004715681076049805,-0.016920804977416992,2744,17987,,61,0.25,False,False,False
xgb_depth,depth 1,naics_2,52,sex_female,pincp,-0.5682567617236298,-0.16796193778075974,-0.40001373173764065,-0.22141746585717392,-0.34655820366122647,29688,23262,,59,0.63,False,False,False
xgb_depth,depth 1,naics_2,52,race_bw,pincp,-0.36008972810087947,-0.09043056276836836,-0.2696551230533881,-0.15388964819367779,-0.2061960376280787,4183,42821,,58,0.6,False,False,False
xgb_depth,depth 1,naics_2,52,race_bw,hicov,-0.014619821613350514,-0.00954282283782959,-0.005118310451507568,-0.00900954008102417,-0.005651593208312988,4183,42821,,58,0.59,False,False,False
xgb_depth,depth 1,naics_2,52,immigrant,pincp,0.12872852116941047,0.12704263229771406,0.0011694202772840612,0.1279644665030908,0.0002475860719073353,6431,46519,,59,0.62,False,False,False
xgb_depth,depth 1,naics_2,52,immigrant,hicov,-0.013713639558709967,0.00517427921295166,-0.019090712070465088,0.0003546476364135742,-0.014271080493927002,6431,46519,,59,0.65,False,False,False
xgb_depth,depth 1,naics_2,53,sex_female,pincp,-0.20368571994394458,-0.012711338217757273,-0.19102850200152055,-0.02640158232543044,-0.17733825789384738,7356,9663,,59,0.24,False,False,False
xgb_depth,depth 1,naics_2,53,sex_female,hicov,0.016528081163935893,-0.006978332996368408,0.02327972650527954,-0.00685650110244751,0.023157894611358643,7356,9663,,59,0.23,False,False,False
xgb_depth,depth 1,naics_2,53,race_bw,pincp,-0.36522123116522387,-0.06260966281489466,-0.30258795153938145,-0.10616768567828139,-0.2590299286759947,1331,13771,,58,0.21,False,False,False
xgb_depth,depth 1,naics_2,53,race_bw,hicov,-0.022543426742933304,-0.018146157264709473,-0.00398331880569458,-0.0298537015914917,0.0077242255210876465,1331,13771,,58,0.23,False,True,True
xgb_depth,depth 1,naics_2,53,immigrant,pincp,-0.16413766013544517,-0.05550426311004486,-0.1087726503857187,-0.008899731777114894,-0.15537718171864867,2515,14504,,59,0.2,False,False,False
xgb_depth,depth 1,naics_2,53,immigrant,hicov,-0.06069583601534756,-0.01192539930343628,-0.0490264892578125,-0.008824050426483154,-0.052127838134765625,2515,14504,,59,0.23,False,False,False
xgb_depth,depth 1,naics_2,54,sex_female,pincp,-0.3899332779490621,-0.08437395356893518,-0.3057278435214741,-0.09572911577904009,-0.2943726813113692,29018,43958,,60,0.89,False,False,False
xgb_depth,depth 1,naics_2,54,race_bw,pincp,-0.2660095394753377,-0.07459500150213039,-0.1919669300380047,-0.12762645364868597,-0.1389354778914491,3444,58849,,59,0.75,False,False,False
xgb_depth,depth 1,naics_2,54,race_bw,hicov,-0.01714595588240375,-0.01125645637512207,-0.006223738193511963,-0.012774050235748291,-0.004706144332885742,3444,58849,,59,0.8,False,False,False
xgb_depth,depth 1,naics_2,54,immigrant,pincp,0.0722182219525429,0.07788105777422238,-0.006319591759345045,0.1041818996614765,-0.03262043364659917,12006,60970,,60,0.85,False,False,False
xgb_depth,depth 1,naics_2,54,immigrant,hicov,-0.01085133722024234,0.01579129695892334,-0.02661287784576416,0.003054499626159668,-0.013876080513000488,12006,60970,,60,0.96,False,False,False
xgb_depth,depth 1,naics_2,55,sex_female,pincp,-0.41916513373735675,-0.13061295963204778,-0.2887539002529955,-0.16033691503194625,-0.25902994485309705,689,659,,57,0.07,False,False,False
xgb_depth,depth 1,naics_2,55,race_bw,pincp,-0.39175907995863213,-0.07446727344670734,-0.316641140491404,-0.10441505149153762,-0.28669336244657373,77,1128,,55,0.06,False,False,False
xgb_depth,depth 1,naics_2,55,race_bw,hicov,-0.0421962788984066,-0.00665515661239624,-0.03761398792266846,-0.00411224365234375,-0.04015690088272095,77,1128,,55,0.06,False,False,False
xgb_depth,depth 1,naics_2,55,immigrant,pincp,0.08036547274432237,-0.03534065435135325,0.12100154975833632,0.04419025085604389,0.041470644550939184,155,1193,,57,0.07,True,False,True
xgb_depth,depth 1,naics_2,55,immigrant,hicov,-0.013233107103263642,-0.005768954753875732,-0.008138895034790039,0.0008478164672851562,-0.014755666255950928,155,1193,,57,0.07,True,False,True
xgb_depth,depth 1,naics_2,56,sex_female,pincp,-0.1285776356521673,0.02015219399079271,-0.1493169333991915,0.0334986169047653,-0.1626633563131641,10600,18487,,60,0.35,False,False,False
xgb_depth,depth 1,naics_2,56,sex_female,hicov,0.04997762323550159,-0.010343492031097412,0.06066691875457764,-0.0021976232528686523,0.05252104997634888,10600,18487,,60,0.4,False,False,False
xgb_depth,depth 1,naics_2,56,race_bw,pincp,-0.2488064758317332,-0.07687716303885139,-0.17156996670968816,-0.0751176898226209,-0.17332943992591865,3326,21705,,59,0.36,False,False,False
xgb_depth,depth 1,naics_2,56,immigrant,pincp,-0.2986422731817857,-0.09229438800057821,-0.20720474858157267,-0.060564703139018405,-0.23893443344313248,6273,22814,,60,0.37,False,False,False
xgb_depth,depth 1,naics_2,56,immigrant,hicov,-0.20222463599230545,-0.05641061067581177,-0.14537107944488525,-0.023635685443878174,-0.17814600467681885,6273,22814,,60,0.43,False,False,False
xgb_depth,depth 1,naics_2,61,sex_female,pincp,-0.19832442884073664,0.00949547443031662,-0.20777061054844914,-0.0011817946848537986,-0.19709334143327872,51590,26189,,58,0.95,True,False,True
xgb_depth,depth 1,naics_2,61,race_bw,pincp,-0.1508946986242261,-0.10523530109264989,-0.04511862507915154,-0.09409082191381835,-0.05626310425798309,6910,63986,,57,0.84,False,False,False
xgb_depth,depth 1,naics_2,61,race_bw,hicov,-0.020329754659157317,-0.011384367942810059,-0.009062230587005615,-0.007997691631317139,-0.012448906898498535,6910,63986,,57,0.87,False,False,False
xgb_depth,depth 1,naics_2,61,immigrant,pincp,0.0230344050453688,0.002510261216817966,0.02056059256609366,0.035365396475125266,-0.01229454269221364,7723,70056,,58,0.92,False,True,True
xgb_depth,depth 1,naics_2,61,immigrant,hicov,-0.017128937570610958,-0.0014772415161132812,-0.01567131280899048,-0.0052661895751953125,-0.011882364749908447,7723,70056,,58,0.99,False,False,False
xgb_depth,depth 1,naics_2,62,sex_female,pincp,-0.44504958913086057,-0.12642656776214878,-0.31891320117019184,-0.1762949172893169,-0.2690448516430237,90900,29476,,63,1.54,False,False,False
xgb_depth,depth 1,naics_2,62,race_bw,pincp,-0.2858392759919255,-0.12087329007705705,-0.16501996281430031,-0.16862819570767407,-0.1172650571836833,15995,88854,,62,1.32,False,False,False
xgb_depth,depth 1,naics_2,62,race_bw,hicov,-0.030612993952736645,-0.01961416006088257,-0.010924279689788818,-0.022311627864837646,-0.00822681188583374,15995,88854,,62,1.4,False,False,False
xgb_depth,depth 1,naics_2,62,immigrant,pincp,0.08046984533417856,0.06236520559217951,0.017810829364801606,0.07276267547192106,0.007413359485060056,18087,102289,,63,1.45,False,False,False
xgb_depth,depth 1,naics_2,62,immigrant,hicov,-0.023957826396521553,0.006564915180206299,-0.03034234046936035,-0.002341747283935547,-0.021435678005218506,18087,102289,,63,1.48,True,False,True
xgb_depth,depth 1,naics_2,71,sex_female,pincp,-0.17333409352919382,0.017022213513373075,-0.19137051018944717,0.003714744718486429,-0.17806304139456053,5061,7575,,58,0.19,False,False,False
xgb_depth,depth 1,naics_2,71,sex_female,hicov,0.025007150389016353,-0.006078898906707764,0.03095245361328125,-0.007801055908203125,0.03267461061477661,5061,7575,,58,0.19,False,False,False
xgb_depth,depth 1,naics_2,71,race_bw,pincp,-0.23704578398977638,-0.07266545621448195,-0.16470557937791952,-0.08969577555300212,-0.14767526003939935,968,9874,,57,0.18,False,False,False
xgb_depth,depth 1,naics_2,71,race_bw,hicov,-0.017584791513566844,-0.014352738857269287,-0.0031089186668395996,-0.025150716304779053,0.007689058780670166,968,9874,,57,0.17,False,True,True
xgb_depth,depth 1,naics_2,71,immigrant,pincp,-0.12326965074971952,-0.0717987286713857,-0.0524113931817638,-0.02919262301446146,-0.09501749883868804,1670,10966,,58,0.18,False,False,False
xgb_depth,depth 1,naics_2,71,immigrant,hicov,-0.05514562703882775,0.0002827644348144531,-0.05604255199432373,-0.009110689163208008,-0.04664909839630127,1670,10966,,58,0.19,True,False,True
xgb_depth,depth 1,naics_2,72,sex_female,pincp,-0.18401379581246324,0.0006328025974546847,-0.18470755595780375,-0.00011186943096141988,-0.18396288392938764,14143,17193,,58,0.37,True,False,True
xgb_depth,depth 1,naics_2,72,sex_female,hicov,0.04015889515060789,-0.016372740268707275,0.05629175901412964,-0.019823670387268066,0.05974268913269043,14143,17193,,58,0.44,False,False,False
xgb_depth,depth 1,naics_2,72,race_bw,pincp,-0.1928744781570586,-0.07697948547776612,-0.11535052751498753,-0.06900620513325784,-0.12332380785949582,3165,21329,,57,0.31,False,False,False
xgb_depth,depth 1,naics_2,72,immigrant,pincp,-0.1366419172241944,-0.03616398162424872,-0.10024740524284859,0.0118480896331139,-0.1482594765002112,9698,21638,,58,0.39,True,False,True
xgb_depth,depth 1,naics_2,72,immigrant,hicov,-0.14235072495587275,0.0037868618965148926,-0.14583009481430054,-0.001064002513885498,-0.14097923040390015,9698,21638,,58,0.45,True,False,True
xgb_depth,depth 1,naics_2,81,sex_female,pincp,-0.19443770611913358,0.02664239012559655,-0.22084708296978306,-0.028025203714834745,-0.16617948912935177,14329,19378,,63,0.47,True,False,True
xgb_depth,depth 1,naics_2,81,sex_female,hicov,0.028035678892645688,-0.015492856502532959,0.043644607067108154,-0.010074079036712646,0.03822582960128784,14329,19378,,63,0.5,False,False,False
xgb_depth,depth 1,naics_2,81,race_bw,pincp,-0.1435280769370042,-0.0154173757869156,-0.12792746595802562,-0.05247325295154859,-0.09087158879339263,2516,26304,,62,0.4,False,False,False
xgb_depth,depth 1,naics_2,81,race_bw,hicov,-0.025556209118091866,-0.018499374389648438,-0.007773041725158691,-0.02198660373687744,-0.0042858123779296875,2516,26304,,62,0.4,False,False,False
xgb_depth,depth 1,naics_2,81,immigrant,pincp,-0.28521872580984997,-0.13526957665605543,-0.15015740760495788,-0.07761908559596442,-0.2078078986650489,6640,27067,,63,0.48,False,False,False
xgb_depth,depth 1,naics_2,81,immigrant,hicov,-0.13345759362866183,-0.04006218910217285,-0.09373533725738525,-0.03542214632034302,-0.09837538003921509,6640,27067,,63,0.45,False,False,False
xgb_depth,depth 1,naics_2,92,sex_female,pincp,-0.2414473940877997,-0.0020142570067918086,-0.2393110314438136,-0.026438449637526062,-0.21488683881307935,24767,31895,,60,0.69,False,False,False
xgb_depth,depth 1,naics_2,92,race_bw,pincp,-0.10552062676527818,-0.0174128405523728,-0.08807498515840884,-0.02965852765571597,-0.07582929805506566,7382,43626,,59,0.57,False,False,False
xgb_depth,depth 1,naics_2,92,immigrant,pincp,0.04760441151955597,0.044215140827576604,0.0033190419997612963,0.0804952257625633,-0.03296104293522539,4213,52449,,60,0.67,False,True,True
xgb_depth,depth 1,naics_2,92,immigrant,hicov,-0.014170391838873697,0.00322115421295166,-0.017224371433258057,-0.004861593246459961,-0.009141623973846436,4213,52449,,60,0.68,True,False,True
xgb_depth,depth 1,st,1,sex_female,pincp,-0.31555702394613583,0.014762229484947653,-0.33013357224254314,0.0028345386044179577,-0.31820588136201344,5293,6854,,92,0.27,False,False,False
xgb_depth,depth 1,st,1,sex_female,hicov,0.021982361759625313,-0.009614348411560059,0.03184384107589722,-0.004463911056518555,0.026693403720855713,5293,6854,,92,0.25,False,False,False
xgb_depth,depth 1,st,1,race_bw,pincp,-0.28298982130619343,-0.1092139012916089,-0.17356654823335838,-0.14427149008026952,-0.13850895944469777,2338,9360,,91,0.25,False,False,False
xgb_depth,depth 1,st,1,race_bw,hicov,-0.03265821836181115,-0.02204221487045288,-0.011055946350097656,-0.021863996982574463,-0.011234164237976074,2338,9360,,91,0.32,False,False,False
xgb_depth,depth 1,st,1,immigrant,pincp,-0.10406233370699525,0.004659482685712035,-0.11128620610013584,0.0022060869895526025,-0.10883281040397641,463,11684,,92,0.27,False,False,False
xgb_depth,depth 1,st,1,immigrant,hicov,-0.19473714954566734,-0.04520273208618164,-0.1491684913635254,-0.027141213417053223,-0.1672300100326538,463,11684,,92,0.25,False,False,False
xgb_depth,depth 1,st,10,sex_female,pincp,-0.23852588673327801,0.0077365745233350935,-0.2443989923555563,0.010228644948499621,-0.24689106278072082,1208,1387,,88,0.11,False,False,False
xgb_depth,depth 1,st,10,sex_female,hicov,0.018984825985857268,-0.006829500198364258,0.02608776092529297,0.00022643804550170898,0.019031822681427002,1208,1387,,88,0.1,True,False,True
xgb_depth,depth 1,st,10,race_bw,pincp,-0.26441259231673087,-0.10745510668778202,-0.15651104069963218,-0.11413334220526039,-0.1498328051821538,431,1975,,87,0.09,False,False,False
xgb_depth,depth 1,st,10,immigrant,hicov,-0.056482306259616144,-0.02440953254699707,-0.03268098831176758,-0.004674017429351807,-0.05241650342941284,265,2330,,88,0.12,False,False,False
xgb_depth,depth 1,st,11,sex_female,pincp,-0.1948040157321529,-0.03284880894265818,-0.16284072879316902,-0.04650571688250871,-0.1491838208533185,1214,1142,,68,0.09,False,False,False
xgb_depth,depth 1,st,11,sex_female,hicov,0.01159848469548208,-0.0007901191711425781,0.012707412242889404,-0.003719806671142578,0.015637099742889404,1214,1142,,68,0.11,False,False,False
xgb_depth,depth 1,st,11,race_bw,pincp,-0.5086204482738559,-0.2771290206985295,-0.22998763444338266,-0.22598667698574815,-0.28112997815616403,642,1452,,66,0.09,False,False,False
xgb_depth,depth 1,st,11,race_bw,hicov,-0.030167863855204535,-0.02427196502685547,-0.005822718143463135,-0.030314624309539795,0.0002199411392211914,642,1452,,66,0.09,False,True,True
xgb_depth,depth 1,st,11,immigrant,pincp,-0.20919592588855096,-0.06612267645099479,-0.14194608108670081,0.007456646269739409,-0.215525403807435,316,2040,,68,0.08,True,False,True
xgb_depth,depth 1,st,11,immigrant,hicov,-0.046624472573839615,-0.015188395977020264,-0.03090566396713257,-0.007057666778564453,-0.03903639316558838,316,2040,,68,0.08,False,False,False
xgb_depth,depth 1,st,12,sex_female,pincp,-0.22696732350444826,0.011615977954697598,-0.23894337005728516,0.015104974931810844,-0.2424323670343984,22979,28252,,92,0.84,False,False,False
xgb_depth,depth 1,st,12,sex_female,hicov,0.04205411755614552,-0.0011748075485229492,0.04330796003341675,-1.1444091796875e-05,0.042144596576690674,22979,28252,,92,0.87,False,False,False
xgb_depth,depth 1,st,12,race_bw,pincp,-0.31454446007065684,-0.08157926049664077,-0.23290969115645943,-0.1276277337271825,-0.1868612179259177,6198,41213,,91,0.8,False,False,False
xgb_depth,depth 1,st,12,race_bw,hicov,-0.010981150374180237,-0.023924410343170166,0.013089120388031006,-0.03297460079193115,0.022139310836791992,6198,41213,,91,0.85,False,False,False
xgb_depth,depth 1,st,12,immigrant,pincp,-0.19235966803892168,-0.03756927527747145,-0.1546650225820425,-0.030806266312085384,-0.16142803154742857,12037,39194,,92,0.89,False,False,False
xgb_depth,depth 1,st,12,immigrant,hicov,-0.08944399925169921,-0.03321635723114014,-0.05626702308654785,-0.01864933967590332,-0.07083404064178467,12037,39194,,92,0.93,False,False,False
xgb_depth,depth 1,st,13,sex_female,pincp,-0.2577587064321296,0.0024608142281223877,-0.26064827050906914,0.00881393670854358,-0.2670013929894903,11957,14978,,92,0.5,False,False,False
xgb_depth,depth 1,st,13,sex_female,hicov,0.040407528990723085,-0.0034834742546081543,0.04386639595031738,0.007220208644866943,0.033162713050842285,11957,14978,,92,0.52,True,False,True
xgb_depth,depth 1,st,13,race_bw,pincp,-0.3001484008017652,-0.09592085788598048,-0.20489027800634751,-0.12878122487060573,-0.17202991102172227,6248,18543,,91,0.5,False,False,False
xgb_depth,depth 1,st,13,immigrant,pincp,-0.13744674471266727,-0.015636921333619824,-0.12159058987187699,0.019271616329531227,-0.15649912753502804,3334,23601,,92,0.47,True,False,True
xgb_depth,depth 1,st,13,immigrant,hicov,-0.1524436310144861,-0.061574459075927734,-0.0906364917755127,-0.027662932872772217,-0.12454801797866821,3334,23601,,92,0.49,False,False,False
xgb_depth,depth 1,st,15,sex_female,pincp,-0.20822507750450292,0.020793281621038773,-0.22953179222564124,0.02194153027042134,-0.2306800408750238,1861,2153,,87,0.13,False,False,False
xgb_depth,depth 1,st,15,immigrant,pincp,-0.22547582941900401,-0.10468392792033043,-0.1201161040092611,-0.05564541907912535,-0.16915461285046618,811,3203,,87,0.13,False,False,False
xgb_depth,depth 1,st,15,immigrant,hicov,-0.016183964401437767,0.00753706693649292,-0.02411067485809326,-0.0013448596000671387,-0.015228748321533203,811,3203,,87,0.14,True,False,True
xgb_depth,depth 1,st,16,sex_female,pincp,-0.2783884125134932,0.0009466215947213641,-0.2792823825352855,-0.0037785398277794258,-0.2745572211127847,1482,2423,,92,0.15,True,False,True
xgb_depth,depth 1,st,16,sex_female,hicov,0.02785997661858386,-0.016345441341400146,0.04494208097457886,-0.0015183091163635254,0.030114948749542236,1482,2423,,92,0.12,False,False,False
xgb_depth,depth 1,st,16,immigrant,pincp,-0.23283176258720495,-0.13605698117102527,-0.09528812083122418,-0.06846876445636063,-0.16287633754588882,270,3635,,92,0.17,False,False,False
xgb_depth,depth 1,st,16,immigrant,hicov,-0.21530898160884404,-0.07014793157577515,-0.14766335487365723,-0.02485579252243042,-0.19295549392700195,270,3635,,92,0.15,False,False,False
xgb_depth,depth 1,st,17,sex_female,pincp,-0.2669812951341086,0.01164968988217474,-0.27866149875725377,0.011970982282647924,-0.27898279115772695,16072,20780,,92,0.62,False,False,False
xgb_depth,depth 1,st,17,sex_female,hicov,0.021942164973691503,-0.004616916179656982,0.02651005983352661,-0.003307044506072998,0.025200188159942627,16072,20780,,92,0.66,False,False,False
xgb_depth,depth 1,st,17,race_bw,pincp,-0.2526898601930849,-0.0967443502026768,-0.15450191917545375,-0.13906786631535262,-0.11217840306277793,2889,29991,,91,0.64,False,False,False
xgb_depth,depth 1,st,17,race_bw,hicov,-0.010611837064445684,-0.00914233922958374,-0.0014001727104187012,-0.011177599430084229,0.0006350874900817871,2889,29991,,91,0.65,False,True,True
xgb_depth,depth 1,st,17,immigrant,pincp,-0.15593137100749743,-0.0506245380582282,-0.10460654404342051,-0.006024174272207361,-0.14920690782944135,5317,31535,,92,0.68,False,False,False
xgb_depth,depth 1,st,17,immigrant,hicov,-0.10988308425168858,-0.03588390350341797,-0.07374817132949829,-0.010650634765625,-0.09898144006729126,5317,31535,,92,0.67,False,False,False
xgb_depth,depth 1,st,18,sex_female,pincp,-0.27875708923041387,0.013050912591424435,-0.2921400519778494,0.006299579795333798,-0.2853887191817588,7777,10797,,92,0.38,False,False,False
xgb_depth,depth 1,st,18,sex_female,hicov,0.0213776825624451,-0.010303735733032227,0.03171682357788086,-0.011471927165985107,0.03288501501083374,7777,10797,,92,0.39,False,False,False
xgb_depth,depth 1,st,18,race_bw,pincp,-0.2081506916689495,-0.0812887766194077,-0.12689732842739332,-0.1186697869018829,-0.08951631814491812,952,16842,,91,0.37,False,False,False
xgb_depth,depth 1,st,18,race_bw,hicov,-0.02568159433349404,-0.017988204956054688,-0.00776982307434082,-0.022594690322875977,-0.0031633377075195312,952,16842,,91,0.37,False,False,False
xgb_depth,depth 1,st,18,immigrant,pincp,-0.06084523232568806,0.013511000933531747,-0.07511479981941882,0.01613537747310012,-0.0777391763589872,902,17672,,92,0.36,False,False,False
xgb_depth,depth 1,st,18,immigrant,hicov,-0.12342297535078728,-0.0351485013961792,-0.08782851696014404,-0.012554049491882324,-0.11042296886444092,902,17672,,92,0.36,False,False,False
xgb_depth,depth 1,st,19,sex_female,pincp,-0.2736595145704044,0.025576935101950582,-0.2986074685174511,0.02278781064542379,-0.29581834406092433,4140,5444,,91,0.22,False,False,False
xgb_depth,depth 1,st,19,sex_female,hicov,0.016002371089743006,-0.00391918420791626,0.02002817392349243,0.000619053840637207,0.015489935874938965,4140,5444,,91,0.24,True,False,True
xgb_depth,depth 1,st,19,race_bw,pincp,-0.24415269307218423,-0.0013994224375331044,-0.24270044402495294,-0.026469076301903982,-0.21763079016058207,111,9195,,90,0.23,False,False,False
xgb_depth,depth 1,st,19,race_bw,hicov,-0.03685316638008318,-0.002554178237915039,-0.03489011526107788,-0.028249919414520264,-0.009194374084472656,111,9195,,90,0.2,False,False,False
xgb_depth,depth 1,st,19,immigrant,pincp,-0.17885441342499675,-0.03747478440939389,-0.1435570644148889,-0.005427586061957257,-0.17560426276232555,337,9247,,91,0.23,False,False,False
xgb_depth,depth 1,st,19,immigrant,hicov,-0.09074592802413417,-0.01599276065826416,-0.074612557888031,-0.008431315422058105,-0.08217400312423706,337,9247,,91,0.24,False,False,False
xgb_depth,depth 1,st,2,sex_female,pincp,-0.2467624061895748,0.014811495472088154,-0.2641483045291011,-0.018221592917832652,-0.2311152161391803,633,751,,78,0.08,True,False,True
xgb_depth,depth 1,st,2,sex_female,hicov,0.016433065549251835,-0.027113676071166992,0.04322272539138794,0.0011036992073059082,0.015005350112915039,633,751,,78,0.07,True,False,True
xgb_depth,depth 1,st,2,immigrant,pincp,-0.4029133360731656,-0.22704402439858384,-0.17501438027591476,-0.0719870521442818,-0.3300713525302168,138,1246,,78,0.08,False,False,False
xgb_depth,depth 1,st,2,immigrant,hicov,-0.051969199990694825,-0.05918771028518677,0.006038486957550049,-0.0711098313331604,0.01796060800552368,138,1246,,78,0.09,False,False,False
xgb_depth,depth 1,st,20,sex_female,pincp,-0.2804944645361651,0.025109608513599113,-0.3052542146923116,0.027934179936027093,-0.3080787861147396,3580,4753,,92,0.18,False,False,False
xgb_depth,depth 1,st,20,sex_female,hicov,0.028491913957312542,-0.0065351128578186035,0.03512829542160034,0.0017853379249572754,0.026807844638824463,3580,4753,,92,0.2,True,False,True
xgb_depth,depth 1,st,20,race_bw,pincp,-0.17290278528006198,-0.07739424229777647,-0.09465717760470582,-0.11079861488253506,-0.06125280501994723,235,7590,,91,0.2,False,False,False
xgb_depth,depth 1,st,20,race_bw,hicov,-0.07053233537969883,-0.010328948497772217,-0.06087595224380493,-0.01637059450149536,-0.05483430624008179,235,7590,,91,0.2,False,False,False
xgb_depth,depth 1,st,20,immigrant,pincp,-0.16134057531916035,-0.07098346437232728,-0.0911330649459412,-0.03001029890495488,-0.1321062304133136,556,7777,,92,0.19,False,False,False
xgb_depth,depth 1,st,20,immigrant,hicov,-0.12007737258823514,-0.039166152477264404,-0.0811728835105896,-0.02426701784133911,-0.09607201814651489,556,7777,,92,0.21,False,False,False
xgb_depth,depth 1,st,21,sex_female,pincp,-0.27344839490346473,0.02671360376498022,-0.29928768229419234,0.014790114262186904,-0.287364192791399,5168,6566,,92,0.25,False,False,False
xgb_depth,depth 1,st,21,sex_female,hicov,0.018908447118046068,-0.0041220784187316895,0.022841691970825195,-0.0038030147552490234,0.02252262830734253,5168,6566,,92,0.23,False,False,False
xgb_depth,depth 1,st,21,race_bw,pincp,-0.26856783080580726,-0.10414221768764165,-0.16403494531336982,-0.12950236212231303,-0.13867480087869843,647,10738,,91,0.25,False,False,False
xgb_depth,depth 1,st,21,immigrant,pincp,-0.07145706307004751,0.020635640449345516,-0.09157705142274253,0.032487112486734304,-0.10342852346013132,445,11289,,92,0.24,False,False,False
xgb_depth,depth 1,st,21,immigrant,hicov,-0.12914371253313106,-0.03127700090408325,-0.09899145364761353,-0.010809719562530518,-0.11945873498916626,445,11289,,92,0.26,False,False,False
xgb_depth,depth 1,st,22,sex_female,pincp,-0.3786737215261695,0.001833482383839069,-0.37969761585913453,-0.03804060890228911,-0.33982352457300635,5065,5961,,92,0.23,True,False,True
xgb_depth,depth 1,st,22,sex_female,hicov,0.02384849994857985,-0.0116044282913208,0.03566086292266846,-0.008803188800811768,0.032859623432159424,5065,5961,,92,0.23,False,False,False
xgb_depth,depth 1,st,22,race_bw,pincp,-0.3835029925119162,-0.14295341215767543,-0.2397252386298927,-0.16361867313870704,-0.2190599776488611,2477,8026,,91,0.22,False,False,False
xgb_depth,depth 1,st,22,race_bw,hicov,-0.029161130645144806,-0.029594838619232178,0.00032573938369750977,-0.0299111008644104,0.0006420016288757324,2477,8026,,91,0.25,False,False,False
xgb_depth,depth 1,st,22,immigrant,pincp,-0.12196761308323723,-0.01942520218099908,-0.1011462355253645,0.03603367799833457,-0.15660511570469815,503,10523,,92,0.23,True,False,True
xgb_depth,depth 1,st,22,immigrant,hicov,-0.16816652116191944,-0.07380765676498413,-0.09310996532440186,-0.03936880826950073,-0.12754881381988525,503,10523,,92,0.24,False,False,False
xgb_depth,depth 1,st,23,sex_female,pincp,-0.19825235908339245,0.038084450500452505,-0.23560852686908262,0.02380469157603926,-0.22132876794466938,1463,1847,,89,0.11,False,False,False
xgb_depth,depth 1,st,23,sex_female,hicov,0.02401966426130797,-0.002873361110687256,0.026256144046783447,0.0015412569046020508,0.02184152603149414,1463,1847,,89,0.11,True,False,True
xgb_depth,depth 1,st,23,immigrant,pincp,0.01777096885950158,0.03970007887603266,-0.015142082461769846,0.04966969482414818,-0.025111698409885364,103,3207,,89,0.1,False,False,False
xgb_depth,depth 1,st,23,immigrant,hicov,0.013819890349084707,0.004670619964599609,0.009215056896209717,-0.008973002433776855,0.02285867929458618,103,3207,,89,0.12,True,False,True
xgb_depth,depth 1,st,24,sex_female,pincp,-0.21181734877639613,-0.0004529255067033944,-0.21178285763316218,-0.010899878674889507,-0.20133590446497607,8713,10246,,92,0.35,False,False,False
xgb_depth,depth 1,st,24,sex_female,hicov,0.020371533298194855,-0.0007126927375793457,0.021295249462127686,0.0047792792320251465,0.015803277492523193,8713,10246,,92,0.42,True,False,True
xgb_depth,depth 1,st,24,race_bw,pincp,-0.24287667447884864,-0.07330658153340508,-0.1690629618067696,-0.13334107031566234,-0.10902847302451235,4610,12209,,91,0.36,False,False,False
xgb_depth,depth 1,st,24,immigrant,pincp,-0.15568432450642078,-0.0027968518670675735,-0.153011979855453,0.01678637214113543,-0.172595203863656,3231,15728,,92,0.37,True,False,True
xgb_depth,depth 1,st,24,immigrant,hicov,-0.09323396376594617,-0.030273914337158203,-0.06309086084365845,-0.01036679744720459,-0.08299797773361206,3231,15728,,92,0.37,False,False,False
xgb_depth,depth 1,st,25,sex_female,pincp,-0.24144678808740672,0.004550375438132193,-0.24624834119913785,-0.016355350548831638,-0.22534261521217402,9062,11429,,92,0.38,True,False,True
xgb_depth,depth 1,st,25,race_bw,pincp,-0.3719536144677207,-0.13602137236192036,-0.23582745414060113,-0.17522539524310865,-0.19662343125941284,1013,17304,,91,0.35,False,False,False
xgb_depth,depth 1,st,25,race_bw,hicov,-0.02695569022038513,-0.015753626823425293,-0.01173931360244751,-0.016104936599731445,-0.011388003826141357,1013,17304,,91,0.38,False,False,False
xgb_depth,depth 1,st,25,immigrant,pincp,-0.14461822017134907,-0.03629394264420682,-0.10785397204067948,-0.030062839840340416,-0.11408507484454589,3687,16804,,92,0.38,False,False,False
xgb_depth,depth 1,st,25,immigrant,hicov,-0.027022590162996685,-0.008386492729187012,-0.018641412258148193,-0.0035019516944885254,-0.02352595329284668,3687,16804,,92,0.38,False,False,False
xgb_depth,depth 1,st,26,sex_female,pincp,-0.24651994082032935,0.012527831832546354,-0.25901310361180485,0.008554766703435135,-0.25504003848269363,10790,14934,,92,0.46,False,False,False
xgb_depth,depth 1,st,26,sex_female,hicov,0.019076658955257342,-0.004862070083618164,0.023916184902191162,-0.005674421787261963,0.02472853660583496,10790,14934,,92,0.49,False,False,False
xgb_depth,depth 1,st,26,race_bw,pincp,-0.2167167997666084,-0.07544496093598063,-0.14210786432873057,-0.11913966280821064,-0.09841316245650056,1695,22671,,91,0.49,False,False,False
xgb_depth,depth 1,st,26,race_bw,hicov,-0.01643165823712256,-0.01941657066345215,0.0032314062118530273,-0.017244994640350342,0.0010598301887512207,1695,22671,,91,0.46,False,False,False
xgb_depth,depth 1,st,26,immigrant,pincp,0.11652478612974271,0.14678344116292408,-0.029646788370571997,0.12860458118467832,-0.011467928392326243,1631,24093,,92,0.43,False,False,False
xgb_depth,depth 1,st,26,immigrant,hicov,-0.03729620884818308,0.028202950954437256,-0.06569075584411621,0.003984928131103516,-0.04147273302078247,1631,24093,,92,0.46,False,False,False
xgb_depth,depth 1,st,27,sex_female,pincp,-0.22993728022987447,0.020318748264518405,-0.25016219210516155,0.020176266063437254,-0.2500197099040804,7010,9668,,92,0.37,False,False,False
xgb_depth,depth 1,st,27,sex_female,hicov,0.017500090006769664,-9.47713851928711e-05,0.017772674560546875,-0.002333700656890869,0.020011603832244873,7010,9668,,92,0.35,False,False,False
xgb_depth,depth 1,st,27,race_bw,pincp,-0.270576940371841,-0.12214026289770707,-0.1462584422156361,-0.07108310074501567,-0.1973156043683275,307,15438,,91,0.36,False,False,False
xgb_depth,depth 1,st,27,race_bw,hicov,-0.05278400562426233,-0.03148716688156128,-0.020608067512512207,-0.04421001672744751,-0.007885217666625977,307,15438,,91,0.35,False,False,False
xgb_depth,depth 1,st,27,immigrant,pincp,-0.13052885294286476,-0.011340337360504549,-0.11765657554671805,0.015748193013614298,-0.1447451059208369,860,15818,,92,0.33,True,False,True
xgb_depth,depth 1,st,27,immigrant,hicov,-0.07335990496549405,-0.005999445915222168,-0.06792432069778442,-0.016341328620910645,-0.05758243799209595,860,15818,,92,0.3,False,False,False
xgb_depth,depth 1,st,28,sex_female,pincp,-0.31134078456686076,0.009070778450624317,-0.320239929829615,-0.013310669331559666,-0.29785848204743104,3262,3776,,92,0.17,True,False,True
xgb_depth,depth 1,st,28,sex_female,hicov,0.03289857397458151,-0.009762048721313477,0.042928338050842285,0.003032684326171875,0.030133605003356934,3262,3776,,92,0.19,True,False,True
xgb_depth,depth 1,st,28,race_bw,pincp,-0.3900275817952199,-0.09047607192153784,-0.3001064231193631,-0.13311290084585536,-0.25746959419504556,2102,4731,,91,0.18,False,False,False
xgb_depth,depth 1,st,28,race_bw,hicov,-0.022910712407444356,-0.03074932098388672,0.0075179338455200195,-0.03391408920288086,0.01068270206451416,2102,4731,,91,0.17,False,False,False
xgb_depth,depth 1,st,28,immigrant,pincp,-0.13604796160766774,-0.04000777309209802,-0.09579883594376426,0.028674528759561113,-0.1644811377954234,189,6849,,92,0.17,True,False,True
xgb_depth,depth 1,st,28,immigrant,hicov,-0.20993679994994052,-0.07315069437026978,-0.13720887899398804,-0.034218430519104004,-0.1761411428451538,189,6849,,92,0.18,False,False,False
xgb_depth,depth 1,st,29,sex_female,pincp,-0.27515273629759385,0.008512919921244588,-0.28334254322153996,0.019201336204559993,-0.29403095950485536,7601,9533,,92,0.35,False,False,False
xgb_depth,depth 1,st,29,sex_female,hicov,0.01863879096443022,-0.008944034576416016,0.02720874547958374,-0.0054405927658081055,0.02370530366897583,7601,9533,,92,0.34,False,False,False
xgb_depth,depth 1,st,29,race_bw,pincp,-0.1991943295278631,-0.07738709453715842,-0.12198608581195458,-0.1129817363372485,-0.0863914440118645,1153,15279,,91,0.31,False,False,False
xgb_depth,depth 1,st,29,immigrant,hicov,-0.07705422012447072,-0.012693703174591064,-0.06490832567214966,-0.002374410629272461,-0.07522761821746826,742,16392,,92,0.34,False,False,False
xgb_depth,depth 1,st,30,sex_female,pincp,-0.28979446174989043,0.04152166382066369,-0.3307412308615607,0.03921685374005435,-0.32843642078095137,1065,1480,,90,0.1,False,False,False
xgb_depth,depth 1,st,31,sex_female,pincp,-0.281439103191774,0.028139303171686336,-0.3095629394018662,0.030561370541908772,-0.3119850067720886,2516,3334,,92,0.16,False,False,False
xgb_depth,depth 1,st,31,race_bw,pincp,-0.2017146058405448,-0.05362967846584965,-0.14498941458510828,-0.10939141665935637,-0.08922767639160156,119,5464,,91,0.16,False,False,False
xgb_depth,depth 1,st,31,race_bw,hicov,-0.06312363891383777,-0.03518325090408325,-0.026170432567596436,-0.03519707918167114,-0.026156604290008545,119,5464,,91,0.17,False,False,False
xgb_depth,depth 1,st,31,immigrant,pincp,-0.30890042652009875,-0.09518827829365328,-0.21465746247620565,-0.06544391010337947,-0.24440183066647947,283,5567,,92,0.15,False,False,False
xgb_depth,depth 1,st,31,immigrant,hicov,-0.1141031101372868,-0.024954020977020264,-0.09244167804718018,-0.03273051977157593,-0.08466517925262451,283,5567,,92,0.14,False,False,False
xgb_depth,depth 1,st,32,sex_female,pincp,-0.22430918693346769,0.023826014048955457,-0.2476371108286486,0.03404751901575587,-0.257858615795449,3203,4225,,91,0.18,False,False,False
xgb_depth,depth 1,st,32,sex_female,hicov,0.04386575455333108,-0.005763232707977295,0.049694955348968506,0.0006605982780456543,0.04327112436294556,3203,4225,,91,0.17,True,False,True
xgb_depth,depth 1,st,32,race_bw,pincp,-0.22144703617116335,-0.04975932619640133,-0.169333049776359,-0.08478972606176605,-0.13430264991099428,508,5229,,90,0.15,False,False,False
xgb_depth,depth 1,st,32,race_bw,hicov,0.01350433605437873,-0.01848459243774414,0.03066021203994751,-0.008446812629699707,0.020622432231903076,508,5229,,90,0.15,False,False,False
xgb_depth,depth 1,st,32,immigrant,pincp,-0.30383233352831596,-0.09516461283153888,-0.20899465411923046,-0.11266823876824184,-0.1914910281825275,1872,5556,,91,0.18,False,False,False
xgb_depth,depth 1,st,32,immigrant,hicov,-0.1171244761957504,-0.044084250926971436,-0.07302504777908325,-0.01770496368408203,-0.09940433502197266,1872,5556,,91,0.19,False,False,False
xgb_depth,depth 1,st,33,sex_female,pincp,-0.2749833742141927,0.014086374715194694,-0.2901594671484542,0.012840501664898696,-0.2889135940981582,1775,2482,,92,0.13,False,False,False
xgb_depth,depth 1,st,33,sex_female,hicov,0.02131947202959905,-0.0051923394203186035,0.026501059532165527,0.0018309354782104492,0.019477784633636475,1775,2482,,92,0.13,True,False,True
xgb_depth,depth 1,st,33,immigrant,pincp,-0.01960434517791043,-0.0005985682421290051,-0.024205806818962117,0.06781650588969335,-0.09262088095078447,213,4044,,92,0.12,True,False,True
xgb_depth,depth 1,st,34,sex_female,pincp,-0.27959417182269064,0.0005006873222246355,-0.27934053429570227,-0.015204181326142319,-0.2636356656473353,11310,14947,,92,0.45,True,False,True
xgb_depth,depth 1,st,34,sex_female,hicov,0.026453037100081955,-0.005752503871917725,0.032070815563201904,-0.0030769705772399902,0.02939528226852417,11310,14947,,92,0.51,False,False,False
xgb_depth,depth 1,st,34,race_bw,pincp,-0.3485279411658162,-0.113966785459656,-0.23417653184644216,-0.1740555394871457,-0.17408777781895246,2450,19368,,91,0.42,False,False,False
xgb_depth,depth 1,st,34,immigrant,pincp,-0.18133677494972034,-0.02099589581218808,-0.15993460749105637,-0.021510687606809853,-0.1594198156964346,6979,19278,,92,0.5,False,False,False
xgb_depth,depth 1,st,34,immigrant,hicov,-0.1122939833089891,-0.034292757511138916,-0.07790696620941162,-0.012645244598388672,-0.09955447912216187,6979,19278,,92,0.52,False,False,False
xgb_depth,depth 1,st,35,sex_female,pincp,-0.19025334313377584,0.028126142662458165,-0.21800070745433686,-5.808248450378528e-05,-0.1898164823073749,2064,2495,,90,0.15,True,False,True
xgb_depth,depth 1,st,35,sex_female,hicov,0.027719392272917864,-0.01086646318435669,0.03811699151992798,0.006481647491455078,0.02076888084411621,2064,2495,,90,0.15,True,False,True
xgb_depth,depth 1,st,35,race_bw,pincp,-0.15214511430401068,-0.03895103751322182,-0.10999583964254356,-0.013454580794554971,-0.1354922963612104,67,3264,,88,0.11,False,False,False
xgb_depth,depth 1,st,35,immigrant,pincp,-0.22003643556194064,-0.09332845072424512,-0.126234275815996,-0.04118338938515187,-0.17837933715508925,490,4069,,90,0.16,False,False,False
xgb_depth,depth 1,st,35,immigrant,hicov,-0.16557044051338898,-0.08976638317108154,-0.07639122009277344,-0.01910257339477539,-0.1470550298690796,490,4069,,90,0.14,False,False,False
xgb_depth,depth 1,st,36,sex_female,pincp,-0.2004874804493344,0.0335112715357635,-0.2338610845611946,0.029974104003391844,-0.23032391702882293,24821,30289,,92,0.91,False,False,False
xgb_depth,depth 1,st,36,sex_female,hicov,0.03008149330087584,-0.00038355588912963867,0.030452966690063477,0.003926873207092285,0.026142537593841553,24821,30289,,92,0.99,True,False,True
xgb_depth,depth 1,st,36,race_bw,pincp,-0.27242488117953023,-0.09158744004577812,-0.18054019248709174,-0.14698242301522413,-0.12514520951764574,6432,39884,,91,0.84,False,False,False
xgb_depth,depth 1,st,36,race_bw,hicov,-0.021661153788773424,-0.016687333583831787,-0.005065739154815674,-0.030525624752044678,0.008772552013397217,6432,39884,,91,0.86,False,True,True
xgb_depth,depth 1,st,36,immigrant,pincp,-0.16921449805576216,-0.08867027154120599,-0.08065119988931535,-0.045190572328497325,-0.12413089910202402,13520,41590,,92,0.96,False,False,False
xgb_depth,depth 1,st,36,immigrant,hicov,-0.08273276675236285,-0.01987546682357788,-0.06315690279006958,-0.012030363082885742,-0.07100200653076172,13520,41590,,92,0.95,False,False,False
xgb_depth,depth 1,st,37,sex_female,pincp,-0.2513797037125798,0.0013421589288604707,-0.2523433990882378,0.0015744286289898213,-0.2525756687883671,11762,14924,,92,0.53,False,False,False
xgb_depth,depth 1,st,37,sex_female,hicov,0.026121671345438635,-0.005595266819000244,0.03178822994232178,0.0037183761596679688,0.022474586963653564,11762,14924,,92,0.49,True,False,True
xgb_depth,depth 1,st,37,race_bw,pincp,-0.3428412819155735,-0.09804296083430053,-0.24418455686134877,-0.14611936256961044,-0.19610815512603885,4251,20487,,91,0.47,False,False,False
xgb_depth,depth 1,st,37,race_bw,hicov,-0.020227158183069305,-0.02242368459701538,0.0019295811653137207,-0.021212995052337646,0.0007188916206359863,4251,20487,,91,0.53,False,False,False
xgb_depth,depth 1,st,37,immigrant,pincp,-0.10334814145842763,-0.008639240198265341,-0.09444332824812385,0.012299917126487259,-0.11538248557287645,2369,24317,,92,0.49,True,False,True
xgb_depth,depth 1,st,37,immigrant,hicov,-0.16151536030195512,-0.07819676399230957,-0.08288055658340454,-0.03276556730270386,-0.12831175327301025,2369,24317,,92,0.53,False,False,False
xgb_depth,depth 1,st,38,sex_female,pincp,-0.40017355186717296,-0.0025593741391141123,-0.39626555388930207,-0.0068297346845103135,-0.39199519334390587,943,1416,,88,0.11,False,False,False
xgb_depth,depth 1,st,38,sex_female,hicov,0.016556727836991025,-0.006144821643829346,0.022686004638671875,0.0023802518844604492,0.01416093111038208,943,1416,,88,0.12,True,False,True
xgb_depth,depth 1,st,38,immigrant,pincp,-0.05300269840215499,-0.14676248357474364,0.08633194543928369,0.0009604667400644473,-0.0613910048755244,67,2292,,88,0.12,True,True,True
xgb_depth,depth 1,st,38,immigrant,hicov,-0.01301737386366586,0.010254085063934326,-0.020593225955963135,-0.01719379425048828,0.006854653358459473,67,2292,,88,0.11,True,True,True
xgb_depth,depth 1,st,39,sex_female,pincp,-0.26401311233596125,0.015039433416056625,-0.2793054534274759,0.004705285746437582,-0.2689713057578569,14095,18698,,92,0.63,False,False,False
xgb_depth,depth 1,st,39,sex_female,hicov,0.017501789330388817,-0.00654292106628418,0.023871004581451416,-0.006657600402832031,0.023985683917999268,14095,18698,,92,0.58,False,False,False
xgb_depth,depth 1,st,39,race_bw,pincp,-0.24536897415986836,-0.08849233974226678,-0.15651709807168146,-0.11748333695314628,-0.12752610086080196,2358,29190,,91,0.61,False,False,False
xgb_depth,depth 1,st,39,race_bw,hicov,-0.01722050930684027,-0.013952195644378662,-0.0032066702842712402,-0.017842411994934082,0.0006835460662841797,2358,29190,,91,0.64,False,True,True
xgb_depth,depth 1,st,39,immigrant,pincp,0.048812748806545514,0.11313173110912977,-0.06394760211612294,0.10449108513253158,-0.05530695613952474,1377,31416,,92,0.59,False,False,False
xgb_depth,depth 1,st,39,immigrant,hicov,-0.04787251600977094,0.0017237663269042969,-0.049952805042266846,-0.00019973516464233398,-0.048029303550720215,1377,31416,,92,0.58,True,False,True
xgb_depth,depth 1,st,4,sex_female,pincp,-0.23532286018952853,0.002107897439664441,-0.23774061538415836,-0.011256631951471974,-0.22437608599302195,7274,9525,,92,0.34,True,False,True
xgb_depth,depth 1,st,4,sex_female,hicov,0.028002182295263744,-0.009238839149475098,0.037353515625,0.00306856632232666,0.025046110153198242,7274,9525,,92,0.37,True,False,True
xgb_depth,depth 1,st,4,race_bw,pincp,-0.23746491036643214,-0.05858078600001804,-0.179783090142557,-0.07668931250448097,-0.16167456363809407,580,13266,,91,0.34,False,False,False
xgb_depth,depth 1,st,4,immigrant,pincp,-0.22653950430917114,-0.05380221149767905,-0.17232830321699666,-0.06778207482061482,-0.1583484398940609,2617,14182,,92,0.37,False,False,False
xgb_depth,depth 1,st,4,immigrant,hicov,-0.12441581133134316,-0.04279714822769165,-0.08119696378707886,-0.032530367374420166,-0.09146374464035034,2617,14182,,92,0.36,False,False,False
xgb_depth,depth 1,st,40,sex_female,pincp,-0.29664627375391106,0.022184051030585294,-0.3180730903621338,0.011013624315234338,-0.30690266364678287,4029,5523,,92,0.22,False,False,False
xgb_depth,depth 1,st,40,sex_female,hicov,0.0268521712963955,-0.013224601745605469,0.04028153419494629,0.004019796848297119,0.0230371356010437,4029,5523,,92,0.23,True,False,True
xgb_depth,depth 1,st,40,race_bw,pincp,-0.2351882977597448,-0.05275228195390902,-0.18423517724277438,-0.0940632273980242,-0.1429242317986592,446,7317,,91,0.2,False,False,False
xgb_depth,depth 1,st,40,immigrant,pincp,-0.21193833439191856,-0.05424256424769247,-0.1577656718559819,-0.02606410429364381,-0.18594413181003056,556,8996,,92,0.22,False,False,False
xgb_depth,depth 1,st,40,immigrant,hicov,-0.21967477152115567,-0.07058167457580566,-0.14970403909683228,-0.06803357601165771,-0.15225213766098022,556,8996,,92,0.25,False,False,False
xgb_depth,depth 1,st,41,sex_female,pincp,-0.2149141704901094,0.02181340000068488,-0.23642357936966185,0.01167780285811304,-0.22628798222709,4421,6132,,91,0.21,False,False,False
xgb_depth,depth 1,st,41,sex_female,hicov,0.019092850303944253,-0.0034360289573669434,0.022724926471710205,0.0002853274345397949,0.019003570079803467,4421,6132,,91,0.25,True,False,True
xgb_depth,depth 1,st,41,race_bw,pincp,-0.25634392603690337,-0.026160329407780125,-0.2303641263849272,-0.05238752726347684,-0.2041369285292305,131,9171,,90,0.22,False,False,False
xgb_depth,depth 1,st,41,race_bw,hicov,0.014280827134320662,-0.009312093257904053,0.02388077974319458,-0.021111667156219482,0.03568035364151001,131,9171,,90,0.22,False,False,False
xgb_depth,depth 1,st,41,immigrant,pincp,-0.14781387524339173,-0.012084787604562663,-0.13476425888470445,-0.006227359421968615,-0.1406216870672985,1186,9367,,91,0.23,False,False,False
xgb_depth,depth 1,st,41,immigrant,hicov,-0.06071924489673575,-0.025463461875915527,-0.034631431102752686,-0.013079404830932617,-0.047015488147735596,1186,9367,,91,0.23,False,False,False
xgb_depth,depth 1,st,42,sex_female,pincp,-0.2608191999909497,0.021083894395061975,-0.28225955498473,0.01222911392503434,-0.27340477451470235,15681,20483,,92,0.63,False,False,False
xgb_depth,depth 1,st,42,sex_female,hicov,0.02210470837581824,-0.005842626094818115,0.027951359748840332,-0.0022522807121276855,0.024361014366149902,15681,20483,,92,0.68,False,False,False
xgb_depth,depth 1,st,42,race_bw,pincp,-0.18461695160788594,-0.07020689363763566,-0.11452406315161667,-0.12274128913857218,-0.06198966765068015,1775,32726,,91,0.63,False,False,False
xgb_depth,depth 1,st,42,race_bw,hicov,-0.02623379954603866,-0.018940448760986328,-0.007549166679382324,-0.010384559631347656,-0.016105055809020996,1775,32726,,91,0.64,False,False,False
xgb_depth,depth 1,st,42,immigrant,pincp,0.01895036834457109,0.06661272421128928,-0.04709921283632923,0.0684115509938028,-0.04889803961884276,2085,34079,,92,0.62,False,False,False
xgb_depth,depth 1,st,42,immigrant,hicov,-0.05231362901110781,-0.00475919246673584,-0.047343432903289795,-0.003691434860229492,-0.04841119050979614,2085,34079,,92,0.65,False,False,False
xgb_depth,depth 1,st,44,sex_female,pincp,-0.2343378528442699,0.041368783179654756,-0.2745905347961468,0.03763718955856987,-0.27085894117506193,1329,1569,,88,0.12,False,False,False
xgb_depth,depth 1,st,44,sex_female,hicov,0.019553510668755658,-0.003879725933074951,0.024024546146392822,-0.0037627816200256348,0.023907601833343506,1329,1569,,88,0.12,False,False,False
xgb_depth,depth 1,st,44,race_bw,pincp,-0.2926052160795276,-0.050919782159500215,-0.2419862466588416,-0.13731348258793297,-0.15559254623040886,123,2515,,87,0.11,False,False,False
xgb_depth,depth 1,st,44,immigrant,pincp,-0.24674267801177407,-0.11364942314880722,-0.13146409929655434,-0.06563314279284782,-0.17948037965251373,463,2435,,88,0.12,False,False,False
xgb_depth,depth 1,st,44,immigrant,hicov,-0.05373667847845276,-0.03661578893661499,-0.015880048274993896,-0.007172584533691406,-0.04532325267791748,463,2435,,88,0.12,False,False,False
xgb_depth,depth 1,st,45,sex_female,pincp,-0.2785360372270027,-0.010378488870056657,-0.26786472474620204,-0.007562771988615324,-0.2706804416276434,5691,7032,,92,0.28,False,False,False
xgb_depth,depth 1,st,45,sex_female,hicov,0.032366685197812495,-0.0057367682456970215,0.03831976652145386,0.0022649168968200684,0.030318081378936768,5691,7032,,92,0.28,True,False,True
xgb_depth,depth 1,st,45,race_bw,pincp,-0.3830184381611712,-0.10626625606116136,-0.27714549362702634,-0.15911155882901973,-0.22430019085916797,2541,9653,,91,0.28,False,False,False
xgb_depth,depth 1,st,45,race_bw,hicov,-0.01027585594795033,-0.019460618495941162,0.009251773357391357,-0.02813088893890381,0.017922043800354004,2541,9653,,91,0.3,False,False,False
xgb_depth,depth 1,st,45,immigrant,pincp,-0.08057504916947344,-0.0995268013668742,0.01739987909018481,0.012931371605441555,-0.09505829388213094,654,12069,,92,0.26,True,True,True
xgb_depth,depth 1,st,45,immigrant,hicov,-0.20226282970777365,-0.09410732984542847,-0.10860180854797363,-0.039044201374053955,-0.16366493701934814,654,12069,,92,0.28,False,False,False
xgb_depth,depth 1,st,46,sex_female,pincp,-0.2908753073247148,0.011163860678102822,-0.29986160373111304,0.0024931239218073387,-0.29119086697481755,1104,1489,,87,0.12,False,False,False
xgb_depth,depth 1,st,46,sex_female,hicov,0.02619511684721776,-0.006391465663909912,0.03234207630157471,-0.005966842174530029,0.031917452812194824,1104,1489,,87,0.09,False,False,False
xgb_depth,depth 1,st,46,immigrant,pincp,-0.23296569506982934,-0.0014042055215739424,-0.22233952437372118,-0.07779409370842139,-0.14594963618687373,77,2516,,87,0.08,False,False,False
xgb_depth,depth 1,st,46,immigrant,hicov,-0.05143187496128676,-0.030663013458251953,-0.019138097763061523,-0.1192704439163208,0.06946933269500732,77,2516,,87,0.11,False,True,True
xgb_depth,depth 1,st,47,sex_female,pincp,-0.2515418813310255,0.021103717068632122,-0.27217885698919986,0.018627790946819545,-0.2697029308673873,7731,9938,,92,0.34,False,False,False
xgb_depth,depth 1,st,47,sex_female,hicov,0.03620466553737811,-0.003106355667114258,0.03928309679031372,0.0077803730964660645,0.0283963680267334,7731,9938,,92,0.37,True,False,True
xgb_depth,depth 1,st,47,race_bw,pincp,-0.24291613774690468,-0.09816055141109636,-0.14483158582791944,-0.12446403107673731,-0.11852810616227849,2084,14855,,91,0.35,False,False,False
xgb_depth,depth 1,st,47,race_bw,hicov,-0.019212108604546363,-0.022473156452178955,0.002314925193786621,-0.017691612243652344,-0.0024666190147399902,2084,14855,,91,0.34,False,True,True
xgb_depth,depth 1,st,47,immigrant,pincp,-0.12017643285205182,-0.0393746826894521,-0.0800273409711032,-0.006546154165341989,-0.11285586949521331,982,16687,,92,0.31,False,False,False
xgb_depth,depth 1,st,47,immigrant,hicov,-0.22928094933956544,-0.08712035417556763,-0.14226830005645752,-0.02764362096786499,-0.20174503326416016,982,16687,,92,0.34,False,False,False
xgb_depth,depth 1,st,48,sex_female,pincp,-0.280056055773656,0.005537655777528627,-0.2852098968931962,-0.007336757525404636,-0.27233548359026294,31110,42184,,92,1.28,True,False,True
xgb_depth,depth 1,st,48,sex_female,hicov,0.05040712336269337,-0.00978940725326538,0.05998396873474121,0.014249444007873535,0.035945117473602295,31110,42184,,92,1.29,True,False,True
xgb_depth,depth 1,st,48,race_bw,pincp,-0.2224747386930428,-0.06592897036756362,-0.1563277873844502,-0.08629448689567987,-0.13596227085633394,6632,57703,,91,1.18,False,False,False
xgb_depth,depth 1,st,48,race_bw,hicov,0.020478520087899965,-0.010790884494781494,0.03133350610733032,-0.0007944703102111816,0.02133709192276001,6632,57703,,91,1.27,False,False,False
xgb_depth,depth 1,st,48,immigrant,pincp,-0.24244797762234072,-0.07040837607274675,-0.17209444955607722,-0.04686981337937901,-0.19563301224944496,14045,59249,,92,1.25,False,False,False
xgb_depth,depth 1,st,48,immigrant,hicov,-0.18640997892927536,-0.08225041627883911,-0.1040884256362915,-0.04475134611129761,-0.141587495803833,14045,59249,,92,1.29,False,False,False
xgb_depth,depth 1,st,49,sex_female,pincp,-0.3688677720811935,-0.02259586705762473,-0.34597862380284106,-0.05308843327014223,-0.31548605759032355,2631,4858,,91,0.2,False,False,False
xgb_depth,depth 1,st,49,sex_female,hicov,0.016111383121001355,-0.016001224517822266,0.03237152099609375,-0.01586019992828369,0.032230496406555176,2631,4858,,91,0.2,False,False,False
xgb_depth,depth 1,st,49,race_bw,pincp,-0.3013406887576444,-0.24984522768759376,-0.05194221241146124,-0.09254490192947529,-0.20924253816957972,54,6795,,90,0.27,False,False,False
xgb_depth,depth 1,st,49,immigrant,pincp,-0.33821703312701956,-0.13469178038041463,-0.2024762419063908,-0.10953224988600141,-0.22763577240080402,677,6812,,91,0.17,False,False,False
xgb_depth,depth 1,st,49,immigrant,hicov,-0.16394736545378696,-0.05999189615249634,-0.10412776470184326,-0.038223087787628174,-0.12589657306671143,677,6812,,91,0.2,False,False,False
xgb_depth,depth 1,st,5,sex_female,pincp,-0.2661997987464133,0.006822860825524302,-0.2742087756152536,0.021882259909929758,-0.28926817469965904,3295,4129,,92,0.2,False,False,False
xgb_depth,depth 1,st,5,sex_female,hicov,0.0323388622831734,-0.006751298904418945,0.03900468349456787,0.004366815090179443,0.027886569499969482,3295,4129,,92,0.2,True,False,True
xgb_depth,depth 1,st,5,race_bw,pincp,-0.2823326565036659,-0.09560457502184327,-0.18715466258996472,-0.1042550952310961,-0.17850414238071188,802,6230,,91,0.18,False,False,False
xgb_depth,depth 1,st,5,immigrant,pincp,-0.24308967053588226,-0.02240084976486223,-0.22009713107689066,-0.013498121000170116,-0.22899985984158278,391,7033,,92,0.21,False,False,False
xgb_depth,depth 1,st,5,immigrant,hicov,-0.14289813131590456,-0.040080487728118896,-0.1028130054473877,-0.022614657878875732,-0.12027883529663086,391,7033,,92,0.22,False,False,False
xgb_depth,depth 1,st,50,sex_female,pincp,-0.14022086869054817,0.03536818726580648,-0.1761719484737423,0.052898772003569405,-0.1937025332115052,852,1028,,86,0.11,False,False,False
xgb_depth,depth 1,st,50,sex_female,hicov,0.029192013298989794,-0.0011863112449645996,0.0301782488822937,0.0018862485885620117,0.02710568904876709,852,1028,,86,0.12,True,False,True
xgb_depth,depth 1,st,50,immigrant,pincp,0.08646994507348538,0.027608398864353845,0.06128040731051598,0.03603278298050938,0.052856023194360446,61,1819,,86,0.09,False,False,False
xgb_depth,depth 1,st,50,immigrant,hicov,-0.033039230706837674,0.014167726039886475,-0.04420793056488037,0.01361614465713501,-0.043656349182128906,61,1819,,86,0.09,False,False,False
xgb_depth,depth 1,st,51,sex_female,pincp,-0.27302751178342,-0.026816611866230744,-0.24688776617876762,-0.0317629594164508,-0.24194141862854757,11165,13892,,92,0.43,False,False,False
xgb_depth,depth 1,st,51,sex_female,hicov,0.018292008635743984,-0.009113311767578125,0.027437448501586914,-0.0008470416069030762,0.019171178340911865,11165,13892,,92,0.52,False,False,False
xgb_depth,depth 1,st,51,race_bw,pincp,-0.3105158451780081,-0.12067411283356755,-0.1892075539914817,-0.15767342430451414,-0.1522082425205351,3571,18633,,91,0.46,False,False,False
xgb_depth,depth 1,st,51,race_bw,hicov,-0.012815493743969841,-0.021534860134124756,0.0086517333984375,-0.018202245235443115,0.005319118499755859,3571,18633,,91,0.42,False,False,False
xgb_depth,depth 1,st,51,immigrant,pincp,-0.08827680242906055,0.004313866651843412,-0.09281806629817524,0.037544483404705176,-0.126048683051037,3568,21489,,92,0.52,False,False,False
xgb_depth,depth 1,st,51,immigrant,hicov,-0.08259353987972162,-0.02664560079574585,-0.05619782209396362,-0.008174657821655273,-0.0746687650680542,3568,21489,,92,0.48,False,False,False
xgb_depth,depth 1,st,53,sex_female,pincp,-0.2748983811241228,-0.012039057557808874,-0.2633147078781679,-0.020622253953384018,-0.25473151148259277,8203,11854,,92,0.41,False,False,False
xgb_depth,depth 1,st,53,sex_female,hicov,0.02300643443582484,-0.0043108463287353516,0.027465403079986572,-0.0050972700119018555,0.028251826763153076,8203,11854,,92,0.39,False,False,False
xgb_depth,depth 1,st,53,race_bw,pincp,-0.2401969338879315,-0.08205711969627671,-0.1585127307159091,-0.05696220510929528,-0.18360764530289053,498,16076,,91,0.35,False,False,False
xgb_depth,depth 1,st,53,immigrant,pincp,-0.06386455533668745,0.011560133666518979,-0.07571422651326465,0.021338827679750594,-0.08549292052649626,3142,16915,,92,0.34,False,False,False
xgb_depth,depth 1,st,53,immigrant,hicov,-0.08703524361614123,-0.03690648078918457,-0.049883365631103516,-0.005526065826416016,-0.08126378059387207,3142,16915,,92,0.38,False,False,False
xgb_depth,depth 1,st,54,sex_female,pincp,-0.2653994856022521,0.023492756572398577,-0.2908872858468854,-0.0038432517466535643,-0.26355127752783325,1870,2372,,91,0.14,True,False,True
xgb_depth,depth 1,st,54,sex_female,hicov,0.019418618282818212,-0.005862116813659668,0.025185108184814453,-0.0019139647483825684,0.021236956119537354,1870,2372,,91,0.14,False,False,False
xgb_depth,depth 1,st,54,race_bw,pincp,-0.10287333642424024,-0.0910598177354558,-0.014097262125032373,-0.04648067139394918,-0.05867640846653899,95,4041,,90,0.14,False,False,False
xgb_depth,depth 1,st,54,immigrant,pincp,0.09627748981801787,0.07967042468367325,0.0130582701441746,0.07751876084201292,0.015209933985834923,92,4150,,91,0.16,False,False,False
xgb_depth,depth 1,st,54,immigrant,hicov,-0.03514929282346779,-0.027363479137420654,-0.008745193481445312,0.008159399032592773,-0.04426807165145874,92,4150,,91,0.13,True,False,True
xgb_depth,depth 1,st,55,sex_female,pincp,-0.24014252727026175,0.04231026544814398,-0.28278853615764454,0.04177630841298097,-0.28225457912248153,7379,10129,,92,0.37,False,False,False
xgb_depth,depth 1,st,55,sex_female,hicov,0.020999134207080772,-0.005173206329345703,0.02618950605392456,-0.0010794401168823242,0.02209573984146118,7379,10129,,92,0.36,False,False,False
xgb_depth,depth 1,st,55,race_bw,pincp,-0.23597190532807133,-0.07786991376995367,-0.15874758356242502,-0.09472931429427156,-0.14188818303810713,357,16436,,91,0.35,False,False,False
xgb_depth,depth 1,st,55,race_bw,hicov,-0.03011085183647566,-0.01871401071548462,-0.01196223497390747,-0.018464386463165283,-0.012211859226226807,357,16436,,91,0.36,False,False,False
xgb_depth,depth 1,st,55,immigrant,pincp,-0.08377285580072602,0.008515183387350689,-0.09125220496793496,0.005448893833355228,-0.0881859154139395,662,16846,,92,0.36,False,False,False
xgb_depth,depth 1,st,55,immigrant,hicov,-0.1264630042973257,-0.03469651937484741,-0.09151947498321533,-0.0169217586517334,-0.10929423570632935,662,16846,,92,0.35,False,False,False
xgb_depth,depth 1,st,56,sex_female,pincp,-0.36346992208175166,0.017321737909160362,-0.37954043843257423,-0.0032811967735728587,-0.358937503749841,647,956,,85,0.09,True,False,True
xgb_depth,depth 1,st,56,sex_female,hicov,0.03127243214579034,-0.0021907687187194824,0.03348451852798462,-0.008247017860412598,0.039540767669677734,647,956,,85,0.08,False,False,False
xgb_depth,depth 1,st,56,immigrant,pincp,-0.18877279319069018,-0.00483443902337477,-0.1756879681164456,0.02277401114367983,-0.2032964182835002,51,1552,,85,0.07,True,False,True
xgb_depth,depth 1,st,56,immigrant,hicov,-0.07889882757226607,-0.02466505765914917,-0.05679512023925781,-0.033462703227996826,-0.047997474670410156,51,1552,,85,0.09,False,False,False
xgb_depth,depth 1,st,6,sex_female,pincp,-0.18146729971729947,0.028284376629084562,-0.2097507805932164,0.01979605591014888,-0.2012624598742807,41076,58207,,92,1.55,False,False,False
xgb_depth,depth 1,st,6,sex_female,hicov,0.03384123084023194,-0.002165853977203369,0.03606694936752319,0.004455864429473877,0.029445230960845947,41076,58207,,92,1.56,True,False,True
xgb_depth,depth 1,st,6,race_bw,pincp,-0.18246297664314604,-0.07701601070255037,-0.10514923861632575,-0.07969537323950782,-0.1024698760793683,4119,61748,,91,1.11,False,False,False
xgb_depth,depth 1,st,6,race_bw,hicov,0.015345646834364346,0.002093672752380371,0.01307535171508789,0.006526052951812744,0.008642971515655518,4119,61748,,91,1.21,False,False,False
xgb_depth,depth 1,st,6,immigrant,pincp,-0.26875090094567966,-0.0749213998642233,-0.19386935645654546,-0.0712441825466481,-0.19754657377412066,35042,64241,,92,1.48,False,False,False
xgb_depth,depth 1,st,6,immigrant,hicov,-0.080050513778545,-0.030896365642547607,-0.04918646812438965,-0.012467682361602783,-0.06761515140533447,35042,64241,,92,1.49,False,False,False
xgb_depth,depth 1,st,8,sex_female,pincp,-0.21981364393633918,0.0018104061480297418,-0.2213938728179876,0.00788976936348007,-0.22747323603343794,6943,9596,,92,0.34,False,False,False
xgb_depth,depth 1,st,8,sex_female,hicov,0.03742758652198985,-0.002848684787750244,0.04026275873184204,0.006087124347686768,0.03132694959640503,6943,9596,,92,0.35,True,False,True
xgb_depth,depth 1,st,8,race_bw,pincp,-0.22475618247098517,-0.07934537839100386,-0.1469502839299306,-0.08668386299541808,-0.13961179932551637,402,14662,,91,0.31,False,False,False
xgb_depth,depth 1,st,8,immigrant,pincp,-0.23250097022780913,-0.1163732582165995,-0.11614374425925256,-0.07076050027462522,-0.16175650220122684,1649,14890,,92,0.35,False,False,False
xgb_depth,depth 1,st,8,immigrant,hicov,-0.15452220671420613,-0.07534873485565186,-0.0791119933128357,-0.021350979804992676,-0.13310974836349487,1649,14890,,92,0.34,False,False,False
xgb_depth,depth 1,st,9,sex_female,pincp,-0.32591543934684,-0.008214173561952975,-0.3175317690678625,-0.016276376759188693,-0.3094695658706268,4662,6012,,92,0.22,False,False,False
xgb_depth,depth 1,st,9,sex_female,hicov,0.01643880835497602,-0.0042740702629089355,0.02053457498550415,-0.0030261874198913574,0.019286692142486572,4662,6012,,92,0.26,False,False,False
xgb_depth,depth 1,st,9,race_bw,pincp,-0.4323223792453419,-0.12486503011434813,-0.3086439434698036,-0.2182934316992,-0.21521554188495173,757,8886,,91,0.21,False,False,False
xgb_depth,depth 1,st,9,race_bw,hicov,-0.02647716518436527,-0.024153053760528564,-0.0027074813842773438,-0.03191441297531128,0.005053877830505371,757,8886,,91,0.23,False,True,True
xgb_depth,depth 1,st,9,immigrant,pincp,-0.12330295028208837,-0.038571355345114355,-0.08628848922156784,-0.03930321783143498,-0.08555662673524722,1722,8952,,92,0.23,False,False,False
xgb_depth,depth 1,st,9,immigrant,hicov,-0.07303061157765922,-0.019969582557678223,-0.0529899001121521,-0.006632745265960693,-0.06632673740386963,1722,8952,,92,0.25,False,False,False
xgb_depth,depth 2,naics_2,11,sex_female,pincp,-0.17442832844735356,0.03339333662136568,-0.20974301869807377,0.01537573954863447,-0.19172542162534256,1770,10168,,63,0.19,False,False,False
xgb_depth,depth 2,naics_2,11,sex_female,hicov,0.06072557308405235,-0.010454118251800537,0.07126623392105103,-0.0058907270431518555,0.06670284271240234,1770,10168,,63,0.18,False,False,False
xgb_depth,depth 2,naics_2,11,race_bw,pincp,-0.3082373735363646,-0.13570785393286222,-0.1702934276625676,-0.09093837434759777,-0.21506290724783206,198,10459,,62,0.17,False,False,False
xgb_depth,depth 2,naics_2,11,race_bw,hicov,-0.08277004677234145,-0.04647397994995117,-0.03468143939971924,-0.06494277715682983,-0.016212642192840576,198,10459,,62,0.2,False,False,False
xgb_depth,depth 2,naics_2,11,immigrant,pincp,-0.5044989627739547,-0.2111971440350775,-0.29355433307987333,-0.14485387913437364,-0.3598975979805772,2454,9484,,63,0.22,False,False,False
xgb_depth,depth 2,naics_2,11,immigrant,hicov,-0.29192622963498427,-0.05995047092437744,-0.23172956705093384,-0.05782949924468994,-0.23385053873062134,2454,9484,,63,0.22,False,False,False
xgb_depth,depth 2,naics_2,21,sex_female,pincp,-0.1566003960737774,0.14259873326227535,-0.29776797476344186,0.12956566562687222,-0.28473490712803873,858,4828,,60,0.11,False,False,False
xgb_depth,depth 2,naics_2,21,sex_female,hicov,0.029791252657864087,-0.0023471713066101074,0.03252977132797241,-0.004525601863861084,0.03470820188522339,858,4828,,60,0.13,False,False,False
xgb_depth,depth 2,naics_2,21,race_bw,pincp,-0.3229724667527538,-0.1388584869061802,-0.18201807307302253,-0.10040955352024739,-0.22046700645895534,204,5009,,59,0.11,False,False,False
xgb_depth,depth 2,naics_2,21,race_bw,hicov,-0.03411114895149525,-0.031165897846221924,-0.004230082035064697,-0.03317171335220337,-0.002224266529083252,204,5009,,59,0.11,False,False,False
xgb_depth,depth 2,naics_2,21,immigrant,pincp,0.04340662820095709,0.22256099189768896,-0.17782471841309722,0.1552931684463772,-0.11055689496178545,538,5148,,60,0.22,False,False,False
xgb_depth,depth 2,naics_2,21,immigrant,hicov,-0.029199631430114614,-0.016487300395965576,-0.012711703777313232,-0.011367380619049072,-0.017831623554229736,538,5148,,60,0.24,False,False,False
xgb_depth,depth 2,naics_2,22,sex_female,pincp,-0.16498741705883546,0.08718129771535565,-0.25123506819393704,0.043410808640603094,-0.20746457911918448,2383,8526,,63,0.18,False,False,False
xgb_depth,depth 2,naics_2,22,race_bw,pincp,-0.20612530453511546,-0.0650112341667608,-0.14190245900511655,-0.06206965883473892,-0.14484403433713844,778,9258,,62,0.17,False,False,False
xgb_depth,depth 2,naics_2,22,race_bw,hicov,-0.010228352495528115,-0.008317530155181885,-0.0012360811233520508,-0.012221872806549072,0.0026682615280151367,778,9258,,62,0.19,False,True,True
xgb_depth,depth 2,naics_2,22,immigrant,pincp,0.05236980693181259,0.14763588322190202,-0.0953434103207762,0.09360327276144709,-0.04131079986032127,791,10118,,63,0.2,False,False,False
xgb_depth,depth 2,naics_2,22,immigrant,hicov,-0.04415682556453315,-0.0061171650886535645,-0.03766852617263794,-0.0049782395362854,-0.038807451725006104,791,10118,,63,0.22,False,False,False
xgb_depth,depth 2,naics_2,23,sex_female,pincp,-0.0626446456082057,0.095397699565682,-0.1579873543732191,0.10546057176489754,-0.16805022657243462,5486,50901,,58,0.8,False,False,False
xgb_depth,depth 2,naics_2,23,sex_female,hicov,0.10012223552223276,0.019519031047821045,0.08068329095840454,0.03163820505142212,0.06856411695480347,5486,50901,,58,0.8,False,False,False
xgb_depth,depth 2,naics_2,23,race_bw,pincp,-0.2200815585744582,-0.07014633151530347,-0.1507883364666185,-0.05700214294520123,-0.16393252503672073,2207,47852,,57,0.69,False,False,False
xgb_depth,depth 2,naics_2,23,immigrant,pincp,-0.32078281195261127,-0.13225268727458328,-0.1884265883744689,-0.09300809788593156,-0.22767117776312062,11081,45306,,58,0.79,False,False,False
xgb_depth,depth 2,naics_2,23,immigrant,hicov,-0.3059844323527965,-0.08943939208984375,-0.2163163423538208,-0.05981743335723877,-0.24593830108642578,11081,45306,,58,0.81,False,False,False
xgb_depth,depth 2,naics_2,31,sex_female,pincp,-0.2629578528630354,-0.03350940065715591,-0.2290924365877398,-0.045236023675876424,-0.2173658135690193,6080,10147,,65,0.27,False,False,False
xgb_depth,depth 2,naics_2,31,race_bw,pincp,-0.303773085054587,-0.11890840668330505,-0.18558194518556803,-0.13801876924571843,-0.16647158262315465,1704,11987,,64,0.26,False,False,False
xgb_depth,depth 2,naics_2,31,race_bw,hicov,-0.015489638422845342,-0.021862387657165527,0.006604015827178955,-0.01982063055038452,0.004562258720397949,1704,11987,,64,0.25,False,False,False
xgb_depth,depth 2,naics_2,31,immigrant,pincp,-0.34096890087177734,-0.14291480304136783,-0.19857437050508153,-0.10018061426843516,-0.2413085592780142,3768,12459,,65,0.3,False,False,False
xgb_depth,depth 2,naics_2,31,immigrant,hicov,-0.12329223291887836,-0.03659844398498535,-0.08683037757873535,-0.03067457675933838,-0.09275424480438232,3768,12459,,65,0.31,False,False,False
xgb_depth,depth 2,naics_2,32,sex_female,pincp,-0.14835792196557485,0.0760047425854875,-0.22422101631412694,0.04692275459463424,-0.19513902832327368,8451,21977,,67,0.51,False,False,False
xgb_depth,depth 2,naics_2,32,sex_female,hicov,0.013688911235591239,-0.007224559783935547,0.020788490772247314,-0.007084250450134277,0.020648181438446045,8451,21977,,67,0.53,False,False,False
xgb_depth,depth 2,naics_2,32,race_bw,pincp,-0.2647300616488355,-0.10525320584637576,-0.16000363667906647,-0.10631202012513441,-0.15894482240030783,2081,25276,,66,0.45,False,False,False
xgb_depth,depth 2,naics_2,32,race_bw,hicov,-0.011317819176341226,-0.01889854669570923,0.008259057998657227,-0.017995059490203857,0.0073555707931518555,2081,25276,,66,0.48,False,False,False
xgb_depth,depth 2,naics_2,32,immigrant,pincp,-0.08673017505501157,0.02660526911647132,-0.11273185870864033,0.062434850660686436,-0.14856144025285545,4028,26400,,67,0.55,False,False,False
xgb_depth,depth 2,naics_2,32,immigrant,hicov,-0.07233731305106683,-0.013558804988861084,-0.0590440034866333,-0.01157522201538086,-0.061027586460113525,4028,26400,,67,0.5,False,False,False
xgb_depth,depth 2,naics_2,33,sex_female,pincp,-0.2637016416912381,-0.01923936443932206,-0.24479776886407834,-0.03391245182380942,-0.23012468147959098,16238,50594,,69,1.13,False,False,False
xgb_depth,depth 2,naics_2,33,race_bw,pincp,-0.32554110402042724,-0.11768607465594805,-0.20764353567702543,-0.14228998792883552,-0.18303962240413796,3920,54728,,68,1.07,False,False,False
xgb_depth,depth 2,naics_2,33,race_bw,hicov,-0.017633588298643477,-0.017787456512451172,-0.00028502941131591797,-0.020186901092529297,0.002114415168762207,3920,54728,,68,1.05,False,True,True
xgb_depth,depth 2,naics_2,33,immigrant,pincp,-0.031002990109508133,0.0701920608170088,-0.1012578461684921,0.08793966025807265,-0.11900544560955595,10156,56676,,69,1.04,False,False,False
xgb_depth,depth 2,naics_2,33,immigrant,hicov,-0.04499232538424991,-0.0031257271766662598,-0.041703879833221436,-0.00819176435470581,-0.036637842655181885,10156,56676,,69,1.09,False,False,False
xgb_depth,depth 2,naics_2,3M,sex_female,pincp,-0.3035433700709156,-0.018649068448958417,-0.2853139316843407,-0.037248910573685734,-0.2667140895596134,879,1984,,57,0.08,False,False,False
xgb_depth,depth 2,naics_2,3M,race_bw,pincp,-0.2366623367706051,-0.09184452957401845,-0.14453847421815702,-0.09832922194618554,-0.13805378184598993,323,2116,,56,0.09,False,False,False
xgb_depth,depth 2,naics_2,3M,race_bw,hicov,-0.028134455453656892,-0.024898171424865723,-0.0034066438674926758,-0.01567244529724121,-0.012632369995117188,323,2116,,56,0.09,False,False,False
xgb_depth,depth 2,naics_2,3M,immigrant,pincp,-0.26129086957903347,-0.024376541282739694,-0.23853985931087074,-0.0410146448198887,-0.22190175577372173,595,2268,,57,0.11,False,False,False
xgb_depth,depth 2,naics_2,3M,immigrant,hicov,-0.10675381263616557,-0.046212613582611084,-0.05917716026306152,-0.005622684955596924,-0.09976708889007568,595,2268,,57,0.08,False,False,False
xgb_depth,depth 2,naics_2,42,sex_female,pincp,-0.2022436858462644,0.0348387501039209,-0.2371236657430167,0.0055388710234325345,-0.20782378666252832,7903,20186,,63,0.51,False,False,False
xgb_depth,depth 2,naics_2,42,race_bw,pincp,-0.37749029566436754,-0.09002276152802224,-0.28741291388122825,-0.11665423490388172,-0.2607814405053688,1496,23358,,62,0.41,False,False,False
xgb_depth,depth 2,naics_2,42,race_bw,hicov,-0.03178101331838812,-0.02741110324859619,-0.004492819309234619,-0.034338295459747314,0.002434372901916504,1496,23358,,62,0.43,False,True,True
xgb_depth,depth 2,naics_2,42,immigrant,pincp,-0.2093096720413552,-0.03837523441367274,-0.1699747637883675,-0.03461937553040251,-0.17373062267163775,4233,23856,,63,0.47,False,False,False
xgb_depth,depth 2,naics_2,42,immigrant,hicov,-0.08411581584950278,-0.01426321268081665,-0.07028388977050781,-0.01372617483139038,-0.07082092761993408,4233,23856,,63,0.47,False,False,False
xgb_depth,depth 2,naics_2,44,sex_female,pincp,-0.25509860736859835,-0.009645036199970036,-0.2453393318250523,-0.026569965983926025,-0.2284144020410963,20205,31547,,63,0.8,False,False,False
xgb_depth,depth 2,naics_2,44,sex_female,hicov,0.014269738289013567,-0.012820243835449219,0.027132034301757812,-0.01791626214981079,0.032228052616119385,20205,31547,,63,0.78,False,False,False
xgb_depth,depth 2,naics_2,44,race_bw,pincp,-0.21868542569681537,-0.06403504171464647,-0.15457640300327924,-0.07827080050267021,-0.1403406442152555,3611,41916,,62,0.72,False,False,False
xgb_depth,depth 2,naics_2,44,race_bw,hicov,-0.02434017062887106,-0.024262607097625732,-0.00042706727981567383,-0.030846714973449707,0.006157040596008301,3611,41916,,62,0.71,False,True,True
xgb_depth,depth 2,naics_2,44,immigrant,pincp,-0.09665531045817133,-0.009292289689659228,-0.0871372591791264,0.024858256941834966,-0.1212878058106206,7415,44337,,63,0.84,True,False,True
xgb_depth,depth 2,naics_2,44,immigrant,hicov,-0.09476766488920885,-0.0034512877464294434,-0.09135627746582031,-0.008343219757080078,-0.08646434545516968,7415,44337,,63,0.79,False,False,False
xgb_depth,depth 2,naics_2,45,sex_female,pincp,-0.25316293341938767,-0.04971064510343304,-0.20341868404536712,-0.0691246244051289,-0.18400470474367125,10711,10829,,62,0.34,False,False,False
xgb_depth,depth 2,naics_2,45,sex_female,hicov,0.012157341696831914,-0.008018195629119873,0.01999795436859131,-0.00979471206665039,0.021774470806121826,10711,10829,,62,0.37,False,False,False
xgb_depth,depth 2,naics_2,45,race_bw,pincp,-0.2128505955917941,-0.11832262776630031,-0.09399399364774652,-0.11659857333334678,-0.09571804808070006,2034,17052,,61,0.33,False,False,False
xgb_depth,depth 2,naics_2,45,race_bw,hicov,-0.023157172542498827,-0.011514723300933838,-0.011695504188537598,-0.019852161407470703,-0.0033580660820007324,2034,17052,,61,0.32,False,False,False
xgb_depth,depth 2,naics_2,45,immigrant,hicov,-0.04191854009015972,0.01621079444885254,-0.05837768316268921,-0.0007889866828918457,-0.041377902030944824,2784,18756,,62,0.37,True,False,True
xgb_depth,depth 2,naics_2,48,sex_female,pincp,-0.21276262819450054,0.05196550070403383,-0.26546853596359377,0.036687410815019916,-0.25019044607457985,5254,23016,,60,0.42,False,False,False
xgb_depth,depth 2,naics_2,48,sex_female,hicov,0.030014488853288057,-0.005345702171325684,0.03526204824447632,-0.0026006102561950684,0.0325169563293457,5254,23016,,60,0.46,False,False,False
xgb_depth,depth 2,naics_2,48,race_bw,pincp,-0.19750902181684893,-0.04521228944921596,-0.15225028290137566,-0.09450008517558572,-0.10296248717500589,3689,21206,,59,0.42,False,False,False
xgb_depth,depth 2,naics_2,48,immigrant,pincp,-0.19393861612739371,-0.049603712587597215,-0.14470039769394738,-0.03750943055824507,-0.15679467972329952,4910,23360,,60,0.46,False,False,False
xgb_depth,depth 2,naics_2,48,immigrant,hicov,-0.0972118858633485,-0.006327927112579346,-0.09111493825912476,-0.012878596782684326,-0.08456426858901978,4910,23360,,60,0.43,False,False,False
xgb_depth,depth 2,naics_2,49,sex_female,pincp,-0.12368417112049634,-0.007008709196357543,-0.11600905854521315,-0.025046372457383725,-0.09797139528418697,3808,8351,,58,0.2,False,False,False
xgb_depth,depth 2,naics_2,49,sex_female,hicov,0.014366675001937002,-0.008223772048950195,0.02244466543197632,-0.011401057243347168,0.02562195062637329,3808,8351,,58,0.26,False,False,False
xgb_depth,depth 2,naics_2,49,race_bw,pincp,-0.16454436798651528,-0.04303041553033715,-0.12129707029040304,-0.03472546781147123,-0.12960201800926896,1973,8563,,57,0.17,False,False,False
xgb_depth,depth 2,naics_2,49,race_bw,hicov,-0.016498035874827455,-0.01741480827331543,0.0006732344627380371,-0.021479308605194092,0.004737734794616699,1973,8563,,57,0.2,False,False,False
xgb_depth,depth 2,naics_2,49,immigrant,pincp,-0.17166827475629098,0.05170579658700092,-0.22377499856886907,-0.028470037729681152,-0.143599164252187,1836,10323,,58,0.2,True,False,True
xgb_depth,depth 2,naics_2,49,immigrant,hicov,-0.0865438493521985,-0.008130848407745361,-0.07852506637573242,-0.009507596492767334,-0.07714831829071045,1836,10323,,58,0.24,False,False,False
xgb_depth,depth 2,naics_2,4M,sex_female,pincp,-0.2786318676631705,-0.038228066614188094,-0.24190130020744682,-0.04340095183889936,-0.23672841498273556,998,1164,,58,0.07,False,False,False
xgb_depth,depth 2,naics_2,4M,sex_female,hicov,0.010045864925727788,-0.01564735174179077,0.02575516700744629,-0.021447062492370605,0.03155487775802612,998,1164,,58,0.08,False,False,False
xgb_depth,depth 2,naics_2,4M,race_bw,pincp,-0.15479391581975044,-0.05455185044632316,-0.10228113991207799,-0.07243824196409498,-0.08439474839430616,247,1637,,57,0.17,False,False,False
xgb_depth,depth 2,naics_2,4M,race_bw,hicov,-0.030964116743623538,-0.025331318378448486,-0.007294833660125732,-0.00860738754272461,-0.02401876449584961,247,1637,,57,0.07,False,False,False
xgb_depth,depth 2,naics_2,4M,immigrant,pincp,-0.0850289573043419,-0.06688935897925674,-0.01826646414646582,-0.026391891588227523,-0.05876393153749504,319,1843,,58,0.1,False,False,False
xgb_depth,depth 2,naics_2,4M,immigrant,hicov,-0.13497313396278732,-0.05145806074142456,-0.08248883485794067,0.001408219337463379,-0.1353551149368286,319,1843,,58,0.1,True,False,True
xgb_depth,depth 2,naics_2,51,sex_female,pincp,-0.2458908158496964,-0.04446852019627734,-0.20070251516812831,-0.05072250411055279,-0.19444853125385286,7812,12919,,61,0.34,False,False,False
xgb_depth,depth 2,naics_2,51,race_bw,pincp,-0.27989747972265633,-0.10704032353078041,-0.17343746316150366,-0.11419093289273086,-0.1662868537995532,1646,16501,,60,0.3,False,False,False
xgb_depth,depth 2,naics_2,51,race_bw,hicov,-0.016109226562578738,-0.008693575859069824,-0.007382094860076904,-0.013736069202423096,-0.002339601516723633,1646,16501,,60,0.33,False,False,False
xgb_depth,depth 2,naics_2,51,immigrant,pincp,0.20968129890285958,0.16725072508118366,0.041070788858490914,0.15723998025743313,0.05108153368224144,2744,17987,,61,0.34,False,False,False
xgb_depth,depth 2,naics_2,51,immigrant,hicov,-0.012184536904771393,0.012458562850952148,-0.024615466594696045,0.003945708274841309,-0.016102612018585205,2744,17987,,61,0.37,False,False,False
xgb_depth,depth 2,naics_2,52,sex_female,pincp,-0.5682567617236298,-0.1856959254865842,-0.38227015248415697,-0.23208707160164188,-0.3358790063690993,29688,23262,,59,0.78,False,False,False
xgb_depth,depth 2,naics_2,52,race_bw,pincp,-0.36008972810087947,-0.10480517752248275,-0.25525707992650304,-0.14319490402470159,-0.2168673534242842,4183,42821,,58,0.68,False,False,False
xgb_depth,depth 2,naics_2,52,race_bw,hicov,-0.014619821613350514,-0.010800302028656006,-0.0038680434226989746,-0.010375261306762695,-0.004293084144592285,4183,42821,,58,0.74,False,False,False
xgb_depth,depth 2,naics_2,52,immigrant,pincp,0.12872852116941047,0.12823118033039016,0.00011065803786536321,0.13140625212553303,-0.0030644137572775065,6431,46519,,59,0.8,False,True,True
xgb_depth,depth 2,naics_2,52,immigrant,hicov,-0.013713639558709967,0.005360782146453857,-0.019326210021972656,-0.0002675056457519531,-0.013697922229766846,6431,46519,,59,0.81,True,False,True
xgb_depth,depth 2,naics_2,53,sex_female,pincp,-0.20368571994394458,-0.013198627721818568,-0.19063256510565196,-0.030981827823346464,-0.17284936500412407,7356,9663,,59,0.27,False,False,False
xgb_depth,depth 2,naics_2,53,sex_female,hicov,0.016528081163935893,-0.007993340492248535,0.024293184280395508,-0.007731318473815918,0.02403116226196289,7356,9663,,59,0.29,False,False,False
xgb_depth,depth 2,naics_2,53,race_bw,pincp,-0.36522123116522387,-0.073857822014741,-0.29122042460307007,-0.11206604801844655,-0.2530121985993645,1331,13771,,58,0.25,False,False,False
xgb_depth,depth 2,naics_2,53,race_bw,hicov,-0.022543426742933304,-0.019868075847625732,-0.0022075772285461426,-0.03119736909866333,0.009121716022491455,1331,13771,,58,0.28,False,True,True
xgb_depth,depth 2,naics_2,53,immigrant,pincp,-0.16413766013544517,-0.04649205220023589,-0.1176130748623585,-0.011304429417410944,-0.15280069764518345,2515,14504,,59,0.28,False,False,False
xgb_depth,depth 2,naics_2,53,immigrant,hicov,-0.06069583601534756,-0.0123329758644104,-0.04862171411514282,-0.010972976684570312,-0.04998171329498291,2515,14504,,59,0.29,False,False,False
xgb_depth,depth 2,naics_2,54,sex_female,pincp,-0.3899332779490621,-0.09526681692540429,-0.29485813125075033,-0.110382333300441,-0.2797426148757136,29018,43958,,60,1.01,False,False,False
xgb_depth,depth 2,naics_2,54,race_bw,pincp,-0.2660095394753377,-0.08520437921209378,-0.18141764674337146,-0.11435238232031963,-0.1522696436351456,3444,58849,,59,0.94,False,False,False
xgb_depth,depth 2,naics_2,54,race_bw,hicov,-0.01714595588240375,-0.012103259563446045,-0.00536268949508667,-0.014351129531860352,-0.0031148195266723633,3444,58849,,59,0.97,False,False,False
xgb_depth,depth 2,naics_2,54,immigrant,pincp,0.0722182219525429,0.07696597850758735,-0.005293313640050812,0.09774528750384448,-0.02607262263630794,12006,60970,,60,1.03,False,False,False
xgb_depth,depth 2,naics_2,54,immigrant,hicov,-0.01085133722024234,0.015320360660552979,-0.026175379753112793,0.0026109814643859863,-0.0134660005569458,12006,60970,,60,1.09,False,False,False
xgb_depth,depth 2,naics_2,55,sex_female,pincp,-0.41916513373735675,-0.13949698276016065,-0.27994508410440844,-0.17096685783466192,-0.24847520902990716,689,659,,57,0.09,False,False,False
xgb_depth,depth 2,naics_2,55,race_bw,pincp,-0.39175907995863213,-0.08037491115711681,-0.3102553296596451,-0.09283696391849006,-0.29779327689827184,77,1128,,55,0.07,False,False,False
xgb_depth,depth 2,naics_2,55,race_bw,hicov,-0.0421962788984066,-0.004657745361328125,-0.03917187452316284,-0.0004318356513977051,-0.04339778423309326,77,1128,,55,0.06,False,False,False
xgb_depth,depth 2,naics_2,55,immigrant,pincp,0.08036547274432237,-0.04103740741339834,0.12571071439296944,0.042034288336283865,0.04263901864328723,155,1193,,57,0.08,True,False,True
xgb_depth,depth 2,naics_2,55,immigrant,hicov,-0.013233107103263642,-0.005889236927032471,-0.007873177528381348,-0.00025594234466552734,-0.013506472110748291,155,1193,,57,0.09,False,False,False
xgb_depth,depth 2,naics_2,56,sex_female,pincp,-0.1285776356521673,0.013644189263217754,-0.142786658757462,0.03148327455166111,-0.16062574404590535,10600,18487,,60,0.49,False,False,False
xgb_depth,depth 2,naics_2,56,sex_female,hicov,0.04997762323550159,-0.011299550533294678,0.061597585678100586,0.00047397613525390625,0.049824059009552,10600,18487,,60,0.48,True,False,True
xgb_depth,depth 2,naics_2,56,race_bw,pincp,-0.2488064758317332,-0.0945606349454522,-0.15391179119708553,-0.06737491579839983,-0.1810975103441379,3326,21705,,59,0.39,False,False,False
xgb_depth,depth 2,naics_2,56,immigrant,pincp,-0.2986422731817857,-0.10061654983907431,-0.198867098961367,-0.06418863616203829,-0.23529501263840302,6273,22814,,60,0.47,False,False,False
xgb_depth,depth 2,naics_2,56,immigrant,hicov,-0.20222463599230545,-0.05960845947265625,-0.14206922054290771,-0.024742603302001953,-0.176935076713562,6273,22814,,60,0.47,False,False,False
xgb_depth,depth 2,naics_2,61,sex_female,pincp,-0.19832442884073664,0.006774691407658295,-0.20504240134112983,-0.003830784146341415,-0.19443692578713012,51590,26189,,58,1.07,True,False,True
xgb_depth,depth 2,naics_2,61,race_bw,pincp,-0.1508946986242261,-0.12690055489581553,-0.02345155507816976,-0.09847647121921455,-0.05187563875477075,6910,63986,,57,1.01,False,False,False
xgb_depth,depth 2,naics_2,61,race_bw,hicov,-0.020329754659157317,-0.012048602104187012,-0.008418798446655273,-0.008959591388702393,-0.011507809162139893,6910,63986,,57,0.99,False,False,False
xgb_depth,depth 2,naics_2,61,immigrant,pincp,0.0230344050453688,-0.0006613960940526908,0.023751640178248934,0.043125243183288475,-0.020034999099092232,7723,70056,,58,1.06,True,True,True
xgb_depth,depth 2,naics_2,61,immigrant,hicov,-0.017128937570610958,-0.0020423531532287598,-0.015060842037200928,-0.005254268646240234,-0.011848926544189453,7723,70056,,58,1.13,False,False,False
xgb_depth,depth 2,naics_2,62,sex_female,pincp,-0.44504958913086057,-0.14711426630548807,-0.29819922201959237,-0.22295323224751584,-0.2223602560775646,90900,29476,,63,1.89,False,False,False
xgb_depth,depth 2,naics_2,62,race_bw,pincp,-0.2858392759919255,-0.1388200218438751,-0.1470411500379747,-0.16643296694325294,-0.11942820493859685,15995,88854,,62,1.5,False,False,False
xgb_depth,depth 2,naics_2,62,race_bw,hicov,-0.030612993952736645,-0.02101898193359375,-0.009533405303955078,-0.024091899394989014,-0.0064604878425598145,15995,88854,,62,1.61,False,False,False
xgb_depth,depth 2,naics_2,62,immigrant,pincp,0.08046984533417856,0.07915640206370433,0.0010835333964767102,0.09406312193416078,-0.013823186473979732,18087,102289,,63,1.76,False,True,True
xgb_depth,depth 2,naics_2,62,immigrant,hicov,-0.023957826396521553,0.0077024102210998535,-0.03148597478866577,-0.0024456381797790527,-0.021337926387786865,18087,102289,,63,1.93,True,False,True
xgb_depth,depth 2,naics_2,71,sex_female,pincp,-0.17333409352919382,0.01593544700500793,-0.19030675252278506,0.003899668158126701,-0.17827097367590383,5061,7575,,58,0.21,False,False,False
xgb_depth,depth 2,naics_2,71,sex_female,hicov,0.025007150389016353,-0.005992472171783447,0.03076106309890747,-0.00877314805984497,0.033541738986968994,5061,7575,,58,0.22,False,False,False
xgb_depth,depth 2,naics_2,71,race_bw,pincp,-0.23704578398977638,-0.09113370895407158,-0.14613111989324779,-0.08373174549908491,-0.15353308334823446,968,9874,,57,0.2,False,False,False
xgb_depth,depth 2,naics_2,71,race_bw,hicov,-0.017584791513566844,-0.016517162322998047,-0.0008040666580200195,-0.027113676071166992,0.009792447090148926,968,9874,,57,0.22,False,True,True
xgb_depth,depth 2,naics_2,71,immigrant,pincp,-0.12326965074971952,-0.07185896792320356,-0.05246722348171673,-0.031147210469086417,-0.09317898093583388,1670,10966,,58,0.22,False,False,False
xgb_depth,depth 2,naics_2,71,immigrant,hicov,-0.05514562703882775,-0.0017349720001220703,-0.05400747060775757,-0.009469449520111084,-0.046272993087768555,1670,10966,,58,0.24,False,False,False
xgb_depth,depth 2,naics_2,72,sex_female,pincp,-0.18401379581246324,-0.003852010577487519,-0.1801976930725555,-0.0039254265447503656,-0.18012427710529266,14143,17193,,58,0.45,False,False,False
xgb_depth,depth 2,naics_2,72,sex_female,hicov,0.04015889515060789,-0.018508732318878174,0.05843937397003174,-0.020896971225738525,0.06082761287689209,14143,17193,,58,0.5,False,False,False
xgb_depth,depth 2,naics_2,72,race_bw,pincp,-0.1928744781570586,-0.08741823336267274,-0.10491135403310636,-0.06260829749440866,-0.12972128990137044,3165,21329,,57,0.39,False,False,False
xgb_depth,depth 2,naics_2,72,immigrant,pincp,-0.1366419172241944,-0.03861197276769701,-0.09778506135045895,0.0026215844924681875,-0.13901861861062415,9698,21638,,58,0.47,True,False,True
xgb_depth,depth 2,naics_2,72,immigrant,hicov,-0.14235072495587275,0.009523451328277588,-0.15153831243515015,-0.002865016460418701,-0.13914984464645386,9698,21638,,58,0.57,True,False,True
xgb_depth,depth 2,naics_2,81,sex_female,pincp,-0.19443770611913358,0.011791735945735127,-0.20601685653223356,-0.04148488819325458,-0.15274023239324386,14329,19378,,63,0.55,True,False,True
xgb_depth,depth 2,naics_2,81,sex_female,hicov,0.028035678892645688,-0.013721048831939697,0.041802823543548584,-0.008392632007598877,0.036474406719207764,14329,19378,,63,0.57,False,False,False
xgb_depth,depth 2,naics_2,81,race_bw,pincp,-0.1435280769370042,-0.02762163667017603,-0.11562719448059511,-0.0495543193793786,-0.09369451177139254,2516,26304,,62,0.44,False,False,False
xgb_depth,depth 2,naics_2,81,race_bw,hicov,-0.025556209118091866,-0.022976279258728027,-0.003434896469116211,-0.024095356464385986,-0.002315819263458252,2516,26304,,62,0.47,False,False,False
xgb_depth,depth 2,naics_2,81,immigrant,pincp,-0.28521872580984997,-0.15972462326419112,-0.1256284112303483,-0.09284200076994864,-0.19251103372459077,6640,27067,,63,0.53,False,False,False
xgb_depth,depth 2,naics_2,81,immigrant,hicov,-0.13345759362866183,-0.04296058416366577,-0.09083825349807739,-0.038894832134246826,-0.09490400552749634,6640,27067,,63,0.61,False,False,False
xgb_depth,depth 2,naics_2,92,sex_female,pincp,-0.2414473940877997,-0.007188000287586149,-0.23409889380859816,-0.037624932560534674,-0.20366196153564964,24767,31895,,60,0.83,False,False,False
xgb_depth,depth 2,naics_2,92,race_bw,pincp,-0.10552062676527818,-0.03082779968313787,-0.07463358064271297,-0.031021067313725226,-0.07444031301212561,7382,43626,,59,0.76,False,False,False
xgb_depth,depth 2,naics_2,92,immigrant,pincp,0.04760441151955597,0.062166658791742435,-0.014541035796368007,0.09574229043071547,-0.04811666743534104,4213,52449,,60,0.87,False,False,False
xgb_depth,depth 2,naics_2,92,immigrant,hicov,-0.014170391838873697,0.0030735135078430176,-0.01714158058166504,-0.004118859767913818,-0.009949207305908203,4213,52449,,60,0.87,True,False,True
xgb_depth,depth 2,st,1,sex_female,pincp,-0.31555702394613583,0.00213889884136087,-0.3175071843483721,-0.02332284485480507,-0.29204544065220617,5293,6854,,92,0.32,True,False,True
xgb_depth,depth 2,st,1,sex_female,hicov,0.021982361759625313,-0.007191061973571777,0.029308855533599854,-0.003125905990600586,0.025243699550628662,5293,6854,,92,0.33,False,False,False
xgb_depth,depth 2,st,1,race_bw,pincp,-0.28298982130619343,-0.12265609996492977,-0.16024364671136482,-0.14771901514684238,-0.1351807315294522,2338,9360,,91,0.32,False,False,False
xgb_depth,depth 2,st,1,race_bw,hicov,-0.03265821836181115,-0.022578954696655273,-0.010710060596466064,-0.020624816417694092,-0.012664198875427246,2338,9360,,91,0.28,False,False,False
xgb_depth,depth 2,st,1,immigrant,pincp,-0.10406233370699525,0.015073986541922935,-0.12195788765149373,-0.004661303999736077,-0.10222259710983472,463,11684,,92,0.28,True,False,True
xgb_depth,depth 2,st,1,immigrant,hicov,-0.19473714954566734,-0.05153530836105347,-0.14302462339401245,-0.041837453842163086,-0.15272247791290283,463,11684,,92,0.31,False,False,False
xgb_depth,depth 2,st,10,sex_female,pincp,-0.23852588673327801,0.0027521557714731415,-0.23954277959932213,-0.008980754137402513,-0.22780986969044648,1208,1387,,88,0.12,True,False,True
xgb_depth,depth 2,st,10,sex_female,hicov,0.018984825985857268,-0.007028698921203613,0.02635812759399414,0.002647101879119873,0.016682326793670654,1208,1387,,88,0.13,True,False,True
xgb_depth,depth 2,st,10,race_bw,pincp,-0.26441259231673087,-0.11998336423843625,-0.1442079848277409,-0.10667760004755422,-0.15751374901862292,431,1975,,87,0.12,False,False,False
xgb_depth,depth 2,st,10,immigrant,hicov,-0.056482306259616144,-0.028657615184783936,-0.028137147426605225,-0.010109424591064453,-0.04668533802032471,265,2330,,88,0.14,False,False,False
xgb_depth,depth 2,st,11,sex_female,pincp,-0.1948040157321529,-0.040626028363950795,-0.15521694440557887,-0.052338372810233125,-0.14350459995929654,1214,1142,,68,0.1,False,False,False
xgb_depth,depth 2,st,11,sex_female,hicov,0.01159848469548208,0.00027865171432495117,0.01163548231124878,-0.0039528608322143555,0.015866994857788086,1214,1142,,68,0.1,True,False,True
xgb_depth,depth 2,st,11,race_bw,pincp,-0.5086204482738559,-0.2956008311602858,-0.2111505490032446,-0.23677384920577715,-0.26997753095775323,642,1452,,66,0.09,False,False,False
xgb_depth,depth 2,st,11,race_bw,hicov,-0.030167863855204535,-0.02685248851776123,-0.0031332969665527344,-0.0439000129699707,0.013914227485656738,642,1452,,66,0.11,False,True,True
xgb_depth,depth 2,st,11,immigrant,pincp,-0.20919592588855096,-0.08462589499553452,-0.12428190427667829,-0.0156253700961706,-0.19328242917604221,316,2040,,68,0.12,False,False,False
xgb_depth,depth 2,st,11,immigrant,hicov,-0.046624472573839615,-0.02060145139694214,-0.025467514991760254,-0.009057223796844482,-0.03701174259185791,316,2040,,68,0.11,False,False,False
xgb_depth,depth 2,st,12,sex_female,pincp,-0.22696732350444826,0.005529756949874454,-0.23287163131148958,0.002327679005892591,-0.22966955336750772,22979,28252,,92,1.11,False,False,False
xgb_depth,depth 2,st,12,sex_female,hicov,0.04205411755614552,0.001935124397277832,0.04023343324661255,0.005424201488494873,0.03674435615539551,22979,28252,,92,1.08,False,False,False
xgb_depth,depth 2,st,12,race_bw,pincp,-0.31454446007065684,-0.09218629853445215,-0.2223549763394388,-0.13776852609230872,-0.17677274878158222,6198,41213,,91,1.09,False,False,False
xgb_depth,depth 2,st,12,race_bw,hicov,-0.010981150374180237,-0.0247800350189209,0.013935685157775879,-0.03217512369155884,0.02133077383041382,6198,41213,,91,1.12,False,False,False
xgb_depth,depth 2,st,12,immigrant,pincp,-0.19235966803892168,-0.04522752897379867,-0.14704145034515292,-0.041369577192078566,-0.15089940212687303,12037,39194,,92,1.07,False,False,False
xgb_depth,depth 2,st,12,immigrant,hicov,-0.08944399925169921,-0.036634087562561035,-0.05286586284637451,-0.02442622184753418,-0.06507372856140137,12037,39194,,92,1.09,False,False,False
xgb_depth,depth 2,st,13,sex_female,pincp,-0.2577587064321296,-0.006746107132610035,-0.25140088631865254,-0.009587268502670554,-0.24855972494859202,11957,14978,,92,0.59,False,False,False
xgb_depth,depth 2,st,13,sex_female,hicov,0.040407528990723085,0.0015463829040527344,0.038904547691345215,0.010779261589050293,0.029671669006347656,11957,14978,,92,0.67,False,False,False
xgb_depth,depth 2,st,13,race_bw,pincp,-0.3001484008017652,-0.10677437024587633,-0.1939703593624138,-0.1304702990109572,-0.17027443059733294,6248,18543,,91,0.55,False,False,False
xgb_depth,depth 2,st,13,immigrant,pincp,-0.13744674471266727,-0.023604803895253212,-0.11361394688808346,0.01629221105246259,-0.15351096183579926,3334,23601,,92,0.62,True,False,True
xgb_depth,depth 2,st,13,immigrant,hicov,-0.1524436310144861,-0.06864714622497559,-0.08356618881225586,-0.03839296102523804,-0.11382037401199341,3334,23601,,92,0.57,False,False,False
xgb_depth,depth 2,st,15,sex_female,pincp,-0.20822507750450292,0.0064999404304533215,-0.215131785777686,0.008810124477655279,-0.21744196982488795,1861,2153,,87,0.15,False,False,False
xgb_depth,depth 2,st,15,immigrant,pincp,-0.22547582941900401,-0.1347692528120028,-0.0901385904884382,-0.0692193152324716,-0.1556885280679694,811,3203,,87,0.17,False,False,False
xgb_depth,depth 2,st,15,immigrant,hicov,-0.016183964401437767,0.0067539215087890625,-0.02340245246887207,-0.0013763904571533203,-0.015272140502929688,811,3203,,87,0.16,True,False,True
xgb_depth,depth 2,st,16,sex_female,pincp,-0.2783884125134932,-0.01730374995312367,-0.260879492986021,-0.02378718722594897,-0.2543960557131957,1482,2423,,92,0.16,False,False,False
xgb_depth,depth 2,st,16,sex_female,hicov,0.02785997661858386,-0.015109777450561523,0.04371589422225952,0.004483640193939209,0.02412247657775879,1482,2423,,92,0.16,True,False,True
xgb_depth,depth 2,st,16,immigrant,pincp,-0.23283176258720495,-0.16694762958548282,-0.0654435702170435,-0.08085531438020688,-0.15153588542231944,270,3635,,92,0.17,False,False,False
xgb_depth,depth 2,st,16,immigrant,hicov,-0.21530898160884404,-0.06801694631576538,-0.14861738681793213,-0.028655290603637695,-0.18797904253005981,270,3635,,92,0.14,False,False,False
xgb_depth,depth 2,st,17,sex_female,pincp,-0.2669812951341086,0.002549293245214912,-0.26954076411749384,-0.008948483241519867,-0.25804298763075906,16072,20780,,92,0.74,True,False,True
xgb_depth,depth 2,st,17,sex_female,hicov,0.021942164973691503,-0.003832578659057617,0.025746285915374756,-0.0007772445678710938,0.022690951824188232,16072,20780,,92,0.79,False,False,False
xgb_depth,depth 2,st,17,race_bw,pincp,-0.2526898601930849,-0.11157416225156602,-0.1396686758674992,-0.142773856118394,-0.10846898200067123,2889,29991,,91,0.81,False,False,False
xgb_depth,depth 2,st,17,race_bw,hicov,-0.010611837064445684,-0.010762631893157959,0.0001798868179321289,-0.011216223239898682,0.0006334781646728516,2889,29991,,91,0.75,False,False,False
xgb_depth,depth 2,st,17,immigrant,pincp,-0.15593137100749743,-0.06460734558679171,-0.09067465983424405,-0.024143972955876336,-0.13113803246515943,5317,31535,,92,0.77,False,False,False
xgb_depth,depth 2,st,17,immigrant,hicov,-0.10988308425168858,-0.04044467210769653,-0.06928682327270508,-0.013694286346435547,-0.09603720903396606,5317,31535,,92,0.79,False,False,False
xgb_depth,depth 2,st,18,sex_female,pincp,-0.27875708923041387,0.004462827689977189,-0.2835410001422112,-0.014634634276481151,-0.26444353817575283,7777,10797,,92,0.45,True,False,True
xgb_depth,depth 2,st,18,sex_female,hicov,0.0213776825624451,-0.009661734104156494,0.031107187271118164,-0.009288012981414795,0.030733466148376465,7777,10797,,92,0.45,False,False,False
xgb_depth,depth 2,st,18,race_bw,pincp,-0.2081506916689495,-0.08393500624937644,-0.12409565774636455,-0.12664188494858486,-0.08138877904715613,952,16842,,91,0.44,False,False,False
xgb_depth,depth 2,st,18,race_bw,hicov,-0.02568159433349404,-0.02166759967803955,-0.004001200199127197,-0.023790299892425537,-0.001878499984741211,952,16842,,91,0.45,False,False,False
xgb_depth,depth 2,st,18,immigrant,pincp,-0.06084523232568806,0.013442297409531179,-0.07494886939263345,0.017007430924730116,-0.07851400290783239,902,17672,,92,0.44,False,False,False
xgb_depth,depth 2,st,18,immigrant,hicov,-0.12342297535078728,-0.04125601053237915,-0.08168190717697144,-0.014535367488861084,-0.1084025502204895,902,17672,,92,0.45,False,False,False
xgb_depth,depth 2,st,19,sex_female,pincp,-0.2736595145704044,0.019839864049544076,-0.2928695570099986,0.008101488433965187,-0.2811311813944197,4140,5444,,91,0.26,False,False,False
xgb_depth,depth 2,st,19,sex_female,hicov,0.016002371089743006,-0.0042612552642822266,0.02033090591430664,0.00152587890625,0.014543771743774414,4140,5444,,91,0.26,True,False,True
xgb_depth,depth 2,st,19,race_bw,pincp,-0.24415269307218423,0.004896366913854422,-0.24920129293718674,-0.053367325329071846,-0.19093760069426047,111,9195,,90,0.24,True,False,True
xgb_depth,depth 2,st,19,race_bw,hicov,-0.03685316638008318,-0.005860805511474609,-0.03140068054199219,-0.02824932336807251,-0.009012162685394287,111,9195,,90,0.27,False,False,False
xgb_depth,depth 2,st,19,immigrant,pincp,-0.17885441342499675,-0.0409489009406947,-0.13922548546744196,-0.010555029918814185,-0.16961935648932247,337,9247,,91,0.24,False,False,False
xgb_depth,depth 2,st,19,immigrant,hicov,-0.09074592802413417,-0.01597273349761963,-0.07451504468917847,-0.009372591972351074,-0.08111518621444702,337,9247,,91,0.28,False,False,False
xgb_depth,depth 2,st,2,sex_female,pincp,-0.2467624061895748,0.009135512360300524,-0.25824199503810874,-0.024298723834267122,-0.2248077588435411,633,751,,78,0.08,True,False,True
xgb_depth,depth 2,st,2,sex_female,hicov,0.016433065549251835,-0.022726774215698242,0.03913933038711548,0.007653594017028809,0.008758962154388428,633,751,,78,0.08,True,False,True
xgb_depth,depth 2,st,2,immigrant,pincp,-0.4029133360731656,-0.25648801116602726,-0.1441487959835719,-0.09495608990247817,-0.305680717247121,138,1246,,78,0.07,False,False,False
xgb_depth,depth 2,st,2,immigrant,hicov,-0.051969199990694825,-0.07235831022262573,0.019514501094818115,-0.08706814050674438,0.03422433137893677,138,1246,,78,0.09,False,False,False
xgb_depth,depth 2,st,20,sex_female,pincp,-0.2804944645361651,0.01530487987682072,-0.2954768713163176,0.014505271159745092,-0.294677262599242,3580,4753,,92,0.2,False,False,False
xgb_depth,depth 2,st,20,sex_female,hicov,0.028491913957312542,-0.0075130462646484375,0.03607219457626343,0.006307542324066162,0.022251605987548828,3580,4753,,92,0.21,True,False,True
xgb_depth,depth 2,st,20,race_bw,pincp,-0.17290278528006198,-0.09296702636326515,-0.07974594402690194,-0.11669478223825891,-0.05601818815190818,235,7590,,91,0.21,False,False,False
xgb_depth,depth 2,st,20,race_bw,hicov,-0.07053233537969883,-0.0013311505317687988,-0.06990885734558105,-0.015512704849243164,-0.05572730302810669,235,7590,,91,0.22,False,False,False
xgb_depth,depth 2,st,20,immigrant,pincp,-0.16134057531916035,-0.07766667735808852,-0.08435645918314627,-0.043979845915862015,-0.11804329062537278,556,7777,,92,0.23,False,False,False
xgb_depth,depth 2,st,20,immigrant,hicov,-0.12007737258823514,-0.0402107834815979,-0.07997173070907593,-0.031849026679992676,-0.08833348751068115,556,7777,,92,0.26,False,False,False
xgb_depth,depth 2,st,21,sex_female,pincp,-0.27344839490346473,0.015245963332597867,-0.2878253388034473,-0.003166857738706952,-0.2694125177321425,5168,6566,,92,0.29,True,False,True
xgb_depth,depth 2,st,21,sex_female,hicov,0.018908447118046068,-0.0037450790405273438,0.022394120693206787,-0.0003834366798400879,0.01903247833251953,5168,6566,,92,0.33,False,False,False
xgb_depth,depth 2,st,21,race_bw,pincp,-0.26856783080580726,-0.1332588565173758,-0.1348571276438264,-0.13650362064364252,-0.13161236351755967,647,10738,,91,0.28,False,False,False
xgb_depth,depth 2,st,21,immigrant,pincp,-0.07145706307004751,0.017892293323491515,-0.08879765966656805,0.034056131788835486,-0.10496149813191202,445,11289,,92,0.3,False,False,False
xgb_depth,depth 2,st,21,immigrant,hicov,-0.12914371253313106,-0.03728961944580078,-0.09251385927200317,-0.012755870819091797,-0.11704760789871216,445,11289,,92,0.3,False,False,False
xgb_depth,depth 2,st,22,sex_female,pincp,-0.3786737215261695,-0.012306060226610072,-0.3655811782411984,-0.05789190004292877,-0.3199953384248797,5065,5961,,92,0.29,False,False,False
xgb_depth,depth 2,st,22,sex_female,hicov,0.02384849994857985,-0.009395718574523926,0.03334134817123413,-0.004029333591461182,0.027974963188171387,5065,5961,,92,0.31,False,False,False
xgb_depth,depth 2,st,22,race_bw,pincp,-0.3835029925119162,-0.16126889441539838,-0.22147285768939895,-0.17440556570542576,-0.20833618639937157,2477,8026,,91,0.25,False,False,False
xgb_depth,depth 2,st,22,race_bw,hicov,-0.029161130645144806,-0.03078538179397583,0.001406550407409668,-0.03098064661026001,0.0016018152236938477,2477,8026,,91,0.26,False,False,False
xgb_depth,depth 2,st,22,immigrant,pincp,-0.12196761308323723,-0.018023203468501947,-0.1027933189785788,0.024460618418663316,-0.14527714086574406,503,10523,,92,0.27,True,False,True
xgb_depth,depth 2,st,22,immigrant,hicov,-0.16816652116191944,-0.08798563480377197,-0.07941991090774536,-0.048278629779815674,-0.11912691593170166,503,10523,,92,0.28,False,False,False
xgb_depth,depth 2,st,23,sex_female,pincp,-0.19825235908339245,0.025303545571649266,-0.2230613829318937,0.012274253500201837,-0.21003209086044627,1463,1847,,89,0.15,False,False,False
xgb_depth,depth 2,st,23,sex_female,hicov,0.02401966426130797,0.0023384690284729004,0.021444261074066162,0.0061182379722595215,0.01766449213027954,1463,1847,,89,0.15,False,False,False
xgb_depth,depth 2,st,23,immigrant,pincp,0.01777096885950158,-0.022037086181475374,0.0437684521557653,0.04451034922932351,-0.02277898325503358,103,3207,,89,0.15,True,True,True
xgb_depth,depth 2,st,23,immigrant,hicov,0.013819890349084707,0.005737125873565674,0.008157849311828613,-0.010120868682861328,0.024015843868255615,103,3207,,89,0.12,True,False,True
xgb_depth,depth 2,st,24,sex_female,pincp,-0.21181734877639613,-0.01082858731735925,-0.20128780050759687,-0.028095851767147906,-0.18402053605780821,8713,10246,,92,0.45,False,False,False
xgb_depth,depth 2,st,24,sex_female,hicov,0.020371533298194855,0.001318514347076416,0.019259750843048096,0.007770955562591553,0.012807309627532959,8713,10246,,92,0.45,False,False,False
xgb_depth,depth 2,st,24,race_bw,pincp,-0.24287667447884864,-0.0904565510065769,-0.15199822338278324,-0.13630626436873783,-0.10614851002062231,4610,12209,,91,0.35,False,False,False
xgb_depth,depth 2,st,24,immigrant,pincp,-0.15568432450642078,-0.032811535000156766,-0.12311802912097924,0.005450205457075086,-0.1613797695782111,3231,15728,,92,0.44,True,False,True
xgb_depth,depth 2,st,24,immigrant,hicov,-0.09323396376594617,-0.03295630216598511,-0.06045544147491455,-0.015211164951324463,-0.0782005786895752,3231,15728,,92,0.44,False,False,False
xgb_depth,depth 2,st,25,sex_female,pincp,-0.24144678808740672,-0.006345608490340382,-0.2355052747066413,-0.0395062835617761,-0.20234459963520557,9062,11429,,92,0.47,False,False,False
xgb_depth,depth 2,st,25,race_bw,pincp,-0.3719536144677207,-0.17753330743713036,-0.19448555695255543,-0.20436105552287387,-0.16765780886681192,1013,17304,,91,0.43,False,False,False
xgb_depth,depth 2,st,25,race_bw,hicov,-0.02695569022038513,-0.015487134456634521,-0.011619985103607178,-0.015644311904907227,-0.011462807655334473,1013,17304,,91,0.45,False,False,False
xgb_depth,depth 2,st,25,immigrant,pincp,-0.14461822017134907,-0.061771436352367814,-0.08251471429800716,-0.05380617391458742,-0.09047997673578756,3687,16804,,92,0.44,False,False,False
xgb_depth,depth 2,st,25,immigrant,hicov,-0.027022590162996685,-0.0093727707862854,-0.017629563808441162,-0.00429147481918335,-0.022710859775543213,3687,16804,,92,0.48,False,False,False
xgb_depth,depth 2,st,26,sex_female,pincp,-0.24651994082032935,0.00442930634453198,-0.2508910071726884,-0.011882115237492386,-0.23457958559066405,10790,14934,,92,0.58,True,False,True
xgb_depth,depth 2,st,26,sex_female,hicov,0.019076658955257342,-0.004061341285705566,0.0231667160987854,-0.003356754779815674,0.022462129592895508,10790,14934,,92,0.68,False,False,False
xgb_depth,depth 2,st,26,race_bw,pincp,-0.2167167997666084,-0.08337148526819327,-0.13428018983958268,-0.12244758284008306,-0.09520409226769289,1695,22671,,91,0.52,False,False,False
xgb_depth,depth 2,st,26,race_bw,hicov,-0.01643165823712256,-0.020882368087768555,0.004601180553436279,-0.018218040466308594,0.0019368529319763184,1695,22671,,91,0.55,False,False,False
xgb_depth,depth 2,st,26,immigrant,pincp,0.11652478612974271,0.143749700870746,-0.02660154869818321,0.1465401414215055,-0.029391989248942707,1631,24093,,92,0.54,False,False,False
xgb_depth,depth 2,st,26,immigrant,hicov,-0.03729620884818308,0.027021825313568115,-0.0648108720779419,0.0034363865852355957,-0.041225433349609375,1631,24093,,92,0.54,False,False,False
xgb_depth,depth 2,st,27,sex_female,pincp,-0.22993728022987447,0.012551343002570547,-0.24241711977941627,0.01107815408986923,-0.24094393086671495,7010,9668,,92,0.38,False,False,False
xgb_depth,depth 2,st,27,sex_female,hicov,0.017500090006769664,0.0018339157104492188,0.015831828117370605,0.0003972649574279785,0.017268478870391846,7010,9668,,92,0.4,False,False,False
xgb_depth,depth 2,st,27,race_bw,pincp,-0.270576940371841,-0.18108869679357298,-0.0874780188386417,-0.08864748519905241,-0.17991923043316227,307,15438,,91,0.37,False,False,False
xgb_depth,depth 2,st,27,race_bw,hicov,-0.05278400562426233,-0.04095536470413208,-0.011168181896209717,-0.04582667350769043,-0.006296873092651367,307,15438,,91,0.39,False,False,False
xgb_depth,depth 2,st,27,immigrant,pincp,-0.13052885294286476,-0.0207453559825872,-0.10876077953912144,-0.0015760310664276744,-0.12793010445528097,860,15818,,92,0.39,False,False,False
xgb_depth,depth 2,st,27,immigrant,hicov,-0.07335990496549405,-0.0034601688385009766,-0.07018983364105225,-0.020069777965545654,-0.05358022451400757,860,15818,,92,0.4,False,False,False
xgb_depth,depth 2,st,28,sex_female,pincp,-0.31134078456686076,0.005838231162790919,-0.31690689870866606,-0.027369455901363082,-0.28369921164451206,3262,3776,,92,0.21,True,False,True
xgb_depth,depth 2,st,28,sex_female,hicov,0.03289857397458151,-0.007357537746429443,0.04054790735244751,0.007796883583068848,0.02539348602294922,3262,3776,,92,0.19,True,False,True
xgb_depth,depth 2,st,28,race_bw,pincp,-0.3900275817952199,-0.09996451789619165,-0.2906435837682171,-0.1394352905028562,-0.25117281116155254,2102,4731,,91,0.18,False,False,False
xgb_depth,depth 2,st,28,race_bw,hicov,-0.022910712407444356,-0.03438609838485718,0.010984539985656738,-0.03576439619064331,0.012362837791442871,2102,4731,,91,0.19,False,False,False
xgb_depth,depth 2,st,28,immigrant,pincp,-0.13604796160766774,-0.03134733694226277,-0.10579375034353866,0.0019517415758176782,-0.1390928288616191,189,6849,,92,0.19,True,False,True
xgb_depth,depth 2,st,28,immigrant,hicov,-0.20993679994994052,-0.08897429704666138,-0.12101352214813232,-0.041161954402923584,-0.16882586479187012,189,6849,,92,0.22,False,False,False
xgb_depth,depth 2,st,29,sex_female,pincp,-0.27515273629759385,0.000932867773812518,-0.2757800970674751,0.000657591838278293,-0.27550482113194086,7601,9533,,92,0.36,False,False,False
xgb_depth,depth 2,st,29,sex_female,hicov,0.01863879096443022,-0.008845984935760498,0.02705085277557373,-0.001298367977142334,0.019503235816955566,7601,9533,,92,0.39,False,False,False
xgb_depth,depth 2,st,29,race_bw,pincp,-0.1991943295278631,-0.08473574481253188,-0.11472712593620393,-0.1192263241504321,-0.0802365465983037,1153,15279,,91,0.4,False,False,False
xgb_depth,depth 2,st,29,immigrant,hicov,-0.07705422012447072,-0.0127410888671875,-0.0644369125366211,-0.005470097064971924,-0.07170790433883667,742,16392,,92,0.4,False,False,False
xgb_depth,depth 2,st,30,sex_female,pincp,-0.28979446174989043,0.04134553184274381,-0.33045003607466406,0.020753362117995167,-0.3098578663499154,1065,1480,,90,0.12,False,False,False
xgb_depth,depth 2,st,31,sex_female,pincp,-0.281439103191774,0.016758690598958736,-0.29829513690538967,0.008190253740998799,-0.28972670004742973,2516,3334,,92,0.17,False,False,False
xgb_depth,depth 2,st,31,race_bw,pincp,-0.2017146058405448,-0.07353552226565441,-0.1259803298975335,-0.11138474896812589,-0.08813110319506201,119,5464,,91,0.18,False,False,False
xgb_depth,depth 2,st,31,race_bw,hicov,-0.06312363891383777,-0.03241211175918579,-0.028870046138763428,-0.03267168998718262,-0.0286104679107666,119,5464,,91,0.21,False,False,False
xgb_depth,depth 2,st,31,immigrant,pincp,-0.30890042652009875,-0.11325894981672846,-0.19717292141524645,-0.0881022125619193,-0.2223296586700556,283,5567,,92,0.19,False,False,False
xgb_depth,depth 2,st,31,immigrant,hicov,-0.1141031101372868,-0.026705145835876465,-0.08946222066879272,-0.03579866886138916,-0.08036869764328003,283,5567,,92,0.17,False,False,False
xgb_depth,depth 2,st,32,sex_female,pincp,-0.22430918693346769,0.019034867026578084,-0.24284530662220583,0.015656682830377022,-0.23946712242600476,3203,4225,,91,0.23,False,False,False
xgb_depth,depth 2,st,32,sex_female,hicov,0.04386575455333108,-0.004568994045257568,0.04841482639312744,0.005464613437652588,0.038381218910217285,3203,4225,,91,0.22,True,False,True
xgb_depth,depth 2,st,32,race_bw,pincp,-0.22144703617116335,-0.0704531673892621,-0.1485415088626567,-0.09564728495817576,-0.12334739129374306,508,5229,,90,0.15,False,False,False
xgb_depth,depth 2,st,32,race_bw,hicov,0.01350433605437873,-0.021686553955078125,0.034257590770721436,-0.004833579063415527,0.017404615879058838,508,5229,,90,0.16,False,False,False
xgb_depth,depth 2,st,32,immigrant,pincp,-0.30383233352831596,-0.11242973687071434,-0.19161094084671682,-0.1275485587800933,-0.17649211893733785,1872,5556,,91,0.22,False,False,False
xgb_depth,depth 2,st,32,immigrant,hicov,-0.1171244761957504,-0.045146048069000244,-0.07185125350952148,-0.022839248180389404,-0.09415805339813232,1872,5556,,91,0.23,False,False,False
xgb_depth,depth 2,st,33,sex_female,pincp,-0.2749833742141927,0.008855684806224673,-0.2846329045045959,0.003276934711118784,-0.27905415440949,1775,2482,,92,0.13,False,False,False
xgb_depth,depth 2,st,33,sex_female,hicov,0.02131947202959905,-0.0032251477241516113,0.024439454078674316,0.0048487186431884766,0.01636558771133423,1775,2482,,92,0.14,True,False,True
xgb_depth,depth 2,st,33,immigrant,pincp,-0.01960434517791043,-0.012488905656542926,-0.011174780914503302,0.08265197995005202,-0.10631566652109825,213,4044,,92,0.16,True,False,True
xgb_depth,depth 2,st,34,sex_female,pincp,-0.27959417182269064,-0.009147014125893804,-0.269745978574063,-0.03790910878067422,-0.2409838839192826,11310,14947,,92,0.57,False,False,False
xgb_depth,depth 2,st,34,sex_female,hicov,0.026453037100081955,-0.004232048988342285,0.030574679374694824,0.0007945895195007324,0.025548040866851807,11310,14947,,92,0.61,True,False,True
xgb_depth,depth 2,st,34,race_bw,pincp,-0.3485279411658162,-0.13150115980567811,-0.2165717696513294,-0.1835583683682902,-0.16451456108871731,2450,19368,,91,0.5,False,False,False
xgb_depth,depth 2,st,34,immigrant,pincp,-0.18133677494972034,-0.02869414319181729,-0.1521578709704965,-0.04412948075770018,-0.1367225334046136,6979,19278,,92,0.61,False,False,False
xgb_depth,depth 2,st,34,immigrant,hicov,-0.1122939833089891,-0.03789651393890381,-0.07427418231964111,-0.015808403491973877,-0.09636229276657104,6979,19278,,92,0.6,False,False,False
xgb_depth,depth 2,st,35,sex_female,pincp,-0.19025334313377584,0.029384623793371034,-0.21929218200500067,-0.017734237426580535,-0.1721733207850491,2064,2495,,90,0.18,True,False,True
xgb_depth,depth 2,st,35,sex_female,hicov,0.027719392272917864,-0.011457264423370361,0.03874129056930542,0.010853826999664307,0.016430199146270752,2064,2495,,90,0.18,True,False,True
xgb_depth,depth 2,st,35,race_bw,pincp,-0.15214511430401068,-0.0699031832215038,-0.07823479730708804,-0.004874747286841341,-0.1432632332417505,67,3264,,88,0.14,False,False,False
xgb_depth,depth 2,st,35,immigrant,pincp,-0.22003643556194064,-0.10309710318639631,-0.11690473755737862,-0.05072254565934742,-0.16927929508442752,490,4069,,90,0.14,False,False,False
xgb_depth,depth 2,st,35,immigrant,hicov,-0.16557044051338898,-0.0908975601196289,-0.07474613189697266,-0.02392101287841797,-0.1417226791381836,490,4069,,90,0.15,False,False,False
xgb_depth,depth 2,st,36,sex_female,pincp,-0.2004874804493344,0.02737921722845016,-0.22766045649686362,0.005747080083841283,-0.20602831935225474,24821,30289,,92,1.2,False,False,False
xgb_depth,depth 2,st,36,sex_female,hicov,0.03008149330087584,0.0023479461669921875,0.027726948261260986,0.008137166500091553,0.02193772792816162,24821,30289,,92,1.14,False,False,False
xgb_depth,depth 2,st,36,race_bw,pincp,-0.27242488117953023,-0.10730019276399183,-0.16485032713911885,-0.1574576185539236,-0.11469290134918708,6432,39884,,91,0.98,False,False,False
xgb_depth,depth 2,st,36,race_bw,hicov,-0.021661153788773424,-0.018251478672027588,-0.0035402774810791016,-0.03010481595993042,0.00831305980682373,6432,39884,,91,1.07,False,True,True
xgb_depth,depth 2,st,36,immigrant,pincp,-0.16921449805576216,-0.11647080105495,-0.05287074006271553,-0.07187355630304992,-0.0974679848146156,13520,41590,,92,1.14,False,False,False
xgb_depth,depth 2,st,36,immigrant,hicov,-0.08273276675236285,-0.024042487144470215,-0.05893927812576294,-0.015867531299591064,-0.06711423397064209,13520,41590,,92,1.24,False,False,False
xgb_depth,depth 2,st,37,sex_female,pincp,-0.2513797037125798,-0.006397221438476208,-0.2445876246896841,-0.01796559341203441,-0.2330192527161259,11762,14924,,92,0.6,False,False,False
xgb_depth,depth 2,st,37,sex_female,hicov,0.026121671345438635,-0.0031791329383850098,0.029350459575653076,0.007726311683654785,0.01844501495361328,11762,14924,,92,0.63,True,False,True
xgb_depth,depth 2,st,37,race_bw,pincp,-0.3428412819155735,-0.10980289870645343,-0.2324012600497518,-0.14783480003030824,-0.194369358725897,4251,20487,,91,0.56,False,False,False
xgb_depth,depth 2,st,37,race_bw,hicov,-0.020227158183069305,-0.02287769317626953,0.0023241043090820312,-0.02002662420272827,-0.0005269646644592285,4251,20487,,91,0.61,False,True,True
xgb_depth,depth 2,st,37,immigrant,pincp,-0.10334814145842763,-0.024962721742557648,-0.0781923927366428,0.00834282131065578,-0.11149793578985623,2369,24317,,92,0.58,True,False,True
xgb_depth,depth 2,st,37,immigrant,hicov,-0.16151536030195512,-0.08243709802627563,-0.07887285947799683,-0.041387081146240234,-0.11992287635803223,2369,24317,,92,0.58,False,False,False
xgb_depth,depth 2,st,38,sex_female,pincp,-0.40017355186717296,-0.012735254131296614,-0.38622662913327943,-0.01125461393377769,-0.38770726933079835,943,1416,,88,0.11,False,False,False
xgb_depth,depth 2,st,38,sex_female,hicov,0.016556727836991025,-0.006630599498748779,0.02321934700012207,0.00721430778503418,0.009374439716339111,943,1416,,88,0.13,True,False,True
xgb_depth,depth 2,st,38,immigrant,pincp,-0.05300269840215499,-0.1814123949073405,0.12208053994969426,-0.023032903851362363,-0.036298951106283894,67,2292,,88,0.12,False,True,True
xgb_depth,depth 2,st,38,immigrant,hicov,-0.01301737386366586,0.01148676872253418,-0.02165675163269043,-0.020391106605529785,0.010221123695373535,67,2292,,88,0.13,True,True,True
xgb_depth,depth 2,st,39,sex_female,pincp,-0.26401311233596125,0.007081575659032779,-0.2713238807116767,-0.01280529925553786,-0.25143700579710604,14095,18698,,92,0.68,True,False,True
xgb_depth,depth 2,st,39,sex_female,hicov,0.017501789330388817,-0.0061817169189453125,0.023517131805419922,-0.003923475742340088,0.021258890628814697,14095,18698,,92,0.79,False,False,False
xgb_depth,depth 2,st,39,race_bw,pincp,-0.24536897415986836,-0.09655649077229178,-0.14840952705626265,-0.11948778372756585,-0.12547823410098857,2358,29190,,91,0.73,False,False,False
xgb_depth,depth 2,st,39,race_bw,hicov,-0.01722050930684027,-0.01481020450592041,-0.0024544596672058105,-0.02023458480834961,0.0029699206352233887,2358,29190,,91,0.75,False,True,True
xgb_depth,depth 2,st,39,immigrant,pincp,0.048812748806545514,0.10570787496292233,-0.056529092551917515,0.1120875270845012,-0.06290874467349639,1377,31416,,92,0.71,False,False,False
xgb_depth,depth 2,st,39,immigrant,hicov,-0.04787251600977094,0.0010551214218139648,-0.049202144145965576,4.5239925384521484e-05,-0.04819226264953613,1377,31416,,92,0.75,False,False,False
xgb_depth,depth 2,st,4,sex_female,pincp,-0.23532286018952853,-0.010183913601521155,-0.22546877573168445,-0.03584560566421047,-0.19980708366899513,7274,9525,,92,0.38,False,False,False
xgb_depth,depth 2,st,4,sex_female,hicov,0.028002182295263744,-0.008642852306365967,0.03675639629364014,0.005579531192779541,0.02253401279449463,7274,9525,,92,0.46,True,False,True
xgb_depth,depth 2,st,4,race_bw,pincp,-0.23746491036643214,-0.07634821520358415,-0.16236331878735832,-0.07659653724527438,-0.1621149967456681,580,13266,,91,0.38,False,False,False
xgb_depth,depth 2,st,4,immigrant,pincp,-0.22653950430917114,-0.06510339890207995,-0.16102350684453626,-0.0768886174123864,-0.1492382883342298,2617,14182,,92,0.42,False,False,False
xgb_depth,depth 2,st,4,immigrant,hicov,-0.12441581133134316,-0.04624098539352417,-0.07773995399475098,-0.03581959009170532,-0.08816134929656982,2617,14182,,92,0.42,False,False,False
xgb_depth,depth 2,st,40,sex_female,pincp,-0.29664627375391106,0.010491136279060953,-0.3064674183702021,-0.0037763012897951143,-0.292199980801346,4029,5523,,92,0.26,True,False,True
xgb_depth,depth 2,st,40,sex_female,hicov,0.0268521712963955,-0.008831560611724854,0.035816073417663574,0.011177778244018555,0.015806734561920166,4029,5523,,92,0.27,True,False,True
xgb_depth,depth 2,st,40,race_bw,pincp,-0.2351882977597448,-0.06373636701864349,-0.17314518939867085,-0.10670301720961639,-0.13017853920769795,446,7317,,91,0.24,False,False,False
xgb_depth,depth 2,st,40,immigrant,pincp,-0.21193833439191856,-0.04887286441556604,-0.16311926139943544,-0.03700879762007503,-0.17498332819492646,556,8996,,92,0.25,False,False,False
xgb_depth,depth 2,st,40,immigrant,hicov,-0.21967477152115567,-0.07373231649398804,-0.14603829383850098,-0.08017820119857788,-0.13959240913391113,556,8996,,92,0.26,False,False,False
xgb_depth,depth 2,st,41,sex_female,pincp,-0.2149141704901094,0.013362939218049874,-0.2279496804142198,-0.0023232223128779594,-0.21226351888329198,4421,6132,,91,0.28,True,False,True
xgb_depth,depth 2,st,41,sex_female,hicov,0.019092850303944253,-0.001685500144958496,0.020921409130096436,0.004320621490478516,0.014915287494659424,4421,6132,,91,0.3,True,False,True
xgb_depth,depth 2,st,41,race_bw,pincp,-0.25634392603690337,-0.03373750707178047,-0.2231482124266222,-0.0678652787197418,-0.18902044077866087,131,9171,,90,0.26,False,False,False
xgb_depth,depth 2,st,41,race_bw,hicov,0.014280827134320662,-0.011831223964691162,0.026744604110717773,-0.021013975143432617,0.03592735528945923,131,9171,,90,0.26,False,False,False
xgb_depth,depth 2,st,41,immigrant,pincp,-0.14781387524339173,-0.03830027501579991,-0.108592032368108,-0.018039181707170115,-0.1288531256767378,1186,9367,,91,0.3,False,False,False
xgb_depth,depth 2,st,41,immigrant,hicov,-0.06071924489673575,-0.025258123874664307,-0.03497797250747681,-0.015729308128356934,-0.04450678825378418,1186,9367,,91,0.29,False,False,False
xgb_depth,depth 2,st,42,sex_female,pincp,-0.2608191999909497,0.01646494122438824,-0.27763267104201894,-0.010904227858553384,-0.2502635019590773,15681,20483,,92,0.83,True,False,True
xgb_depth,depth 2,st,42,sex_female,hicov,0.02210470837581824,-0.005119681358337402,0.027201294898986816,-0.00018978118896484375,0.022271394729614258,15681,20483,,92,0.84,False,False,False
xgb_depth,depth 2,st,42,race_bw,pincp,-0.18461695160788594,-0.08762077389040535,-0.09710298414766072,-0.12595606751381716,-0.058767690524248906,1775,32726,,91,0.78,False,False,False
xgb_depth,depth 2,st,42,race_bw,hicov,-0.02623379954603866,-0.022015392780303955,-0.004509091377258301,-0.011669337749481201,-0.014855146408081055,1775,32726,,91,0.8,False,False,False
xgb_depth,depth 2,st,42,immigrant,pincp,0.01895036834457109,0.04295288514813578,-0.02341930191611752,0.07582521786254581,-0.056291634630527554,2085,34079,,92,0.76,False,False,False
xgb_depth,depth 2,st,42,immigrant,hicov,-0.05231362901110781,-0.004654586315155029,-0.04748845100402832,-0.005835592746734619,-0.04630744457244873,2085,34079,,92,0.81,False,False,False
xgb_depth,depth 2,st,44,sex_female,pincp,-0.2343378528442699,0.037526188807749605,-0.2709302458510887,0.034504502114332425,-0.26790855915767153,1329,1569,,88,0.13,False,False,False
xgb_depth,depth 2,st,44,sex_female,hicov,0.019553510668755658,-0.003590524196624756,0.023579955101013184,-0.001753091812133789,0.021742522716522217,1329,1569,,88,0.15,False,False,False
xgb_depth,depth 2,st,44,race_bw,pincp,-0.2926052160795276,-0.058274464090160905,-0.23434064345615901,-0.14352326291007067,-0.14909184463624925,123,2515,,87,0.11,False,False,False
xgb_depth,depth 2,st,44,immigrant,pincp,-0.24674267801177407,-0.14653994103340295,-0.09866117246341943,-0.09299704279794341,-0.15220407069887898,463,2435,,88,0.13,False,False,False
xgb_depth,depth 2,st,44,immigrant,hicov,-0.05373667847845276,-0.03881525993347168,-0.01349550485610962,-0.0056438446044921875,-0.04666692018508911,463,2435,,88,0.14,False,False,False
xgb_depth,depth 2,st,45,sex_female,pincp,-0.2785360372270027,-0.02094057677501482,-0.25736874619984107,-0.03183062169187245,-0.24647870128298344,5691,7032,,92,0.33,False,False,False
xgb_depth,depth 2,st,45,sex_female,hicov,0.032366685197812495,-0.004954874515533447,0.03744274377822876,0.0062757134437561035,0.02621215581893921,5691,7032,,92,0.36,True,False,True
xgb_depth,depth 2,st,45,race_bw,pincp,-0.3830184381611712,-0.11790451509170019,-0.26557182225861986,-0.1601041504170766,-0.22337218693324346,2541,9653,,91,0.34,False,False,False
xgb_depth,depth 2,st,45,race_bw,hicov,-0.01027585594795033,-0.0231015682220459,0.01282590627670288,-0.02738720178604126,0.017111539840698242,2541,9653,,91,0.34,False,False,False
xgb_depth,depth 2,st,45,immigrant,pincp,-0.08057504916947344,-0.10723882219708258,0.025423665480898805,0.008604621320232653,-0.09041977803641643,654,12069,,92,0.33,True,True,True
xgb_depth,depth 2,st,45,immigrant,hicov,-0.20226282970777365,-0.10847336053848267,-0.09411036968231201,-0.047075748443603516,-0.15550798177719116,654,12069,,92,0.37,False,False,False
xgb_depth,depth 2,st,46,sex_female,pincp,-0.2908753073247148,-0.008353312368191368,-0.2803946578959007,-0.002647325267892242,-0.2861006449961998,1104,1489,,87,0.12,False,False,False
xgb_depth,depth 2,st,46,sex_female,hicov,0.02619511684721776,-0.008786439895629883,0.03475135564804077,-0.0026494264602661133,0.028614342212677002,1104,1489,,87,0.16,False,False,False
xgb_depth,depth 2,st,46,immigrant,pincp,-0.23296569506982934,0.0012876469496312382,-0.22627952292158682,-0.08898635050682024,-0.13600552546513534,77,2516,,87,0.13,True,False,True
xgb_depth,depth 2,st,46,immigrant,hicov,-0.05143187496128676,-0.051940977573394775,0.0020592808723449707,-0.1323307752609253,0.08244907855987549,77,2516,,87,0.14,False,False,False
xgb_depth,depth 2,st,47,sex_female,pincp,-0.2515418813310255,0.013990392491555426,-0.2650367877305353,0.003655287974206445,-0.2547016832131863,7731,9938,,92,0.49,False,False,False
xgb_depth,depth 2,st,47,sex_female,hicov,0.03620466553737811,0.0006098747253417969,0.035517096519470215,0.01145714521408081,0.0246698260307312,7731,9938,,92,0.46,False,False,False
xgb_depth,depth 2,st,47,race_bw,pincp,-0.24291613774690468,-0.10514661107916545,-0.13778674858501638,-0.12675233019615106,-0.11618102946803077,2084,14855,,91,0.45,False,False,False
xgb_depth,depth 2,st,47,race_bw,hicov,-0.019212108604546363,-0.02360004186630249,0.003344297409057617,-0.01826876401901245,-0.001986980438232422,2084,14855,,91,0.43,False,True,True
xgb_depth,depth 2,st,47,immigrant,pincp,-0.12017643285205182,-0.043528827886639476,-0.07597263713605251,-0.010862289825192661,-0.10863917519749933,982,16687,,92,0.41,False,False,False
xgb_depth,depth 2,st,47,immigrant,hicov,-0.22928094933956544,-0.09635436534881592,-0.1331070065498352,-0.03448373079299927,-0.19497764110565186,982,16687,,92,0.49,False,False,False
xgb_depth,depth 2,st,48,sex_female,pincp,-0.280056055773656,-0.003011126055927349,-0.27672465056005713,-0.023954729484062298,-0.2557810471319222,31110,42184,,92,1.48,False,False,False
xgb_depth,depth 2,st,48,sex_female,hicov,0.05040712336269337,-0.005636334419250488,0.05583244562149048,0.021101713180541992,0.029094398021697998,31110,42184,,92,1.56,True,False,True
xgb_depth,depth 2,st,48,race_bw,pincp,-0.2224747386930428,-0.07259057124370649,-0.1496685558205577,-0.09109154169479083,-0.13116758536947337,6632,57703,,91,1.39,False,False,False
xgb_depth,depth 2,st,48,race_bw,hicov,0.020478520087899965,-0.00919044017791748,0.029719829559326172,0.00040543079376220703,0.020123958587646484,6632,57703,,91,1.42,True,False,True
xgb_depth,depth 2,st,48,immigrant,pincp,-0.24244797762234072,-0.07355378632240672,-0.16890645400186344,-0.06239506227641911,-0.18006517804785105,14045,59249,,92,1.52,False,False,False
xgb_depth,depth 2,st,48,immigrant,hicov,-0.18640997892927536,-0.09131503105163574,-0.09505259990692139,-0.05247819423675537,-0.13388943672180176,14045,59249,,92,1.55,False,False,False
xgb_depth,depth 2,st,49,sex_female,pincp,-0.3688677720811935,-0.037023066811118,-0.33149123005338943,-0.07133138801433248,-0.29718290885017495,2631,4858,,91,0.21,False,False,False
xgb_depth,depth 2,st,49,sex_female,hicov,0.016111383121001355,-0.015366315841674805,0.03180211782455444,-0.01634901762008667,0.03278481960296631,2631,4858,,91,0.25,False,False,False
xgb_depth,depth 2,st,49,race_bw,pincp,-0.3013406887576444,-0.293175735829184,-0.00906729624497693,-0.11562251406087931,-0.1866205180132816,54,6795,,90,0.2,False,False,False
xgb_depth,depth 2,st,49,immigrant,pincp,-0.33821703312701956,-0.17202252155739295,-0.16521956846424146,-0.13746663510461588,-0.19977545491701854,677,6812,,91,0.23,False,False,False
xgb_depth,depth 2,st,49,immigrant,hicov,-0.16394736545378696,-0.0543370246887207,-0.10989093780517578,-0.04844611883163452,-0.11578184366226196,677,6812,,91,0.25,False,False,False
xgb_depth,depth 2,st,5,sex_female,pincp,-0.2661997987464133,-0.007774343023722707,-0.2594419734822715,0.012349057900232552,-0.27956537440622675,3295,4129,,92,0.21,True,False,True
xgb_depth,depth 2,st,5,sex_female,hicov,0.0323388622831734,-0.004421353340148926,0.0367085337638855,0.008850395679473877,0.023436784744262695,3295,4129,,92,0.24,True,False,True
xgb_depth,depth 2,st,5,race_bw,pincp,-0.2823326565036659,-0.10538515798566195,-0.17738658237610494,-0.11038942724464107,-0.17238231311712582,802,6230,,91,0.23,False,False,False
xgb_depth,depth 2,st,5,immigrant,pincp,-0.24308967053588226,-0.03539307135479497,-0.20706857510147358,-0.029137770385109008,-0.21332387607115955,391,7033,,92,0.22,False,False,False
xgb_depth,depth 2,st,5,immigrant,hicov,-0.14289813131590456,-0.02886873483657837,-0.11405152082443237,-0.027300596237182617,-0.11561965942382812,391,7033,,92,0.23,False,False,False
xgb_depth,depth 2,st,50,sex_female,pincp,-0.14022086869054817,0.03600366773103936,-0.1768076401276346,0.07075351217196868,-0.21155748456856394,852,1028,,86,0.11,False,False,False
xgb_depth,depth 2,st,50,sex_female,hicov,0.029192013298989794,-0.002184569835662842,0.030814766883850098,0.004467308521270752,0.024162888526916504,852,1028,,86,0.12,True,False,True
xgb_depth,depth 2,st,50,immigrant,pincp,0.08646994507348538,0.010058926036641935,0.07901908880803177,0.02129526885798505,0.06778274598668865,61,1819,,86,0.11,False,False,False
xgb_depth,depth 2,st,50,immigrant,hicov,-0.033039230706837674,0.016207575798034668,-0.046338021755218506,0.01886528730392456,-0.0489957332611084,61,1819,,86,0.12,False,False,False
xgb_depth,depth 2,st,51,sex_female,pincp,-0.27302751178342,-0.04012148843061425,-0.2335672704623608,-0.05327028436502523,-0.22041847452794983,11165,13892,,92,0.55,False,False,False
xgb_depth,depth 2,st,51,sex_female,hicov,0.018292008635743984,-0.007520139217376709,0.02586185932159424,0.0022287368774414062,0.016112983226776123,11165,13892,,92,0.6,True,False,True
xgb_depth,depth 2,st,51,race_bw,pincp,-0.3105158451780081,-0.13768934592730275,-0.17227462321633347,-0.16731826733172106,-0.14264570181191516,3571,18633,,91,0.52,False,False,False
xgb_depth,depth 2,st,51,race_bw,hicov,-0.012815493743969841,-0.0222092866897583,0.009314894676208496,-0.017062783241271973,0.004168391227722168,3571,18633,,91,0.56,False,False,False
xgb_depth,depth 2,st,51,immigrant,pincp,-0.08827680242906055,-0.0018055853957914536,-0.086683673131704,0.032382868038959955,-0.1208721265664554,3568,21489,,92,0.56,True,False,True
xgb_depth,depth 2,st,51,immigrant,hicov,-0.08259353987972162,-0.030826270580291748,-0.05205214023590088,-0.011669814586639404,-0.07120859622955322,3568,21489,,92,0.58,False,False,False
xgb_depth,depth 2,st,53,sex_female,pincp,-0.2748983811241228,-0.024178611345623935,-0.25117988531718716,-0.03473082581668052,-0.24062767084613057,8203,11854,,92,0.44,False,False,False
xgb_depth,depth 2,st,53,sex_female,hicov,0.02300643443582484,-0.003908693790435791,0.027030348777770996,-0.001993417739868164,0.02511507272720337,8203,11854,,92,0.47,False,False,False
xgb_depth,depth 2,st,53,race_bw,pincp,-0.2401969338879315,-0.0951460627820353,-0.1455599653628905,-0.06939995998495618,-0.17130606815996963,498,16076,,91,0.41,False,False,False
xgb_depth,depth 2,st,53,immigrant,pincp,-0.06386455533668745,-0.004017226106482141,-0.06014441412086491,0.004109252493206483,-0.06827089272055353,3142,16915,,92,0.46,True,False,True
xgb_depth,depth 2,st,53,immigrant,hicov,-0.08703524361614123,-0.0391312837600708,-0.0477108359336853,-0.007787168025970459,-0.07905495166778564,3142,16915,,92,0.48,False,False,False
xgb_depth,depth 2,st,54,sex_female,pincp,-0.2653994856022521,0.018130386818164368,-0.28538649238985236,-0.030556823277398948,-0.23669928229428905,1870,2372,,91,0.18,True,False,True
xgb_depth,depth 2,st,54,sex_female,hicov,0.019418618282818212,-0.00588148832321167,0.025236546993255615,0.0021023154258728027,0.017252743244171143,1870,2372,,91,0.16,True,False,True
xgb_depth,depth 2,st,54,race_bw,pincp,-0.10287333642424024,-0.08979236427547299,-0.014314417849670136,-0.046208300856511286,-0.05789848126863184,95,4041,,90,0.16,False,False,False
xgb_depth,depth 2,st,54,immigrant,pincp,0.09627748981801787,0.04450177207175443,0.04801962450326158,0.08246440333930316,0.010056993235712852,92,4150,,91,0.16,False,False,False
xgb_depth,depth 2,st,54,immigrant,hicov,-0.03514929282346779,-0.028046846389770508,-0.007516264915466309,0.009240567684173584,-0.0448036789894104,92,4150,,91,0.16,True,False,True
xgb_depth,depth 2,st,55,sex_female,pincp,-0.24014252727026175,0.03207760618412614,-0.2725430651565013,0.027222681969140794,-0.26768814094151594,7379,10129,,92,0.41,False,False,False
xgb_depth,depth 2,st,55,sex_female,hicov,0.020999134207080772,-0.004498004913330078,0.025570034980773926,0.0024738311767578125,0.018598198890686035,7379,10129,,92,0.44,True,False,True
xgb_depth,depth 2,st,55,race_bw,pincp,-0.23597190532807133,-0.09046626151871173,-0.14614389290279206,-0.10110379962738847,-0.13550635479411532,357,16436,,91,0.41,False,False,False
xgb_depth,depth 2,st,55,race_bw,hicov,-0.03011085183647566,-0.024028658866882324,-0.006625711917877197,-0.01940751075744629,-0.011246860027313232,357,16436,,91,0.44,False,False,False
xgb_depth,depth 2,st,55,immigrant,pincp,-0.08377285580072602,-0.0075921940492573725,-0.07534226309187453,0.004233513222335006,-0.0871679703634669,662,16846,,92,0.39,True,False,True
xgb_depth,depth 2,st,55,immigrant,hicov,-0.1264630042973257,-0.03364044427871704,-0.09245550632476807,-0.018927812576293945,-0.10716813802719116,662,16846,,92,0.44,False,False,False
xgb_depth,depth 2,st,56,sex_female,pincp,-0.36346992208175166,0.004671249765671348,-0.3668228313015103,-0.025586277880748298,-0.33656530365509063,647,956,,85,0.1,True,False,True
xgb_depth,depth 2,st,56,sex_female,hicov,0.03127243214579034,-0.0032247304916381836,0.035157859325408936,-0.0051457881927490234,0.037078917026519775,647,956,,85,0.11,False,False,False
xgb_depth,depth 2,st,56,immigrant,pincp,-0.18877279319069018,-0.03665116407039015,-0.14908798638078302,-0.022115808124128833,-0.16362334232704434,51,1552,,85,0.1,False,False,False
xgb_depth,depth 2,st,56,immigrant,hicov,-0.07889882757226607,-0.03972989320755005,-0.04208230972290039,-0.03324860334396362,-0.048563599586486816,51,1552,,85,0.1,False,False,False
xgb_depth,depth 2,st,6,sex_female,pincp,-0.18146729971729947,0.02492747609696977,-0.20644442630887028,0.0108553219069627,-0.1923722721188632,41076,58207,,92,1.87,False,False,False
xgb_depth,depth 2,st,6,sex_female,hicov,0.03384123084023194,-0.00045311450958251953,0.034345388412475586,0.008403897285461426,0.02548837661743164,41076,58207,,92,1.84,True,False,True
xgb_depth,depth 2,st,6,race_bw,pincp,-0.18246297664314604,-0.0850756244533617,-0.0970765763307675,-0.07530374521474492,-0.10684845556938427,4119,61748,,91,1.28,False,False,False
xgb_depth,depth 2,st,6,race_bw,hicov,0.015345646834364346,0.005716681480407715,0.009305357933044434,0.009339392185211182,0.005682647228240967,4119,61748,,91,1.38,False,False,False
xgb_depth,depth 2,st,6,immigrant,pincp,-0.26875090094567966,-0.08963958617910528,-0.17909781159875138,-0.08590244192371621,-0.18283495585414045,35042,64241,,92,1.76,False,False,False
xgb_depth,depth 2,st,6,immigrant,hicov,-0.080050513778545,-0.03423786163330078,-0.04584687948226929,-0.015874922275543213,-0.06420981884002686,35042,64241,,92,1.75,False,False,False
xgb_depth,depth 2,st,8,sex_female,pincp,-0.21981364393633918,-0.004283309443797734,-0.21544180765108223,-0.009471121507450775,-0.2102539955874292,6943,9596,,92,0.44,False,False,False
xgb_depth,depth 2,st,8,sex_female,hicov,0.03742758652198985,-0.002123713493347168,0.03951919078826904,0.009051322937011719,0.028344154357910156,6943,9596,,92,0.43,True,False,True
xgb_depth,depth 2,st,8,race_bw,pincp,-0.22475618247098517,-0.10398011992343825,-0.12177820645385573,-0.09083153041782133,-0.13492679595947266,402,14662,,91,0.38,False,False,False
xgb_depth,depth 2,st,8,immigrant,pincp,-0.23250097022780913,-0.13904785188404567,-0.09366508948874852,-0.0950995043286138,-0.1376134370441804,1649,14890,,92,0.36,False,False,False
xgb_depth,depth 2,st,8,immigrant,hicov,-0.15452220671420613,-0.07773387432098389,-0.07655692100524902,-0.02471780776977539,-0.12957298755645752,1649,14890,,92,0.43,False,False,False
xgb_depth,depth 2,st,9,sex_female,pincp,-0.32591543934684,-0.016971725265701565,-0.30872724981047917,-0.03448546490572291,-0.2912135101704578,4662,6012,,92,0.26,False,False,False
xgb_depth,depth 2,st,9,sex_female,hicov,0.01643880835497602,-0.0036045312881469727,0.0199129581451416,-0.000762939453125,0.01707136631011963,4662,6012,,92,0.29,False,False,False
xgb_depth,depth 2,st,9,race_bw,pincp,-0.4323223792453419,-0.128956104061686,-0.3041532412590584,-0.23122674485139427,-0.20188260046935014,757,8886,,91,0.27,False,False,False
xgb_depth,depth 2,st,9,race_bw,hicov,-0.02647716518436527,-0.028546452522277832,0.0018903613090515137,-0.030260920524597168,0.0036048293113708496,757,8886,,91,0.28,False,False,False
xgb_depth,depth 2,st,9,immigrant,pincp,-0.12330295028208837,-0.06048522950568547,-0.06423097779646447,-0.06155191831280682,-0.06316428898934312,1722,8952,,92,0.27,False,False,False
xgb_depth,depth 2,st,9,immigrant,hicov,-0.07303061157765922,-0.021413087844848633,-0.05170917510986328,-0.008575677871704102,-0.06454658508300781,1722,8952,,92,0.29,False,False,False
xgb_depth,depth 4,naics_2,11,sex_female,pincp,-0.17442832844735356,0.028773661158041364,-0.2050641966466351,0.011915846228376381,-0.18820638171697013,1770,10168,,63,0.22,False,False,False
xgb_depth,depth 4,naics_2,11,sex_female,hicov,0.06072557308405235,-0.013322174549102783,0.07417571544647217,-0.0035109519958496094,0.064364492893219,1770,10168,,63,0.26,False,False,False
xgb_depth,depth 4,naics_2,11,race_bw,pincp,-0.3082373735363646,-0.161579710769562,-0.14399142283100375,-0.11522287447426827,-0.1903482591262975,198,10459,,62,0.22,False,False,False
xgb_depth,depth 4,naics_2,11,race_bw,hicov,-0.08277004677234145,-0.049479663372039795,-0.031519174575805664,-0.09175765514373779,0.010758817195892334,198,10459,,62,0.21,False,True,True
xgb_depth,depth 4,naics_2,11,immigrant,pincp,-0.5044989627739547,-0.24814594518108812,-0.25651438102496904,-0.16996323315957795,-0.3346970930464792,2454,9484,,63,0.25,False,False,False
xgb_depth,depth 4,naics_2,11,immigrant,hicov,-0.29192622963498427,-0.07157379388809204,-0.22020411491394043,-0.061949849128723145,-0.22982805967330933,2454,9484,,63,0.26,False,False,False
xgb_depth,depth 4,naics_2,21,sex_female,pincp,-0.1566003960737774,0.15014225578170226,-0.3057109845405588,0.13366993533914062,-0.28923866409799714,858,4828,,60,0.14,False,False,False
xgb_depth,depth 4,naics_2,21,sex_female,hicov,0.029791252657864087,-0.0036176443099975586,0.03386777639389038,-0.005010008811950684,0.035260140895843506,858,4828,,60,0.15,False,False,False
xgb_depth,depth 4,naics_2,21,race_bw,pincp,-0.3229724667527538,-0.14455027702410916,-0.17585689337531107,-0.10130278221851796,-0.21910438818090228,204,5009,,59,0.14,False,False,False
xgb_depth,depth 4,naics_2,21,race_bw,hicov,-0.03411114895149525,-0.03522038459777832,0.00013023614883422852,-0.037086546421051025,0.0019963979721069336,204,5009,,59,0.17,False,False,False
xgb_depth,depth 4,naics_2,21,immigrant,pincp,0.04340662820095709,0.22636183646903696,-0.1817465497248847,0.1520420329282075,-0.10742674618405523,538,5148,,60,0.25,False,False,False
xgb_depth,depth 4,naics_2,21,immigrant,hicov,-0.029199631430114614,-0.023019015789031982,-0.006051421165466309,-0.012143135070800781,-0.01692730188369751,538,5148,,60,0.25,False,False,False
xgb_depth,depth 4,naics_2,22,sex_female,pincp,-0.16498741705883546,0.08932677262331623,-0.25351118073898427,0.04617178476728512,-0.21035619288295315,2383,8526,,63,0.25,False,False,False
xgb_depth,depth 4,naics_2,22,race_bw,pincp,-0.20612530453511546,-0.07123028034060752,-0.13540348807841873,-0.07166761439406422,-0.13496615402496204,778,9258,,62,0.26,False,False,False
xgb_depth,depth 4,naics_2,22,race_bw,hicov,-0.010228352495528115,-0.010055959224700928,0.00038737058639526367,-0.012066543102264404,0.0023979544639587402,778,9258,,62,0.23,False,False,False
xgb_depth,depth 4,naics_2,22,immigrant,pincp,0.05236980693181259,0.15083419961473687,-0.0987561986153711,0.08628181489221731,-0.03420381389285154,791,10118,,63,0.24,False,False,False
xgb_depth,depth 4,naics_2,22,immigrant,hicov,-0.04415682556453315,-0.012592315673828125,-0.03126150369644165,-0.003443002700805664,-0.04041081666946411,791,10118,,63,0.26,False,False,False
xgb_depth,depth 4,naics_2,23,sex_female,pincp,-0.0626446456082057,0.1032798671993298,-0.16591336211390662,0.10818167165894366,-0.17081516657352047,5486,50901,,58,1.01,False,False,False
xgb_depth,depth 4,naics_2,23,sex_female,hicov,0.10012223552223276,0.019622802734375,0.08046412467956543,0.03124213218688965,0.06884479522705078,5486,50901,,58,1.02,False,False,False
xgb_depth,depth 4,naics_2,23,race_bw,pincp,-0.2200815585744582,-0.09336381602438593,-0.12738582923102726,-0.06001099278887523,-0.16073865246653796,2207,47852,,57,0.78,False,False,False
xgb_depth,depth 4,naics_2,23,immigrant,pincp,-0.32078281195261127,-0.14141415664719048,-0.17930365530738257,-0.10118893974581411,-0.21952887220875894,11081,45306,,58,0.92,False,False,False
xgb_depth,depth 4,naics_2,23,immigrant,hicov,-0.3059844323527965,-0.09453803300857544,-0.21125441789627075,-0.06518375873565674,-0.24060869216918945,11081,45306,,58,0.99,False,False,False
xgb_depth,depth 4,naics_2,31,sex_female,pincp,-0.2629578528630354,-0.0401114105637248,-0.22256988885544438,-0.048231748658748685,-0.2144495507604205,6080,10147,,65,0.37,False,False,False
xgb_depth,depth 4,naics_2,31,race_bw,pincp,-0.303773085054587,-0.13599428878408126,-0.16826966587154857,-0.141764309149357,-0.16249964550627283,1704,11987,,64,0.3,False,False,False
xgb_depth,depth 4,naics_2,31,race_bw,hicov,-0.015489638422845342,-0.02305227518081665,0.007870674133300781,-0.02236461639404297,0.0071830153465271,1704,11987,,64,0.36,False,False,False
xgb_depth,depth 4,naics_2,31,immigrant,pincp,-0.34096890087177734,-0.16241895725751831,-0.17902179429902176,-0.09963207210341274,-0.24180867945312734,3768,12459,,65,0.36,False,False,False
xgb_depth,depth 4,naics_2,31,immigrant,hicov,-0.12329223291887836,-0.037595510482788086,-0.0857471227645874,-0.033994972705841064,-0.08934766054153442,3768,12459,,65,0.43,False,False,False
xgb_depth,depth 4,naics_2,32,sex_female,pincp,-0.14835792196557485,0.07251615575965609,-0.2207053633595848,0.045902228840120074,-0.19409143644004878,8451,21977,,67,0.61,False,False,False
xgb_depth,depth 4,naics_2,32,sex_female,hicov,0.013688911235591239,-0.0063520073890686035,0.019966721534729004,-0.00608980655670166,0.01970452070236206,8451,21977,,67,0.65,False,False,False
xgb_depth,depth 4,naics_2,32,race_bw,pincp,-0.2647300616488355,-0.10472274228191658,-0.1606212895700203,-0.10067285345855126,-0.16467117839338563,2081,25276,,66,0.56,False,False,False
xgb_depth,depth 4,naics_2,32,race_bw,hicov,-0.011317819176341226,-0.019984424114227295,0.009423613548278809,-0.019513070583343506,0.00895226001739502,2081,25276,,66,0.6,False,False,False
xgb_depth,depth 4,naics_2,32,immigrant,pincp,-0.08673017505501157,0.023555606430212706,-0.10979337887330409,0.05691029631357303,-0.14314806875666441,4028,26400,,67,0.63,False,False,False
xgb_depth,depth 4,naics_2,32,immigrant,hicov,-0.07233731305106683,-0.015225648880004883,-0.05730128288269043,-0.013669312000274658,-0.058857619762420654,4028,26400,,67,0.7,False,False,False
xgb_depth,depth 4,naics_2,33,sex_female,pincp,-0.2637016416912381,-0.025394996797897917,-0.23864828760352452,-0.03746723292313625,-0.2265760514782862,16238,50594,,69,1.25,False,False,False
xgb_depth,depth 4,naics_2,33,race_bw,pincp,-0.32554110402042724,-0.12370060934151539,-0.20162315890378224,-0.1412143205616907,-0.18410944768360693,3920,54728,,68,1.25,False,False,False
xgb_depth,depth 4,naics_2,33,race_bw,hicov,-0.017633588298643477,-0.018558979034423828,0.00040435791015625,-0.02220362424850464,0.0040490031242370605,3920,54728,,68,1.25,False,False,False
xgb_depth,depth 4,naics_2,33,immigrant,pincp,-0.031002990109508133,0.057973372476535445,-0.08907209419314022,0.08225644085999306,-0.11335516257659783,10156,56676,,69,1.38,False,False,False
xgb_depth,depth 4,naics_2,33,immigrant,hicov,-0.04499232538424991,-0.004727959632873535,-0.04014933109283447,-0.010860860347747803,-0.034016430377960205,10156,56676,,69,1.34,False,False,False
xgb_depth,depth 4,naics_2,3M,sex_female,pincp,-0.3035433700709156,-0.020171203782016534,-0.28357484263758614,-0.04499427052396321,-0.25875177589563947,879,1984,,57,0.1,False,False,False
xgb_depth,depth 4,naics_2,3M,race_bw,pincp,-0.2366623367706051,-0.09988781281720627,-0.13696446806361529,-0.09657120005024389,-0.14028108083057766,323,2116,,56,0.1,False,False,False
xgb_depth,depth 4,naics_2,3M,race_bw,hicov,-0.028134455453656892,-0.027417242527008057,-0.0010327696800231934,-0.01563882827758789,-0.01281118392944336,323,2116,,56,0.1,False,False,False
xgb_depth,depth 4,naics_2,3M,immigrant,pincp,-0.26129086957903347,-0.038085907768790506,-0.22538885784317308,-0.045235590440551476,-0.21823917517141211,595,2268,,57,0.1,False,False,False
xgb_depth,depth 4,naics_2,3M,immigrant,hicov,-0.10675381263616557,-0.040041983127593994,-0.06502765417098999,-0.003031611442565918,-0.10203802585601807,595,2268,,57,0.11,False,False,False
xgb_depth,depth 4,naics_2,42,sex_female,pincp,-0.2022436858462644,0.03677364872311806,-0.23903136502334554,0.005108808687786848,-0.20736652498801433,7903,20186,,63,0.58,False,False,False
xgb_depth,depth 4,naics_2,42,race_bw,pincp,-0.37749029566436754,-0.09070540470704991,-0.28651450319091687,-0.11359913798414567,-0.2636207699138211,1496,23358,,62,0.5,False,False,False
xgb_depth,depth 4,naics_2,42,race_bw,hicov,-0.03178101331838812,-0.030556976795196533,-0.001295924186706543,-0.039173424243927,0.007320523262023926,1496,23358,,62,0.5,False,True,True
xgb_depth,depth 4,naics_2,42,immigrant,pincp,-0.2093096720413552,-0.045824011444146606,-0.16248223723220434,-0.03419535034237775,-0.1741108983339732,4233,23856,,63,0.59,False,False,False
xgb_depth,depth 4,naics_2,42,immigrant,hicov,-0.08411581584950278,-0.01497352123260498,-0.06953054666519165,-0.014042317867279053,-0.07046175003051758,4233,23856,,63,0.66,False,False,False
xgb_depth,depth 4,naics_2,44,sex_female,pincp,-0.25509860736859835,-0.013297999335573962,-0.24171209279401218,-0.03187532715594621,-0.22313476497363993,20205,31547,,63,0.97,False,False,False
xgb_depth,depth 4,naics_2,44,sex_female,hicov,0.014269738289013567,-0.01313716173171997,0.027456581592559814,-0.018534362316131592,0.032853782176971436,20205,31547,,63,1.06,False,False,False
xgb_depth,depth 4,naics_2,44,race_bw,pincp,-0.21868542569681537,-0.07020031059843568,-0.14836105256945586,-0.07683515007345676,-0.14172621309443478,3611,41916,,62,0.94,False,False,False
xgb_depth,depth 4,naics_2,44,race_bw,hicov,-0.02434017062887106,-0.02668696641921997,0.0020351409912109375,-0.034950971603393555,0.010299146175384521,3611,41916,,62,0.9,False,False,False
xgb_depth,depth 4,naics_2,44,immigrant,pincp,-0.09665531045817133,-0.005387520769584597,-0.09103495078187152,0.022509644359614,-0.11893211591107011,7415,44337,,63,0.99,True,False,True
xgb_depth,depth 4,naics_2,44,immigrant,hicov,-0.09476766488920885,-0.0013679265975952148,-0.0934334397315979,-0.009599804878234863,-0.08520156145095825,7415,44337,,63,1.06,False,False,False
xgb_depth,depth 4,naics_2,45,sex_female,pincp,-0.25316293341938767,-0.053847111026524175,-0.19926474494874213,-0.07324900375138554,-0.17986285222388076,10711,10829,,62,0.42,False,False,False
xgb_depth,depth 4,naics_2,45,sex_female,hicov,0.012157341696831914,-0.007997393608093262,0.020005464553833008,-0.009554266929626465,0.02156233787536621,10711,10829,,62,0.49,False,False,False
xgb_depth,depth 4,naics_2,45,race_bw,pincp,-0.2128505955917941,-0.13027358645668663,-0.08220720458919928,-0.11883606374970412,-0.09364472729618178,2034,17052,,61,0.4,False,False,False
xgb_depth,depth 4,naics_2,45,race_bw,hicov,-0.023157172542498827,-0.01432877779006958,-0.008668661117553711,-0.023141324520111084,0.00014388561248779297,2034,17052,,61,0.42,False,True,True
xgb_depth,depth 4,naics_2,45,immigrant,hicov,-0.04191854009015972,0.01618272066116333,-0.058239758014678955,-0.0004985332489013672,-0.04155850410461426,2784,18756,,62,0.44,True,False,True
xgb_depth,depth 4,naics_2,48,sex_female,pincp,-0.21276262819450054,0.053186089458368,-0.2666660913544323,0.03398175034747197,-0.24746175224353628,5254,23016,,60,0.55,False,False,False
xgb_depth,depth 4,naics_2,48,sex_female,hicov,0.030014488853288057,-0.003931820392608643,0.0337410569190979,-0.0019168853759765625,0.03172612190246582,5254,23016,,60,0.59,False,False,False
xgb_depth,depth 4,naics_2,48,race_bw,pincp,-0.19750902181684893,-0.05151861527431656,-0.14593929467780953,-0.09050164310582609,-0.1069562668463,3689,21206,,59,0.47,False,False,False
xgb_depth,depth 4,naics_2,48,immigrant,pincp,-0.19393861612739371,-0.06898076294949718,-0.1252929267409737,-0.05013445072304101,-0.14413923896742986,4910,23360,,60,0.53,False,False,False
xgb_depth,depth 4,naics_2,48,immigrant,hicov,-0.0972118858633485,-0.006901741027832031,-0.09048902988433838,-0.01565539836883545,-0.08173537254333496,4910,23360,,60,0.58,False,False,False
xgb_depth,depth 4,naics_2,49,sex_female,pincp,-0.12368417112049634,-0.009222570744000791,-0.11383735130053374,-0.02562295577958551,-0.09743696626494902,3808,8351,,58,0.26,False,False,False
xgb_depth,depth 4,naics_2,49,sex_female,hicov,0.014366675001937002,-0.008995592594146729,0.023183763027191162,-0.011100411415100098,0.02528858184814453,3808,8351,,58,0.43,False,False,False
xgb_depth,depth 4,naics_2,49,race_bw,pincp,-0.16454436798651528,-0.0482755875063976,-0.11608593121151856,-0.02680900988375079,-0.13755250883416537,1973,8563,,57,0.22,False,False,False
xgb_depth,depth 4,naics_2,49,race_bw,hicov,-0.016498035874827455,-0.019432425498962402,0.002642512321472168,-0.022324979305267334,0.0055350661277771,1973,8563,,57,0.24,False,False,False
xgb_depth,depth 4,naics_2,49,immigrant,pincp,-0.17166827475629098,0.051248437748444786,-0.223302862157567,-0.03298029051743612,-0.1390741338916861,1836,10323,,58,0.27,True,False,True
xgb_depth,depth 4,naics_2,49,immigrant,hicov,-0.0865438493521985,-0.008442163467407227,-0.07809609174728394,-0.009771525859832764,-0.0767667293548584,1836,10323,,58,0.27,False,False,False
xgb_depth,depth 4,naics_2,4M,sex_female,pincp,-0.2786318676631705,-0.04352912204433679,-0.23647269350556677,-0.042174605305133284,-0.23782721024477027,998,1164,,58,0.1,False,False,False
xgb_depth,depth 4,naics_2,4M,sex_female,hicov,0.010045864925727788,-0.01826697587966919,0.02876526117324829,-0.0170707106590271,0.0275689959526062,998,1164,,58,0.11,False,False,False
xgb_depth,depth 4,naics_2,4M,race_bw,pincp,-0.15479391581975044,-0.07847261432017127,-0.07876183772567735,-0.058778119487767455,-0.09845633255808117,247,1637,,57,0.11,False,False,False
xgb_depth,depth 4,naics_2,4M,race_bw,hicov,-0.030964116743623538,-0.025629639625549316,-0.0067560672760009766,-0.0033545494079589844,-0.02903115749359131,247,1637,,57,0.11,False,False,False
xgb_depth,depth 4,naics_2,4M,immigrant,pincp,-0.0850289573043419,-0.07493463967636771,-0.010744903117370086,-0.030642965108611975,-0.05503657768512582,319,1843,,58,0.09,False,False,False
xgb_depth,depth 4,naics_2,4M,immigrant,hicov,-0.13497313396278732,-0.06571948528289795,-0.06843125820159912,0.00579458475112915,-0.13994532823562622,319,1843,,58,0.09,True,False,True
xgb_depth,depth 4,naics_2,51,sex_female,pincp,-0.2458908158496964,-0.05103458836130059,-0.1941374950673218,-0.06054897983026564,-0.18462310359835676,7812,12919,,61,0.44,False,False,False
xgb_depth,depth 4,naics_2,51,race_bw,pincp,-0.27989747972265633,-0.12223901094059642,-0.15814939419953333,-0.11015836934668322,-0.17023003579344653,1646,16501,,60,0.4,False,False,False
xgb_depth,depth 4,naics_2,51,race_bw,hicov,-0.016109226562578738,-0.011646807193756104,-0.004607975482940674,-0.013077259063720703,-0.0031775236129760742,1646,16501,,60,0.42,False,False,False
xgb_depth,depth 4,naics_2,51,immigrant,pincp,0.20968129890285958,0.18013606549301642,0.028220621430204318,0.16560792185360995,0.042748765069610783,2744,17987,,61,0.41,False,False,False
xgb_depth,depth 4,naics_2,51,immigrant,hicov,-0.012184536904771393,0.014208376407623291,-0.026421427726745605,0.003183901309967041,-0.015396952629089355,2744,17987,,61,0.46,False,False,False
xgb_depth,depth 4,naics_2,52,sex_female,pincp,-0.5682567617236298,-0.19538073252952337,-0.3726237263194516,-0.24020136289623473,-0.32780309595274026,29688,23262,,59,0.96,False,False,False
xgb_depth,depth 4,naics_2,52,race_bw,pincp,-0.36008972810087947,-0.10835578362771692,-0.2517566714092254,-0.13906333777010893,-0.2210491172668334,4183,42821,,58,0.8,False,False,False
xgb_depth,depth 4,naics_2,52,race_bw,hicov,-0.014619821613350514,-0.011964380741119385,-0.0026935935020446777,-0.011510670185089111,-0.003147304058074951,4183,42821,,58,0.88,False,False,False
xgb_depth,depth 4,naics_2,52,immigrant,pincp,0.12872852116941047,0.13969883272619654,-0.011274060372928218,0.12939186054159002,-0.0009670881883216964,6431,46519,,59,1.01,False,False,False
xgb_depth,depth 4,naics_2,52,immigrant,hicov,-0.013713639558709967,0.005790114402770996,-0.01976674795150757,-0.0004935264587402344,-0.013483107089996338,6431,46519,,59,1.09,True,False,True
xgb_depth,depth 4,naics_2,53,sex_female,pincp,-0.20368571994394458,-0.008223559507644751,-0.19563280163030328,-0.031190348577773364,-0.17266601256017466,7356,9663,,59,0.38,False,False,False
xgb_depth,depth 4,naics_2,53,sex_female,hicov,0.016528081163935893,-0.008620381355285645,0.024822235107421875,-0.008022606372833252,0.024224460124969482,7356,9663,,59,0.38,False,False,False
xgb_depth,depth 4,naics_2,53,race_bw,pincp,-0.36522123116522387,-0.07184419769738959,-0.29308334251139456,-0.11677359789140951,-0.24815394231737464,1331,13771,,58,0.31,False,False,False
xgb_depth,depth 4,naics_2,53,race_bw,hicov,-0.022543426742933304,-0.02058476209640503,-0.0015099048614501953,-0.030538618564605713,0.008443951606750488,1331,13771,,58,0.31,False,True,True
xgb_depth,depth 4,naics_2,53,immigrant,pincp,-0.16413766013544517,-0.04267291834882947,-0.12124729241972432,-0.015481230772190102,-0.14843897999636368,2515,14504,,59,0.37,False,False,False
xgb_depth,depth 4,naics_2,53,immigrant,hicov,-0.06069583601534756,-0.009453356266021729,-0.051367998123168945,-0.012179076671600342,-0.04864227771759033,2515,14504,,59,0.4,False,False,False
xgb_depth,depth 4,naics_2,54,sex_female,pincp,-0.3899332779490621,-0.10119512544105547,-0.2889195448317725,-0.11788970840365742,-0.27222496186917056,29018,43958,,60,1.28,False,False,False
xgb_depth,depth 4,naics_2,54,race_bw,pincp,-0.2660095394753377,-0.09531135113275546,-0.17141883881989983,-0.11090115464449113,-0.15582903530816417,3444,58849,,59,1.13,False,False,False
xgb_depth,depth 4,naics_2,54,race_bw,hicov,-0.01714595588240375,-0.012709259986877441,-0.004649221897125244,-0.015734732151031494,-0.0016237497329711914,3444,58849,,59,1.24,False,False,False
xgb_depth,depth 4,naics_2,54,immigrant,pincp,0.0722182219525429,0.08764363069468217,-0.0159278806436447,0.09527590665956787,-0.02356015660853039,12006,60970,,60,1.42,False,False,False
xgb_depth,depth 4,naics_2,54,immigrant,hicov,-0.01085133722024234,0.013992905616760254,-0.02489006519317627,0.0023379921913146973,-0.013235151767730713,12006,60970,,60,1.51,False,False,False
xgb_depth,depth 4,naics_2,55,sex_female,pincp,-0.41916513373735675,-0.1480441204921874,-0.27185962630693083,-0.17988481222534958,-0.24001893457376866,689,659,,57,0.07,False,False,False
xgb_depth,depth 4,naics_2,55,race_bw,pincp,-0.39175907995863213,-0.06354808440642756,-0.3243268153346168,-0.08485372886480214,-0.30302117087624225,77,1128,,55,0.1,False,False,False
xgb_depth,depth 4,naics_2,55,race_bw,hicov,-0.0421962788984066,-0.004657745361328125,-0.0391840934753418,0.0006680488586425781,-0.0445098876953125,77,1128,,55,0.07,True,False,True
xgb_depth,depth 4,naics_2,55,immigrant,pincp,0.08036547274432237,-0.04562413797620124,0.1291124035306872,0.04291580378021287,0.040572461774273094,155,1193,,57,0.07,True,False,True
xgb_depth,depth 4,naics_2,55,immigrant,hicov,-0.013233107103263642,-0.005889236927032471,-0.00797206163406372,0.001911461353302002,-0.015772759914398193,155,1193,,57,0.08,True,False,True
xgb_depth,depth 4,naics_2,56,sex_female,pincp,-0.1285776356521673,0.01270996476482189,-0.14185761711561007,0.03213580506337266,-0.16128345741416084,10600,18487,,60,0.55,False,False,False
xgb_depth,depth 4,naics_2,56,sex_female,hicov,0.04997762323550159,-0.011443853378295898,0.06178450584411621,0.004152059555053711,0.0461885929107666,10600,18487,,60,0.65,True,False,True
xgb_depth,depth 4,naics_2,56,race_bw,pincp,-0.2488064758317332,-0.09901824498018996,-0.14954899548660272,-0.06685108107748228,-0.1817161593893104,3326,21705,,59,0.5,False,False,False
xgb_depth,depth 4,naics_2,56,immigrant,pincp,-0.2986422731817857,-0.11104558921446461,-0.18843336323553928,-0.0681018912875242,-0.2313770611624797,6273,22814,,60,0.59,False,False,False
xgb_depth,depth 4,naics_2,56,immigrant,hicov,-0.20222463599230545,-0.06299012899398804,-0.13869935274124146,-0.02806192636489868,-0.1736275553703308,6273,22814,,60,0.6,False,False,False
xgb_depth,depth 4,naics_2,61,sex_female,pincp,-0.19832442884073664,0.004883384637176746,-0.2031842265288777,-0.0054442180559544084,-0.19285662383574653,51590,26189,,58,1.36,True,False,True
xgb_depth,depth 4,naics_2,61,race_bw,pincp,-0.1508946986242261,-0.1416395009723317,-0.008714561750355898,-0.10130207240687206,-0.04905199031581553,6910,63986,,57,1.23,False,False,False
xgb_depth,depth 4,naics_2,61,race_bw,hicov,-0.020329754659157317,-0.0124894380569458,-0.008020102977752686,-0.009765684604644775,-0.010743856430053711,6910,63986,,57,1.33,False,False,False
xgb_depth,depth 4,naics_2,61,immigrant,pincp,0.0230344050453688,0.0019271840695935794,0.021193950173788778,0.04476186972290286,-0.0216407354795205,7723,70056,,58,1.34,False,True,True
xgb_depth,depth 4,naics_2,61,immigrant,hicov,-0.017128937570610958,-0.0019892454147338867,-0.01514214277267456,-0.005433320999145508,-0.01169806718826294,7723,70056,,58,1.53,False,False,False
xgb_depth,depth 4,naics_2,62,sex_female,pincp,-0.44504958913086057,-0.15891562053380603,-0.28637309591423055,-0.2303690524931543,-0.21491966395488227,90900,29476,,63,2.27,False,False,False
xgb_depth,depth 4,naics_2,62,race_bw,pincp,-0.2858392759919255,-0.1557682925405075,-0.13005794554598005,-0.16816133087013263,-0.11766490721635492,15995,88854,,62,1.97,False,False,False
xgb_depth,depth 4,naics_2,62,race_bw,hicov,-0.030612993952736645,-0.0219765305519104,-0.0086020827293396,-0.025739550590515137,-0.004839062690734863,15995,88854,,62,2.16,False,False,False
xgb_depth,depth 4,naics_2,62,immigrant,pincp,0.08046984533417856,0.09274317376988606,-0.012519579549334026,0.10151625605941739,-0.021292661838865357,18087,102289,,63,2.23,False,False,False
xgb_depth,depth 4,naics_2,62,immigrant,hicov,-0.023957826396521553,0.006621122360229492,-0.030422210693359375,-0.002967655658721924,-0.02083343267440796,18087,102289,,63,2.41,True,False,True
xgb_depth,depth 4,naics_2,71,sex_female,pincp,-0.17333409352919382,0.015335149721824592,-0.1896757016323587,0.004360857891226644,-0.17870140980176075,5061,7575,,58,0.34,False,False,False
xgb_depth,depth 4,naics_2,71,sex_female,hicov,0.025007150389016353,-0.00620955228805542,0.030980587005615234,-0.007958769798278809,0.03272980451583862,5061,7575,,58,0.29,False,False,False
xgb_depth,depth 4,naics_2,71,race_bw,pincp,-0.23704578398977638,-0.10875018278392368,-0.12838234649342972,-0.08256708362960019,-0.1545654456477532,968,9874,,57,0.24,False,False,False
xgb_depth,depth 4,naics_2,71,race_bw,hicov,-0.017584791513566844,-0.017651498317718506,0.0002542734146118164,-0.028400123119354248,0.011002898216247559,968,9874,,57,0.25,False,False,False
xgb_depth,depth 4,naics_2,71,immigrant,pincp,-0.12326965074971952,-0.0712642027293402,-0.05292680875328415,-0.03232228197691356,-0.09186872950571079,1670,10966,,58,0.27,False,False,False
xgb_depth,depth 4,naics_2,71,immigrant,hicov,-0.05514562703882775,-0.003129303455352783,-0.052664101123809814,-0.007260739803314209,-0.04853266477584839,1670,10966,,58,0.27,False,False,False
xgb_depth,depth 4,naics_2,72,sex_female,pincp,-0.18401379581246324,-0.008103692279828323,-0.1759349553087084,-0.006628126104537557,-0.17741052148399916,14143,17193,,58,0.65,False,False,False
xgb_depth,depth 4,naics_2,72,sex_female,hicov,0.04015889515060789,-0.01900017261505127,0.058938026428222656,-0.022012412548065186,0.06195026636123657,14143,17193,,58,0.64,False,False,False
xgb_depth,depth 4,naics_2,72,race_bw,pincp,-0.1928744781570586,-0.09638335851036217,-0.0959916292092462,-0.05864788421960476,-0.1337271035000036,3165,21329,,57,0.5,False,False,False
xgb_depth,depth 4,naics_2,72,immigrant,pincp,-0.1366419172241944,-0.04587771372360905,-0.09054882379410856,-0.006741305429585509,-0.1296852320881321,9698,21638,,58,0.64,False,False,False
xgb_depth,depth 4,naics_2,72,immigrant,hicov,-0.14235072495587275,0.014380097389221191,-0.15634572505950928,-0.0043340325355529785,-0.1376315951347351,9698,21638,,58,0.63,True,False,True
xgb_depth,depth 4,naics_2,81,sex_female,pincp,-0.19443770611913358,0.0031387778847946635,-0.19736637622779263,-0.046252093549478346,-0.14797550479351962,14329,19378,,63,0.63,True,False,True
xgb_depth,depth 4,naics_2,81,sex_female,hicov,0.028035678892645688,-0.013540983200073242,0.04160654544830322,-0.009932935237884521,0.0379984974861145,14329,19378,,63,0.74,False,False,False
xgb_depth,depth 4,naics_2,81,race_bw,pincp,-0.1435280769370042,-0.03846720309727303,-0.1048128277498428,-0.04997995930365029,-0.09330007154346553,2516,26304,,62,0.55,False,False,False
xgb_depth,depth 4,naics_2,81,race_bw,hicov,-0.025556209118091866,-0.027255892753601074,0.0008429288864135742,-0.026323676109313965,-8.928775787353516e-05,2516,26304,,62,0.64,False,True,True
xgb_depth,depth 4,naics_2,81,immigrant,pincp,-0.28521872580984997,-0.18108327636967303,-0.10426019930789288,-0.10052173570520928,-0.18482173997235662,6640,27067,,63,0.66,False,False,False
xgb_depth,depth 4,naics_2,81,immigrant,hicov,-0.13345759362866183,-0.04427915811538696,-0.08945870399475098,-0.04014545679092407,-0.09359240531921387,6640,27067,,63,0.72,False,False,False
xgb_depth,depth 4,naics_2,92,sex_female,pincp,-0.2414473940877997,-0.011483926747869688,-0.22976984121822142,-0.0456114063557731,-0.195642361610318,24767,31895,,60,0.97,False,False,False
xgb_depth,depth 4,naics_2,92,race_bw,pincp,-0.10552062676527818,-0.045343873270144996,-0.06009464023890665,-0.03663441402742684,-0.0688040994816248,7382,43626,,59,0.87,False,False,False
xgb_depth,depth 4,naics_2,92,immigrant,pincp,0.04760441151955597,0.07990211679145709,-0.032199419920532435,0.092431514506222,-0.04472881763529735,4213,52449,,60,1.04,False,False,False
xgb_depth,depth 4,naics_2,92,immigrant,hicov,-0.014170391838873697,0.0026490092277526855,-0.01682502031326294,-0.0033280253410339355,-0.010847985744476318,4213,52449,,60,1.09,True,False,True
xgb_depth,depth 4,st,1,sex_female,pincp,-0.31555702394613583,-0.01184142418522427,-0.30351530055036946,-0.03261846992974071,-0.282738254805853,5293,6854,,92,0.35,False,False,False
xgb_depth,depth 4,st,1,sex_female,hicov,0.021982361759625313,-0.0060329437255859375,0.02819007635116577,-0.00228273868560791,0.024439871311187744,5293,6854,,92,0.4,False,False,False
xgb_depth,depth 4,st,1,race_bw,pincp,-0.28298982130619343,-0.13454270032017845,-0.14853932307316597,-0.150971158067156,-0.13211086532618843,2338,9360,,91,0.35,False,False,False
xgb_depth,depth 4,st,1,race_bw,hicov,-0.03265821836181115,-0.0220491886138916,-0.011127591133117676,-0.020102202892303467,-0.01307457685470581,2338,9360,,91,0.4,False,False,False
xgb_depth,depth 4,st,1,immigrant,pincp,-0.10406233370699525,0.005950671690678533,-0.11271527408533188,-0.02046605324513706,-0.08629854914951629,463,11684,,92,0.35,True,False,True
xgb_depth,depth 4,st,1,immigrant,hicov,-0.19473714954566734,-0.06177186965942383,-0.1328912377357483,-0.04941856861114502,-0.1452445387840271,463,11684,,92,0.38,False,False,False
xgb_depth,depth 4,st,10,sex_female,pincp,-0.23852588673327801,-0.00900679852207631,-0.22783873144808453,-0.014848384974225581,-0.22199714499593526,1208,1387,,88,0.15,False,False,False
xgb_depth,depth 4,st,10,sex_female,hicov,0.018984825985857268,-0.007788240909576416,0.027098357677459717,0.005640864372253418,0.013669252395629883,1208,1387,,88,0.14,True,False,True
xgb_depth,depth 4,st,10,race_bw,pincp,-0.26441259231673087,-0.1261947618963042,-0.1379097979581818,-0.10424030236061554,-0.15986425749387045,431,1975,,87,0.11,False,False,False
xgb_depth,depth 4,st,10,immigrant,hicov,-0.056482306259616144,-0.030431687831878662,-0.026384592056274414,-0.011567890644073486,-0.04524838924407959,265,2330,,88,0.17,False,False,False
xgb_depth,depth 4,st,11,sex_female,pincp,-0.1948040157321529,-0.04178300459253492,-0.15412467665931118,-0.05594913148838465,-0.13995854976346145,1214,1142,,68,0.1,False,False,False
xgb_depth,depth 4,st,11,sex_female,hicov,0.01159848469548208,0.0004647970199584961,0.011604905128479004,-0.005486547946929932,0.01755625009536743,1214,1142,,68,0.13,True,False,True
xgb_depth,depth 4,st,11,race_bw,pincp,-0.5086204482738559,-0.2986409739655418,-0.20810233659980604,-0.24178313000348695,-0.2649601805618609,642,1452,,66,0.1,False,False,False
xgb_depth,depth 4,st,11,race_bw,hicov,-0.030167863855204535,-0.02639317512512207,-0.0034734606742858887,-0.05624818801879883,0.02638155221939087,642,1452,,66,0.12,False,True,True
xgb_depth,depth 4,st,11,immigrant,pincp,-0.20919592588855096,-0.09571175060428594,-0.11381264434141158,-0.04442864314709105,-0.16509575179860647,316,2040,,68,0.14,False,False,False
xgb_depth,depth 4,st,11,immigrant,hicov,-0.046624472573839615,-0.020966649055480957,-0.024906635284423828,-0.01640421152114868,-0.029469072818756104,316,2040,,68,0.15,False,False,False
xgb_depth,depth 4,st,12,sex_female,pincp,-0.22696732350444826,-0.0025031627511520327,-0.2248194173799103,-0.005785199938287633,-0.2215373801927747,22979,28252,,92,1.23,False,False,False
xgb_depth,depth 4,st,12,sex_female,hicov,0.04205411755614552,0.0032806396484375,0.03888827562332153,0.008235037326812744,0.03393387794494629,22979,28252,,92,1.41,False,False,False
xgb_depth,depth 4,st,12,race_bw,pincp,-0.31454446007065684,-0.09768472399841599,-0.21689807085273216,-0.14404133174209477,-0.17054146310905338,6198,41213,,91,1.24,False,False,False
xgb_depth,depth 4,st,12,race_bw,hicov,-0.010981150374180237,-0.02473151683807373,0.013817787170410156,-0.030437707901000977,0.019523978233337402,6198,41213,,91,1.25,False,False,False
xgb_depth,depth 4,st,12,immigrant,pincp,-0.19235966803892168,-0.05445251103598281,-0.1378423180842674,-0.05579492879676451,-0.1364999003234857,12037,39194,,92,1.28,False,False,False
xgb_depth,depth 4,st,12,immigrant,hicov,-0.08944399925169921,-0.039769768714904785,-0.04972183704376221,-0.027460336685180664,-0.06203126907348633,12037,39194,,92,1.4,False,False,False
xgb_depth,depth 4,st,13,sex_female,pincp,-0.2577587064321296,-0.016254979350923904,-0.24189952391141567,-0.023289789546778294,-0.23486471371556128,11957,14978,,92,0.7,False,False,False
xgb_depth,depth 4,st,13,sex_female,hicov,0.040407528990723085,0.0040520429611206055,0.03638136386871338,0.013185262680053711,0.027248144149780273,11957,14978,,92,0.72,False,False,False
xgb_depth,depth 4,st,13,race_bw,pincp,-0.3001484008017652,-0.11404676634239408,-0.18664883680085964,-0.13164564915626897,-0.16904995398698475,6248,18543,,91,0.71,False,False,False
xgb_depth,depth 4,st,13,immigrant,pincp,-0.13744674471266727,-0.03802003789597386,-0.09933367951795802,-0.0007369822473233256,-0.13661673516660855,3334,23601,,92,0.71,False,False,False
xgb_depth,depth 4,st,13,immigrant,hicov,-0.1524436310144861,-0.07215064764022827,-0.07997786998748779,-0.04530000686645508,-0.10682851076126099,3334,23601,,92,0.81,False,False,False
xgb_depth,depth 4,st,15,sex_female,pincp,-0.20822507750450292,-0.005433394172939643,-0.20294762587912807,-0.004908701192670506,-0.2034723188593972,1861,2153,,87,0.18,False,False,False
xgb_depth,depth 4,st,15,immigrant,pincp,-0.22547582941900401,-0.15578586444528852,-0.06896744733150051,-0.08043774739425658,-0.14431556438253246,811,3203,,87,0.19,False,False,False
xgb_depth,depth 4,st,15,immigrant,hicov,-0.016183964401437767,0.008052289485931396,-0.02460247278213501,-0.0017383098602294922,-0.014811873435974121,811,3203,,87,0.21,True,False,True
xgb_depth,depth 4,st,16,sex_female,pincp,-0.2783884125134932,-0.03121832327374996,-0.24680454751651126,-0.040665137247803074,-0.23735773354245815,1482,2423,,92,0.17,False,False,False
xgb_depth,depth 4,st,16,sex_female,hicov,0.02785997661858386,-0.012598514556884766,0.04100680351257324,0.009414076805114746,0.01899421215057373,1482,2423,,92,0.2,True,False,True
xgb_depth,depth 4,st,16,immigrant,pincp,-0.23283176258720495,-0.17909040773654006,-0.053817034620367465,-0.0881442057812496,-0.14476323657565793,270,3635,,92,0.17,False,False,False
xgb_depth,depth 4,st,16,immigrant,hicov,-0.21530898160884404,-0.07358062267303467,-0.14195317029953003,-0.03151249885559082,-0.18402129411697388,270,3635,,92,0.19,False,False,False
xgb_depth,depth 4,st,17,sex_female,pincp,-0.2669812951341086,-0.007802746175872954,-0.25920973416127424,-0.02403102748069763,-0.24298145285644956,16072,20780,,92,0.93,False,False,False
xgb_depth,depth 4,st,17,sex_female,hicov,0.021942164973691503,-0.0034221410751342773,0.025306344032287598,0.0009869933128356934,0.020897209644317627,16072,20780,,92,0.92,True,False,True
xgb_depth,depth 4,st,17,race_bw,pincp,-0.2526898601930849,-0.12222757020547448,-0.1291691817390177,-0.14579168923725838,-0.1056050627072338,2889,29991,,91,0.88,False,False,False
xgb_depth,depth 4,st,17,race_bw,hicov,-0.010611837064445684,-0.010758459568023682,0.00021606683731079102,-0.010712087154388428,0.0001696944236755371,2889,29991,,91,0.87,False,False,False
xgb_depth,depth 4,st,17,immigrant,pincp,-0.15593137100749743,-0.07867045995383748,-0.07659111400971419,-0.04227863085038308,-0.11298294311316859,5317,31535,,92,0.94,False,False,False
xgb_depth,depth 4,st,17,immigrant,hicov,-0.10988308425168858,-0.042550086975097656,-0.06735563278198242,-0.01627129316329956,-0.09363442659378052,5317,31535,,92,0.97,False,False,False
xgb_depth,depth 4,st,18,sex_female,pincp,-0.27875708923041387,-0.00781849109993793,-0.27129378596577247,-0.024005811322481918,-0.2551064657432285,7777,10797,,92,0.48,False,False,False
xgb_depth,depth 4,st,18,sex_female,hicov,0.0213776825624451,-0.0091170072555542,0.03059786558151245,-0.006880700588226318,0.02836155891418457,7777,10797,,92,0.53,False,False,False
xgb_depth,depth 4,st,18,race_bw,pincp,-0.2081506916689495,-0.08393503420618842,-0.12420796979961501,-0.13251149469775036,-0.07563150930805307,952,16842,,91,0.49,False,False,False
xgb_depth,depth 4,st,18,race_bw,hicov,-0.02568159433349404,-0.023372948169708252,-0.002164900302886963,-0.02458643913269043,-0.0009514093399047852,952,16842,,91,0.51,False,False,False
xgb_depth,depth 4,st,18,immigrant,pincp,-0.06084523232568806,0.002400732297164865,-0.06386113722651388,0.01788383702280605,-0.07934424195215506,902,17672,,92,0.53,False,False,False
xgb_depth,depth 4,st,18,immigrant,hicov,-0.12342297535078728,-0.04156208038330078,-0.081368088722229,-0.020553946495056152,-0.10237622261047363,902,17672,,92,0.52,False,False,False
xgb_depth,depth 4,st,19,sex_female,pincp,-0.2736595145704044,0.011714372645315052,-0.2848124551387681,-0.005579290548368476,-0.26751879194508454,4140,5444,,91,0.3,True,False,True
xgb_depth,depth 4,st,19,sex_female,hicov,0.016002371089743006,-0.004175126552581787,0.02024132013320923,0.002566099166870117,0.013500094413757324,4140,5444,,91,0.32,True,False,True
xgb_depth,depth 4,st,19,race_bw,pincp,-0.24415269307218423,0.0032613639791740923,-0.24732339681653315,-0.06498088927772372,-0.17908114355963534,111,9195,,90,0.27,True,False,True
xgb_depth,depth 4,st,19,race_bw,hicov,-0.03685316638008318,-0.004520297050476074,-0.03223758935928345,-0.03436762094497681,-0.002390265464782715,111,9195,,90,0.26,False,False,False
xgb_depth,depth 4,st,19,immigrant,pincp,-0.17885441342499675,-0.048535132953425375,-0.13157141153214447,-0.033621592187170535,-0.1464849522983993,337,9247,,91,0.3,False,False,False
xgb_depth,depth 4,st,19,immigrant,hicov,-0.09074592802413417,-0.030521929264068604,-0.05965787172317505,-0.0070035457611083984,-0.08317625522613525,337,9247,,91,0.3,False,False,False
xgb_depth,depth 4,st,2,sex_female,pincp,-0.2467624061895748,0.004144654074869081,-0.2529578608933214,-0.03910718058750895,-0.20970602623094337,633,751,,78,0.12,True,False,True
xgb_depth,depth 4,st,2,sex_female,hicov,0.016433065549251835,-0.02464395761489868,0.040737152099609375,0.013648808002471924,0.0024443864822387695,633,751,,78,0.13,True,False,True
xgb_depth,depth 4,st,2,immigrant,pincp,-0.4029133360731656,-0.24820853112716534,-0.15293115291319914,-0.10369477379742698,-0.2974449102429375,138,1246,,78,0.09,False,False,False
xgb_depth,depth 4,st,2,immigrant,hicov,-0.051969199990694825,-0.06770843267440796,0.01454693078994751,-0.07729160785675049,0.02413010597229004,138,1246,,78,0.11,False,False,False
xgb_depth,depth 4,st,20,sex_female,pincp,-0.2804944645361651,0.010013033399680182,-0.2901755940304689,0.005966097525366365,-0.28612865815615507,3580,4753,,92,0.25,False,False,False
xgb_depth,depth 4,st,20,sex_female,hicov,0.028491913957312542,-0.008275508880615234,0.036804020404815674,0.007833003997802734,0.020695507526397705,3580,4753,,92,0.28,True,False,True
xgb_depth,depth 4,st,20,race_bw,pincp,-0.17290278528006198,-0.11419607454194569,-0.05789452491227465,-0.11812282731534118,-0.053967772138879155,235,7590,,91,0.27,False,False,False
xgb_depth,depth 4,st,20,race_bw,hicov,-0.07053233537969883,-0.005213677883148193,-0.0655863881111145,-0.014816701412200928,-0.05598336458206177,235,7590,,91,0.28,False,False,False
xgb_depth,depth 4,st,20,immigrant,pincp,-0.16134057531916035,-0.10101524517032523,-0.06070618079471046,-0.059873976312452726,-0.10184744965258297,556,7777,,92,0.28,False,False,False
xgb_depth,depth 4,st,20,immigrant,hicov,-0.12007737258823514,-0.040403783321380615,-0.07986027002334595,-0.035986483097076416,-0.08427757024765015,556,7777,,92,0.31,False,False,False
xgb_depth,depth 4,st,21,sex_female,pincp,-0.27344839490346473,0.0028414109807535226,-0.27560617456776093,-0.015110040034279848,-0.25765472355272756,5168,6566,,92,0.34,True,False,True
xgb_depth,depth 4,st,21,sex_female,hicov,0.018908447118046068,-0.003982841968536377,0.02260744571685791,0.0017564892768859863,0.016868114471435547,5168,6566,,92,0.36,True,False,True
xgb_depth,depth 4,st,21,race_bw,pincp,-0.26856783080580726,-0.1573021526829006,-0.11077288813954311,-0.1438865100641209,-0.12418853075832281,647,10738,,91,0.34,False,False,False
xgb_depth,depth 4,st,21,immigrant,pincp,-0.07145706307004751,-0.0020423293492086714,-0.06924999530030895,0.025453117087282706,-0.09674544173680033,445,11289,,92,0.33,True,False,True
xgb_depth,depth 4,st,21,immigrant,hicov,-0.12914371253313106,-0.04499560594558716,-0.08443319797515869,-0.011656582355499268,-0.11777222156524658,445,11289,,92,0.38,False,False,False
xgb_depth,depth 4,st,22,sex_female,pincp,-0.3786737215261695,-0.02700007523437975,-0.35100477634910554,-0.08150359231162518,-0.2965012592718601,5065,5961,,92,0.34,False,False,False
xgb_depth,depth 4,st,22,sex_female,hicov,0.02384849994857985,-0.00759577751159668,0.03153640031814575,4.673004150390625e-05,0.023893892765045166,5065,5961,,92,0.39,True,False,True
xgb_depth,depth 4,st,22,race_bw,pincp,-0.3835029925119162,-0.17927548913183067,-0.20356343269585686,-0.18340435459836257,-0.19943456722932495,2477,8026,,91,0.3,False,False,False
xgb_depth,depth 4,st,22,race_bw,hicov,-0.029161130645144806,-0.031335651874542236,0.0021263957023620605,-0.0321921706199646,0.002982914447784424,2477,8026,,91,0.31,False,False,False
xgb_depth,depth 4,st,22,immigrant,pincp,-0.12196761308323723,-0.011757453475354396,-0.11004451226793854,-0.002461850277640565,-0.11934011546565237,503,10523,,92,0.31,False,False,False
xgb_depth,depth 4,st,22,immigrant,hicov,-0.16816652116191944,-0.09726762771606445,-0.07009738683700562,-0.050511062145233154,-0.11685395240783691,503,10523,,92,0.41,False,False,False
xgb_depth,depth 4,st,23,sex_female,pincp,-0.19825235908339245,0.005327342250861733,-0.2033274288621545,0.00710393947912813,-0.2051040260904209,1463,1847,,89,0.15,False,False,False
xgb_depth,depth 4,st,23,sex_female,hicov,0.02401966426130797,0.014954864978790283,0.008511781692504883,0.009849727153778076,0.01361691951751709,1463,1847,,89,0.16,False,False,False
xgb_depth,depth 4,st,23,immigrant,pincp,0.01777096885950158,-0.07359299676517672,0.09332574190735166,0.035351986060382146,-0.015619240918207211,103,3207,,89,0.15,True,True,True
xgb_depth,depth 4,st,23,immigrant,hicov,0.013819890349084707,0.005737125873565674,0.00814676284790039,-0.010695159435272217,0.02457904815673828,103,3207,,89,0.16,True,False,True
xgb_depth,depth 4,st,24,sex_female,pincp,-0.21181734877639613,-0.012903076926734869,-0.19909224807110704,-0.030818450375834416,-0.1811768746220075,8713,10246,,92,0.51,False,False,False
xgb_depth,depth 4,st,24,sex_female,hicov,0.020371533298194855,0.0029343366622924805,0.017593681812286377,0.009302794933319092,0.011225223541259766,8713,10246,,92,0.57,False,False,False
xgb_depth,depth 4,st,24,race_bw,pincp,-0.24287667447884864,-0.10149843139319614,-0.14094452596685159,-0.13688393308712143,-0.1055590242729263,4610,12209,,91,0.53,False,False,False
xgb_depth,depth 4,st,24,immigrant,pincp,-0.15568432450642078,-0.059343868864045746,-0.09658956612599567,-0.02852144063447959,-0.12741199435556183,3231,15728,,92,0.52,False,False,False
xgb_depth,depth 4,st,24,immigrant,hicov,-0.09323396376594617,-0.03431349992752075,-0.05910569429397583,-0.01783442497253418,-0.0755847692489624,3231,15728,,92,0.53,False,False,False
xgb_depth,depth 4,st,25,sex_female,pincp,-0.24144678808740672,-0.014491079695517328,-0.22745357468034655,-0.05168993643557407,-0.1902547179402898,9062,11429,,92,0.56,False,False,False
xgb_depth,depth 4,st,25,race_bw,pincp,-0.3719536144677207,-0.21089040182717866,-0.16123601704684276,-0.224821689084731,-0.14730472978929043,1013,17304,,91,0.53,False,False,False
xgb_depth,depth 4,st,25,race_bw,hicov,-0.02695569022038513,-0.01755547523498535,-0.009898602962493896,-0.015758514404296875,-0.011695563793182373,1013,17304,,91,0.57,False,False,False
xgb_depth,depth 4,st,25,immigrant,pincp,-0.14461822017134907,-0.08039303017279309,-0.0640793672433162,-0.07013884515205504,-0.07433355226405425,3687,16804,,92,0.51,False,False,False
xgb_depth,depth 4,st,25,immigrant,hicov,-0.027022590162996685,-0.010578632354736328,-0.016312837600708008,-0.005050241947174072,-0.021841228008270264,3687,16804,,92,0.59,False,False,False
xgb_depth,depth 4,st,26,sex_female,pincp,-0.24651994082032935,0.0003336881343098952,-0.24682593406308406,-0.022068821953096673,-0.2244234239756775,10790,14934,,92,0.67,True,False,True
xgb_depth,depth 4,st,26,sex_female,hicov,0.019076658955257342,-0.003939807415008545,0.023090243339538574,-0.0022382736206054688,0.021388709545135498,10790,14934,,92,0.77,False,False,False
xgb_depth,depth 4,st,26,race_bw,pincp,-0.2167167997666084,-0.088425866933731,-0.12911978836836902,-0.12119622324863322,-0.0963494320534668,1695,22671,,91,0.65,False,False,False
xgb_depth,depth 4,st,26,race_bw,hicov,-0.01643165823712256,-0.023257315158843994,0.007114231586456299,-0.0183258056640625,0.0021827220916748047,1695,22671,,91,0.72,False,False,False
xgb_depth,depth 4,st,26,immigrant,pincp,0.11652478612974271,0.1353394138275359,-0.018117502103512706,0.14907201552682459,-0.0318501038028014,1631,24093,,92,0.62,False,False,False
xgb_depth,depth 4,st,26,immigrant,hicov,-0.03729620884818308,0.02162998914718628,-0.05914628505706787,0.00299072265625,-0.04050701856613159,1631,24093,,92,0.7,False,False,False
xgb_depth,depth 4,st,27,sex_female,pincp,-0.22993728022987447,0.003433785728416794,-0.23336735983056656,0.004429303078355318,-0.23436287718050508,7010,9668,,92,0.47,False,False,False
xgb_depth,depth 4,st,27,sex_female,hicov,0.017500090006769664,0.0023622512817382812,0.015389978885650635,0.0022863149642944336,0.015465915203094482,7010,9668,,92,0.54,False,False,False
xgb_depth,depth 4,st,27,race_bw,pincp,-0.270576940371841,-0.21484643904382317,-0.0542320927154023,-0.10060853115980883,-0.16847000059941664,307,15438,,91,0.43,False,False,False
xgb_depth,depth 4,st,27,race_bw,hicov,-0.05278400562426233,-0.04491877555847168,-0.006568014621734619,-0.044204533100128174,-0.007282257080078125,307,15438,,91,0.48,False,False,False
xgb_depth,depth 4,st,27,immigrant,pincp,-0.13052885294286476,-0.03814406521848923,-0.09173058317982452,-0.02059942934597636,-0.10927521905233739,860,15818,,92,0.49,False,False,False
xgb_depth,depth 4,st,27,immigrant,hicov,-0.07335990496549405,-0.006002485752105713,-0.06778526306152344,-0.02407318353652954,-0.04971456527709961,860,15818,,92,0.49,False,False,False
xgb_depth,depth 4,st,28,sex_female,pincp,-0.31134078456686076,0.002193475874081585,-0.3132200488599679,-0.03958578283171299,-0.27144079015417333,3262,3776,,92,0.24,True,False,True
xgb_depth,depth 4,st,28,sex_female,hicov,0.03289857397458151,-0.006152689456939697,0.039286255836486816,0.010064899921417236,0.023068666458129883,3262,3776,,92,0.27,True,False,True
xgb_depth,depth 4,st,28,race_bw,pincp,-0.3900275817952199,-0.11444288026544314,-0.27626025462548753,-0.14125037744118707,-0.2494527574497436,2102,4731,,91,0.23,False,False,False
xgb_depth,depth 4,st,28,race_bw,hicov,-0.022910712407444356,-0.035870134830474854,0.01262754201889038,-0.037331998348236084,0.014089405536651611,2102,4731,,91,0.25,False,False,False
xgb_depth,depth 4,st,28,immigrant,pincp,-0.13604796160766774,0.01989123328753095,-0.15696142321695206,-0.03533895517206176,-0.10173123475735935,189,6849,,92,0.22,True,False,True
xgb_depth,depth 4,st,28,immigrant,hicov,-0.20993679994994052,-0.09299135208129883,-0.11615341901779175,-0.050106942653656006,-0.15903782844543457,189,6849,,92,0.26,False,False,False
xgb_depth,depth 4,st,29,sex_female,pincp,-0.27515273629759385,-0.008028839688723366,-0.2668522675015126,-0.012225862436489265,-0.2626552447537467,7601,9533,,92,0.43,False,False,False
xgb_depth,depth 4,st,29,sex_female,hicov,0.01863879096443022,-0.008653998374938965,0.02691042423248291,0.0018240809440612793,0.016432344913482666,7601,9533,,92,0.49,True,False,True
xgb_depth,depth 4,st,29,race_bw,pincp,-0.1991943295278631,-0.09031084464817951,-0.1090579690464466,-0.12271912470262514,-0.07664968899200097,1153,15279,,91,0.49,False,False,False
xgb_depth,depth 4,st,29,immigrant,hicov,-0.07705422012447072,-0.016958236694335938,-0.05989116430282593,-0.012300252914428711,-0.06454914808273315,742,16392,,92,0.48,False,False,False
xgb_depth,depth 4,st,30,sex_female,pincp,-0.28979446174989043,0.03965446736331302,-0.32870895411517154,-0.0020736795862745794,-0.28698080716558394,1065,1480,,90,0.13,True,False,True
xgb_depth,depth 4,st,31,sex_female,pincp,-0.281439103191774,0.012492231899432937,-0.29417548354114054,-0.008328044713969973,-0.2733552069277376,2516,3334,,92,0.21,True,False,True
xgb_depth,depth 4,st,31,race_bw,pincp,-0.2017146058405448,-0.07748974108523754,-0.12282161342626452,-0.11496195100192885,-0.08534940350957321,119,5464,,91,0.23,False,False,False
xgb_depth,depth 4,st,31,race_bw,hicov,-0.06312363891383777,-0.03173255920410156,-0.02902519702911377,-0.03340941667556763,-0.027348339557647705,119,5464,,91,0.21,False,False,False
xgb_depth,depth 4,st,31,immigrant,pincp,-0.30890042652009875,-0.10541050568470034,-0.20393091441271594,-0.11462548213587809,-0.1947159379615382,283,5567,,92,0.22,False,False,False
xgb_depth,depth 4,st,31,immigrant,hicov,-0.1141031101372868,-0.033641815185546875,-0.0821375846862793,-0.03654956817626953,-0.07922983169555664,283,5567,,92,0.24,False,False,False
xgb_depth,depth 4,st,32,sex_female,pincp,-0.22430918693346769,0.019560616662127828,-0.2433915055856204,0.0011492006910938102,-0.22498008961458638,3203,4225,,91,0.25,False,False,False
xgb_depth,depth 4,st,32,sex_female,hicov,0.04386575455333108,-0.003460109233856201,0.0472029447555542,0.009177803993225098,0.0345650315284729,3203,4225,,91,0.33,True,False,True
xgb_depth,depth 4,st,32,race_bw,pincp,-0.22144703617116335,-0.08045040961187588,-0.13907635200545698,-0.10719778921387402,-0.11232897240345885,508,5229,,90,0.21,False,False,False
xgb_depth,depth 4,st,32,race_bw,hicov,0.01350433605437873,-0.02500283718109131,0.03750908374786377,-0.0011380314826965332,0.013644278049468994,508,5229,,90,0.21,False,False,False
xgb_depth,depth 4,st,32,immigrant,pincp,-0.30383233352831596,-0.1261283040709067,-0.17801560559145813,-0.14464227200386226,-0.15950163765850256,1872,5556,,91,0.27,False,False,False
xgb_depth,depth 4,st,32,immigrant,hicov,-0.1171244761957504,-0.04765117168426514,-0.06917226314544678,-0.025506913661956787,-0.09131652116775513,1872,5556,,91,0.26,False,False,False
xgb_depth,depth 4,st,33,sex_female,pincp,-0.2749833742141927,0.004588724748467499,-0.2802097549561431,-0.008687058211636511,-0.2669339719960391,1775,2482,,92,0.16,True,False,True
xgb_depth,depth 4,st,33,sex_female,hicov,0.02131947202959905,-0.0035303831100463867,0.024762392044067383,0.006045639514923096,0.0151863694190979,1775,2482,,92,0.22,True,False,True
xgb_depth,depth 4,st,33,immigrant,pincp,-0.01960434517791043,-0.005297499576816023,-0.017156766500953324,0.10269670996894043,-0.12515097604670977,213,4044,,92,0.18,True,False,True
xgb_depth,depth 4,st,34,sex_female,pincp,-0.27959417182269064,-0.01427850080068005,-0.2646549752127534,-0.05266364896418452,-0.22626982704924892,11310,14947,,92,0.68,False,False,False
xgb_depth,depth 4,st,34,sex_female,hicov,0.026453037100081955,-0.002596139907836914,0.028909802436828613,0.002994716167449951,0.023318946361541748,11310,14947,,92,0.82,True,False,True
xgb_depth,depth 4,st,34,race_bw,pincp,-0.3485279411658162,-0.14298719943978,-0.2050158585560613,-0.19186378620130817,-0.15613927179453313,2450,19368,,91,0.6,False,False,False
xgb_depth,depth 4,st,34,immigrant,pincp,-0.18133677494972034,-0.05215622539851772,-0.1286949569697402,-0.056012584401418763,-0.12483859796683916,6979,19278,,92,0.7,False,False,False
xgb_depth,depth 4,st,34,immigrant,hicov,-0.1122939833089891,-0.04130357503890991,-0.07086050510406494,-0.018194258213043213,-0.09396982192993164,6979,19278,,92,0.77,False,False,False
xgb_depth,depth 4,st,35,sex_female,pincp,-0.19025334313377584,0.026748336841157183,-0.2168038545963995,-0.03241022708107799,-0.15764529067416433,2064,2495,,90,0.19,True,False,True
xgb_depth,depth 4,st,35,sex_female,hicov,0.027719392272917864,-0.012567996978759766,0.03954547643661499,0.01403200626373291,0.012945473194122314,2064,2495,,90,0.22,True,False,True
xgb_depth,depth 4,st,35,race_bw,pincp,-0.15214511430401068,-0.10235793277172078,-0.04665073723185387,-0.0050045599234813665,-0.14400411008009328,67,3264,,88,0.18,False,False,False
xgb_depth,depth 4,st,35,immigrant,pincp,-0.22003643556194064,-0.10176855541892493,-0.1176088717037107,-0.06398059195118933,-0.1553968351714463,490,4069,,90,0.21,False,False,False
xgb_depth,depth 4,st,35,immigrant,hicov,-0.16557044051338898,-0.08953100442886353,-0.07589584589004517,-0.029468059539794922,-0.13595879077911377,490,4069,,90,0.24,False,False,False
xgb_depth,depth 4,st,36,sex_female,pincp,-0.2004874804493344,0.023116543556351843,-0.22331674706093985,-0.005779141014357947,-0.19442106249023006,24821,30289,,92,1.3,True,False,True
xgb_depth,depth 4,st,36,sex_female,hicov,0.03008149330087584,0.0043738484382629395,0.02568984031677246,0.010859370231628418,0.019204318523406982,24821,30289,,92,1.54,False,False,False
xgb_depth,depth 4,st,36,race_bw,pincp,-0.27242488117953023,-0.12083014972482253,-0.15137638570838874,-0.1726392190718844,-0.09956731636132687,6432,39884,,91,1.19,False,False,False
xgb_depth,depth 4,st,36,race_bw,hicov,-0.021661153788773424,-0.0181848406791687,-0.00368422269821167,-0.029338419437408447,0.007469356060028076,6432,39884,,91,1.26,False,True,True
xgb_depth,depth 4,st,36,immigrant,pincp,-0.16921449805576216,-0.14026505162293823,-0.02907574929477974,-0.09343298394616895,-0.07590781697154902,13520,41590,,92,1.32,False,False,False
xgb_depth,depth 4,st,36,immigrant,hicov,-0.08273276675236285,-0.027167975902557373,-0.05589944124221802,-0.018581092357635498,-0.06448632478713989,13520,41590,,92,1.38,False,False,False
xgb_depth,depth 4,st,37,sex_female,pincp,-0.2513797037125798,-0.015200085397671259,-0.23575385324247478,-0.03386750056637311,-0.21708643807377292,11762,14924,,92,0.71,False,False,False
xgb_depth,depth 4,st,37,sex_female,hicov,0.026121671345438635,-0.0017524361610412598,0.027984559535980225,0.008577466011047363,0.0176546573638916,11762,14924,,92,0.71,True,False,True
xgb_depth,depth 4,st,37,race_bw,pincp,-0.3428412819155735,-0.11745907714682247,-0.2247227176586737,-0.15188265457346972,-0.19029914023202643,4251,20487,,91,0.67,False,False,False
xgb_depth,depth 4,st,37,race_bw,hicov,-0.020227158183069305,-0.024152159690856934,0.0035040974617004395,-0.019889891147613525,-0.0007581710815429688,4251,20487,,91,0.7,False,True,True
xgb_depth,depth 4,st,37,immigrant,pincp,-0.10334814145842763,-0.04172771676057074,-0.061304193159347875,-0.012381767296938406,-0.09065014262298021,2369,24317,,92,0.68,False,False,False
xgb_depth,depth 4,st,37,immigrant,hicov,-0.16151536030195512,-0.0876341462135315,-0.07354611158370972,-0.04860115051269531,-0.1125791072845459,2369,24317,,92,0.74,False,False,False
xgb_depth,depth 4,st,38,sex_female,pincp,-0.40017355186717296,-0.032886841870643835,-0.365956334744471,-0.025708286476454845,-0.37313489013865997,943,1416,,88,0.12,False,False,False
xgb_depth,depth 4,st,38,sex_female,hicov,0.016556727836991025,-0.008859992027282715,0.025527358055114746,0.011273622512817383,0.0053937435150146484,943,1416,,88,0.15,True,False,True
xgb_depth,depth 4,st,38,immigrant,pincp,-0.05300269840215499,-0.23587267744311724,0.17957548113185418,-0.05469704467989267,-0.0016001516313703945,67,2292,,88,0.13,False,True,True
xgb_depth,depth 4,st,38,immigrant,hicov,-0.01301737386366586,0.01148676872253418,-0.021871566772460938,-0.01865530014038086,0.008270502090454102,67,2292,,88,0.12,True,True,True
xgb_depth,depth 4,st,39,sex_female,pincp,-0.26401311233596125,-0.0052445395389764116,-0.25902484207692034,-0.024974074660807588,-0.23929530695508916,14095,18698,,92,0.81,False,False,False
xgb_depth,depth 4,st,39,sex_female,hicov,0.017501789330388817,-0.0060291290283203125,0.023369133472442627,-0.002844393253326416,0.02018439769744873,14095,18698,,92,0.86,False,False,False
xgb_depth,depth 4,st,39,race_bw,pincp,-0.24536897415986836,-0.10557494987198979,-0.1393388105198401,-0.12234764361555328,-0.1225661167762766,2358,29190,,91,0.84,False,False,False
xgb_depth,depth 4,st,39,race_bw,hicov,-0.01722050930684027,-0.016058385372161865,-0.001094520092010498,-0.020579159259796143,0.0034262537956237793,2358,29190,,91,0.9,False,True,True
xgb_depth,depth 4,st,39,immigrant,pincp,0.048812748806545514,0.0943305476076155,-0.0452706995343064,0.11018867010077749,-0.06112882202746839,1377,31416,,92,0.84,False,False,False
xgb_depth,depth 4,st,39,immigrant,hicov,-0.04787251600977094,-0.0008243918418884277,-0.046491920948028564,-0.0009899735450744629,-0.04632633924484253,1377,31416,,92,0.9,False,False,False
xgb_depth,depth 4,st,4,sex_female,pincp,-0.23532286018952853,-0.020538969874289492,-0.21519949484997802,-0.04682699553245406,-0.18891146919181345,7274,9525,,92,0.47,False,False,False
xgb_depth,depth 4,st,4,sex_female,hicov,0.028002182295263744,-0.008288145065307617,0.03641599416732788,0.008793950080871582,0.01933389902114868,7274,9525,,92,0.51,True,False,True
xgb_depth,depth 4,st,4,race_bw,pincp,-0.23746491036643214,-0.0878466593609204,-0.15089624477658603,-0.08171843837928172,-0.1570244657582247,580,13266,,91,0.39,False,False,False
xgb_depth,depth 4,st,4,immigrant,pincp,-0.22653950430917114,-0.08341137814551836,-0.14278262304731903,-0.09068614572101019,-0.1355078554718272,2617,14182,,92,0.49,False,False,False
xgb_depth,depth 4,st,4,immigrant,hicov,-0.12441581133134316,-0.04997950792312622,-0.07408928871154785,-0.03758871555328369,-0.08648008108139038,2617,14182,,92,0.5,False,False,False
xgb_depth,depth 4,st,40,sex_female,pincp,-0.29664627375391106,-0.0040551863739448635,-0.2920830963358547,-0.010933820674029704,-0.2852044620357699,4029,5523,,92,0.3,False,False,False
xgb_depth,depth 4,st,40,sex_female,hicov,0.0268521712963955,-0.00806492567062378,0.035071611404418945,0.01943659782409668,0.007570087909698486,4029,5523,,92,0.31,True,False,True
xgb_depth,depth 4,st,40,race_bw,pincp,-0.2351882977597448,-0.0720915001693978,-0.164082213309646,-0.11329866022723856,-0.12287505325180526,446,7317,,91,0.25,False,False,False
xgb_depth,depth 4,st,40,immigrant,pincp,-0.21193833439191856,-0.04226889884500373,-0.16968603587882036,-0.05027827057723577,-0.16167666414658832,556,8996,,92,0.29,False,False,False
xgb_depth,depth 4,st,40,immigrant,hicov,-0.21967477152115567,-0.07277607917785645,-0.14688175916671753,-0.09054356813430786,-0.1291142702102661,556,8996,,92,0.32,False,False,False
xgb_depth,depth 4,st,41,sex_female,pincp,-0.2149141704901094,0.004232632767621425,-0.21873079867279088,-0.011411995183154389,-0.20308617072201507,4421,6132,,91,0.35,True,False,True
xgb_depth,depth 4,st,41,sex_female,hicov,0.019092850303944253,-0.00020241737365722656,0.01948446035385132,0.006599545478820801,0.012682497501373291,4421,6132,,91,0.35,True,False,True
xgb_depth,depth 4,st,41,race_bw,pincp,-0.25634392603690337,-0.052680837706111205,-0.20499868271278388,-0.07024640138030591,-0.18743311903858917,131,9171,,90,0.29,False,False,False
xgb_depth,depth 4,st,41,race_bw,hicov,0.014280827134320662,-0.011831223964691162,0.026826560497283936,-0.017720580101013184,0.03271591663360596,131,9171,,90,0.31,False,False,False
xgb_depth,depth 4,st,41,immigrant,pincp,-0.14781387524339173,-0.05658706892553411,-0.09051764954417862,-0.03344912154845758,-0.11365559692125515,1186,9367,,91,0.33,False,False,False
xgb_depth,depth 4,st,41,immigrant,hicov,-0.06071924489673575,-0.02913421392440796,-0.031015753746032715,-0.019605278968811035,-0.04054468870162964,1186,9367,,91,0.36,False,False,False
xgb_depth,depth 4,st,42,sex_female,pincp,-0.2608191999909497,0.009808248220208426,-0.27092759062034055,-0.021248824834112057,-0.23987051756602007,15681,20483,,92,0.88,True,False,True
xgb_depth,depth 4,st,42,sex_female,hicov,0.02210470837581824,-0.005150914192199707,0.027273893356323242,0.0011332035064697266,0.02098977565765381,15681,20483,,92,0.94,True,False,True
xgb_depth,depth 4,st,42,race_bw,pincp,-0.18461695160788594,-0.09948458326588216,-0.08539752774284359,-0.12449494287664287,-0.06038716813208289,1775,32726,,91,0.83,False,False,False
xgb_depth,depth 4,st,42,race_bw,hicov,-0.02623379954603866,-0.023433029651641846,-0.0028700828552246094,-0.011810541152954102,-0.014492571353912354,1775,32726,,91,0.92,False,False,False
xgb_depth,depth 4,st,42,immigrant,pincp,0.01895036834457109,0.015127685563873783,0.004529463698800029,0.0673003922427533,-0.04764324298007949,2085,34079,,92,0.87,False,True,True
xgb_depth,depth 4,st,42,immigrant,hicov,-0.05231362901110781,-0.00886470079421997,-0.04311776161193848,-0.00776219367980957,-0.04422026872634888,2085,34079,,92,0.95,False,False,False
xgb_depth,depth 4,st,44,sex_female,pincp,-0.2343378528442699,0.03503868804803645,-0.2687130035147529,0.03692259705222334,-0.2705969125189398,1329,1569,,88,0.15,False,False,False
xgb_depth,depth 4,st,44,sex_female,hicov,0.019553510668755658,-0.003924131393432617,0.023687899112701416,-0.0014807581901550293,0.021244525909423828,1329,1569,,88,0.18,False,False,False
xgb_depth,depth 4,st,44,race_bw,pincp,-0.2926052160795276,-0.06805068425166105,-0.22404251326149627,-0.13714703312612997,-0.15494616438702735,123,2515,,87,0.14,False,False,False
xgb_depth,depth 4,st,44,immigrant,pincp,-0.24674267801177407,-0.16786503362069638,-0.07764461760158703,-0.11721403085396886,-0.12829562036831454,463,2435,,88,0.15,False,False,False
xgb_depth,depth 4,st,44,immigrant,hicov,-0.05373667847845276,-0.04081994295120239,-0.012015759944915771,-0.008856236934661865,-0.0439794659614563,463,2435,,88,0.16,False,False,False
xgb_depth,depth 4,st,45,sex_female,pincp,-0.2785360372270027,-0.035385763375369805,-0.24304278325437956,-0.04508870287304667,-0.2333398437567027,5691,7032,,92,0.36,False,False,False
xgb_depth,depth 4,st,45,sex_female,hicov,0.032366685197812495,-0.004776418209075928,0.0371783971786499,0.007405996322631836,0.02499598264694214,5691,7032,,92,0.42,True,False,True
xgb_depth,depth 4,st,45,race_bw,pincp,-0.3830184381611712,-0.13294484292750752,-0.2506077147068577,-0.16153589019665304,-0.2220166674377122,2541,9653,,91,0.37,False,False,False
xgb_depth,depth 4,st,45,race_bw,hicov,-0.01027585594795033,-0.02578151226043701,0.01567530632019043,-0.02690744400024414,0.01680123805999756,2541,9653,,91,0.42,False,False,False
xgb_depth,depth 4,st,45,immigrant,pincp,-0.08057504916947344,-0.1184921393586329,0.03687005039473945,-0.011373953230945588,-0.07024813573294786,654,12069,,92,0.39,False,True,True
xgb_depth,depth 4,st,45,immigrant,hicov,-0.20226282970777365,-0.11895805597305298,-0.08342665433883667,-0.05488163232803345,-0.1475030779838562,654,12069,,92,0.39,False,False,False
xgb_depth,depth 4,st,46,sex_female,pincp,-0.2908753073247148,-0.011271326339615584,-0.2772733151632476,-0.004434156723119642,-0.28411048477974354,1104,1489,,87,0.15,False,False,False
xgb_depth,depth 4,st,46,sex_female,hicov,0.02619511684721776,-0.008751094341278076,0.034877121448516846,0.001268148422241211,0.02485787868499756,1104,1489,,87,0.15,True,False,True
xgb_depth,depth 4,st,46,immigrant,pincp,-0.23296569506982934,-0.01162787736381432,-0.21822858955977686,-0.12184196384091983,-0.10801450308267135,77,2516,,87,0.14,False,False,False
xgb_depth,depth 4,st,46,immigrant,hicov,-0.05143187496128676,-0.05652773380279541,0.007320523262023926,-0.14984124898910522,0.10063403844833374,77,2516,,87,0.12,False,False,False
xgb_depth,depth 4,st,47,sex_female,pincp,-0.2515418813310255,0.007289451343943654,-0.2583947357312848,-0.008768520109070366,-0.24233676427827078,7731,9938,,92,0.51,True,False,True
xgb_depth,depth 4,st,47,sex_female,hicov,0.03620466553737811,0.0024973154067993164,0.03372311592102051,0.014038145542144775,0.02218228578567505,7731,9938,,92,0.52,False,False,False
xgb_depth,depth 4,st,47,race_bw,pincp,-0.24291613774690468,-0.11033297659600905,-0.13252199340532655,-0.12791568627159222,-0.11493928372974338,2084,14855,,91,0.52,False,False,False
xgb_depth,depth 4,st,47,race_bw,hicov,-0.019212108604546363,-0.02281111478805542,0.0025960206985473633,-0.01708585023880005,-0.003129243850708008,2084,14855,,91,0.54,False,True,True
xgb_depth,depth 4,st,47,immigrant,pincp,-0.12017643285205182,-0.05115977960111806,-0.06836110895330272,-0.019052656024708625,-0.10046823252971215,982,16687,,92,0.47,False,False,False
xgb_depth,depth 4,st,47,immigrant,hicov,-0.22928094933956544,-0.10199576616287231,-0.12756651639938354,-0.03665781021118164,-0.19290447235107422,982,16687,,92,0.57,False,False,False
xgb_depth,depth 4,st,48,sex_female,pincp,-0.280056055773656,-0.015951037647925048,-0.26383369153892744,-0.035896149426184465,-0.24388857976066802,31110,42184,,92,1.7,False,False,False
xgb_depth,depth 4,st,48,sex_female,hicov,0.05040712336269337,-0.002338111400604248,0.052546560764312744,0.023960351943969727,0.02624809741973877,31110,42184,,92,1.85,True,False,True
xgb_depth,depth 4,st,48,race_bw,pincp,-0.2224747386930428,-0.07540340141022561,-0.14696894992218645,-0.09372577669656579,-0.12864657463584628,6632,57703,,91,1.6,False,False,False
xgb_depth,depth 4,st,48,race_bw,hicov,0.020478520087899965,-0.008866488933563232,0.029248833656311035,0.0004342198371887207,0.019948124885559082,6632,57703,,91,1.66,True,False,True
xgb_depth,depth 4,st,48,immigrant,pincp,-0.24244797762234072,-0.07746633604362785,-0.16497552099705715,-0.07516568637867316,-0.16727617066201184,14045,59249,,92,1.7,False,False,False
xgb_depth,depth 4,st,48,immigrant,hicov,-0.18640997892927536,-0.09882813692092896,-0.08758771419525146,-0.06041818857192993,-0.1259976625442505,14045,59249,,92,1.85,False,False,False
xgb_depth,depth 4,st,49,sex_female,pincp,-0.3688677720811935,-0.05388698249378088,-0.31456982053911453,-0.07771844461320931,-0.2907383584196861,2631,4858,,91,0.25,False,False,False
xgb_depth,depth 4,st,49,sex_female,hicov,0.016111383121001355,-0.01582801342010498,0.03223288059234619,-0.0156744122505188,0.03207927942276001,2631,4858,,91,0.3,False,False,False
xgb_depth,depth 4,st,49,race_bw,pincp,-0.3013406887576444,-0.35162064601663445,0.049679846549578244,-0.11842228377423858,-0.18351851569281763,54,6795,,90,0.23,False,True,True
xgb_depth,depth 4,st,49,immigrant,pincp,-0.33821703312701956,-0.19412093986893808,-0.14362421248565482,-0.16764160028430197,-0.17010355207029093,677,6812,,91,0.29,False,False,False
xgb_depth,depth 4,st,49,immigrant,hicov,-0.16394736545378696,-0.04803931713104248,-0.11592972278594971,-0.05599266290664673,-0.10797637701034546,677,6812,,91,0.27,False,False,False
xgb_depth,depth 4,st,5,sex_female,pincp,-0.2661997987464133,-0.02026161159106188,-0.24687588396763083,-0.004030236563739464,-0.26310725899495324,3295,4129,,92,0.24,False,False,False
xgb_depth,depth 4,st,5,sex_female,hicov,0.0323388622831734,-0.003298044204711914,0.035659193992614746,0.01254492998123169,0.019816219806671143,3295,4129,,92,0.25,True,False,True
xgb_depth,depth 4,st,5,race_bw,pincp,-0.2823326565036659,-0.11107373728355796,-0.1715319305897527,-0.11323619623532721,-0.16936947163798344,802,6230,,91,0.27,False,False,False
xgb_depth,depth 4,st,5,immigrant,pincp,-0.24308967053588226,-0.04996816949395644,-0.19270115015297584,-0.06363761342474916,-0.17903170622218312,391,7033,,92,0.25,False,False,False
xgb_depth,depth 4,st,5,immigrant,hicov,-0.14289813131590456,-0.01214599609375,-0.1309337019920349,-0.027950704097747803,-0.11512899398803711,391,7033,,92,0.27,False,False,False
xgb_depth,depth 4,st,50,sex_female,pincp,-0.14022086869054817,0.03614538602800543,-0.17684578617259206,0.07984971273642572,-0.22055011288101234,852,1028,,86,0.13,False,False,False
xgb_depth,depth 4,st,50,sex_female,hicov,0.029192013298989794,-0.0036681294441223145,0.03192853927612305,0.00830918550491333,0.019951224327087402,852,1028,,86,0.14,True,False,True
xgb_depth,depth 4,st,50,immigrant,pincp,0.08646994507348538,0.042019712304947276,0.0467773063160557,0.00802197657178283,0.08077504204922015,61,1819,,86,0.12,False,False,False
xgb_depth,depth 4,st,50,immigrant,hicov,-0.033039230706837674,0.01588541269302368,-0.04639822244644165,0.02141880989074707,-0.05193161964416504,61,1819,,86,0.14,False,False,False
xgb_depth,depth 4,st,51,sex_female,pincp,-0.27302751178342,-0.054454220031184164,-0.21913536124225352,-0.06558537240673168,-0.208004208866706,11165,13892,,92,0.66,False,False,False
xgb_depth,depth 4,st,51,sex_female,hicov,0.018292008635743984,-0.006357073783874512,0.024756431579589844,0.0038274526596069336,0.014571905136108398,11165,13892,,92,0.7,True,False,True
xgb_depth,depth 4,st,51,race_bw,pincp,-0.3105158451780081,-0.1498048730443351,-0.16022533772360603,-0.17328527945693217,-0.13674493131100895,3571,18633,,91,0.61,False,False,False
xgb_depth,depth 4,st,51,race_bw,hicov,-0.012815493743969841,-0.02353888750076294,0.010709226131439209,-0.017264723777770996,0.004435062408447266,3571,18633,,91,0.67,False,False,False
xgb_depth,depth 4,st,51,immigrant,pincp,-0.08827680242906055,-0.020109426463088553,-0.06844371435468943,0.01145956651828861,-0.1000127073360666,3568,21489,,92,0.69,True,False,True
xgb_depth,depth 4,st,51,immigrant,hicov,-0.08259353987972162,-0.034480929374694824,-0.048478782176971436,-0.015025138854980469,-0.06793457269668579,3568,21489,,92,0.69,False,False,False
xgb_depth,depth 4,st,53,sex_female,pincp,-0.2748983811241228,-0.03550094386968361,-0.23984149167283064,-0.05136430028138328,-0.22397813526113097,8203,11854,,92,0.52,False,False,False
xgb_depth,depth 4,st,53,sex_female,hicov,0.02300643443582484,-0.003520488739013672,0.026647329330444336,0.0014736056327819824,0.02165323495864868,8203,11854,,92,0.6,True,False,True
xgb_depth,depth 4,st,53,race_bw,pincp,-0.2401969338879315,-0.10321677982881639,-0.1374004847020398,-0.07842681955392727,-0.16219044497692892,498,16076,,91,0.45,False,False,False
xgb_depth,depth 4,st,53,immigrant,pincp,-0.06386455533668745,-0.024139443018682982,-0.040085767452231025,-0.017207849841934575,-0.04701736062897943,3142,16915,,92,0.52,False,False,False
xgb_depth,depth 4,st,53,immigrant,hicov,-0.08703524361614123,-0.04169803857803345,-0.04509246349334717,-0.008317172527313232,-0.07847332954406738,3142,16915,,92,0.6,False,False,False
xgb_depth,depth 4,st,54,sex_female,pincp,-0.2653994856022521,0.011028750463022874,-0.2782147360893372,-0.05190269121377433,-0.21528329441254002,1870,2372,,91,0.19,True,False,True
xgb_depth,depth 4,st,54,sex_female,hicov,0.019418618282818212,-0.0077648162841796875,0.027143657207489014,0.005944192409515381,0.013434648513793945,1870,2372,,91,0.21,True,False,True
xgb_depth,depth 4,st,54,race_bw,pincp,-0.10287333642424024,-0.10867961893034561,0.004939253688359457,-0.044178625772156366,-0.05956173946982979,95,4041,,90,0.16,False,True,True
xgb_depth,depth 4,st,54,immigrant,pincp,0.09627748981801787,0.031996086409355584,0.06036977584103553,0.07795804092683056,0.014407821323560555,92,4150,,91,0.19,False,False,False
xgb_depth,depth 4,st,54,immigrant,hicov,-0.03514929282346779,-0.027741730213165283,-0.007814168930053711,0.009767234325408936,-0.04532313346862793,92,4150,,91,0.2,True,False,True
xgb_depth,depth 4,st,55,sex_female,pincp,-0.24014252727026175,0.020722468349607226,-0.261220457570575,0.013750803171706849,-0.2542487923926746,7379,10129,,92,0.52,False,False,False
xgb_depth,depth 4,st,55,sex_female,hicov,0.020999134207080772,-0.003970921039581299,0.025088787078857422,0.004927992820739746,0.016189873218536377,7379,10129,,92,0.54,True,False,True
xgb_depth,depth 4,st,55,race_bw,pincp,-0.23597190532807133,-0.09695693551738849,-0.13997428659163802,-0.10644883429916696,-0.13048238780985955,357,16436,,91,0.57,False,False,False
xgb_depth,depth 4,st,55,race_bw,hicov,-0.03011085183647566,-0.025131285190582275,-0.005530893802642822,-0.019567787647247314,-0.011094391345977783,357,16436,,91,0.54,False,False,False
xgb_depth,depth 4,st,55,immigrant,pincp,-0.08377285580072602,-0.026750372750383278,-0.05663996955412465,-0.00955583373709068,-0.07383450856741725,662,16846,,92,0.5,False,False,False
xgb_depth,depth 4,st,55,immigrant,hicov,-0.1264630042973257,-0.03643673658370972,-0.0897219181060791,-0.021891534328460693,-0.10426712036132812,662,16846,,92,0.64,False,False,False
xgb_depth,depth 4,st,56,sex_female,pincp,-0.36346992208175166,-0.012295705167106874,-0.3499489139812262,-0.04447180544272378,-0.3177728137056093,647,956,,85,0.12,False,False,False
xgb_depth,depth 4,st,56,sex_female,hicov,0.03127243214579034,-0.006751418113708496,0.03900712728500366,-0.006741344928741455,0.03899705410003662,647,956,,85,0.14,False,False,False
xgb_depth,depth 4,st,56,immigrant,pincp,-0.18877279319069018,-0.05784975614889021,-0.12870693083890927,-0.08251691510370307,-0.10403977188409641,51,1552,,85,0.15,False,False,False
xgb_depth,depth 4,st,56,immigrant,hicov,-0.07889882757226607,-0.04148697853088379,-0.04034382104873657,-0.03399688005447388,-0.047833919525146484,51,1552,,85,0.14,False,False,False
xgb_depth,depth 4,st,6,sex_female,pincp,-0.18146729971729947,0.018234380498967084,-0.19977212632562846,0.004576988527114523,-0.1861147343537759,41076,58207,,92,2.05,False,False,False
xgb_depth,depth 4,st,6,sex_female,hicov,0.03384123084023194,0.0004887580871582031,0.033413589000701904,0.009336709976196289,0.02456563711166382,41076,58207,,92,2.27,False,False,False
xgb_depth,depth 4,st,6,race_bw,pincp,-0.18246297664314604,-0.08993666762293273,-0.09225951483145067,-0.08048458766509548,-0.10171159478928793,4119,61748,,91,1.45,False,False,False
xgb_depth,depth 4,st,6,race_bw,hicov,0.015345646834364346,0.0077931880950927734,0.007256507873535156,0.010297894477844238,0.004751801490783691,4119,61748,,91,1.6,False,False,False
xgb_depth,depth 4,st,6,immigrant,pincp,-0.26875090094567966,-0.1123467951494792,-0.15635863477367629,-0.10163835245451835,-0.16706707746863714,35042,64241,,92,1.99,False,False,False
xgb_depth,depth 4,st,6,immigrant,hicov,-0.080050513778545,-0.03800290822982788,-0.04209494590759277,-0.01837003231048584,-0.061727821826934814,35042,64241,,92,2.09,False,False,False
xgb_depth,depth 4,st,8,sex_female,pincp,-0.21981364393633918,-0.009170718518577203,-0.21060248890137778,-0.01719332136823226,-0.20257988605172272,6943,9596,,92,0.47,False,False,False
xgb_depth,depth 4,st,8,sex_female,hicov,0.03742758652198985,-0.0011684298515319824,0.03865295648574829,0.011663496494293213,0.025821030139923096,6943,9596,,92,0.49,True,False,True
xgb_depth,depth 4,st,8,race_bw,pincp,-0.22475618247098517,-0.11635872776091638,-0.10891500668674681,-0.09001648796523298,-0.1352572464824302,402,14662,,91,0.47,False,False,False
xgb_depth,depth 4,st,8,immigrant,pincp,-0.23250097022780913,-0.16536923835559136,-0.0675344021389197,-0.1160962152771976,-0.11680742521731347,1649,14890,,92,0.46,False,False,False
xgb_depth,depth 4,st,8,immigrant,hicov,-0.15452220671420613,-0.0804484486579895,-0.07361286878585815,-0.027230143547058105,-0.12683117389678955,1649,14890,,92,0.56,False,False,False
xgb_depth,depth 4,st,9,sex_female,pincp,-0.32591543934684,-0.025339166590685025,-0.3005245260135858,-0.05072231944901873,-0.2751413731552521,4662,6012,,92,0.3,False,False,False
xgb_depth,depth 4,st,9,sex_female,hicov,0.01643880835497602,-0.004086732864379883,0.020490169525146484,0.0017150640487670898,0.014688372611999512,4662,6012,,92,0.37,True,False,True
xgb_depth,depth 4,st,9,race_bw,pincp,-0.4323223792453419,-0.12703795914540095,-0.3058728973204943,-0.24245547267126888,-0.19045538379462634,757,8886,,91,0.3,False,False,False
xgb_depth,depth 4,st,9,race_bw,hicov,-0.02647716518436527,-0.03146982192993164,0.004901289939880371,-0.028972089290618896,0.002403557300567627,757,8886,,91,0.33,False,False,False
xgb_depth,depth 4,st,9,immigrant,pincp,-0.12330295028208837,-0.07865496130169447,-0.046095132082035306,-0.07333397596701197,-0.05141611741671781,1722,8952,,92,0.31,False,False,False
xgb_depth,depth 4,st,9,immigrant,hicov,-0.07303061157765922,-0.023979783058166504,-0.0485880970954895,-0.01068127155303955,-0.061886608600616455,1722,8952,,92,0.34,False,False,False
xgb_depth,depth 5,naics_2,11,sex_female,pincp,-0.17442832844735356,0.027972229126266512,-0.2042020486153362,0.010452821276276225,-0.1866826407653459,1770,10168,,63,0.23,False,False,False
xgb_depth,depth 5,naics_2,11,sex_female,hicov,0.06072557308405235,-0.014710485935211182,0.07554030418395996,-0.0015759468078613281,0.06240576505661011,1770,10168,,63,0.25,False,False,False
xgb_depth,depth 5,naics_2,11,race_bw,pincp,-0.3082373735363646,-0.16332559204052188,-0.1422010626548076,-0.12375595911495374,-0.18177069558037573,198,10459,,62,0.25,False,False,False
xgb_depth,depth 5,naics_2,11,race_bw,hicov,-0.08277004677234145,-0.05036848783493042,-0.03064286708831787,-0.09449660778045654,0.013485252857208252,198,10459,,62,0.24,False,True,True
xgb_depth,depth 5,naics_2,11,immigrant,pincp,-0.5044989627739547,-0.2597001658869864,-0.24495409732627138,-0.1751437077282958,-0.329510555484962,2454,9484,,63,0.28,False,False,False
xgb_depth,depth 5,naics_2,11,immigrant,hicov,-0.29192622963498427,-0.07596457004547119,-0.21572661399841309,-0.06290179491043091,-0.22878938913345337,2454,9484,,63,0.27,False,False,False
xgb_depth,depth 5,naics_2,21,sex_female,pincp,-0.1566003960737774,0.1506348956121002,-0.30646920362186414,0.13281634028958855,-0.2886506482993525,858,4828,,60,0.14,False,False,False
xgb_depth,depth 5,naics_2,21,sex_female,hicov,0.029791252657864087,-0.0037050247192382812,0.03413558006286621,-0.00486302375793457,0.0352935791015625,858,4828,,60,0.19,False,False,False
xgb_depth,depth 5,naics_2,21,race_bw,pincp,-0.3229724667527538,-0.1397138538149818,-0.18102080542590393,-0.09935845521771292,-0.22137620402317282,204,5009,,59,0.15,False,False,False
xgb_depth,depth 5,naics_2,21,race_bw,hicov,-0.03411114895149525,-0.03606671094894409,0.0011805891990661621,-0.03899580240249634,0.004109680652618408,204,5009,,59,0.14,False,False,False
xgb_depth,depth 5,naics_2,21,immigrant,pincp,0.04340662820095709,0.22689167903033614,-0.18228445445833685,0.15150307019083264,-0.10689584561883336,538,5148,,60,0.24,False,False,False
xgb_depth,depth 5,naics_2,21,immigrant,hicov,-0.029199631430114614,-0.023826420307159424,-0.005257725715637207,-0.01244497299194336,-0.01663917303085327,538,5148,,60,0.27,False,False,False
xgb_depth,depth 5,naics_2,22,sex_female,pincp,-0.16498741705883546,0.08970349858851989,-0.25395193733073995,0.0479047510893853,-0.21215318983160536,2383,8526,,63,0.25,False,False,False
xgb_depth,depth 5,naics_2,22,race_bw,pincp,-0.20612530453511546,-0.07184434020977726,-0.1348895133507373,-0.07315609243752341,-0.13357776112299113,778,9258,,62,0.27,False,False,False
xgb_depth,depth 5,naics_2,22,race_bw,hicov,-0.010228352495528115,-0.010739445686340332,0.0010854601860046387,-0.011407554149627686,0.0017535686492919922,778,9258,,62,0.26,False,False,False
xgb_depth,depth 5,naics_2,22,immigrant,pincp,0.05236980693181259,0.1481575280347993,-0.0961185948465566,0.08607458572505244,-0.034035652536809735,791,10118,,63,0.24,False,False,False
xgb_depth,depth 5,naics_2,22,immigrant,hicov,-0.04415682556453315,-0.014226436614990234,-0.02957838773727417,-0.0025653839111328125,-0.04123944044113159,791,10118,,63,0.27,False,False,False
xgb_depth,depth 5,naics_2,23,sex_female,pincp,-0.0626446456082057,0.10440895989741605,-0.1670716188784933,0.108463210721224,-0.17112586970230126,5486,50901,,58,1.0,False,False,False
xgb_depth,depth 5,naics_2,23,sex_female,hicov,0.10012223552223276,0.01837688684463501,0.08173710107803345,0.03159052133560181,0.06852346658706665,5486,50901,,58,1.07,False,False,False
xgb_depth,depth 5,naics_2,23,race_bw,pincp,-0.2200815585744582,-0.09590428308500165,-0.12474982652598143,-0.060229520634502265,-0.16042458897648082,2207,47852,,57,0.91,False,False,False
xgb_depth,depth 5,naics_2,23,immigrant,pincp,-0.32078281195261127,-0.1415612749805888,-0.17916944891771003,-0.10111723949406759,-0.21961348440423123,11081,45306,,58,0.94,False,False,False
xgb_depth,depth 5,naics_2,23,immigrant,hicov,-0.3059844323527965,-0.0967668890953064,-0.2090061902999878,-0.06663864850997925,-0.23913443088531494,11081,45306,,58,1.08,False,False,False
xgb_depth,depth 5,naics_2,31,sex_female,pincp,-0.2629578528630354,-0.03998804757321395,-0.222669719392659,-0.04956682675392443,-0.21309094021194852,6080,10147,,65,0.43,False,False,False
xgb_depth,depth 5,naics_2,31,race_bw,pincp,-0.303773085054587,-0.13868042911397538,-0.16559441465347824,-0.1421710150775919,-0.16210382868986173,1704,11987,,64,0.36,False,False,False
xgb_depth,depth 5,naics_2,31,race_bw,hicov,-0.015489638422845342,-0.024040162563323975,0.008851468563079834,-0.022710025310516357,0.007521331310272217,1704,11987,,64,0.32,False,False,False
xgb_depth,depth 5,naics_2,31,immigrant,pincp,-0.34096890087177734,-0.16536873029519228,-0.1760814782943374,-0.09749556273614246,-0.24395464585338722,3768,12459,,65,0.4,False,False,False
xgb_depth,depth 5,naics_2,31,immigrant,hicov,-0.12329223291887836,-0.03863292932510376,-0.08472257852554321,-0.03505295515060425,-0.08830255270004272,3768,12459,,65,0.39,False,False,False
xgb_depth,depth 5,naics_2,32,sex_female,pincp,-0.14835792196557485,0.07158807308535842,-0.2196989964651248,0.04628783147722615,-0.19439875485699254,8451,21977,,67,0.65,False,False,False
xgb_depth,depth 5,naics_2,32,sex_female,hicov,0.013688911235591239,-0.006544053554534912,0.020139694213867188,-0.006177544593811035,0.01977318525314331,8451,21977,,67,0.74,False,False,False
xgb_depth,depth 5,naics_2,32,race_bw,pincp,-0.2647300616488355,-0.10480408064229785,-0.16053956116013524,-0.09939200188735775,-0.16595163991507533,2081,25276,,66,0.57,False,False,False
xgb_depth,depth 5,naics_2,32,race_bw,hicov,-0.011317819176341226,-0.020927131175994873,0.010260343551635742,-0.02033209800720215,0.009665310382843018,2081,25276,,66,0.65,False,False,False
xgb_depth,depth 5,naics_2,32,immigrant,pincp,-0.08673017505501157,0.021474974615424358,-0.10774493119933481,0.056972637444626884,-0.14324259402853734,4028,26400,,67,0.64,False,False,False
xgb_depth,depth 5,naics_2,32,immigrant,hicov,-0.07233731305106683,-0.017010867595672607,-0.05561864376068115,-0.013964414596557617,-0.05866509675979614,4028,26400,,67,0.67,False,False,False
xgb_depth,depth 5,naics_2,33,sex_female,pincp,-0.2637016416912381,-0.026444454398218298,-0.23761448662436635,-0.038302528923370716,-0.22575641209921393,16238,50594,,69,1.27,False,False,False
xgb_depth,depth 5,naics_2,33,race_bw,pincp,-0.32554110402042724,-0.12122955234023891,-0.20414043981906005,-0.14211964130446475,-0.1832503508548342,3920,54728,,68,1.22,False,False,False
xgb_depth,depth 5,naics_2,33,race_bw,hicov,-0.017633588298643477,-0.019158542156219482,0.0010155439376831055,-0.022869110107421875,0.004726111888885498,3920,54728,,68,1.35,False,False,False
xgb_depth,depth 5,naics_2,33,immigrant,pincp,-0.031002990109508133,0.05241001189287253,-0.08355373651056475,0.081114143163866,-0.11225786778155822,10156,56676,,69,1.38,False,False,False
xgb_depth,depth 5,naics_2,33,immigrant,hicov,-0.04499232538424991,-0.00562739372253418,-0.039238810539245605,-0.011611580848693848,-0.03325462341308594,10156,56676,,69,1.47,False,False,False
xgb_depth,depth 5,naics_2,3M,sex_female,pincp,-0.3035433700709156,-0.020889732549070672,-0.2828838017679036,-0.04614278250862469,-0.2576307518083496,879,1984,,57,0.1,False,False,False
xgb_depth,depth 5,naics_2,3M,race_bw,pincp,-0.2366623367706051,-0.10146427278308146,-0.13517822930853463,-0.09419133683033287,-0.1424511652612832,323,2116,,56,0.2,False,False,False
xgb_depth,depth 5,naics_2,3M,race_bw,hicov,-0.028134455453656892,-0.028218448162078857,-0.0004100203514099121,-0.01707935333251953,-0.011549115180969238,323,2116,,56,0.11,False,False,False
xgb_depth,depth 5,naics_2,3M,immigrant,pincp,-0.26129086957903347,-0.034642327446476884,-0.22886004817969408,-0.046655165856032355,-0.2168472097701386,595,2268,,57,0.11,False,False,False
xgb_depth,depth 5,naics_2,3M,immigrant,hicov,-0.10675381263616557,-0.04033380746841431,-0.06478416919708252,-0.0018709301948547363,-0.10324704647064209,595,2268,,57,0.16,False,False,False
xgb_depth,depth 5,naics_2,42,sex_female,pincp,-0.2022436858462644,0.03675411641362558,-0.23902682115688378,0.0046649589503591216,-0.20693766369361732,7903,20186,,63,0.6,False,False,False
xgb_depth,depth 5,naics_2,42,race_bw,pincp,-0.37749029566436754,-0.09014722702405287,-0.2870177782932277,-0.11371152747308244,-0.26345347784419815,1496,23358,,62,0.54,False,False,False
xgb_depth,depth 5,naics_2,42,race_bw,hicov,-0.03178101331838812,-0.03210824728012085,0.0004183650016784668,-0.04014146327972412,0.008451581001281738,1496,23358,,62,0.55,False,False,False
xgb_depth,depth 5,naics_2,42,immigrant,pincp,-0.2093096720413552,-0.050568081294853684,-0.15772772962658443,-0.03478627262103373,-0.1735095383004044,4233,23856,,63,0.6,False,False,False
xgb_depth,depth 5,naics_2,42,immigrant,hicov,-0.08411581584950278,-0.016432881355285645,-0.06796765327453613,-0.013470828533172607,-0.07092970609664917,4233,23856,,63,0.73,False,False,False
xgb_depth,depth 5,naics_2,44,sex_female,pincp,-0.25509860736859835,-0.014383621399257862,-0.24063016625634503,-0.032861049988314406,-0.2221527376672885,20205,31547,,63,1.05,False,False,False
xgb_depth,depth 5,naics_2,44,sex_female,hicov,0.014269738289013567,-0.013389050960540771,0.027734041213989258,-0.018187642097473145,0.03253263235092163,20205,31547,,63,1.13,False,False,False
xgb_depth,depth 5,naics_2,44,race_bw,pincp,-0.21868542569681537,-0.07265127228451007,-0.14578270736979704,-0.07726513756576203,-0.14116884208854508,3611,41916,,62,0.98,False,False,False
xgb_depth,depth 5,naics_2,44,race_bw,hicov,-0.02434017062887106,-0.02755790948867798,0.002949953079223633,-0.03611481189727783,0.011506855487823486,3611,41916,,62,1.03,False,False,False
xgb_depth,depth 5,naics_2,44,immigrant,pincp,-0.09665531045817133,-0.007136356817389,-0.08930526119684501,0.021135164896554315,-0.11757678291078832,7415,44337,,63,1.06,True,False,True
xgb_depth,depth 5,naics_2,44,immigrant,hicov,-0.09476766488920885,-0.0018767714500427246,-0.09292775392532349,-0.010096848011016846,-0.08470767736434937,7415,44337,,63,1.1,False,False,False
xgb_depth,depth 5,naics_2,45,sex_female,pincp,-0.25316293341938767,-0.05482185285540808,-0.1982434987251267,-0.07364850517067012,-0.17941684640986466,10711,10829,,62,0.45,False,False,False
xgb_depth,depth 5,naics_2,45,sex_female,hicov,0.012157341696831914,-0.008286595344543457,0.02027571201324463,-0.008940577507019043,0.020929694175720215,10711,10829,,62,0.51,False,False,False
xgb_depth,depth 5,naics_2,45,race_bw,pincp,-0.2128505955917941,-0.12951029557134497,-0.08305325196042723,-0.12039481081607128,-0.09216873671570092,2034,17052,,61,0.46,False,False,False
xgb_depth,depth 5,naics_2,45,race_bw,hicov,-0.023157172542498827,-0.017181813716888428,-0.005849719047546387,-0.022820651531219482,-0.00021088123321533203,2034,17052,,61,0.48,False,False,False
xgb_depth,depth 5,naics_2,45,immigrant,hicov,-0.04191854009015972,0.015051722526550293,-0.05706232786178589,0.0004254579544067383,-0.042436063289642334,2784,18756,,62,0.5,False,False,False
xgb_depth,depth 5,naics_2,48,sex_female,pincp,-0.21276262819450054,0.05408937188400209,-0.2675121198481136,0.03339765521590543,-0.24682040318001697,5254,23016,,60,0.58,False,False,False
xgb_depth,depth 5,naics_2,48,sex_female,hicov,0.030014488853288057,-0.004141032695770264,0.03392159938812256,-0.001521289348602295,0.03130185604095459,5254,23016,,60,0.65,False,False,False
xgb_depth,depth 5,naics_2,48,race_bw,pincp,-0.19750902181684893,-0.05150941507974949,-0.14590108636346777,-0.0905120483555919,-0.10689845308762536,3689,21206,,59,0.5,False,False,False
xgb_depth,depth 5,naics_2,48,immigrant,pincp,-0.19393861612739371,-0.07552885991422897,-0.11871863717902187,-0.05254599360374179,-0.14170150348950905,4910,23360,,60,0.61,False,False,False
xgb_depth,depth 5,naics_2,48,immigrant,hicov,-0.0972118858633485,-0.008001387119293213,-0.0893813967704773,-0.017035067081451416,-0.08034771680831909,4910,23360,,60,0.6,False,False,False
xgb_depth,depth 5,naics_2,49,sex_female,pincp,-0.12368417112049634,-0.010171640257006231,-0.11294795915532774,-0.024718486445156174,-0.0984011129671778,3808,8351,,58,0.28,False,False,False
xgb_depth,depth 5,naics_2,49,sex_female,hicov,0.014366675001937002,-0.009288132190704346,0.02353525161743164,-0.010541260242462158,0.024788379669189453,3808,8351,,58,0.29,False,False,False
xgb_depth,depth 5,naics_2,49,race_bw,pincp,-0.16454436798651528,-0.04833800919086784,-0.11600178668783734,-0.024407171166217267,-0.1399326247124879,1973,8563,,57,0.28,False,False,False
xgb_depth,depth 5,naics_2,49,race_bw,hicov,-0.016498035874827455,-0.019626975059509277,0.0032064318656921387,-0.022057652473449707,0.005637109279632568,1973,8563,,57,0.28,False,False,False
xgb_depth,depth 5,naics_2,49,immigrant,pincp,-0.17166827475629098,0.04386238935180131,-0.21576894527140844,-0.03402359085664841,-0.13788296506295872,1836,10323,,58,0.28,True,False,True
xgb_depth,depth 5,naics_2,49,immigrant,hicov,-0.0865438493521985,-0.009845316410064697,-0.07647442817687988,-0.009234011173248291,-0.07708573341369629,1836,10323,,58,0.3,False,False,False
xgb_depth,depth 5,naics_2,4M,sex_female,pincp,-0.2786318676631705,-0.04615234927886647,-0.23392833303340055,-0.04100266799964558,-0.23907801431262143,998,1164,,58,0.09,False,False,False
xgb_depth,depth 5,naics_2,4M,sex_female,hicov,0.010045864925727788,-0.019425928592681885,0.029660165309906006,-0.014512896537780762,0.024747133255004883,998,1164,,58,0.11,False,False,False
xgb_depth,depth 5,naics_2,4M,race_bw,pincp,-0.15479391581975044,-0.0851083201802183,-0.07196268106133097,-0.051157321632134156,-0.10591367960941511,247,1637,,57,0.11,False,False,False
xgb_depth,depth 5,naics_2,4M,race_bw,hicov,-0.030964116743623538,-0.026035547256469727,-0.006435275077819824,-0.0008566975593566895,-0.03161412477493286,247,1637,,57,0.11,False,False,False
xgb_depth,depth 5,naics_2,4M,immigrant,pincp,-0.0850289573043419,-0.07548740409873744,-0.009991914890928655,-0.039542949766385505,-0.04593636922328059,319,1843,,58,0.1,False,False,False
xgb_depth,depth 5,naics_2,4M,immigrant,hicov,-0.13497313396278732,-0.07128816843032837,-0.06289082765579224,0.007075786590576172,-0.14125478267669678,319,1843,,58,0.12,True,False,True
xgb_depth,depth 5,naics_2,51,sex_female,pincp,-0.2458908158496964,-0.05336448872566635,-0.19183286537981203,-0.06187617965578163,-0.18332117444969676,7812,12919,,61,0.49,False,False,False
xgb_depth,depth 5,naics_2,51,race_bw,pincp,-0.27989747972265633,-0.12478397878910386,-0.15551382914058287,-0.1102219481321498,-0.17007585979753692,1646,16501,,60,0.41,False,False,False
xgb_depth,depth 5,naics_2,51,race_bw,hicov,-0.016109226562578738,-0.012739121913909912,-0.003579556941986084,-0.013049423694610596,-0.0032692551612854004,1646,16501,,60,0.47,False,False,False
xgb_depth,depth 5,naics_2,51,immigrant,pincp,0.20968129890285958,0.183249999556109,0.02503793002460597,0.16938892216716894,0.038899007413546016,2744,17987,,61,0.48,False,False,False
xgb_depth,depth 5,naics_2,51,immigrant,hicov,-0.012184536904771393,0.013571858406066895,-0.02563488483428955,0.0030786991119384766,-0.015141725540161133,2744,17987,,61,0.53,False,False,False
xgb_depth,depth 5,naics_2,52,sex_female,pincp,-0.5682567617236298,-0.1982387948115285,-0.3697788830769362,-0.24201350665192223,-0.32600417123654246,29688,23262,,59,1.04,False,False,False
xgb_depth,depth 5,naics_2,52,race_bw,pincp,-0.36008972810087947,-0.108555564066247,-0.25151556583419854,-0.13807389279183546,-0.22199723710861008,4183,42821,,58,0.91,False,False,False
xgb_depth,depth 5,naics_2,52,race_bw,hicov,-0.014619821613350514,-0.012234985828399658,-0.002464473247528076,-0.01177358627319336,-0.002925872802734375,4183,42821,,58,1.01,False,False,False
xgb_depth,depth 5,naics_2,52,immigrant,pincp,0.12872852116941047,0.1451064293515838,-0.01666628348581156,0.1305991083652529,-0.0021589624994806655,6431,46519,,59,1.05,False,False,False
xgb_depth,depth 5,naics_2,52,immigrant,hicov,-0.013713639558709967,0.0051097869873046875,-0.019040226936340332,-0.0005667805671691895,-0.013363659381866455,6431,46519,,59,1.13,True,False,True
xgb_depth,depth 5,naics_2,53,sex_female,pincp,-0.20368571994394458,-0.007493967924673939,-0.1963497214370129,-0.030788594275078296,-0.17305509508660855,7356,9663,,59,0.42,False,False,False
xgb_depth,depth 5,naics_2,53,sex_female,hicov,0.016528081163935893,-0.008570671081542969,0.0247347354888916,-0.007710456848144531,0.023874521255493164,7356,9663,,59,0.42,False,False,False
xgb_depth,depth 5,naics_2,53,race_bw,pincp,-0.36522123116522387,-0.06928748872723745,-0.29553342144280315,-0.1178936516835396,-0.246927258486501,1331,13771,,58,0.36,False,False,False
xgb_depth,depth 5,naics_2,53,race_bw,hicov,-0.022543426742933304,-0.0222470760345459,0.0003923773765563965,-0.029899239540100098,0.008044540882110596,1331,13771,,58,0.38,False,False,False
xgb_depth,depth 5,naics_2,53,immigrant,pincp,-0.16413766013544517,-0.043802738833287336,-0.120046516971831,-0.015723740783068152,-0.14812551502205018,2515,14504,,59,0.42,False,False,False
xgb_depth,depth 5,naics_2,53,immigrant,hicov,-0.06069583601534756,-0.00960773229598999,-0.051110804080963135,-0.0121384859085083,-0.048580050468444824,2515,14504,,59,0.43,False,False,False
xgb_depth,depth 5,naics_2,54,sex_female,pincp,-0.3899332779490621,-0.10266671733215382,-0.28746539302527196,-0.12002259826942208,-0.2701095120880037,29018,43958,,60,1.32,False,False,False
xgb_depth,depth 5,naics_2,54,race_bw,pincp,-0.2660095394753377,-0.09590570402301779,-0.17079957722746464,-0.11160436243744876,-0.15510091881303367,3444,58849,,59,1.18,False,False,False
xgb_depth,depth 5,naics_2,54,race_bw,hicov,-0.01714595588240375,-0.013107359409332275,-0.004200994968414307,-0.01603114604949951,-0.0012772083282470703,3444,58849,,59,1.38,False,False,False
xgb_depth,depth 5,naics_2,54,immigrant,pincp,0.0722182219525429,0.0917705763096528,-0.020058205629423398,0.09431368950031782,-0.022601318820088423,12006,60970,,60,1.52,False,False,False
xgb_depth,depth 5,naics_2,54,immigrant,hicov,-0.01085133722024234,0.01347571611404419,-0.02431941032409668,0.0022740960121154785,-0.013117790222167969,12006,60970,,60,1.58,False,False,False
xgb_depth,depth 5,naics_2,55,sex_female,pincp,-0.41916513373735675,-0.1483638257222175,-0.27134960012479326,-0.18035754960540018,-0.2393558762416106,689,659,,57,0.08,False,False,False
xgb_depth,depth 5,naics_2,55,race_bw,pincp,-0.39175907995863213,-0.06431534463357735,-0.3233036132569005,-0.07252488943756674,-0.3150940684529111,77,1128,,55,0.11,False,False,False
xgb_depth,depth 5,naics_2,55,race_bw,hicov,-0.0421962788984066,-0.004657745361328125,-0.03916764259338379,0.0006656646728515625,-0.04449105262756348,77,1128,,55,0.08,True,False,True
xgb_depth,depth 5,naics_2,55,immigrant,pincp,0.08036547274432237,-0.038316478893767325,0.12150586520736084,0.0411086055459684,0.042080780767625114,155,1193,,57,0.11,True,False,True
xgb_depth,depth 5,naics_2,55,immigrant,hicov,-0.013233107103263642,-0.005889236927032471,-0.007982134819030762,0.0022943615913391113,-0.016165733337402344,155,1193,,57,0.08,True,False,True
xgb_depth,depth 5,naics_2,56,sex_female,pincp,-0.1285776356521673,0.012003510699004849,-0.1411114888870344,0.0324827625376507,-0.16159074072568025,10600,18487,,60,0.61,False,False,False
xgb_depth,depth 5,naics_2,56,sex_female,hicov,0.04997762323550159,-0.011110842227935791,0.06143981218338013,0.004228830337524414,0.04610013961791992,10600,18487,,60,0.62,True,False,True
xgb_depth,depth 5,naics_2,56,race_bw,pincp,-0.2488064758317332,-0.10439871630700637,-0.14428655773339472,-0.0667114198653529,-0.1819738541750482,3326,21705,,59,0.56,False,False,False
xgb_depth,depth 5,naics_2,56,immigrant,pincp,-0.2986422731817857,-0.11822141569690636,-0.1812816292394981,-0.07163511317698834,-0.2278679317594161,6273,22814,,60,0.66,False,False,False
xgb_depth,depth 5,naics_2,56,immigrant,hicov,-0.20222463599230545,-0.06343024969100952,-0.13825273513793945,-0.02913004159927368,-0.1725529432296753,6273,22814,,60,0.67,False,False,False
xgb_depth,depth 5,naics_2,61,sex_female,pincp,-0.19832442884073664,0.004297755397438152,-0.20259899073274568,-0.005857289853034686,-0.19244394548227284,51590,26189,,58,1.3,True,False,True
xgb_depth,depth 5,naics_2,61,race_bw,pincp,-0.1508946986242261,-0.1440651858114208,-0.0062850773086715606,-0.10175833757772779,-0.04859192554236458,6910,63986,,57,1.33,False,False,False
xgb_depth,depth 5,naics_2,61,race_bw,hicov,-0.020329754659157317,-0.012507259845733643,-0.00796586275100708,-0.009900152683258057,-0.010572969913482666,6910,63986,,57,1.4,False,False,False
xgb_depth,depth 5,naics_2,61,immigrant,pincp,0.0230344050453688,0.0009852407729606938,0.022135572440550533,0.043815582307589196,-0.02069476909407797,7723,70056,,58,1.45,False,True,True
xgb_depth,depth 5,naics_2,61,immigrant,hicov,-0.017128937570610958,-0.0024622678756713867,-0.014661908149719238,-0.005359530448913574,-0.01176464557647705,7723,70056,,58,1.61,False,False,False
xgb_depth,depth 5,naics_2,62,sex_female,pincp,-0.44504958913086057,-0.16185343096361038,-0.28341716541689443,-0.23193332185429227,-0.21333727452621254,90900,29476,,63,2.44,False,False,False
xgb_depth,depth 5,naics_2,62,race_bw,pincp,-0.2858392759919255,-0.15739212123344792,-0.12841106774309097,-0.16833530276518793,-0.11746788621135096,15995,88854,,62,2.05,False,False,False
xgb_depth,depth 5,naics_2,62,race_bw,hicov,-0.030612993952736645,-0.022746920585632324,-0.007838428020477295,-0.02590465545654297,-0.00468069314956665,15995,88854,,62,2.33,False,False,False
xgb_depth,depth 5,naics_2,62,immigrant,pincp,0.08046984533417856,0.09432195824787115,-0.01407940775646388,0.1020932906028289,-0.02185074011142163,18087,102289,,63,2.46,False,False,False
xgb_depth,depth 5,naics_2,62,immigrant,hicov,-0.023957826396521553,0.0059511661529541016,-0.029751300811767578,-0.0026853084564208984,-0.021114826202392578,18087,102289,,63,2.62,True,False,True
xgb_depth,depth 5,naics_2,71,sex_female,pincp,-0.17333409352919382,0.015062054705385464,-0.18942479124163647,0.004096732630165079,-0.17845946916641608,5061,7575,,58,0.32,False,False,False
xgb_depth,depth 5,naics_2,71,sex_female,hicov,0.025007150389016353,-0.00651705265045166,0.03136932849884033,-0.00750887393951416,0.03236114978790283,5061,7575,,58,0.33,False,False,False
xgb_depth,depth 5,naics_2,71,race_bw,pincp,-0.23704578398977638,-0.11096795230555223,-0.12599113264232642,-0.08253142849043549,-0.15442765645744316,968,9874,,57,0.3,False,False,False
xgb_depth,depth 5,naics_2,71,race_bw,hicov,-0.017584791513566844,-0.019101083278656006,0.0017725229263305664,-0.027852118015289307,0.010523557662963867,968,9874,,57,0.29,False,False,False
xgb_depth,depth 5,naics_2,71,immigrant,pincp,-0.12326965074971952,-0.07355364272348375,-0.05055134665589911,-0.0343073109858647,-0.08979767839351815,1670,10966,,58,0.36,False,False,False
xgb_depth,depth 5,naics_2,71,immigrant,hicov,-0.05514562703882775,-0.005534350872039795,-0.050263285636901855,-0.007300138473510742,-0.04849749803543091,1670,10966,,58,0.31,False,False,False
xgb_depth,depth 5,naics_2,72,sex_female,pincp,-0.18401379581246324,-0.009589893658885629,-0.17446109183981662,-0.007135634470945007,-0.17691535102775724,14143,17193,,58,0.66,False,False,False
xgb_depth,depth 5,naics_2,72,sex_female,hicov,0.04015889515060789,-0.019119739532470703,0.059071481227874756,-0.021953225135803223,0.061904966831207275,14143,17193,,58,0.7,False,False,False
xgb_depth,depth 5,naics_2,72,race_bw,pincp,-0.1928744781570586,-0.09791083496139841,-0.094529930049287,-0.0581079809937588,-0.1343327840169266,3165,21329,,57,0.51,False,False,False
xgb_depth,depth 5,naics_2,72,immigrant,pincp,-0.1366419172241944,-0.048986657342448225,-0.08744387314162871,-0.007453909192582486,-0.12897662129149445,9698,21638,,58,0.63,False,False,False
xgb_depth,depth 5,naics_2,72,immigrant,hicov,-0.14235072495587275,0.014934420585632324,-0.15691626071929932,-0.0042975544929504395,-0.13768428564071655,9698,21638,,58,0.7,True,False,True
xgb_depth,depth 5,naics_2,81,sex_female,pincp,-0.19443770611913358,0.001395305286605364,-0.1956004054569238,-0.04805235258526963,-0.14615274758504881,14329,19378,,63,0.71,True,False,True
xgb_depth,depth 5,naics_2,81,sex_female,hicov,0.028035678892645688,-0.014102935791015625,0.04214423894882202,-0.010277748107910156,0.03831905126571655,14329,19378,,63,0.78,False,False,False
xgb_depth,depth 5,naics_2,81,race_bw,pincp,-0.1435280769370042,-0.04264419791010887,-0.1006043836873225,-0.0492121900920548,-0.09403639150537657,2516,26304,,62,0.62,False,False,False
xgb_depth,depth 5,naics_2,81,race_bw,hicov,-0.025556209118091866,-0.028271794319152832,0.0018123984336853027,-0.027717113494873047,0.0012577176094055176,2516,26304,,62,0.65,False,False,False
xgb_depth,depth 5,naics_2,81,immigrant,pincp,-0.28521872580984997,-0.186817760956135,-0.09854668235912634,-0.102216209453454,-0.18314823386180734,6640,27067,,63,0.76,False,False,False
xgb_depth,depth 5,naics_2,81,immigrant,hicov,-0.13345759362866183,-0.046026527881622314,-0.08772504329681396,-0.040502965450286865,-0.09324860572814941,6640,27067,,63,0.8,False,False,False
xgb_depth,depth 5,naics_2,92,sex_female,pincp,-0.2414473940877997,-0.013045464222321002,-0.22820567402986924,-0.04734077754045529,-0.19391036071173495,24767,31895,,60,1.07,False,False,False
xgb_depth,depth 5,naics_2,92,race_bw,pincp,-0.10552062676527818,-0.047898932100361336,-0.05753936851958663,-0.03713528619593909,-0.06830301442400888,7382,43626,,59,0.99,False,False,False
xgb_depth,depth 5,naics_2,92,immigrant,pincp,0.04760441151955597,0.08405229319318508,-0.036299586916573645,0.09151575674258794,-0.043763050465976505,4213,52449,,60,1.08,False,False,False
xgb_depth,depth 5,naics_2,92,immigrant,hicov,-0.014170391838873697,0.0021355748176574707,-0.01627528667449951,-0.003231227397918701,-0.01090848445892334,4213,52449,,60,1.23,True,False,True
xgb_depth,depth 5,st,1,sex_female,pincp,-0.31555702394613583,-0.016625602849684284,-0.2987529795267925,-0.034163481307020405,-0.28121510106945635,5293,6854,,92,0.36,False,False,False
xgb_depth,depth 5,st,1,sex_female,hicov,0.021982361759625313,-0.005509734153747559,0.027595341205596924,-0.0014952421188354492,0.023580849170684814,5293,6854,,92,0.43,False,False,False
xgb_depth,depth 5,st,1,race_bw,pincp,-0.28298982130619343,-0.13789877754797608,-0.1452602299869561,-0.15367727015171795,-0.12948173738321422,2338,9360,,91,0.38,False,False,False
xgb_depth,depth 5,st,1,race_bw,hicov,-0.03265821836181115,-0.022149860858917236,-0.01088935136795044,-0.018860220909118652,-0.014178991317749023,2338,9360,,91,0.38,False,False,False
xgb_depth,depth 5,st,1,immigrant,pincp,-0.10406233370699525,-0.008493263311134314,-0.09827638929406923,-0.023420064239875416,-0.08334958836532813,463,11684,,92,0.42,False,False,False
xgb_depth,depth 5,st,1,immigrant,hicov,-0.19473714954566734,-0.06324058771133423,-0.13098180294036865,-0.050525546073913574,-0.1436968445777893,463,11684,,92,0.44,False,False,False
xgb_depth,depth 5,st,10,sex_female,pincp,-0.23852588673327801,-0.011795312429605076,-0.22491383569740897,-0.012053849129779692,-0.22465529899723435,1208,1387,,88,0.18,False,False,False
xgb_depth,depth 5,st,10,sex_female,hicov,0.018984825985857268,-0.00776594877243042,0.02720654010772705,0.006906986236572266,0.012533605098724365,1208,1387,,88,0.17,True,False,True
xgb_depth,depth 5,st,10,race_bw,pincp,-0.26441259231673087,-0.12849073080817774,-0.13554662632036774,-0.10312252005913436,-0.16091483706941112,431,1975,,87,0.15,False,False,False
xgb_depth,depth 5,st,10,immigrant,hicov,-0.056482306259616144,-0.031530916690826416,-0.0253828763961792,-0.008874893188476562,-0.04803889989852905,265,2330,,88,0.21,False,False,False
xgb_depth,depth 5,st,11,sex_female,pincp,-0.1948040157321529,-0.04020249178998192,-0.15595333045919268,-0.054224183170164864,-0.14193163907900974,1214,1142,,68,0.15,False,False,False
xgb_depth,depth 5,st,11,sex_female,hicov,0.01159848469548208,-0.0001747608184814453,0.012176990509033203,-0.005114495754241943,0.0171167254447937,1214,1142,,68,0.13,False,False,False
xgb_depth,depth 5,st,11,race_bw,pincp,-0.5086204482738559,-0.3027894935807769,-0.20413730295564747,-0.24498706445128882,-0.26193973208513555,642,1452,,66,0.12,False,False,False
xgb_depth,depth 5,st,11,race_bw,hicov,-0.030167863855204535,-0.027110397815704346,-0.0028721094131469727,-0.058606743812561035,0.028624236583709717,642,1452,,66,0.11,False,True,True
xgb_depth,depth 5,st,11,immigrant,pincp,-0.20919592588855096,-0.09275303801817891,-0.11671295820497996,-0.05106560851954178,-0.15840038770361708,316,2040,,68,0.19,False,False,False
xgb_depth,depth 5,st,11,immigrant,hicov,-0.046624472573839615,-0.022527098655700684,-0.023380279541015625,-0.017980337142944336,-0.027927041053771973,316,2040,,68,0.14,False,False,False
xgb_depth,depth 5,st,12,sex_female,pincp,-0.22696732350444826,-0.005246895724111411,-0.22204549718001054,-0.007685597895489948,-0.219606795008632,22979,28252,,92,1.26,False,False,False
xgb_depth,depth 5,st,12,sex_female,hicov,0.04205411755614552,0.003402411937713623,0.03877180814743042,0.008904755115509033,0.03326946496963501,22979,28252,,92,1.39,False,False,False
xgb_depth,depth 5,st,12,race_bw,pincp,-0.31454446007065684,-0.09947637873345982,-0.21511711365150354,-0.14715611377333282,-0.16743737861163055,6198,41213,,91,1.26,False,False,False
xgb_depth,depth 5,st,12,race_bw,hicov,-0.010981150374180237,-0.02546083927154541,0.01454615592956543,-0.029969751834869385,0.019055068492889404,6198,41213,,91,1.38,False,False,False
xgb_depth,depth 5,st,12,immigrant,pincp,-0.19235966803892168,-0.05795768841275439,-0.13435128399770768,-0.059281304168754545,-0.13302766824170753,12037,39194,,92,1.35,False,False,False
xgb_depth,depth 5,st,12,immigrant,hicov,-0.08944399925169921,-0.040576815605163574,-0.04890775680541992,-0.027984142303466797,-0.0615004301071167,12037,39194,,92,1.39,False,False,False
xgb_depth,depth 5,st,13,sex_female,pincp,-0.2577587064321296,-0.018496521212112427,-0.23966766884113966,-0.027381862733868445,-0.23078232731938364,11957,14978,,92,0.73,False,False,False
xgb_depth,depth 5,st,13,sex_female,hicov,0.040407528990723085,0.00315248966217041,0.0372501015663147,0.014676094055175781,0.025726497173309326,11957,14978,,92,0.8,False,False,False
xgb_depth,depth 5,st,13,race_bw,pincp,-0.3001484008017652,-0.11664139769107429,-0.18402071266069342,-0.1332113645530537,-0.167450745798714,6248,18543,,91,0.7,False,False,False
xgb_depth,depth 5,st,13,immigrant,pincp,-0.13744674471266727,-0.0406696677281051,-0.09670669360411566,-0.005950070429969756,-0.131426290902251,3334,23601,,92,0.75,False,False,False
xgb_depth,depth 5,st,13,immigrant,hicov,-0.1524436310144861,-0.07372415065765381,-0.07833206653594971,-0.0469093918800354,-0.10514682531356812,3334,23601,,92,0.78,False,False,False
xgb_depth,depth 5,st,15,sex_female,pincp,-0.20822507750450292,-0.007742460824236019,-0.2006494639033889,-0.00969553202670781,-0.1986963927009171,1861,2153,,87,0.18,False,False,False
xgb_depth,depth 5,st,15,immigrant,pincp,-0.22547582941900401,-0.15880317339594718,-0.06605972351969847,-0.08228234245678223,-0.14258055445886342,811,3203,,87,0.2,False,False,False
xgb_depth,depth 5,st,15,immigrant,hicov,-0.016183964401437767,0.008367419242858887,-0.024868011474609375,-0.0020089149475097656,-0.014491677284240723,811,3203,,87,0.21,True,False,True
xgb_depth,depth 5,st,16,sex_female,pincp,-0.2783884125134932,-0.03455506008633691,-0.2433248481325414,-0.04677936249786363,-0.23110054572101468,1482,2423,,92,0.18,False,False,False
xgb_depth,depth 5,st,16,sex_female,hicov,0.02785997661858386,-0.012901067733764648,0.041106581687927246,0.010702133178710938,0.01750338077545166,1482,2423,,92,0.21,True,False,True
xgb_depth,depth 5,st,16,immigrant,pincp,-0.23283176258720495,-0.1779195272951064,-0.05461298956995542,-0.09238425865583366,-0.14014825820922816,270,3635,,92,0.19,False,False,False
xgb_depth,depth 5,st,16,immigrant,hicov,-0.21530898160884404,-0.07371199131011963,-0.14152532815933228,-0.03239315748214722,-0.1828441619873047,270,3635,,92,0.21,False,False,False
xgb_depth,depth 5,st,17,sex_female,pincp,-0.2669812951341086,-0.011815283211012328,-0.2551747440947594,-0.02690154780230891,-0.2400884795034628,16072,20780,,92,0.95,False,False,False
xgb_depth,depth 5,st,17,sex_female,hicov,0.021942164973691503,-0.003214240074157715,0.02509474754333496,0.001262664794921875,0.02061784267425537,16072,20780,,92,1.02,True,False,True
xgb_depth,depth 5,st,17,race_bw,pincp,-0.2526898601930849,-0.12417877318242532,-0.1272363485601069,-0.14653988793288342,-0.1048752338096488,2889,29991,,91,0.95,False,False,False
xgb_depth,depth 5,st,17,race_bw,hicov,-0.010611837064445684,-0.010878980159759521,0.00031942129135131836,-0.010246098041534424,-0.0003134608268737793,2889,29991,,91,0.97,False,True,True
xgb_depth,depth 5,st,17,immigrant,pincp,-0.15593137100749743,-0.08196606103737025,-0.07329814001216128,-0.04683322096049203,-0.10843098008903951,5317,31535,,92,0.99,False,False,False
xgb_depth,depth 5,st,17,immigrant,hicov,-0.10988308425168858,-0.043044209480285645,-0.06693381071090698,-0.016688287258148193,-0.09328973293304443,5317,31535,,92,1.06,False,False,False
xgb_depth,depth 5,st,18,sex_female,pincp,-0.27875708923041387,-0.011696334499760042,-0.2674460368232836,-0.02707425762788951,-0.25206811369515414,7777,10797,,92,0.54,False,False,False
xgb_depth,depth 5,st,18,sex_female,hicov,0.0213776825624451,-0.009279131889343262,0.030770599842071533,-0.005858421325683594,0.027349889278411865,7777,10797,,92,0.59,False,False,False
xgb_depth,depth 5,st,18,race_bw,pincp,-0.2081506916689495,-0.08793378334692648,-0.12029047717873631,-0.13471379101689074,-0.07351046950877205,952,16842,,91,0.51,False,False,False
xgb_depth,depth 5,st,18,race_bw,hicov,-0.02568159433349404,-0.023776650428771973,-0.0014177560806274414,-0.024730205535888672,-0.0004642009735107422,952,16842,,91,0.57,False,False,False
xgb_depth,depth 5,st,18,immigrant,pincp,-0.06084523232568806,-0.0005581338121789514,-0.06101795293023038,0.012898113698735614,-0.07447420044114494,902,17672,,92,0.54,True,False,True
xgb_depth,depth 5,st,18,immigrant,hicov,-0.12342297535078728,-0.04397392272949219,-0.07916277647018433,-0.022137343883514404,-0.10099935531616211,902,17672,,92,0.56,False,False,False
xgb_depth,depth 5,st,19,sex_female,pincp,-0.2736595145704044,0.007663600632421108,-0.2807910440600505,-0.0071560960979315524,-0.26597134732969785,4140,5444,,91,0.31,True,False,True
xgb_depth,depth 5,st,19,sex_female,hicov,0.016002371089743006,-0.0038628578186035156,0.01992744207382202,0.002756655216217041,0.013307929039001465,4140,5444,,91,0.34,True,False,True
xgb_depth,depth 5,st,19,race_bw,pincp,-0.24415269307218423,0.008346220190583509,-0.2521825354795464,-0.06571699093989558,-0.1781193243490673,111,9195,,90,0.29,True,False,True
xgb_depth,depth 5,st,19,race_bw,hicov,-0.03685316638008318,-0.004520297050476074,-0.03222453594207764,-0.035150349140167236,-0.0015944838523864746,111,9195,,90,0.32,False,False,False
xgb_depth,depth 5,st,19,immigrant,pincp,-0.17885441342499675,-0.04975318616490476,-0.13014279245182792,-0.04080710173967539,-0.1390888768770573,337,9247,,91,0.32,False,False,False
xgb_depth,depth 5,st,19,immigrant,hicov,-0.09074592802413417,-0.03288751840591431,-0.05731016397476196,-0.0071503520011901855,-0.08304733037948608,337,9247,,91,0.32,False,False,False
xgb_depth,depth 5,st,2,sex_female,pincp,-0.2467624061895748,0.004380631212574926,-0.2528855530780749,-0.04601876915631031,-0.20248615270918968,633,751,,78,0.12,True,False,True
xgb_depth,depth 5,st,2,sex_female,hicov,0.016433065549251835,-0.024069249629974365,0.04052799940109253,0.016957640647888184,-0.0004988908767700195,633,751,,78,0.12,True,True,True
xgb_depth,depth 5,st,2,immigrant,pincp,-0.4029133360731656,-0.2446920383272424,-0.15653485241518084,-0.09859215397643695,-0.3026347367659863,138,1246,,78,0.11,False,False,False
xgb_depth,depth 5,st,2,immigrant,hicov,-0.051969199990694825,-0.06685978174209595,0.013905823230743408,-0.07336527109146118,0.020411312580108643,138,1246,,78,0.11,False,False,False
xgb_depth,depth 5,st,20,sex_female,pincp,-0.2804944645361651,0.008234012301999272,-0.2884229858273244,0.004892085914562472,-0.2850810594398876,3580,4753,,92,0.27,False,False,False
xgb_depth,depth 5,st,20,sex_female,hicov,0.028491913957312542,-0.00853818655014038,0.03694760799407959,0.007441520690917969,0.02096790075302124,3580,4753,,92,0.3,True,False,True
xgb_depth,depth 5,st,20,race_bw,pincp,-0.17290278528006198,-0.11832253950129434,-0.05381946815018246,-0.11773562649082159,-0.054406381160655215,235,7590,,91,0.28,False,False,False
xgb_depth,depth 5,st,20,race_bw,hicov,-0.07053233537969883,-0.004584968090057373,-0.06627827882766724,-0.01382666826248169,-0.05703657865524292,235,7590,,91,0.31,False,False,False
xgb_depth,depth 5,st,20,immigrant,pincp,-0.16134057531916035,-0.10601081105039256,-0.055801189020879605,-0.06501887678486717,-0.09679312328640499,556,7777,,92,0.29,False,False,False
xgb_depth,depth 5,st,20,immigrant,hicov,-0.12007737258823514,-0.04154461622238159,-0.0788261890411377,-0.03626948595046997,-0.08410131931304932,556,7777,,92,0.31,False,False,False
xgb_depth,depth 5,st,21,sex_female,pincp,-0.27344839490346473,-0.0009874592107443902,-0.2717810767908997,-0.018903896686939703,-0.2538646393147044,5168,6566,,92,0.36,False,False,False
xgb_depth,depth 5,st,21,sex_female,hicov,0.018908447118046068,-0.004113972187042236,0.022716760635375977,0.002478182315826416,0.016124606132507324,5168,6566,,92,0.41,True,False,True
xgb_depth,depth 5,st,21,race_bw,pincp,-0.26856783080580726,-0.16342249969404854,-0.10464974687760709,-0.14596756936839128,-0.12210467720326434,647,10738,,91,0.38,False,False,False
xgb_depth,depth 5,st,21,immigrant,pincp,-0.07145706307004751,-0.0036679813529847394,-0.06806473964732085,0.025017722704706813,-0.0967504437050124,445,11289,,92,0.39,True,False,True
xgb_depth,depth 5,st,21,immigrant,hicov,-0.12914371253313106,-0.04999595880508423,-0.07921189069747925,-0.012022793292999268,-0.11718505620956421,445,11289,,92,0.42,False,False,False
xgb_depth,depth 5,st,22,sex_female,pincp,-0.3786737215261695,-0.03288579587905538,-0.345147019123754,-0.08720660271386116,-0.2908262122889482,5065,5961,,92,0.35,False,False,False
xgb_depth,depth 5,st,22,sex_female,hicov,0.02384849994857985,-0.006866872310638428,0.030750155448913574,0.0019823312759399414,0.021900951862335205,5065,5961,,92,0.38,True,False,True
xgb_depth,depth 5,st,22,race_bw,pincp,-0.3835029925119162,-0.1833491542350778,-0.19955677692651896,-0.1854286794010882,-0.19747725176050857,2477,8026,,91,0.38,False,False,False
xgb_depth,depth 5,st,22,race_bw,hicov,-0.029161130645144806,-0.031404972076416016,0.002121150493621826,-0.033120572566986084,0.0038367509841918945,2477,8026,,91,0.38,False,False,False
xgb_depth,depth 5,st,22,immigrant,pincp,-0.12196761308323723,-0.018004532600096823,-0.10368409664767064,-0.003547614193076143,-0.11814101505469132,503,10523,,92,0.37,False,False,False
xgb_depth,depth 5,st,22,immigrant,hicov,-0.16816652116191944,-0.0955888032913208,-0.07215863466262817,-0.05049699544906616,-0.11725044250488281,503,10523,,92,0.41,False,False,False
xgb_depth,depth 5,st,23,sex_female,pincp,-0.19825235908339245,0.0007401999293925599,-0.19869987527034638,0.005943361891285193,-0.20390303723223901,1463,1847,,89,0.16,False,False,False
xgb_depth,depth 5,st,23,sex_female,hicov,0.02401966426130797,0.015144705772399902,0.008440911769866943,0.009932100772857666,0.01365351676940918,1463,1847,,89,0.2,False,False,False
xgb_depth,depth 5,st,23,immigrant,pincp,0.01777096885950158,-0.07753316545574052,0.09640130737989772,0.03760774965179969,-0.018739607727642493,103,3207,,89,0.19,True,True,True
xgb_depth,depth 5,st,23,immigrant,hicov,0.013819890349084707,0.005737125873565674,0.008173525333404541,-0.01086127758026123,0.024771928787231445,103,3207,,89,0.18,True,False,True
xgb_depth,depth 5,st,24,sex_female,pincp,-0.21181734877639613,-0.014672183015697726,-0.1973060248257852,-0.03100672684397665,-0.18097148099750626,8713,10246,,92,0.56,False,False,False
xgb_depth,depth 5,st,24,sex_female,hicov,0.020371533298194855,0.002463400363922119,0.01804029941558838,0.00965958833694458,0.010844111442565918,8713,10246,,92,0.63,False,False,False
xgb_depth,depth 5,st,24,race_bw,pincp,-0.24287667447884864,-0.10366492659083626,-0.13878152661226295,-0.1375053989230519,-0.1049410542800473,4610,12209,,91,0.52,False,False,False
xgb_depth,depth 5,st,24,immigrant,pincp,-0.15568432450642078,-0.06645793740733907,-0.08946665839527945,-0.03361016806170625,-0.12231442774091228,3231,15728,,92,0.55,False,False,False
xgb_depth,depth 5,st,24,immigrant,hicov,-0.09323396376594617,-0.03526806831359863,-0.05812370777130127,-0.017877042293548584,-0.07551473379135132,3231,15728,,92,0.57,False,False,False
xgb_depth,depth 5,st,25,sex_female,pincp,-0.24144678808740672,-0.016316124812773225,-0.2256417647884188,-0.057336241597822024,-0.18462164800337,9062,11429,,92,0.6,False,False,False
xgb_depth,depth 5,st,25,race_bw,pincp,-0.3719536144677207,-0.21814719898064894,-0.15396812399724347,-0.23300397263501083,-0.13911135034288158,1013,17304,,91,0.57,False,False,False
xgb_depth,depth 5,st,25,race_bw,hicov,-0.02695569022038513,-0.01782327890396118,-0.009562909603118896,-0.01592344045639038,-0.011462748050689697,1013,17304,,91,0.66,False,False,False
xgb_depth,depth 5,st,25,immigrant,pincp,-0.14461822017134907,-0.0819160738983733,-0.06260855633200713,-0.07711090440457369,-0.06741372582580674,3687,16804,,92,0.59,False,False,False
xgb_depth,depth 5,st,25,immigrant,hicov,-0.027022590162996685,-0.010838925838470459,-0.015952587127685547,-0.005007505416870117,-0.02178400754928589,3687,16804,,92,0.71,False,False,False
xgb_depth,depth 5,st,26,sex_female,pincp,-0.24651994082032935,-0.00044757347148127735,-0.2460673070902235,-0.024229766489034077,-0.2222851140726707,10790,14934,,92,0.7,False,False,False
xgb_depth,depth 5,st,26,sex_female,hicov,0.019076658955257342,-0.004019260406494141,0.02319633960723877,-0.0017619132995605469,0.020938992500305176,10790,14934,,92,0.92,False,False,False
xgb_depth,depth 5,st,26,race_bw,pincp,-0.2167167997666084,-0.08738624013525609,-0.13012707440077342,-0.11995949703456787,-0.09755381750146164,1695,22671,,91,0.72,False,False,False
xgb_depth,depth 5,st,26,race_bw,hicov,-0.01643165823712256,-0.0242576003074646,0.008108675479888916,-0.018685102462768555,0.002536177635192871,1695,22671,,91,0.76,False,False,False
xgb_depth,depth 5,st,26,immigrant,pincp,0.11652478612974271,0.13400945275736476,-0.01703900095089672,0.14696631745581534,-0.02999586564934731,1631,24093,,92,0.73,False,False,False
xgb_depth,depth 5,st,26,immigrant,hicov,-0.03729620884818308,0.01914799213409424,-0.05652821063995361,0.0029018521308898926,-0.04028207063674927,1631,24093,,92,0.82,False,False,False
xgb_depth,depth 5,st,27,sex_female,pincp,-0.22993728022987447,0.0017304135013436195,-0.23165483113700347,0.0030706338585080317,-0.23299505149416788,7010,9668,,92,0.49,False,False,False
xgb_depth,depth 5,st,27,sex_female,hicov,0.017500090006769664,0.0023911595344543457,0.015393078327178955,0.002871394157409668,0.014912843704223633,7010,9668,,92,0.56,False,False,False
xgb_depth,depth 5,st,27,race_bw,pincp,-0.270576940371841,-0.2204638281788469,-0.04859022884761899,-0.10155668618540581,-0.1674973708410601,307,15438,,91,0.48,False,False,False
xgb_depth,depth 5,st,27,race_bw,hicov,-0.05278400562426233,-0.04580110311508179,-0.005775153636932373,-0.04448801279067993,-0.0070882439613342285,307,15438,,91,0.52,False,False,False
xgb_depth,depth 5,st,27,immigrant,pincp,-0.13052885294286476,-0.047904925696801826,-0.08226208747722019,-0.021896524390651706,-0.10827048878337031,860,15818,,92,0.51,False,False,False
xgb_depth,depth 5,st,27,immigrant,hicov,-0.07335990496549405,-0.007950067520141602,-0.06588917970657349,-0.02219909429550171,-0.05164015293121338,860,15818,,92,0.56,False,False,False
xgb_depth,depth 5,st,28,sex_female,pincp,-0.31134078456686076,0.0007145832447683631,-0.31176460799524364,-0.04252920526013604,-0.26852081949033924,3262,3776,,92,0.25,True,False,True
xgb_depth,depth 5,st,28,sex_female,hicov,0.03289857397458151,-0.006473958492279053,0.03960859775543213,0.011314749717712402,0.021819889545440674,3262,3776,,92,0.27,True,False,True
xgb_depth,depth 5,st,28,race_bw,pincp,-0.3900275817952199,-0.11571427375867493,-0.2750281910643313,-0.14092269747264474,-0.2498197673503615,2102,4731,,91,0.22,False,False,False
xgb_depth,depth 5,st,28,race_bw,hicov,-0.022910712407444356,-0.03555583953857422,0.012538015842437744,-0.03740119934082031,0.014383375644683838,2102,4731,,91,0.26,False,False,False
xgb_depth,depth 5,st,28,immigrant,pincp,-0.13604796160766774,0.02871103960877619,-0.16577320834079323,-0.04183351436506477,-0.09522865436695227,189,6849,,92,0.3,True,False,True
xgb_depth,depth 5,st,28,immigrant,hicov,-0.20993679994994052,-0.08885866403579712,-0.12010437250137329,-0.05325859785079956,-0.15570443868637085,189,6849,,92,0.31,False,False,False
xgb_depth,depth 5,st,29,sex_female,pincp,-0.27515273629759385,-0.01108441690395523,-0.26381929056048925,-0.015521333194417508,-0.25938237427002697,7601,9533,,92,0.51,False,False,False
xgb_depth,depth 5,st,29,sex_female,hicov,0.01863879096443022,-0.008854329586029053,0.027146220207214355,0.0027238130569458008,0.015568077564239502,7601,9533,,92,0.57,True,False,True
xgb_depth,depth 5,st,29,race_bw,pincp,-0.1991943295278631,-0.09064993435196378,-0.10860307282650616,-0.12379306287609282,-0.07545994430237712,1153,15279,,91,0.52,False,False,False
xgb_depth,depth 5,st,29,immigrant,hicov,-0.07705422012447072,-0.01985257863998413,-0.05687570571899414,-0.013666927814483643,-0.06306135654449463,742,16392,,92,0.59,False,False,False
xgb_depth,depth 5,st,30,sex_female,pincp,-0.28979446174989043,0.03945939955319844,-0.32843966612944797,-0.00664358021356648,-0.28233668636268305,1065,1480,,90,0.13,True,False,True
xgb_depth,depth 5,st,31,sex_female,pincp,-0.281439103191774,0.01280110914479593,-0.2943947199367809,-0.014481210142713863,-0.2671124006492711,2516,3334,,92,0.24,True,False,True
xgb_depth,depth 5,st,31,race_bw,pincp,-0.2017146058405448,-0.07905238216689447,-0.1216724891090113,-0.12050528992835297,-0.0802195813475528,119,5464,,91,0.23,False,False,False
xgb_depth,depth 5,st,31,race_bw,hicov,-0.06312363891383777,-0.03183692693710327,-0.02896559238433838,-0.032095253467559814,-0.028707265853881836,119,5464,,91,0.25,False,False,False
xgb_depth,depth 5,st,31,immigrant,pincp,-0.30890042652009875,-0.09838709798407663,-0.21067165733133209,-0.12267808589346174,-0.18638066942194698,283,5567,,92,0.23,False,False,False
xgb_depth,depth 5,st,31,immigrant,hicov,-0.1141031101372868,-0.031672537326812744,-0.08386027812957764,-0.03656488656997681,-0.07896792888641357,283,5567,,92,0.27,False,False,False
xgb_depth,depth 5,st,32,sex_female,pincp,-0.22430918693346769,0.019520011655359326,-0.24334322686731547,-0.0006988704156878356,-0.2231243447962683,3203,4225,,91,0.28,True,False,True
xgb_depth,depth 5,st,32,sex_female,hicov,0.04386575455333108,-0.0031030774116516113,0.0468602180480957,0.008888483047485352,0.03486865758895874,3203,4225,,91,0.32,True,False,True
xgb_depth,depth 5,st,32,race_bw,pincp,-0.22144703617116335,-0.08591085573477741,-0.13359422076384497,-0.1103689981972451,-0.10913607830137728,508,5229,,90,0.25,False,False,False
xgb_depth,depth 5,st,32,race_bw,hicov,0.01350433605437873,-0.026033639907836914,0.03887224197387695,0.00046443939208984375,0.012374162673950195,508,5229,,90,0.27,True,False,True
xgb_depth,depth 5,st,32,immigrant,pincp,-0.30383233352831596,-0.12999077148684535,-0.17423574455870927,-0.1503059124319872,-0.1539206036135674,1872,5556,,91,0.3,False,False,False
xgb_depth,depth 5,st,32,immigrant,hicov,-0.1171244761957504,-0.048025310039520264,-0.0688467025756836,-0.025586247444152832,-0.09128576517105103,1872,5556,,91,0.3,False,False,False
xgb_depth,depth 5,st,33,sex_female,pincp,-0.2749833742141927,0.00046045098649649674,-0.2760378893683928,-0.010044844856265556,-0.26553259352563074,1775,2482,,92,0.19,True,False,True
xgb_depth,depth 5,st,33,sex_female,hicov,0.02131947202959905,-0.0041498541831970215,0.025352835655212402,0.006320476531982422,0.014882504940032959,1775,2482,,92,0.22,True,False,True
xgb_depth,depth 5,st,33,immigrant,pincp,-0.01960434517791043,0.0032571156188581085,-0.02493538983851451,0.11867877016149819,-0.1403570443811546,213,4044,,92,0.24,False,False,False
xgb_depth,depth 5,st,34,sex_female,pincp,-0.27959417182269064,-0.015724085608031402,-0.26320272989158866,-0.05604963592461232,-0.22287717957500774,11310,14947,,92,0.75,False,False,False
xgb_depth,depth 5,st,34,sex_female,hicov,0.026453037100081955,-0.002300083637237549,0.028655052185058594,0.0033908486366271973,0.022964119911193848,11310,14947,,92,0.87,True,False,True
xgb_depth,depth 5,st,34,race_bw,pincp,-0.3485279411658162,-0.14497251993691584,-0.20290356896623862,-0.19641857871402024,-0.15145751018913423,2450,19368,,91,0.68,False,False,False
xgb_depth,depth 5,st,34,immigrant,pincp,-0.18133677494972034,-0.05835226770520663,-0.12249325365307229,-0.060469124796460605,-0.12037639656181831,6979,19278,,92,0.78,False,False,False
xgb_depth,depth 5,st,34,immigrant,hicov,-0.1122939833089891,-0.04232853651046753,-0.0698697566986084,-0.018889904022216797,-0.09330838918685913,6979,19278,,92,0.86,False,False,False
xgb_depth,depth 5,st,35,sex_female,pincp,-0.19025334313377584,0.026212714613293997,-0.21629353448718724,-0.03685277259169695,-0.1532280472821963,2064,2495,,90,0.2,True,False,True
xgb_depth,depth 5,st,35,sex_female,hicov,0.027719392272917864,-0.012744247913360596,0.03979390859603882,0.01654207706451416,0.010507583618164062,2064,2495,,90,0.27,True,False,True
xgb_depth,depth 5,st,35,race_bw,pincp,-0.15214511430401068,-0.1118242249246002,-0.03682785408169664,-0.008350830085799288,-0.14030124892049756,67,3264,,88,0.18,False,False,False
xgb_depth,depth 5,st,35,immigrant,pincp,-0.22003643556194064,-0.10131399587148238,-0.11815544357168584,-0.06572223117875886,-0.15374720826440935,490,4069,,90,0.23,False,False,False
xgb_depth,depth 5,st,35,immigrant,hicov,-0.16557044051338898,-0.09115374088287354,-0.07384955883026123,-0.029772818088531494,-0.13523048162460327,490,4069,,90,0.26,False,False,False
xgb_depth,depth 5,st,36,sex_female,pincp,-0.2004874804493344,0.021068847266443314,-0.2212198585780527,-0.007530417155241054,-0.19262059415636834,24821,30289,,92,1.43,True,False,True
xgb_depth,depth 5,st,36,sex_female,hicov,0.03008149330087584,0.004632174968719482,0.0254514217376709,0.011502206325531006,0.018581390380859375,24821,30289,,92,1.59,False,False,False
xgb_depth,depth 5,st,36,race_bw,pincp,-0.27242488117953023,-0.12488111117418654,-0.14734663646255264,-0.17534472185649363,-0.09688302578024555,6432,39884,,91,1.28,False,False,False
xgb_depth,depth 5,st,36,race_bw,hicov,-0.021661153788773424,-0.018176615238189697,-0.0036917924880981445,-0.029069364070892334,0.007200956344604492,6432,39884,,91,1.3,False,True,True
xgb_depth,depth 5,st,36,immigrant,pincp,-0.16921449805576216,-0.1432940914131926,-0.02606356137645527,-0.09982137758905729,-0.06953627520059058,13520,41590,,92,1.45,False,False,False
xgb_depth,depth 5,st,36,immigrant,hicov,-0.08273276675236285,-0.027470171451568604,-0.055579960346221924,-0.019237518310546875,-0.06381261348724365,13520,41590,,92,1.47,False,False,False
xgb_depth,depth 5,st,37,sex_female,pincp,-0.2513797037125798,-0.01844883908465178,-0.23250015815248126,-0.0375442191861719,-0.21340477805096114,11762,14924,,92,0.75,False,False,False
xgb_depth,depth 5,st,37,sex_female,hicov,0.026121671345438635,-0.001427292823791504,0.027603328227996826,0.009218931198120117,0.016957104206085205,11762,14924,,92,0.79,True,False,True
xgb_depth,depth 5,st,37,race_bw,pincp,-0.3428412819155735,-0.12056108615307437,-0.22160213264893258,-0.15420294834189008,-0.18796027046011687,4251,20487,,91,0.71,False,False,False
xgb_depth,depth 5,st,37,race_bw,hicov,-0.020227158183069305,-0.024459481239318848,0.0038551688194274902,-0.019908905029296875,-0.0006954073905944824,4251,20487,,91,0.74,False,True,True
xgb_depth,depth 5,st,37,immigrant,pincp,-0.10334814145842763,-0.04750919034816192,-0.05545648544317139,-0.015442804354405482,-0.08752287143692783,2369,24317,,92,0.74,False,False,False
xgb_depth,depth 5,st,37,immigrant,hicov,-0.16151536030195512,-0.08989143371582031,-0.07125610113143921,-0.04975771903991699,-0.11138981580734253,2369,24317,,92,0.82,False,False,False
xgb_depth,depth 5,st,38,sex_female,pincp,-0.40017355186717296,-0.03622914610032346,-0.36251238106334327,-0.026443496856508375,-0.37229803030715836,943,1416,,88,0.16,False,False,False
xgb_depth,depth 5,st,38,sex_female,hicov,0.016556727836991025,-0.009713470935821533,0.026246607303619385,0.01204758882522583,0.0044855475425720215,943,1416,,88,0.15,True,False,True
xgb_depth,depth 5,st,38,immigrant,pincp,-0.05300269840215499,-0.2434815237345802,0.18903293659549725,-0.05487581899888916,0.0004272318598061986,67,2292,,88,0.15,False,False,False
xgb_depth,depth 5,st,38,immigrant,hicov,-0.01301737386366586,0.01148676872253418,-0.02180236577987671,-0.014680445194244385,0.0043648481369018555,67,2292,,88,0.13,True,True,True
xgb_depth,depth 5,st,39,sex_female,pincp,-0.26401311233596125,-0.0078112701564680975,-0.2564660401915049,-0.0278667966152355,-0.23641051373273747,14095,18698,,92,0.85,False,False,False
xgb_depth,depth 5,st,39,sex_female,hicov,0.017501789330388817,-0.006038784980773926,0.023350000381469727,-0.002429664134979248,0.01974087953567505,14095,18698,,92,0.99,False,False,False
xgb_depth,depth 5,st,39,race_bw,pincp,-0.24536897415986836,-0.10757449271026509,-0.13729729030017168,-0.12434020905560317,-0.1205315739548336,2358,29190,,91,0.81,False,False,False
xgb_depth,depth 5,st,39,race_bw,hicov,-0.01722050930684027,-0.0166395902633667,-0.00043845176696777344,-0.020738720893859863,0.0036606788635253906,2358,29190,,91,0.95,False,True,True
xgb_depth,depth 5,st,39,immigrant,pincp,0.048812748806545514,0.08830178290242152,-0.03929311238933231,0.1084667541762876,-0.05945808366319838,1377,31416,,92,0.92,False,False,False
xgb_depth,depth 5,st,39,immigrant,hicov,-0.04787251600977094,-0.0012641549110412598,-0.046502649784088135,-0.0019493699073791504,-0.045817434787750244,1377,31416,,92,1.0,False,False,False
xgb_depth,depth 5,st,4,sex_female,pincp,-0.23532286018952853,-0.022117900571116067,-0.21357224942505226,-0.04962399526655936,-0.18606615472960897,7274,9525,,92,0.52,False,False,False
xgb_depth,depth 5,st,4,sex_female,hicov,0.028002182295263744,-0.008502006530761719,0.03659355640411377,0.010319173336029053,0.017772376537322998,7274,9525,,92,0.55,True,False,True
xgb_depth,depth 5,st,4,race_bw,pincp,-0.23746491036643214,-0.09107035856097667,-0.14768519833600813,-0.08198720202069687,-0.15676835487628793,580,13266,,91,0.47,False,False,False
xgb_depth,depth 5,st,4,immigrant,pincp,-0.22653950430917114,-0.0876133957763976,-0.13863616224371533,-0.09501191067163717,-0.13123764734847576,2617,14182,,92,0.5,False,False,False
xgb_depth,depth 5,st,4,immigrant,hicov,-0.12441581133134316,-0.05039072036743164,-0.07364451885223389,-0.03807872533798218,-0.08595651388168335,2617,14182,,92,0.51,False,False,False
xgb_depth,depth 5,st,40,sex_female,pincp,-0.29664627375391106,-0.008936865467740418,-0.28728313988238874,-0.013164545775854464,-0.2830554595742747,4029,5523,,92,0.32,False,False,False
xgb_depth,depth 5,st,40,sex_female,hicov,0.0268521712963955,-0.006247520446777344,0.033262550830841064,0.022096633911132812,0.004918396472930908,4029,5523,,92,0.33,True,False,True
xgb_depth,depth 5,st,40,race_bw,pincp,-0.2351882977597448,-0.07656401491939313,-0.15956688618031123,-0.11540598998728235,-0.120724911112422,446,7317,,91,0.3,False,False,False
xgb_depth,depth 5,st,40,immigrant,pincp,-0.21193833439191856,-0.03944574622262742,-0.1726078959558741,-0.054885459640789946,-0.1571681825377116,556,8996,,92,0.35,False,False,False
xgb_depth,depth 5,st,40,immigrant,hicov,-0.21967477152115567,-0.07496476173400879,-0.144847571849823,-0.09179037809371948,-0.1280219554901123,556,8996,,92,0.31,False,False,False
xgb_depth,depth 5,st,41,sex_female,pincp,-0.2149141704901094,0.0015384865724996644,-0.21601927723670045,-0.012425256919215144,-0.20205553374498564,4421,6132,,91,0.31,True,False,True
xgb_depth,depth 5,st,41,sex_female,hicov,0.019092850303944253,-3.0875205993652344e-05,0.0193406343460083,0.007506072521209717,0.011803686618804932,4421,6132,,91,0.34,True,False,True
xgb_depth,depth 5,st,41,race_bw,pincp,-0.25634392603690337,-0.05878987082856568,-0.1987790438513013,-0.06771502806827812,-0.18985388661158886,131,9171,,90,0.27,False,False,False
xgb_depth,depth 5,st,41,race_bw,hicov,0.014280827134320662,-0.011831223964691162,0.02685403823852539,-0.01611393690109253,0.031136751174926758,131,9171,,90,0.28,False,False,False
xgb_depth,depth 5,st,41,immigrant,pincp,-0.14781387524339173,-0.06305919639239121,-0.08426546223252451,-0.03520355986370305,-0.11212109876121268,1186,9367,,91,0.33,False,False,False
xgb_depth,depth 5,st,41,immigrant,hicov,-0.06071924489673575,-0.0296134352684021,-0.030580997467041016,-0.02058643102645874,-0.039608001708984375,1186,9367,,91,0.4,False,False,False
xgb_depth,depth 5,st,42,sex_female,pincp,-0.2608191999909497,0.006173033142859552,-0.2672777382626652,-0.024077476454413826,-0.23702722866539183,15681,20483,,92,1.01,True,False,True
xgb_depth,depth 5,st,42,sex_female,hicov,0.02210470837581824,-0.005565524101257324,0.02773106098175049,0.0016189217567443848,0.02054661512374878,15681,20483,,92,1.12,True,False,True
xgb_depth,depth 5,st,42,race_bw,pincp,-0.18461695160788594,-0.10288755582579334,-0.0820457544695703,-0.12553893217053513,-0.059394378124828506,1775,32726,,91,1.05,False,False,False
xgb_depth,depth 5,st,42,race_bw,hicov,-0.02623379954603866,-0.023961901664733887,-0.002327263355255127,-0.011591613292694092,-0.014697551727294922,1775,32726,,91,1.1,False,False,False
xgb_depth,depth 5,st,42,immigrant,pincp,0.01895036834457109,0.009916460722209308,0.009708672378007321,0.06508655128866536,-0.04546141818844873,2085,34079,,92,1.1,False,True,True
xgb_depth,depth 5,st,42,immigrant,hicov,-0.05231362901110781,-0.01023632287979126,-0.04176199436187744,-0.00802534818649292,-0.04397296905517578,2085,34079,,92,1.18,False,False,False
xgb_depth,depth 5,st,44,sex_female,pincp,-0.2343378528442699,0.032203610401689176,-0.26601257652443167,0.03690187495640629,-0.2707108410791488,1329,1569,,88,0.18,False,False,False
xgb_depth,depth 5,st,44,sex_female,hicov,0.019553510668755658,-0.004645109176635742,0.024337053298950195,-0.0017513036727905273,0.02144324779510498,1329,1569,,88,0.19,False,False,False
xgb_depth,depth 5,st,44,race_bw,pincp,-0.2926052160795276,-0.07542375121780864,-0.21692919873338035,-0.13779698567511467,-0.15455596427607432,123,2515,,87,0.14,False,False,False
xgb_depth,depth 5,st,44,immigrant,pincp,-0.24674267801177407,-0.17330503654961227,-0.07206201925414746,-0.1214715177702903,-0.12389553803346942,463,2435,,88,0.17,False,False,False
xgb_depth,depth 5,st,44,immigrant,hicov,-0.05373667847845276,-0.04200482368469238,-0.010950028896331787,-0.00941556692123413,-0.04353928565979004,463,2435,,88,0.19,False,False,False
xgb_depth,depth 5,st,45,sex_female,pincp,-0.2785360372270027,-0.039664214377081564,-0.23880900240866687,-0.05197989931356517,-0.22649331747218326,5691,7032,,92,0.48,False,False,False
xgb_depth,depth 5,st,45,sex_female,hicov,0.032366685197812495,-0.004744768142700195,0.037252962589263916,0.007978975772857666,0.024529218673706055,5691,7032,,92,0.5,True,False,True
xgb_depth,depth 5,st,45,race_bw,pincp,-0.3830184381611712,-0.1369171255248709,-0.24666871029664073,-0.16368595455542767,-0.21989988126608395,2541,9653,,91,0.51,False,False,False
xgb_depth,depth 5,st,45,race_bw,hicov,-0.01027585594795033,-0.0264931321144104,0.016379177570343018,-0.02641516923904419,0.016301214694976807,2541,9653,,91,0.56,False,False,False
xgb_depth,depth 5,st,45,immigrant,pincp,-0.08057504916947344,-0.11771801225811629,0.036217703026325765,-0.01569680910589355,-0.06580350012589697,654,12069,,92,0.5,False,True,True
xgb_depth,depth 5,st,45,immigrant,hicov,-0.20226282970777365,-0.12301367521286011,-0.0793536901473999,-0.054980456829071045,-0.14738690853118896,654,12069,,92,0.55,False,False,False
xgb_depth,depth 5,st,46,sex_female,pincp,-0.2908753073247148,-0.010237700746037248,-0.2784679872706235,-0.006418783156426855,-0.2822869048602339,1104,1489,,87,0.18,False,False,False
xgb_depth,depth 5,st,46,sex_female,hicov,0.02619511684721776,-0.00836026668548584,0.034386277198791504,0.002511322498321533,0.02351468801498413,1104,1489,,87,0.19,True,False,True
xgb_depth,depth 5,st,46,immigrant,pincp,-0.23296569506982934,-0.004167823708016272,-0.22736399351887115,-0.137350880289679,-0.09418093693720841,77,2516,,87,0.16,False,False,False
xgb_depth,depth 5,st,46,immigrant,hicov,-0.05143187496128676,-0.05652773380279541,0.007369637489318848,-0.1493033766746521,0.10014528036117554,77,2516,,87,0.18,False,False,False
xgb_depth,depth 5,st,47,sex_female,pincp,-0.2515418813310255,0.004959609034031587,-0.2560509087502485,-0.01063870451751825,-0.24045259519869866,7731,9938,,92,0.53,True,False,True
xgb_depth,depth 5,st,47,sex_female,hicov,0.03620466553737811,0.002162635326385498,0.03398394584655762,0.015071451663970947,0.021075129508972168,7731,9938,,92,0.56,False,False,False
xgb_depth,depth 5,st,47,race_bw,pincp,-0.24291613774690468,-0.1115282543072631,-0.13129078169456498,-0.12903295182122676,-0.11378608418060132,2084,14855,,91,0.56,False,False,False
xgb_depth,depth 5,st,47,race_bw,hicov,-0.019212108604546363,-0.02286398410797119,0.0027405619621276855,-0.017224252223968506,-0.002899169921875,2084,14855,,91,0.55,False,True,True
xgb_depth,depth 5,st,47,immigrant,pincp,-0.12017643285205182,-0.052752859702287935,-0.06681185351042629,-0.025986574647619776,-0.09357813856509445,982,16687,,92,0.55,False,False,False
xgb_depth,depth 5,st,47,immigrant,hicov,-0.22928094933956544,-0.10526293516159058,-0.12426108121871948,-0.03728044033050537,-0.1922435760498047,982,16687,,92,0.57,False,False,False
xgb_depth,depth 5,st,48,sex_female,pincp,-0.280056055773656,-0.019664337299817092,-0.26013966513701803,-0.03864392557447438,-0.24116007686236074,31110,42184,,92,1.98,False,False,False
xgb_depth,depth 5,st,48,sex_female,hicov,0.05040712336269337,-0.0021285414695739746,0.052344322204589844,0.024356305599212646,0.025859475135803223,31110,42184,,92,2.18,True,False,True
xgb_depth,depth 5,st,48,race_bw,pincp,-0.2224747386930428,-0.07665629555878439,-0.14570933608185044,-0.09541940798132487,-0.12694622365930996,6632,57703,,91,1.78,False,False,False
xgb_depth,depth 5,st,48,race_bw,hicov,0.020478520087899965,-0.008634746074676514,0.02903991937637329,0.0004933476448059082,0.01991182565689087,6632,57703,,91,2.02,True,False,True
xgb_depth,depth 5,st,48,immigrant,pincp,-0.24244797762234072,-0.08168881538529682,-0.16075202907642172,-0.07891843416232192,-0.16352241029939663,14045,59249,,92,2.06,False,False,False
xgb_depth,depth 5,st,48,immigrant,hicov,-0.18640997892927536,-0.10044234991073608,-0.08597546815872192,-0.06242382526397705,-0.12399399280548096,14045,59249,,92,2.13,False,False,False
xgb_depth,depth 5,st,49,sex_female,pincp,-0.3688677720811935,-0.05922252158304708,-0.3092157613990629,-0.0799716583411989,-0.2884666246409111,2631,4858,,91,0.26,False,False,False
xgb_depth,depth 5,st,49,sex_female,hicov,0.016111383121001355,-0.016476750373840332,0.032985150814056396,-0.015092730522155762,0.031601130962371826,2631,4858,,91,0.31,False,False,False
xgb_depth,depth 5,st,49,race_bw,pincp,-0.3013406887576444,-0.3666451147733021,0.06518812383072081,-0.11907257061832688,-0.1823844203242544,54,6795,,90,0.23,False,True,True
xgb_depth,depth 5,st,49,immigrant,pincp,-0.33821703312701956,-0.20213090230651432,-0.1358245599290857,-0.17565143061560207,-0.16230403161999796,677,6812,,91,0.27,False,False,False
xgb_depth,depth 5,st,49,immigrant,hicov,-0.16394736545378696,-0.04537367820739746,-0.11867111921310425,-0.056786298751831055,-0.10725849866867065,677,6812,,91,0.28,False,False,False
xgb_depth,depth 5,st,5,sex_female,pincp,-0.2661997987464133,-0.023000709292729127,-0.24410482444957182,-0.009416636590614758,-0.2576888971516862,3295,4129,,92,0.29,False,False,False
xgb_depth,depth 5,st,5,sex_female,hicov,0.0323388622831734,-0.0031223297119140625,0.03540611267089844,0.013736546039581299,0.018547236919403076,3295,4129,,92,0.34,True,False,True
xgb_depth,depth 5,st,5,race_bw,pincp,-0.2823326565036659,-0.11198463841493655,-0.170647880621555,-0.11491607416006566,-0.1677164448764259,802,6230,,91,0.32,False,False,False
xgb_depth,depth 5,st,5,immigrant,pincp,-0.24308967053588226,-0.05850514481693736,-0.18437412584148305,-0.07307289269142458,-0.16980637796699583,391,7033,,92,0.31,False,False,False
xgb_depth,depth 5,st,5,immigrant,hicov,-0.14289813131590456,-0.008560895919799805,-0.13476485013961792,-0.03044074773788452,-0.1128849983215332,391,7033,,92,0.32,False,False,False
xgb_depth,depth 5,st,50,sex_female,pincp,-0.14022086869054817,0.03817571574265699,-0.17880843956646686,0.07642102424878239,-0.21705374807259226,852,1028,,86,0.17,False,False,False
xgb_depth,depth 5,st,50,sex_female,hicov,0.029192013298989794,-0.004481673240661621,0.033330559730529785,0.01094907522201538,0.017899811267852783,852,1028,,86,0.19,True,False,True
xgb_depth,depth 5,st,50,immigrant,pincp,0.08646994507348538,0.0456535385011243,0.04283285062348341,-0.0030145028891919168,0.09150089201379963,61,1819,,86,0.14,True,False,True
xgb_depth,depth 5,st,50,immigrant,hicov,-0.033039230706837674,0.01588541269302368,-0.046388089656829834,0.02312690019607544,-0.05362957715988159,61,1819,,86,0.19,False,False,False
xgb_depth,depth 5,st,51,sex_female,pincp,-0.27302751178342,-0.058343119604048255,-0.21523809899797897,-0.07075606935289258,-0.20282514924913464,11165,13892,,92,0.83,False,False,False
xgb_depth,depth 5,st,51,sex_female,hicov,0.018292008635743984,-0.00599294900894165,0.02435767650604248,0.0046166181564331055,0.013748109340667725,11165,13892,,92,0.83,True,False,True
xgb_depth,depth 5,st,51,race_bw,pincp,-0.3105158451780081,-0.1542749476841525,-0.1557334943304678,-0.17459123285833478,-0.13541720915628552,3571,18633,,91,0.73,False,False,False
xgb_depth,depth 5,st,51,race_bw,hicov,-0.012815493743969841,-0.023877263069152832,0.011136174201965332,-0.017531871795654297,0.004790782928466797,3571,18633,,91,0.7,False,False,False
xgb_depth,depth 5,st,51,immigrant,pincp,-0.08827680242906055,-0.025776160356672406,-0.06276679461717727,0.0046984289700073845,-0.09324138394385706,3568,21489,,92,0.78,True,False,True
xgb_depth,depth 5,st,51,immigrant,hicov,-0.08259353987972162,-0.03532755374908447,-0.04765915870666504,-0.01496356725692749,-0.06802314519882202,3568,21489,,92,0.86,False,False,False
xgb_depth,depth 5,st,53,sex_female,pincp,-0.2748983811241228,-0.0396769357224418,-0.2356605408303114,-0.05532010558492928,-0.22001737096782392,8203,11854,,92,0.57,False,False,False
xgb_depth,depth 5,st,53,sex_female,hicov,0.02300643443582484,-0.0030039548873901367,0.02613544464111328,0.002436816692352295,0.02069467306137085,8203,11854,,92,0.59,True,False,True
xgb_depth,depth 5,st,53,race_bw,pincp,-0.2401969338879315,-0.1051562787349738,-0.13521509367484086,-0.0816197487122654,-0.15875162369754925,498,16076,,91,0.5,False,False,False
xgb_depth,depth 5,st,53,immigrant,pincp,-0.06386455533668745,-0.028636439968368066,-0.03561527574693102,-0.022159543567331852,-0.04209217214796723,3142,16915,,92,0.57,False,False,False
xgb_depth,depth 5,st,53,immigrant,hicov,-0.08703524361614123,-0.04249614477157593,-0.044077932834625244,-0.008366882801055908,-0.07820719480514526,3142,16915,,92,0.63,False,False,False
xgb_depth,depth 5,st,54,sex_female,pincp,-0.2653994856022521,0.008048149664574566,-0.2751931914993726,-0.05304368394128822,-0.2141013578935098,1870,2372,,91,0.21,True,False,True
xgb_depth,depth 5,st,54,sex_female,hicov,0.019418618282818212,-0.008062422275543213,0.027452945709228516,0.007223367691040039,0.012167155742645264,1870,2372,,91,0.22,True,False,True
xgb_depth,depth 5,st,54,race_bw,pincp,-0.10287333642424024,-0.11862137705473152,0.014461418214159139,-0.044864806477548314,-0.05929515236302407,95,4041,,90,0.18,False,True,True
xgb_depth,depth 5,st,54,immigrant,pincp,0.09627748981801787,0.026954906762364672,0.0657129602547144,0.07857226000586515,0.014095607011213929,92,4150,,91,0.2,False,False,False
xgb_depth,depth 5,st,54,immigrant,hicov,-0.03514929282346779,-0.027741730213165283,-0.007826268672943115,0.0090104341506958,-0.0445784330368042,92,4150,,91,0.19,True,False,True
xgb_depth,depth 5,st,55,sex_female,pincp,-0.24014252727026175,0.017007199219293057,-0.2575002541863576,0.010714636106142095,-0.2512076910732066,7379,10129,,92,0.54,False,False,False
xgb_depth,depth 5,st,55,sex_female,hicov,0.020999134207080772,-0.0038627982139587402,0.02492767572402954,0.004587411880493164,0.016477465629577637,7379,10129,,92,0.53,True,False,True
xgb_depth,depth 5,st,55,race_bw,pincp,-0.23597190532807133,-0.09698692703735823,-0.13978855300628368,-0.10387643076023245,-0.13289904928340945,357,16436,,91,0.49,False,False,False
xgb_depth,depth 5,st,55,race_bw,hicov,-0.03011085183647566,-0.025169551372528076,-0.0054950714111328125,-0.021125078201293945,-0.009539544582366943,357,16436,,91,0.53,False,False,False
xgb_depth,depth 5,st,55,immigrant,pincp,-0.08377285580072602,-0.026222346449820577,-0.05748097522658213,-0.013569003189241258,-0.07013431848716145,662,16846,,92,0.5,False,False,False
xgb_depth,depth 5,st,55,immigrant,hicov,-0.1264630042973257,-0.03698885440826416,-0.0889742374420166,-0.021847844123840332,-0.10411524772644043,662,16846,,92,0.58,False,False,False
xgb_depth,depth 5,st,56,sex_female,pincp,-0.36346992208175166,-0.016350543775059734,-0.3458913789134641,-0.05083217289540087,-0.31140974979312297,647,956,,85,0.11,False,False,False
xgb_depth,depth 5,st,56,sex_female,hicov,0.03127243214579034,-0.0074571967124938965,0.039477765560150146,-0.007979154586791992,0.03999972343444824,647,956,,85,0.12,False,False,False
xgb_depth,depth 5,st,56,immigrant,pincp,-0.18877279319069018,-0.0732229565499356,-0.11419915784265555,-0.10015986726962112,-0.08726224712297004,51,1552,,85,0.12,False,False,False
xgb_depth,depth 5,st,56,immigrant,hicov,-0.07889882757226607,-0.04148697853088379,-0.040302157402038574,-0.041488587856292725,-0.04030054807662964,51,1552,,85,0.11,False,False,False
xgb_depth,depth 5,st,6,sex_female,pincp,-0.18146729971729947,0.014813875879790217,-0.19635313136851984,0.0017198165378271568,-0.18325907202655678,41076,58207,,92,2.27,False,False,False
xgb_depth,depth 5,st,6,sex_female,hicov,0.03384123084023194,0.0007281303405761719,0.03316885232925415,0.009428024291992188,0.024468958377838135,41076,58207,,92,2.52,False,False,False
xgb_depth,depth 5,st,6,race_bw,pincp,-0.18246297664314604,-0.09216373453986115,-0.0900521806278416,-0.081847486260191,-0.10036842890751174,4119,61748,,91,1.67,False,False,False
xgb_depth,depth 5,st,6,race_bw,hicov,0.015345646834364346,0.008359968662261963,0.006686985492706299,0.010331928730010986,0.004715025424957275,4119,61748,,91,1.73,False,False,False
xgb_depth,depth 5,st,6,immigrant,pincp,-0.26875090094567966,-0.11886186990139969,-0.14982591472767126,-0.10581390679996616,-0.16287387782910479,35042,64241,,92,2.23,False,False,False
xgb_depth,depth 5,st,6,immigrant,hicov,-0.080050513778545,-0.038701534271240234,-0.04137998819351196,-0.018808484077453613,-0.061273038387298584,35042,64241,,92,2.32,False,False,False
xgb_depth,depth 5,st,8,sex_female,pincp,-0.21981364393633918,-0.011206977812285857,-0.20857103152193623,-0.019175813603265368,-0.20060219573095672,6943,9596,,92,0.43,False,False,False
xgb_depth,depth 5,st,8,sex_female,hicov,0.03742758652198985,-0.0009668469429016113,0.03838920593261719,0.012250661849975586,0.02517169713973999,6943,9596,,92,0.55,True,False,True
xgb_depth,depth 5,st,8,race_bw,pincp,-0.22475618247098517,-0.11920352564732539,-0.10631030748362313,-0.08714807809721847,-0.13836575503373005,402,14662,,91,0.44,False,False,False
xgb_depth,depth 5,st,8,immigrant,pincp,-0.23250097022780913,-0.17080159567877828,-0.06212105728620898,-0.12075340283296043,-0.11216925013202683,1649,14890,,92,0.51,False,False,False
xgb_depth,depth 5,st,8,immigrant,hicov,-0.15452220671420613,-0.08217740058898926,-0.07149356603622437,-0.02764791250228882,-0.1260230541229248,1649,14890,,92,0.53,False,False,False
xgb_depth,depth 5,st,9,sex_female,pincp,-0.32591543934684,-0.02812410741871041,-0.2977987685682617,-0.05684747330942663,-0.2690754026775455,4662,6012,,92,0.36,False,False,False
xgb_depth,depth 5,st,9,sex_female,hicov,0.01643880835497602,-0.0041762590408325195,0.020583033561706543,0.0016751289367675781,0.014731645584106445,4662,6012,,92,0.42,True,False,True
xgb_depth,depth 5,st,9,race_bw,pincp,-0.4323223792453419,-0.12663952457545058,-0.30632513856769883,-0.24650327746409317,-0.18646138567905624,757,8886,,91,0.39,False,False,False
xgb_depth,depth 5,st,9,race_bw,hicov,-0.02647716518436527,-0.03156381845474243,0.0052373409271240234,-0.02836817502975464,0.0020416975021362305,757,8886,,91,0.38,False,False,False
xgb_depth,depth 5,st,9,immigrant,pincp,-0.12330295028208837,-0.08366636306647202,-0.04106605383197248,-0.07582850248118156,-0.04890391441726294,1722,8952,,92,0.39,False,False,False
xgb_depth,depth 5,st,9,immigrant,hicov,-0.07303061157765922,-0.02552008628845215,-0.04719048738479614,-0.010996460914611816,-0.061714112758636475,1722,8952,,92,0.4,False,False,False
xgb_depth,depth 6,naics_2,11,sex_female,pincp,-0.17442832844735356,0.02669961748378391,-0.202956088971753,0.009873589365287927,-0.186130060853257,1770,10168,,63,0.32,False,False,False
xgb_depth,depth 6,naics_2,11,sex_female,hicov,0.06072557308405235,-0.015751004219055176,0.07670372724533081,-0.0011004805564880371,0.06205320358276367,1770,10168,,63,0.31,False,False,False
xgb_depth,depth 6,naics_2,11,race_bw,pincp,-0.3082373735363646,-0.1598643836859086,-0.1457328616757838,-0.12672584011661492,-0.1788714052450775,198,10459,,62,0.29,False,False,False
xgb_depth,depth 6,naics_2,11,race_bw,hicov,-0.08277004677234145,-0.04649198055267334,-0.03475385904312134,-0.10506093502044678,0.0238150954246521,198,10459,,62,0.26,False,True,True
xgb_depth,depth 6,naics_2,11,immigrant,pincp,-0.5044989627739547,-0.27039306795792406,-0.23424432811632556,-0.17909011129741792,-0.3255472847768317,2454,9484,,63,0.32,False,False,False
xgb_depth,depth 6,naics_2,11,immigrant,hicov,-0.29192622963498427,-0.07722312211990356,-0.21434777975082397,-0.06440871953964233,-0.2271621823310852,2454,9484,,63,0.32,False,False,False
xgb_depth,depth 6,naics_2,21,sex_female,pincp,-0.1566003960737774,0.15186672615256747,-0.3080689199916975,0.1328374935598564,-0.28903968739898644,858,4828,,60,0.19,False,False,False
xgb_depth,depth 6,naics_2,21,sex_female,hicov,0.029791252657864087,-0.004034638404846191,0.034349918365478516,-0.0041658878326416016,0.034481167793273926,858,4828,,60,0.2,False,False,False
xgb_depth,depth 6,naics_2,21,race_bw,pincp,-0.3229724667527538,-0.1369325305767859,-0.18376817111127508,-0.0970764395327901,-0.22362426215527087,204,5009,,59,0.2,False,False,False
xgb_depth,depth 6,naics_2,21,race_bw,hicov,-0.03411114895149525,-0.036113858222961426,0.0012009143829345703,-0.04055541753768921,0.0056424736976623535,204,5009,,59,0.19,False,False,False
xgb_depth,depth 6,naics_2,21,immigrant,pincp,0.04340662820095709,0.2342312997460212,-0.19012202138389434,0.14919611547835387,-0.10508683711622702,538,5148,,60,0.21,False,False,False
xgb_depth,depth 6,naics_2,21,immigrant,hicov,-0.029199631430114614,-0.0252416729927063,-0.0038313865661621094,-0.012771666049957275,-0.016301393508911133,538,5148,,60,0.34,False,False,False
xgb_depth,depth 6,naics_2,22,sex_female,pincp,-0.16498741705883546,0.09095922477737695,-0.2551785412456624,0.04883051611468936,-0.21304983258297483,2383,8526,,63,0.39,False,False,False
xgb_depth,depth 6,naics_2,22,race_bw,pincp,-0.20612530453511546,-0.07067996647699282,-0.13600784101092778,-0.07443894739595436,-0.13224886009196624,778,9258,,62,0.36,False,False,False
xgb_depth,depth 6,naics_2,22,race_bw,hicov,-0.010228352495528115,-0.010967791080474854,0.0013346076011657715,-0.010809540748596191,0.0011763572692871094,778,9258,,62,0.36,False,False,False
xgb_depth,depth 6,naics_2,22,immigrant,pincp,0.05236980693181259,0.14519542797585316,-0.09302814121325476,0.08671164798801989,-0.03454436122542148,791,10118,,63,0.36,False,False,False
xgb_depth,depth 6,naics_2,22,immigrant,hicov,-0.04415682556453315,-0.015881061553955078,-0.027940213680267334,-0.0018239021301269531,-0.04199737310409546,791,10118,,63,0.42,False,False,False
xgb_depth,depth 6,naics_2,23,sex_female,pincp,-0.0626446456082057,0.10580430097114579,-0.16848741306804094,0.10935116177037507,-0.17203427386727022,5486,50901,,58,1.22,False,False,False
xgb_depth,depth 6,naics_2,23,sex_female,hicov,0.10012223552223276,0.017184853553771973,0.0829322338104248,0.03207796812057495,0.06803911924362183,5486,50901,,58,1.49,False,False,False
xgb_depth,depth 6,naics_2,23,race_bw,pincp,-0.2200815585744582,-0.0992639264152757,-0.12136745163900642,-0.06019174288853968,-0.16043963516574244,2207,47852,,57,1.06,False,False,False
xgb_depth,depth 6,naics_2,23,immigrant,pincp,-0.32078281195261127,-0.14155305492066717,-0.1791957088302567,-0.10195535087115459,-0.21879341287976928,11081,45306,,58,1.27,False,False,False
xgb_depth,depth 6,naics_2,23,immigrant,hicov,-0.3059844323527965,-0.09916836023330688,-0.2066522240638733,-0.06732267141342163,-0.23849791288375854,11081,45306,,58,1.38,False,False,False
xgb_depth,depth 6,naics_2,31,sex_female,pincp,-0.2629578528630354,-0.04049064650105372,-0.2221774399850336,-0.049183101222363135,-0.21348498526372417,6080,10147,,65,0.52,False,False,False
xgb_depth,depth 6,naics_2,31,race_bw,pincp,-0.303773085054587,-0.13806581150536346,-0.16636343400910114,-0.1408072098476545,-0.1636220356668101,1704,11987,,64,0.41,False,False,False
xgb_depth,depth 6,naics_2,31,race_bw,hicov,-0.015489638422845342,-0.025529325008392334,0.01018226146697998,-0.02284473180770874,0.007497668266296387,1704,11987,,64,0.45,False,False,False
xgb_depth,depth 6,naics_2,31,immigrant,pincp,-0.34096890087177734,-0.16501304114314763,-0.17648809206257177,-0.09699266301262988,-0.24450847019308952,3768,12459,,65,0.42,False,False,False
xgb_depth,depth 6,naics_2,31,immigrant,hicov,-0.12329223291887836,-0.03984415531158447,-0.08348000049591064,-0.034431517124176025,-0.08889263868331909,3768,12459,,65,0.46,False,False,False
xgb_depth,depth 6,naics_2,32,sex_female,pincp,-0.14835792196557485,0.07133550887998119,-0.21942912264604075,0.04675887215699959,-0.19485248592305915,8451,21977,,67,0.82,False,False,False
xgb_depth,depth 6,naics_2,32,sex_female,hicov,0.013688911235591239,-0.0069313645362854,0.02047199010848999,-0.006149172782897949,0.01968979835510254,8451,21977,,67,0.87,False,False,False
xgb_depth,depth 6,naics_2,32,race_bw,pincp,-0.2647300616488355,-0.10126287769827336,-0.1639340200045396,-0.10000390318591634,-0.16519299451689662,2081,25276,,66,0.8,False,False,False
xgb_depth,depth 6,naics_2,32,race_bw,hicov,-0.011317819176341226,-0.02156805992126465,0.010820746421813965,-0.020444869995117188,0.009697556495666504,2081,25276,,66,0.86,False,False,False
xgb_depth,depth 6,naics_2,32,immigrant,pincp,-0.08673017505501157,0.020901779892041006,-0.1071854188225494,0.05726365498916586,-0.14354729391967425,4028,26400,,67,0.87,False,False,False
xgb_depth,depth 6,naics_2,32,immigrant,hicov,-0.07233731305106683,-0.017336547374725342,-0.05530482530593872,-0.013767242431640625,-0.05887413024902344,4028,26400,,67,0.96,False,False,False
xgb_depth,depth 6,naics_2,33,sex_female,pincp,-0.2637016416912381,-0.027441351513230572,-0.23661895172819314,-0.0393161999843894,-0.2247441032570343,16238,50594,,69,1.73,False,False,False
xgb_depth,depth 6,naics_2,33,race_bw,pincp,-0.32554110402042724,-0.11978988260624313,-0.20556143431126195,-0.14265942071245874,-0.18269189620504633,3920,54728,,68,1.58,False,False,False
xgb_depth,depth 6,naics_2,33,race_bw,hicov,-0.017633588298643477,-0.019926726818084717,0.0018418431282043457,-0.023099541664123535,0.005014657974243164,3920,54728,,68,1.62,False,False,False
xgb_depth,depth 6,naics_2,33,immigrant,pincp,-0.031002990109508133,0.048595973501477374,-0.07972811493223197,0.07855241528014822,-0.10968455671090283,10156,56676,,69,1.75,False,False,False
xgb_depth,depth 6,naics_2,33,immigrant,hicov,-0.04499232538424991,-0.006176412105560303,-0.03867149353027344,-0.01135861873626709,-0.03348928689956665,10156,56676,,69,1.85,False,False,False
xgb_depth,depth 6,naics_2,3M,sex_female,pincp,-0.3035433700709156,-0.02154945630137739,-0.2824247508279729,-0.04955868202494429,-0.254415525104406,879,1984,,57,0.14,False,False,False
xgb_depth,depth 6,naics_2,3M,race_bw,pincp,-0.2366623367706051,-0.10169165056304408,-0.1349406071105843,-0.0920551102518079,-0.14457714742182048,323,2116,,56,0.12,False,False,False
xgb_depth,depth 6,naics_2,3M,race_bw,hicov,-0.028134455453656892,-0.029045462608337402,0.0004165768623352051,-0.015085399150848389,-0.013543486595153809,323,2116,,56,0.13,False,True,True
xgb_depth,depth 6,naics_2,3M,immigrant,pincp,-0.26129086957903347,-0.03162845558046179,-0.23170107045922173,-0.04919795757977852,-0.214131568459905,595,2268,,57,0.15,False,False,False
xgb_depth,depth 6,naics_2,3M,immigrant,hicov,-0.10675381263616557,-0.04556453227996826,-0.05952334403991699,-0.0024350881576538086,-0.10265278816223145,595,2268,,57,0.16,False,False,False
xgb_depth,depth 6,naics_2,42,sex_female,pincp,-0.2022436858462644,0.03729761097271478,-0.23960955268408668,0.004192848691136675,-0.20650479040250858,7903,20186,,63,0.79,False,False,False
xgb_depth,depth 6,naics_2,42,race_bw,pincp,-0.37749029566436754,-0.09017294078951821,-0.2869730415853784,-0.11186926920761486,-0.26527671316728174,1496,23358,,62,0.75,False,False,False
xgb_depth,depth 6,naics_2,42,race_bw,hicov,-0.03178101331838812,-0.03385758399963379,0.002442300319671631,-0.04036825895309448,0.008952975273132324,1496,23358,,62,0.75,False,False,False
xgb_depth,depth 6,naics_2,42,immigrant,pincp,-0.2093096720413552,-0.049276899433067456,-0.15901604388721147,-0.038141153956726015,-0.1701517893635529,4233,23856,,63,0.75,False,False,False
xgb_depth,depth 6,naics_2,42,immigrant,hicov,-0.08411581584950278,-0.01835167407989502,-0.0661085844039917,-0.01267927885055542,-0.0717809796333313,4233,23856,,63,0.82,False,False,False
xgb_depth,depth 6,naics_2,44,sex_female,pincp,-0.25509860736859835,-0.01505477738494676,-0.23996698264218352,-0.033417055494757264,-0.22160470453237302,20205,31547,,63,1.26,False,False,False
xgb_depth,depth 6,naics_2,44,sex_female,hicov,0.014269738289013567,-0.01385420560836792,0.02820652723312378,-0.018018662929534912,0.03237098455429077,20205,31547,,63,1.38,False,False,False
xgb_depth,depth 6,naics_2,44,race_bw,pincp,-0.21868542569681537,-0.07211499220386841,-0.14629196310694148,-0.07797914351995772,-0.14042781179085218,3611,41916,,62,1.02,False,False,False
xgb_depth,depth 6,naics_2,44,race_bw,hicov,-0.02434017062887106,-0.028926432132720947,0.004372596740722656,-0.036420464515686035,0.011866629123687744,3611,41916,,62,1.1,False,False,False
xgb_depth,depth 6,naics_2,44,immigrant,pincp,-0.09665531045817133,-0.008048687794953935,-0.08838246485311352,0.01890322786896803,-0.11533438051703548,7415,44337,,63,1.21,True,False,True
xgb_depth,depth 6,naics_2,44,immigrant,hicov,-0.09476766488920885,-0.0041814446449279785,-0.09062129259109497,-0.01048123836517334,-0.08432149887084961,7415,44337,,63,1.28,False,False,False
xgb_depth,depth 6,naics_2,45,sex_female,pincp,-0.25316293341938767,-0.05511077351975757,-0.1979249509839054,-0.07347240712775616,-0.1795633173759068,10711,10829,,62,0.56,False,False,False
xgb_depth,depth 6,naics_2,45,sex_female,hicov,0.012157341696831914,-0.00857323408126831,0.02060931921005249,-0.008538961410522461,0.02057504653930664,10711,10829,,62,0.56,False,False,False
xgb_depth,depth 6,naics_2,45,race_bw,pincp,-0.2128505955917941,-0.12919060897942458,-0.08352369678263649,-0.12179221501973814,-0.09092209074232294,2034,17052,,61,0.51,False,False,False
xgb_depth,depth 6,naics_2,45,race_bw,hicov,-0.023157172542498827,-0.017608582973480225,-0.005292713642120361,-0.023575305938720703,0.0006740093231201172,2034,17052,,61,0.5,False,True,True
xgb_depth,depth 6,naics_2,45,immigrant,hicov,-0.04191854009015972,0.013302206993103027,-0.05522465705871582,0.0004245638847351074,-0.0423470139503479,2784,18756,,62,0.58,False,False,False
xgb_depth,depth 6,naics_2,48,sex_female,pincp,-0.21276262819450054,0.05393813929293323,-0.26733251806344605,0.03282679475152861,-0.24622117352204143,5254,23016,,60,0.67,False,False,False
xgb_depth,depth 6,naics_2,48,sex_female,hicov,0.030014488853288057,-0.0032619833946228027,0.033062636852264404,-0.0014406442642211914,0.031241297721862793,5254,23016,,60,0.75,False,False,False
xgb_depth,depth 6,naics_2,48,race_bw,pincp,-0.19750902181684893,-0.05264632986721196,-0.14473789583497876,-0.09092285016243906,-0.10646137553975166,3689,21206,,59,0.6,False,False,False
xgb_depth,depth 6,naics_2,48,immigrant,pincp,-0.19393861612739371,-0.078603483117611,-0.11563153989511044,-0.056100267487734,-0.13813475552498744,4910,23360,,60,0.64,False,False,False
xgb_depth,depth 6,naics_2,48,immigrant,hicov,-0.0972118858633485,-0.007473766803741455,-0.08996999263763428,-0.017182230949401855,-0.08026152849197388,4910,23360,,60,0.69,False,False,False
xgb_depth,depth 6,naics_2,49,sex_female,pincp,-0.12368417112049634,-0.010841326834787779,-0.11232536216793498,-0.024055984242131956,-0.0991107047605908,3808,8351,,58,0.31,False,False,False
xgb_depth,depth 6,naics_2,49,sex_female,hicov,0.014366675001937002,-0.009817361831665039,0.023979783058166504,-0.010436534881591797,0.02459895610809326,3808,8351,,58,0.36,False,False,False
xgb_depth,depth 6,naics_2,49,race_bw,pincp,-0.16454436798651528,-0.04907721091884909,-0.11534033018782708,-0.02335601976890267,-0.1410615213377735,1973,8563,,57,0.28,False,False,False
xgb_depth,depth 6,naics_2,49,race_bw,hicov,-0.016498035874827455,-0.02060842514038086,0.004121303558349609,-0.022390305995941162,0.005903184413909912,1973,8563,,57,0.29,False,False,False
xgb_depth,depth 6,naics_2,49,immigrant,pincp,-0.17166827475629098,0.03487749913910321,-0.2066728694834108,-0.03151757636029906,-0.14027779398400853,1836,10323,,58,0.29,True,False,True
xgb_depth,depth 6,naics_2,49,immigrant,hicov,-0.0865438493521985,-0.012293219566345215,-0.07399964332580566,-0.007828772068023682,-0.0784640908241272,1836,10323,,58,0.37,False,False,False
xgb_depth,depth 6,naics_2,4M,sex_female,pincp,-0.2786318676631705,-0.04763077665194082,-0.2322990714069899,-0.03810657328978806,-0.24182327476914267,998,1164,,58,0.13,False,False,False
xgb_depth,depth 6,naics_2,4M,sex_female,hicov,0.010045864925727788,-0.02088475227355957,0.031408071517944336,-0.012020528316497803,0.02254384756088257,998,1164,,58,0.13,False,False,False
xgb_depth,depth 6,naics_2,4M,race_bw,pincp,-0.15479391581975044,-0.08944014764168706,-0.0678459166315335,-0.04673152744604003,-0.11055453682718053,247,1637,,57,0.11,False,False,False
xgb_depth,depth 6,naics_2,4M,race_bw,hicov,-0.030964116743623538,-0.027296245098114014,-0.005059719085693359,-0.00026613473892211914,-0.032089829444885254,247,1637,,57,0.11,False,False,False
xgb_depth,depth 6,naics_2,4M,immigrant,pincp,-0.0850289573043419,-0.07615560431696622,-0.00942943591626566,-0.04032123861069081,-0.04526380162254107,319,1843,,58,0.12,False,False,False
xgb_depth,depth 6,naics_2,4M,immigrant,hicov,-0.13497313396278732,-0.07633388042449951,-0.05773937702178955,0.008187532424926758,-0.14226078987121582,319,1843,,58,0.14,True,False,True
xgb_depth,depth 6,naics_2,51,sex_female,pincp,-0.2458908158496964,-0.05475104093652128,-0.19044410961867797,-0.06340798822270877,-0.18178716233249048,7812,12919,,61,0.53,False,False,False
xgb_depth,depth 6,naics_2,51,race_bw,pincp,-0.27989747972265633,-0.1275462069162412,-0.1528470961370374,-0.10970724639010854,-0.17068605666317005,1646,16501,,60,0.46,False,False,False
xgb_depth,depth 6,naics_2,51,race_bw,hicov,-0.016109226562578738,-0.013799488544464111,-0.002493441104888916,-0.01254260540008545,-0.003750324249267578,1646,16501,,60,0.47,False,False,False
xgb_depth,depth 6,naics_2,51,immigrant,pincp,0.20968129890285958,0.1852894387704236,0.023196910190735665,0.17212302601084595,0.036363322950313304,2744,17987,,61,0.5,False,False,False
xgb_depth,depth 6,naics_2,51,immigrant,hicov,-0.012184536904771393,0.012161433696746826,-0.024304091930389404,0.0031601786613464355,-0.015302836894989014,2744,17987,,61,0.54,False,False,False
xgb_depth,depth 6,naics_2,52,sex_female,pincp,-0.5682567617236298,-0.20010508535800575,-0.3679060523133426,-0.24319191763059145,-0.3248192200407569,29688,23262,,59,1.14,False,False,False
xgb_depth,depth 6,naics_2,52,race_bw,pincp,-0.36008972810087947,-0.10804021544190512,-0.25198525461087407,-0.1369591471643563,-0.22306632288842287,4183,42821,,58,1.02,False,False,False
xgb_depth,depth 6,naics_2,52,race_bw,hicov,-0.014619821613350514,-0.012643814086914062,-0.002079606056213379,-0.011789560317993164,-0.0029338598251342773,4183,42821,,58,1.09,False,False,False
xgb_depth,depth 6,naics_2,52,immigrant,pincp,0.12872852116941047,0.14652628010595947,-0.01815129663064674,0.12878755461078484,-0.0004125711354721062,6431,46519,,59,1.15,False,False,False
xgb_depth,depth 6,naics_2,52,immigrant,hicov,-0.013713639558709967,0.004691004753112793,-0.018620073795318604,-0.0006617903709411621,-0.013267278671264648,6431,46519,,59,1.34,True,False,True
xgb_depth,depth 6,naics_2,53,sex_female,pincp,-0.20368571994394458,-0.006468910558833585,-0.19737531718637413,-0.030681962923887696,-0.17316226482132002,7356,9663,,59,0.45,False,False,False
xgb_depth,depth 6,naics_2,53,sex_female,hicov,0.016528081163935893,-0.008857369422912598,0.02500981092453003,-0.0075727105140686035,0.023725152015686035,7356,9663,,59,0.44,False,False,False
xgb_depth,depth 6,naics_2,53,race_bw,pincp,-0.36522123116522387,-0.06880548379008289,-0.2959875998504984,-0.11812138407653094,-0.24667169956405033,1331,13771,,58,0.41,False,False,False
xgb_depth,depth 6,naics_2,53,race_bw,hicov,-0.022543426742933304,-0.02276378870010376,0.0007919073104858398,-0.02926313877105713,0.007291257381439209,1331,13771,,58,0.44,False,False,False
xgb_depth,depth 6,naics_2,53,immigrant,pincp,-0.16413766013544517,-0.04584621242553588,-0.11801789665642914,-0.01689863743127873,-0.1469654716506863,2515,14504,,59,0.46,False,False,False
xgb_depth,depth 6,naics_2,53,immigrant,hicov,-0.06069583601534756,-0.009208619594573975,-0.0515705943107605,-0.011600255966186523,-0.04917895793914795,2515,14504,,59,0.46,False,False,False
xgb_depth,depth 6,naics_2,54,sex_female,pincp,-0.3899332779490621,-0.10403714808322917,-0.2861160242263008,-0.12133704665287404,-0.2688161256566559,29018,43958,,60,1.54,False,False,False
xgb_depth,depth 6,naics_2,54,race_bw,pincp,-0.2660095394753377,-0.09760117324750084,-0.16912922924580975,-0.11165855524002666,-0.15507184725328393,3444,58849,,59,1.3,False,False,False
xgb_depth,depth 6,naics_2,54,race_bw,hicov,-0.01714595588240375,-0.013279616832733154,-0.003925323486328125,-0.01590961217880249,-0.001295328140258789,3444,58849,,59,1.5,False,False,False
xgb_depth,depth 6,naics_2,54,immigrant,pincp,0.0722182219525429,0.09338407752142608,-0.021688009634045713,0.09329425151753057,-0.021598183630150203,12006,60970,,60,1.67,False,False,False
xgb_depth,depth 6,naics_2,54,immigrant,hicov,-0.01085133722024234,0.013134419918060303,-0.023947954177856445,0.0022715330123901367,-0.01308506727218628,12006,60970,,60,1.72,False,False,False
xgb_depth,depth 6,naics_2,55,sex_female,pincp,-0.41916513373735675,-0.1480887700874085,-0.27137074448812726,-0.17806454838360786,-0.2413949661919279,689,659,,57,0.1,False,False,False
xgb_depth,depth 6,naics_2,55,race_bw,pincp,-0.39175907995863213,-0.051604519114812675,-0.33590484595467807,-0.0625020007221071,-0.32500736434738364,77,1128,,55,0.08,False,False,False
xgb_depth,depth 6,naics_2,55,race_bw,hicov,-0.0421962788984066,-0.004657745361328125,-0.039171576499938965,0.0007203221321105957,-0.044549643993377686,77,1128,,55,0.07,True,False,True
xgb_depth,depth 6,naics_2,55,immigrant,pincp,0.08036547274432237,-0.03918211308551456,0.12274440995605751,0.039317955174080765,0.044244341696462186,155,1193,,57,0.12,True,False,True
xgb_depth,depth 6,naics_2,55,immigrant,hicov,-0.013233107103263642,-0.005889236927032471,-0.007965922355651855,0.0023832321166992188,-0.016238391399383545,155,1193,,57,0.08,True,False,True
xgb_depth,depth 6,naics_2,56,sex_female,pincp,-0.1285776356521673,0.01073534835366452,-0.1398065190127724,0.032547661893099544,-0.16161883255220744,10600,18487,,60,0.67,False,False,False
xgb_depth,depth 6,naics_2,56,sex_female,hicov,0.04997762323550159,-0.011230051517486572,0.06156742572784424,0.004164934158325195,0.04617244005203247,10600,18487,,60,0.78,True,False,True
xgb_depth,depth 6,naics_2,56,race_bw,pincp,-0.2488064758317332,-0.1031479142058025,-0.1455891818556463,-0.06633663033301929,-0.1824004657284295,3326,21705,,59,0.61,False,False,False
xgb_depth,depth 6,naics_2,56,immigrant,pincp,-0.2986422731817857,-0.12168026154399669,-0.17784039897087744,-0.07367668395116844,-0.2258439765637057,6273,22814,,60,0.66,False,False,False
xgb_depth,depth 6,naics_2,56,immigrant,hicov,-0.20222463599230545,-0.0645032525062561,-0.13723260164260864,-0.0294569730758667,-0.17227888107299805,6273,22814,,60,0.78,False,False,False
xgb_depth,depth 6,naics_2,61,sex_female,pincp,-0.19832442884073664,0.003864396089893418,-0.20217268717029846,-0.00611500021245881,-0.19219329086794623,51590,26189,,58,1.44,True,False,True
xgb_depth,depth 6,naics_2,61,race_bw,pincp,-0.1508946986242261,-0.14723789190048642,-0.0031234481248016976,-0.10248811835324112,-0.047873221672046995,6910,63986,,57,1.47,False,False,False
xgb_depth,depth 6,naics_2,61,race_bw,hicov,-0.020329754659157317,-0.012925684452056885,-0.007558584213256836,-0.009978413581848145,-0.010505855083465576,6910,63986,,57,1.67,False,False,False
xgb_depth,depth 6,naics_2,61,immigrant,pincp,0.0230344050453688,0.0003963836310685309,0.022748823019961506,0.043677079700797705,-0.020531873049767668,7723,70056,,58,1.56,False,True,True
xgb_depth,depth 6,naics_2,61,immigrant,hicov,-0.017128937570610958,-0.002892136573791504,-0.014224350452423096,-0.005396008491516113,-0.011720478534698486,7723,70056,,58,1.63,False,False,False
xgb_depth,depth 6,naics_2,62,sex_female,pincp,-0.44504958913086057,-0.16391318126916232,-0.2813435985592623,-0.23310865239322887,-0.21214812743519573,90900,29476,,63,2.69,False,False,False
xgb_depth,depth 6,naics_2,62,race_bw,pincp,-0.2858392759919255,-0.1572165460520818,-0.12859141808115204,-0.16861397270856848,-0.11719399142466536,15995,88854,,62,2.37,False,False,False
xgb_depth,depth 6,naics_2,62,race_bw,hicov,-0.030612993952736645,-0.02307581901550293,-0.007527410984039307,-0.02585160732269287,-0.004751622676849365,15995,88854,,62,2.5,False,False,False
xgb_depth,depth 6,naics_2,62,immigrant,pincp,0.08046984533417856,0.0946430867023782,-0.014381412719085773,0.10313917660396932,-0.022877502620676893,18087,102289,,63,2.71,False,False,False
xgb_depth,depth 6,naics_2,62,immigrant,hicov,-0.023957826396521553,0.005186200141906738,-0.028975069522857666,-0.0023543238639831543,-0.021434545516967773,18087,102289,,63,2.96,True,False,True
xgb_depth,depth 6,naics_2,71,sex_female,pincp,-0.17333409352919382,0.014323843327328944,-0.18873500408512633,0.0038766877338307637,-0.17828784849162815,5061,7575,,58,0.3,False,False,False
xgb_depth,depth 6,naics_2,71,sex_female,hicov,0.025007150389016353,-0.0066536664962768555,0.03158104419708252,-0.006935000419616699,0.03186237812042236,5061,7575,,58,0.32,False,False,False
xgb_depth,depth 6,naics_2,71,race_bw,pincp,-0.23704578398977638,-0.11206366557533798,-0.1250261895347986,-0.08135734756207924,-0.15573250754805734,968,9874,,57,0.29,False,False,False
xgb_depth,depth 6,naics_2,71,race_bw,hicov,-0.017584791513566844,-0.020778179168701172,0.003682732582092285,-0.026938796043395996,0.00984334945678711,968,9874,,57,0.33,False,False,False
xgb_depth,depth 6,naics_2,71,immigrant,pincp,-0.12326965074971952,-0.0775895209826114,-0.04637778137975168,-0.03469180348676204,-0.08927549887560104,1670,10966,,58,0.35,False,False,False
xgb_depth,depth 6,naics_2,71,immigrant,hicov,-0.05514562703882775,-0.006583094596862793,-0.049287617206573486,-0.006907641887664795,-0.048963069915771484,1670,10966,,58,0.36,False,False,False
xgb_depth,depth 6,naics_2,72,sex_female,pincp,-0.18401379581246324,-0.01061468429182355,-0.17341460026781164,-0.007432644367725061,-0.17659664019191013,14143,17193,,58,0.76,False,False,False
xgb_depth,depth 6,naics_2,72,sex_female,hicov,0.04015889515060789,-0.019051194190979004,0.05905508995056152,-0.022030889987945557,0.062034785747528076,14143,17193,,58,0.83,False,False,False
xgb_depth,depth 6,naics_2,72,race_bw,pincp,-0.1928744781570586,-0.09892599689046833,-0.0935028990901543,-0.05716579829891799,-0.13526309768170464,3165,21329,,57,0.62,False,False,False
xgb_depth,depth 6,naics_2,72,immigrant,pincp,-0.1366419172241944,-0.04940615679325511,-0.08700250686785083,-0.011205819946450646,-0.1252028437146553,9698,21638,,58,0.75,False,False,False
xgb_depth,depth 6,naics_2,72,immigrant,hicov,-0.14235072495587275,0.013072550296783447,-0.15509331226348877,-0.004132211208343506,-0.13788855075836182,9698,21638,,58,0.8,True,False,True
xgb_depth,depth 6,naics_2,81,sex_female,pincp,-0.19443770611913358,-1.8036426103762437e-05,-0.1941544795776995,-0.04920745507136459,-0.14496506093243866,14329,19378,,63,0.88,False,False,False
xgb_depth,depth 6,naics_2,81,sex_female,hicov,0.028035678892645688,-0.014819741249084473,0.04289233684539795,-0.009579360485076904,0.03765195608139038,14329,19378,,63,0.89,False,False,False
xgb_depth,depth 6,naics_2,81,race_bw,pincp,-0.1435280769370042,-0.04258519854198184,-0.10066152906040848,-0.04814427035271507,-0.09510245724967525,2516,26304,,62,0.7,False,False,False
xgb_depth,depth 6,naics_2,81,race_bw,hicov,-0.025556209118091866,-0.02973806858062744,0.0035433173179626465,-0.028641462326049805,0.0024467110633850098,2516,26304,,62,0.73,False,False,False
xgb_depth,depth 6,naics_2,81,immigrant,pincp,-0.28521872580984997,-0.18789691190818125,-0.09749038409626465,-0.10310384553884155,-0.18228345046560435,6640,27067,,63,0.81,False,False,False
xgb_depth,depth 6,naics_2,81,immigrant,hicov,-0.13345759362866183,-0.04750466346740723,-0.08630692958831787,-0.03964066505432129,-0.09417092800140381,6640,27067,,63,0.85,False,False,False
xgb_depth,depth 6,naics_2,92,sex_female,pincp,-0.2414473940877997,-0.014068871770678726,-0.2271889277696051,-0.04859415750503615,-0.19266364203524766,24767,31895,,60,1.17,False,False,False
xgb_depth,depth 6,naics_2,92,race_bw,pincp,-0.10552062676527818,-0.051499470406668024,-0.05395035253388514,-0.03762275814527705,-0.06782706479527612,7382,43626,,59,1.07,False,False,False
xgb_depth,depth 6,naics_2,92,immigrant,pincp,0.04760441151955597,0.08415033375347392,-0.03647883281268882,0.0917770415914454,-0.0441055406506603,4213,52449,,60,1.26,False,False,False
xgb_depth,depth 6,naics_2,92,immigrant,hicov,-0.014170391838873697,0.000769197940826416,-0.014939844608306885,-0.0031107664108276367,-0.011059880256652832,4213,52449,,60,1.27,True,False,True
xgb_depth,depth 6,st,1,sex_female,pincp,-0.31555702394613583,-0.021321019528226515,-0.29406778938331257,-0.036053725498691236,-0.27933508341284785,5293,6854,,92,0.4,False,False,False
xgb_depth,depth 6,st,1,sex_female,hicov,0.021982361759625313,-0.005001664161682129,0.02704256772994995,-0.0012965798377990723,0.023337483406066895,5293,6854,,92,0.47,False,False,False
xgb_depth,depth 6,st,1,race_bw,pincp,-0.28298982130619343,-0.14051856999091328,-0.1426406667782718,-0.15564530680984667,-0.1275139299593384,2338,9360,,91,0.43,False,False,False
xgb_depth,depth 6,st,1,race_bw,hicov,-0.03265821836181115,-0.021879136562347412,-0.011169135570526123,-0.0181729793548584,-0.014875292778015137,2338,9360,,91,0.41,False,False,False
xgb_depth,depth 6,st,1,immigrant,pincp,-0.10406233370699525,-0.016205612606828623,-0.09047679703597211,-0.02448796392770447,-0.08219444571509626,463,11684,,92,0.4,False,False,False
xgb_depth,depth 6,st,1,immigrant,hicov,-0.19473714954566734,-0.06625854969024658,-0.1280761957168579,-0.0504608154296875,-0.143873929977417,463,11684,,92,0.44,False,False,False
xgb_depth,depth 6,st,10,sex_female,pincp,-0.23852588673327801,-0.015653643728557043,-0.22095120821225933,-0.012060673369683528,-0.22454417857113285,1208,1387,,88,0.15,False,False,False
xgb_depth,depth 6,st,10,sex_female,hicov,0.018984825985857268,-0.007918596267700195,0.02724015712738037,0.007922708988189697,0.011398851871490479,1208,1387,,88,0.19,True,False,True
xgb_depth,depth 6,st,10,race_bw,pincp,-0.26441259231673087,-0.12953087656097928,-0.13460691427882843,-0.10188511244438381,-0.1622526783954239,431,1975,,87,0.14,False,False,False
xgb_depth,depth 6,st,10,immigrant,hicov,-0.056482306259616144,-0.031066715717315674,-0.025588035583496094,-0.00799250602722168,-0.04866224527359009,265,2330,,88,0.17,False,False,False
xgb_depth,depth 6,st,11,sex_female,pincp,-0.1948040157321529,-0.03703141138515953,-0.1589518754160757,-0.056912786149304395,-0.13907050065193083,1214,1142,,68,0.15,False,False,False
xgb_depth,depth 6,st,11,sex_female,hicov,0.01159848469548208,-0.0003782510757446289,0.012370049953460693,-0.004758119583129883,0.016749918460845947,1214,1142,,68,0.16,False,False,False
xgb_depth,depth 6,st,11,race_bw,pincp,-0.5086204482738559,-0.3071199383328924,-0.19998049604662782,-0.2583680279772178,-0.24873240640230243,642,1452,,66,0.14,False,False,False
xgb_depth,depth 6,st,11,race_bw,hicov,-0.030167863855204535,-0.027416586875915527,-0.0025755763053894043,-0.057865679264068604,0.027873516082763672,642,1452,,66,0.15,False,True,True
xgb_depth,depth 6,st,11,immigrant,pincp,-0.20919592588855096,-0.0913353219521067,-0.11803312488630802,-0.056315673181691395,-0.15305277365672332,316,2040,,68,0.12,False,False,False
xgb_depth,depth 6,st,11,immigrant,hicov,-0.046624472573839615,-0.022842109203338623,-0.023032844066619873,-0.01755291223526001,-0.028322041034698486,316,2040,,68,0.13,False,False,False
xgb_depth,depth 6,st,12,sex_female,pincp,-0.22696732350444826,-0.007177446404178056,-0.22012394891992848,-0.0098811417007596,-0.21742025362334694,22979,28252,,92,1.38,False,False,False
xgb_depth,depth 6,st,12,sex_female,hicov,0.04205411755614552,0.0031768083572387695,0.03897666931152344,0.009605944156646729,0.03254753351211548,22979,28252,,92,1.57,False,False,False
xgb_depth,depth 6,st,12,race_bw,pincp,-0.31454446007065684,-0.10044261869380122,-0.2141639791481289,-0.14905676196475603,-0.1655498358771741,6198,41213,,91,1.4,False,False,False
xgb_depth,depth 6,st,12,race_bw,hicov,-0.010981150374180237,-0.02602994441986084,0.015156447887420654,-0.029791414737701416,0.01891791820526123,6198,41213,,91,1.47,False,False,False
xgb_depth,depth 6,st,12,immigrant,pincp,-0.19235966803892168,-0.06037205591445449,-0.13193199757064278,-0.06199501266157803,-0.13030904082351924,12037,39194,,92,1.52,False,False,False
xgb_depth,depth 6,st,12,immigrant,hicov,-0.08944399925169921,-0.04111135005950928,-0.04840821027755737,-0.028275251388549805,-0.061244308948516846,12037,39194,,92,1.53,False,False,False
xgb_depth,depth 6,st,13,sex_female,pincp,-0.2577587064321296,-0.021404285212469176,-0.23674064542760398,-0.0307210225790282,-0.22742390806104495,11957,14978,,92,0.8,False,False,False
xgb_depth,depth 6,st,13,sex_female,hicov,0.040407528990723085,0.00313490629196167,0.03734332323074341,0.01562798023223877,0.02485024929046631,11957,14978,,92,0.86,False,False,False
xgb_depth,depth 6,st,13,race_bw,pincp,-0.3001484008017652,-0.11735388382881595,-0.18328493443635097,-0.13478688929413707,-0.16585192897102985,6248,18543,,91,0.79,False,False,False
xgb_depth,depth 6,st,13,immigrant,pincp,-0.13744674471266727,-0.04370669374789138,-0.09360807608014454,-0.008527381572806192,-0.12878738825522973,3334,23601,,92,0.81,False,False,False
xgb_depth,depth 6,st,13,immigrant,hicov,-0.1524436310144861,-0.07509362697601318,-0.0769432783126831,-0.046961426734924316,-0.10507547855377197,3334,23601,,92,0.83,False,False,False
xgb_depth,depth 6,st,15,sex_female,pincp,-0.20822507750450292,-0.00911283782317085,-0.19930555695331265,-0.011626378483212463,-0.19679201629327103,1861,2153,,87,0.2,False,False,False
xgb_depth,depth 6,st,15,immigrant,pincp,-0.22547582941900401,-0.1631151846455836,-0.06169706041501044,-0.08396234607904596,-0.1408498989815481,811,3203,,87,0.21,False,False,False
xgb_depth,depth 6,st,15,immigrant,hicov,-0.016183964401437767,0.008284509181976318,-0.024731040000915527,-0.0022647976875305176,-0.014181733131408691,811,3203,,87,0.24,True,False,True
xgb_depth,depth 6,st,16,sex_female,pincp,-0.2783884125134932,-0.03820525845877221,-0.2396707979549415,-0.053204329002857875,-0.22467172741085584,1482,2423,,92,0.19,False,False,False
xgb_depth,depth 6,st,16,sex_female,hicov,0.02785997661858386,-0.013627350330352783,0.041928112506866455,0.010479509830474854,0.01782125234603882,1482,2423,,92,0.23,True,False,True
xgb_depth,depth 6,st,16,immigrant,pincp,-0.23283176258720495,-0.1826305358552851,-0.05017677291387379,-0.09582971036692278,-0.1369775984022361,270,3635,,92,0.21,False,False,False
xgb_depth,depth 6,st,16,immigrant,hicov,-0.21530898160884404,-0.07482016086578369,-0.14036214351654053,-0.03525608777999878,-0.17992621660232544,270,3635,,92,0.23,False,False,False
xgb_depth,depth 6,st,17,sex_female,pincp,-0.2669812951341086,-0.013780426669640633,-0.25322406532904473,-0.028156400877469068,-0.2388480911212163,16072,20780,,92,0.99,False,False,False
xgb_depth,depth 6,st,17,sex_female,hicov,0.021942164973691503,-0.0032108426094055176,0.025074005126953125,0.001893758773803711,0.019969403743743896,16072,20780,,92,1.17,True,False,True
xgb_depth,depth 6,st,17,race_bw,pincp,-0.2526898601930849,-0.12694846305431895,-0.12452404760836622,-0.14709644893828866,-0.10437606172439651,2889,29991,,91,1.01,False,False,False
xgb_depth,depth 6,st,17,race_bw,hicov,-0.010611837064445684,-0.011098623275756836,0.0004633665084838867,-0.010274767875671387,-0.0003604888916015625,2889,29991,,91,1.11,False,True,True
xgb_depth,depth 6,st,17,immigrant,pincp,-0.15593137100749743,-0.08493369126728822,-0.07031575083940567,-0.04952111566112016,-0.10572832644557373,5317,31535,,92,1.12,False,False,False
xgb_depth,depth 6,st,17,immigrant,hicov,-0.10988308425168858,-0.04317563772201538,-0.06674832105636597,-0.017576515674591064,-0.09234744310379028,5317,31535,,92,1.31,False,False,False
xgb_depth,depth 6,st,18,sex_female,pincp,-0.27875708923041387,-0.014778253529835084,-0.26433567489817733,-0.03009288547583111,-0.2490210429521813,7777,10797,,92,0.57,False,False,False
xgb_depth,depth 6,st,18,sex_female,hicov,0.0213776825624451,-0.009379088878631592,0.0308721661567688,-0.005294620990753174,0.02678769826889038,7777,10797,,92,0.63,False,False,False
xgb_depth,depth 6,st,18,race_bw,pincp,-0.2081506916689495,-0.08957785564944842,-0.11880802810935265,-0.1363734482704615,-0.07201243548833958,952,16842,,91,0.54,False,False,False
xgb_depth,depth 6,st,18,race_bw,hicov,-0.02568159433349404,-0.023777246475219727,-0.0012632012367248535,-0.02490931749343872,-0.00013113021850585938,952,16842,,91,0.61,False,False,False
xgb_depth,depth 6,st,18,immigrant,pincp,-0.06084523232568806,-0.004426167064577768,-0.057074596731842675,0.009270613200348166,-0.07077137699676861,902,17672,,92,0.63,True,False,True
xgb_depth,depth 6,st,18,immigrant,hicov,-0.12342297535078728,-0.045120298862457275,-0.07782816886901855,-0.02315652370452881,-0.09979194402694702,902,17672,,92,0.63,False,False,False
xgb_depth,depth 6,st,19,sex_female,pincp,-0.2736595145704044,0.006198045902912952,-0.27935122532672985,-0.009519688663271353,-0.26363349076054554,4140,5444,,91,0.35,True,False,True
xgb_depth,depth 6,st,19,sex_female,hicov,0.016002371089743006,-0.004006445407867432,0.020008862018585205,0.002592623233795166,0.013409793376922607,4140,5444,,91,0.41,True,False,True
xgb_depth,depth 6,st,19,race_bw,pincp,-0.24415269307218423,0.010043138440368082,-0.25402898721036316,-0.06896975487152979,-0.17501609389846529,111,9195,,90,0.37,True,False,True
xgb_depth,depth 6,st,19,race_bw,hicov,-0.03685316638008318,-0.004520297050476074,-0.032260119915008545,-0.03778207302093506,0.0010016560554504395,111,9195,,90,0.34,False,True,True
xgb_depth,depth 6,st,19,immigrant,pincp,-0.17885441342499675,-0.0497394989665807,-0.12998764035610755,-0.04730325453188833,-0.13242388479079992,337,9247,,91,0.35,False,False,False
xgb_depth,depth 6,st,19,immigrant,hicov,-0.09074592802413417,-0.0357324481010437,-0.054193973541259766,-0.006797611713409424,-0.08312880992889404,337,9247,,91,0.4,False,False,False
xgb_depth,depth 6,st,2,sex_female,pincp,-0.2467624061895748,0.00681251157451257,-0.2550184488613976,-0.04776288340103818,-0.20044305388584682,633,751,,78,0.14,True,False,True
xgb_depth,depth 6,st,2,sex_female,hicov,0.016433065549251835,-0.02375572919845581,0.04012107849121094,0.01825416088104248,-0.0018888115882873535,633,751,,78,0.15,True,True,True
xgb_depth,depth 6,st,2,immigrant,pincp,-0.4029133360731656,-0.25513744338718425,-0.14636695672000144,-0.09478873199557647,-0.3067156681116092,138,1246,,78,0.13,False,False,False
xgb_depth,depth 6,st,2,immigrant,hicov,-0.051969199990694825,-0.06620389223098755,0.013247072696685791,-0.06517541408538818,0.012218594551086426,138,1246,,78,0.12,False,False,False
xgb_depth,depth 6,st,20,sex_female,pincp,-0.2804944645361651,0.006371707839543106,-0.2865318905898402,0.003492441987319239,-0.2836526247376163,3580,4753,,92,0.32,False,False,False
xgb_depth,depth 6,st,20,sex_female,hicov,0.028491913957312542,-0.0083351731300354,0.036704838275909424,0.0077149271965026855,0.020654737949371338,3580,4753,,92,0.35,True,False,True
xgb_depth,depth 6,st,20,race_bw,pincp,-0.17290278528006198,-0.11705881376808946,-0.05528781172158048,-0.11710390036084561,-0.05524272512882433,235,7590,,91,0.31,False,False,False
xgb_depth,depth 6,st,20,race_bw,hicov,-0.07053233537969883,-0.0062580108642578125,-0.06429988145828247,-0.014073967933654785,-0.0564839243888855,235,7590,,91,0.35,False,False,False
xgb_depth,depth 6,st,20,immigrant,pincp,-0.16134057531916035,-0.10914372398434935,-0.05269109250892967,-0.07070870386409389,-0.09112611262918513,556,7777,,92,0.32,False,False,False
xgb_depth,depth 6,st,20,immigrant,hicov,-0.12007737258823514,-0.041358113288879395,-0.0788002610206604,-0.03575325012207031,-0.08440512418746948,556,7777,,92,0.38,False,False,False
xgb_depth,depth 6,st,21,sex_female,pincp,-0.27344839490346473,-0.004329176709680027,-0.26842929472329224,-0.020981635012612188,-0.2517768364203601,5168,6566,,92,0.42,False,False,False
xgb_depth,depth 6,st,21,sex_female,hicov,0.018908447118046068,-0.004128634929656982,0.022767364978790283,0.0033748745918273926,0.015263855457305908,5168,6566,,92,0.46,True,False,True
xgb_depth,depth 6,st,21,race_bw,pincp,-0.26856783080580726,-0.1670097880402075,-0.10086430240374611,-0.14756820956278638,-0.12030588088116723,647,10738,,91,0.42,False,False,False
xgb_depth,depth 6,st,21,immigrant,pincp,-0.07145706307004751,-0.003307705637640268,-0.06819462115142194,0.021936483923772343,-0.09343881071283455,445,11289,,92,0.39,True,False,True
xgb_depth,depth 6,st,21,immigrant,hicov,-0.12914371253313106,-0.05000948905944824,-0.07939285039901733,-0.012462377548217773,-0.1169399619102478,445,11289,,92,0.46,False,False,False
xgb_depth,depth 6,st,22,sex_female,pincp,-0.3786737215261695,-0.03856277743528835,-0.33945091089492685,-0.09378821316579966,-0.28422547516441554,5065,5961,,92,0.45,False,False,False
xgb_depth,depth 6,st,22,sex_female,hicov,0.02384849994857985,-0.006587505340576172,0.03047323226928711,0.0032764673233032227,0.020609259605407715,5065,5961,,92,0.44,True,False,True
xgb_depth,depth 6,st,22,race_bw,pincp,-0.3835029925119162,-0.18477805068615893,-0.1981219894833135,-0.18739346609854302,-0.19550657407092942,2477,8026,,91,0.41,False,False,False
xgb_depth,depth 6,st,22,race_bw,hicov,-0.029161130645144806,-0.03161466121673584,0.0026114583015441895,-0.03402823209762573,0.005025029182434082,2477,8026,,91,0.42,False,False,False
xgb_depth,depth 6,st,22,immigrant,pincp,-0.12196761308323723,-0.028748166415818233,-0.0928514926116133,-0.007141449786780996,-0.11445820924065053,503,10523,,92,0.41,False,False,False
xgb_depth,depth 6,st,22,immigrant,hicov,-0.16816652116191944,-0.09686511754989624,-0.07098376750946045,-0.04940301179885864,-0.11844587326049805,503,10523,,92,0.47,False,False,False
xgb_depth,depth 6,st,23,sex_female,pincp,-0.19825235908339245,-0.0017156398744297974,-0.19622004167673346,0.0044239064826001595,-0.20235958803376342,1463,1847,,89,0.21,True,False,True
xgb_depth,depth 6,st,23,sex_female,hicov,0.02401966426130797,0.017126142978668213,0.006416141986846924,0.010005712509155273,0.013536572456359863,1463,1847,,89,0.22,False,False,False
xgb_depth,depth 6,st,23,immigrant,pincp,0.01777096885950158,-0.08654070194853958,0.10460659689645979,0.03301855455485381,-0.014952659606933594,103,3207,,89,0.16,True,True,True
xgb_depth,depth 6,st,23,immigrant,hicov,0.013819890349084707,0.005737125873565674,0.008232712745666504,-0.011578977108001709,0.025548815727233887,103,3207,,89,0.2,True,False,True
xgb_depth,depth 6,st,24,sex_female,pincp,-0.21181734877639613,-0.01478068612120964,-0.197226488425029,-0.030541055418559893,-0.18146611912767874,8713,10246,,92,0.62,False,False,False
xgb_depth,depth 6,st,24,sex_female,hicov,0.020371533298194855,0.002412259578704834,0.018071651458740234,0.009915411472320557,0.010568499565124512,8713,10246,,92,0.76,False,False,False
xgb_depth,depth 6,st,24,race_bw,pincp,-0.24287667447884864,-0.10512088656675722,-0.13728334308305357,-0.1391265699750246,-0.10327765967478619,4610,12209,,91,0.63,False,False,False
xgb_depth,depth 6,st,24,immigrant,pincp,-0.15568432450642078,-0.0694304310854772,-0.0865215962318775,-0.037149045528952485,-0.1188029817884022,3231,15728,,92,0.65,False,False,False
xgb_depth,depth 6,st,24,immigrant,hicov,-0.09323396376594617,-0.03710693120956421,-0.05616408586502075,-0.017556607723236084,-0.07571440935134888,3231,15728,,92,0.7,False,False,False
xgb_depth,depth 6,st,25,sex_female,pincp,-0.24144678808740672,-0.01729024057731543,-0.22463924263768753,-0.05983039459964168,-0.18209908861536128,9062,11429,,92,0.71,False,False,False
xgb_depth,depth 6,st,25,race_bw,pincp,-0.3719536144677207,-0.21983455766011417,-0.15211336082514926,-0.2364764624602813,-0.13547145602498212,1013,17304,,91,0.62,False,False,False
xgb_depth,depth 6,st,25,race_bw,hicov,-0.02695569022038513,-0.018541693687438965,-0.008820652961730957,-0.015498995780944824,-0.011863350868225098,1013,17304,,91,0.68,False,False,False
xgb_depth,depth 6,st,25,immigrant,pincp,-0.14461822017134907,-0.08356991306383499,-0.06092213812512348,-0.08175323737949114,-0.06273881380946733,3687,16804,,92,0.71,False,False,False
xgb_depth,depth 6,st,25,immigrant,hicov,-0.027022590162996685,-0.011102080345153809,-0.015665709972381592,-0.005123436450958252,-0.02164435386657715,3687,16804,,92,0.77,False,False,False
xgb_depth,depth 6,st,26,sex_female,pincp,-0.24651994082032935,-0.0009729355213199398,-0.24552831078878512,-0.026854578472560675,-0.21964666783754438,10790,14934,,92,0.77,False,False,False
xgb_depth,depth 6,st,26,sex_female,hicov,0.019076658955257342,-0.004088878631591797,0.023299574851989746,-0.0014821887016296387,0.020692884922027588,10790,14934,,92,0.85,False,False,False
xgb_depth,depth 6,st,26,race_bw,pincp,-0.2167167997666084,-0.08755725703957573,-0.12994661310564481,-0.12057868718378728,-0.09692518296143326,1695,22671,,91,0.8,False,False,False
xgb_depth,depth 6,st,26,race_bw,hicov,-0.01643165823712256,-0.02501976490020752,0.009003400802612305,-0.018543899059295654,0.0025275349617004395,1695,22671,,91,0.81,False,False,False
xgb_depth,depth 6,st,26,immigrant,pincp,0.11652478612974271,0.1329954280603065,-0.015987105661096734,0.14606575731855642,-0.029057434919346647,1631,24093,,92,0.78,False,False,False
xgb_depth,depth 6,st,26,immigrant,hicov,-0.03729620884818308,0.01699608564376831,-0.054556965827941895,0.002967536449432373,-0.04052841663360596,1631,24093,,92,0.89,False,False,False
xgb_depth,depth 6,st,27,sex_female,pincp,-0.22993728022987447,0.0005671634423940475,-0.2304968058594401,0.001801059911057834,-0.2317307023281039,7010,9668,,92,0.56,False,False,False
xgb_depth,depth 6,st,27,sex_female,hicov,0.017500090006769664,0.002158641815185547,0.01560753583908081,0.0031906962394714355,0.014575481414794922,7010,9668,,92,0.62,False,False,False
xgb_depth,depth 6,st,27,race_bw,pincp,-0.270576940371841,-0.21983340554652742,-0.04946514534385038,-0.10137002917180382,-0.16792852171857398,307,15438,,91,0.55,False,False,False
xgb_depth,depth 6,st,27,race_bw,hicov,-0.05278400562426233,-0.04544490575790405,-0.006037652492523193,-0.04309302568435669,-0.008389532566070557,307,15438,,91,0.58,False,False,False
xgb_depth,depth 6,st,27,immigrant,pincp,-0.13052885294286476,-0.04962690302508399,-0.08044920553674473,-0.023484271765578768,-0.10659183679624995,860,15818,,92,0.54,False,False,False
xgb_depth,depth 6,st,27,immigrant,hicov,-0.07335990496549405,-0.0060784220695495605,-0.06773597002029419,-0.02299410104751587,-0.05082029104232788,860,15818,,92,0.61,False,False,False
xgb_depth,depth 6,st,28,sex_female,pincp,-0.31134078456686076,0.0003576147742929692,-0.31143197998151884,-0.04367398644731324,-0.2674003787599126,3262,3776,,92,0.31,True,False,True
xgb_depth,depth 6,st,28,sex_female,hicov,0.03289857397458151,-0.007309556007385254,0.04047185182571411,0.012208104133605957,0.0209541916847229,3262,3776,,92,0.31,True,False,True
xgb_depth,depth 6,st,28,race_bw,pincp,-0.3900275817952199,-0.11671370049953111,-0.27401351807762886,-0.14116264848504834,-0.24956457009211164,2102,4731,,91,0.27,False,False,False
xgb_depth,depth 6,st,28,race_bw,hicov,-0.022910712407444356,-0.03608745336532593,0.013189077377319336,-0.038567185401916504,0.015668809413909912,2102,4731,,91,0.31,False,False,False
xgb_depth,depth 6,st,28,immigrant,pincp,-0.13604796160766774,0.04565965233424407,-0.18240750600063294,-0.04298795866461802,-0.09375989500177084,189,6849,,92,0.26,True,False,True
xgb_depth,depth 6,st,28,immigrant,hicov,-0.20993679994994052,-0.08950424194335938,-0.11922943592071533,-0.05162692070007324,-0.15710675716400146,189,6849,,92,0.34,False,False,False
xgb_depth,depth 6,st,29,sex_female,pincp,-0.27515273629759385,-0.01293779683896723,-0.26198159366592755,-0.0193734182797769,-0.2555459722251179,7601,9533,,92,0.52,False,False,False
xgb_depth,depth 6,st,29,sex_female,hicov,0.01863879096443022,-0.008748114109039307,0.027034461498260498,0.0036356449127197266,0.014650702476501465,7601,9533,,92,0.63,True,False,True
xgb_depth,depth 6,st,29,race_bw,pincp,-0.1991943295278631,-0.09021377749044923,-0.10902336687854053,-0.12557855189342426,-0.0736585924755655,1153,15279,,91,0.54,False,False,False
xgb_depth,depth 6,st,29,immigrant,hicov,-0.07705422012447072,-0.02171379327774048,-0.05478698015213013,-0.013651907444000244,-0.06284886598587036,742,16392,,92,0.54,False,False,False
xgb_depth,depth 6,st,30,sex_female,pincp,-0.28979446174989043,0.03697774415693367,-0.3260938573527987,-0.011517664097754121,-0.27759844909811093,1065,1480,,90,0.16,True,False,True
xgb_depth,depth 6,st,31,sex_female,pincp,-0.281439103191774,0.012304212138589676,-0.29386011196884887,-0.016475243939337858,-0.26508065589092134,2516,3334,,92,0.25,True,False,True
xgb_depth,depth 6,st,31,race_bw,pincp,-0.2017146058405448,-0.07789306452476374,-0.12297648514346804,-0.1193784159222524,-0.08149113374597938,119,5464,,91,0.25,False,False,False
xgb_depth,depth 6,st,31,race_bw,hicov,-0.06312363891383777,-0.0315396785736084,-0.029188930988311768,-0.030070245265960693,-0.030658364295959473,119,5464,,91,0.27,False,False,False
xgb_depth,depth 6,st,31,immigrant,pincp,-0.30890042652009875,-0.09786839478664255,-0.21079563276545343,-0.13211450358857135,-0.17654952396352463,283,5567,,92,0.23,False,False,False
xgb_depth,depth 6,st,31,immigrant,hicov,-0.1141031101372868,-0.03225010633468628,-0.08338004350662231,-0.03650665283203125,-0.07912349700927734,283,5567,,92,0.24,False,False,False
xgb_depth,depth 6,st,32,sex_female,pincp,-0.22430918693346769,0.020586639468017864,-0.24427922356058218,-0.00347263284046484,-0.22021995125209948,3203,4225,,91,0.3,True,False,True
xgb_depth,depth 6,st,32,sex_female,hicov,0.04386575455333108,-0.0026326775550842285,0.04635089635848999,0.009549915790557861,0.0341683030128479,3203,4225,,91,0.34,True,False,True
xgb_depth,depth 6,st,32,race_bw,pincp,-0.22144703617116335,-0.08784723018447949,-0.131669924304326,-0.1126026285931978,-0.10691452589560768,508,5229,,90,0.27,False,False,False
xgb_depth,depth 6,st,32,race_bw,hicov,0.01350433605437873,-0.02642536163330078,0.039472341537475586,0.0008646845817565918,0.012182295322418213,508,5229,,90,0.27,True,False,True
xgb_depth,depth 6,st,32,immigrant,pincp,-0.30383233352831596,-0.13237022846995927,-0.17192885204559616,-0.15546254321146868,-0.14883653730408675,1872,5556,,91,0.3,False,False,False
xgb_depth,depth 6,st,32,immigrant,hicov,-0.1171244761957504,-0.05106973648071289,-0.06569749116897583,-0.025453388690948486,-0.09131383895874023,1872,5556,,91,0.35,False,False,False
xgb_depth,depth 6,st,33,sex_female,pincp,-0.2749833742141927,-0.0014417982538166285,-0.27413269361116477,-0.01310263143605006,-0.26247186042893134,1775,2482,,92,0.24,False,False,False
xgb_depth,depth 6,st,33,sex_female,hicov,0.02131947202959905,-0.005076706409454346,0.02648913860321045,0.006690800189971924,0.01472163200378418,1775,2482,,92,0.25,True,False,True
xgb_depth,depth 6,st,33,immigrant,pincp,-0.01960434517791043,0.010196324321865902,-0.03151313817583734,0.12979220102427824,-0.15110901487824968,213,4044,,92,0.22,False,False,False
xgb_depth,depth 6,st,34,sex_female,pincp,-0.27959417182269064,-0.017309737915482515,-0.2616220723588132,-0.05868696119829053,-0.22024484907600517,11310,14947,,92,0.85,False,False,False
xgb_depth,depth 6,st,34,sex_female,hicov,0.026453037100081955,-0.0021599531173706055,0.028448939323425293,0.0037271976470947266,0.02256178855895996,11310,14947,,92,0.94,True,False,True
xgb_depth,depth 6,st,34,race_bw,pincp,-0.3485279411658162,-0.14722643357159804,-0.20065351553762945,-0.1981750245063303,-0.1497049246028972,2450,19368,,91,0.7,False,False,False
xgb_depth,depth 6,st,34,immigrant,pincp,-0.18133677494972034,-0.061463847005057914,-0.11938631481396733,-0.06391322645653297,-0.11693693536249228,6979,19278,,92,0.77,False,False,False
xgb_depth,depth 6,st,34,immigrant,hicov,-0.1122939833089891,-0.04371201992034912,-0.06851857900619507,-0.019135475158691406,-0.09309512376785278,6979,19278,,92,0.91,False,False,False
xgb_depth,depth 6,st,35,sex_female,pincp,-0.19025334313377584,0.023191172030003315,-0.2133593507663516,-0.041337610130732116,-0.14883056860561616,2064,2495,,90,0.25,True,False,True
xgb_depth,depth 6,st,35,sex_female,hicov,0.027719392272917864,-0.012349545955657959,0.03941434621810913,0.017489254474639893,0.00957554578781128,2064,2495,,90,0.23,True,False,True
xgb_depth,depth 6,st,35,race_bw,pincp,-0.15214511430401068,-0.12245129404672994,-0.02706021479531806,-0.00867254418049157,-0.14083896466155643,67,3264,,88,0.19,False,False,False
xgb_depth,depth 6,st,35,immigrant,pincp,-0.22003643556194064,-0.10245140690809507,-0.11694835602841636,-0.06816118912258595,-0.15123857381392547,490,4069,,90,0.28,False,False,False
xgb_depth,depth 6,st,35,immigrant,hicov,-0.16557044051338898,-0.09110653400421143,-0.07377362251281738,-0.030284762382507324,-0.13459539413452148,490,4069,,90,0.23,False,False,False
xgb_depth,depth 6,st,36,sex_female,pincp,-0.2004874804493344,0.01983162341079492,-0.21996628654460082,-0.00961832328926171,-0.1905163398445442,24821,30289,,92,1.61,True,False,True
xgb_depth,depth 6,st,36,sex_female,hicov,0.03008149330087584,0.004824399948120117,0.02523934841156006,0.01195681095123291,0.018106937408447266,24821,30289,,92,1.71,False,False,False
xgb_depth,depth 6,st,36,race_bw,pincp,-0.27242488117953023,-0.12829137672706636,-0.1439407957603258,-0.17653667436132814,-0.09569549812606404,6432,39884,,91,1.48,False,False,False
xgb_depth,depth 6,st,36,race_bw,hicov,-0.021661153788773424,-0.01833522319793701,-0.0035743117332458496,-0.029026567935943604,0.007117033004760742,6432,39884,,91,1.42,False,True,True
xgb_depth,depth 6,st,36,immigrant,pincp,-0.16921449805576216,-0.1473599839115458,-0.02199946628450533,-0.102768402167003,-0.06659104802904814,13520,41590,,92,1.55,False,False,False
xgb_depth,depth 6,st,36,immigrant,hicov,-0.08273276675236285,-0.027710437774658203,-0.05532282590866089,-0.019422948360443115,-0.06361031532287598,13520,41590,,92,1.65,False,False,False
xgb_depth,depth 6,st,37,sex_female,pincp,-0.2513797037125798,-0.01978573309375342,-0.23115838759388296,-0.04034772522848762,-0.21059639545914877,11762,14924,,92,0.8,False,False,False
xgb_depth,depth 6,st,37,sex_female,hicov,0.026121671345438635,-0.0019063949584960938,0.02813047170639038,0.009282529354095459,0.016941547393798828,11762,14924,,92,0.9,True,False,True
xgb_depth,depth 6,st,37,race_bw,pincp,-0.3428412819155735,-0.1216564512120808,-0.22053352193403697,-0.15460680920113745,-0.1875831639449803,4251,20487,,91,0.8,False,False,False
xgb_depth,depth 6,st,37,race_bw,hicov,-0.020227158183069305,-0.02488464117050171,0.004258453845977783,-0.01963704824447632,-0.0009891390800476074,4251,20487,,91,0.8,False,True,True
xgb_depth,depth 6,st,37,immigrant,pincp,-0.10334814145842763,-0.05246695752443209,-0.05048894072341703,-0.018292699157637315,-0.0846631990902118,2369,24317,,92,0.79,False,False,False
xgb_depth,depth 6,st,37,immigrant,hicov,-0.16151536030195512,-0.09231269359588623,-0.06889510154724121,-0.0502018928527832,-0.11100590229034424,2369,24317,,92,0.85,False,False,False
xgb_depth,depth 6,st,38,sex_female,pincp,-0.40017355186717296,-0.037126731625013676,-0.3616663136724707,-0.029557227824122734,-0.36923581747336165,943,1416,,88,0.15,False,False,False
xgb_depth,depth 6,st,38,sex_female,hicov,0.016556727836991025,-0.009871959686279297,0.02660071849822998,0.014203190803527832,0.0025255680084228516,943,1416,,88,0.16,True,False,True
xgb_depth,depth 6,st,38,immigrant,pincp,-0.05300269840215499,-0.25481698152276344,0.2003507118990715,-0.06310294350829793,0.008636673884605983,67,2292,,88,0.15,False,False,False
xgb_depth,depth 6,st,38,immigrant,hicov,-0.01301737386366586,0.01148676872253418,-0.021804392337799072,-0.012643694877624512,0.002326071262359619,67,2292,,88,0.22,True,True,True
xgb_depth,depth 6,st,39,sex_female,pincp,-0.26401311233596125,-0.00986165961408858,-0.25443544922340067,-0.03049215126937277,-0.23380495756811648,14095,18698,,92,0.92,False,False,False
xgb_depth,depth 6,st,39,sex_female,hicov,0.017501789330388817,-0.005924522876739502,0.023236513137817383,-0.002148866653442383,0.019460856914520264,14095,18698,,92,1.06,False,False,False
xgb_depth,depth 6,st,39,race_bw,pincp,-0.24536897415986836,-0.10840063208585882,-0.13652211905097644,-0.12545296653852134,-0.11946978459831392,2358,29190,,91,0.93,False,False,False
xgb_depth,depth 6,st,39,race_bw,hicov,-0.01722050930684027,-0.017093539237976074,7.033348083496094e-06,-0.020639240741729736,0.003552734851837158,2358,29190,,91,1.01,False,False,False
xgb_depth,depth 6,st,39,immigrant,pincp,0.048812748806545514,0.0835592693408671,-0.03468466991986041,0.10914083168646016,-0.06026623226545347,1377,31416,,92,0.9,False,False,False
xgb_depth,depth 6,st,39,immigrant,hicov,-0.04787251600977094,-0.001664876937866211,-0.046162962913513184,-0.0024895071983337402,-0.045338332653045654,1377,31416,,92,1.06,False,False,False
xgb_depth,depth 6,st,4,sex_female,pincp,-0.23532286018952853,-0.022935329502615787,-0.212737550209825,-0.05222720567731365,-0.18344567403512713,7274,9525,,92,0.54,False,False,False
xgb_depth,depth 6,st,4,sex_female,hicov,0.028002182295263744,-0.00831151008605957,0.03635895252227783,0.01151365041732788,0.01653379201889038,7274,9525,,92,0.58,True,False,True
xgb_depth,depth 6,st,4,race_bw,pincp,-0.23746491036643214,-0.09350068152911106,-0.14535773718822576,-0.08312315949681803,-0.15573525922051878,580,13266,,91,0.51,False,False,False
xgb_depth,depth 6,st,4,immigrant,pincp,-0.22653950430917114,-0.0895273836544348,-0.13673145265677356,-0.0973828156369887,-0.12887602067421966,2617,14182,,92,0.56,False,False,False
xgb_depth,depth 6,st,4,immigrant,hicov,-0.12441581133134316,-0.05106323957443237,-0.07294422388076782,-0.03845095634460449,-0.0855565071105957,2617,14182,,92,0.57,False,False,False
xgb_depth,depth 6,st,40,sex_female,pincp,-0.29664627375391106,-0.013518885642415768,-0.28270157622876724,-0.014297038800943795,-0.2819234230702392,4029,5523,,92,0.36,False,False,False
xgb_depth,depth 6,st,40,sex_female,hicov,0.0268521712963955,-0.006559252738952637,0.03367513418197632,0.023669540882110596,0.003446340560913086,4029,5523,,92,0.38,True,False,True
xgb_depth,depth 6,st,40,race_bw,pincp,-0.2351882977597448,-0.07751095099542127,-0.15852582104401236,-0.11629316400091128,-0.11974360803852235,446,7317,,91,0.28,False,False,False
xgb_depth,depth 6,st,40,immigrant,pincp,-0.21193833439191856,-0.039288570228572794,-0.1725316361460809,-0.058926764330498926,-0.15289344204415478,556,8996,,92,0.34,False,False,False
xgb_depth,depth 6,st,40,immigrant,hicov,-0.21967477152115567,-0.07619583606719971,-0.14370930194854736,-0.09307992458343506,-0.126825213432312,556,8996,,92,0.36,False,False,False
xgb_depth,depth 6,st,41,sex_female,pincp,-0.2149141704901094,-0.0012392199097028822,-0.2132272577254657,-0.013851758973416395,-0.20061471866175218,4421,6132,,91,0.35,False,False,False
xgb_depth,depth 6,st,41,sex_female,hicov,0.019092850303944253,2.9087066650390625e-05,0.019269943237304688,0.008027076721191406,0.011271953582763672,4421,6132,,91,0.41,False,False,False
xgb_depth,depth 6,st,41,race_bw,pincp,-0.25634392603690337,-0.06263786596085552,-0.19548059926663797,-0.06806689867401339,-0.1900515665534801,131,9171,,90,0.34,False,False,False
xgb_depth,depth 6,st,41,race_bw,hicov,0.014280827134320662,-0.011831223964691162,0.0268135666847229,-0.014837980270385742,0.02982032299041748,131,9171,,90,0.31,False,False,False
xgb_depth,depth 6,st,41,immigrant,pincp,-0.14781387524339173,-0.0649232182538153,-0.08258391022236822,-0.03714809016663878,-0.11035903830954474,1186,9367,,91,0.37,False,False,False
xgb_depth,depth 6,st,41,immigrant,hicov,-0.06071924489673575,-0.03164660930633545,-0.028659582138061523,-0.02156597375869751,-0.03874021768569946,1186,9367,,91,0.38,False,False,False
xgb_depth,depth 6,st,42,sex_female,pincp,-0.2608191999909497,0.0038806299460638627,-0.2649852535439816,-0.02723848842500942,-0.23386613517290833,15681,20483,,92,0.95,True,False,True
xgb_depth,depth 6,st,42,sex_female,hicov,0.02210470837581824,-0.005605816841125488,0.027817726135253906,0.0018587112426757812,0.020353198051452637,15681,20483,,92,1.09,True,False,True
xgb_depth,depth 6,st,42,race_bw,pincp,-0.18461695160788594,-0.10445316249010439,-0.08054865169356162,-0.12548641828041518,-0.059515395903250834,1775,32726,,91,1.03,False,False,False
xgb_depth,depth 6,st,42,race_bw,hicov,-0.02623379954603866,-0.02526998519897461,-0.0010222196578979492,-0.010898709297180176,-0.015393495559692383,1775,32726,,91,1.14,False,False,False
xgb_depth,depth 6,st,42,immigrant,pincp,0.01895036834457109,0.004737437082223295,0.014795614669202095,0.061046316359464114,-0.041513264608038725,2085,34079,,92,0.97,False,True,True
xgb_depth,depth 6,st,42,immigrant,hicov,-0.05231362901110781,-0.013091802597045898,-0.038772523403167725,-0.008409261703491211,-0.04345506429672241,2085,34079,,92,1.14,False,False,False
xgb_depth,depth 6,st,44,sex_female,pincp,-0.2343378528442699,0.03177034167366344,-0.2657499690204759,0.03704368810009662,-0.27102331544690905,1329,1569,,88,0.19,False,False,False
xgb_depth,depth 6,st,44,sex_female,hicov,0.019553510668755658,-0.005127072334289551,0.024863123893737793,-0.0019562840461730957,0.021692335605621338,1329,1569,,88,0.18,False,False,False
xgb_depth,depth 6,st,44,race_bw,pincp,-0.2926052160795276,-0.0772202860858382,-0.2152217102809164,-0.13304322739127095,-0.15939876897548366,123,2515,,87,0.16,False,False,False
xgb_depth,depth 6,st,44,immigrant,pincp,-0.24674267801177407,-0.17408052578761968,-0.07166523120731227,-0.1252188005644097,-0.12052695643052225,463,2435,,88,0.18,False,False,False
xgb_depth,depth 6,st,44,immigrant,hicov,-0.05373667847845276,-0.04256957769393921,-0.010387837886810303,-0.010029435157775879,-0.04292798042297363,463,2435,,88,0.2,False,False,False
xgb_depth,depth 6,st,45,sex_female,pincp,-0.2785360372270027,-0.04237223048025385,-0.2361528636109984,-0.05359404077278107,-0.22493105331847119,5691,7032,,92,0.45,False,False,False
xgb_depth,depth 6,st,45,sex_female,hicov,0.032366685197812495,-0.004777967929840088,0.03724473714828491,0.008201241493225098,0.024265527725219727,5691,7032,,92,0.46,True,False,True
xgb_depth,depth 6,st,45,race_bw,pincp,-0.3830184381611712,-0.14299955679259035,-0.24063146925708523,-0.1649950117110741,-0.21863601433860147,2541,9653,,91,0.41,False,False,False
xgb_depth,depth 6,st,45,race_bw,hicov,-0.01027585594795033,-0.02766495943069458,0.017469406127929688,-0.026226580142974854,0.01603102684020996,2541,9653,,91,0.44,False,False,False
xgb_depth,depth 6,st,45,immigrant,pincp,-0.08057504916947344,-0.11016615543791808,0.028673650454107857,-0.01717958323228075,-0.06431292175152947,654,12069,,92,0.5,False,True,True
xgb_depth,depth 6,st,45,immigrant,hicov,-0.20226282970777365,-0.12240153551101685,-0.07976782321929932,-0.05654442310333252,-0.14562493562698364,654,12069,,92,0.44,False,False,False
xgb_depth,depth 6,st,46,sex_female,pincp,-0.2908753073247148,-0.010880334262697744,-0.27803449201615926,-0.008768113436662617,-0.2801467128421944,1104,1489,,87,0.15,False,False,False
xgb_depth,depth 6,st,46,sex_female,hicov,0.02619511684721776,-0.007796287536621094,0.03391218185424805,0.0031383633613586426,0.02297753095626831,1104,1489,,87,0.18,True,False,True
xgb_depth,depth 6,st,46,immigrant,pincp,-0.23296569506982934,-0.000336973680878927,-0.23159059811093208,-0.14421949491842945,-0.08770807687338156,77,2516,,87,0.16,False,False,False
xgb_depth,depth 6,st,46,immigrant,hicov,-0.05143187496128676,-0.05652773380279541,0.007288932800292969,-0.14514172077178955,0.09590291976928711,77,2516,,87,0.15,False,False,False
xgb_depth,depth 6,st,47,sex_female,pincp,-0.2515418813310255,0.0017336600573276684,-0.25281180853717977,-0.012225167211486365,-0.23885298126836574,7731,9938,,92,0.53,True,False,True
xgb_depth,depth 6,st,47,sex_female,hicov,0.03620466553737811,0.0025762319564819336,0.03360724449157715,0.01576972007751465,0.020413756370544434,7731,9938,,92,0.61,False,False,False
xgb_depth,depth 6,st,47,race_bw,pincp,-0.24291613774690468,-0.1120378399236035,-0.13074554936406635,-0.12959321381203637,-0.11319017547563348,2084,14855,,91,0.6,False,False,False
xgb_depth,depth 6,st,47,race_bw,hicov,-0.019212108604546363,-0.023342132568359375,0.003201425075531006,-0.017279207706451416,-0.002861499786376953,2084,14855,,91,0.64,False,True,True
xgb_depth,depth 6,st,47,immigrant,pincp,-0.12017643285205182,-0.05499061072982059,-0.06446944662128296,-0.03104494352519893,-0.08841511382590461,982,16687,,92,0.67,False,False,False
xgb_depth,depth 6,st,47,immigrant,hicov,-0.22928094933956544,-0.10879689455032349,-0.12073814868927002,-0.038363873958587646,-0.19117116928100586,982,16687,,92,0.62,False,False,False
xgb_depth,depth 6,st,48,sex_female,pincp,-0.280056055773656,-0.02306276069060864,-0.2567577009609803,-0.04137630902678602,-0.2384441526248029,31110,42184,,92,2.01,False,False,False
xgb_depth,depth 6,st,48,sex_female,hicov,0.05040712336269337,-0.0017990469932556152,0.052007198333740234,0.025162160396575928,0.02504599094390869,31110,42184,,92,2.18,True,False,True
xgb_depth,depth 6,st,48,race_bw,pincp,-0.2224747386930428,-0.07749733404603987,-0.14489999880231252,-0.0964427511608772,-0.1259545816874752,6632,57703,,91,1.98,False,False,False
xgb_depth,depth 6,st,48,race_bw,hicov,0.020478520087899965,-0.009048640727996826,0.029472410678863525,0.000773310661315918,0.01965045928955078,6632,57703,,91,1.89,True,False,True
xgb_depth,depth 6,st,48,immigrant,pincp,-0.24244797762234072,-0.08323928384863244,-0.15920710900469182,-0.08106456149237573,-0.16138183136094852,14045,59249,,92,1.96,False,False,False
xgb_depth,depth 6,st,48,immigrant,hicov,-0.18640997892927536,-0.10186755657196045,-0.0845339298248291,-0.06354647874832153,-0.12285500764846802,14045,59249,,92,2.21,False,False,False
xgb_depth,depth 6,st,49,sex_female,pincp,-0.3688677720811935,-0.06200304122317846,-0.3064388577071373,-0.08103069126507556,-0.2874112076652402,2631,4858,,91,0.29,False,False,False
xgb_depth,depth 6,st,49,sex_female,hicov,0.016111383121001355,-0.016643166542053223,0.033238112926483154,-0.015157639980316162,0.031752586364746094,2631,4858,,91,0.33,False,False,False
xgb_depth,depth 6,st,49,race_bw,pincp,-0.3013406887576444,-0.38260421446500104,0.0809356056477224,-0.12590593780581294,-0.1757626710114657,54,6795,,90,0.24,False,True,True
xgb_depth,depth 6,st,49,immigrant,pincp,-0.33821703312701956,-0.20706039608942994,-0.1309140901739152,-0.18118775215989302,-0.15678673410345212,677,6812,,91,0.32,False,False,False
xgb_depth,depth 6,st,49,immigrant,hicov,-0.16394736545378696,-0.04572266340255737,-0.11854380369186401,-0.05771231651306152,-0.10655415058135986,677,6812,,91,0.32,False,False,False
xgb_depth,depth 6,st,5,sex_female,pincp,-0.2661997987464133,-0.02373483301050605,-0.24332292260659294,-0.013117134268558317,-0.2539406213485407,3295,4129,,92,0.28,False,False,False
xgb_depth,depth 6,st,5,sex_female,hicov,0.0323388622831734,-0.003158867359161377,0.035477638244628906,0.014421939849853516,0.017896831035614014,3295,4129,,92,0.3,True,False,True
xgb_depth,depth 6,st,5,race_bw,pincp,-0.2823326565036659,-0.11228837045474904,-0.17043633346190212,-0.11611063163542568,-0.1666140722812255,802,6230,,91,0.28,False,False,False
xgb_depth,depth 6,st,5,immigrant,pincp,-0.24308967053588226,-0.06797306128738079,-0.17493397335604044,-0.08079175954579654,-0.1621152750976247,391,7033,,92,0.31,False,False,False
xgb_depth,depth 6,st,5,immigrant,hicov,-0.14289813131590456,-0.00867551565170288,-0.1342717409133911,-0.02906322479248047,-0.11388403177261353,391,7033,,92,0.29,False,False,False
xgb_depth,depth 6,st,50,sex_female,pincp,-0.14022086869054817,0.039139066701810776,-0.179552164523054,0.07465480817788261,-0.21506790599912584,852,1028,,86,0.14,False,False,False
xgb_depth,depth 6,st,50,sex_female,hicov,0.029192013298989794,-0.004703938961029053,0.03360795974731445,0.01157158613204956,0.01733243465423584,852,1028,,86,0.16,True,False,True
xgb_depth,depth 6,st,50,immigrant,pincp,0.08646994507348538,0.046887558042600475,0.04152056907414803,-0.008114626239185796,0.0965227533559343,61,1819,,86,0.14,True,False,True
xgb_depth,depth 6,st,50,immigrant,hicov,-0.033039230706837674,0.01588541269302368,-0.04673880338668823,0.0259091854095459,-0.05676257610321045,61,1819,,86,0.16,False,False,False
xgb_depth,depth 6,st,51,sex_female,pincp,-0.27302751178342,-0.0605113368705954,-0.21304711799885112,-0.0736098587265559,-0.19994859614289062,11165,13892,,92,0.67,False,False,False
xgb_depth,depth 6,st,51,sex_female,hicov,0.018292008635743984,-0.006166994571685791,0.024577856063842773,0.005030691623687744,0.013380169868469238,11165,13892,,92,0.79,True,False,True
xgb_depth,depth 6,st,51,race_bw,pincp,-0.3105158451780081,-0.15711577334799465,-0.15287999145101594,-0.17495914860849915,-0.13503661619051144,3571,18633,,91,0.72,False,False,False
xgb_depth,depth 6,st,51,race_bw,hicov,-0.012815493743969841,-0.024390220642089844,0.01170659065246582,-0.017688453197479248,0.005004823207855225,3571,18633,,91,0.8,False,False,False
xgb_depth,depth 6,st,51,immigrant,pincp,-0.08827680242906055,-0.031883023631138485,-0.05668798864977731,-0.000315139907291595,-0.0882558723736242,3568,21489,,92,0.76,False,False,False
xgb_depth,depth 6,st,51,immigrant,hicov,-0.08259353987972162,-0.035627663135528564,-0.047238826751708984,-0.014382123947143555,-0.068484365940094,3568,21489,,92,0.82,False,False,False
xgb_depth,depth 6,st,53,sex_female,pincp,-0.2748983811241228,-0.042268199878911616,-0.23303602814614166,-0.058929267471340196,-0.21637496055371308,8203,11854,,92,0.59,False,False,False
xgb_depth,depth 6,st,53,sex_female,hicov,0.02300643443582484,-0.002875387668609619,0.02601468563079834,0.0030721426010131836,0.020067155361175537,8203,11854,,92,0.71,True,False,True
xgb_depth,depth 6,st,53,race_bw,pincp,-0.2401969338879315,-0.10394027767217828,-0.1366634842886132,-0.08387932813846533,-0.15672443382232615,498,16076,,91,0.55,False,False,False
xgb_depth,depth 6,st,53,immigrant,pincp,-0.06386455533668745,-0.03366757168166856,-0.03050696440360312,-0.02706181290532861,-0.037112723179943075,3142,16915,,92,0.62,False,False,False
xgb_depth,depth 6,st,53,immigrant,hicov,-0.08703524361614123,-0.0441054105758667,-0.04239374399185181,-0.008785784244537354,-0.07771337032318115,3142,16915,,92,0.64,False,False,False
xgb_depth,depth 6,st,54,sex_female,pincp,-0.2653994856022521,0.003725629422989485,-0.2707678419341537,-0.06004869282504188,-0.20699351968612234,1870,2372,,91,0.2,True,False,True
xgb_depth,depth 6,st,54,sex_female,hicov,0.019418618282818212,-0.008824765682220459,0.02836662530899048,0.008625030517578125,0.010916829109191895,1870,2372,,91,0.2,True,False,True
xgb_depth,depth 6,st,54,race_bw,pincp,-0.10287333642424024,-0.1186787073255644,0.014812926377615554,-0.044254139214679356,-0.059611641733269494,95,4041,,90,0.22,False,True,True
xgb_depth,depth 6,st,54,immigrant,pincp,0.09627748981801787,0.03152699977581008,0.060954376818184386,0.08590703610539485,0.006574340488599617,92,4150,,91,0.23,False,False,False
xgb_depth,depth 6,st,54,immigrant,hicov,-0.03514929282346779,-0.027741730213165283,-0.007983922958374023,0.008042752742767334,-0.04376840591430664,92,4150,,91,0.22,True,False,True
xgb_depth,depth 6,st,55,sex_female,pincp,-0.24014252727026175,0.014288364646215967,-0.25477355658001777,0.010013777214957997,-0.2504989691487598,7379,10129,,92,0.51,False,False,False
xgb_depth,depth 6,st,55,sex_female,hicov,0.020999134207080772,-0.0037713050842285156,0.024784386157989502,0.0055547356605529785,0.015458345413208008,7379,10129,,92,0.53,True,False,True
xgb_depth,depth 6,st,55,race_bw,pincp,-0.23597190532807133,-0.09762553413849595,-0.13920871275537117,-0.10482320998093186,-0.13201103691293525,357,16436,,91,0.57,False,False,False
xgb_depth,depth 6,st,55,race_bw,hicov,-0.03011085183647566,-0.025464773178100586,-0.0051043033599853516,-0.020788371562957764,-0.009780704975128174,357,16436,,91,0.53,False,False,False
xgb_depth,depth 6,st,55,immigrant,pincp,-0.08377285580072602,-0.025996763368565823,-0.05796661737001152,-0.019475607972740505,-0.06448777276583684,662,16846,,92,0.54,False,False,False
xgb_depth,depth 6,st,55,immigrant,hicov,-0.1264630042973257,-0.03788113594055176,-0.08852678537368774,-0.021503448486328125,-0.10490447282791138,662,16846,,92,0.62,False,False,False
xgb_depth,depth 6,st,56,sex_female,pincp,-0.36346992208175166,-0.020686669847775008,-0.3417047616328155,-0.05571514024035373,-0.30667629124023676,647,956,,85,0.15,False,False,False
xgb_depth,depth 6,st,56,sex_female,hicov,0.03127243214579034,-0.009673595428466797,0.04182791709899902,-0.00867009162902832,0.04082441329956055,647,956,,85,0.14,False,False,False
xgb_depth,depth 6,st,56,immigrant,pincp,-0.18877279319069018,-0.07580738475353144,-0.11335197613411374,-0.11771969264363769,-0.07143966824400749,51,1552,,85,0.13,False,False,False
xgb_depth,depth 6,st,56,immigrant,hicov,-0.07889882757226607,-0.04148697853088379,-0.040366530418395996,-0.04128003120422363,-0.04057347774505615,51,1552,,85,0.14,False,False,False
xgb_depth,depth 6,st,6,sex_female,pincp,-0.18146729971729947,0.012760722551524495,-0.1943063581295199,-0.0001456584137624617,-0.18139997716423295,41076,58207,,92,2.34,True,False,True
xgb_depth,depth 6,st,6,sex_female,hicov,0.03384123084023194,0.0010692477226257324,0.03282421827316284,0.009659349918365479,0.024234116077423096,41076,58207,,92,2.69,False,False,False
xgb_depth,depth 6,st,6,race_bw,pincp,-0.18246297664314604,-0.09276271265226121,-0.08950598806561771,-0.08330333348657781,-0.09896536723130112,4119,61748,,91,1.78,False,False,False
xgb_depth,depth 6,st,6,race_bw,hicov,0.015345646834364346,0.008137106895446777,0.006890594959259033,0.010399043560028076,0.004628658294677734,4119,61748,,91,1.89,False,False,False
xgb_depth,depth 6,st,6,immigrant,pincp,-0.26875090094567966,-0.12353800267252169,-0.14512290193918886,-0.10893355416368422,-0.15972735044802633,35042,64241,,92,2.38,False,False,False
xgb_depth,depth 6,st,6,immigrant,hicov,-0.080050513778545,-0.039042115211486816,-0.04104334115982056,-0.01919388771057129,-0.060891568660736084,35042,64241,,92,2.47,False,False,False
xgb_depth,depth 6,st,8,sex_female,pincp,-0.21981364393633918,-0.013007259263648763,-0.20679901162004732,-0.02231182984208324,-0.19749444104161284,6943,9596,,92,0.58,False,False,False
xgb_depth,depth 6,st,8,sex_female,hicov,0.03742758652198985,-0.0012581348419189453,0.03858482837677002,0.012932538986206055,0.02439415454864502,6943,9596,,92,0.64,True,False,True
xgb_depth,depth 6,st,8,race_bw,pincp,-0.22475618247098517,-0.1196390940361276,-0.10544993773015321,-0.0857429801943077,-0.1393460515719731,402,14662,,91,0.5,False,False,False
xgb_depth,depth 6,st,8,immigrant,pincp,-0.23250097022780913,-0.17620867254941075,-0.05676128279850623,-0.12535245103603643,-0.10761750431188055,1649,14890,,92,0.55,False,False,False
xgb_depth,depth 6,st,8,immigrant,hicov,-0.15452220671420613,-0.08355063199996948,-0.07002675533294678,-0.0278470516204834,-0.12573033571243286,1649,14890,,92,0.68,False,False,False
xgb_depth,depth 6,st,9,sex_female,pincp,-0.32591543934684,-0.028860556215034805,-0.29705881152403535,-0.06052984878853174,-0.2653895189505384,4662,6012,,92,0.41,False,False,False
xgb_depth,depth 6,st,9,sex_female,hicov,0.01643880835497602,-0.0045320987701416016,0.020949482917785645,0.0020255446434020996,0.014391839504241943,4662,6012,,92,0.4,True,False,True
xgb_depth,depth 6,st,9,race_bw,pincp,-0.4323223792453419,-0.12655946130792017,-0.3064511911090424,-0.24842695446172947,-0.1845836979552331,757,8886,,91,0.41,False,False,False
xgb_depth,depth 6,st,9,race_bw,hicov,-0.02647716518436527,-0.031785011291503906,0.005372464656829834,-0.027707338333129883,0.0012947916984558105,757,8886,,91,0.44,False,False,False
xgb_depth,depth 6,st,9,immigrant,pincp,-0.12330295028208837,-0.08493437526956882,-0.03981533958189587,-0.08041408926167115,-0.04433562558979354,1722,8952,,92,0.42,False,False,False
xgb_depth,depth 6,st,9,immigrant,hicov,-0.07303061157765922,-0.02707451581954956,-0.04548126459121704,-0.011384248733520508,-0.061171531677246094,1722,8952,,92,0.45,False,False,False
xgb_depth,depth 7,naics_2,11,sex_female,pincp,-0.17442832844735356,0.028439081846455494,-0.20455140602297917,0.009313233752047623,-0.1854255579285713,1770,10168,,63,0.32,False,False,False
xgb_depth,depth 7,naics_2,11,sex_female,hicov,0.06072557308405235,-0.016575753688812256,0.07755041122436523,0.0004056096076965332,0.060569047927856445,1770,10168,,63,0.32,True,False,True
xgb_depth,depth 7,naics_2,11,race_bw,pincp,-0.3082373735363646,-0.15275436539709908,-0.15281476435600716,-0.12756517317992788,-0.17800395657317836,198,10459,,62,0.29,False,False,False
xgb_depth,depth 7,naics_2,11,race_bw,hicov,-0.08277004677234145,-0.04677218198776245,-0.03396385908126831,-0.10385918617248535,0.02312314510345459,198,10459,,62,0.3,False,True,True
xgb_depth,depth 7,naics_2,11,immigrant,pincp,-0.5044989627739547,-0.2759495234836731,-0.22862432828587131,-0.1845861808586715,-0.3199876709108729,2454,9484,,63,0.31,False,False,False
xgb_depth,depth 7,naics_2,11,immigrant,hicov,-0.29192622963498427,-0.07681488990783691,-0.2148694396018982,-0.06547129154205322,-0.22621303796768188,2454,9484,,63,0.35,False,False,False
xgb_depth,depth 7,naics_2,21,sex_female,pincp,-0.1566003960737774,0.15404628469850934,-0.31040971893462377,0.13173470540449728,-0.2880981396406117,858,4828,,60,0.19,False,False,False
xgb_depth,depth 7,naics_2,21,sex_female,hicov,0.029791252657864087,-0.004210114479064941,0.0345463752746582,-0.003995120525360107,0.03433138132095337,858,4828,,60,0.19,False,False,False
xgb_depth,depth 7,naics_2,21,race_bw,pincp,-0.3229724667527538,-0.13692947034017777,-0.18403892284811363,-0.09561002855948075,-0.22535836462881065,204,5009,,59,0.2,False,False,False
xgb_depth,depth 7,naics_2,21,race_bw,hicov,-0.03411114895149525,-0.036113858222961426,0.0012427568435668945,-0.04331117868423462,0.008440077304840088,204,5009,,59,0.21,False,False,False
xgb_depth,depth 7,naics_2,21,immigrant,pincp,0.04340662820095709,0.2341391408910347,-0.19022227797104385,0.14825006156662113,-0.10433319864663027,538,5148,,60,0.22,False,False,False
xgb_depth,depth 7,naics_2,21,immigrant,hicov,-0.029199631430114614,-0.02514040470123291,-0.003837108612060547,-0.012237846851348877,-0.01673966646194458,538,5148,,60,0.32,False,False,False
xgb_depth,depth 7,naics_2,22,sex_female,pincp,-0.16498741705883546,0.0918584005572729,-0.25611828840480655,0.05125972749869234,-0.215519615346226,2383,8526,,63,0.38,False,False,False
xgb_depth,depth 7,naics_2,22,race_bw,pincp,-0.20612530453511546,-0.0747322382000899,-0.13199475538295324,-0.07544120358336315,-0.13128578999968,778,9258,,62,0.38,False,False,False
xgb_depth,depth 7,naics_2,22,race_bw,hicov,-0.010228352495528115,-0.011016666889190674,0.001422107219696045,-0.010266244411468506,0.000671684741973877,778,9258,,62,0.29,False,False,False
xgb_depth,depth 7,naics_2,22,immigrant,pincp,0.05236980693181259,0.1459864076793984,-0.0939076491131754,0.08825543285083981,-0.036176674284616794,791,10118,,63,0.3,False,False,False
xgb_depth,depth 7,naics_2,22,immigrant,hicov,-0.04415682556453315,-0.017733991146087646,-0.026004016399383545,-0.0013342499732971191,-0.04240375757217407,791,10118,,63,0.35,False,False,False
xgb_depth,depth 7,naics_2,23,sex_female,pincp,-0.0626446456082057,0.10595896194710441,-0.16868201074229106,0.10982851064193078,-0.17255155943711742,5486,50901,,58,1.2,False,False,False
xgb_depth,depth 7,naics_2,23,sex_female,hicov,0.10012223552223276,0.016251444816589355,0.0838780403137207,0.03219568729400635,0.06793379783630371,5486,50901,,58,1.37,False,False,False
xgb_depth,depth 7,naics_2,23,race_bw,pincp,-0.2200815585744582,-0.10140229603147333,-0.11920728107902967,-0.059980809790152634,-0.16062876732035036,2207,47852,,57,1.03,False,False,False
xgb_depth,depth 7,naics_2,23,immigrant,pincp,-0.32078281195261127,-0.14097582615791637,-0.17977441567035513,-0.10173165509056759,-0.2190185867377039,11081,45306,,58,1.19,False,False,False
xgb_depth,depth 7,naics_2,23,immigrant,hicov,-0.3059844323527965,-0.09981894493103027,-0.20604866743087769,-0.06769979000091553,-0.23816782236099243,11081,45306,,58,1.36,False,False,False
xgb_depth,depth 7,naics_2,31,sex_female,pincp,-0.2629578528630354,-0.04122277020801768,-0.22146295004435324,-0.05004425270620949,-0.21264146754616142,6080,10147,,65,0.47,False,False,False
xgb_depth,depth 7,naics_2,31,race_bw,pincp,-0.303773085054587,-0.1377136218069115,-0.16659059140265953,-0.1408876383911437,-0.1634165748184273,1704,11987,,64,0.46,False,False,False
xgb_depth,depth 7,naics_2,31,race_bw,hicov,-0.015489638422845342,-0.026968657970428467,0.012164711952209473,-0.023639202117919922,0.008835256099700928,1704,11987,,64,0.47,False,False,False
xgb_depth,depth 7,naics_2,31,immigrant,pincp,-0.34096890087177734,-0.16578859528236123,-0.17569652416223924,-0.09646730997157427,-0.2450178094730262,3768,12459,,65,0.52,False,False,False
xgb_depth,depth 7,naics_2,31,immigrant,hicov,-0.12329223291887836,-0.04256647825241089,-0.08082723617553711,-0.03450506925582886,-0.08888864517211914,3768,12459,,65,0.55,False,False,False
xgb_depth,depth 7,naics_2,32,sex_female,pincp,-0.14835792196557485,0.07158223989533141,-0.21964033662055193,0.04723833559475743,-0.19529643231997795,8451,21977,,67,0.82,False,False,False
xgb_depth,depth 7,naics_2,32,sex_female,hicov,0.013688911235591239,-0.007387220859527588,0.02092456817626953,-0.00574183464050293,0.019279181957244873,8451,21977,,67,0.88,False,False,False
xgb_depth,depth 7,naics_2,32,race_bw,pincp,-0.2647300616488355,-0.10377552785804589,-0.16142244455198984,-0.09903410719275918,-0.16616386521727655,2081,25276,,66,0.71,False,False,False
xgb_depth,depth 7,naics_2,32,race_bw,hicov,-0.011317819176341226,-0.022318482398986816,0.011657476425170898,-0.02101355791091919,0.010352551937103271,2081,25276,,66,0.79,False,False,False
xgb_depth,depth 7,naics_2,32,immigrant,pincp,-0.08673017505501157,0.017173081116485633,-0.10349281047329661,0.055899637002804425,-0.1422193663596154,4028,26400,,67,0.78,False,False,False
xgb_depth,depth 7,naics_2,32,immigrant,hicov,-0.07233731305106683,-0.01819479465484619,-0.05438554286956787,-0.013338625431060791,-0.05924171209335327,4028,26400,,67,0.82,False,False,False
xgb_depth,depth 7,naics_2,33,sex_female,pincp,-0.2637016416912381,-0.028159592679129375,-0.23589389326167343,-0.0403175134598559,-0.2237359724809469,16238,50594,,69,1.65,False,False,False
xgb_depth,depth 7,naics_2,33,race_bw,pincp,-0.32554110402042724,-0.11875579158586547,-0.20659502642385874,-0.14244699834167385,-0.18290381966805036,3920,54728,,68,1.42,False,False,False
xgb_depth,depth 7,naics_2,33,race_bw,hicov,-0.017633588298643477,-0.020297884941101074,0.0021416544914245605,-0.02305382490158081,0.004897594451904297,3920,54728,,68,1.67,False,False,False
xgb_depth,depth 7,naics_2,33,immigrant,pincp,-0.031002990109508133,0.04528547786251558,-0.07645289892365881,0.0784080059540262,-0.10957542701516942,10156,56676,,69,1.59,False,False,False
xgb_depth,depth 7,naics_2,33,immigrant,hicov,-0.04499232538424991,-0.007344305515289307,-0.03753793239593506,-0.011740386486053467,-0.0331418514251709,10156,56676,,69,1.77,False,False,False
xgb_depth,depth 7,naics_2,3M,sex_female,pincp,-0.3035433700709156,-0.022746835152089417,-0.28130485790391013,-0.05120077211083185,-0.2528509209451677,879,1984,,57,0.21,False,False,False
xgb_depth,depth 7,naics_2,3M,race_bw,pincp,-0.2366623367706051,-0.10310728179758044,-0.13347881773243664,-0.09224958510134407,-0.144336514428673,323,2116,,56,0.21,False,False,False
xgb_depth,depth 7,naics_2,3M,race_bw,hicov,-0.028134455453656892,-0.028485000133514404,-1.722574234008789e-05,-0.01223212480545044,-0.016270101070404053,323,2116,,56,0.14,False,False,False
xgb_depth,depth 7,naics_2,3M,immigrant,pincp,-0.26129086957903347,-0.026197306418991317,-0.23736572013330104,-0.05206781460642951,-0.21149521194586285,595,2268,,57,0.15,False,False,False
xgb_depth,depth 7,naics_2,3M,immigrant,hicov,-0.10675381263616557,-0.04655861854553223,-0.05846583843231201,-0.001871943473815918,-0.10315251350402832,595,2268,,57,0.17,False,False,False
xgb_depth,depth 7,naics_2,42,sex_female,pincp,-0.2022436858462644,0.037324365236294454,-0.23965731246329902,0.004149726088821026,-0.2064826733158256,7903,20186,,63,0.75,False,False,False
xgb_depth,depth 7,naics_2,42,race_bw,pincp,-0.37749029566436754,-0.0883290560492398,-0.28871072838083656,-0.11117707791929732,-0.26586270651077903,1496,23358,,62,0.7,False,False,False
xgb_depth,depth 7,naics_2,42,race_bw,hicov,-0.03178101331838812,-0.03483438491821289,0.003488481044769287,-0.040981948375701904,0.0096360445022583,1496,23358,,62,0.66,False,False,False
xgb_depth,depth 7,naics_2,42,immigrant,pincp,-0.2093096720413552,-0.05402334825335231,-0.1542659176427339,-0.03841603977627628,-0.16987322611980993,4233,23856,,63,0.81,False,False,False
xgb_depth,depth 7,naics_2,42,immigrant,hicov,-0.08411581584950278,-0.019660592079162598,-0.06474655866622925,-0.012197673320770264,-0.07220947742462158,4233,23856,,63,0.8,False,False,False
xgb_depth,depth 7,naics_2,44,sex_female,pincp,-0.25509860736859835,-0.015768763090640903,-0.23926756614534916,-0.03347351321366787,-0.2215628160223222,20205,31547,,63,1.3,False,False,False
xgb_depth,depth 7,naics_2,44,sex_female,hicov,0.014269738289013567,-0.014115631580352783,0.028466343879699707,-0.017892539501190186,0.03224325180053711,20205,31547,,63,1.37,False,False,False
xgb_depth,depth 7,naics_2,44,race_bw,pincp,-0.21868542569681537,-0.0730287948438395,-0.14539047442885078,-0.07768136939311354,-0.14073789987957674,3611,41916,,62,1.1,False,False,False
xgb_depth,depth 7,naics_2,44,race_bw,hicov,-0.02434017062887106,-0.030206382274627686,0.005630671977996826,-0.037076354026794434,0.012500643730163574,3611,41916,,62,1.15,False,False,False
xgb_depth,depth 7,naics_2,44,immigrant,pincp,-0.09665531045817133,-0.009972797027259617,-0.08643278910105678,0.016718858849952056,-0.11312444497826846,7415,44337,,63,1.29,True,False,True
xgb_depth,depth 7,naics_2,44,immigrant,hicov,-0.09476766488920885,-0.0043531060218811035,-0.09042209386825562,-0.010664761066436768,-0.08411043882369995,7415,44337,,63,1.32,False,False,False
xgb_depth,depth 7,naics_2,45,sex_female,pincp,-0.25316293341938767,-0.05533429473320517,-0.197717630694763,-0.07413459209591444,-0.17891733333205373,10711,10829,,62,0.58,False,False,False
xgb_depth,depth 7,naics_2,45,sex_female,hicov,0.012157341696831914,-0.008775770664215088,0.020843863487243652,-0.007984399795532227,0.02005249261856079,10711,10829,,62,0.6,False,False,False
xgb_depth,depth 7,naics_2,45,race_bw,pincp,-0.2128505955917941,-0.13151664967666576,-0.08133394388757686,-0.12263173213532319,-0.09021886142891944,2034,17052,,61,0.57,False,False,False
xgb_depth,depth 7,naics_2,45,race_bw,hicov,-0.023157172542498827,-0.018421411514282227,-0.0043601393699646,-0.023227810859680176,0.0004462599754333496,2034,17052,,61,0.52,False,True,True
xgb_depth,depth 7,naics_2,45,immigrant,hicov,-0.04191854009015972,0.011884927749633789,-0.05387181043624878,0.0010828971862792969,-0.04306977987289429,2784,18756,,62,0.6,False,False,False
xgb_depth,depth 7,naics_2,48,sex_female,pincp,-0.21276262819450054,0.053833672888398354,-0.26714419639064957,0.03204249382483404,-0.24535301732708525,5254,23016,,60,0.72,False,False,False
xgb_depth,depth 7,naics_2,48,sex_female,hicov,0.030014488853288057,-0.0035321712493896484,0.03328526020050049,-0.0006603598594665527,0.030413448810577393,5254,23016,,60,0.79,False,False,False
xgb_depth,depth 7,naics_2,48,race_bw,pincp,-0.19750902181684893,-0.05391488074893047,-0.14345176492245137,-0.09163694824924029,-0.10572969742214156,3689,21206,,59,0.61,False,False,False
xgb_depth,depth 7,naics_2,48,immigrant,pincp,-0.19393861612739371,-0.08157095432662409,-0.11273635723819453,-0.0573612883502026,-0.13694602321461602,4910,23360,,60,0.71,False,False,False
xgb_depth,depth 7,naics_2,48,immigrant,hicov,-0.0972118858633485,-0.0061702728271484375,-0.09116703271865845,-0.017033398151397705,-0.08030390739440918,4910,23360,,60,0.72,False,False,False
xgb_depth,depth 7,naics_2,49,sex_female,pincp,-0.12368417112049634,-0.011055486140412185,-0.11212699733912679,-0.023367586655560046,-0.09981489682397893,3808,8351,,58,0.34,False,False,False
xgb_depth,depth 7,naics_2,49,sex_female,hicov,0.014366675001937002,-0.009974837303161621,0.02412015199661255,-0.009998083114624023,0.02414339780807495,3808,8351,,58,0.35,False,False,False
xgb_depth,depth 7,naics_2,49,race_bw,pincp,-0.16454436798651528,-0.049249019720420506,-0.1152286435988934,-0.02256294907258294,-0.14191471424673097,1973,8563,,57,0.28,False,False,False
xgb_depth,depth 7,naics_2,49,race_bw,hicov,-0.016498035874827455,-0.021051108837127686,0.004728555679321289,-0.02251666784286499,0.006194114685058594,1973,8563,,57,0.32,False,False,False
xgb_depth,depth 7,naics_2,49,immigrant,pincp,-0.17166827475629098,0.033251996984311916,-0.205021955864634,-0.03182729675136642,-0.13994266212895567,1836,10323,,58,0.34,True,False,True
xgb_depth,depth 7,naics_2,49,immigrant,hicov,-0.0865438493521985,-0.014990508556365967,-0.07142376899719238,-0.007984280586242676,-0.07842999696731567,1836,10323,,58,0.38,False,False,False
xgb_depth,depth 7,naics_2,4M,sex_female,pincp,-0.2786318676631705,-0.046884693419778856,-0.2328118909265573,-0.03602533147071263,-0.24367125287562352,998,1164,,58,0.13,False,False,False
xgb_depth,depth 7,naics_2,4M,sex_female,hicov,0.010045864925727788,-0.021338582038879395,0.031769394874572754,-0.00847768783569336,0.01890850067138672,998,1164,,58,0.15,False,False,False
xgb_depth,depth 7,naics_2,4M,race_bw,pincp,-0.15479391581975044,-0.10017191443501439,-0.05694126602200811,-0.04347799759371718,-0.11363518286330532,247,1637,,57,0.14,False,False,False
xgb_depth,depth 7,naics_2,4M,race_bw,hicov,-0.030964116743623538,-0.027399837970733643,-0.004768073558807373,0.0008860230445861816,-0.0330539345741272,247,1637,,57,0.13,True,False,True
xgb_depth,depth 7,naics_2,4M,immigrant,pincp,-0.0850289573043419,-0.08128533957128958,-0.004341353169614592,-0.03858955315924284,-0.047037139581661336,319,1843,,58,0.13,False,False,False
xgb_depth,depth 7,naics_2,4M,immigrant,hicov,-0.13497313396278732,-0.08150720596313477,-0.05271834135055542,0.009130001068115234,-0.14335554838180542,319,1843,,58,0.13,True,False,True
xgb_depth,depth 7,naics_2,51,sex_female,pincp,-0.2458908158496964,-0.056009744457517385,-0.18924780244086925,-0.06507347837483657,-0.18018406852355007,7812,12919,,61,0.58,False,False,False
xgb_depth,depth 7,naics_2,51,race_bw,pincp,-0.27989747972265633,-0.12507832025580612,-0.15522222014371145,-0.10872529889349103,-0.17157524150602654,1646,16501,,60,0.52,False,False,False
xgb_depth,depth 7,naics_2,51,race_bw,hicov,-0.016109226562578738,-0.014663338661193848,-0.0016373395919799805,-0.01244807243347168,-0.0038526058197021484,1646,16501,,60,0.56,False,False,False
xgb_depth,depth 7,naics_2,51,immigrant,pincp,0.20968129890285958,0.18578646587007341,0.022886776066531667,0.17402301938349574,0.034650222553109344,2744,17987,,61,0.59,False,False,False
xgb_depth,depth 7,naics_2,51,immigrant,hicov,-0.012184536904771393,0.011006653308868408,-0.023057758808135986,0.00353926420211792,-0.015590369701385498,2744,17987,,61,0.6,False,False,False
xgb_depth,depth 7,naics_2,52,sex_female,pincp,-0.5682567617236298,-0.20155742144276978,-0.3664254075467621,-0.24412017975217104,-0.32386264923736086,29688,23262,,59,1.16,False,False,False
xgb_depth,depth 7,naics_2,52,race_bw,pincp,-0.36008972810087947,-0.1089269937280779,-0.2510790185150409,-0.13592290268225504,-0.22408310956086375,4183,42821,,58,1.02,False,False,False
xgb_depth,depth 7,naics_2,52,race_bw,hicov,-0.014619821613350514,-0.012917697429656982,-0.0018002986907958984,-0.01182466745376587,-0.0028933286666870117,4183,42821,,58,1.21,False,False,False
xgb_depth,depth 7,naics_2,52,immigrant,pincp,0.12872852116941047,0.14877652467980695,-0.020406376744320553,0.12985939839263771,-0.0014892504571513143,6431,46519,,59,1.22,False,False,False
xgb_depth,depth 7,naics_2,52,immigrant,hicov,-0.013713639558709967,0.0036531686782836914,-0.017510831356048584,-0.0005022883415222168,-0.013355374336242676,6431,46519,,59,1.29,True,False,True
xgb_depth,depth 7,naics_2,53,sex_female,pincp,-0.20368571994394458,-0.006017202885480799,-0.1978123296828258,-0.030031760107361194,-0.1737977724609454,7356,9663,,59,0.47,False,False,False
xgb_depth,depth 7,naics_2,53,sex_female,hicov,0.016528081163935893,-0.009041786193847656,0.025220930576324463,-0.007660090923309326,0.023839235305786133,7356,9663,,59,0.51,False,False,False
xgb_depth,depth 7,naics_2,53,race_bw,pincp,-0.36522123116522387,-0.06875142825553837,-0.29603880470280863,-0.1190079805040547,-0.2457822524542923,1331,13771,,58,0.37,False,False,False
xgb_depth,depth 7,naics_2,53,race_bw,hicov,-0.022543426742933304,-0.024874329566955566,0.002913177013397217,-0.028501152992248535,0.0065400004386901855,1331,13771,,58,0.44,False,False,False
xgb_depth,depth 7,naics_2,53,immigrant,pincp,-0.16413766013544517,-0.047649470527746374,-0.11625043055791551,-0.017978007368618876,-0.145921893717043,2515,14504,,59,0.48,False,False,False
xgb_depth,depth 7,naics_2,53,immigrant,hicov,-0.06069583601534756,-0.009650826454162598,-0.051016390323638916,-0.011608660221099854,-0.04905855655670166,2515,14504,,59,0.52,False,False,False
xgb_depth,depth 7,naics_2,54,sex_female,pincp,-0.3899332779490621,-0.1046213094919981,-0.2855352086025942,-0.12233407733242174,-0.26782244076217054,29018,43958,,60,1.68,False,False,False
xgb_depth,depth 7,naics_2,54,race_bw,pincp,-0.2660095394753377,-0.10036121795613084,-0.16630066645398855,-0.1118682954528154,-0.154793588957304,3444,58849,,59,1.4,False,False,False
xgb_depth,depth 7,naics_2,54,race_bw,hicov,-0.01714595588240375,-0.013934612274169922,-0.003229796886444092,-0.01577591896057129,-0.0013884902000427246,3444,58849,,59,1.59,False,False,False
xgb_depth,depth 7,naics_2,54,immigrant,pincp,0.0722182219525429,0.09474418020351649,-0.023067729090284317,0.09307272586099025,-0.02139627474775807,12006,60970,,60,1.81,False,False,False
xgb_depth,depth 7,naics_2,54,immigrant,hicov,-0.01085133722024234,0.012233078479766846,-0.02301204204559326,0.002424299716949463,-0.013203263282775879,12006,60970,,60,1.91,False,False,False
xgb_depth,depth 7,naics_2,55,sex_female,pincp,-0.41916513373735675,-0.14815350106427871,-0.27128582695366354,-0.17657954299058254,-0.24285978502735972,689,659,,57,0.1,False,False,False
xgb_depth,depth 7,naics_2,55,race_bw,pincp,-0.39175907995863213,-0.029292436169580327,-0.3577822954096703,-0.06538471714879535,-0.3216900144304553,77,1128,,55,0.1,False,False,False
xgb_depth,depth 7,naics_2,55,race_bw,hicov,-0.0421962788984066,-0.004657745361328125,-0.039171576499938965,0.0007203221321105957,-0.044549643993377686,77,1128,,55,0.09,True,False,True
xgb_depth,depth 7,naics_2,55,immigrant,pincp,0.08036547274432237,-0.026102915277697036,0.10987614106452526,0.036285290074568266,0.047487935712259954,155,1193,,57,0.11,True,False,True
xgb_depth,depth 7,naics_2,55,immigrant,hicov,-0.013233107103263642,-0.005889236927032471,-0.007984340190887451,0.0022141337394714355,-0.016087710857391357,155,1193,,57,0.1,True,False,True
xgb_depth,depth 7,naics_2,56,sex_female,pincp,-0.1285776356521673,0.009754009638296424,-0.13880237682105445,0.032552248840469034,-0.16160061602322706,10600,18487,,60,0.78,False,False,False
xgb_depth,depth 7,naics_2,56,sex_female,hicov,0.04997762323550159,-0.01123034954071045,0.061523377895355225,0.004482626914978027,0.04581040143966675,10600,18487,,60,0.87,True,False,True
xgb_depth,depth 7,naics_2,56,race_bw,pincp,-0.2488064758317332,-0.1048830224993651,-0.14399535326989543,-0.06557364528682008,-0.18330473048244045,3326,21705,,59,0.71,False,False,False
xgb_depth,depth 7,naics_2,56,immigrant,pincp,-0.2986422731817857,-0.12392329818392511,-0.17559150028805526,-0.07506667911128595,-0.22444811936069442,6273,22814,,60,0.74,False,False,False
xgb_depth,depth 7,naics_2,56,immigrant,hicov,-0.20222463599230545,-0.06434071063995361,-0.13738000392913818,-0.03004157543182373,-0.17167913913726807,6273,22814,,60,0.79,False,False,False
xgb_depth,depth 7,naics_2,61,sex_female,pincp,-0.19832442884073664,0.0034571642041303363,-0.20177004248002817,-0.006233545185157396,-0.19207933309074043,51590,26189,,58,1.69,True,False,True
xgb_depth,depth 7,naics_2,61,race_bw,pincp,-0.1508946986242261,-0.14782518879420792,-0.0025405220095180425,-0.10322303622926654,-0.04714267457445942,6910,63986,,57,1.53,False,False,False
xgb_depth,depth 7,naics_2,61,race_bw,hicov,-0.020329754659157317,-0.012965857982635498,-0.0074211955070495605,-0.010035872459411621,-0.010351181030273438,6910,63986,,57,1.63,False,False,False
xgb_depth,depth 7,naics_2,61,immigrant,pincp,0.0230344050453688,-0.001217647849481196,0.02435269804459317,0.043704877457518165,-0.020569827262406193,7723,70056,,58,1.75,True,True,True
xgb_depth,depth 7,naics_2,61,immigrant,hicov,-0.017128937570610958,-0.003259122371673584,-0.013860344886779785,-0.005277395248413086,-0.011842072010040283,7723,70056,,58,1.88,False,False,False
xgb_depth,depth 7,naics_2,62,sex_female,pincp,-0.44504958913086057,-0.1652155663308541,-0.280056714493929,-0.23384673976641857,-0.21142554105836453,90900,29476,,63,2.82,False,False,False
xgb_depth,depth 7,naics_2,62,race_bw,pincp,-0.2858392759919255,-0.1580884988575466,-0.12771061729133848,-0.16902237742012538,-0.11677673872875971,15995,88854,,62,2.46,False,False,False
xgb_depth,depth 7,naics_2,62,race_bw,hicov,-0.030612993952736645,-0.02357649803161621,-0.00706106424331665,-0.025966167449951172,-0.0046713948249816895,15995,88854,,62,2.78,False,False,False
xgb_depth,depth 7,naics_2,62,immigrant,pincp,0.08046984533417856,0.09751408492258307,-0.017229698663429716,0.10509617302528795,-0.024811786766134603,18087,102289,,63,2.98,False,False,False
xgb_depth,depth 7,naics_2,62,immigrant,hicov,-0.023957826396521553,0.004099667072296143,-0.027912020683288574,-0.0023394227027893066,-0.021472930908203125,18087,102289,,63,3.14,True,False,True
xgb_depth,depth 7,naics_2,71,sex_female,pincp,-0.17333409352919382,0.01375452014994849,-0.1881469663613693,0.004020180228797798,-0.1784126264402186,5061,7575,,58,0.35,False,False,False
xgb_depth,depth 7,naics_2,71,sex_female,hicov,0.025007150389016353,-0.0071378350257873535,0.032061994075775146,-0.006371915340423584,0.03129607439041138,5061,7575,,58,0.38,False,False,False
xgb_depth,depth 7,naics_2,71,race_bw,pincp,-0.23704578398977638,-0.11488333648456006,-0.12213334502153828,-0.08121052724711753,-0.1558061542589808,968,9874,,57,0.33,False,False,False
xgb_depth,depth 7,naics_2,71,race_bw,hicov,-0.017584791513566844,-0.02259594202041626,0.005519449710845947,-0.026102185249328613,0.0090256929397583,968,9874,,57,0.37,False,False,False
xgb_depth,depth 7,naics_2,71,immigrant,pincp,-0.12326965074971952,-0.08024392095636124,-0.04368379675687528,-0.034006037102900066,-0.08992168061033645,1670,10966,,58,0.38,False,False,False
xgb_depth,depth 7,naics_2,71,immigrant,hicov,-0.05514562703882775,-0.00815814733505249,-0.04755789041519165,-0.005520224571228027,-0.05019581317901611,1670,10966,,58,0.38,False,False,False
xgb_depth,depth 7,naics_2,72,sex_female,pincp,-0.18401379581246324,-0.011151534626433701,-0.17286830452358792,-0.007929627801628314,-0.1760902113483933,14143,17193,,58,0.71,False,False,False
xgb_depth,depth 7,naics_2,72,sex_female,hicov,0.04015889515060789,-0.01938760280609131,0.05936998128890991,-0.0216062068939209,0.0615885853767395,14143,17193,,58,0.83,False,False,False
xgb_depth,depth 7,naics_2,72,race_bw,pincp,-0.1928744781570586,-0.10028103113577735,-0.09219783090987299,-0.056387411892281136,-0.1360914501533692,3165,21329,,57,0.59,False,False,False
xgb_depth,depth 7,naics_2,72,immigrant,pincp,-0.1366419172241944,-0.050388208262120315,-0.08597641412558765,-0.012355064989009179,-0.12400955739869879,9698,21638,,58,0.74,False,False,False
xgb_depth,depth 7,naics_2,72,immigrant,hicov,-0.14235072495587275,0.013340294361114502,-0.15538299083709717,-0.003245532512664795,-0.13879716396331787,9698,21638,,58,0.89,True,False,True
xgb_depth,depth 7,naics_2,81,sex_female,pincp,-0.19443770611913358,-0.0007580147670296355,-0.19344458455505098,-0.050136462988334074,-0.14406613633374654,14329,19378,,63,0.85,False,False,False
xgb_depth,depth 7,naics_2,81,sex_female,hicov,0.028035678892645688,-0.015317380428314209,0.043393850326538086,-0.009496867656707764,0.03757333755493164,14329,19378,,63,0.92,False,False,False
xgb_depth,depth 7,naics_2,81,race_bw,pincp,-0.1435280769370042,-0.04388442754794397,-0.0994295619627561,-0.04653850474333687,-0.0967754847673632,2516,26304,,62,0.78,False,False,False
xgb_depth,depth 7,naics_2,81,race_bw,hicov,-0.025556209118091866,-0.03208732604980469,0.005751550197601318,-0.02892172336578369,0.0025859475135803223,2516,26304,,62,0.79,False,False,False
xgb_depth,depth 7,naics_2,81,immigrant,pincp,-0.28521872580984997,-0.18996695768723804,-0.09548983156568802,-0.1027156416141235,-0.18274114763880256,6640,27067,,63,0.84,False,False,False
xgb_depth,depth 7,naics_2,81,immigrant,hicov,-0.13345759362866183,-0.04895484447479248,-0.08478659391403198,-0.03959912061691284,-0.09414231777191162,6640,27067,,63,0.92,False,False,False
xgb_depth,depth 7,naics_2,92,sex_female,pincp,-0.2414473940877997,-0.014406714762738915,-0.22685859463098623,-0.04959336419664062,-0.19167194519708453,24767,31895,,60,1.25,False,False,False
xgb_depth,depth 7,naics_2,92,race_bw,pincp,-0.10552062676527818,-0.053860398205626936,-0.05162965708693079,-0.03796326471293554,-0.06752679057962219,7382,43626,,59,1.18,False,False,False
xgb_depth,depth 7,naics_2,92,immigrant,pincp,0.04760441151955597,0.08354948873701318,-0.03580767418009145,0.09156641017872857,-0.04382459562180685,4213,52449,,60,1.3,False,False,False
xgb_depth,depth 7,naics_2,92,immigrant,hicov,-0.014170391838873697,-0.0007610321044921875,-0.013363957405090332,-0.0030747652053833008,-0.011050224304199219,4213,52449,,60,1.42,False,False,False
xgb_depth,depth 7,st,1,sex_female,pincp,-0.31555702394613583,-0.023309115091343813,-0.292103503304876,-0.03746219117347671,-0.2779504272227431,5293,6854,,92,0.42,False,False,False
xgb_depth,depth 7,st,1,sex_female,hicov,0.021982361759625313,-0.005063295364379883,0.027087092399597168,-0.0007925033569335938,0.02281630039215088,5293,6854,,92,0.47,False,False,False
xgb_depth,depth 7,st,1,race_bw,pincp,-0.28298982130619343,-0.14056390675383312,-0.14263767452321474,-0.1561748483648291,-0.12702673291221878,2338,9360,,91,0.45,False,False,False
xgb_depth,depth 7,st,1,race_bw,hicov,-0.03265821836181115,-0.022555232048034668,-0.01040351390838623,-0.017507553100585938,-0.015451192855834961,2338,9360,,91,0.48,False,False,False
xgb_depth,depth 7,st,1,immigrant,pincp,-0.10406233370699525,-0.021973588903327013,-0.08449039619208065,-0.02844540114267069,-0.07801858395273698,463,11684,,92,0.44,False,False,False
xgb_depth,depth 7,st,1,immigrant,hicov,-0.19473714954566734,-0.07253170013427734,-0.12144094705581665,-0.04950350522994995,-0.14446914196014404,463,11684,,92,0.49,False,False,False
xgb_depth,depth 7,st,10,sex_female,pincp,-0.23852588673327801,-0.018150848281763388,-0.2184222062543384,-0.012315856934986158,-0.22425719760111562,1208,1387,,88,0.16,False,False,False
xgb_depth,depth 7,st,10,sex_female,hicov,0.018984825985857268,-0.008051455020904541,0.02745598554611206,0.008955597877502441,0.010448932647705078,1208,1387,,88,0.19,True,False,True
xgb_depth,depth 7,st,10,race_bw,pincp,-0.26441259231673087,-0.13183667019098344,-0.13204394183581414,-0.1017048449203859,-0.16217576710641168,431,1975,,87,0.16,False,False,False
xgb_depth,depth 7,st,10,immigrant,hicov,-0.056482306259616144,-0.03179216384887695,-0.024907588958740234,-0.00877314805984497,-0.04792660474777222,265,2330,,88,0.19,False,False,False
xgb_depth,depth 7,st,11,sex_female,pincp,-0.1948040157321529,-0.03480185953285542,-0.16126715531491165,-0.05878711387942026,-0.1372819009683468,1214,1142,,68,0.14,False,False,False
xgb_depth,depth 7,st,11,sex_female,hicov,0.01159848469548208,-0.0003771185874938965,0.012348175048828125,-0.00461655855178833,0.01658761501312256,1214,1142,,68,0.15,False,False,False
xgb_depth,depth 7,st,11,race_bw,pincp,-0.5086204482738559,-0.3078606514608957,-0.19934698569873,-0.2652157250665077,-0.241991912093118,642,1452,,66,0.15,False,False,False
xgb_depth,depth 7,st,11,race_bw,hicov,-0.030167863855204535,-0.027233898639678955,-0.0027300119400024414,-0.05657869577407837,0.026614785194396973,642,1452,,66,0.12,False,True,True
xgb_depth,depth 7,st,11,immigrant,pincp,-0.20919592588855096,-0.08899770829244957,-0.12016409799164407,-0.064195412197666,-0.14496639408642764,316,2040,,68,0.17,False,False,False
xgb_depth,depth 7,st,11,immigrant,hicov,-0.046624472573839615,-0.022951245307922363,-0.02309250831604004,-0.01846933364868164,-0.02757441997528076,316,2040,,68,0.16,False,False,False
xgb_depth,depth 7,st,12,sex_female,pincp,-0.22696732350444826,-0.008683373018323337,-0.21859901059067077,-0.01128890536776872,-0.2159934782412254,22979,28252,,92,1.53,False,False,False
xgb_depth,depth 7,st,12,sex_female,hicov,0.04205411755614552,0.003071308135986328,0.03906279802322388,0.009951412677764893,0.03218269348144531,22979,28252,,92,1.69,False,False,False
xgb_depth,depth 7,st,12,race_bw,pincp,-0.31454446007065684,-0.10096129969719492,-0.21364277205690385,-0.1504809506568332,-0.16412312109726557,6198,41213,,91,1.39,False,False,False
xgb_depth,depth 7,st,12,race_bw,hicov,-0.010981150374180237,-0.026485145092010498,0.01563107967376709,-0.029472053050994873,0.018617987632751465,6198,41213,,91,1.65,False,False,False
xgb_depth,depth 7,st,12,immigrant,pincp,-0.19235966803892168,-0.06253950690708443,-0.12975597585981902,-0.06515898189103808,-0.12713650087586537,12037,39194,,92,1.59,False,False,False
xgb_depth,depth 7,st,12,immigrant,hicov,-0.08944399925169921,-0.04151356220245361,-0.047958970069885254,-0.028352439403533936,-0.06112009286880493,12037,39194,,92,1.75,False,False,False
xgb_depth,depth 7,st,13,sex_female,pincp,-0.2577587064321296,-0.02448283084290992,-0.23362649988150785,-0.03279133008537194,-0.22531800063904583,11957,14978,,92,0.87,False,False,False
xgb_depth,depth 7,st,13,sex_female,hicov,0.040407528990723085,0.0027953386306762695,0.037659525871276855,0.016235649585723877,0.024219214916229248,11957,14978,,92,0.9,False,False,False
xgb_depth,depth 7,st,13,race_bw,pincp,-0.3001484008017652,-0.11875668060142353,-0.1818880010614219,-0.1352796925701938,-0.16536498909265163,6248,18543,,91,0.84,False,False,False
xgb_depth,depth 7,st,13,immigrant,pincp,-0.13744674471266727,-0.04482395604292044,-0.09251967664846106,-0.010044672317439662,-0.12729896037394184,3334,23601,,92,0.86,False,False,False
xgb_depth,depth 7,st,13,immigrant,hicov,-0.1524436310144861,-0.07684135437011719,-0.07510656118392944,-0.04712420701980591,-0.10482370853424072,3334,23601,,92,0.95,False,False,False
xgb_depth,depth 7,st,15,sex_female,pincp,-0.20822507750450292,-0.009421975195882837,-0.1989562401813636,-0.015015501236007367,-0.19336271414123907,1861,2153,,87,0.22,False,False,False
xgb_depth,depth 7,st,15,immigrant,pincp,-0.22547582941900401,-0.16858514711340788,-0.05625703652650138,-0.08573429250540521,-0.13910789113450406,811,3203,,87,0.22,False,False,False
xgb_depth,depth 7,st,15,immigrant,hicov,-0.016183964401437767,0.008245289325714111,-0.0247991681098938,-0.002234160900115967,-0.01431971788406372,811,3203,,87,0.24,True,False,True
xgb_depth,depth 7,st,16,sex_female,pincp,-0.2783884125134932,-0.039520795068849424,-0.23833472109805243,-0.059260640753988625,-0.21859487541291323,1482,2423,,92,0.22,False,False,False
xgb_depth,depth 7,st,16,sex_female,hicov,0.02785997661858386,-0.014130353927612305,0.04231846332550049,0.01132577657699585,0.016862332820892334,1482,2423,,92,0.24,True,False,True
xgb_depth,depth 7,st,16,immigrant,pincp,-0.23283176258720495,-0.1758797032815238,-0.05696812148271313,-0.09812438042603944,-0.1347234443381975,270,3635,,92,0.23,False,False,False
xgb_depth,depth 7,st,16,immigrant,hicov,-0.21530898160884404,-0.0758523941040039,-0.13907241821289062,-0.03667682409286499,-0.17824798822402954,270,3635,,92,0.21,False,False,False
xgb_depth,depth 7,st,17,sex_female,pincp,-0.2669812951341086,-0.016376779951491116,-0.2506295560757845,-0.029815184902481917,-0.23719115112479372,16072,20780,,92,1.1,False,False,False
xgb_depth,depth 7,st,17,sex_female,hicov,0.021942164973691503,-0.0030483007431030273,0.02489340305328369,0.0019018054008483887,0.019943296909332275,16072,20780,,92,1.24,True,False,True
xgb_depth,depth 7,st,17,race_bw,pincp,-0.2526898601930849,-0.12851496277467866,-0.12302355699360135,-0.147450392093317,-0.104088127674963,2889,29991,,91,0.99,False,False,False
xgb_depth,depth 7,st,17,race_bw,hicov,-0.010611837064445684,-0.01168137788772583,0.0010588765144348145,-0.009901285171508789,-0.0007212162017822266,2889,29991,,91,1.11,False,True,True
xgb_depth,depth 7,st,17,immigrant,pincp,-0.15593137100749743,-0.08799017434133383,-0.06730254768890553,-0.05264915910207435,-0.10264356292816501,5317,31535,,92,1.13,False,False,False
xgb_depth,depth 7,st,17,immigrant,hicov,-0.10988308425168858,-0.0432475209236145,-0.06667661666870117,-0.017949342727661133,-0.09197479486465454,5317,31535,,92,1.25,False,False,False
xgb_depth,depth 7,st,18,sex_female,pincp,-0.27875708923041387,-0.016528160366243938,-0.2626267026240736,-0.03144962228573611,-0.24770524070458144,7777,10797,,92,0.58,False,False,False
xgb_depth,depth 7,st,18,sex_female,hicov,0.0213776825624451,-0.009544014930725098,0.03106558322906494,-0.004433870315551758,0.0259554386138916,7777,10797,,92,0.7,False,False,False
xgb_depth,depth 7,st,18,race_bw,pincp,-0.2081506916689495,-0.08761000947507114,-0.12092966337467992,-0.13697262330234672,-0.07156704954740434,952,16842,,91,0.64,False,False,False
xgb_depth,depth 7,st,18,race_bw,hicov,-0.02568159433349404,-0.024892985820770264,-0.0003427863121032715,-0.024556636810302734,-0.0006791353225708008,952,16842,,91,0.7,False,False,False
xgb_depth,depth 7,st,18,immigrant,pincp,-0.06084523232568806,-0.0030204563130311612,-0.05860632029309265,0.0063444053691110724,-0.06797118197523488,902,17672,,92,0.63,True,False,True
xgb_depth,depth 7,st,18,immigrant,hicov,-0.12342297535078728,-0.045728087425231934,-0.07728374004364014,-0.023779332637786865,-0.0992324948310852,902,17672,,92,0.69,False,False,False
xgb_depth,depth 7,st,19,sex_female,pincp,-0.2736595145704044,0.0024828361931827914,-0.27560020193818957,-0.011783624662919934,-0.26133374108208685,4140,5444,,91,0.37,True,False,True
xgb_depth,depth 7,st,19,sex_female,hicov,0.016002371089743006,-0.004141688346862793,0.02025127410888672,0.0024338364601135254,0.0136757493019104,4140,5444,,91,0.41,True,False,True
xgb_depth,depth 7,st,19,race_bw,pincp,-0.24415269307218423,0.008032736994032064,-0.2520382600611093,-0.06975478287834136,-0.17425074018873588,111,9195,,90,0.33,True,False,True
xgb_depth,depth 7,st,19,race_bw,hicov,-0.03685316638008318,-0.004520297050476074,-0.03222787380218506,-0.03663480281829834,-0.00011336803436279297,111,9195,,90,0.32,False,False,False
xgb_depth,depth 7,st,19,immigrant,pincp,-0.17885441342499675,-0.04999612340887616,-0.12983171455380926,-0.04934507093116025,-0.13048276703152517,337,9247,,91,0.36,False,False,False
xgb_depth,depth 7,st,19,immigrant,hicov,-0.09074592802413417,-0.0370863676071167,-0.05279815196990967,-0.007265627384185791,-0.08261889219284058,337,9247,,91,0.4,False,False,False
xgb_depth,depth 7,st,2,sex_female,pincp,-0.2467624061895748,0.009760443845600264,-0.25772092313804684,-0.049663997139974825,-0.19829648215247175,633,751,,78,0.13,True,False,True
xgb_depth,depth 7,st,2,sex_female,hicov,0.016433065549251835,-0.022847414016723633,0.039054274559020996,0.019312620162963867,-0.003105759620666504,633,751,,78,0.14,True,True,True
xgb_depth,depth 7,st,2,immigrant,pincp,-0.4029133360731656,-0.24645424226374857,-0.1549736026010784,-0.09805781829020788,-0.3033700265746191,138,1246,,78,0.12,False,False,False
xgb_depth,depth 7,st,2,immigrant,hicov,-0.051969199990694825,-0.06670331954956055,0.01389533281326294,-0.06036335229873657,0.007555365562438965,138,1246,,78,0.14,False,False,False
xgb_depth,depth 7,st,20,sex_female,pincp,-0.2804944645361651,0.0033660639197830022,-0.28353620995076767,0.0018205536305249126,-0.2819906996615096,3580,4753,,92,0.29,False,False,False
xgb_depth,depth 7,st,20,sex_female,hicov,0.028491913957312542,-0.008408188819885254,0.03674757480621338,0.008468925952911377,0.019870460033416748,3580,4753,,92,0.35,True,False,True
xgb_depth,depth 7,st,20,race_bw,pincp,-0.17290278528006198,-0.11804919815095616,-0.054617573055825375,-0.11888160132126835,-0.053785169885513184,235,7590,,91,0.3,False,False,False
xgb_depth,depth 7,st,20,race_bw,hicov,-0.07053233537969883,-0.006537377834320068,-0.0639721155166626,-0.012751162052154541,-0.057758331298828125,235,7590,,91,0.37,False,False,False
xgb_depth,depth 7,st,20,immigrant,pincp,-0.16134057531916035,-0.11082479766633213,-0.05074320039360458,-0.07492076197002362,-0.0866472360899131,556,7777,,92,0.37,False,False,False
xgb_depth,depth 7,st,20,immigrant,hicov,-0.12007737258823514,-0.04172152280807495,-0.07848948240280151,-0.036512017250061035,-0.08369898796081543,556,7777,,92,0.37,False,False,False
xgb_depth,depth 7,st,21,sex_female,pincp,-0.27344839490346473,-0.006748105659220016,-0.2659980682131362,-0.0230318526605906,-0.24971432121176562,5168,6566,,92,0.39,False,False,False
xgb_depth,depth 7,st,21,sex_female,hicov,0.018908447118046068,-0.004212379455566406,0.02284640073776245,0.003944814205169678,0.014689207077026367,5168,6566,,92,0.5,True,False,True
xgb_depth,depth 7,st,21,race_bw,pincp,-0.26856783080580726,-0.16851443740192984,-0.09922608256362331,-0.14779820715009606,-0.11994231281545709,647,10738,,91,0.41,False,False,False
xgb_depth,depth 7,st,21,immigrant,pincp,-0.07145706307004751,-0.002692392177689129,-0.06874179764057509,0.022410916156598404,-0.09384510597486262,445,11289,,92,0.41,True,False,True
xgb_depth,depth 7,st,21,immigrant,hicov,-0.12914371253313106,-0.052368223667144775,-0.07698571681976318,-0.012409985065460205,-0.11694395542144775,445,11289,,92,0.48,False,False,False
xgb_depth,depth 7,st,22,sex_female,pincp,-0.3786737215261695,-0.04238010375676993,-0.33562306809037423,-0.09726123040076651,-0.28074194144637765,5065,5961,,92,0.41,False,False,False
xgb_depth,depth 7,st,22,sex_female,hicov,0.02384849994857985,-0.005434811115264893,0.029379844665527344,0.0049901604652404785,0.018954873085021973,5065,5961,,92,0.43,True,False,True
xgb_depth,depth 7,st,22,race_bw,pincp,-0.3835029925119162,-0.18641817548408568,-0.19653386996031763,-0.18807086611840873,-0.19488117932599458,2477,8026,,91,0.38,False,False,False
xgb_depth,depth 7,st,22,race_bw,hicov,-0.029161130645144806,-0.03211629390716553,0.0030755996704101562,-0.03384721279144287,0.0048065185546875,2477,8026,,91,0.42,False,False,False
xgb_depth,depth 7,st,22,immigrant,pincp,-0.12196761308323723,-0.03303769605390272,-0.08874311603929286,-0.009191212969190232,-0.11258959912400535,503,10523,,92,0.42,False,False,False
xgb_depth,depth 7,st,22,immigrant,hicov,-0.16816652116191944,-0.09884941577911377,-0.06900769472122192,-0.049933671951293945,-0.11792343854904175,503,10523,,92,0.44,False,False,False
xgb_depth,depth 7,st,23,sex_female,pincp,-0.19825235908339245,-0.004117238133268586,-0.1938438389710484,0.0035694231134151266,-0.2015305002177321,1463,1847,,89,0.18,True,False,True
xgb_depth,depth 7,st,23,sex_female,hicov,0.02401966426130797,0.01666569709777832,0.006859838962554932,0.009713411331176758,0.013812124729156494,1463,1847,,89,0.21,False,False,False
xgb_depth,depth 7,st,23,immigrant,pincp,0.01777096885950158,-0.10258231841972965,0.1202414601548707,0.04147486156184854,-0.023815719826707493,103,3207,,89,0.19,True,True,True
xgb_depth,depth 7,st,23,immigrant,hicov,0.013819890349084707,0.005737125873565674,0.008211731910705566,-0.009880244731903076,0.023829102516174316,103,3207,,89,0.18,True,False,True
xgb_depth,depth 7,st,24,sex_female,pincp,-0.21181734877639613,-0.01698583278842314,-0.19503955237920856,-0.030915153477604207,-0.1811102316900275,8713,10246,,92,0.61,False,False,False
xgb_depth,depth 7,st,24,sex_female,hicov,0.020371533298194855,0.002643585205078125,0.017900466918945312,0.010323822498321533,0.010220229625701904,8713,10246,,92,0.79,False,False,False
xgb_depth,depth 7,st,24,race_bw,pincp,-0.24287667447884864,-0.10551763336559894,-0.1369157293249259,-0.13944149190142063,-0.10299187078910421,4610,12209,,91,0.64,False,False,False
xgb_depth,depth 7,st,24,immigrant,pincp,-0.15568432450642078,-0.0714196209551563,-0.08460118635988678,-0.04171517561902682,-0.11430563169601626,3231,15728,,92,0.7,False,False,False
xgb_depth,depth 7,st,24,immigrant,hicov,-0.09323396376594617,-0.03743624687194824,-0.05574345588684082,-0.017377614974975586,-0.07580208778381348,3231,15728,,92,0.7,False,False,False
xgb_depth,depth 7,st,25,sex_female,pincp,-0.24144678808740672,-0.018055581126223075,-0.22387011435643167,-0.061526150055989604,-0.18039954542666514,9062,11429,,92,0.76,False,False,False
xgb_depth,depth 7,st,25,race_bw,pincp,-0.3719536144677207,-0.22092256681005296,-0.15096313497064529,-0.24054092161661877,-0.13134478016407947,1013,17304,,91,0.64,False,False,False
xgb_depth,depth 7,st,25,race_bw,hicov,-0.02695569022038513,-0.019112586975097656,-0.008262336254119873,-0.015024304389953613,-0.012350618839263916,1013,17304,,91,0.76,False,False,False
xgb_depth,depth 7,st,25,immigrant,pincp,-0.14461822017134907,-0.08422522556195311,-0.06026313776517078,-0.08441949410495475,-0.06006886922216914,3687,16804,,92,0.69,False,False,False
xgb_depth,depth 7,st,25,immigrant,hicov,-0.027022590162996685,-0.012182533740997314,-0.01464623212814331,-0.005024909973144531,-0.021803855895996094,3687,16804,,92,0.86,False,False,False
xgb_depth,depth 7,st,26,sex_female,pincp,-0.24651994082032935,-0.0025534980579138278,-0.24398433218619253,-0.028709273373708655,-0.2178285568703977,10790,14934,,92,0.78,False,False,False
xgb_depth,depth 7,st,26,sex_female,hicov,0.019076658955257342,-0.004410505294799805,0.02353060245513916,-0.0013973712921142578,0.020517468452453613,10790,14934,,92,0.84,False,False,False
xgb_depth,depth 7,st,26,race_bw,pincp,-0.2167167997666084,-0.08736981141705513,-0.13018677909911247,-0.12088645832644396,-0.09667013218972365,1695,22671,,91,0.77,False,False,False
xgb_depth,depth 7,st,26,race_bw,hicov,-0.01643165823712256,-0.025793731212615967,0.00969022512435913,-0.018301784992218018,0.0021982789039611816,1695,22671,,91,0.87,False,False,False
xgb_depth,depth 7,st,26,immigrant,pincp,0.11652478612974271,0.13469121057059041,-0.017873422555151564,0.14320330173274343,-0.026385513717304576,1631,24093,,92,0.75,False,False,False
xgb_depth,depth 7,st,26,immigrant,hicov,-0.03729620884818308,0.01561194658279419,-0.05299067497253418,0.0026710033416748047,-0.040049731731414795,1631,24093,,92,0.87,False,False,False
xgb_depth,depth 7,st,27,sex_female,pincp,-0.22993728022987447,-0.00011051927403826767,-0.22979463621462237,6.589202024365193e-05,-0.2299710475089043,7010,9668,,92,0.55,True,False,True
xgb_depth,depth 7,st,27,sex_female,hicov,0.017500090006769664,0.0020772218704223633,0.01568549871444702,0.0035762786865234375,0.014186441898345947,7010,9668,,92,0.64,False,False,False
xgb_depth,depth 7,st,27,race_bw,pincp,-0.270576940371841,-0.22360237729380827,-0.04566610389182735,-0.10233604277945219,-0.16693243840618344,307,15438,,91,0.53,False,False,False
xgb_depth,depth 7,st,27,race_bw,hicov,-0.05278400562426233,-0.04564100503921509,-0.0058571696281433105,-0.04471832513809204,-0.006779849529266357,307,15438,,91,0.56,False,False,False
xgb_depth,depth 7,st,27,immigrant,pincp,-0.13052885294286476,-0.05515500610165347,-0.07507124440319402,-0.023940095159019847,-0.10628615534582764,860,15818,,92,0.54,False,False,False
xgb_depth,depth 7,st,27,immigrant,hicov,-0.07335990496549405,-0.005402922630310059,-0.06816649436950684,-0.023087382316589355,-0.05048203468322754,860,15818,,92,0.58,False,False,False
xgb_depth,depth 7,st,28,sex_female,pincp,-0.31134078456686076,-0.0017089816833806282,-0.3093906080318707,-0.04325556470387859,-0.2678440250113727,3262,3776,,92,0.31,False,False,False
xgb_depth,depth 7,st,28,sex_female,hicov,0.03289857397458151,-0.0070320963859558105,0.04013967514038086,0.013041138648986816,0.020066440105438232,3262,3776,,92,0.39,True,False,True
xgb_depth,depth 7,st,28,race_bw,pincp,-0.3900275817952199,-0.1195391819082463,-0.27115372758767364,-0.1414966927057808,-0.24919621679013915,2102,4731,,91,0.31,False,False,False
xgb_depth,depth 7,st,28,race_bw,hicov,-0.022910712407444356,-0.037219345569610596,0.014171183109283447,-0.03871577978134155,0.015667617321014404,2102,4731,,91,0.31,False,False,False
xgb_depth,depth 7,st,28,immigrant,pincp,-0.13604796160766774,0.044416006939746566,-0.18121654863060854,-0.04305789356112122,-0.09374264812974076,189,6849,,92,0.31,True,False,True
xgb_depth,depth 7,st,28,immigrant,hicov,-0.20993679994994052,-0.0879514217376709,-0.12068313360214233,-0.0527651309967041,-0.15586942434310913,189,6849,,92,0.32,False,False,False
xgb_depth,depth 7,st,29,sex_female,pincp,-0.27515273629759385,-0.01489001510361021,-0.2600430228784454,-0.019252381247829575,-0.255680656734226,7601,9533,,92,0.55,False,False,False
xgb_depth,depth 7,st,29,sex_female,hicov,0.01863879096443022,-0.009087562561035156,0.027368545532226562,0.004424929618835449,0.013856053352355957,7601,9533,,92,0.6,True,False,True
xgb_depth,depth 7,st,29,race_bw,pincp,-0.1991943295278631,-0.09020051158644193,-0.10899901538316747,-0.12676319922971757,-0.07243632773989184,1153,15279,,91,0.52,False,False,False
xgb_depth,depth 7,st,29,immigrant,hicov,-0.07705422012447072,-0.022799909114837646,-0.05370992422103882,-0.014838039875030518,-0.06167179346084595,742,16392,,92,0.59,False,False,False
xgb_depth,depth 7,st,30,sex_female,pincp,-0.28979446174989043,0.03848051875394809,-0.32752778272370975,-0.015542196368311778,-0.2735050676014499,1065,1480,,90,0.16,True,False,True
xgb_depth,depth 7,st,31,sex_female,pincp,-0.281439103191774,0.014103719545454751,-0.29563842766572357,-0.01797666756808347,-0.26355804055218535,2516,3334,,92,0.27,True,False,True
xgb_depth,depth 7,st,31,race_bw,pincp,-0.2017146058405448,-0.07810901076161514,-0.12270058510418558,-0.12116227520658107,-0.07964732065921964,119,5464,,91,0.26,False,False,False
xgb_depth,depth 7,st,31,race_bw,hicov,-0.06312363891383777,-0.0315396785736084,-0.029220521450042725,-0.029495656490325928,-0.031264543533325195,119,5464,,91,0.26,False,False,False
xgb_depth,depth 7,st,31,immigrant,pincp,-0.30890042652009875,-0.09918034575808221,-0.20925259251814587,-0.141403267668732,-0.16702967060749607,283,5567,,92,0.28,False,False,False
xgb_depth,depth 7,st,31,immigrant,hicov,-0.1141031101372868,-0.03097236156463623,-0.08439528942108154,-0.03640413284301758,-0.0789635181427002,283,5567,,92,0.26,False,False,False
xgb_depth,depth 7,st,32,sex_female,pincp,-0.22430918693346769,0.020514874180204146,-0.24422735722107447,-0.004608833926475597,-0.21910364911439473,3203,4225,,91,0.3,True,False,True
xgb_depth,depth 7,st,32,sex_female,hicov,0.04386575455333108,-0.0026417970657348633,0.04635840654373169,0.010216593742370605,0.03350001573562622,3203,4225,,91,0.37,True,False,True
xgb_depth,depth 7,st,32,race_bw,pincp,-0.22144703617116335,-0.08452420533972926,-0.13493998818061037,-0.11309398287275663,-0.10637021064758301,508,5229,,90,0.26,False,False,False
xgb_depth,depth 7,st,32,race_bw,hicov,0.01350433605437873,-0.026914656162261963,0.040031492710113525,0.0007312297821044922,0.01238560676574707,508,5229,,90,0.27,True,False,True
xgb_depth,depth 7,st,32,immigrant,pincp,-0.30383233352831596,-0.13564049860137573,-0.16872261547201362,-0.15906346493669155,-0.1452996491366978,1872,5556,,91,0.3,False,False,False
xgb_depth,depth 7,st,32,immigrant,hicov,-0.1171244761957504,-0.05219990015029907,-0.064491868019104,-0.026040077209472656,-0.09065169095993042,1872,5556,,91,0.36,False,False,False
xgb_depth,depth 7,st,33,sex_female,pincp,-0.2749833742141927,-0.005068504797479889,-0.2704286928814721,-0.014874873339850936,-0.26062232433910104,1775,2482,,92,0.22,False,False,False
xgb_depth,depth 7,st,33,sex_female,hicov,0.02131947202959905,-0.0058563947677612305,0.027216076850891113,0.0066738128662109375,0.014685869216918945,1775,2482,,92,0.23,True,False,True
xgb_depth,depth 7,st,33,immigrant,pincp,-0.01960434517791043,0.012657612790116346,-0.03413077395936348,0.13614351680898196,-0.1576166779782291,213,4044,,92,0.23,False,False,False
xgb_depth,depth 7,st,34,sex_female,pincp,-0.27959417182269064,-0.019029385658464903,-0.2599173118543838,-0.06071500887932757,-0.21823168863352116,11310,14947,,92,0.79,False,False,False
xgb_depth,depth 7,st,34,sex_female,hicov,0.026453037100081955,-0.0022597312927246094,0.028562486171722412,0.003647327423095703,0.0226554274559021,11310,14947,,92,0.99,True,False,True
xgb_depth,depth 7,st,34,race_bw,pincp,-0.3485279411658162,-0.1498451656998938,-0.19800242684390668,-0.20040010769048422,-0.14744748485331627,2450,19368,,91,0.77,False,False,False
xgb_depth,depth 7,st,34,immigrant,pincp,-0.18133677494972034,-0.0655192357636345,-0.11533949436742219,-0.06802395111837711,-0.11283477901267958,6979,19278,,92,0.9,False,False,False
xgb_depth,depth 7,st,34,immigrant,hicov,-0.1122939833089891,-0.04488420486450195,-0.06727838516235352,-0.019447684288024902,-0.09271490573883057,6979,19278,,92,0.97,False,False,False
xgb_depth,depth 7,st,35,sex_female,pincp,-0.19025334313377584,0.0199444903943089,-0.20997137860926962,-0.04575518271319723,-0.1442717055017635,2064,2495,,90,0.25,True,False,True
xgb_depth,depth 7,st,35,sex_female,hicov,0.027719392272917864,-0.01283341646194458,0.03986942768096924,0.018475830554962158,0.0085601806640625,2064,2495,,90,0.3,True,False,True
xgb_depth,depth 7,st,35,race_bw,pincp,-0.15214511430401068,-0.12475722029975245,-0.025595092305950473,-0.008965497634234154,-0.14138681497146877,67,3264,,88,0.21,False,False,False
xgb_depth,depth 7,st,35,immigrant,pincp,-0.22003643556194064,-0.10267467640313477,-0.11696407020926891,-0.06716591971309072,-0.15247282689931296,490,4069,,90,0.22,False,False,False
xgb_depth,depth 7,st,35,immigrant,hicov,-0.16557044051338898,-0.0925530195236206,-0.07246369123458862,-0.028788089752197266,-0.13622862100601196,490,4069,,90,0.24,False,False,False
xgb_depth,depth 7,st,36,sex_female,pincp,-0.2004874804493344,0.018885038388688713,-0.21901790811337918,-0.010094413040912187,-0.19003845668377828,24821,30289,,92,1.7,True,False,True
xgb_depth,depth 7,st,36,sex_female,hicov,0.03008149330087584,0.005115628242492676,0.02493947744369507,0.0122910737991333,0.017764031887054443,24821,30289,,92,1.83,False,False,False
xgb_depth,depth 7,st,36,race_bw,pincp,-0.27242488117953023,-0.13001838283263822,-0.1422285465261126,-0.18008981693351167,-0.09215711242523916,6432,39884,,91,1.49,False,False,False
xgb_depth,depth 7,st,36,race_bw,hicov,-0.021661153788773424,-0.018691539764404297,-0.003208160400390625,-0.02915865182876587,0.007258951663970947,6432,39884,,91,1.55,False,True,True
xgb_depth,depth 7,st,36,immigrant,pincp,-0.16921449805576216,-0.15112812988508395,-0.018247674307762196,-0.10434116788439063,-0.06503463630845552,13520,41590,,92,1.74,False,False,False
xgb_depth,depth 7,st,36,immigrant,hicov,-0.08273276675236285,-0.027988672256469727,-0.05502510070800781,-0.019309401512145996,-0.06370437145233154,13520,41590,,92,1.8,False,False,False
xgb_depth,depth 7,st,37,sex_female,pincp,-0.2513797037125798,-0.021876011315065114,-0.2290732771102313,-0.040717677608384406,-0.210231610816912,11762,14924,,92,0.86,False,False,False
xgb_depth,depth 7,st,37,sex_female,hicov,0.026121671345438635,-0.0013619661331176758,0.027580440044403076,0.009856045246124268,0.016362428665161133,11762,14924,,92,0.96,True,False,True
xgb_depth,depth 7,st,37,race_bw,pincp,-0.3428412819155735,-0.12340724736007935,-0.21883767840627932,-0.15573288614387515,-0.18651203962248353,4251,20487,,91,0.84,False,False,False
xgb_depth,depth 7,st,37,race_bw,hicov,-0.020227158183069305,-0.025056958198547363,0.004423618316650391,-0.01930171251296997,-0.001331627368927002,4251,20487,,91,0.92,False,True,True
xgb_depth,depth 7,st,37,immigrant,pincp,-0.10334814145842763,-0.05445817653283669,-0.048393507647357836,-0.020353645021543798,-0.08249803915865073,2369,24317,,92,0.82,False,False,False
xgb_depth,depth 7,st,37,immigrant,hicov,-0.16151536030195512,-0.09370279312133789,-0.06745237112045288,-0.05111885070800781,-0.11003631353378296,2369,24317,,92,0.96,False,False,False
xgb_depth,depth 7,st,38,sex_female,pincp,-0.40017355186717296,-0.03919064581600118,-0.3596253725095,-0.03263054483993777,-0.3661854734855634,943,1416,,88,0.2,False,False,False
xgb_depth,depth 7,st,38,sex_female,hicov,0.016556727836991025,-0.010302484035491943,0.027068138122558594,0.015150964260101318,0.001614689826965332,943,1416,,88,0.24,True,False,True
xgb_depth,depth 7,st,38,immigrant,pincp,-0.05300269840215499,-0.29410281330630283,0.24019089585615383,-0.056387570571869716,0.002475653121720711,67,2292,,88,0.22,False,False,False
xgb_depth,depth 7,st,38,immigrant,hicov,-0.01301737386366586,0.01148676872253418,-0.021956145763397217,-0.009781837463378906,-0.0006875395774841309,67,2292,,88,0.24,True,False,True
xgb_depth,depth 7,st,39,sex_female,pincp,-0.26401311233596125,-0.012439869634199852,-0.25185569251510564,-0.03281099060917292,-0.23148457154013258,14095,18698,,92,0.99,False,False,False
xgb_depth,depth 7,st,39,sex_female,hicov,0.017501789330388817,-0.005776345729827881,0.023059964179992676,-0.0016562342643737793,0.018939852714538574,14095,18698,,92,1.09,False,False,False
xgb_depth,depth 7,st,39,race_bw,pincp,-0.24536897415986836,-0.10848416661508331,-0.13639750629306135,-0.126526006803374,-0.11835566610477066,2358,29190,,91,0.98,False,False,False
xgb_depth,depth 7,st,39,race_bw,hicov,-0.01722050930684027,-0.01750713586807251,0.00047087669372558594,-0.020216822624206543,0.003180563449859619,2358,29190,,91,1.11,False,False,False
xgb_depth,depth 7,st,39,immigrant,pincp,0.048812748806545514,0.08019238212728474,-0.0313505980086326,0.10999256974350224,-0.0611507856248501,1377,31416,,92,1.02,False,False,False
xgb_depth,depth 7,st,39,immigrant,hicov,-0.04787251600977094,-0.0027931928634643555,-0.04514360427856445,-0.00260847806930542,-0.04532831907272339,1377,31416,,92,1.15,False,False,False
xgb_depth,depth 7,st,4,sex_female,pincp,-0.23532286018952853,-0.025001521800183113,-0.21066383071458716,-0.05331855698717547,-0.1823467955275948,7274,9525,,92,0.57,False,False,False
xgb_depth,depth 7,st,4,sex_female,hicov,0.028002182295263744,-0.008308708667755127,0.03635680675506592,0.012421011924743652,0.01562708616256714,7274,9525,,92,0.61,True,False,True
xgb_depth,depth 7,st,4,race_bw,pincp,-0.23746491036643214,-0.0939025140444123,-0.14505623484312125,-0.0844368396341828,-0.15452190925335074,580,13266,,91,0.51,False,False,False
xgb_depth,depth 7,st,4,immigrant,pincp,-0.22653950430917114,-0.09155547078720438,-0.134656508304122,-0.09918111196040691,-0.1270308671309195,2617,14182,,92,0.62,False,False,False
xgb_depth,depth 7,st,4,immigrant,hicov,-0.12441581133134316,-0.05261218547821045,-0.07134765386581421,-0.038932085037231445,-0.08502775430679321,2617,14182,,92,0.65,False,False,False
xgb_depth,depth 7,st,40,sex_female,pincp,-0.29664627375391106,-0.017230480381801527,-0.2790419201951906,-0.015936874594679296,-0.2803355259823128,4029,5523,,92,0.35,False,False,False
xgb_depth,depth 7,st,40,sex_female,hicov,0.0268521712963955,-0.00575566291809082,0.032839834690093994,0.025507807731628418,0.0015763640403747559,4029,5523,,92,0.4,True,False,True
xgb_depth,depth 7,st,40,race_bw,pincp,-0.2351882977597448,-0.07894163824147071,-0.15696492611555612,-0.11842578170704954,-0.1174807826499773,446,7317,,91,0.35,False,False,False
xgb_depth,depth 7,st,40,immigrant,pincp,-0.21193833439191856,-0.04127175856359422,-0.17075290453068348,-0.06241968734587289,-0.1496049757484048,556,8996,,92,0.36,False,False,False
xgb_depth,depth 7,st,40,immigrant,hicov,-0.21967477152115567,-0.08022648096084595,-0.1397426724433899,-0.09342038631439209,-0.12654876708984375,556,8996,,92,0.42,False,False,False
xgb_depth,depth 7,st,41,sex_female,pincp,-0.2149141704901094,-0.003651383074501524,-0.21083779515430123,-0.014527455967659364,-0.1999617222611434,4421,6132,,91,0.46,False,False,False
xgb_depth,depth 7,st,41,sex_female,hicov,0.019092850303944253,-2.6881694793701172e-05,0.01932436227798462,0.008227705955505371,0.011069774627685547,4421,6132,,91,0.45,True,False,True
xgb_depth,depth 7,st,41,race_bw,pincp,-0.25634392603690337,-0.07174586171375985,-0.18524539672149487,-0.06562069478257548,-0.19137056365267924,131,9171,,90,0.34,False,False,False
xgb_depth,depth 7,st,41,race_bw,hicov,0.014280827134320662,-0.011831223964691162,0.02682209014892578,-0.013248562812805176,0.028239428997039795,131,9171,,90,0.37,False,False,False
xgb_depth,depth 7,st,41,immigrant,pincp,-0.14781387524339173,-0.06800424588953291,-0.07972745599112407,-0.037358995311389975,-0.11037270656926701,1186,9367,,91,0.4,False,False,False
xgb_depth,depth 7,st,41,immigrant,hicov,-0.06071924489673575,-0.03220087289810181,-0.028169870376586914,-0.022236347198486328,-0.03813439607620239,1186,9367,,91,0.41,False,False,False
xgb_depth,depth 7,st,42,sex_female,pincp,-0.2608191999909497,0.001900908261804446,-0.26297726240299113,-0.03007062437977659,-0.2310057297614101,15681,20483,,92,1.11,True,False,True
xgb_depth,depth 7,st,42,sex_female,hicov,0.02210470837581824,-0.005673527717590332,0.02784121036529541,0.0020081400871276855,0.020159542560577393,15681,20483,,92,1.14,True,False,True
xgb_depth,depth 7,st,42,race_bw,pincp,-0.18461695160788594,-0.10743194962479308,-0.07747990241561098,-0.12549277025845207,-0.05941908178195199,1775,32726,,91,1.06,False,False,False
xgb_depth,depth 7,st,42,race_bw,hicov,-0.02623379954603866,-0.025933027267456055,-0.00031298398971557617,-0.010780930519104004,-0.015465080738067627,1775,32726,,91,1.2,False,False,False
xgb_depth,depth 7,st,42,immigrant,pincp,0.01895036834457109,-0.001386990787375808,0.020949153574969515,0.06039698851831865,-0.040834825730724944,2085,34079,,92,1.03,True,True,True
xgb_depth,depth 7,st,42,immigrant,hicov,-0.05231362901110781,-0.015523791313171387,-0.036262333393096924,-0.008898258209228516,-0.042887866497039795,2085,34079,,92,1.16,False,False,False
xgb_depth,depth 7,st,44,sex_female,pincp,-0.2343378528442699,0.029746649617624854,-0.2637295689531154,0.03672913949032086,-0.2707120588258114,1329,1569,,88,0.19,False,False,False
xgb_depth,depth 7,st,44,sex_female,hicov,0.019553510668755658,-0.005414724349975586,0.025209486484527588,-0.0020894408226013184,0.02188420295715332,1329,1569,,88,0.23,False,False,False
xgb_depth,depth 7,st,44,race_bw,pincp,-0.2926052160795276,-0.07629713756652201,-0.21566173219775564,-0.13319086718442463,-0.15876800257985302,123,2515,,87,0.17,False,False,False
xgb_depth,depth 7,st,44,immigrant,pincp,-0.24674267801177407,-0.17420262630559336,-0.07149818545738995,-0.1254964341251572,-0.1202043776378261,463,2435,,88,0.21,False,False,False
xgb_depth,depth 7,st,44,immigrant,hicov,-0.05373667847845276,-0.043081820011138916,-0.009955644607543945,-0.010494530200958252,-0.04254293441772461,463,2435,,88,0.2,False,False,False
xgb_depth,depth 7,st,45,sex_female,pincp,-0.2785360372270027,-0.04458936385469947,-0.23385847198000143,-0.05509797486798362,-0.22334986096671727,5691,7032,,92,0.45,False,False,False
xgb_depth,depth 7,st,45,sex_female,hicov,0.032366685197812495,-0.0048618316650390625,0.037222981452941895,0.008055806159973145,0.024305343627929688,5691,7032,,92,0.51,True,False,True
xgb_depth,depth 7,st,45,race_bw,pincp,-0.3830184381611712,-0.14445057568733333,-0.23912225411269894,-0.16503913146697613,-0.21853369833305614,2541,9653,,91,0.51,False,False,False
xgb_depth,depth 7,st,45,race_bw,hicov,-0.01027585594795033,-0.028619050979614258,0.018517255783081055,-0.02592557668685913,0.015823781490325928,2541,9653,,91,0.51,False,False,False
xgb_depth,depth 7,st,45,immigrant,pincp,-0.08057504916947344,-0.10616978772740993,0.025008697124155432,-0.02144005673116922,-0.05972103387208527,654,12069,,92,0.49,False,True,True
xgb_depth,depth 7,st,45,immigrant,hicov,-0.20226282970777365,-0.12264895439147949,-0.0794559121131897,-0.05837452411651611,-0.14373034238815308,654,12069,,92,0.46,False,False,False
xgb_depth,depth 7,st,46,sex_female,pincp,-0.2908753073247148,-0.010944998420024277,-0.27801805794679346,-0.010258801843249898,-0.27870425452356784,1104,1489,,87,0.18,False,False,False
xgb_depth,depth 7,st,46,sex_female,hicov,0.02619511684721776,-0.007806539535522461,0.03392660617828369,0.0037897229194641113,0.02233034372329712,1104,1489,,87,0.17,True,False,True
xgb_depth,depth 7,st,46,immigrant,pincp,-0.23296569506982934,-0.0015223325277240463,-0.2309430289912875,-0.15676094794399908,-0.07570441357501245,77,2516,,87,0.18,False,False,False
xgb_depth,depth 7,st,46,immigrant,hicov,-0.05143187496128676,-0.05652773380279541,0.0073274970054626465,-0.15029698610305786,0.1010967493057251,77,2516,,87,0.27,False,False,False
xgb_depth,depth 7,st,47,sex_female,pincp,-0.2515418813310255,0.00010435274287523555,-0.251220945430056,-0.014060030865705286,-0.2370565618214755,7731,9938,,92,0.59,True,False,True
xgb_depth,depth 7,st,47,sex_female,hicov,0.03620466553737811,0.0021188855171203613,0.03414803743362427,0.016447901725769043,0.019819021224975586,7731,9938,,92,0.77,False,False,False
xgb_depth,depth 7,st,47,race_bw,pincp,-0.24291613774690468,-0.11267283660094662,-0.1300786064273769,-0.12992345740755162,-0.1128279856207719,2084,14855,,91,0.6,False,False,False
xgb_depth,depth 7,st,47,race_bw,hicov,-0.019212108604546363,-0.023705601692199707,0.0035541653633117676,-0.01701456308364868,-0.003136873245239258,2084,14855,,91,0.67,False,True,True
xgb_depth,depth 7,st,47,immigrant,pincp,-0.12017643285205182,-0.05474265220018637,-0.06497475576134981,-0.037742457765478576,-0.0819749501960576,982,16687,,92,0.61,False,False,False
xgb_depth,depth 7,st,47,immigrant,hicov,-0.22928094933956544,-0.10901367664337158,-0.12055492401123047,-0.03815805912017822,-0.19141054153442383,982,16687,,92,0.66,False,False,False
xgb_depth,depth 7,st,48,sex_female,pincp,-0.280056055773656,-0.02467249345145639,-0.25516364123639157,-0.04287921042839571,-0.23695692425945225,31110,42184,,92,2.1,False,False,False
xgb_depth,depth 7,st,48,sex_female,hicov,0.05040712336269337,-0.0013008713722229004,0.05149751901626587,0.025413572788238525,0.024783074855804443,31110,42184,,92,2.29,True,False,True
xgb_depth,depth 7,st,48,race_bw,pincp,-0.2224747386930428,-0.07801168481087828,-0.14441197080000556,-0.09685288570268291,-0.12557076990820093,6632,57703,,91,1.96,False,False,False
xgb_depth,depth 7,st,48,race_bw,hicov,0.020478520087899965,-0.00919419527053833,0.02958744764328003,0.000922083854675293,0.019471168518066406,6632,57703,,91,2.05,True,False,True
xgb_depth,depth 7,st,48,immigrant,pincp,-0.24244797762234072,-0.08540231729337222,-0.15698984437102403,-0.08247981076432964,-0.1599123509000666,14045,59249,,92,2.19,False,False,False
xgb_depth,depth 7,st,48,immigrant,hicov,-0.18640997892927536,-0.10258215665817261,-0.08381259441375732,-0.0645551085472107,-0.12183964252471924,14045,59249,,92,2.37,False,False,False
xgb_depth,depth 7,st,49,sex_female,pincp,-0.3688677720811935,-0.06348029874591177,-0.30494658904784444,-0.08175174089992865,-0.28667514689382756,2631,4858,,91,0.31,False,False,False
xgb_depth,depth 7,st,49,sex_female,hicov,0.016111383121001355,-0.01712179183959961,0.03373485803604126,-0.013812363147735596,0.030425429344177246,2631,4858,,91,0.37,False,False,False
xgb_depth,depth 7,st,49,race_bw,pincp,-0.3013406887576444,-0.3854219397581584,0.08333281993515129,-0.124073516863481,-0.17801560295952612,54,6795,,90,0.29,False,True,True
xgb_depth,depth 7,st,49,immigrant,pincp,-0.33821703312701956,-0.2101664774919758,-0.12776936955544294,-0.1844888381397105,-0.15344700890770824,677,6812,,91,0.32,False,False,False
xgb_depth,depth 7,st,49,immigrant,hicov,-0.16394736545378696,-0.0437389612197876,-0.12072896957397461,-0.05903327465057373,-0.10543465614318848,677,6812,,91,0.36,False,False,False
xgb_depth,depth 7,st,5,sex_female,pincp,-0.2661997987464133,-0.023437931839579207,-0.24363382851768556,-0.01609888607329424,-0.2509728742839705,3295,4129,,92,0.33,False,False,False
xgb_depth,depth 7,st,5,sex_female,hicov,0.0323388622831734,-0.0031786561012268066,0.035426557064056396,0.01574021577835083,0.01650768518447876,3295,4129,,92,0.31,True,False,True
xgb_depth,depth 7,st,5,race_bw,pincp,-0.2823326565036659,-0.11419601970170312,-0.16858720626341217,-0.11568345877009634,-0.16709976719501896,802,6230,,91,0.33,False,False,False
xgb_depth,depth 7,st,5,immigrant,pincp,-0.24308967053588226,-0.07280501591022137,-0.1702895915035363,-0.08642813954712913,-0.15666646786662852,391,7033,,92,0.33,False,False,False
xgb_depth,depth 7,st,5,immigrant,hicov,-0.14289813131590456,-0.009732544422149658,-0.13321447372436523,-0.03009897470474243,-0.11284804344177246,391,7033,,92,0.32,False,False,False
xgb_depth,depth 7,st,50,sex_female,pincp,-0.14022086869054817,0.04022455317805829,-0.18052494386754603,0.07115573352221283,-0.21145612421170057,852,1028,,86,0.15,False,False,False
xgb_depth,depth 7,st,50,sex_female,hicov,0.029192013298989794,-0.004838883876800537,0.03382760286331177,0.01252603530883789,0.01646268367767334,852,1028,,86,0.19,True,False,True
xgb_depth,depth 7,st,50,immigrant,pincp,0.08646994507348538,0.04570778159746958,0.04274636248168662,-0.013893386223298165,0.10234753030245436,61,1819,,86,0.16,True,False,True
xgb_depth,depth 7,st,50,immigrant,hicov,-0.033039230706837674,0.01588541269302368,-0.046608030796051025,0.025920569896697998,-0.05664318799972534,61,1819,,86,0.17,False,False,False
xgb_depth,depth 7,st,51,sex_female,pincp,-0.27302751178342,-0.06268217220948635,-0.21088743992439518,-0.07657448427616309,-0.19699512785771844,11165,13892,,92,0.83,False,False,False
xgb_depth,depth 7,st,51,sex_female,hicov,0.018292008635743984,-0.006380259990692139,0.024728715419769287,0.005444884300231934,0.012903571128845215,11165,13892,,92,0.86,True,False,True
xgb_depth,depth 7,st,51,race_bw,pincp,-0.3105158451780081,-0.1577065348232427,-0.15224926402486538,-0.1756325633606295,-0.1343232354874786,3571,18633,,91,0.76,False,False,False
xgb_depth,depth 7,st,51,race_bw,hicov,-0.012815493743969841,-0.0246393084526062,0.012105166912078857,-0.01770728826522827,0.005173146724700928,3571,18633,,91,0.88,False,False,False
xgb_depth,depth 7,st,51,immigrant,pincp,-0.08827680242906055,-0.03434985887792763,-0.054144948472682586,-0.0056980153395205235,-0.08279679201108969,3568,21489,,92,0.81,False,False,False
xgb_depth,depth 7,st,51,immigrant,hicov,-0.08259353987972162,-0.0357060432434082,-0.04715019464492798,-0.014478921890258789,-0.06837731599807739,3568,21489,,92,0.84,False,False,False
xgb_depth,depth 7,st,53,sex_female,pincp,-0.2748983811241228,-0.043642613585396006,-0.2316365266139897,-0.061284063380805165,-0.21399507681858054,8203,11854,,92,0.67,False,False,False
xgb_depth,depth 7,st,53,sex_female,hicov,0.02300643443582484,-0.002813279628753662,0.02600109577178955,0.0037407279014587402,0.01944708824157715,8203,11854,,92,0.82,True,False,True
xgb_depth,depth 7,st,53,race_bw,pincp,-0.2401969338879315,-0.10472656274152214,-0.13584378578972078,-0.086302445697374,-0.15426790283386893,498,16076,,91,0.6,False,False,False
xgb_depth,depth 7,st,53,immigrant,pincp,-0.06386455533668745,-0.03595548064695642,-0.028305861641943153,-0.031239145575641558,-0.03302219671325801,3142,16915,,92,0.75,False,False,False
xgb_depth,depth 7,st,53,immigrant,hicov,-0.08703524361614123,-0.04457134008407593,-0.041946232318878174,-0.0084877610206604,-0.0780298113822937,3142,16915,,92,0.85,False,False,False
xgb_depth,depth 7,st,54,sex_female,pincp,-0.2653994856022521,0.0014479968099561091,-0.2683860749056528,-0.06422316876146184,-0.20271490933423486,1870,2372,,91,0.24,True,False,True
xgb_depth,depth 7,st,54,sex_female,hicov,0.019418618282818212,-0.00891256332397461,0.028294384479522705,0.009087800979614258,0.010294020175933838,1870,2372,,91,0.22,True,False,True
xgb_depth,depth 7,st,54,race_bw,pincp,-0.10287333642424024,-0.1187222258226317,0.015151189300453893,-0.04576456976706389,-0.05780646675511392,95,4041,,90,0.23,False,True,True
xgb_depth,depth 7,st,54,immigrant,pincp,0.09627748981801787,0.03589370445283535,0.056445538624222635,0.0766235610887982,0.01571568198825979,92,4150,,91,0.2,False,False,False
xgb_depth,depth 7,st,54,immigrant,hicov,-0.03514929282346779,-0.027741730213165283,-0.007975161075592041,0.007813572883605957,-0.04353046417236328,92,4150,,91,0.26,True,False,True
xgb_depth,depth 7,st,55,sex_female,pincp,-0.24014252727026175,0.012733422311891118,-0.2532167859321781,0.008264108138567039,-0.24874747175885403,7379,10129,,92,0.69,False,False,False
xgb_depth,depth 7,st,55,sex_female,hicov,0.020999134207080772,-0.0037330985069274902,0.024739384651184082,0.006032407283782959,0.014973878860473633,7379,10129,,92,0.78,True,False,True
xgb_depth,depth 7,st,55,race_bw,pincp,-0.23597190532807133,-0.09438920776386794,-0.1424392992981911,-0.10386597298836975,-0.1329625340736893,357,16436,,91,0.79,False,False,False
xgb_depth,depth 7,st,55,race_bw,hicov,-0.03011085183647566,-0.02532792091369629,-0.005319952964782715,-0.02124553918838501,-0.009402334690093994,357,16436,,91,0.71,False,False,False
xgb_depth,depth 7,st,55,immigrant,pincp,-0.08377285580072602,-0.026062322742545163,-0.05798622696555178,-0.02310333704713763,-0.060945212660959314,662,16846,,92,0.72,False,False,False
xgb_depth,depth 7,st,55,immigrant,hicov,-0.1264630042973257,-0.039456725120544434,-0.08665615320205688,-0.021615684032440186,-0.10449719429016113,662,16846,,92,0.84,False,False,False
xgb_depth,depth 7,st,56,sex_female,pincp,-0.36346992208175166,-0.022778805112309897,-0.3396994718447903,-0.057273959177324585,-0.30520431777977564,647,956,,85,0.18,False,False,False
xgb_depth,depth 7,st,56,sex_female,hicov,0.03127243214579034,-0.009317576885223389,0.041047096252441406,-0.008525490760803223,0.04025501012802124,647,956,,85,0.21,False,False,False
xgb_depth,depth 7,st,56,immigrant,pincp,-0.18877279319069018,-0.07509568169161795,-0.11462603524788051,-0.13039290843550688,-0.05932880850399158,51,1552,,85,0.21,False,False,False
xgb_depth,depth 7,st,56,immigrant,hicov,-0.07889882757226607,-0.04148697853088379,-0.04027372598648071,-0.037259578704833984,-0.04450112581253052,51,1552,,85,0.16,False,False,False
xgb_depth,depth 7,st,6,sex_female,pincp,-0.18146729971729947,0.011150824151290095,-0.19270517319522185,-0.002400002532548129,-0.17915434651138362,41076,58207,,92,2.89,True,False,True
xgb_depth,depth 7,st,6,sex_female,hicov,0.03384123084023194,0.001143336296081543,0.032752037048339844,0.009745240211486816,0.02415013313293457,41076,58207,,92,3.1,False,False,False
xgb_depth,depth 7,st,6,race_bw,pincp,-0.18246297664314604,-0.09323966946705475,-0.08904049074803488,-0.08365877559974777,-0.09862138461534187,4119,61748,,91,1.9,False,False,False
xgb_depth,depth 7,st,6,race_bw,hicov,0.015345646834364346,0.008280038833618164,0.006757974624633789,0.010587215423583984,0.004450798034667969,4119,61748,,91,2.29,False,False,False
xgb_depth,depth 7,st,6,immigrant,pincp,-0.26875090094567966,-0.1278952581216135,-0.14075564088163794,-0.1115029964274008,-0.15714790257585065,35042,64241,,92,2.89,False,False,False
xgb_depth,depth 7,st,6,immigrant,hicov,-0.080050513778545,-0.03953874111175537,-0.040566086769104004,-0.01917797327041626,-0.060926854610443115,35042,64241,,92,2.96,False,False,False
xgb_depth,depth 7,st,8,sex_female,pincp,-0.21981364393633918,-0.014229055277583669,-0.20557454547667398,-0.024254302171540232,-0.1955492985827174,6943,9596,,92,0.69,False,False,False
xgb_depth,depth 7,st,8,sex_female,hicov,0.03742758652198985,-0.0012140274047851562,0.0386771559715271,0.013111472129821777,0.024351656436920166,6943,9596,,92,0.71,True,False,True
xgb_depth,depth 7,st,8,race_bw,pincp,-0.22475618247098517,-0.12114157191381558,-0.10402570228071895,-0.08350367778981038,-0.14166359640472415,402,14662,,91,0.64,False,False,False
xgb_depth,depth 7,st,8,immigrant,pincp,-0.23250097022780913,-0.17712840003384578,-0.05576131537586626,-0.13081917418980993,-0.10207054121990211,1649,14890,,92,0.68,False,False,False
xgb_depth,depth 7,st,8,immigrant,hicov,-0.15452220671420613,-0.08600038290023804,-0.06755578517913818,-0.027781188488006592,-0.12577497959136963,1649,14890,,92,0.67,False,False,False
xgb_depth,depth 7,st,9,sex_female,pincp,-0.32591543934684,-0.030421291990800015,-0.29553722922832115,-0.06030491917216274,-0.2656536020469584,4662,6012,,92,0.44,False,False,False
xgb_depth,depth 7,st,9,sex_female,hicov,0.01643880835497602,-0.004814028739929199,0.02121269702911377,0.002147495746612549,0.014251172542572021,4662,6012,,92,0.45,True,False,True
xgb_depth,depth 7,st,9,race_bw,pincp,-0.4323223792453419,-0.12525953136068502,-0.30796587942098874,-0.24960986863065138,-0.18361554215102238,757,8886,,91,0.35,False,False,False
xgb_depth,depth 7,st,9,race_bw,hicov,-0.02647716518436527,-0.032035231590270996,0.005559444427490234,-0.02633047103881836,-0.00014531612396240234,757,8886,,91,0.43,False,True,True
xgb_depth,depth 7,st,9,immigrant,pincp,-0.12330295028208837,-0.08678466432673737,-0.037956100473241605,-0.08532763885024686,-0.03941312594973212,1722,8952,,92,0.39,False,False,False
xgb_depth,depth 7,st,9,immigrant,hicov,-0.07303061157765922,-0.028279781341552734,-0.04435974359512329,-0.011104106903076172,-0.061535418033599854,1722,8952,,92,0.42,False,False,False
xgb_depth,depth 8,naics_2,11,sex_female,pincp,-0.17442832844735356,0.029016937604582793,-0.20508039447850557,0.009739127844254014,-0.1858025847181768,1770,10168,,63,0.52,False,False,False
xgb_depth,depth 8,naics_2,11,sex_female,hicov,0.06072557308405235,-0.018280029296875,0.07929450273513794,0.0014514923095703125,0.05956298112869263,1770,10168,,63,0.52,True,False,True
xgb_depth,depth 8,naics_2,11,race_bw,pincp,-0.3082373735363646,-0.1549533103227443,-0.1505805820793693,-0.12731007055016974,-0.17822382185194385,198,10459,,62,0.53,False,False,False
xgb_depth,depth 8,naics_2,11,race_bw,hicov,-0.08277004677234145,-0.04467278718948364,-0.035966575145721436,-0.10455173254013062,0.023912370204925537,198,10459,,62,0.49,False,True,True
xgb_depth,depth 8,naics_2,11,immigrant,pincp,-0.5044989627739547,-0.28118678072269354,-0.22341912580109557,-0.18831513816703094,-0.3162907683567582,2454,9484,,63,0.49,False,False,False
xgb_depth,depth 8,naics_2,11,immigrant,hicov,-0.29192622963498427,-0.07560336589813232,-0.2160581350326538,-0.06574392318725586,-0.22591757774353027,2454,9484,,63,0.6,False,False,False
xgb_depth,depth 8,naics_2,21,sex_female,pincp,-0.1566003960737774,0.15491462188733252,-0.3113258801517951,0.13304545046133143,-0.289456708725794,858,4828,,60,0.38,False,False,False
xgb_depth,depth 8,naics_2,21,sex_female,hicov,0.029791252657864087,-0.004245638847351074,0.03467494249343872,-0.003134310245513916,0.03356361389160156,858,4828,,60,0.36,False,False,False
xgb_depth,depth 8,naics_2,21,race_bw,pincp,-0.3229724667527538,-0.13603881063034962,-0.1848225284179641,-0.09742646539258182,-0.2234348736557319,204,5009,,59,0.37,False,False,False
xgb_depth,depth 8,naics_2,21,race_bw,hicov,-0.03411114895149525,-0.036113858222961426,0.001171112060546875,-0.04345893859863281,0.008516192436218262,204,5009,,59,0.36,False,False,False
xgb_depth,depth 8,naics_2,21,immigrant,pincp,0.04340662820095709,0.23976862818051004,-0.1958262409085716,0.1487035853795753,-0.10476119810763684,538,5148,,60,0.34,False,False,False
xgb_depth,depth 8,naics_2,21,immigrant,hicov,-0.029199631430114614,-0.025250136852264404,-0.0037117600440979004,-0.012176692485809326,-0.01678520441055298,538,5148,,60,0.34,False,False,False
xgb_depth,depth 8,naics_2,22,sex_female,pincp,-0.16498741705883546,0.09257420739898237,-0.2568656536382381,0.051402695108663465,-0.2156941413479192,2383,8526,,63,0.46,False,False,False
xgb_depth,depth 8,naics_2,22,race_bw,pincp,-0.20612530453511546,-0.0732711695848387,-0.13355113600366053,-0.07667416324211906,-0.13014814234638017,778,9258,,62,0.41,False,False,False
xgb_depth,depth 8,naics_2,22,race_bw,hicov,-0.010228352495528115,-0.011224806308746338,0.0017116069793701172,-0.01033627986907959,0.0008230805397033691,778,9258,,62,0.39,False,False,False
xgb_depth,depth 8,naics_2,22,immigrant,pincp,0.05236980693181259,0.14536919363276546,-0.09321666126737504,0.08903176441272187,-0.036879232047331456,791,10118,,63,0.45,False,False,False
xgb_depth,depth 8,naics_2,22,immigrant,hicov,-0.04415682556453315,-0.01883673667907715,-0.02487558126449585,-0.0011596083641052246,-0.04255270957946777,791,10118,,63,0.43,False,False,False
xgb_depth,depth 8,naics_2,23,sex_female,pincp,-0.0626446456082057,0.10662096880876959,-0.16934995961698363,0.1100689053471644,-0.17279789615537844,5486,50901,,58,1.33,False,False,False
xgb_depth,depth 8,naics_2,23,sex_female,hicov,0.10012223552223276,0.01567143201828003,0.08448654413223267,0.0325850248336792,0.0675729513168335,5486,50901,,58,1.51,False,False,False
xgb_depth,depth 8,naics_2,23,race_bw,pincp,-0.2200815585744582,-0.1019979233244861,-0.11863321400222837,-0.059770189416584074,-0.1608609479101304,2207,47852,,57,1.19,False,False,False
xgb_depth,depth 8,naics_2,23,immigrant,pincp,-0.32078281195261127,-0.1411784822884794,-0.17955762922266416,-0.10247626929889186,-0.2182598422122517,11081,45306,,58,1.36,False,False,False
xgb_depth,depth 8,naics_2,23,immigrant,hicov,-0.3059844323527965,-0.1010204553604126,-0.2048969864845276,-0.06750822067260742,-0.23840922117233276,11081,45306,,58,1.71,False,False,False
xgb_depth,depth 8,naics_2,31,sex_female,pincp,-0.2629578528630354,-0.040941068171932216,-0.22177248864828414,-0.05015509203584578,-0.21255846478437057,6080,10147,,65,0.64,False,False,False
xgb_depth,depth 8,naics_2,31,race_bw,pincp,-0.303773085054587,-0.13852302764140667,-0.1656004232710675,-0.14288579300281157,-0.1612376579096626,1704,11987,,64,0.52,False,False,False
xgb_depth,depth 8,naics_2,31,race_bw,hicov,-0.015489638422845342,-0.029855549335479736,0.015012681484222412,-0.02229255437850952,0.007449686527252197,1704,11987,,64,0.52,False,False,False
xgb_depth,depth 8,naics_2,31,immigrant,pincp,-0.34096890087177734,-0.1661712346992381,-0.17527668946282482,-0.09807481108870242,-0.24337311307336051,3768,12459,,65,0.71,False,False,False
xgb_depth,depth 8,naics_2,31,immigrant,hicov,-0.12329223291887836,-0.04488849639892578,-0.07841736078262329,-0.03411442041397095,-0.08919143676757812,3768,12459,,65,0.58,False,False,False
xgb_depth,depth 8,naics_2,32,sex_female,pincp,-0.14835792196557485,0.07162955068012344,-0.21972399490862493,0.047510235130589606,-0.1956046793590911,8451,21977,,67,0.93,False,False,False
xgb_depth,depth 8,naics_2,32,sex_female,hicov,0.013688911235591239,-0.00787496566772461,0.021430611610412598,-0.005606651306152344,0.019162297248840332,8451,21977,,67,0.98,False,False,False
xgb_depth,depth 8,naics_2,32,race_bw,pincp,-0.2647300616488355,-0.10102542906309964,-0.16402988381769923,-0.09859336921727468,-0.16646194366352418,2081,25276,,66,0.82,False,False,False
xgb_depth,depth 8,naics_2,32,race_bw,hicov,-0.011317819176341226,-0.02316838502883911,0.012559652328491211,-0.020739197731018066,0.010130465030670166,2081,25276,,66,0.99,False,False,False
xgb_depth,depth 8,naics_2,32,immigrant,pincp,-0.08673017505501157,0.016494178209377708,-0.10279575947559216,0.05406617124272728,-0.14036775250894173,4028,26400,,67,1.18,False,False,False
xgb_depth,depth 8,naics_2,32,immigrant,hicov,-0.07233731305106683,-0.019086480140686035,-0.05345362424850464,-0.013078391551971436,-0.05946171283721924,4028,26400,,67,1.23,False,False,False
xgb_depth,depth 8,naics_2,33,sex_female,pincp,-0.2637016416912381,-0.0284116885726462,-0.23562435348519273,-0.041037928065028595,-0.22299811399281033,16238,50594,,69,2.2,False,False,False
xgb_depth,depth 8,naics_2,33,race_bw,pincp,-0.32554110402042724,-0.11637660444723963,-0.2089883192748534,-0.14257546517477415,-0.18278945854731887,3920,54728,,68,2.01,False,False,False
xgb_depth,depth 8,naics_2,33,race_bw,hicov,-0.017633588298643477,-0.02103900909423828,0.002985656261444092,-0.02309650182723999,0.005043148994445801,3920,54728,,68,2.3,False,False,False
xgb_depth,depth 8,naics_2,33,immigrant,pincp,-0.031002990109508133,0.04257405428779748,-0.0737584605113657,0.07755199735926865,-0.10873640358283687,10156,56676,,69,2.14,False,False,False
xgb_depth,depth 8,naics_2,33,immigrant,hicov,-0.04499232538424991,-0.009033143520355225,-0.03589069843292236,-0.01124119758605957,-0.03368264436721802,10156,56676,,69,2.37,False,False,False
xgb_depth,depth 8,naics_2,3M,sex_female,pincp,-0.3035433700709156,-0.023461677222901045,-0.2806811457680123,-0.05383870612448938,-0.25030411686642395,879,1984,,57,0.26,False,False,False
xgb_depth,depth 8,naics_2,3M,race_bw,pincp,-0.2366623367706051,-0.10137931047281867,-0.13509061295954616,-0.09287392677644846,-0.14359599665591638,323,2116,,56,0.23,False,False,False
xgb_depth,depth 8,naics_2,3M,race_bw,hicov,-0.028134455453656892,-0.029181957244873047,0.0004455447196960449,-0.01162564754486084,-0.017110764980316162,323,2116,,56,0.39,False,True,True
xgb_depth,depth 8,naics_2,3M,immigrant,pincp,-0.26129086957903347,-0.0216048969793583,-0.24208013637145775,-0.05321275972456796,-0.2104722736262481,595,2268,,57,0.3,False,False,False
xgb_depth,depth 8,naics_2,3M,immigrant,hicov,-0.10675381263616557,-0.04721248149871826,-0.05800652503967285,-0.00222855806350708,-0.10299044847488403,595,2268,,57,0.31,False,False,False
xgb_depth,depth 8,naics_2,42,sex_female,pincp,-0.2022436858462644,0.03780637771774842,-0.24009387920458636,0.0044261387640656125,-0.20671364025090355,7903,20186,,63,1.03,False,False,False
xgb_depth,depth 8,naics_2,42,race_bw,pincp,-0.37749029566436754,-0.08969953709343415,-0.28736106830260155,-0.11106916942709688,-0.2659914359689388,1496,23358,,62,0.93,False,False,False
xgb_depth,depth 8,naics_2,42,race_bw,hicov,-0.03178101331838812,-0.03631561994552612,0.004945158958435059,-0.041195690631866455,0.00982522964477539,1496,23358,,62,0.9,False,False,False
xgb_depth,depth 8,naics_2,42,immigrant,pincp,-0.2093096720413552,-0.05542392771113569,-0.1527842335218086,-0.040727801300494804,-0.16748035993244947,4233,23856,,63,1.0,False,False,False
xgb_depth,depth 8,naics_2,42,immigrant,hicov,-0.08411581584950278,-0.021964967250823975,-0.06237483024597168,-0.011943817138671875,-0.07239598035812378,4233,23856,,63,1.03,False,False,False
xgb_depth,depth 8,naics_2,44,sex_female,pincp,-0.25509860736859835,-0.016167211232387402,-0.23889247279887016,-0.0336159119571775,-0.22144377207408006,20205,31547,,63,1.46,False,False,False
xgb_depth,depth 8,naics_2,44,sex_female,hicov,0.014269738289013567,-0.014516472816467285,0.028844237327575684,-0.017273902893066406,0.031601667404174805,20205,31547,,63,1.52,False,False,False
xgb_depth,depth 8,naics_2,44,race_bw,pincp,-0.21868542569681537,-0.07559736926762461,-0.1427470261910262,-0.07738115403784995,-0.14096324142080086,3611,41916,,62,1.25,False,False,False
xgb_depth,depth 8,naics_2,44,race_bw,hicov,-0.02434017062887106,-0.03167867660522461,0.0071389079093933105,-0.03753465414047241,0.012994885444641113,3611,41916,,62,1.38,False,False,False
xgb_depth,depth 8,naics_2,44,immigrant,pincp,-0.09665531045817133,-0.009795173583793115,-0.08654719988397552,0.014663957638406444,-0.11100633110617508,7415,44337,,63,1.44,True,False,True
xgb_depth,depth 8,naics_2,44,immigrant,hicov,-0.09476766488920885,-0.005950808525085449,-0.0887489914894104,-0.01057976484298706,-0.08412003517150879,7415,44337,,63,1.58,False,False,False
xgb_depth,depth 8,naics_2,45,sex_female,pincp,-0.25316293341938767,-0.05547440945528059,-0.197561886757736,-0.0739638729641996,-0.179072423248817,10711,10829,,62,0.68,False,False,False
xgb_depth,depth 8,naics_2,45,sex_female,hicov,0.012157341696831914,-0.009167015552520752,0.02123236656188965,-0.007681608200073242,0.01974695920944214,10711,10829,,62,0.72,False,False,False
xgb_depth,depth 8,naics_2,45,race_bw,pincp,-0.2128505955917941,-0.1327983370174426,-0.0800207050479198,-0.12315733273845275,-0.08966170932690964,2034,17052,,61,0.61,False,False,False
xgb_depth,depth 8,naics_2,45,race_bw,hicov,-0.023157172542498827,-0.020061969757080078,-0.002764105796813965,-0.022881388664245605,5.53131103515625e-05,2034,17052,,61,0.6,False,True,True
xgb_depth,depth 8,naics_2,45,immigrant,hicov,-0.04191854009015972,0.008791983127593994,-0.05073291063308716,0.0012958049774169922,-0.043236732482910156,2784,18756,,62,0.66,False,False,False
xgb_depth,depth 8,naics_2,48,sex_female,pincp,-0.21276262819450054,0.054296520495270784,-0.2676405293020814,0.03203141423977485,-0.24537542304658544,5254,23016,,60,0.81,False,False,False
xgb_depth,depth 8,naics_2,48,sex_female,hicov,0.030014488853288057,-0.0041710734367370605,0.033885061740875244,-0.00025898218154907227,0.029972970485687256,5254,23016,,60,0.94,False,False,False
xgb_depth,depth 8,naics_2,48,race_bw,pincp,-0.19750902181684893,-0.05206753741951431,-0.14536277386396357,-0.09240054462887137,-0.1050297666546065,3689,21206,,59,0.71,False,False,False
xgb_depth,depth 8,naics_2,48,immigrant,pincp,-0.19393861612739371,-0.08268455795965934,-0.11162357028216618,-0.05880985042614029,-0.13549827781568524,4910,23360,,60,0.91,False,False,False
xgb_depth,depth 8,naics_2,48,immigrant,hicov,-0.0972118858633485,-0.005711078643798828,-0.091555655002594,-0.017346084117889404,-0.07992064952850342,4910,23360,,60,0.86,False,False,False
xgb_depth,depth 8,naics_2,49,sex_female,pincp,-0.12368417112049634,-0.011907869698617901,-0.11126693967230672,-0.022948139368187626,-0.100226670002737,3808,8351,,58,0.41,False,False,False
xgb_depth,depth 8,naics_2,49,sex_female,hicov,0.014366675001937002,-0.010396122932434082,0.024548351764678955,-0.009762883186340332,0.023915112018585205,3808,8351,,58,0.46,False,False,False
xgb_depth,depth 8,naics_2,49,race_bw,pincp,-0.16454436798651528,-0.049478312125909696,-0.11497895099230426,-0.022300792673956238,-0.14215647044425772,1973,8563,,57,0.37,False,False,False
xgb_depth,depth 8,naics_2,49,race_bw,hicov,-0.016498035874827455,-0.022217154502868652,0.005968153476715088,-0.02242147922515869,0.006172478199005127,1973,8563,,57,0.37,False,False,False
xgb_depth,depth 8,naics_2,49,immigrant,pincp,-0.17166827475629098,0.02820528260495614,-0.19994382628241603,-0.031263511560867485,-0.1404750321165924,1836,10323,,58,0.49,True,False,True
xgb_depth,depth 8,naics_2,49,immigrant,hicov,-0.0865438493521985,-0.017360210418701172,-0.06901556253433228,-0.006782829761505127,-0.07959294319152832,1836,10323,,58,0.46,False,False,False
xgb_depth,depth 8,naics_2,4M,sex_female,pincp,-0.2786318676631705,-0.048720485233513244,-0.23091842382634375,-0.034797663114291666,-0.24484124594556533,998,1164,,58,0.15,False,False,False
xgb_depth,depth 8,naics_2,4M,sex_female,hicov,0.010045864925727788,-0.022977113723754883,0.03330075740814209,-0.007048189640045166,0.017371833324432373,998,1164,,58,0.13,False,False,False
xgb_depth,depth 8,naics_2,4M,race_bw,pincp,-0.15479391581975044,-0.1062045731000989,-0.050666142616901055,-0.04215557198044273,-0.11471514373655722,247,1637,,57,0.15,False,False,False
xgb_depth,depth 8,naics_2,4M,race_bw,hicov,-0.030964116743623538,-0.027461886405944824,-0.004655718803405762,0.0019682645797729492,-0.034085869789123535,247,1637,,57,0.12,True,False,True
xgb_depth,depth 8,naics_2,4M,immigrant,pincp,-0.0850289573043419,-0.08585111231791664,0.00036714805317394905,-0.040029110884006514,-0.04545485338073618,319,1843,,58,0.18,False,True,True
xgb_depth,depth 8,naics_2,4M,immigrant,hicov,-0.13497313396278732,-0.08258002996444702,-0.051568567752838135,0.011364459991455078,-0.14551305770874023,319,1843,,58,0.17,True,False,True
xgb_depth,depth 8,naics_2,51,sex_female,pincp,-0.2458908158496964,-0.056647201157325355,-0.18860280745372116,-0.06544805084629601,-0.1798019577647505,7812,12919,,61,0.72,False,False,False
xgb_depth,depth 8,naics_2,51,race_bw,pincp,-0.27989747972265633,-0.12228163929384017,-0.1579718998681905,-0.10815678670790518,-0.17209675245412548,1646,16501,,60,0.62,False,False,False
xgb_depth,depth 8,naics_2,51,race_bw,hicov,-0.016109226562578738,-0.015080809593200684,-0.0010199546813964844,-0.011820197105407715,-0.004280567169189453,1646,16501,,60,0.59,False,False,False
xgb_depth,depth 8,naics_2,51,immigrant,pincp,0.20968129890285958,0.18744929380000208,0.021220032353740592,0.17572745369880138,0.03294187245494129,2744,17987,,61,0.74,False,False,False
xgb_depth,depth 8,naics_2,51,immigrant,hicov,-0.012184536904771393,0.009442627429962158,-0.021413803100585938,0.003661632537841797,-0.015632808208465576,2744,17987,,61,0.74,False,False,False
xgb_depth,depth 8,naics_2,52,sex_female,pincp,-0.5682567617236298,-0.20234220277629866,-0.3656641653731789,-0.2444879455493396,-0.32351842260013797,29688,23262,,59,1.39,False,False,False
xgb_depth,depth 8,naics_2,52,race_bw,pincp,-0.36008972810087947,-0.10861461677337125,-0.25136945943680367,-0.1350561790042324,-0.22492789720594253,4183,42821,,58,1.22,False,False,False
xgb_depth,depth 8,naics_2,52,race_bw,hicov,-0.014619821613350514,-0.013029873371124268,-0.0016263127326965332,-0.011814713478088379,-0.002841472625732422,4183,42821,,58,1.31,False,False,False
xgb_depth,depth 8,naics_2,52,immigrant,pincp,0.12872852116941047,0.14667654582083323,-0.018273809554306908,0.12920451863283944,-0.0008017823663131196,6431,46519,,59,1.46,False,False,False
xgb_depth,depth 8,naics_2,52,immigrant,hicov,-0.013713639558709967,0.003124058246612549,-0.0169488787651062,-0.00039780139923095703,-0.013427019119262695,6431,46519,,59,1.52,True,False,True
xgb_depth,depth 8,naics_2,53,sex_female,pincp,-0.20368571994394458,-0.006168726587278073,-0.19764276090201705,-0.029408018656670976,-0.17440346883262414,7356,9663,,59,0.55,False,False,False
xgb_depth,depth 8,naics_2,53,sex_female,hicov,0.016528081163935893,-0.009317576885223389,0.025423049926757812,-0.007198333740234375,0.0233038067817688,7356,9663,,59,0.59,False,False,False
xgb_depth,depth 8,naics_2,53,race_bw,pincp,-0.36522123116522387,-0.06863391723226187,-0.29620244166974175,-0.11899277322345547,-0.24584358567854814,1331,13771,,58,0.48,False,False,False
xgb_depth,depth 8,naics_2,53,race_bw,hicov,-0.022543426742933304,-0.026233017444610596,0.004391908645629883,-0.027919113636016846,0.006078004837036133,1331,13771,,58,0.55,False,False,False
xgb_depth,depth 8,naics_2,53,immigrant,pincp,-0.16413766013544517,-0.05042952291357139,-0.11346401651459281,-0.019169416665958394,-0.1447241227622058,2515,14504,,59,0.55,False,False,False
xgb_depth,depth 8,naics_2,53,immigrant,hicov,-0.06069583601534756,-0.010389328002929688,-0.05033761262893677,-0.01118391752243042,-0.049543023109436035,2515,14504,,59,0.6,False,False,False
xgb_depth,depth 8,naics_2,54,sex_female,pincp,-0.3899332779490621,-0.10516239337569822,-0.2850170698920458,-0.12339389226952235,-0.26678557099822164,29018,43958,,60,1.88,False,False,False
xgb_depth,depth 8,naics_2,54,race_bw,pincp,-0.2660095394753377,-0.09963006092073634,-0.16700610956660888,-0.1117664354540917,-0.15486973503325352,3444,58849,,59,1.7,False,False,False
xgb_depth,depth 8,naics_2,54,race_bw,hicov,-0.01714595588240375,-0.014727413654327393,-0.0023404359817504883,-0.015740692615509033,-0.0013271570205688477,3444,58849,,59,1.77,False,False,False
xgb_depth,depth 8,naics_2,54,immigrant,pincp,0.0722182219525429,0.09524584341251696,-0.023579000617239387,0.0932605303506584,-0.021593687555380825,12006,60970,,60,1.87,False,False,False
xgb_depth,depth 8,naics_2,54,immigrant,hicov,-0.01085133722024234,0.011625409126281738,-0.02244389057159424,0.002711176872253418,-0.013529658317565918,12006,60970,,60,2.17,False,False,False
xgb_depth,depth 8,naics_2,55,sex_female,pincp,-0.41916513373735675,-0.14835434858750496,-0.27102400500423585,-0.17562382965975765,-0.24375452393198316,689,659,,57,0.12,False,False,False
xgb_depth,depth 8,naics_2,55,race_bw,pincp,-0.39175907995863213,-0.02765404888199363,-0.3598082074036846,-0.06371221863412124,-0.32375003765155697,77,1128,,55,0.1,False,False,False
xgb_depth,depth 8,naics_2,55,race_bw,hicov,-0.0421962788984066,-0.004657745361328125,-0.039171576499938965,0.0007203221321105957,-0.044549643993377686,77,1128,,55,0.07,True,False,True
xgb_depth,depth 8,naics_2,55,immigrant,pincp,0.08036547274432237,-0.020620208254204186,0.10436779175700117,0.032050252412668456,0.05169733109012853,155,1193,,57,0.12,True,False,True
xgb_depth,depth 8,naics_2,55,immigrant,hicov,-0.013233107103263642,-0.005889236927032471,-0.007991194725036621,0.002352476119995117,-0.01623290777206421,155,1193,,57,0.09,True,False,True
xgb_depth,depth 8,naics_2,56,sex_female,pincp,-0.1285776356521673,0.00805753402849163,-0.13703471452179983,0.03350055175121902,-0.16247773224452722,10600,18487,,60,0.85,False,False,False
xgb_depth,depth 8,naics_2,56,sex_female,hicov,0.04997762323550159,-0.011436522006988525,0.06174248456954956,0.004650771617889404,0.04565519094467163,10600,18487,,60,0.88,True,False,True
xgb_depth,depth 8,naics_2,56,race_bw,pincp,-0.2488064758317332,-0.1061177515985321,-0.14280500387821427,-0.06521450291115904,-0.18370825256558732,3326,21705,,59,0.76,False,False,False
xgb_depth,depth 8,naics_2,56,immigrant,pincp,-0.2986422731817857,-0.12580669583821447,-0.1736998568913002,-0.07702928731574765,-0.222477265413767,6273,22814,,60,0.86,False,False,False
xgb_depth,depth 8,naics_2,56,immigrant,hicov,-0.20222463599230545,-0.066403329372406,-0.135453462600708,-0.03039151430130005,-0.17146527767181396,6273,22814,,60,1.01,False,False,False
xgb_depth,depth 8,naics_2,61,sex_female,pincp,-0.19832442884073664,0.0032164616366614496,-0.20153144757914987,-0.006246648722163073,-0.19206833722032535,51590,26189,,58,1.75,True,False,True
xgb_depth,depth 8,naics_2,61,race_bw,pincp,-0.1508946986242261,-0.1483585685864668,-0.002036397329614914,-0.10359004234649483,-0.046804923569586876,6910,63986,,57,1.68,False,False,False
xgb_depth,depth 8,naics_2,61,race_bw,hicov,-0.020329754659157317,-0.013142108917236328,-0.007294654846191406,-0.009960830211639404,-0.01047593355178833,6910,63986,,57,1.9,False,False,False
xgb_depth,depth 8,naics_2,61,immigrant,pincp,0.0230344050453688,-0.0010612650461467865,0.024234750696386698,0.04364768924972218,-0.020474203599482266,7723,70056,,58,1.99,True,True,True
xgb_depth,depth 8,naics_2,61,immigrant,hicov,-0.017128937570610958,-0.003682553768157959,-0.013437211513519287,-0.005065500736236572,-0.012054264545440674,7723,70056,,58,2.14,False,False,False
xgb_depth,depth 8,naics_2,62,sex_female,pincp,-0.44504958913086057,-0.16599265484157577,-0.27926069561961775,-0.23474058668138298,-0.21051276377981054,90900,29476,,63,3.78,False,False,False
xgb_depth,depth 8,naics_2,62,race_bw,pincp,-0.2858392759919255,-0.15926731569473596,-0.12655636794519864,-0.1693241629800788,-0.1164995206598558,15995,88854,,62,3.17,False,False,False
xgb_depth,depth 8,naics_2,62,race_bw,hicov,-0.030612993952736645,-0.02402132749557495,-0.006614029407501221,-0.02618551254272461,-0.0044498443603515625,15995,88854,,62,3.42,False,False,False
xgb_depth,depth 8,naics_2,62,immigrant,pincp,0.08046984533417856,0.09744568743564486,-0.01715710608095833,0.10647972063915034,-0.026191139284463816,18087,102289,,63,3.78,False,False,False
xgb_depth,depth 8,naics_2,62,immigrant,hicov,-0.023957826396521553,0.003649115562438965,-0.027483642101287842,-0.002195417881011963,-0.021639108657836914,18087,102289,,63,3.98,True,False,True
xgb_depth,depth 8,naics_2,71,sex_female,pincp,-0.17333409352919382,0.013077151474369941,-0.18747645853376227,0.003996740597969506,-0.17839604765736183,5061,7575,,58,0.42,False,False,False
xgb_depth,depth 8,naics_2,71,sex_female,hicov,0.025007150389016353,-0.007463991641998291,0.03243929147720337,-0.005644619464874268,0.030619919300079346,5061,7575,,58,0.51,False,False,False
xgb_depth,depth 8,naics_2,71,race_bw,pincp,-0.23704578398977638,-0.11638522973809273,-0.12058452915657547,-0.08040454982907974,-0.15656520906558846,968,9874,,57,0.46,False,False,False
xgb_depth,depth 8,naics_2,71,race_bw,hicov,-0.017584791513566844,-0.022889912128448486,0.005823075771331787,-0.02541804313659668,0.00835120677947998,968,9874,,57,0.46,False,False,False
xgb_depth,depth 8,naics_2,71,immigrant,pincp,-0.12326965074971952,-0.08004741282559635,-0.043756743884534544,-0.03639599725998721,-0.08740815945014369,1670,10966,,58,0.5,False,False,False
xgb_depth,depth 8,naics_2,71,immigrant,hicov,-0.05514562703882775,-0.009473741054534912,-0.046237826347351074,-0.00521320104598999,-0.050498366355895996,1670,10966,,58,0.45,False,False,False
xgb_depth,depth 8,naics_2,72,sex_female,pincp,-0.18401379581246324,-0.011369564878526361,-0.1726642548292574,-0.008461235576735504,-0.17557258413104826,14143,17193,,58,0.9,False,False,False
xgb_depth,depth 8,naics_2,72,sex_female,hicov,0.04015889515060789,-0.019635260105133057,0.05958569049835205,-0.021427571773529053,0.06137800216674805,14143,17193,,58,1.1,False,False,False
xgb_depth,depth 8,naics_2,72,race_bw,pincp,-0.1928744781570586,-0.1004174968495466,-0.09208353526303092,-0.05619500373142294,-0.13630602838115458,3165,21329,,57,0.76,False,False,False
xgb_depth,depth 8,naics_2,72,immigrant,pincp,-0.1366419172241944,-0.0508779501647183,-0.08546652517540032,-0.014060565164246697,-0.12228391017587192,9698,21638,,58,1.11,False,False,False
xgb_depth,depth 8,naics_2,72,immigrant,hicov,-0.14235072495587275,0.012534081935882568,-0.15463364124298096,-0.0034477710723876953,-0.1386517882347107,9698,21638,,58,1.16,True,False,True
xgb_depth,depth 8,naics_2,81,sex_female,pincp,-0.19443770611913358,-0.0021936802654778376,-0.19201609962605914,-0.049924139596946304,-0.14428564029459068,14329,19378,,63,1.22,False,False,False
xgb_depth,depth 8,naics_2,81,sex_female,hicov,0.028035678892645688,-0.0157700777053833,0.04387557506561279,-0.009494185447692871,0.03759968280792236,14329,19378,,63,1.24,False,False,False
xgb_depth,depth 8,naics_2,81,race_bw,pincp,-0.1435280769370042,-0.04512269440267502,-0.09815018673012865,-0.04375253064472595,-0.09952035048807772,2516,26304,,62,1.07,False,False,False
xgb_depth,depth 8,naics_2,81,race_bw,hicov,-0.025556209118091866,-0.032861948013305664,0.006767153739929199,-0.02939063310623169,0.0032958388328552246,2516,26304,,62,1.35,False,False,False
xgb_depth,depth 8,naics_2,81,immigrant,pincp,-0.28521872580984997,-0.19045744548621357,-0.09501660076706031,-0.10257801630408636,-0.18289602994918752,6640,27067,,63,1.42,False,False,False
xgb_depth,depth 8,naics_2,81,immigrant,hicov,-0.13345759362866183,-0.049145281314849854,-0.08468300104141235,-0.039269983768463135,-0.09455829858779907,6640,27067,,63,1.11,False,False,False
xgb_depth,depth 8,naics_2,92,sex_female,pincp,-0.2414473940877997,-0.014782686184817706,-0.22650041728207349,-0.050189332498145944,-0.19109377096874525,24767,31895,,60,1.63,False,False,False
xgb_depth,depth 8,naics_2,92,race_bw,pincp,-0.10552062676527818,-0.05434616583888463,-0.051144982993189814,-0.037925391574628264,-0.06756575725744618,7382,43626,,59,1.46,False,False,False
xgb_depth,depth 8,naics_2,92,immigrant,pincp,0.04760441151955597,0.08324590626008543,-0.03554925778752782,0.09243611588605738,-0.04473946741349977,4213,52449,,60,1.56,False,False,False
xgb_depth,depth 8,naics_2,92,immigrant,hicov,-0.014170391838873697,-0.0011690855026245117,-0.012873232364654541,-0.003042161464691162,-0.01100015640258789,4213,52449,,60,1.82,False,False,False
xgb_depth,depth 8,st,1,sex_female,pincp,-0.31555702394613583,-0.02528250082623984,-0.29007378840606535,-0.03834839096684206,-0.2770078982654631,5293,6854,,92,0.55,False,False,False
xgb_depth,depth 8,st,1,sex_female,hicov,0.021982361759625313,-0.004871785640716553,0.026898324489593506,-0.000380098819732666,0.02240663766860962,5293,6854,,92,0.58,False,False,False
xgb_depth,depth 8,st,1,race_bw,pincp,-0.28298982130619343,-0.14166201711172555,-0.14160866085280688,-0.157775198064261,-0.12549547990027143,2338,9360,,91,0.48,False,False,False
xgb_depth,depth 8,st,1,race_bw,hicov,-0.03265821836181115,-0.02294975519180298,-0.00987011194229126,-0.01682978868484497,-0.015990078449249268,2338,9360,,91,0.6,False,False,False
xgb_depth,depth 8,st,1,immigrant,pincp,-0.10406233370699525,-0.028609949049434036,-0.07795547549343418,-0.030698605857356398,-0.07586681868551182,463,11684,,92,0.52,False,False,False
xgb_depth,depth 8,st,1,immigrant,hicov,-0.19473714954566734,-0.07405412197113037,-0.12009948492050171,-0.04941600561141968,-0.1447376012802124,463,11684,,92,0.61,False,False,False
xgb_depth,depth 8,st,10,sex_female,pincp,-0.23852588673327801,-0.02000150093332209,-0.21665781594560407,-0.013076562017486637,-0.22358275486143953,1208,1387,,88,0.2,False,False,False
xgb_depth,depth 8,st,10,sex_female,hicov,0.018984825985857268,-0.007931649684906006,0.027352988719940186,0.009205937385559082,0.010215401649475098,1208,1387,,88,0.23,True,False,True
xgb_depth,depth 8,st,10,race_bw,pincp,-0.26441259231673087,-0.13469490326876965,-0.1290475067911263,-0.10192964326120801,-0.16181276679868795,431,1975,,87,0.21,False,False,False
xgb_depth,depth 8,st,10,immigrant,hicov,-0.056482306259616144,-0.0320553183555603,-0.024637341499328613,-0.009202897548675537,-0.04748976230621338,265,2330,,88,0.22,False,False,False
xgb_depth,depth 8,st,11,sex_female,pincp,-0.1948040157321529,-0.03371418397453496,-0.16229068084689935,-0.05950248027114213,-0.13650238455029218,1214,1142,,68,0.17,False,False,False
xgb_depth,depth 8,st,11,sex_female,hicov,0.01159848469548208,-0.00043463706970214844,0.012156367301940918,-0.005866944789886475,0.017588675022125244,1214,1142,,68,0.2,False,False,False
xgb_depth,depth 8,st,11,race_bw,pincp,-0.5086204482738559,-0.31080096467314,-0.19642366653631527,-0.2689188396932849,-0.23830579151617037,642,1452,,66,0.17,False,False,False
xgb_depth,depth 8,st,11,race_bw,hicov,-0.030167863855204535,-0.027310967445373535,-0.0026912689208984375,-0.056314289569854736,0.026312053203582764,642,1452,,66,0.14,False,True,True
xgb_depth,depth 8,st,11,immigrant,pincp,-0.20919592588855096,-0.08418486849727458,-0.12518442799063223,-0.06243598232141423,-0.14693331416649258,316,2040,,68,0.2,False,False,False
xgb_depth,depth 8,st,11,immigrant,hicov,-0.046624472573839615,-0.022951245307922363,-0.023067057132720947,-0.019731879234313965,-0.026286423206329346,316,2040,,68,0.18,False,False,False
xgb_depth,depth 8,st,12,sex_female,pincp,-0.22696732350444826,-0.009647654466975908,-0.21765446953204304,-0.012476457455283807,-0.21482566654373514,22979,28252,,92,1.74,False,False,False
xgb_depth,depth 8,st,12,sex_female,hicov,0.04205411755614552,0.002756059169769287,0.039356768131256104,0.010513663291931152,0.03159916400909424,22979,28252,,92,1.94,False,False,False
xgb_depth,depth 8,st,12,race_bw,pincp,-0.31454446007065684,-0.10135530429836592,-0.21325637646701345,-0.15166480722946574,-0.16294687353591364,6198,41213,,91,1.62,False,False,False
xgb_depth,depth 8,st,12,race_bw,hicov,-0.010981150374180237,-0.02662557363510132,0.015772104263305664,-0.02930128574371338,0.018447816371917725,6198,41213,,91,1.81,False,False,False
xgb_depth,depth 8,st,12,immigrant,pincp,-0.19235966803892168,-0.06422432848520465,-0.12807251418336918,-0.06713971545616815,-0.12515712721240568,12037,39194,,92,1.76,False,False,False
xgb_depth,depth 8,st,12,immigrant,hicov,-0.08944399925169921,-0.042064785957336426,-0.04741930961608887,-0.028401613235473633,-0.06108248233795166,12037,39194,,92,1.92,False,False,False
xgb_depth,depth 8,st,13,sex_female,pincp,-0.2577587064321296,-0.027018672248781073,-0.231086623988622,-0.034451956250675764,-0.22365333998672732,11957,14978,,92,1.06,False,False,False
xgb_depth,depth 8,st,13,sex_female,hicov,0.040407528990723085,0.002497851848602295,0.0380324125289917,0.01685619354248047,0.023674070835113525,11957,14978,,92,1.07,False,False,False
xgb_depth,depth 8,st,13,race_bw,pincp,-0.3001484008017652,-0.11947312882396233,-0.18116844985526548,-0.13620970938242039,-0.16443186929680742,6248,18543,,91,0.9,False,False,False
xgb_depth,depth 8,st,13,immigrant,pincp,-0.13744674471266727,-0.046812671026073005,-0.09048071857589868,-0.012442599586176328,-0.12485079001579535,3334,23601,,92,0.98,False,False,False
xgb_depth,depth 8,st,13,immigrant,hicov,-0.1524436310144861,-0.07775616645812988,-0.07408207654953003,-0.04784691333770752,-0.10399132966995239,3334,23601,,92,1.14,False,False,False
xgb_depth,depth 8,st,15,sex_female,pincp,-0.20822507750450292,-0.00945456689347779,-0.1990134548819782,-0.01739962614750823,-0.19106839562794775,1861,2153,,87,0.23,False,False,False
xgb_depth,depth 8,st,15,immigrant,pincp,-0.22547582941900401,-0.17141592703355713,-0.05358883086272037,-0.08613344149213376,-0.13887131640414374,811,3203,,87,0.29,False,False,False
xgb_depth,depth 8,st,15,immigrant,hicov,-0.016183964401437767,0.007960081100463867,-0.02441847324371338,-0.0023226141929626465,-0.014135777950286865,811,3203,,87,0.26,True,False,True
xgb_depth,depth 8,st,16,sex_female,pincp,-0.2783884125134932,-0.039193277482191036,-0.23854366984192232,-0.06252055841579995,-0.2152163889083134,1482,2423,,92,0.28,False,False,False
xgb_depth,depth 8,st,16,sex_female,hicov,0.02785997661858386,-0.014242291450500488,0.04234504699707031,0.012334227561950684,0.01576852798461914,1482,2423,,92,0.25,True,False,True
xgb_depth,depth 8,st,16,immigrant,pincp,-0.23283176258720495,-0.17506090572589805,-0.057806394910221215,-0.10038475782108769,-0.13248254281503158,270,3635,,92,0.36,False,False,False
xgb_depth,depth 8,st,16,immigrant,hicov,-0.21530898160884404,-0.07766848802566528,-0.13760030269622803,-0.03665578365325928,-0.17861300706863403,270,3635,,92,0.29,False,False,False
xgb_depth,depth 8,st,17,sex_female,pincp,-0.2669812951341086,-0.01847323709605142,-0.24855133410941121,-0.03139501899135766,-0.23562955221410498,16072,20780,,92,1.21,False,False,False
xgb_depth,depth 8,st,17,sex_female,hicov,0.021942164973691503,-0.003065049648284912,0.024928927421569824,0.0022622346878051758,0.019601643085479736,16072,20780,,92,1.39,True,False,True
xgb_depth,depth 8,st,17,race_bw,pincp,-0.2526898601930849,-0.1309305448725997,-0.12064035731155975,-0.14755123241403822,-0.10401966977012123,2889,29991,,91,1.17,False,False,False
xgb_depth,depth 8,st,17,race_bw,hicov,-0.010611837064445684,-0.011562228202819824,0.0009296536445617676,-0.010245263576507568,-0.0003873109817504883,2889,29991,,91,1.41,False,True,True
xgb_depth,depth 8,st,17,immigrant,pincp,-0.15593137100749743,-0.08866014795881405,-0.06666722933501745,-0.0543512910390902,-0.1009760862547413,5317,31535,,92,1.33,False,False,False
xgb_depth,depth 8,st,17,immigrant,hicov,-0.10988308425168858,-0.04356741905212402,-0.06634467840194702,-0.01787477731704712,-0.09203732013702393,5317,31535,,92,1.43,False,False,False
xgb_depth,depth 8,st,18,sex_female,pincp,-0.27875708923041387,-0.017896211044753585,-0.26124846649311273,-0.033514392531587944,-0.24563028500627837,7777,10797,,92,0.64,False,False,False
xgb_depth,depth 8,st,18,sex_female,hicov,0.0213776825624451,-0.010364711284637451,0.031814754009246826,-0.0040100812911987305,0.025460124015808105,7777,10797,,92,0.81,False,False,False
xgb_depth,depth 8,st,18,race_bw,pincp,-0.2081506916689495,-0.08832326940919799,-0.1202305553786438,-0.13780467618659742,-0.07074914860124437,952,16842,,91,0.69,False,False,False
xgb_depth,depth 8,st,18,race_bw,hicov,-0.02568159433349404,-0.025471866130828857,0.00032973289489746094,-0.024868428707122803,-0.00027370452880859375,952,16842,,91,0.78,False,True,True
xgb_depth,depth 8,st,18,immigrant,pincp,-0.06084523232568806,-0.003609662145430903,-0.05811188624637964,0.004515289084087826,-0.06623683747589837,902,17672,,92,0.74,True,False,True
xgb_depth,depth 8,st,18,immigrant,hicov,-0.12342297535078728,-0.04621255397796631,-0.07690620422363281,-0.023580849170684814,-0.0995379090309143,902,17672,,92,0.75,False,False,False
xgb_depth,depth 8,st,19,sex_female,pincp,-0.2736595145704044,0.0010332695211001663,-0.27414582022667666,-0.013254938058857135,-0.25985761264671936,4140,5444,,91,0.41,True,False,True
xgb_depth,depth 8,st,19,sex_female,hicov,0.016002371089743006,-0.004054546356201172,0.020118236541748047,0.002655327320098877,0.013408362865447998,4140,5444,,91,0.45,True,False,True
xgb_depth,depth 8,st,19,race_bw,pincp,-0.24415269307218423,0.006419895063300984,-0.25001976724679587,-0.07362443677188679,-0.1699754354116081,111,9195,,90,0.38,True,False,True
xgb_depth,depth 8,st,19,race_bw,hicov,-0.03685316638008318,-0.004520297050476074,-0.0322611927986145,-0.03833526372909546,0.0015537738800048828,111,9195,,90,0.32,False,True,True
xgb_depth,depth 8,st,19,immigrant,pincp,-0.17885441342499675,-0.04972809695473224,-0.1302893706575734,-0.05235382128785382,-0.12766364632445182,337,9247,,91,0.4,False,False,False
xgb_depth,depth 8,st,19,immigrant,hicov,-0.09074592802413417,-0.03857576847076416,-0.051239192485809326,-0.006869137287139893,-0.0829458236694336,337,9247,,91,0.42,False,False,False
xgb_depth,depth 8,st,2,sex_female,pincp,-0.2467624061895748,0.011432494598164311,-0.25935119446044475,-0.05133367741956718,-0.19658502244271325,633,751,,78,0.13,True,False,True
xgb_depth,depth 8,st,2,sex_female,hicov,0.016433065549251835,-0.022831439971923828,0.03920912742614746,0.01819479465484619,-0.0018171072006225586,633,751,,78,0.16,True,True,True
xgb_depth,depth 8,st,2,immigrant,pincp,-0.4029133360731656,-0.25567523581280405,-0.1459035008523859,-0.09928786168642034,-0.3022908749787696,138,1246,,78,0.15,False,False,False
xgb_depth,depth 8,st,2,immigrant,hicov,-0.051969199990694825,-0.06586700677871704,0.013200461864471436,-0.055199265480041504,0.0025327205657958984,138,1246,,78,0.14,False,False,False
xgb_depth,depth 8,st,20,sex_female,pincp,-0.2804944645361651,0.002283533754809497,-0.28245325407529265,0.0005857555921959801,-0.28075547591267913,3580,4753,,92,0.32,False,False,False
xgb_depth,depth 8,st,20,sex_female,hicov,0.028491913957312542,-0.008219897747039795,0.036453843116760254,0.00834035873413086,0.0198935866355896,3580,4753,,92,0.39,True,False,True
xgb_depth,depth 8,st,20,race_bw,pincp,-0.17290278528006198,-0.12099188458504173,-0.0517712954947136,-0.11856732150989835,-0.05419585856985698,235,7590,,91,0.37,False,False,False
xgb_depth,depth 8,st,20,race_bw,hicov,-0.07053233537969883,-0.008458971977233887,-0.06204026937484741,-0.012748539447784424,-0.057750701904296875,235,7590,,91,0.35,False,False,False
xgb_depth,depth 8,st,20,immigrant,pincp,-0.16134057531916035,-0.1140671829058384,-0.04764028016745492,-0.07646237522328647,-0.08524508785000684,556,7777,,92,0.35,False,False,False
xgb_depth,depth 8,st,20,immigrant,hicov,-0.12007737258823514,-0.04150986671447754,-0.0787726640701294,-0.035481035709381104,-0.08480149507522583,556,7777,,92,0.4,False,False,False
xgb_depth,depth 8,st,21,sex_female,pincp,-0.27344839490346473,-0.007982707338875628,-0.26474207986465004,-0.025986974508775518,-0.24673781269475015,5168,6566,,92,0.48,False,False,False
xgb_depth,depth 8,st,21,sex_female,hicov,0.018908447118046068,-0.004773318767547607,0.023444414138793945,0.004363000392913818,0.01430809497833252,5168,6566,,92,0.51,True,False,True
xgb_depth,depth 8,st,21,race_bw,pincp,-0.26856783080580726,-0.17037858620919089,-0.09759647439014252,-0.14774772297879224,-0.12022733762054116,647,10738,,91,0.47,False,False,False
xgb_depth,depth 8,st,21,immigrant,pincp,-0.07145706307004751,-0.0063346884237134304,-0.06491225062929651,0.02383463889094095,-0.09508157794395089,445,11289,,92,0.47,True,False,True
xgb_depth,depth 8,st,21,immigrant,hicov,-0.12914371253313106,-0.052762508392333984,-0.0766025185585022,-0.01235353946685791,-0.11701148748397827,445,11289,,92,0.5,False,False,False
xgb_depth,depth 8,st,22,sex_female,pincp,-0.3786737215261695,-0.04548720836191755,-0.3325068968651461,-0.09979656911630386,-0.2781975361107598,5065,5961,,92,0.44,False,False,False
xgb_depth,depth 8,st,22,sex_female,hicov,0.02384849994857985,-0.005611598491668701,0.0295565128326416,0.0052114129066467285,0.018733501434326172,5065,5961,,92,0.49,True,False,True
xgb_depth,depth 8,st,22,race_bw,pincp,-0.3835029925119162,-0.18838652153810287,-0.19460846960113898,-0.18708927106337114,-0.1959057200758707,2477,8026,,91,0.39,False,False,False
xgb_depth,depth 8,st,22,race_bw,hicov,-0.029161130645144806,-0.03279680013656616,0.003823399543762207,-0.033427655696868896,0.004454255104064941,2477,8026,,91,0.53,False,False,False
xgb_depth,depth 8,st,22,immigrant,pincp,-0.12196761308323723,-0.03710108944158996,-0.08476288989504788,-0.007830177918462411,-0.11403380141817543,503,10523,,92,0.45,False,False,False
xgb_depth,depth 8,st,22,immigrant,hicov,-0.16816652116191944,-0.10047072172164917,-0.06740719079971313,-0.04990941286087036,-0.11796849966049194,503,10523,,92,0.54,False,False,False
xgb_depth,depth 8,st,23,sex_female,pincp,-0.19825235908339245,-0.0071942076367399466,-0.19078973337451366,0.00037520359459009,-0.1983591446058437,1463,1847,,89,0.21,True,False,True
xgb_depth,depth 8,st,23,sex_female,hicov,0.02401966426130797,0.017040908336639404,0.006539106369018555,0.009816527366638184,0.013763487339019775,1463,1847,,89,0.23,False,False,False
xgb_depth,depth 8,st,23,immigrant,pincp,0.01777096885950158,-0.10016881626604324,0.1181404760852569,0.040247121553132814,-0.022275461733919144,103,3207,,89,0.21,True,True,True
xgb_depth,depth 8,st,23,immigrant,hicov,0.013819890349084707,0.005737125873565674,0.00811856985092163,-0.007996439933776855,0.02185213565826416,103,3207,,89,0.18,True,False,True
xgb_depth,depth 8,st,24,sex_female,pincp,-0.21181734877639613,-0.01892629081876862,-0.19308984807848617,-0.031092362083501968,-0.18092377681375282,8713,10246,,92,0.74,False,False,False
xgb_depth,depth 8,st,24,sex_female,hicov,0.020371533298194855,0.002141118049621582,0.01841038465499878,0.010435938835144043,0.010115563869476318,8713,10246,,92,0.89,False,False,False
xgb_depth,depth 8,st,24,race_bw,pincp,-0.24287667447884864,-0.10589054917920038,-0.13654269011368925,-0.14027125361834258,-0.10216198567454704,4610,12209,,91,0.67,False,False,False
xgb_depth,depth 8,st,24,immigrant,pincp,-0.15568432450642078,-0.07231972284116495,-0.08374102578885889,-0.04221530685251906,-0.11384544177750477,3231,15728,,92,0.65,False,False,False
xgb_depth,depth 8,st,24,immigrant,hicov,-0.09323396376594617,-0.03928929567337036,-0.05384397506713867,-0.01774883270263672,-0.07538443803787231,3231,15728,,92,0.78,False,False,False
xgb_depth,depth 8,st,25,sex_female,pincp,-0.24144678808740672,-0.018073562605076532,-0.22383073859665892,-0.06317828950158955,-0.1787260117001459,9062,11429,,92,0.72,False,False,False
xgb_depth,depth 8,st,25,race_bw,pincp,-0.3719536144677207,-0.22404379023507737,-0.14792315534458567,-0.24155409350984236,-0.13041285206982067,1013,17304,,91,0.65,False,False,False
xgb_depth,depth 8,st,25,race_bw,hicov,-0.02695569022038513,-0.0192297101020813,-0.008026957511901855,-0.014701485633850098,-0.012555181980133057,1013,17304,,91,0.8,False,False,False
xgb_depth,depth 8,st,25,immigrant,pincp,-0.14461822017134907,-0.08501857011130909,-0.05955893929247047,-0.08520476992488568,-0.05937273947889388,3687,16804,,92,0.7,False,False,False
xgb_depth,depth 8,st,25,immigrant,hicov,-0.027022590162996685,-0.012454688549041748,-0.014317810535430908,-0.004630684852600098,-0.02214181423187256,3687,16804,,92,0.92,False,False,False
xgb_depth,depth 8,st,26,sex_female,pincp,-0.24651994082032935,-0.0042654083081394845,-0.2422757011445249,-0.029560380186063995,-0.2169807292666004,10790,14934,,92,0.9,False,False,False
xgb_depth,depth 8,st,26,sex_female,hicov,0.019076658955257342,-0.004980504512786865,0.024144291877746582,-0.0007923245429992676,0.019956111907958984,10790,14934,,92,0.98,False,False,False
xgb_depth,depth 8,st,26,race_bw,pincp,-0.2167167997666084,-0.08719107319618757,-0.13039133881161824,-0.12033714106212479,-0.09724527094568103,1695,22671,,91,0.77,False,False,False
xgb_depth,depth 8,st,26,race_bw,hicov,-0.01643165823712256,-0.02621281147003174,0.010089099407196045,-0.018276989459991455,0.0021532773971557617,1695,22671,,91,0.9,False,False,False
xgb_depth,depth 8,st,26,immigrant,pincp,0.11652478612974271,0.13386993640589218,-0.017044472436117175,0.14330979553695578,-0.026484331567180774,1631,24093,,92,0.9,False,False,False
xgb_depth,depth 8,st,26,immigrant,hicov,-0.03729620884818308,0.013907432556152344,-0.051265716552734375,0.002664625644683838,-0.04002290964126587,1631,24093,,92,0.99,False,False,False
xgb_depth,depth 8,st,27,sex_female,pincp,-0.22993728022987447,-0.0004963481508575285,-0.22937347004124575,-0.0016594572664523355,-0.22821036092565095,7010,9668,,92,0.55,False,False,False
xgb_depth,depth 8,st,27,sex_female,hicov,0.017500090006769664,0.0017974376678466797,0.015956997871398926,0.003487229347229004,0.014267206192016602,7010,9668,,92,0.74,False,False,False
xgb_depth,depth 8,st,27,race_bw,pincp,-0.270576940371841,-0.22290822913457298,-0.04659993705052834,-0.10194177666012649,-0.16756638952497482,307,15438,,91,0.57,False,False,False
xgb_depth,depth 8,st,27,race_bw,hicov,-0.05278400562426233,-0.04568856954574585,-0.005879104137420654,-0.04450488090515137,-0.007062792778015137,307,15438,,91,0.6,False,False,False
xgb_depth,depth 8,st,27,immigrant,pincp,-0.13052885294286476,-0.05678893345467095,-0.07329336607225656,-0.02489004965219266,-0.10519224987473486,860,15818,,92,0.63,False,False,False
xgb_depth,depth 8,st,27,immigrant,hicov,-0.07335990496549405,-0.0060364603996276855,-0.0677153468132019,-0.023075640201568604,-0.050676167011260986,860,15818,,92,0.66,False,False,False
xgb_depth,depth 8,st,28,sex_female,pincp,-0.31134078456686076,-0.0028488091196674503,-0.3082849249496302,-0.043353737968006456,-0.2677799961012912,3262,3776,,92,0.3,False,False,False
xgb_depth,depth 8,st,28,sex_female,hicov,0.03289857397458151,-0.00678783655166626,0.03979390859603882,0.0139540433883667,0.01905202865600586,3262,3776,,92,0.35,True,False,True
xgb_depth,depth 8,st,28,race_bw,pincp,-0.3900275817952199,-0.12142748238675871,-0.269320748215673,-0.1418635264009538,-0.2488847042014779,2102,4731,,91,0.33,False,False,False
xgb_depth,depth 8,st,28,race_bw,hicov,-0.022910712407444356,-0.03769731521606445,0.014524400234222412,-0.03878426551818848,0.015611350536346436,2102,4731,,91,0.35,False,False,False
xgb_depth,depth 8,st,28,immigrant,pincp,-0.13604796160766774,0.05194938675899685,-0.18851004553321538,-0.049347026483262724,-0.0872136322909558,189,6849,,92,0.33,True,False,True
xgb_depth,depth 8,st,28,immigrant,hicov,-0.20993679994994052,-0.08822929859161377,-0.12067651748657227,-0.050434231758117676,-0.15847158432006836,189,6849,,92,0.33,False,False,False
xgb_depth,depth 8,st,29,sex_female,pincp,-0.27515273629759385,-0.016127705079700405,-0.2587603700382317,-0.021620687289162888,-0.25326738782876923,7601,9533,,92,0.6,False,False,False
xgb_depth,depth 8,st,29,sex_female,hicov,0.01863879096443022,-0.009320259094238281,0.02767050266265869,0.005051910877227783,0.013298332691192627,7601,9533,,92,0.68,True,False,True
xgb_depth,depth 8,st,29,race_bw,pincp,-0.1991943295278631,-0.09109204336390597,-0.10803675344144992,-0.1266874260886155,-0.0724413707167404,1153,15279,,91,0.58,False,False,False
xgb_depth,depth 8,st,29,immigrant,hicov,-0.07705422012447072,-0.02569735050201416,-0.050936758518218994,-0.014871299266815186,-0.06176280975341797,742,16392,,92,0.65,False,False,False
xgb_depth,depth 8,st,30,sex_female,pincp,-0.28979446174989043,0.03646717363770513,-0.3254947043753944,-0.01841714765468616,-0.2706103830830031,1065,1480,,90,0.18,True,False,True
xgb_depth,depth 8,st,31,sex_female,pincp,-0.281439103191774,0.01475193424157517,-0.29628742506350925,-0.019453508410975928,-0.26208198241095815,2516,3334,,92,0.27,True,False,True
xgb_depth,depth 8,st,31,race_bw,pincp,-0.2017146058405448,-0.07595157072837111,-0.1254117785575275,-0.12560597800852946,-0.07575737127736915,119,5464,,91,0.26,False,False,False
xgb_depth,depth 8,st,31,race_bw,hicov,-0.06312363891383777,-0.0315396785736084,-0.029187917709350586,-0.029391169548034668,-0.031336426734924316,119,5464,,91,0.28,False,False,False
xgb_depth,depth 8,st,31,immigrant,pincp,-0.30890042652009875,-0.092678905427233,-0.2154778834624409,-0.14477705567261623,-0.16337973321705768,283,5567,,92,0.3,False,False,False
xgb_depth,depth 8,st,31,immigrant,hicov,-0.1141031101372868,-0.030637145042419434,-0.08479863405227661,-0.03558969497680664,-0.0798460841178894,283,5567,,92,0.3,False,False,False
xgb_depth,depth 8,st,32,sex_female,pincp,-0.22430918693346769,0.02210353443412494,-0.2458501590074178,-0.006050647877689386,-0.21769597669560348,3203,4225,,91,0.34,True,False,True
xgb_depth,depth 8,st,32,sex_female,hicov,0.04386575455333108,-0.0033441781997680664,0.04712158441543579,0.010607421398162842,0.03316998481750488,3203,4225,,91,0.42,True,False,True
xgb_depth,depth 8,st,32,race_bw,pincp,-0.22144703617116335,-0.08414233901609336,-0.13541168217267696,-0.11322605568516764,-0.10632796550360268,508,5229,,90,0.3,False,False,False
xgb_depth,depth 8,st,32,race_bw,hicov,0.01350433605437873,-0.027186572551727295,0.040282487869262695,0.0014029145240783691,0.011693000793457031,508,5229,,90,0.34,True,False,True
xgb_depth,depth 8,st,32,immigrant,pincp,-0.30383233352831596,-0.13770876599375725,-0.16671195967408536,-0.1616409708906037,-0.14277975477723892,1872,5556,,91,0.34,False,False,False
xgb_depth,depth 8,st,32,immigrant,hicov,-0.1171244761957504,-0.052051842212677,-0.0646742582321167,-0.025753676891326904,-0.0909724235534668,1872,5556,,91,0.39,False,False,False
xgb_depth,depth 8,st,33,sex_female,pincp,-0.2749833742141927,-0.008059936008928403,-0.26734981260215207,-0.01588822608910867,-0.2595215225219718,1775,2482,,92,0.23,False,False,False
xgb_depth,depth 8,st,33,sex_female,hicov,0.02131947202959905,-0.006115972995758057,0.027394890785217285,0.00669938325881958,0.014579534530639648,1775,2482,,92,0.31,True,False,True
xgb_depth,depth 8,st,33,immigrant,pincp,-0.01960434517791043,0.019575169385355196,-0.04068327185897758,0.14002844860879193,-0.16113655108241431,213,4044,,92,0.24,False,False,False
xgb_depth,depth 8,st,34,sex_female,pincp,-0.27959417182269064,-0.02016903817261273,-0.25877707288633367,-0.06183378353048319,-0.2171123275284632,11310,14947,,92,1.06,False,False,False
xgb_depth,depth 8,st,34,sex_female,hicov,0.026453037100081955,-0.0017754435539245605,0.02807009220123291,0.0042035579681396484,0.0220910906791687,11310,14947,,92,1.06,True,False,True
xgb_depth,depth 8,st,34,race_bw,pincp,-0.3485279411658162,-0.15052261061265249,-0.19733505665591267,-0.20209336230952069,-0.14576430495904447,2450,19368,,91,0.94,False,False,False
xgb_depth,depth 8,st,34,immigrant,pincp,-0.18133677494972034,-0.0676309324929587,-0.11327214136647079,-0.07028672728618446,-0.11061634657324504,6979,19278,,92,0.96,False,False,False
xgb_depth,depth 8,st,34,immigrant,hicov,-0.1122939833089891,-0.045840322971343994,-0.06636291742324829,-0.019607365131378174,-0.09259587526321411,6979,19278,,92,1.08,False,False,False
xgb_depth,depth 8,st,35,sex_female,pincp,-0.19025334313377584,0.01745484238637829,-0.20746250229034757,-0.04912887672600874,-0.14087878317796054,2064,2495,,90,0.23,True,False,True
xgb_depth,depth 8,st,35,sex_female,hicov,0.027719392272917864,-0.013100028038024902,0.04035079479217529,0.019111931324005127,0.008138835430145264,2064,2495,,90,0.35,True,False,True
xgb_depth,depth 8,st,35,race_bw,pincp,-0.15214511430401068,-0.11745491572856182,-0.03315626376984149,-0.007445676523166966,-0.14316550297523634,67,3264,,88,0.21,False,False,False
xgb_depth,depth 8,st,35,immigrant,pincp,-0.22003643556194064,-0.10450362148399073,-0.11492483420757615,-0.0644478098306216,-0.1549806458609453,490,4069,,90,0.25,False,False,False
xgb_depth,depth 8,st,35,immigrant,hicov,-0.16557044051338898,-0.09165298938751221,-0.07295948266983032,-0.028847217559814453,-0.13576525449752808,490,4069,,90,0.27,False,False,False
xgb_depth,depth 8,st,36,sex_female,pincp,-0.2004874804493344,0.01843279610468862,-0.21854383267181632,-0.01152544274674483,-0.18858559382038287,24821,30289,,92,1.87,True,False,True
xgb_depth,depth 8,st,36,sex_female,hicov,0.03008149330087584,0.005044817924499512,0.024992406368255615,0.01282268762588501,0.017214536666870117,24821,30289,,92,2.01,False,False,False
xgb_depth,depth 8,st,36,race_bw,pincp,-0.27242488117953023,-0.13154647229797334,-0.1406844832715226,-0.18179948746228192,-0.09043146810721403,6432,39884,,91,1.64,False,False,False
xgb_depth,depth 8,st,36,race_bw,hicov,-0.021661153788773424,-0.01912820339202881,-0.0027352571487426758,-0.029008209705352783,0.007144749164581299,6432,39884,,91,1.71,False,True,True
xgb_depth,depth 8,st,36,immigrant,pincp,-0.16921449805576216,-0.15349537922968715,-0.015867153822616942,-0.10587140254227734,-0.06349113051002675,13520,41590,,92,1.94,False,False,False
xgb_depth,depth 8,st,36,immigrant,hicov,-0.08273276675236285,-0.028398454189300537,-0.0546078085899353,-0.019516825675964355,-0.06348943710327148,13520,41590,,92,2.1,False,False,False
xgb_depth,depth 8,st,37,sex_female,pincp,-0.2513797037125798,-0.022777908774800792,-0.22819422838420067,-0.04236454313548954,-0.20860759402351192,11762,14924,,92,0.98,False,False,False
xgb_depth,depth 8,st,37,sex_female,hicov,0.026121671345438635,-0.0017052888870239258,0.0279809832572937,0.010283827781677246,0.01599186658859253,11762,14924,,92,1.09,True,False,True
xgb_depth,depth 8,st,37,race_bw,pincp,-0.3428412819155735,-0.12451096810989526,-0.2177215377774857,-0.15621702166595242,-0.18601548422142855,4251,20487,,91,0.94,False,False,False
xgb_depth,depth 8,st,37,race_bw,hicov,-0.020227158183069305,-0.02574443817138672,0.005152106285095215,-0.019282102584838867,-0.0013102293014526367,4251,20487,,91,0.97,False,True,True
xgb_depth,depth 8,st,37,immigrant,pincp,-0.10334814145842763,-0.054995576116434464,-0.04782286959807891,-0.0215933323067361,-0.08122511340777727,2369,24317,,92,1.0,False,False,False
xgb_depth,depth 8,st,37,immigrant,hicov,-0.16151536030195512,-0.09530037641525269,-0.06579649448394775,-0.05163311958312988,-0.10946375131607056,2369,24317,,92,1.11,False,False,False
xgb_depth,depth 8,st,38,sex_female,pincp,-0.40017355186717296,-0.04013501017764831,-0.35862048938449576,-0.034765394466141686,-0.3639901050960024,943,1416,,88,0.21,False,False,False
xgb_depth,depth 8,st,38,sex_female,hicov,0.016556727836991025,-0.01051110029220581,0.027452290058135986,0.01581186056137085,0.0011293292045593262,943,1416,,88,0.22,True,False,True
xgb_depth,depth 8,st,38,immigrant,pincp,-0.05300269840215499,-0.28034558739865467,0.2268336023127624,-0.05574183221104434,0.0022298471251520624,67,2292,,88,0.16,False,False,False
xgb_depth,depth 8,st,38,immigrant,hicov,-0.01301737386366586,0.01148676872253418,-0.021965861320495605,-0.006895661354064941,-0.0035834312438964844,67,2292,,88,0.19,True,False,True
xgb_depth,depth 8,st,39,sex_female,pincp,-0.26401311233596125,-0.01435117049549639,-0.24992810224948592,-0.033988666197886985,-0.23029060654709532,14095,18698,,92,1.2,False,False,False
xgb_depth,depth 8,st,39,sex_female,hicov,0.017501789330388817,-0.005647540092468262,0.022927939891815186,-0.001328885555267334,0.018609285354614258,14095,18698,,92,1.3,False,False,False
xgb_depth,depth 8,st,39,race_bw,pincp,-0.24536897415986836,-0.10825015051255527,-0.13660756026526322,-0.12744890131008546,-0.11740880946773302,2358,29190,,91,1.15,False,False,False
xgb_depth,depth 8,st,39,race_bw,hicov,-0.01722050930684027,-0.01805049180984497,0.0010654330253601074,-0.020336449146270752,0.0033513903617858887,2358,29190,,91,1.34,False,False,False
xgb_depth,depth 8,st,39,immigrant,pincp,0.048812748806545514,0.07720757827314095,-0.028367962247092038,0.11008325019111886,-0.06124363416506995,1377,31416,,92,1.2,False,False,False
xgb_depth,depth 8,st,39,immigrant,hicov,-0.04787251600977094,-0.0022735595703125,-0.04559934139251709,-0.00325930118560791,-0.04461359977722168,1377,31416,,92,1.32,False,False,False
xgb_depth,depth 8,st,4,sex_female,pincp,-0.23532286018952853,-0.025644886935571876,-0.2100320839068388,-0.054450051176825554,-0.18122691966558513,7274,9525,,92,0.73,False,False,False
xgb_depth,depth 8,st,4,sex_female,hicov,0.028002182295263744,-0.008674085140228271,0.036766111850738525,0.013274013996124268,0.014818012714385986,7274,9525,,92,0.79,True,False,True
xgb_depth,depth 8,st,4,race_bw,pincp,-0.23746491036643214,-0.09510874518384682,-0.14370012017337253,-0.08571356902364435,-0.153095296333575,580,13266,,91,0.62,False,False,False
xgb_depth,depth 8,st,4,immigrant,pincp,-0.22653950430917114,-0.09348850476388115,-0.13279181222050873,-0.1016907522451671,-0.12458956473922278,2617,14182,,92,0.69,False,False,False
xgb_depth,depth 8,st,4,immigrant,hicov,-0.12441581133134316,-0.05364149808883667,-0.07029104232788086,-0.03851991891860962,-0.08541262149810791,2617,14182,,92,0.85,False,False,False
xgb_depth,depth 8,st,40,sex_female,pincp,-0.29664627375391106,-0.0202541350071197,-0.2760895688141396,-0.017117500135716668,-0.27922620368554263,4029,5523,,92,0.44,False,False,False
xgb_depth,depth 8,st,40,sex_female,hicov,0.0268521712963955,-0.007636070251464844,0.03479206562042236,0.026502907276153564,0.0006530880928039551,4029,5523,,92,0.47,True,False,True
xgb_depth,depth 8,st,40,race_bw,pincp,-0.2351882977597448,-0.07895565584990827,-0.15658357173705362,-0.11905863332829014,-0.11648059425867174,446,7317,,91,0.39,False,False,False
xgb_depth,depth 8,st,40,immigrant,pincp,-0.21193833439191856,-0.037966665480198,-0.17408585240969288,-0.06426672564203528,-0.1477857922478556,556,8996,,92,0.41,False,False,False
xgb_depth,depth 8,st,40,immigrant,hicov,-0.21967477152115567,-0.07879626750946045,-0.14144361019134521,-0.093208909034729,-0.12703096866607666,556,8996,,92,0.46,False,False,False
xgb_depth,depth 8,st,41,sex_female,pincp,-0.2149141704901094,-0.004867940126347392,-0.2096339757350716,-0.016726640490150047,-0.19777527537126893,4421,6132,,91,0.43,False,False,False
xgb_depth,depth 8,st,41,sex_female,hicov,0.019092850303944253,9.60230827331543e-05,0.019230246543884277,0.008562803268432617,0.010763466358184814,4421,6132,,91,0.55,False,False,False
xgb_depth,depth 8,st,41,race_bw,pincp,-0.25634392603690337,-0.07657109935559703,-0.18052087128064898,-0.06518617001340843,-0.19190580062283757,131,9171,,90,0.49,False,False,False
xgb_depth,depth 8,st,41,race_bw,hicov,0.014280827134320662,-0.011831223964691162,0.026809513568878174,-0.012662410736083984,0.027640700340270996,131,9171,,90,0.4,False,False,False
xgb_depth,depth 8,st,41,immigrant,pincp,-0.14781387524339173,-0.07222640576291717,-0.07552207652743803,-0.039137988149523295,-0.1086104941408319,1186,9367,,91,0.45,False,False,False
xgb_depth,depth 8,st,41,immigrant,hicov,-0.06071924489673575,-0.03370189666748047,-0.026545345783233643,-0.022649407386779785,-0.037597835063934326,1186,9367,,91,0.46,False,False,False
xgb_depth,depth 8,st,42,sex_female,pincp,-0.2608191999909497,-0.0003767388255653259,-0.26066730504668456,-0.031106159803439226,-0.22993788406881066,15681,20483,,92,1.14,False,False,False
xgb_depth,depth 8,st,42,sex_female,hicov,0.02210470837581824,-0.00589144229888916,0.02806776762008667,0.002072632312774658,0.02010369300842285,15681,20483,,92,1.38,True,False,True
xgb_depth,depth 8,st,42,race_bw,pincp,-0.18461695160788594,-0.10771106515908535,-0.07715903521531331,-0.1265325798287602,-0.058337520545638455,1775,32726,,91,1.12,False,False,False
xgb_depth,depth 8,st,42,race_bw,hicov,-0.02623379954603866,-0.02688199281692505,0.0005474090576171875,-0.010159015655517578,-0.016175568103790283,1775,32726,,91,1.37,False,True,True
xgb_depth,depth 8,st,42,immigrant,pincp,0.01895036834457109,-0.004166595211417601,0.023736702716876223,0.05834792588795956,-0.03877781838250094,2085,34079,,92,1.23,True,True,True
xgb_depth,depth 8,st,42,immigrant,hicov,-0.05231362901110781,-0.01735895872116089,-0.03437906503677368,-0.008596956729888916,-0.043141067028045654,2085,34079,,92,1.41,False,False,False
xgb_depth,depth 8,st,44,sex_female,pincp,-0.2343378528442699,0.028674253828743446,-0.2627236631890639,0.03459425329832477,-0.26864366265864525,1329,1569,,88,0.2,False,False,False
xgb_depth,depth 8,st,44,sex_female,hicov,0.019553510668755658,-0.005451858043670654,0.025253236293792725,-0.002438843250274658,0.02224022150039673,1329,1569,,88,0.21,False,False,False
xgb_depth,depth 8,st,44,race_bw,pincp,-0.2926052160795276,-0.08104055721860881,-0.21099916803196983,-0.13504779764621233,-0.1569919276043663,123,2515,,87,0.21,False,False,False
xgb_depth,depth 8,st,44,immigrant,pincp,-0.24674267801177407,-0.1738868708760286,-0.07179494775540896,-0.12998472620852297,-0.1156970924229146,463,2435,,88,0.22,False,False,False
xgb_depth,depth 8,st,44,immigrant,hicov,-0.05373667847845276,-0.04313760995864868,-0.009783446788787842,-0.010227501392364502,-0.04269355535507202,463,2435,,88,0.23,False,False,False
xgb_depth,depth 8,st,45,sex_female,pincp,-0.2785360372270027,-0.04719205775875146,-0.2312651639369836,-0.056907843208655606,-0.22154937848707945,5691,7032,,92,0.51,False,False,False
xgb_depth,depth 8,st,45,sex_female,hicov,0.032366685197812495,-0.0052651166915893555,0.037659645080566406,0.008731245994567871,0.02366328239440918,5691,7032,,92,0.6,True,False,True
xgb_depth,depth 8,st,45,race_bw,pincp,-0.3830184381611712,-0.14645287291515352,-0.23707138376879122,-0.16563356490797787,-0.21789069177596687,2541,9653,,91,0.45,False,False,False
xgb_depth,depth 8,st,45,race_bw,hicov,-0.01027585594795033,-0.02942866086959839,0.01920872926712036,-0.02513265609741211,0.014912724494934082,2541,9653,,91,0.56,False,False,False
xgb_depth,depth 8,st,45,immigrant,pincp,-0.08057504916947344,-0.10937611242466438,0.028069279960160287,-0.022427707820169118,-0.05887912464433498,654,12069,,92,0.57,False,True,True
xgb_depth,depth 8,st,45,immigrant,hicov,-0.20226282970777365,-0.12373542785644531,-0.07840883731842041,-0.05634826421737671,-0.145796000957489,654,12069,,92,0.58,False,False,False
xgb_depth,depth 8,st,46,sex_female,pincp,-0.2908753073247148,-0.011124292809290282,-0.2778395985179962,-0.01125199798992682,-0.2777118933373597,1104,1489,,87,0.19,False,False,False
xgb_depth,depth 8,st,46,sex_female,hicov,0.02619511684721776,-0.008052945137023926,0.03438049554824829,0.00439685583114624,0.021930694580078125,1104,1489,,87,0.24,True,False,True
xgb_depth,depth 8,st,46,immigrant,pincp,-0.23296569506982934,-0.005188112061217609,-0.22735118865966797,-0.16555045479660713,-0.06698884592427845,77,2516,,87,0.18,False,False,False
xgb_depth,depth 8,st,46,immigrant,hicov,-0.05143187496128676,-0.05652773380279541,0.007284045219421387,-0.15036672353744507,0.10112303495407104,77,2516,,87,0.19,False,False,False
xgb_depth,depth 8,st,47,sex_female,pincp,-0.2515418813310255,-0.0023648748613656068,-0.24873227635531592,-0.015538921534165695,-0.23555822968251583,7731,9938,,92,0.7,False,False,False
xgb_depth,depth 8,st,47,sex_female,hicov,0.03620466553737811,0.0024189352989196777,0.03382396697998047,0.016944706439971924,0.019298195838928223,7731,9938,,92,0.78,False,False,False
xgb_depth,depth 8,st,47,race_bw,pincp,-0.24291613774690468,-0.11306363353740068,-0.1296854336949469,-0.1300955916558113,-0.11265347557653627,2084,14855,,91,0.62,False,False,False
xgb_depth,depth 8,st,47,race_bw,hicov,-0.019212108604546363,-0.02411472797393799,0.003970682621002197,-0.016859471797943115,-0.0032845735549926758,2084,14855,,91,0.72,False,True,True
xgb_depth,depth 8,st,47,immigrant,pincp,-0.12017643285205182,-0.05298589728535319,-0.06669736795773495,-0.04226077068497425,-0.0774224945581139,982,16687,,92,0.74,False,False,False
xgb_depth,depth 8,st,47,immigrant,hicov,-0.22928094933956544,-0.11057937145233154,-0.11878371238708496,-0.03973519802093506,-0.18962788581848145,982,16687,,92,0.82,False,False,False
xgb_depth,depth 8,st,48,sex_female,pincp,-0.280056055773656,-0.02644633108299388,-0.25340503308390083,-0.044645493183248064,-0.23520587098364665,31110,42184,,92,2.27,False,False,False
xgb_depth,depth 8,st,48,sex_female,hicov,0.05040712336269337,-0.0010578036308288574,0.051272451877593994,0.026098668575286865,0.02411597967147827,31110,42184,,92,2.71,True,False,True
xgb_depth,depth 8,st,48,race_bw,pincp,-0.2224747386930428,-0.0791698633017468,-0.14328308054895267,-0.09707725023842251,-0.12537569361227696,6632,57703,,91,2.22,False,False,False
xgb_depth,depth 8,st,48,race_bw,hicov,0.020478520087899965,-0.009664297103881836,0.029987037181854248,0.0010995268821716309,0.01922321319580078,6632,57703,,91,2.3,True,False,True
xgb_depth,depth 8,st,48,immigrant,pincp,-0.24244797762234072,-0.08701193156002951,-0.1553974364240016,-0.08472855115709699,-0.15768081682693413,14045,59249,,92,2.38,False,False,False
xgb_depth,depth 8,st,48,immigrant,hicov,-0.18640997892927536,-0.10349059104919434,-0.08293020725250244,-0.06473684310913086,-0.12168395519256592,14045,59249,,92,2.71,False,False,False
xgb_depth,depth 8,st,49,sex_female,pincp,-0.3688677720811935,-0.06594824227396856,-0.302430263023016,-0.08181610547084794,-0.2865623998261366,2631,4858,,91,0.39,False,False,False
xgb_depth,depth 8,st,49,sex_female,hicov,0.016111383121001355,-0.017360150814056396,0.03395301103591919,-0.014052331447601318,0.03064519166946411,2631,4858,,91,0.43,False,False,False
xgb_depth,depth 8,st,49,race_bw,pincp,-0.3013406887576444,-0.38648951759459926,0.08427428006248583,-0.1281356780646572,-0.17407955946745624,54,6795,,90,0.34,False,True,True
xgb_depth,depth 8,st,49,immigrant,pincp,-0.33821703312701956,-0.2088679682958432,-0.12918274821215903,-0.18818971038402132,-0.1498610061239809,677,6812,,91,0.39,False,False,False
xgb_depth,depth 8,st,49,immigrant,hicov,-0.16394736545378696,-0.04510021209716797,-0.11937946081161499,-0.06059545278549194,-0.10388422012329102,677,6812,,91,0.43,False,False,False
xgb_depth,depth 8,st,5,sex_female,pincp,-0.2661997987464133,-0.02314828638229116,-0.24396807669900333,-0.018461856299538226,-0.24865450678175627,3295,4129,,92,0.36,False,False,False
xgb_depth,depth 8,st,5,sex_female,hicov,0.0323388622831734,-0.003256082534790039,0.03541445732116699,0.015353083610534668,0.016805291175842285,3295,4129,,92,0.36,True,False,True
xgb_depth,depth 8,st,5,race_bw,pincp,-0.2823326565036659,-0.11462484969845832,-0.16816066218417447,-0.11647638350423684,-0.16630912837839595,802,6230,,91,0.32,False,False,False
xgb_depth,depth 8,st,5,immigrant,pincp,-0.24308967053588226,-0.07930578566565849,-0.16402381333961813,-0.09176147159509007,-0.15156812741018655,391,7033,,92,0.38,False,False,False
xgb_depth,depth 8,st,5,immigrant,hicov,-0.14289813131590456,-0.008601486682891846,-0.1341031789779663,-0.029850661754608154,-0.11285400390625,391,7033,,92,0.41,False,False,False
xgb_depth,depth 8,st,50,sex_female,pincp,-0.14022086869054817,0.03981922008665428,-0.18004297096905475,0.07058210288517408,-0.21080585376757455,852,1028,,86,0.17,False,False,False
xgb_depth,depth 8,st,50,sex_female,hicov,0.029192013298989794,-0.0049474239349365234,0.03391343355178833,0.013130247592926025,0.01583576202392578,852,1028,,86,0.21,True,False,True
xgb_depth,depth 8,st,50,immigrant,pincp,0.08646994507348538,0.050409617148245545,0.0382246040524592,-0.01385005974511877,0.10248428094582351,61,1819,,86,0.17,True,False,True
xgb_depth,depth 8,st,50,immigrant,hicov,-0.033039230706837674,0.01588541269302368,-0.04668766260147095,0.02635592222213745,-0.05715817213058472,61,1819,,86,0.18,False,False,False
xgb_depth,depth 8,st,51,sex_female,pincp,-0.27302751178342,-0.06535570058213303,-0.20821293904463545,-0.0790616794083796,-0.19450696021838887,11165,13892,,92,0.91,False,False,False
xgb_depth,depth 8,st,51,sex_female,hicov,0.018292008635743984,-0.006775617599487305,0.025195777416229248,0.005744636058807373,0.01267552375793457,11165,13892,,92,1.02,True,False,True
xgb_depth,depth 8,st,51,race_bw,pincp,-0.3105158451780081,-0.15835754758652243,-0.151636809854379,-0.17520364287467238,-0.13479071456622904,3571,18633,,91,0.8,False,False,False
xgb_depth,depth 8,st,51,race_bw,hicov,-0.012815493743969841,-0.02503269910812378,0.012385725975036621,-0.017571628093719482,0.004924654960632324,3571,18633,,91,0.9,False,False,False
xgb_depth,depth 8,st,51,immigrant,pincp,-0.08827680242906055,-0.03628954809954266,-0.05226222442168371,-0.008326167721930844,-0.08022560479929552,3568,21489,,92,0.9,False,False,False
xgb_depth,depth 8,st,51,immigrant,hicov,-0.08259353987972162,-0.03640556335449219,-0.04634714126586914,-0.01374751329421997,-0.06900519132614136,3568,21489,,92,1.0,False,False,False
xgb_depth,depth 8,st,53,sex_female,pincp,-0.2748983811241228,-0.044945495168471794,-0.23034869620907372,-0.06308412025142474,-0.21221007112612078,8203,11854,,92,0.78,False,False,False
xgb_depth,depth 8,st,53,sex_female,hicov,0.02300643443582484,-0.003176867961883545,0.02634131908416748,0.00401616096496582,0.019148290157318115,8203,11854,,92,0.86,True,False,True
xgb_depth,depth 8,st,53,race_bw,pincp,-0.2401969338879315,-0.10420373350891765,-0.1364880211467785,-0.08757029091070123,-0.1531214637449949,498,16076,,91,0.68,False,False,False
xgb_depth,depth 8,st,53,immigrant,pincp,-0.06386455533668745,-0.03498385411409721,-0.029260966836297087,-0.03362300913644667,-0.03062181181394763,3142,16915,,92,0.79,False,False,False
xgb_depth,depth 8,st,53,immigrant,hicov,-0.08703524361614123,-0.04521244764328003,-0.04124253988265991,-0.00868380069732666,-0.07777118682861328,3142,16915,,92,0.88,False,False,False
xgb_depth,depth 8,st,54,sex_female,pincp,-0.2653994856022521,0.0010294660817677936,-0.2679760870201786,-0.06987314550359258,-0.19707347543481823,1870,2372,,91,0.28,True,False,True
xgb_depth,depth 8,st,54,sex_female,hicov,0.019418618282818212,-0.009024739265441895,0.028424859046936035,0.009763538837432861,0.00963658094406128,1870,2372,,91,0.32,True,False,True
xgb_depth,depth 8,st,54,race_bw,pincp,-0.10287333642424024,-0.12705997331204522,0.023446354704367067,-0.04632313985112546,-0.05729047875655269,95,4041,,90,0.23,False,True,True
xgb_depth,depth 8,st,54,immigrant,pincp,0.09627748981801787,0.027940227869232004,0.06395469803407927,0.07529389207059545,0.016601033832715828,92,4150,,91,0.24,False,False,False
xgb_depth,depth 8,st,54,immigrant,hicov,-0.03514929282346779,-0.027741730213165283,-0.008041143417358398,0.005905270576477051,-0.04168814420700073,92,4150,,91,0.22,True,False,True
xgb_depth,depth 8,st,55,sex_female,pincp,-0.24014252727026175,0.011292080431694274,-0.2517746289728038,0.007277411621560148,-0.24775996016266966,7379,10129,,92,0.62,False,False,False
xgb_depth,depth 8,st,55,sex_female,hicov,0.020999134207080772,-0.0038281679153442383,0.024810075759887695,0.0057378411293029785,0.015244066715240479,7379,10129,,92,0.75,True,False,True
xgb_depth,depth 8,st,55,race_bw,pincp,-0.23597190532807133,-0.09507235284564075,-0.14173210058864427,-0.10291395418038363,-0.1338904992539014,357,16436,,91,0.73,False,False,False
xgb_depth,depth 8,st,55,race_bw,hicov,-0.03011085183647566,-0.025228381156921387,-0.005360126495361328,-0.022004365921020508,-0.008584141731262207,357,16436,,91,0.76,False,False,False
xgb_depth,depth 8,st,55,immigrant,pincp,-0.08377285580072602,-0.02469235539263792,-0.05944166202719536,-0.025651150066561712,-0.05848286735327157,662,16846,,92,0.73,False,False,False
xgb_depth,depth 8,st,55,immigrant,hicov,-0.1264630042973257,-0.03957861661911011,-0.08662295341491699,-0.02245086431503296,-0.10375070571899414,662,16846,,92,0.77,False,False,False
xgb_depth,depth 8,st,56,sex_female,pincp,-0.36346992208175166,-0.021808567344569596,-0.34063250449910853,-0.06204400077177752,-0.3003970710719006,647,956,,85,0.15,False,False,False
xgb_depth,depth 8,st,56,sex_female,hicov,0.03127243214579034,-0.010382473468780518,0.041867613792419434,-0.005977809429168701,0.03746294975280762,647,956,,85,0.18,False,False,False
xgb_depth,depth 8,st,56,immigrant,pincp,-0.18877279319069018,-0.08818366025369961,-0.101963069635568,-0.1404215526479593,-0.049725177241308316,51,1552,,85,0.19,False,False,False
xgb_depth,depth 8,st,56,immigrant,hicov,-0.07889882757226607,-0.04148697853088379,-0.0404202938079834,-0.0392988920211792,-0.04260838031768799,51,1552,,85,0.17,False,False,False
xgb_depth,depth 8,st,6,sex_female,pincp,-0.18146729971729947,0.009914237708070317,-0.19145918701015674,-0.0035231145141363385,-0.17802183478795008,41076,58207,,92,2.76,True,False,True
xgb_depth,depth 8,st,6,sex_female,hicov,0.03384123084023194,0.0011325478553771973,0.032759010791778564,0.009885847568511963,0.0240057110786438,41076,58207,,92,2.99,False,False,False
xgb_depth,depth 8,st,6,race_bw,pincp,-0.18246297664314604,-0.0921970676430579,-0.09006995661175132,-0.08484221566092565,-0.09742480859388358,4119,61748,,91,1.94,False,False,False
xgb_depth,depth 8,st,6,race_bw,hicov,0.015345646834364346,0.008622050285339355,0.006471037864685059,0.010731279850006104,0.0043618083000183105,4119,61748,,91,2.21,False,False,False
xgb_depth,depth 8,st,6,immigrant,pincp,-0.26875090094567966,-0.13095163914704777,-0.13769530764560045,-0.11378309659952635,-0.15486385019312188,35042,64241,,92,2.67,False,False,False
xgb_depth,depth 8,st,6,immigrant,hicov,-0.080050513778545,-0.03991061449050903,-0.040190935134887695,-0.01950705051422119,-0.06059449911117554,35042,64241,,92,2.73,False,False,False
xgb_depth,depth 8,st,8,sex_female,pincp,-0.21981364393633918,-0.014921225869985122,-0.20489184714297792,-0.025525849823395674,-0.19428722318956737,6943,9596,,92,0.63,False,False,False
xgb_depth,depth 8,st,8,sex_female,hicov,0.03742758652198985,-0.0016148090362548828,0.03906536102294922,0.01334148645401001,0.024109065532684326,6943,9596,,92,0.77,True,False,True
xgb_depth,depth 8,st,8,race_bw,pincp,-0.22475618247098517,-0.12426129444179068,-0.10093776156251444,-0.08288516521502665,-0.14231389078927847,402,14662,,91,0.59,False,False,False
xgb_depth,depth 8,st,8,immigrant,pincp,-0.23250097022780913,-0.17942254159743953,-0.053454199471355324,-0.13332934391099727,-0.09954739715779759,1649,14890,,92,0.59,False,False,False
xgb_depth,depth 8,st,8,immigrant,hicov,-0.15452220671420613,-0.08914482593536377,-0.06435197591781616,-0.027455270290374756,-0.12604153156280518,1649,14890,,92,0.68,False,False,False
xgb_depth,depth 8,st,9,sex_female,pincp,-0.32591543934684,-0.03199932615997625,-0.2940087597606489,-0.06305165035581517,-0.26295643556480996,4662,6012,,92,0.46,False,False,False
xgb_depth,depth 8,st,9,sex_female,hicov,0.01643880835497602,-0.004929661750793457,0.021288394927978516,0.0024572014808654785,0.01390153169631958,4662,6012,,92,0.48,True,False,True
xgb_depth,depth 8,st,9,race_bw,pincp,-0.4323223792453419,-0.12830370400433466,-0.3048794971992379,-0.24979207487071697,-0.1833911263328556,757,8886,,91,0.41,False,False,False
xgb_depth,depth 8,st,9,race_bw,hicov,-0.02647716518436527,-0.03221452236175537,0.005759716033935547,-0.02536594867706299,-0.001088857650756836,757,8886,,91,0.46,False,True,True
xgb_depth,depth 8,st,9,immigrant,pincp,-0.12330295028208837,-0.08792360597248638,-0.03673799268042366,-0.08838122360534406,-0.03628037504756598,1722,8952,,92,0.41,False,False,False
xgb_depth,depth 8,st,9,immigrant,hicov,-0.07303061157765922,-0.028754770755767822,-0.043958842754364014,-0.010670721530914307,-0.06204289197921753,1722,8952,,92,0.46,False,False,False
xgb_depth,depth 9,naics_2,11,sex_female,pincp,-0.17442832844735356,0.02835954440865862,-0.2045349845916249,0.00929368342029413,-0.1854691236032604,1770,10168,,63,0.44,False,False,False
xgb_depth,depth 9,naics_2,11,sex_female,hicov,0.06072557308405235,-0.019431710243225098,0.08052259683609009,0.0019119977951049805,0.05917888879776001,1770,10168,,63,0.43,True,False,True
xgb_depth,depth 9,naics_2,11,race_bw,pincp,-0.3082373735363646,-0.1492320466471302,-0.15635033986891855,-0.12414590080166654,-0.1814364857143822,198,10459,,62,0.35,False,False,False
xgb_depth,depth 9,naics_2,11,race_bw,hicov,-0.08277004677234145,-0.04760730266571045,-0.032815396785736084,-0.10564035177230835,0.025217652320861816,198,10459,,62,0.34,False,True,True
xgb_depth,depth 9,naics_2,11,immigrant,pincp,-0.5044989627739547,-0.28822849640661197,-0.21640393745039432,-0.1925858189435008,-0.3120466149135055,2454,9484,,63,0.43,False,False,False
xgb_depth,depth 9,naics_2,11,immigrant,hicov,-0.29192622963498427,-0.07814311981201172,-0.21345734596252441,-0.06266152858734131,-0.22893893718719482,2454,9484,,63,0.38,False,False,False
xgb_depth,depth 9,naics_2,21,sex_female,pincp,-0.1566003960737774,0.15549272107809742,-0.31203484574723284,0.1325160960230356,-0.289058220692171,858,4828,,60,0.26,False,False,False
xgb_depth,depth 9,naics_2,21,sex_female,hicov,0.029791252657864087,-0.004122912883758545,0.034501075744628906,-0.0026464462280273438,0.033024609088897705,858,4828,,60,0.22,False,False,False
xgb_depth,depth 9,naics_2,21,race_bw,pincp,-0.3229724667527538,-0.1406798364075872,-0.18015191178522727,-0.09786871425487398,-0.22296303393794048,204,5009,,59,0.22,False,False,False
xgb_depth,depth 9,naics_2,21,race_bw,hicov,-0.03411114895149525,-0.036113858222961426,0.0011947154998779297,-0.04466056823730469,0.009741425514221191,204,5009,,59,0.23,False,False,False
xgb_depth,depth 9,naics_2,21,immigrant,pincp,0.04340662820095709,0.24318953691877176,-0.1993217499754465,0.14638022987602106,-0.10251244293269579,538,5148,,60,0.25,False,False,False
xgb_depth,depth 9,naics_2,21,immigrant,hicov,-0.029199631430114614,-0.0251617431640625,-0.0038818717002868652,-0.012368500232696533,-0.016675114631652832,538,5148,,60,0.32,False,False,False
xgb_depth,depth 9,naics_2,22,sex_female,pincp,-0.16498741705883546,0.09232935399047904,-0.2566305679976306,0.05207522588658975,-0.21637643989374133,2383,8526,,63,0.43,False,False,False
xgb_depth,depth 9,naics_2,22,race_bw,pincp,-0.20612530453511546,-0.07309968718219473,-0.13370484846357833,-0.07839348164746873,-0.12841105399830433,778,9258,,62,0.38,False,False,False
xgb_depth,depth 9,naics_2,22,race_bw,hicov,-0.010228352495528115,-0.01135951280593872,0.0018117427825927734,-0.00999385118484497,0.00044608116149902344,778,9258,,62,0.34,False,False,False
xgb_depth,depth 9,naics_2,22,immigrant,pincp,0.05236980693181259,0.14527014346009537,-0.09311290681774587,0.08965615444504671,-0.03749891780269721,791,10118,,63,0.44,False,False,False
xgb_depth,depth 9,naics_2,22,immigrant,hicov,-0.04415682556453315,-0.018767058849334717,-0.024950265884399414,-0.00044983625411987305,-0.04326748847961426,791,10118,,63,0.43,False,False,False
xgb_depth,depth 9,naics_2,23,sex_female,pincp,-0.0626446456082057,0.10768985098568251,-0.17044877544142345,0.10996903761120969,-0.17272796206695062,5486,50901,,58,1.36,False,False,False
xgb_depth,depth 9,naics_2,23,sex_female,hicov,0.10012223552223276,0.015512585639953613,0.0846741795539856,0.03312861919403076,0.06705814599990845,5486,50901,,58,1.59,False,False,False
xgb_depth,depth 9,naics_2,23,race_bw,pincp,-0.2200815585744582,-0.10385187752779323,-0.1167286449198972,-0.05981183334526108,-0.16076868910242936,2207,47852,,57,1.26,False,False,False
xgb_depth,depth 9,naics_2,23,immigrant,pincp,-0.32078281195261127,-0.1409708099368352,-0.17976983581921502,-0.10248921121437604,-0.21825143454167417,11081,45306,,58,1.36,False,False,False
xgb_depth,depth 9,naics_2,23,immigrant,hicov,-0.3059844323527965,-0.10195761919021606,-0.20389246940612793,-0.06738239526748657,-0.23846769332885742,11081,45306,,58,1.48,False,False,False
xgb_depth,depth 9,naics_2,31,sex_female,pincp,-0.2629578528630354,-0.04202018385040596,-0.22069166229900716,-0.05015671200985139,-0.21255513413956173,6080,10147,,65,0.59,False,False,False
xgb_depth,depth 9,naics_2,31,race_bw,pincp,-0.303773085054587,-0.14288436011348438,-0.1613007227473684,-0.14498806580009393,-0.15919701706075884,1704,11987,,64,0.55,False,False,False
xgb_depth,depth 9,naics_2,31,race_bw,hicov,-0.015489638422845342,-0.030997633934020996,0.01606076955795288,-0.02140718698501587,0.006470322608947754,1704,11987,,64,0.5,False,False,False
xgb_depth,depth 9,naics_2,31,immigrant,pincp,-0.34096890087177734,-0.16606965061384926,-0.17542871398215354,-0.09712682360919445,-0.24437154098680836,3768,12459,,65,0.75,False,False,False
xgb_depth,depth 9,naics_2,31,immigrant,hicov,-0.12329223291887836,-0.0482560396194458,-0.07510572671890259,-0.03312796354293823,-0.09023380279541016,3768,12459,,65,0.57,False,False,False
xgb_depth,depth 9,naics_2,32,sex_female,pincp,-0.14835792196557485,0.07151462120254237,-0.2196119596782733,0.04824589094245013,-0.19634322941818105,8451,21977,,67,0.99,False,False,False
xgb_depth,depth 9,naics_2,32,sex_female,hicov,0.013688911235591239,-0.008469223976135254,0.02206587791442871,-0.0053664445877075195,0.018963098526000977,8451,21977,,67,0.96,False,False,False
xgb_depth,depth 9,naics_2,32,race_bw,pincp,-0.2647300616488355,-0.1025163099885198,-0.16253984315917158,-0.09820365991655144,-0.16685249323113993,2081,25276,,66,0.86,False,False,False
xgb_depth,depth 9,naics_2,32,race_bw,hicov,-0.011317819176341226,-0.02391815185546875,0.013285696506500244,-0.02111762762069702,0.010485172271728516,2081,25276,,66,0.86,False,False,False
xgb_depth,depth 9,naics_2,32,immigrant,pincp,-0.08673017505501157,0.014627021069431478,-0.10097520289999196,0.05340563762844752,-0.139753819459008,4028,26400,,67,1.07,False,False,False
xgb_depth,depth 9,naics_2,32,immigrant,hicov,-0.07233731305106683,-0.019796311855316162,-0.05262786149978638,-0.012371718883514404,-0.060052454471588135,4028,26400,,67,1.01,False,False,False
xgb_depth,depth 9,naics_2,33,sex_female,pincp,-0.2637016416912381,-0.028815335278714826,-0.23518261457284062,-0.04166719791682816,-0.2223307519347273,16238,50594,,69,1.93,False,False,False
xgb_depth,depth 9,naics_2,33,race_bw,pincp,-0.32554110402042724,-0.11658600540868846,-0.20887104821229663,-0.14274672157766766,-0.18271033204331744,3920,54728,,68,1.73,False,False,False
xgb_depth,depth 9,naics_2,33,race_bw,hicov,-0.017633588298643477,-0.02142888307571411,0.0034402012825012207,-0.02309870719909668,0.005110025405883789,3920,54728,,68,1.96,False,False,False
xgb_depth,depth 9,naics_2,33,immigrant,pincp,-0.031002990109508133,0.03932554263744947,-0.07055265885468387,0.07684280395640108,-0.10806992017363548,10156,56676,,69,1.91,False,False,False
xgb_depth,depth 9,naics_2,33,immigrant,hicov,-0.04499232538424991,-0.009397029876708984,-0.035459816455841064,-0.011133730411529541,-0.03372311592102051,10156,56676,,69,2.14,False,False,False
xgb_depth,depth 9,naics_2,3M,sex_female,pincp,-0.3035433700709156,-0.02250596298461005,-0.28146626199445457,-0.055115949552957844,-0.24885627542610678,879,1984,,57,0.17,False,False,False
xgb_depth,depth 9,naics_2,3M,race_bw,pincp,-0.2366623367706051,-0.10701557320686739,-0.12948585142485314,-0.09106780681251614,-0.14543361781920439,323,2116,,56,0.16,False,False,False
xgb_depth,depth 9,naics_2,3M,race_bw,hicov,-0.028134455453656892,-0.029070377349853516,0.00041663646697998047,-0.008567988872528076,-0.02008575201034546,323,2116,,56,0.14,False,True,True
xgb_depth,depth 9,naics_2,3M,immigrant,pincp,-0.26129086957903347,-0.019007889588030125,-0.24475871486428424,-0.0562837776423919,-0.20748282680992247,595,2268,,57,0.18,False,False,False
xgb_depth,depth 9,naics_2,3M,immigrant,hicov,-0.10675381263616557,-0.04879087209701538,-0.05650752782821655,-0.003027617931365967,-0.10227078199386597,595,2268,,57,0.23,False,False,False
xgb_depth,depth 9,naics_2,42,sex_female,pincp,-0.2022436858462644,0.03752795686462029,-0.23981349375868533,0.0047016600619045334,-0.20698719695596957,7903,20186,,63,0.88,False,False,False
xgb_depth,depth 9,naics_2,42,race_bw,pincp,-0.37749029566436754,-0.08875623064655258,-0.2883327259001991,-0.11089627489760012,-0.26619268164915155,1496,23358,,62,0.85,False,False,False
xgb_depth,depth 9,naics_2,42,race_bw,hicov,-0.03178101331838812,-0.03786736726760864,0.006691873073577881,-0.0416681170463562,0.01049262285232544,1496,23358,,62,0.83,False,False,False
xgb_depth,depth 9,naics_2,42,immigrant,pincp,-0.2093096720413552,-0.056004828583891,-0.1522341270641867,-0.042773308746147265,-0.16546564690193044,4233,23856,,63,0.86,False,False,False
xgb_depth,depth 9,naics_2,42,immigrant,hicov,-0.08411581584950278,-0.023055851459503174,-0.061167895793914795,-0.01114046573638916,-0.07308328151702881,4233,23856,,63,1.04,False,False,False
xgb_depth,depth 9,naics_2,44,sex_female,pincp,-0.25509860736859835,-0.016367009057850268,-0.2386973073570413,-0.033396307967873184,-0.2216680084470184,20205,31547,,63,1.56,False,False,False
xgb_depth,depth 9,naics_2,44,sex_female,hicov,0.014269738289013567,-0.014934957027435303,0.029287278652191162,-0.016889870166778564,0.031242191791534424,20205,31547,,63,1.55,False,False,False
xgb_depth,depth 9,naics_2,44,race_bw,pincp,-0.21868542569681537,-0.07446171971973747,-0.14386608072996587,-0.07808842134018334,-0.14023937910952,3611,41916,,62,1.34,False,False,False
xgb_depth,depth 9,naics_2,44,race_bw,hicov,-0.02434017062887106,-0.03260558843612671,0.008176267147064209,-0.03742575645446777,0.012996435165405273,3611,41916,,62,1.36,False,False,False
xgb_depth,depth 9,naics_2,44,immigrant,pincp,-0.09665531045817133,-0.009913053192198262,-0.08637072965423798,0.012069334609570603,-0.10835311745600684,7415,44337,,63,1.49,True,False,True
xgb_depth,depth 9,naics_2,44,immigrant,hicov,-0.09476766488920885,-0.007012367248535156,-0.0876663327217102,-0.010280013084411621,-0.08439868688583374,7415,44337,,63,1.6,False,False,False
xgb_depth,depth 9,naics_2,45,sex_female,pincp,-0.25316293341938767,-0.05596447849648101,-0.1969883612554284,-0.07452309095605258,-0.17842974879585682,10711,10829,,62,0.73,False,False,False
xgb_depth,depth 9,naics_2,45,sex_female,hicov,0.012157341696831914,-0.00986701250076294,0.021947383880615234,-0.007257580757141113,0.019337952136993408,10711,10829,,62,0.7,False,False,False
xgb_depth,depth 9,naics_2,45,race_bw,pincp,-0.2128505955917941,-0.13414533029817122,-0.07867280703711721,-0.12365757682865386,-0.08916056050663457,2034,17052,,61,0.67,False,False,False
xgb_depth,depth 9,naics_2,45,race_bw,hicov,-0.023157172542498827,-0.020304739475250244,-0.002435743808746338,-0.02297872304916382,0.00023823976516723633,2034,17052,,61,0.62,False,True,True
xgb_depth,depth 9,naics_2,45,immigrant,hicov,-0.04191854009015972,0.007354557514190674,-0.04933565855026245,0.002364039421081543,-0.04434514045715332,2784,18756,,62,0.69,False,False,False
xgb_depth,depth 9,naics_2,48,sex_female,pincp,-0.21276262819450054,0.05442863868785608,-0.2677820118757257,0.031673927149801884,-0.2450273003376715,5254,23016,,60,0.83,False,False,False
xgb_depth,depth 9,naics_2,48,sex_female,hicov,0.030014488853288057,-0.004376590251922607,0.0340806245803833,-0.000409543514251709,0.030113577842712402,5254,23016,,60,0.86,False,False,False
xgb_depth,depth 9,naics_2,48,race_bw,pincp,-0.19750902181684893,-0.05272233565265694,-0.14472427528263943,-0.09293514132463265,-0.10451146961066371,3689,21206,,59,0.69,False,False,False
xgb_depth,depth 9,naics_2,48,immigrant,pincp,-0.19393861612739371,-0.08359895265784623,-0.11072760787728697,-0.05964365697341378,-0.1346829035617194,4910,23360,,60,0.83,False,False,False
xgb_depth,depth 9,naics_2,48,immigrant,hicov,-0.0972118858633485,-0.006681323051452637,-0.09048652648925781,-0.0172538161277771,-0.07991403341293335,4910,23360,,60,0.8,False,False,False
xgb_depth,depth 9,naics_2,49,sex_female,pincp,-0.12368417112049634,-0.01206018372326767,-0.11109985686850266,-0.02247175916185462,-0.1006882814299157,3808,8351,,58,0.4,False,False,False
xgb_depth,depth 9,naics_2,49,sex_female,hicov,0.014366675001937002,-0.01082003116607666,0.025097548961639404,-0.009285926818847656,0.0235634446144104,3808,8351,,58,0.43,False,False,False
xgb_depth,depth 9,naics_2,49,race_bw,pincp,-0.16454436798651528,-0.048368923144630926,-0.11612541664709042,-0.021426467019736606,-0.14306787277198474,1973,8563,,57,0.34,False,False,False
xgb_depth,depth 9,naics_2,49,race_bw,hicov,-0.016498035874827455,-0.02274113893508911,0.006443321704864502,-0.022480428218841553,0.006182610988616943,1973,8563,,57,0.37,False,False,False
xgb_depth,depth 9,naics_2,49,immigrant,pincp,-0.17166827475629098,0.027760985980071595,-0.1995136865543614,-0.030986605601924566,-0.14076609497236525,1836,10323,,58,0.37,True,False,True
xgb_depth,depth 9,naics_2,49,immigrant,hicov,-0.0865438493521985,-0.019824504852294922,-0.06643599271774292,-0.006829798221588135,-0.07943069934844971,1836,10323,,58,0.45,False,False,False
xgb_depth,depth 9,naics_2,4M,sex_female,pincp,-0.2786318676631705,-0.049645861934800806,-0.23004704324650227,-0.032282855284146095,-0.24741004989715698,998,1164,,58,0.17,False,False,False
xgb_depth,depth 9,naics_2,4M,sex_female,hicov,0.010045864925727788,-0.02294754981994629,0.033155739307403564,-0.005512535572052002,0.015720725059509277,998,1164,,58,0.15,False,False,False
xgb_depth,depth 9,naics_2,4M,race_bw,pincp,-0.15479391581975044,-0.11438046649781697,-0.042183560282264665,-0.04200064081278043,-0.1145633859673012,247,1637,,57,0.14,False,False,False
xgb_depth,depth 9,naics_2,4M,race_bw,hicov,-0.030964116743623538,-0.027917206287384033,-0.004410266876220703,0.002720952033996582,-0.03504842519760132,247,1637,,57,0.11,True,False,True
xgb_depth,depth 9,naics_2,4M,immigrant,pincp,-0.0850289573043419,-0.08586355381000566,0.0008013317006732024,-0.039603045803637826,-0.045459176305694626,319,1843,,58,0.15,False,True,True
xgb_depth,depth 9,naics_2,4M,immigrant,hicov,-0.13497313396278732,-0.08505606651306152,-0.04907846450805664,0.011748254299163818,-0.14588278532028198,319,1843,,58,0.12,True,False,True
xgb_depth,depth 9,naics_2,51,sex_female,pincp,-0.2458908158496964,-0.056948364594376244,-0.18830531635781966,-0.06593545922467747,-0.17931822172751843,7812,12919,,61,0.69,False,False,False
xgb_depth,depth 9,naics_2,51,race_bw,pincp,-0.27989747972265633,-0.12129963590242099,-0.15899695602231034,-0.10701331566229655,-0.17328327626243478,1646,16501,,60,0.64,False,False,False
xgb_depth,depth 9,naics_2,51,race_bw,hicov,-0.016109226562578738,-0.015619814395904541,-0.0005490779876708984,-0.01159137487411499,-0.004577517509460449,1646,16501,,60,0.61,False,False,False
xgb_depth,depth 9,naics_2,51,immigrant,pincp,0.20968129890285958,0.18932339998550418,0.019339944109177054,0.1770127643891506,0.031650579705530646,2744,17987,,61,0.67,False,False,False
xgb_depth,depth 9,naics_2,51,immigrant,hicov,-0.012184536904771393,0.008401155471801758,-0.020362019538879395,0.004149377346038818,-0.016110241413116455,2744,17987,,61,0.76,False,False,False
xgb_depth,depth 9,naics_2,52,sex_female,pincp,-0.5682567617236298,-0.20295196477749577,-0.36504301534106176,-0.24475911218857327,-0.32323586792998427,29688,23262,,59,1.4,False,False,False
xgb_depth,depth 9,naics_2,52,race_bw,pincp,-0.36008972810087947,-0.10855384336941576,-0.25141334527009995,-0.13472142492147476,-0.22524576371804095,4183,42821,,58,1.29,False,False,False
xgb_depth,depth 9,naics_2,52,race_bw,hicov,-0.014619821613350514,-0.013261675834655762,-0.0013176202774047852,-0.011815369129180908,-0.0027639269828796387,4183,42821,,58,1.41,False,False,False
xgb_depth,depth 9,naics_2,52,immigrant,pincp,0.12872852116941047,0.14766972456025407,-0.019262081815302423,0.12961911327637843,-0.0012114705314267837,6431,46519,,59,1.5,False,False,False
xgb_depth,depth 9,naics_2,52,immigrant,hicov,-0.013713639558709967,0.002399921417236328,-0.01621544361114502,-0.0004988908767700195,-0.013316631317138672,6431,46519,,59,1.6,True,False,True
xgb_depth,depth 9,naics_2,53,sex_female,pincp,-0.20368571994394458,-0.005955267584731416,-0.1978338238221582,-0.02845082701623447,-0.17533826439065514,7356,9663,,59,0.53,False,False,False
xgb_depth,depth 9,naics_2,53,sex_female,hicov,0.016528081163935893,-0.00955873727798462,0.025758206844329834,-0.007349371910095215,0.02354884147644043,7356,9663,,59,0.56,False,False,False
xgb_depth,depth 9,naics_2,53,race_bw,pincp,-0.36522123116522387,-0.06894661724736473,-0.2958340064847871,-0.1193702734513451,-0.2454103502808067,1331,13771,,58,0.49,False,False,False
xgb_depth,depth 9,naics_2,53,race_bw,hicov,-0.022543426742933304,-0.02761465311050415,0.0058405399322509766,-0.027713119983673096,0.005939006805419922,1331,13771,,58,0.6,False,False,False
xgb_depth,depth 9,naics_2,53,immigrant,pincp,-0.16413766013544517,-0.0489348825713769,-0.11505845325531006,-0.019474757371272133,-0.14451857845541483,2515,14504,,59,0.6,False,False,False
xgb_depth,depth 9,naics_2,53,immigrant,hicov,-0.06069583601534756,-0.011462986469268799,-0.04918879270553589,-0.011158347129821777,-0.04949343204498291,2515,14504,,59,0.64,False,False,False
xgb_depth,depth 9,naics_2,54,sex_female,pincp,-0.3899332779490621,-0.10530078672233678,-0.28490204448570644,-0.12421864656088388,-0.26598418464715934,29018,43958,,60,2.1,False,False,False
xgb_depth,depth 9,naics_2,54,race_bw,pincp,-0.2660095394753377,-0.0994120012834987,-0.16718099281318644,-0.11191715954947234,-0.1546758345472128,3444,58849,,59,1.8,False,False,False
xgb_depth,depth 9,naics_2,54,race_bw,hicov,-0.01714595588240375,-0.015851378440856934,-0.0012078285217285156,-0.015838265419006348,-0.0012209415435791016,3444,58849,,59,1.98,False,False,False
xgb_depth,depth 9,naics_2,54,immigrant,pincp,0.0722182219525429,0.09663085870475108,-0.024938580292607426,0.0934731476274493,-0.021780869215305643,12006,60970,,60,2.12,False,False,False
xgb_depth,depth 9,naics_2,54,immigrant,hicov,-0.01085133722024234,0.010545670986175537,-0.021323442459106445,0.0026777982711791992,-0.013455569744110107,12006,60970,,60,2.19,False,False,False
xgb_depth,depth 9,naics_2,55,sex_female,pincp,-0.41916513373735675,-0.14711101907721513,-0.27212687218858633,-0.17323339355501766,-0.2460044977107838,689,659,,57,0.12,False,False,False
xgb_depth,depth 9,naics_2,55,race_bw,pincp,-0.39175907995863213,-0.025606564003272325,-0.36209090297103863,-0.05696099706147173,-0.3307364699128392,77,1128,,55,0.12,False,False,False
xgb_depth,depth 9,naics_2,55,race_bw,hicov,-0.0421962788984066,-0.004657745361328125,-0.039171576499938965,0.0007203221321105957,-0.044549643993377686,77,1128,,55,0.09,True,False,True
xgb_depth,depth 9,naics_2,55,immigrant,pincp,0.08036547274432237,-0.01824351869968943,0.10177576252121057,0.03101664786244207,0.052515595959079064,155,1193,,57,0.14,True,False,True
xgb_depth,depth 9,naics_2,55,immigrant,hicov,-0.013233107103263642,-0.005889236927032471,-0.007991194725036621,0.002352476119995117,-0.01623290777206421,155,1193,,57,0.09,True,False,True
xgb_depth,depth 9,naics_2,56,sex_female,pincp,-0.1285776356521673,0.007382500921707447,-0.13635535577289204,0.03364248423005911,-0.1626153390812437,10600,18487,,60,1.01,False,False,False
xgb_depth,depth 9,naics_2,56,sex_female,hicov,0.04997762323550159,-0.011412382125854492,0.06169605255126953,0.0049953460693359375,0.0452883243560791,10600,18487,,60,0.99,True,False,True
xgb_depth,depth 9,naics_2,56,race_bw,pincp,-0.2488064758317332,-0.10521058452147614,-0.14370442245226833,-0.0651994541832348,-0.18371555279050966,3326,21705,,59,0.85,False,False,False
xgb_depth,depth 9,naics_2,56,immigrant,pincp,-0.2986422731817857,-0.12805407223695475,-0.17141011407731277,-0.07876930399146964,-0.22069488232279788,6273,22814,,60,1.04,False,False,False
xgb_depth,depth 9,naics_2,56,immigrant,hicov,-0.20222463599230545,-0.06757223606109619,-0.13428211212158203,-0.03011023998260498,-0.17174410820007324,6273,22814,,60,1.0,False,False,False
xgb_depth,depth 9,naics_2,61,sex_female,pincp,-0.19832442884073664,0.002896023250150037,-0.20121729690287893,-0.006216102827700354,-0.19210517082502854,51590,26189,,58,1.97,True,False,True
xgb_depth,depth 9,naics_2,61,race_bw,pincp,-0.1508946986242261,-0.14922897253929435,-0.0011728319115569263,-0.10376218879987498,-0.046639615650976296,6910,63986,,57,1.86,False,False,False
xgb_depth,depth 9,naics_2,61,race_bw,hicov,-0.020329754659157317,-0.013381421566009521,-0.007004261016845703,-0.009785294532775879,-0.010600388050079346,6910,63986,,57,1.97,False,False,False
xgb_depth,depth 9,naics_2,61,immigrant,pincp,0.0230344050453688,-0.0018954486451878694,0.02507185025262615,0.04344190970373596,-0.02026550809629768,7723,70056,,58,1.85,True,True,True
xgb_depth,depth 9,naics_2,61,immigrant,hicov,-0.017128937570610958,-0.003900587558746338,-0.013186097145080566,-0.00506591796875,-0.012020766735076904,7723,70056,,58,2.39,False,False,False
xgb_depth,depth 9,naics_2,62,sex_female,pincp,-0.44504958913086057,-0.16671933535219097,-0.2785525644856026,-0.23470655591173895,-0.21056534392605464,90900,29476,,63,3.47,False,False,False
xgb_depth,depth 9,naics_2,62,race_bw,pincp,-0.2858392759919255,-0.16115846327745942,-0.12466372634760958,-0.16928519120421726,-0.11653699842085175,15995,88854,,62,2.96,False,False,False
xgb_depth,depth 9,naics_2,62,race_bw,hicov,-0.030612993952736645,-0.02415865659713745,-0.006463944911956787,-0.02611905336380005,-0.0045035481452941895,15995,88854,,62,3.24,False,False,False
xgb_depth,depth 9,naics_2,62,immigrant,pincp,0.08046984533417856,0.0980940417814331,-0.017757340159262114,0.10712871899844068,-0.026792017376269683,18087,102289,,63,3.37,False,False,False
xgb_depth,depth 9,naics_2,62,immigrant,hicov,-0.023957826396521553,0.0028687715530395508,-0.026693761348724365,-0.002123892307281494,-0.02170109748840332,18087,102289,,63,3.73,True,False,True
xgb_depth,depth 9,naics_2,71,sex_female,pincp,-0.17333409352919382,0.012980132004056344,-0.1873246298056621,0.0035897355648124574,-0.17793423336641823,5061,7575,,58,0.45,False,False,False
xgb_depth,depth 9,naics_2,71,sex_female,hicov,0.025007150389016353,-0.00787442922592163,0.03273659944534302,-0.005168914794921875,0.03003108501434326,5061,7575,,58,0.46,False,False,False
xgb_depth,depth 9,naics_2,71,race_bw,pincp,-0.23704578398977638,-0.11843847828108167,-0.11857199055573453,-0.07991391145607807,-0.15709655738073813,968,9874,,57,0.39,False,False,False
xgb_depth,depth 9,naics_2,71,race_bw,hicov,-0.017584791513566844,-0.02457880973815918,0.007427990436553955,-0.024796664714813232,0.007645845413208008,968,9874,,57,0.41,False,False,False
xgb_depth,depth 9,naics_2,71,immigrant,pincp,-0.12326965074971952,-0.08105154806842307,-0.04264890158369994,-0.036037976099168034,-0.08766247355295498,1670,10966,,58,0.45,False,False,False
xgb_depth,depth 9,naics_2,71,immigrant,hicov,-0.05514562703882775,-0.011144816875457764,-0.04448062181472778,-0.0048184990882873535,-0.05080693960189819,1670,10966,,58,0.49,False,False,False
xgb_depth,depth 9,naics_2,72,sex_female,pincp,-0.18401379581246324,-0.011618415032994989,-0.1724453665216874,-0.008864768706629889,-0.1751990128480525,14143,17193,,58,0.94,False,False,False
xgb_depth,depth 9,naics_2,72,sex_female,hicov,0.04015889515060789,-0.01986616849899292,0.059789180755615234,-0.021410763263702393,0.06133377552032471,14143,17193,,58,1.07,False,False,False
xgb_depth,depth 9,naics_2,72,race_bw,pincp,-0.1928744781570586,-0.10095853949857592,-0.09156478982171024,-0.055577709993277935,-0.13694561932700822,3165,21329,,57,0.84,False,False,False
xgb_depth,depth 9,naics_2,72,immigrant,pincp,-0.1366419172241944,-0.05183398025684305,-0.08451149712451489,-0.015469763114106527,-0.12087571426725141,9698,21638,,58,0.96,False,False,False
xgb_depth,depth 9,naics_2,72,immigrant,hicov,-0.14235072495587275,0.011051654815673828,-0.15315169095993042,-0.003020644187927246,-0.13907939195632935,9698,21638,,58,1.04,True,False,True
xgb_depth,depth 9,naics_2,81,sex_female,pincp,-0.19443770611913358,-0.0018265570218201077,-0.19237098463524838,-0.04982794194953222,-0.14436959970753627,14329,19378,,63,1.12,False,False,False
xgb_depth,depth 9,naics_2,81,sex_female,hicov,0.028035678892645688,-0.01724696159362793,0.04533267021179199,-0.009217977523803711,0.03730368614196777,14329,19378,,63,1.06,False,False,False
xgb_depth,depth 9,naics_2,81,race_bw,pincp,-0.1435280769370042,-0.04415659996054444,-0.09910163486381052,-0.04244616696769654,-0.10081206785665842,2516,26304,,62,0.96,False,False,False
xgb_depth,depth 9,naics_2,81,race_bw,hicov,-0.025556209118091866,-0.034138500690460205,0.008131206035614014,-0.028658032417297363,0.002650737762451172,2516,26304,,62,0.91,False,False,False
xgb_depth,depth 9,naics_2,81,immigrant,pincp,-0.28521872580984997,-0.19081714275861472,-0.09467092696479007,-0.1013158037916213,-0.18417226593178349,6640,27067,,63,1.13,False,False,False
xgb_depth,depth 9,naics_2,81,immigrant,hicov,-0.13345759362866183,-0.05210310220718384,-0.08162170648574829,-0.03686034679412842,-0.09686446189880371,6640,27067,,63,1.08,False,False,False
xgb_depth,depth 9,naics_2,92,sex_female,pincp,-0.2414473940877997,-0.014614200871095662,-0.22666958059743614,-0.05075854309503569,-0.1905252383734961,24767,31895,,60,1.46,False,False,False
xgb_depth,depth 9,naics_2,92,race_bw,pincp,-0.10552062676527818,-0.05535115975860805,-0.05018336508519283,-0.0374970433472015,-0.06803748149659938,7382,43626,,59,1.36,False,False,False
xgb_depth,depth 9,naics_2,92,immigrant,pincp,0.04760441151955597,0.0824124857176951,-0.0347674704068055,0.09175972146666922,-0.044114706155779615,4213,52449,,60,1.63,False,False,False
xgb_depth,depth 9,naics_2,92,immigrant,hicov,-0.014170391838873697,-0.0019764304161071777,-0.012057840824127197,-0.002865910530090332,-0.011168360710144043,4213,52449,,60,1.63,False,False,False
xgb_depth,depth 9,st,1,sex_female,pincp,-0.31555702394613583,-0.02646785410272301,-0.28889456273934044,-0.03979546263202671,-0.27556695421003674,5293,6854,,92,0.46,False,False,False
xgb_depth,depth 9,st,1,sex_female,hicov,0.021982361759625313,-0.004986822605133057,0.026948153972625732,-0.0007704496383666992,0.022731781005859375,5293,6854,,92,0.59,False,False,False
xgb_depth,depth 9,st,1,race_bw,pincp,-0.28298982130619343,-0.14239862303214856,-0.14086486467948411,-0.15828199299080836,-0.12498149472082432,2338,9360,,91,0.48,False,False,False
xgb_depth,depth 9,st,1,race_bw,hicov,-0.03265821836181115,-0.023157715797424316,-0.009587645530700684,-0.01612788438796997,-0.01661747694015503,2338,9360,,91,0.53,False,False,False
xgb_depth,depth 9,st,1,immigrant,pincp,-0.10406233370699525,-0.03504038554546973,-0.07141738515812612,-0.031655213419529815,-0.07480255728406604,463,11684,,92,0.53,False,False,False
xgb_depth,depth 9,st,1,immigrant,hicov,-0.19473714954566734,-0.0765528678894043,-0.11736804246902466,-0.0502743124961853,-0.14364659786224365,463,11684,,92,0.51,False,False,False
xgb_depth,depth 9,st,10,sex_female,pincp,-0.23852588673327801,-0.018862430773870287,-0.21775448846576317,-0.013730339523981172,-0.2228865797156523,1208,1387,,88,0.21,False,False,False
xgb_depth,depth 9,st,10,sex_female,hicov,0.018984825985857268,-0.007859349250793457,0.02734208106994629,0.009553968906402588,0.009928762912750244,1208,1387,,88,0.23,True,False,True
xgb_depth,depth 9,st,10,race_bw,pincp,-0.26441259231673087,-0.1326255629211044,-0.13088983897921302,-0.1027019485977334,-0.160813453302584,431,1975,,87,0.18,False,False,False
xgb_depth,depth 9,st,10,immigrant,hicov,-0.056482306259616144,-0.031578660011291504,-0.02502995729446411,-0.006874740123748779,-0.049733877182006836,265,2330,,88,0.21,False,False,False
xgb_depth,depth 9,st,11,sex_female,pincp,-0.1948040157321529,-0.03224543965181326,-0.16374199444692294,-0.059400280942071504,-0.1365871531566647,1214,1142,,68,0.16,False,False,False
xgb_depth,depth 9,st,11,sex_female,hicov,0.01159848469548208,-0.00042897462844848633,0.012157857418060303,-0.006354272365570068,0.018083155155181885,1214,1142,,68,0.15,False,False,False
xgb_depth,depth 9,st,11,race_bw,pincp,-0.5086204482738559,-0.3143114451783102,-0.1927873464326879,-0.2748016191834495,-0.23229717242754866,642,1452,,66,0.18,False,False,False
xgb_depth,depth 9,st,11,race_bw,hicov,-0.030167863855204535,-0.027421116828918457,-0.002654433250427246,-0.056314289569854736,0.026238739490509033,642,1452,,66,0.13,False,True,True
xgb_depth,depth 9,st,11,immigrant,pincp,-0.20919592588855096,-0.08077663248601397,-0.1286730041690909,-0.06681056703755495,-0.1426390696175499,316,2040,,68,0.17,False,False,False
xgb_depth,depth 9,st,11,immigrant,hicov,-0.046624472573839615,-0.022951245307922363,-0.023097872734069824,-0.020109713077545166,-0.02593940496444702,316,2040,,68,0.13,False,False,False
xgb_depth,depth 9,st,12,sex_female,pincp,-0.22696732350444826,-0.010596665156935359,-0.21668783234044398,-0.013359984123329838,-0.2139245133740495,22979,28252,,92,1.59,False,False,False
xgb_depth,depth 9,st,12,sex_female,hicov,0.04205411755614552,0.0025693774223327637,0.03953069448471069,0.01080465316772461,0.03129541873931885,22979,28252,,92,1.83,False,False,False
xgb_depth,depth 9,st,12,race_bw,pincp,-0.31454446007065684,-0.1018821328546533,-0.21273095766325412,-0.15259599297090531,-0.1620170975470021,6198,41213,,91,1.65,False,False,False
xgb_depth,depth 9,st,12,race_bw,hicov,-0.010981150374180237,-0.027120769023895264,0.016206204891204834,-0.02896791696548462,0.01805335283279419,6198,41213,,91,1.74,False,False,False
xgb_depth,depth 9,st,12,immigrant,pincp,-0.19235966803892168,-0.06512949022581793,-0.12716112938828594,-0.06867532136629784,-0.12361529824780604,12037,39194,,92,1.66,False,False,False
xgb_depth,depth 9,st,12,immigrant,hicov,-0.08944399925169921,-0.042486727237701416,-0.047028183937072754,-0.027967453002929688,-0.06154745817184448,12037,39194,,92,2.01,False,False,False
xgb_depth,depth 9,st,13,sex_female,pincp,-0.2577587064321296,-0.02879476155550975,-0.22932545418318462,-0.03521576444071606,-0.2229044512979783,11957,14978,,92,0.98,False,False,False
xgb_depth,depth 9,st,13,sex_female,hicov,0.040407528990723085,0.0019475817680358887,0.038534700870513916,0.01731395721435547,0.023168325424194336,11957,14978,,92,1.1,False,False,False
xgb_depth,depth 9,st,13,race_bw,pincp,-0.3001484008017652,-0.12013880288448853,-0.18048606381500854,-0.13693037111862516,-0.1636944955808719,6248,18543,,91,0.92,False,False,False
xgb_depth,depth 9,st,13,immigrant,pincp,-0.13744674471266727,-0.04671058259649641,-0.0905811523493103,-0.012224901941710442,-0.12506683300409627,3334,23601,,92,1.05,False,False,False
xgb_depth,depth 9,st,13,immigrant,hicov,-0.1524436310144861,-0.07832950353622437,-0.07344955205917358,-0.04656141996383667,-0.10521763563156128,3334,23601,,92,1.1,False,False,False
xgb_depth,depth 9,st,15,sex_female,pincp,-0.20822507750450292,-0.009853133562351957,-0.19855624268456928,-0.016866641667268922,-0.19154273457965232,1861,2153,,87,0.24,False,False,False
xgb_depth,depth 9,st,15,immigrant,pincp,-0.22547582941900401,-0.17649252950450922,-0.04850304204897249,-0.08708413481638466,-0.13791143673709705,811,3203,,87,0.21,False,False,False
xgb_depth,depth 9,st,15,immigrant,hicov,-0.016183964401437767,0.008161365985870361,-0.02473914623260498,-0.0016084909439086914,-0.014969289302825928,811,3203,,87,0.28,True,False,True
xgb_depth,depth 9,st,16,sex_female,pincp,-0.2783884125134932,-0.04016768094398415,-0.23763664291262288,-0.06566052623312402,-0.212143797623483,1482,2423,,92,0.26,False,False,False
xgb_depth,depth 9,st,16,sex_female,hicov,0.02785997661858386,-0.014834046363830566,0.04293954372406006,0.011978209018707275,0.016127288341522217,1482,2423,,92,0.27,True,False,True
xgb_depth,depth 9,st,16,immigrant,pincp,-0.23283176258720495,-0.1786214599656013,-0.0546285490222278,-0.10039145005047345,-0.13285855893735565,270,3635,,92,0.23,False,False,False
xgb_depth,depth 9,st,16,immigrant,hicov,-0.21530898160884404,-0.07672584056854248,-0.13853323459625244,-0.03675341606140137,-0.17850565910339355,270,3635,,92,0.26,False,False,False
xgb_depth,depth 9,st,17,sex_female,pincp,-0.2669812951341086,-0.019508940413526688,-0.24750688275657495,-0.03253299234493312,-0.23448283082516852,16072,20780,,92,1.19,False,False,False
xgb_depth,depth 9,st,17,sex_female,hicov,0.021942164973691503,-0.0031191110610961914,0.02497255802154541,0.002715885639190674,0.019137561321258545,16072,20780,,92,1.37,True,False,True
xgb_depth,depth 9,st,17,race_bw,pincp,-0.2526898601930849,-0.13339544455883612,-0.11817154558878862,-0.1480081068239425,-0.10355888332368224,2889,29991,,91,1.16,False,False,False
xgb_depth,depth 9,st,17,race_bw,hicov,-0.010611837064445684,-0.011756062507629395,0.0012569427490234375,-0.009885609149932861,-0.0006135106086730957,2889,29991,,91,1.27,False,True,True
xgb_depth,depth 9,st,17,immigrant,pincp,-0.15593137100749743,-0.08971706430708615,-0.06555556225780457,-0.05517174895120469,-0.10010087761368602,5317,31535,,92,1.21,False,False,False
xgb_depth,depth 9,st,17,immigrant,hicov,-0.10988308425168858,-0.04401665925979614,-0.06583398580551147,-0.017676889896392822,-0.0921737551689148,5317,31535,,92,1.36,False,False,False
xgb_depth,depth 9,st,18,sex_female,pincp,-0.27875708923041387,-0.018302495721442824,-0.2608445018179353,-0.0356246466988388,-0.2435223508405393,7777,10797,,92,0.72,False,False,False
xgb_depth,depth 9,st,18,sex_female,hicov,0.0213776825624451,-0.010420620441436768,0.03187763690948486,-0.0033930540084838867,0.024850070476531982,7777,10797,,92,0.74,False,False,False
xgb_depth,depth 9,st,18,race_bw,pincp,-0.2081506916689495,-0.08850341565266362,-0.12004547681990729,-0.13841966022623708,-0.07012923224633383,952,16842,,91,0.65,False,False,False
xgb_depth,depth 9,st,18,race_bw,hicov,-0.02568159433349404,-0.025317251682281494,0.0001971721649169922,-0.024633467197418213,-0.00048661231994628906,952,16842,,91,0.76,False,True,True
xgb_depth,depth 9,st,18,immigrant,pincp,-0.06084523232568806,-0.0023601923391467494,-0.05929566886749882,0.0034202457254597363,-0.0650761069321053,902,17672,,92,0.7,True,False,True
xgb_depth,depth 9,st,18,immigrant,hicov,-0.12342297535078728,-0.0473591685295105,-0.07543432712554932,-0.024524986743927002,-0.09826850891113281,902,17672,,92,0.71,False,False,False
xgb_depth,depth 9,st,19,sex_female,pincp,-0.2736595145704044,-0.0012646308838561993,-0.2718047359951452,-0.014434994960245362,-0.25863437191875605,4140,5444,,91,0.43,False,False,False
xgb_depth,depth 9,st,19,sex_female,hicov,0.016002371089743006,-0.004365861415863037,0.02047032117843628,0.0028170347213745117,0.01328742504119873,4140,5444,,91,0.43,True,False,True
xgb_depth,depth 9,st,19,race_bw,pincp,-0.24415269307218423,0.003854451397378611,-0.2475440814094476,-0.0743145798367717,-0.1693750501752973,111,9195,,90,0.38,True,False,True
xgb_depth,depth 9,st,19,race_bw,hicov,-0.03685316638008318,-0.004520297050476074,-0.032278597354888916,-0.037462711334228516,0.0006638169288635254,111,9195,,90,0.38,False,True,True
xgb_depth,depth 9,st,19,immigrant,pincp,-0.17885441342499675,-0.05390509246766406,-0.12613955788887132,-0.05829104262640605,-0.12175360773012933,337,9247,,91,0.43,False,False,False
xgb_depth,depth 9,st,19,immigrant,hicov,-0.09074592802413417,-0.0373612642288208,-0.052446603775024414,-0.0057792067527771,-0.08402866125106812,337,9247,,91,0.39,False,False,False
xgb_depth,depth 9,st,2,sex_female,pincp,-0.2467624061895748,0.01190575285618678,-0.2593652163936042,-0.05053024752917956,-0.19692921600823787,633,751,,78,0.17,True,False,True
xgb_depth,depth 9,st,2,sex_female,hicov,0.016433065549251835,-0.022652089595794678,0.03900754451751709,0.01946389675140381,-0.0031084418296813965,633,751,,78,0.16,True,True,True
xgb_depth,depth 9,st,2,immigrant,pincp,-0.4029133360731656,-0.2479070805703536,-0.15360529656203425,-0.09237872307699924,-0.3091336540553886,138,1246,,78,0.14,False,False,False
xgb_depth,depth 9,st,2,immigrant,hicov,-0.051969199990694825,-0.06586700677871704,0.013148248195648193,-0.04708439111709595,-0.0056343674659729,138,1246,,78,0.15,False,True,True
xgb_depth,depth 9,st,20,sex_female,pincp,-0.2804944645361651,0.0005358469679492828,-0.2807165856565046,-0.0007604129458016473,-0.27942032574275366,3580,4753,,92,0.38,True,False,True
xgb_depth,depth 9,st,20,sex_female,hicov,0.028491913957312542,-0.008334875106811523,0.03648197650909424,0.008671760559082031,0.019475340843200684,3580,4753,,92,0.43,True,False,True
xgb_depth,depth 9,st,20,race_bw,pincp,-0.17290278528006198,-0.12522014126499492,-0.04747276783617771,-0.11868532613231864,-0.054007582968853995,235,7590,,91,0.33,False,False,False
xgb_depth,depth 9,st,20,race_bw,hicov,-0.07053233537969883,-0.007201969623565674,-0.06331318616867065,-0.011866867542266846,-0.05864828824996948,235,7590,,91,0.39,False,False,False
xgb_depth,depth 9,st,20,immigrant,pincp,-0.16134057531916035,-0.11161917600242077,-0.05024705369107352,-0.07822427523033149,-0.0836419544631628,556,7777,,92,0.37,False,False,False
xgb_depth,depth 9,st,20,immigrant,hicov,-0.12007737258823514,-0.04218965768814087,-0.07808184623718262,-0.03646385669708252,-0.08380764722824097,556,7777,,92,0.42,False,False,False
xgb_depth,depth 9,st,21,sex_female,pincp,-0.27344839490346473,-0.008301072319651936,-0.26449312976392036,-0.026681578632645753,-0.24611262345092655,5168,6566,,92,0.51,False,False,False
xgb_depth,depth 9,st,21,sex_female,hicov,0.018908447118046068,-0.004799962043762207,0.023403942584991455,0.004702210426330566,0.013901770114898682,5168,6566,,92,0.59,True,False,True
xgb_depth,depth 9,st,21,race_bw,pincp,-0.26856783080580726,-0.1711536266966842,-0.09687812218654557,-0.14796425415328862,-0.12006749472994116,647,10738,,91,0.55,False,False,False
xgb_depth,depth 9,st,21,immigrant,pincp,-0.07145706307004751,-0.005423492984427014,-0.0661757650214021,0.023026733644012864,-0.09462599164984198,445,11289,,92,0.47,True,False,True
xgb_depth,depth 9,st,21,immigrant,hicov,-0.12914371253313106,-0.053324878215789795,-0.0760604739189148,-0.011369109153747559,-0.11801624298095703,445,11289,,92,0.54,False,False,False
xgb_depth,depth 9,st,22,sex_female,pincp,-0.3786737215261695,-0.04760120843143589,-0.3304132164934508,-0.10159196121881209,-0.2764224637060746,5065,5961,,92,0.46,False,False,False
xgb_depth,depth 9,st,22,sex_female,hicov,0.02384849994857985,-0.005274593830108643,0.0291597843170166,0.006362795829772949,0.01752239465713501,5065,5961,,92,0.52,True,False,True
xgb_depth,depth 9,st,22,race_bw,pincp,-0.3835029925119162,-0.18875293738656573,-0.19429291093732814,-0.1855248145575068,-0.19752103376638708,2477,8026,,91,0.42,False,False,False
xgb_depth,depth 9,st,22,race_bw,hicov,-0.029161130645144806,-0.03336232900619507,0.004370689392089844,-0.03381079435348511,0.004819154739379883,2477,8026,,91,0.52,False,False,False
xgb_depth,depth 9,st,22,immigrant,pincp,-0.12196761308323723,-0.04113076073857691,-0.08074156304315672,-0.009516378657192348,-0.11235594512454128,503,10523,,92,0.49,False,False,False
xgb_depth,depth 9,st,22,immigrant,hicov,-0.16816652116191944,-0.10116457939147949,-0.06682109832763672,-0.04990667104721069,-0.11807900667190552,503,10523,,92,0.5,False,False,False
xgb_depth,depth 9,st,23,sex_female,pincp,-0.19825235908339245,-0.009790844916716779,-0.1881113506744665,-0.0024027069796428435,-0.19549948861154043,1463,1847,,89,0.23,False,False,False
xgb_depth,depth 9,st,23,sex_female,hicov,0.02401966426130797,0.01752150058746338,0.006140232086181641,0.009823083877563477,0.013838648796081543,1463,1847,,89,0.25,False,False,False
xgb_depth,depth 9,st,23,immigrant,pincp,0.01777096885950158,-0.11033193277077835,0.1281629918630447,0.0458465754289481,-0.028015516336681756,103,3207,,89,0.22,True,True,True
xgb_depth,depth 9,st,23,immigrant,hicov,0.013819890349084707,0.005737125873565674,0.008129298686981201,-0.008534491062164307,0.02240091562271118,103,3207,,89,0.21,True,False,True
xgb_depth,depth 9,st,24,sex_female,pincp,-0.21181734877639613,-0.020549432082050956,-0.1914964660452405,-0.03158751219086042,-0.18045838593643104,8713,10246,,92,0.77,False,False,False
xgb_depth,depth 9,st,24,sex_female,hicov,0.020371533298194855,0.001841902732849121,0.018712162971496582,0.010910868644714355,0.009643197059631348,8713,10246,,92,0.82,False,False,False
xgb_depth,depth 9,st,24,race_bw,pincp,-0.24287667447884864,-0.10664945450417385,-0.13575975247962013,-0.14048256454726804,-0.10192664243652594,4610,12209,,91,0.63,False,False,False
xgb_depth,depth 9,st,24,immigrant,pincp,-0.15568432450642078,-0.0746477830717307,-0.08145963672703793,-0.045683540095661,-0.11042387970310763,3231,15728,,92,0.74,False,False,False
xgb_depth,depth 9,st,24,immigrant,hicov,-0.09323396376594617,-0.039856910705566406,-0.05318373441696167,-0.017056524753570557,-0.07598412036895752,3231,15728,,92,0.86,False,False,False
xgb_depth,depth 9,st,25,sex_female,pincp,-0.24144678808740672,-0.018449005899002557,-0.22344533017597712,-0.06447650580749809,-0.1774178302674816,9062,11429,,92,0.77,False,False,False
xgb_depth,depth 9,st,25,race_bw,pincp,-0.3719536144677207,-0.22633978205883487,-0.1455488945122827,-0.2432331384169757,-0.12865553815414188,1013,17304,,91,0.69,False,False,False
xgb_depth,depth 9,st,25,race_bw,hicov,-0.02695569022038513,-0.019558250904083252,-0.007595539093017578,-0.014430820941925049,-0.012722969055175781,1013,17304,,91,0.76,False,False,False
xgb_depth,depth 9,st,25,immigrant,pincp,-0.14461822017134907,-0.08492331882676218,-0.05967772441147545,-0.0877306106631135,-0.05687043257512414,3687,16804,,92,0.78,False,False,False
xgb_depth,depth 9,st,25,immigrant,hicov,-0.027022590162996685,-0.012815356254577637,-0.013951301574707031,-0.0047338008880615234,-0.022032856941223145,3687,16804,,92,0.92,False,False,False
xgb_depth,depth 9,st,26,sex_female,pincp,-0.24651994082032935,-0.0055890483616618525,-0.24096163034087859,-0.030567409777370713,-0.21598326892516972,10790,14934,,92,0.85,False,False,False
xgb_depth,depth 9,st,26,sex_female,hicov,0.019076658955257342,-0.0051746368408203125,0.02435857057571411,-0.0006313323974609375,0.019815266132354736,10790,14934,,92,1.05,False,False,False
xgb_depth,depth 9,st,26,race_bw,pincp,-0.2167167997666084,-0.08717099754690061,-0.13045714393795116,-0.11997880238846648,-0.09764933909638529,1695,22671,,91,0.81,False,False,False
xgb_depth,depth 9,st,26,race_bw,hicov,-0.01643165823712256,-0.02657496929168701,0.010516941547393799,-0.018454551696777344,0.002396523952484131,1695,22671,,91,0.98,False,False,False
xgb_depth,depth 9,st,26,immigrant,pincp,0.11652478612974271,0.1363497296480034,-0.01937912748724102,0.14211557913393058,-0.025144976973168198,1631,24093,,92,0.93,False,False,False
xgb_depth,depth 9,st,26,immigrant,hicov,-0.03729620884818308,0.012925505638122559,-0.05016595125198364,0.002866029739379883,-0.04010647535324097,1631,24093,,92,0.99,False,False,False
xgb_depth,depth 9,st,27,sex_female,pincp,-0.22993728022987447,-0.000256259727098751,-0.2296189653217482,-0.003949906285996008,-0.22592531876285094,7010,9668,,92,0.61,False,False,False
xgb_depth,depth 9,st,27,sex_female,hicov,0.017500090006769664,0.0014190077781677246,0.016292572021484375,0.0035369396209716797,0.01417464017868042,7010,9668,,92,0.71,False,False,False
xgb_depth,depth 9,st,27,race_bw,pincp,-0.270576940371841,-0.22602440551516345,-0.043290931428863644,-0.10218180683361489,-0.1671335301104122,307,15438,,91,0.57,False,False,False
xgb_depth,depth 9,st,27,race_bw,hicov,-0.05278400562426233,-0.04575181007385254,-0.005855262279510498,-0.04340946674346924,-0.008197605609893799,307,15438,,91,0.64,False,False,False
xgb_depth,depth 9,st,27,immigrant,pincp,-0.13052885294286476,-0.061661297519252756,-0.06840692595625342,-0.023450152873088825,-0.10661807060241735,860,15818,,92,0.61,False,False,False
xgb_depth,depth 9,st,27,immigrant,hicov,-0.07335990496549405,-0.005798459053039551,-0.06789064407348633,-0.022950708866119385,-0.050738394260406494,860,15818,,92,0.73,False,False,False
xgb_depth,depth 9,st,28,sex_female,pincp,-0.31134078456686076,-0.003706512180126964,-0.30753824948254405,-0.042245563113960216,-0.2689991985487108,3262,3776,,92,0.36,False,False,False
xgb_depth,depth 9,st,28,sex_female,hicov,0.03289857397458151,-0.0070479512214660645,0.04009425640106201,0.014250218868255615,0.018796086311340332,3262,3776,,92,0.39,True,False,True
xgb_depth,depth 9,st,28,race_bw,pincp,-0.3900275817952199,-0.12357153373498697,-0.2672264909068982,-0.14206740145290553,-0.24873062318897965,2102,4731,,91,0.35,False,False,False
xgb_depth,depth 9,st,28,race_bw,hicov,-0.022910712407444356,-0.03788095712661743,0.014635205268859863,-0.038410067558288574,0.015164315700531006,2102,4731,,91,0.36,False,False,False
xgb_depth,depth 9,st,28,immigrant,pincp,-0.13604796160766774,0.05164166835679396,-0.1880725283294833,-0.05140931621758682,-0.08502154375510251,189,6849,,92,0.31,True,False,True
xgb_depth,depth 9,st,28,immigrant,hicov,-0.20993679994994052,-0.0882422924041748,-0.1204269528388977,-0.0490759015083313,-0.1595933437347412,189,6849,,92,0.33,False,False,False
xgb_depth,depth 9,st,29,sex_female,pincp,-0.27515273629759385,-0.017001737573171027,-0.25785946213260047,-0.022602648617947807,-0.2522585510878237,7601,9533,,92,0.62,False,False,False
xgb_depth,depth 9,st,29,sex_female,hicov,0.01863879096443022,-0.009283363819122314,0.027575373649597168,0.005223214626312256,0.013068795204162598,7601,9533,,92,0.71,True,False,True
xgb_depth,depth 9,st,29,race_bw,pincp,-0.1991943295278631,-0.09102677591699049,-0.10797278030168833,-0.12654289941777463,-0.07245665680090418,1153,15279,,91,0.58,False,False,False
xgb_depth,depth 9,st,29,immigrant,hicov,-0.07705422012447072,-0.02577298879623413,-0.050873756408691406,-0.014778733253479004,-0.06186801195144653,742,16392,,92,0.71,False,False,False
xgb_depth,depth 9,st,30,sex_female,pincp,-0.28979446174989043,0.03827112751130457,-0.32735756345697276,-0.019603043382442564,-0.2694833925632256,1065,1480,,90,0.18,True,False,True
xgb_depth,depth 9,st,31,sex_female,pincp,-0.281439103191774,0.015186960633645441,-0.2967529425595288,-0.022151022517173047,-0.2594149594087103,2516,3334,,92,0.28,True,False,True
xgb_depth,depth 9,st,31,race_bw,pincp,-0.2017146058405448,-0.07633330363440649,-0.1252083034850493,-0.12657606601715088,-0.07496554110230491,119,5464,,91,0.3,False,False,False
xgb_depth,depth 9,st,31,race_bw,hicov,-0.06312363891383777,-0.0315396785736084,-0.02920466661453247,-0.030756592750549316,-0.029987752437591553,119,5464,,91,0.29,False,False,False
xgb_depth,depth 9,st,31,immigrant,pincp,-0.30890042652009875,-0.09393497995884204,-0.21404007733007546,-0.15064758054482041,-0.15732747674409708,283,5567,,92,0.29,False,False,False
xgb_depth,depth 9,st,31,immigrant,hicov,-0.1141031101372868,-0.030924499034881592,-0.08442419767379761,-0.033929646015167236,-0.08141905069351196,283,5567,,92,0.3,False,False,False
xgb_depth,depth 9,st,32,sex_female,pincp,-0.22430918693346769,0.02212320644822796,-0.24590381216015267,-0.006490759992527018,-0.2172898457193977,3203,4225,,91,0.38,True,False,True
xgb_depth,depth 9,st,32,sex_female,hicov,0.04386575455333108,-0.003603041172027588,0.04752779006958008,0.010450005531311035,0.033474743366241455,3203,4225,,91,0.42,True,False,True
xgb_depth,depth 9,st,32,race_bw,pincp,-0.22144703617116335,-0.08301467662777107,-0.13675784426361126,-0.11306981770078117,-0.10670270319060116,508,5229,,90,0.3,False,False,False
xgb_depth,depth 9,st,32,race_bw,hicov,0.01350433605437873,-0.027434945106506348,0.04050934314727783,0.002165675163269043,0.010908722877502441,508,5229,,90,0.34,True,False,True
xgb_depth,depth 9,st,32,immigrant,pincp,-0.30383233352831596,-0.13903304672353833,-0.16541223392115967,-0.16258958839256366,-0.14185569225213435,1872,5556,,91,0.34,False,False,False
xgb_depth,depth 9,st,32,immigrant,hicov,-0.1171244761957504,-0.05291086435317993,-0.06370401382446289,-0.025624871253967285,-0.09099000692367554,1872,5556,,91,0.38,False,False,False
xgb_depth,depth 9,st,33,sex_female,pincp,-0.2749833742141927,-0.011034384860597157,-0.26438813282538476,-0.017025753817247136,-0.2583967638687348,1775,2482,,92,0.24,False,False,False
xgb_depth,depth 9,st,33,sex_female,hicov,0.02131947202959905,-0.00645601749420166,0.027763545513153076,0.006660640239715576,0.01464688777923584,1775,2482,,92,0.26,True,False,True
xgb_depth,depth 9,st,33,immigrant,pincp,-0.01960434517791043,0.019544954180751972,-0.040461384342167506,0.1421343870506142,-0.16305081721202974,213,4044,,92,0.23,False,False,False
xgb_depth,depth 9,st,34,sex_female,pincp,-0.27959417182269064,-0.020853526152475155,-0.25809438869675105,-0.06334473721112666,-0.21560317763809955,11310,14947,,92,1.0,False,False,False
xgb_depth,depth 9,st,34,sex_female,hicov,0.026453037100081955,-0.0018617510795593262,0.028185665607452393,0.004480600357055664,0.021843314170837402,11310,14947,,92,1.09,True,False,True
xgb_depth,depth 9,st,34,race_bw,pincp,-0.3485279411658162,-0.15197748996333438,-0.1958721413291329,-0.20288319440032687,-0.1449664368921404,2450,19368,,91,0.83,False,False,False
xgb_depth,depth 9,st,34,immigrant,pincp,-0.18133677494972034,-0.06943486386519027,-0.11147004230498148,-0.07467426467926686,-0.10623064149090489,6979,19278,,92,0.99,False,False,False
xgb_depth,depth 9,st,34,immigrant,hicov,-0.1122939833089891,-0.04623091220855713,-0.06593060493469238,-0.01960045099258423,-0.09256106615066528,6979,19278,,92,1.15,False,False,False
xgb_depth,depth 9,st,35,sex_female,pincp,-0.19025334313377584,0.016115943440794922,-0.2061467203205236,-0.05132919427790128,-0.1387015826018274,2064,2495,,90,0.26,True,False,True
xgb_depth,depth 9,st,35,sex_female,hicov,0.027719392272917864,-0.014541387557983398,0.041736066341400146,0.02016592025756836,0.007028758525848389,2064,2495,,90,0.33,True,False,True
xgb_depth,depth 9,st,35,race_bw,pincp,-0.15214511430401068,-0.1214849927296644,-0.0293948340649699,-0.004184889045939499,-0.1466949377486948,67,3264,,88,0.22,False,False,False
xgb_depth,depth 9,st,35,immigrant,pincp,-0.22003643556194064,-0.10269450369735544,-0.11663056263673965,-0.06252836766653047,-0.15679669866756463,490,4069,,90,0.26,False,False,False
xgb_depth,depth 9,st,35,immigrant,hicov,-0.16557044051338898,-0.09095561504364014,-0.0734967589378357,-0.028922438621520996,-0.13552993535995483,490,4069,,90,0.29,False,False,False
xgb_depth,depth 9,st,36,sex_female,pincp,-0.2004874804493344,0.01793441394858597,-0.2180419612243334,-0.012288940174574492,-0.18781860710117293,24821,30289,,92,1.82,True,False,True
xgb_depth,depth 9,st,36,sex_female,hicov,0.03008149330087584,0.005032718181610107,0.024996161460876465,0.013048529624938965,0.016980350017547607,24821,30289,,92,2.0,False,False,False
xgb_depth,depth 9,st,36,race_bw,pincp,-0.27242488117953023,-0.1317556768693109,-0.140453787771035,-0.18375136917165413,-0.08845809546869177,6432,39884,,91,1.55,False,False,False
xgb_depth,depth 9,st,36,race_bw,hicov,-0.021661153788773424,-0.019394278526306152,-0.002480924129486084,-0.02897179126739502,0.007096588611602783,6432,39884,,91,1.73,False,True,True
xgb_depth,depth 9,st,36,immigrant,pincp,-0.16921449805576216,-0.15503619758108833,-0.014325452200578681,-0.10647306297836678,-0.06288858680330023,13520,41590,,92,1.89,False,False,False
xgb_depth,depth 9,st,36,immigrant,hicov,-0.08273276675236285,-0.028552711009979248,-0.0543903112411499,-0.01942598819732666,-0.06351703405380249,13520,41590,,92,1.96,False,False,False
xgb_depth,depth 9,st,37,sex_female,pincp,-0.2513797037125798,-0.023815783797667578,-0.22718082455839905,-0.04381079890068307,-0.20718580945538356,11762,14924,,92,0.94,False,False,False
xgb_depth,depth 9,st,37,sex_female,hicov,0.026121671345438635,-0.0019840002059936523,0.028237462043762207,0.010431468486785889,0.015821993350982666,11762,14924,,92,1.06,True,False,True
xgb_depth,depth 9,st,37,race_bw,pincp,-0.3428412819155735,-0.12492604778538308,-0.21739114299667506,-0.15657273671834204,-0.1857444540637161,4251,20487,,91,0.87,False,False,False
xgb_depth,depth 9,st,37,race_bw,hicov,-0.020227158183069305,-0.026214301586151123,0.005649566650390625,-0.019134342670440674,-0.0014303922653198242,4251,20487,,91,0.99,False,True,True
xgb_depth,depth 9,st,37,immigrant,pincp,-0.10334814145842763,-0.05709936786091063,-0.045725240486596874,-0.021859544092226457,-0.08096506425528105,2369,24317,,92,0.98,False,False,False
xgb_depth,depth 9,st,37,immigrant,hicov,-0.16151536030195512,-0.096221923828125,-0.06486332416534424,-0.05060601234436035,-0.11047923564910889,2369,24317,,92,1.06,False,False,False
xgb_depth,depth 9,st,38,sex_female,pincp,-0.40017355186717296,-0.040409597734820224,-0.3584079385477281,-0.03761446094238252,-0.3612030753401658,943,1416,,88,0.19,False,False,False
xgb_depth,depth 9,st,38,sex_female,hicov,0.016556727836991025,-0.010113418102264404,0.026887714862823486,0.016539335250854492,0.00023496150970458984,943,1416,,88,0.19,True,False,True
xgb_depth,depth 9,st,38,immigrant,pincp,-0.05300269840215499,-0.30302999916448314,0.24952324813989257,-0.057925778893972435,0.004419027869381864,67,2292,,88,0.17,False,False,False
xgb_depth,depth 9,st,38,immigrant,hicov,-0.01301737386366586,0.01148676872253418,-0.02183973789215088,-0.006485641002655029,-0.00386732816696167,67,2292,,88,0.15,True,False,True
xgb_depth,depth 9,st,39,sex_female,pincp,-0.26401311233596125,-0.015464982307696218,-0.24880982929531292,-0.03528586149679214,-0.228988950106217,14095,18698,,92,1.1,False,False,False
xgb_depth,depth 9,st,39,sex_female,hicov,0.017501789330388817,-0.0056313276290893555,0.022911667823791504,-0.0007655024528503418,0.01804584264755249,14095,18698,,92,1.17,False,False,False
xgb_depth,depth 9,st,39,race_bw,pincp,-0.24536897415986836,-0.10849836433405002,-0.13630732415105484,-0.12827065742771104,-0.11653503105739382,2358,29190,,91,1.03,False,False,False
xgb_depth,depth 9,st,39,race_bw,hicov,-0.01722050930684027,-0.018703818321228027,0.001809537410736084,-0.020685017108917236,0.003790736198425293,2358,29190,,91,1.2,False,False,False
xgb_depth,depth 9,st,39,immigrant,pincp,0.048812748806545514,0.07627588897668858,-0.027541142157206266,0.11031313105821994,-0.06157838423873763,1377,31416,,92,1.09,False,False,False
xgb_depth,depth 9,st,39,immigrant,hicov,-0.04787251600977094,-0.0038850903511047363,-0.04383885860443115,-0.0035973191261291504,-0.04412662982940674,1377,31416,,92,1.24,False,False,False
xgb_depth,depth 9,st,4,sex_female,pincp,-0.23532286018952853,-0.025929528381608336,-0.20974973433286692,-0.055451448264815184,-0.18022781444966007,7274,9525,,92,0.68,False,False,False
xgb_depth,depth 9,st,4,sex_female,hicov,0.028002182295263744,-0.008974969387054443,0.037050843238830566,0.013897955417633057,0.014177918434143066,7274,9525,,92,0.73,True,False,True
xgb_depth,depth 9,st,4,race_bw,pincp,-0.23746491036643214,-0.09493108905972925,-0.14379680431681763,-0.08570931849745911,-0.15301857487908777,580,13266,,91,0.59,False,False,False
xgb_depth,depth 9,st,4,immigrant,pincp,-0.22653950430917114,-0.09391765310563471,-0.13236760756912602,-0.1033034490755238,-0.12298181159923693,2617,14182,,92,0.65,False,False,False
xgb_depth,depth 9,st,4,immigrant,hicov,-0.12441581133134316,-0.05612039566040039,-0.0676531195640564,-0.038499295711517334,-0.08527421951293945,2617,14182,,92,0.7,False,False,False
xgb_depth,depth 9,st,40,sex_female,pincp,-0.29664627375391106,-0.021911307892516163,-0.2744548149392081,-0.017713225349396566,-0.2786528974823277,4029,5523,,92,0.43,False,False,False
xgb_depth,depth 9,st,40,sex_female,hicov,0.0268521712963955,-0.00736844539642334,0.03449362516403198,0.027369916439056396,-0.0002447366714477539,4029,5523,,92,0.43,True,True,True
xgb_depth,depth 9,st,40,race_bw,pincp,-0.2351882977597448,-0.07706367039511619,-0.1584900211763305,-0.11890097620492845,-0.11665271536651822,446,7317,,91,0.37,False,False,False
xgb_depth,depth 9,st,40,immigrant,pincp,-0.21193833439191856,-0.03872808370852532,-0.17326323876862126,-0.06493384924644197,-0.14705747323070462,556,8996,,92,0.43,False,False,False
xgb_depth,depth 9,st,40,immigrant,hicov,-0.21967477152115567,-0.07804930210113525,-0.14222168922424316,-0.09320336580276489,-0.12706762552261353,556,8996,,92,0.41,False,False,False
xgb_depth,depth 9,st,41,sex_female,pincp,-0.2149141704901094,-0.006685656741179713,-0.20780831478191075,-0.01810777467303204,-0.19638619685005843,4421,6132,,91,0.43,False,False,False
xgb_depth,depth 9,st,41,sex_female,hicov,0.019092850303944253,3.4570693969726562e-06,0.019234418869018555,0.00878983736038208,0.010448038578033447,4421,6132,,91,0.48,False,False,False
xgb_depth,depth 9,st,41,race_bw,pincp,-0.25634392603690337,-0.08014264071612942,-0.17684867132218152,-0.06493238480805807,-0.19205892723025286,131,9171,,90,0.4,False,False,False
xgb_depth,depth 9,st,41,race_bw,hicov,0.014280827134320662,-0.011831223964691162,0.02678537368774414,-0.01071786880493164,0.02567201852798462,131,9171,,90,0.42,False,False,False
xgb_depth,depth 9,st,41,immigrant,pincp,-0.14781387524339173,-0.07429567445604945,-0.07343806000749531,-0.039735811228480244,-0.10799792323506452,1186,9367,,91,0.41,False,False,False
xgb_depth,depth 9,st,41,immigrant,hicov,-0.06071924489673575,-0.03461432456970215,-0.025695383548736572,-0.022295057773590088,-0.03801465034484863,1186,9367,,91,0.55,False,False,False
xgb_depth,depth 9,st,42,sex_female,pincp,-0.2608191999909497,-0.002125227588598122,-0.2589218359129024,-0.03214591007911771,-0.22890115342238282,15681,20483,,92,1.17,False,False,False
xgb_depth,depth 9,st,42,sex_female,hicov,0.02210470837581824,-0.00624614953994751,0.028422236442565918,0.0023682117462158203,0.019807875156402588,15681,20483,,92,1.32,True,False,True
xgb_depth,depth 9,st,42,race_bw,pincp,-0.18461695160788594,-0.10706055316714647,-0.07773954903431779,-0.12681058198077544,-0.05798952022068882,1775,32726,,91,1.21,False,False,False
xgb_depth,depth 9,st,42,race_bw,hicov,-0.02623379954603866,-0.02757793664932251,0.0012021660804748535,-0.01029205322265625,-0.016083717346191406,1775,32726,,91,1.34,False,True,True
xgb_depth,depth 9,st,42,immigrant,pincp,0.01895036834457109,-0.006300727263759853,0.025825297238872835,0.05675038792304932,-0.037225817947936335,2085,34079,,92,1.24,True,True,True
xgb_depth,depth 9,st,42,immigrant,hicov,-0.05231362901110781,-0.018065154552459717,-0.03368699550628662,-0.008979856967926025,-0.04277229309082031,2085,34079,,92,1.41,False,False,False
xgb_depth,depth 9,st,44,sex_female,pincp,-0.2343378528442699,0.027320957617819275,-0.2613385123306955,0.03617525607478811,-0.27019281078766433,1329,1569,,88,0.22,False,False,False
xgb_depth,depth 9,st,44,sex_female,hicov,0.019553510668755658,-0.005477428436279297,0.02532142400741577,-0.0025940537452697754,0.02243804931640625,1329,1569,,88,0.21,False,False,False
xgb_depth,depth 9,st,44,race_bw,pincp,-0.2926052160795276,-0.08190769047948088,-0.21031926119066924,-0.13409122740862678,-0.15813572426152334,123,2515,,87,0.2,False,False,False
xgb_depth,depth 9,st,44,immigrant,pincp,-0.24674267801177407,-0.17227019827778456,-0.07349791203681022,-0.1303914009676994,-0.11537670934689537,463,2435,,88,0.22,False,False,False
xgb_depth,depth 9,st,44,immigrant,hicov,-0.05373667847845276,-0.0434451699256897,-0.009543001651763916,-0.009656012058258057,-0.04333215951919556,463,2435,,88,0.21,False,False,False
xgb_depth,depth 9,st,45,sex_female,pincp,-0.2785360372270027,-0.0483475399952944,-0.23007954387534646,-0.05806391770639152,-0.22036316616424934,5691,7032,,92,0.61,False,False,False
xgb_depth,depth 9,st,45,sex_female,hicov,0.032366685197812495,-0.005207538604736328,0.0375828742980957,0.009013473987579346,0.02336186170578003,5691,7032,,92,0.65,True,False,True
xgb_depth,depth 9,st,45,race_bw,pincp,-0.3830184381611712,-0.1480605866867304,-0.23547798140140586,-0.16492257040137126,-0.21861599768676498,2541,9653,,91,0.55,False,False,False
xgb_depth,depth 9,st,45,race_bw,hicov,-0.01027585594795033,-0.030699312686920166,0.020672380924224854,-0.02486664056777954,0.014839708805084229,2541,9653,,91,0.61,False,False,False
xgb_depth,depth 9,st,45,immigrant,pincp,-0.08057504916947344,-0.10606121198249774,0.0246526200726489,-0.02327430877989123,-0.05813428312995761,654,12069,,92,0.55,False,True,True
xgb_depth,depth 9,st,45,immigrant,hicov,-0.20226282970777365,-0.12507760524749756,-0.07692420482635498,-0.056319355964660645,-0.1456824541091919,654,12069,,92,0.6,False,False,False
xgb_depth,depth 9,st,46,sex_female,pincp,-0.2908753073247148,-0.010893387669460353,-0.27810511579443187,-0.011824903128839992,-0.27717360033505223,1104,1489,,87,0.18,False,False,False
xgb_depth,depth 9,st,46,sex_female,hicov,0.02619511684721776,-0.008035659790039062,0.03430134057998657,0.005046963691711426,0.021218717098236084,1104,1489,,87,0.22,True,False,True
xgb_depth,depth 9,st,46,immigrant,pincp,-0.23296569506982934,-0.007882546889229403,-0.22477266291935116,-0.17721226351079977,-0.05544294629778079,77,2516,,87,0.2,False,False,False
xgb_depth,depth 9,st,46,immigrant,hicov,-0.05143187496128676,-0.05652773380279541,0.0073053836822509766,-0.14635837078094482,0.09713602066040039,77,2516,,87,0.2,False,False,False
xgb_depth,depth 9,st,47,sex_female,pincp,-0.2515418813310255,-0.0036651706833552566,-0.24743238016498026,-0.016198034908597947,-0.23489951593973757,7731,9938,,92,0.7,False,False,False
xgb_depth,depth 9,st,47,sex_female,hicov,0.03620466553737811,0.002118825912475586,0.03418081998825073,0.017138421535491943,0.019161224365234375,7731,9938,,92,0.77,False,False,False
xgb_depth,depth 9,st,47,race_bw,pincp,-0.24291613774690468,-0.11394209691689916,-0.12881071539448463,-0.1308928601205963,-0.11185995219078748,2084,14855,,91,0.69,False,False,False
xgb_depth,depth 9,st,47,race_bw,hicov,-0.019212108604546363,-0.02416318655014038,0.004055202007293701,-0.017482638359069824,-0.0026253461837768555,2084,14855,,91,0.8,False,True,True
xgb_depth,depth 9,st,47,immigrant,pincp,-0.12017643285205182,-0.05489923457329127,-0.0646908407965121,-0.04281307265063106,-0.07677700271917232,982,16687,,92,0.73,False,False,False
xgb_depth,depth 9,st,47,immigrant,hicov,-0.22928094933956544,-0.11178213357925415,-0.11764013767242432,-0.03905177116394043,-0.19037050008773804,982,16687,,92,0.77,False,False,False
xgb_depth,depth 9,st,48,sex_female,pincp,-0.280056055773656,-0.02815167739657376,-0.2517015177091757,-0.046148471595547136,-0.23370472351020233,31110,42184,,92,2.38,False,False,False
xgb_depth,depth 9,st,48,sex_female,hicov,0.05040712336269337,-0.001351773738861084,0.05158066749572754,0.026574134826660156,0.0236547589302063,31110,42184,,92,2.84,True,False,True
xgb_depth,depth 9,st,48,race_bw,pincp,-0.2224747386930428,-0.07992572406873855,-0.14253212425829886,-0.09774944431520183,-0.12470840401183558,6632,57703,,91,2.24,False,False,False
xgb_depth,depth 9,st,48,race_bw,hicov,0.020478520087899965,-0.009500324726104736,0.029866933822631836,0.001258254051208496,0.019108355045318604,6632,57703,,91,2.29,True,False,True
xgb_depth,depth 9,st,48,immigrant,pincp,-0.24244797762234072,-0.08848683389377499,-0.153911209904809,-0.08619132377301675,-0.15620672002556724,14045,59249,,92,2.48,False,False,False
xgb_depth,depth 9,st,48,immigrant,hicov,-0.18640997892927536,-0.10405147075653076,-0.08234542608261108,-0.06505191326141357,-0.12134498357772827,14045,59249,,92,2.79,False,False,False
xgb_depth,depth 9,st,49,sex_female,pincp,-0.3688677720811935,-0.0669474522098632,-0.3014733931713014,-0.08203193091113725,-0.28638891447002734,2631,4858,,91,0.36,False,False,False
xgb_depth,depth 9,st,49,sex_female,hicov,0.016111383121001355,-0.017628192901611328,0.03429388999938965,-0.013480424880981445,0.030146121978759766,2631,4858,,91,0.41,False,False,False
xgb_depth,depth 9,st,49,race_bw,pincp,-0.3013406887576444,-0.3810574777868396,0.07872206692839434,-0.1334700480553046,-0.16886536280314068,54,6795,,90,0.36,False,True,True
xgb_depth,depth 9,st,49,immigrant,pincp,-0.33821703312701956,-0.20740385502199388,-0.13042593254317758,-0.1889870886748568,-0.14884269889031465,677,6812,,91,0.34,False,False,False
xgb_depth,depth 9,st,49,immigrant,hicov,-0.16394736545378696,-0.04581928253173828,-0.11862105131149292,-0.06077015399932861,-0.10367017984390259,677,6812,,91,0.36,False,False,False
xgb_depth,depth 9,st,5,sex_female,pincp,-0.2661997987464133,-0.022888461827193396,-0.24421731067009844,-0.020698415019476002,-0.24640735747781584,3295,4129,,92,0.37,False,False,False
xgb_depth,depth 9,st,5,sex_female,hicov,0.0323388622831734,-0.003612339496612549,0.03573012351989746,0.015931546688079834,0.016186237335205078,3295,4129,,92,0.44,True,False,True
xgb_depth,depth 9,st,5,race_bw,pincp,-0.2823326565036659,-0.1170835235117984,-0.16578434703820655,-0.11651181830353075,-0.1663560522464742,802,6230,,91,0.4,False,False,False
xgb_depth,depth 9,st,5,immigrant,pincp,-0.24308967053588226,-0.08309533047541429,-0.16014660870928843,-0.0932932678388827,-0.14994867134582002,391,7033,,92,0.36,False,False,False
xgb_depth,depth 9,st,5,immigrant,hicov,-0.14289813131590456,-0.00689852237701416,-0.13589870929718018,-0.029899656772613525,-0.11289757490158081,391,7033,,92,0.43,False,False,False
xgb_depth,depth 9,st,50,sex_female,pincp,-0.14022086869054817,0.04074011241681319,-0.18101225196155646,0.06668370190476125,-0.20695584144950452,852,1028,,86,0.17,False,False,False
xgb_depth,depth 9,st,50,sex_female,hicov,0.029192013298989794,-0.004752218723297119,0.033606529235839844,0.013486802577972412,0.015367507934570312,852,1028,,86,0.18,True,False,True
xgb_depth,depth 9,st,50,immigrant,pincp,0.08646994507348538,0.05798924742051881,0.030832573763285964,-0.01759141033755185,0.10641323152135662,61,1819,,86,0.19,True,False,True
xgb_depth,depth 9,st,50,immigrant,hicov,-0.033039230706837674,0.01588541269302368,-0.04662579298019409,0.026343107223510742,-0.05708348751068115,61,1819,,86,0.21,False,False,False
xgb_depth,depth 9,st,51,sex_female,pincp,-0.27302751178342,-0.06726860927730094,-0.20628659367526936,-0.08063378005484267,-0.19292142289772762,11165,13892,,92,0.95,False,False,False
xgb_depth,depth 9,st,51,sex_female,hicov,0.018292008635743984,-0.006972670555114746,0.025427579879760742,0.005770504474639893,0.012684404850006104,11165,13892,,92,1.05,True,False,True
xgb_depth,depth 9,st,51,race_bw,pincp,-0.3105158451780081,-0.15956623721023533,-0.15042392703279184,-0.17546568077461622,-0.13452448346841095,3571,18633,,91,0.91,False,False,False
xgb_depth,depth 9,st,51,race_bw,hicov,-0.012815493743969841,-0.025592267513275146,0.012953341007232666,-0.017411410808563232,0.004772484302520752,3571,18633,,91,1.0,False,False,False
xgb_depth,depth 9,st,51,immigrant,pincp,-0.08827680242906055,-0.0385338493866616,-0.04992205459024568,-0.011845671828972115,-0.07661023214793516,3568,21489,,92,0.98,False,False,False
xgb_depth,depth 9,st,51,immigrant,hicov,-0.08259353987972162,-0.03670966625213623,-0.04592674970626831,-0.013960659503936768,-0.06867575645446777,3568,21489,,92,1.11,False,False,False
xgb_depth,depth 9,st,53,sex_female,pincp,-0.2748983811241228,-0.04603813189876149,-0.2292655915378905,-0.06444172542421178,-0.2108619980124402,8203,11854,,92,0.69,False,False,False
xgb_depth,depth 9,st,53,sex_female,hicov,0.02300643443582484,-0.003149271011352539,0.02633148431777954,0.004563689231872559,0.018618524074554443,8203,11854,,92,0.83,True,False,True
xgb_depth,depth 9,st,53,race_bw,pincp,-0.2401969338879315,-0.10510691782726056,-0.13566971228590674,-0.0896172095635368,-0.1511594205496305,498,16076,,91,0.64,False,False,False
xgb_depth,depth 9,st,53,immigrant,pincp,-0.06386455533668745,-0.03641997397087415,-0.027820974942533994,-0.03508874770341919,-0.02915220120998896,3142,16915,,92,0.81,False,False,False
xgb_depth,depth 9,st,53,immigrant,hicov,-0.08703524361614123,-0.045962512493133545,-0.040515780448913574,-0.008329391479492188,-0.07814890146255493,3142,16915,,92,0.89,False,False,False
xgb_depth,depth 9,st,54,sex_female,pincp,-0.2653994856022521,-0.0001132492464783752,-0.2668286121715777,-0.07082041865385591,-0.19612144276420018,1870,2372,,91,0.22,False,False,False
xgb_depth,depth 9,st,54,sex_female,hicov,0.019418618282818212,-0.009110331535339355,0.02867788076400757,0.010265529155731201,0.009302020072937012,1870,2372,,91,0.27,True,False,True
xgb_depth,depth 9,st,54,race_bw,pincp,-0.10287333642424024,-0.1314115893917016,0.02778525188458225,-0.04438417932005656,-0.0592421581870628,95,4041,,90,0.24,False,True,True
xgb_depth,depth 9,st,54,immigrant,pincp,0.09627748981801787,0.022715878474143025,0.06943565552493247,0.07238923566387712,0.01976229833519838,92,4150,,91,0.29,False,False,False
xgb_depth,depth 9,st,54,immigrant,hicov,-0.03514929282346779,-0.027741730213165283,-0.008066117763519287,0.0058286190032958984,-0.04163646697998047,92,4150,,91,0.23,True,False,True
xgb_depth,depth 9,st,55,sex_female,pincp,-0.24014252727026175,0.009380407079225606,-0.24984757631196253,0.006554531854702006,-0.24702170108743893,7379,10129,,92,0.64,False,False,False
xgb_depth,depth 9,st,55,sex_female,hicov,0.020999134207080772,-0.004121661186218262,0.025088846683502197,0.0060291290283203125,0.014938056468963623,7379,10129,,92,0.77,True,False,True
xgb_depth,depth 9,st,55,race_bw,pincp,-0.23597190532807133,-0.09573704003064698,-0.14077270440041012,-0.103325562555181,-0.1331841818758761,357,16436,,91,0.64,False,False,False
xgb_depth,depth 9,st,55,race_bw,hicov,-0.03011085183647566,-0.025093913078308105,-0.005452096462249756,-0.021195530891418457,-0.009350478649139404,357,16436,,91,0.69,False,False,False
xgb_depth,depth 9,st,55,immigrant,pincp,-0.08377285580072602,-0.023867983371273382,-0.059969190943769846,-0.02563901187891915,-0.05819816243612408,662,16846,,92,0.69,False,False,False
xgb_depth,depth 9,st,55,immigrant,hicov,-0.1264630042973257,-0.039912283420562744,-0.08630859851837158,-0.021692335605621338,-0.10452854633331299,662,16846,,92,0.73,False,False,False
xgb_depth,depth 9,st,56,sex_female,pincp,-0.36346992208175166,-0.021368186960897262,-0.34107243166807777,-0.06714881822582264,-0.2952918004031524,647,956,,85,0.17,False,False,False
xgb_depth,depth 9,st,56,sex_female,hicov,0.03127243214579034,-0.010207593441009521,0.04181945323944092,-0.004803359508514404,0.0364152193069458,647,956,,85,0.17,False,False,False
xgb_depth,depth 9,st,56,immigrant,pincp,-0.18877279319069018,-0.09582804198551287,-0.09442424589825649,-0.14346611049166924,-0.046786177392100115,51,1552,,85,0.17,False,False,False
xgb_depth,depth 9,st,56,immigrant,hicov,-0.07889882757226607,-0.04148697853088379,-0.04037833213806152,-0.038508832454681396,-0.043356478214263916,51,1552,,85,0.2,False,False,False
xgb_depth,depth 9,st,6,sex_female,pincp,-0.18146729971729947,0.0094486019531832,-0.190999711108919,-0.0046647366633436604,-0.17688637249239214,41076,58207,,92,2.8,True,False,True
xgb_depth,depth 9,st,6,sex_female,hicov,0.03384123084023194,0.0011990666389465332,0.03268122673034668,0.009821772575378418,0.024058520793914795,41076,58207,,92,3.12,False,False,False
xgb_depth,depth 9,st,6,race_bw,pincp,-0.18246297664314604,-0.09095759733785513,-0.091326494727209,-0.08539771423730969,-0.09688637782775444,4119,61748,,91,2.04,False,False,False
xgb_depth,depth 9,st,6,race_bw,hicov,0.015345646834364346,0.008401036262512207,0.006750047206878662,0.01080930233001709,0.004341781139373779,4119,61748,,91,2.27,False,False,False
xgb_depth,depth 9,st,6,immigrant,pincp,-0.26875090094567966,-0.1335370894975032,-0.13509364929831058,-0.11571240633410085,-0.15291833246171294,35042,64241,,92,2.75,False,False,False
xgb_depth,depth 9,st,6,immigrant,hicov,-0.080050513778545,-0.040065109729766846,-0.040023088455200195,-0.01963573694229126,-0.06045246124267578,35042,64241,,92,2.97,False,False,False
xgb_depth,depth 9,st,8,sex_female,pincp,-0.21981364393633918,-0.015800140004527563,-0.20400893136629072,-0.026568287825559977,-0.1932407835452583,6943,9596,,92,0.62,False,False,False
xgb_depth,depth 9,st,8,sex_female,hicov,0.03742758652198985,-0.0019719600677490234,0.03937441110610962,0.013657808303833008,0.023744642734527588,6943,9596,,92,0.74,True,False,True
xgb_depth,depth 9,st,8,race_bw,pincp,-0.22475618247098517,-0.12770449307971177,-0.0977521424663621,-0.08105559293047726,-0.1444010426155966,402,14662,,91,0.64,False,False,False
xgb_depth,depth 9,st,8,immigrant,pincp,-0.23250097022780913,-0.1805675000818283,-0.052332770384101224,-0.13556489225745594,-0.0973353782084736,1649,14890,,92,0.68,False,False,False
xgb_depth,depth 9,st,8,immigrant,hicov,-0.15452220671420613,-0.08982115983963013,-0.0637277364730835,-0.02759838104248047,-0.12595051527023315,1649,14890,,92,0.72,False,False,False
xgb_depth,depth 9,st,9,sex_female,pincp,-0.32591543934684,-0.033799192530640454,-0.2922412536973873,-0.06488683172234389,-0.26115361450568386,4662,6012,,92,0.49,False,False,False
xgb_depth,depth 9,st,9,sex_female,hicov,0.01643880835497602,-0.0050598978996276855,0.021398842334747314,0.0027652978897094727,0.013573646545410156,4662,6012,,92,0.54,True,False,True
xgb_depth,depth 9,st,9,race_bw,pincp,-0.4323223792453419,-0.129986038007754,-0.30321136885013367,-0.25063654661331825,-0.1825608602445694,757,8886,,91,0.42,False,False,False
xgb_depth,depth 9,st,9,race_bw,hicov,-0.02647716518436527,-0.032370805740356445,0.005968689918518066,-0.024578511714935303,-0.0018236041069030762,757,8886,,91,0.46,False,True,True
xgb_depth,depth 9,st,9,immigrant,pincp,-0.12330295028208837,-0.08854824250628113,-0.03616861321225073,-0.09053132322507373,-0.034185532493458126,1722,8952,,92,0.49,False,False,False
xgb_depth,depth 9,st,9,immigrant,hicov,-0.07303061157765922,-0.029582083225250244,-0.04306614398956299,-0.010781049728393555,-0.06186717748641968,1722,8952,,92,0.52,False,False,False
xgb_depth,depth 10,naics_2,11,sex_female,pincp,-0.17442832844735356,0.03022039713411928,-0.2062918748750544,0.009476610634521876,-0.185548088375457,1770,10168,,63,0.42,False,False,False
xgb_depth,depth 10,naics_2,11,sex_female,hicov,0.06072557308405235,-0.02071547508239746,0.08176112174987793,0.002955198287963867,0.0580904483795166,1770,10168,,63,0.43,True,False,True
xgb_depth,depth 10,naics_2,11,race_bw,pincp,-0.3082373735363646,-0.13802272001723104,-0.1674920679426677,-0.1249972156147443,-0.18051757234515442,198,10459,,62,0.45,False,False,False
xgb_depth,depth 10,naics_2,11,race_bw,hicov,-0.08277004677234145,-0.04774850606918335,-0.03272122144699097,-0.11149460077285767,0.03102487325668335,198,10459,,62,0.44,False,True,True
xgb_depth,depth 10,naics_2,11,immigrant,pincp,-0.5044989627739547,-0.28809310356951023,-0.2164844511330557,-0.1951678889131987,-0.30940966578936724,2454,9484,,63,0.46,False,False,False
xgb_depth,depth 10,naics_2,11,immigrant,hicov,-0.29192622963498427,-0.07784098386764526,-0.21410095691680908,-0.06396692991256714,-0.2279750108718872,2454,9484,,63,0.45,False,False,False
xgb_depth,depth 10,naics_2,21,sex_female,pincp,-0.1566003960737774,0.15432373187175585,-0.31093976175676374,0.1316527841129851,-0.288268813997993,858,4828,,60,0.29,False,False,False
xgb_depth,depth 10,naics_2,21,sex_female,hicov,0.029791252657864087,-0.004304170608520508,0.03467458486557007,-0.0024332404136657715,0.03280365467071533,858,4828,,60,0.27,False,False,False
xgb_depth,depth 10,naics_2,21,race_bw,pincp,-0.3229724667527538,-0.1370201187388691,-0.18373646739000904,-0.09701919202038667,-0.22373739410849147,204,5009,,59,0.27,False,False,False
xgb_depth,depth 10,naics_2,21,race_bw,hicov,-0.03411114895149525,-0.036113858222961426,0.0011404752731323242,-0.04737430810928345,0.012400925159454346,204,5009,,59,0.25,False,False,False
xgb_depth,depth 10,naics_2,21,immigrant,pincp,0.04340662820095709,0.24282647773807753,-0.1990418423027993,0.149164076849015,-0.10537944141373679,538,5148,,60,0.39,False,False,False
xgb_depth,depth 10,naics_2,21,immigrant,hicov,-0.029199631430114614,-0.025113701820373535,-0.0038996338844299316,-0.010622024536132812,-0.018391311168670654,538,5148,,60,0.33,False,False,False
xgb_depth,depth 10,naics_2,22,sex_female,pincp,-0.16498741705883546,0.0925111531969307,-0.256803611341061,0.05236697729937134,-0.21665943544350164,2383,8526,,63,0.5,False,False,False
xgb_depth,depth 10,naics_2,22,race_bw,pincp,-0.20612530453511546,-0.07285475794807894,-0.13405504997205497,-0.07859672005469065,-0.12831308786544326,778,9258,,62,0.43,False,False,False
xgb_depth,depth 10,naics_2,22,race_bw,hicov,-0.010228352495528115,-0.011287808418273926,0.001764833927154541,-0.009111762046813965,-0.0004112124443054199,778,9258,,62,0.37,False,True,True
xgb_depth,depth 10,naics_2,22,immigrant,pincp,0.05236980693181259,0.1452770998865347,-0.09306664588446978,0.08938001899308645,-0.03716956499102153,791,10118,,63,0.44,False,False,False
xgb_depth,depth 10,naics_2,22,immigrant,hicov,-0.04415682556453315,-0.018861889839172363,-0.02486443519592285,0.0001868605613708496,-0.043913185596466064,791,10118,,63,0.41,True,False,True
xgb_depth,depth 10,naics_2,23,sex_female,pincp,-0.0626446456082057,0.10810630456471237,-0.17085495384073646,0.11024352925116254,-0.17299217852718662,5486,50901,,58,1.47,False,False,False
xgb_depth,depth 10,naics_2,23,sex_female,hicov,0.10012223552223276,0.014263570308685303,0.08603143692016602,0.033508360385894775,0.06678664684295654,5486,50901,,58,1.59,False,False,False
xgb_depth,depth 10,naics_2,23,race_bw,pincp,-0.2200815585744582,-0.10763496647170534,-0.112936418690051,-0.060158194473050486,-0.16041319068870585,2207,47852,,57,1.25,False,False,False
xgb_depth,depth 10,naics_2,23,immigrant,pincp,-0.32078281195261127,-0.14123913203677319,-0.17949706273631882,-0.10233619316115039,-0.21840000161194162,11081,45306,,58,1.42,False,False,False
xgb_depth,depth 10,naics_2,23,immigrant,hicov,-0.3059844323527965,-0.1026727557182312,-0.20318710803985596,-0.066927969455719,-0.23893189430236816,11081,45306,,58,1.67,False,False,False
xgb_depth,depth 10,naics_2,31,sex_female,pincp,-0.2629578528630354,-0.041777488108676764,-0.22088986151768353,-0.05047856994600863,-0.21218877968035166,6080,10147,,65,0.66,False,False,False
xgb_depth,depth 10,naics_2,31,race_bw,pincp,-0.303773085054587,-0.1426966384249777,-0.16138526211292437,-0.14524361501114313,-0.15883828552675894,1704,11987,,64,0.57,False,False,False
xgb_depth,depth 10,naics_2,31,race_bw,hicov,-0.015489638422845342,-0.032638490200042725,0.01768338680267334,-0.020084083080291748,0.005128979682922363,1704,11987,,64,0.55,False,False,False
xgb_depth,depth 10,naics_2,31,immigrant,pincp,-0.34096890087177734,-0.16771214297037673,-0.173702434644202,-0.09804494869213087,-0.24336962892244784,3768,12459,,65,0.68,False,False,False
xgb_depth,depth 10,naics_2,31,immigrant,hicov,-0.12329223291887836,-0.05053257942199707,-0.0727682113647461,-0.03183257579803467,-0.0914682149887085,3768,12459,,65,0.67,False,False,False
xgb_depth,depth 10,naics_2,32,sex_female,pincp,-0.14835792196557485,0.07112617497314844,-0.21919227367851946,0.04919505019810089,-0.1972611489034719,8451,21977,,67,1.06,False,False,False
xgb_depth,depth 10,naics_2,32,sex_female,hicov,0.013688911235591239,-0.00909656286239624,0.022680163383483887,-0.005162835121154785,0.01874643564224243,8451,21977,,67,1.12,False,False,False
xgb_depth,depth 10,naics_2,32,race_bw,pincp,-0.2647300616488355,-0.10191229692467907,-0.16303069713391594,-0.09857180389446007,-0.16637119016413493,2081,25276,,66,0.91,False,False,False
xgb_depth,depth 10,naics_2,32,race_bw,hicov,-0.011317819176341226,-0.024220705032348633,0.013585984706878662,-0.020688891410827637,0.010054171085357666,2081,25276,,66,1.01,False,False,False
xgb_depth,depth 10,naics_2,32,immigrant,pincp,-0.08673017505501157,0.013034821451382683,-0.09934740528915853,0.05323437826384669,-0.13954696210162254,4028,26400,,67,1.11,False,False,False
xgb_depth,depth 10,naics_2,32,immigrant,hicov,-0.07233731305106683,-0.021217942237854004,-0.05117213726043701,-0.012594640254974365,-0.05979543924331665,4028,26400,,67,1.13,False,False,False
xgb_depth,depth 10,naics_2,33,sex_female,pincp,-0.2637016416912381,-0.029171367817676597,-0.2348737900080966,-0.042276649053714976,-0.22176850877205823,16238,50594,,69,2.07,False,False,False
xgb_depth,depth 10,naics_2,33,race_bw,pincp,-0.32554110402042724,-0.11633297189032099,-0.20904925912988936,-0.14326445186260983,-0.18211777915760052,3920,54728,,68,1.96,False,False,False
xgb_depth,depth 10,naics_2,33,race_bw,hicov,-0.017633588298643477,-0.021980881690979004,0.0039948225021362305,-0.0228121280670166,0.004826068878173828,3920,54728,,68,2.03,False,False,False
xgb_depth,depth 10,naics_2,33,immigrant,pincp,-0.031002990109508133,0.037100744246059136,-0.06835673178282953,0.07666399261039736,-0.10791998014716775,10156,56676,,69,2.05,False,False,False
xgb_depth,depth 10,naics_2,33,immigrant,hicov,-0.04499232538424991,-0.010522007942199707,-0.034332215785980225,-0.011064469814300537,-0.033789753913879395,10156,56676,,69,2.21,False,False,False
xgb_depth,depth 10,naics_2,3M,sex_female,pincp,-0.3035433700709156,-0.021295759823480864,-0.28273432821996636,-0.05598349187655316,-0.24804659616689406,879,1984,,57,0.19,False,False,False
xgb_depth,depth 10,naics_2,3M,race_bw,pincp,-0.2366623367706051,-0.10591456474111638,-0.1302969617969829,-0.09186861688165848,-0.1443429096564408,323,2116,,56,0.19,False,False,False
xgb_depth,depth 10,naics_2,3M,race_bw,hicov,-0.028134455453656892,-0.029100358486175537,0.00040650367736816406,-0.006752192974090576,-0.021941661834716797,323,2116,,56,0.15,False,True,True
xgb_depth,depth 10,naics_2,3M,immigrant,pincp,-0.26129086957903347,-0.01843491710683054,-0.24531838082342183,-0.05901902621558541,-0.20473427171466696,595,2268,,57,0.24,False,False,False
xgb_depth,depth 10,naics_2,3M,immigrant,hicov,-0.10675381263616557,-0.0469699501991272,-0.05839449167251587,-0.0025319457054138184,-0.10283249616622925,595,2268,,57,0.19,False,False,False
xgb_depth,depth 10,naics_2,42,sex_female,pincp,-0.2022436858462644,0.03772300678948781,-0.2399629569084354,0.0041279845799930825,-0.20636793469894066,7903,20186,,63,0.98,False,False,False
xgb_depth,depth 10,naics_2,42,race_bw,pincp,-0.37749029566436754,-0.08924758021648493,-0.28782986455486714,-0.10986892402996418,-0.2672085207413879,1496,23358,,62,0.92,False,False,False
xgb_depth,depth 10,naics_2,42,race_bw,hicov,-0.03178101331838812,-0.03820633888244629,0.006806790828704834,-0.041320741176605225,0.00992119312286377,1496,23358,,62,0.92,False,False,False
xgb_depth,depth 10,naics_2,42,immigrant,pincp,-0.2093096720413552,-0.05615872115743947,-0.1520673611034571,-0.041747111000812964,-0.1664789712600836,4233,23856,,63,1.1,False,False,False
xgb_depth,depth 10,naics_2,42,immigrant,hicov,-0.08411581584950278,-0.026227355003356934,-0.05783987045288086,-0.011067509651184082,-0.07299971580505371,4233,23856,,63,1.01,False,False,False
xgb_depth,depth 10,naics_2,44,sex_female,pincp,-0.25509860736859835,-0.016209625825128526,-0.23885791648695154,-0.03379438868559426,-0.2212731536264858,20205,31547,,63,1.71,False,False,False
xgb_depth,depth 10,naics_2,44,sex_female,hicov,0.014269738289013567,-0.015316307544708252,0.02963113784790039,-0.016387999057769775,0.030702829360961914,20205,31547,,63,1.7,False,False,False
xgb_depth,depth 10,naics_2,44,race_bw,pincp,-0.21868542569681537,-0.07494449756631205,-0.1434375660737306,-0.07811350700874797,-0.14026855663129467,3611,41916,,62,1.44,False,False,False
xgb_depth,depth 10,naics_2,44,race_bw,hicov,-0.02434017062887106,-0.03386729955673218,0.009550988674163818,-0.037036895751953125,0.012720584869384766,3611,41916,,62,1.48,False,False,False
xgb_depth,depth 10,naics_2,44,immigrant,pincp,-0.09665531045817133,-0.01203581772378648,-0.08423264713822043,0.012125221629327498,-0.1083936864913344,7415,44337,,63,1.7,True,False,True
xgb_depth,depth 10,naics_2,44,immigrant,hicov,-0.09476766488920885,-0.007917344570159912,-0.08677619695663452,-0.010707318782806396,-0.08398622274398804,7415,44337,,63,1.69,False,False,False
xgb_depth,depth 10,naics_2,45,sex_female,pincp,-0.25316293341938767,-0.05577358178935832,-0.1971469051851802,-0.07469005121378025,-0.17823043576075825,10711,10829,,62,0.79,False,False,False
xgb_depth,depth 10,naics_2,45,sex_female,hicov,0.012157341696831914,-0.010320603847503662,0.022326648235321045,-0.00660783052444458,0.018613874912261963,10711,10829,,62,0.74,False,False,False
xgb_depth,depth 10,naics_2,45,race_bw,pincp,-0.2128505955917941,-0.13674505721286145,-0.07613850562695035,-0.12440951843385406,-0.08847404440595774,2034,17052,,61,0.73,False,False,False
xgb_depth,depth 10,naics_2,45,race_bw,hicov,-0.023157172542498827,-0.02225440740585327,-0.0005643367767333984,-0.022294580936431885,-0.0005241632461547852,2034,17052,,61,0.68,False,False,False
xgb_depth,depth 10,naics_2,45,immigrant,hicov,-0.04191854009015972,0.004722535610198975,-0.046572983264923096,0.003086268901824951,-0.04493671655654907,2784,18756,,62,0.82,False,False,False
xgb_depth,depth 10,naics_2,48,sex_female,pincp,-0.21276262819450054,0.05480639773537632,-0.26816134992307283,0.03136706346035112,-0.24472201564804763,5254,23016,,60,0.88,False,False,False
xgb_depth,depth 10,naics_2,48,sex_female,hicov,0.030014488853288057,-0.005245208740234375,0.035074710845947266,-0.00022327899932861328,0.030052781105041504,5254,23016,,60,0.93,False,False,False
xgb_depth,depth 10,naics_2,48,race_bw,pincp,-0.19750902181684893,-0.053016131407721545,-0.14442581623598727,-0.09338425405885609,-0.10405769358485273,3689,21206,,59,0.81,False,False,False
xgb_depth,depth 10,naics_2,48,immigrant,pincp,-0.19393861612739371,-0.08523679709757559,-0.10909708734244461,-0.060838754270118756,-0.13349513016990144,4910,23360,,60,0.92,False,False,False
xgb_depth,depth 10,naics_2,48,immigrant,hicov,-0.0972118858633485,-0.008734405040740967,-0.08835536241531372,-0.01740187406539917,-0.07968789339065552,4910,23360,,60,0.91,False,False,False
xgb_depth,depth 10,naics_2,49,sex_female,pincp,-0.12368417112049634,-0.012759908822905786,-0.11039588968420766,-0.02216657422748547,-0.10098922427962798,3808,8351,,58,0.43,False,False,False
xgb_depth,depth 10,naics_2,49,sex_female,hicov,0.014366675001937002,-0.010910868644714355,0.02517169713973999,-0.009231746196746826,0.02349257469177246,3808,8351,,58,0.49,False,False,False
xgb_depth,depth 10,naics_2,49,race_bw,pincp,-0.16454436798651528,-0.04879400085415675,-0.1156543216930288,-0.021451639411957046,-0.1429966831352285,1973,8563,,57,0.37,False,False,False
xgb_depth,depth 10,naics_2,49,race_bw,hicov,-0.016498035874827455,-0.023254036903381348,0.007098376750946045,-0.021920859813690186,0.005765199661254883,1973,8563,,57,0.43,False,False,False
xgb_depth,depth 10,naics_2,49,immigrant,pincp,-0.17166827475629098,0.028216050628351752,-0.19991749875549836,-0.030301309330342363,-0.14140013879680424,1836,10323,,58,0.42,True,False,True
xgb_depth,depth 10,naics_2,49,immigrant,hicov,-0.0865438493521985,-0.02174466848373413,-0.06452441215515137,-0.006156027317047119,-0.08011305332183838,1836,10323,,58,0.45,False,False,False
xgb_depth,depth 10,naics_2,4M,sex_female,pincp,-0.2786318676631705,-0.04911985260010532,-0.23064340512777015,-0.03150558439170048,-0.248257673336175,998,1164,,58,0.17,False,False,False
xgb_depth,depth 10,naics_2,4M,sex_female,hicov,0.010045864925727788,-0.023878037929534912,0.03404766321182251,-0.004896402359008789,0.015066027641296387,998,1164,,58,0.15,False,False,False
xgb_depth,depth 10,naics_2,4M,race_bw,pincp,-0.15479391581975044,-0.11155658701677673,-0.04486312062258335,-0.0412019813990856,-0.11521772624027449,247,1637,,57,0.14,False,False,False
xgb_depth,depth 10,naics_2,4M,race_bw,hicov,-0.030964116743623538,-0.02741008996963501,-0.004804372787475586,0.0028606057167053223,-0.03507506847381592,247,1637,,57,0.14,True,False,True
xgb_depth,depth 10,naics_2,4M,immigrant,pincp,-0.0850289573043419,-0.09168678438844324,0.0067897952903042125,-0.040808281649592715,-0.044088707448546316,319,1843,,58,0.18,False,True,True
xgb_depth,depth 10,naics_2,4M,immigrant,hicov,-0.13497313396278732,-0.08769434690475464,-0.046664297580718994,0.013156890869140625,-0.14751553535461426,319,1843,,58,0.14,True,False,True
xgb_depth,depth 10,naics_2,51,sex_female,pincp,-0.2458908158496964,-0.057587150836788226,-0.18765062539881328,-0.06708659770470682,-0.17815117853089468,7812,12919,,61,0.74,False,False,False
xgb_depth,depth 10,naics_2,51,race_bw,pincp,-0.27989747972265633,-0.11969723115796249,-0.16063373740908204,-0.10548867002922435,-0.17484229853782018,1646,16501,,60,0.63,False,False,False
xgb_depth,depth 10,naics_2,51,race_bw,hicov,-0.016109226562578738,-0.016376197338104248,0.0002556443214416504,-0.01137620210647583,-0.004744350910186768,1646,16501,,60,0.67,False,True,True
xgb_depth,depth 10,naics_2,51,immigrant,pincp,0.20968129890285958,0.19185809668193166,0.016803806828983525,0.17743944120434918,0.031222462306566,2744,17987,,61,0.79,False,False,False
xgb_depth,depth 10,naics_2,51,immigrant,hicov,-0.012184536904771393,0.0073719024658203125,-0.01927363872528076,0.004476070404052734,-0.016377806663513184,2744,17987,,61,0.75,False,False,False
xgb_depth,depth 10,naics_2,52,sex_female,pincp,-0.5682567617236298,-0.2030718362494337,-0.36490775987233093,-0.24471791650556263,-0.323261679616202,29688,23262,,59,1.48,False,False,False
xgb_depth,depth 10,naics_2,52,race_bw,pincp,-0.36008972810087947,-0.10778833685966482,-0.2521466568343076,-0.13484055458436828,-0.22509443910960414,4183,42821,,58,1.36,False,False,False
xgb_depth,depth 10,naics_2,52,race_bw,hicov,-0.014619821613350514,-0.013552367687225342,-0.0009965300559997559,-0.011688828468322754,-0.0028600692749023438,4183,42821,,58,1.43,False,False,False
xgb_depth,depth 10,naics_2,52,immigrant,pincp,0.12872852116941047,0.14460457925674497,-0.016195518567291955,0.1297115125811068,-0.0013024518916537886,6431,46519,,59,1.64,False,False,False
xgb_depth,depth 10,naics_2,52,immigrant,hicov,-0.013713639558709967,0.0018427371978759766,-0.015570282936096191,-0.00031644105911254883,-0.013411104679107666,6431,46519,,59,1.69,True,False,True
xgb_depth,depth 10,naics_2,53,sex_female,pincp,-0.20368571994394458,-0.005851228019366772,-0.19790147814730474,-0.027959874650354877,-0.17579283151631664,7356,9663,,59,0.59,False,False,False
xgb_depth,depth 10,naics_2,53,sex_female,hicov,0.016528081163935893,-0.009582698345184326,0.02573847770690918,-0.006871521472930908,0.02302730083465576,7356,9663,,59,0.7,False,False,False
xgb_depth,depth 10,naics_2,53,race_bw,pincp,-0.36522123116522387,-0.0693314219077692,-0.2954488729618632,-0.11912612424363012,-0.24565417062600226,1331,13771,,58,0.52,False,False,False
xgb_depth,depth 10,naics_2,53,race_bw,hicov,-0.022543426742933304,-0.02799069881439209,0.00631791353225708,-0.026954710483551025,0.005281925201416016,1331,13771,,58,0.55,False,False,False
xgb_depth,depth 10,naics_2,53,immigrant,pincp,-0.16413766013544517,-0.05297481593827591,-0.11108073074384883,-0.02035201735455061,-0.14370352932757413,2515,14504,,59,0.58,False,False,False
xgb_depth,depth 10,naics_2,53,immigrant,hicov,-0.06069583601534756,-0.012551844120025635,-0.047959983348846436,-0.010701954364776611,-0.04980987310409546,2515,14504,,59,0.67,False,False,False
xgb_depth,depth 10,naics_2,54,sex_female,pincp,-0.3899332779490621,-0.1055264147790691,-0.28467061711733166,-0.12494553858373969,-0.26525149331266107,29018,43958,,60,2.05,False,False,False
xgb_depth,depth 10,naics_2,54,race_bw,pincp,-0.2660095394753377,-0.09788691345237588,-0.16862704372277904,-0.1123827670269133,-0.15413119014824161,3444,58849,,59,1.87,False,False,False
xgb_depth,depth 10,naics_2,54,race_bw,hicov,-0.01714595588240375,-0.016405820846557617,-0.0005921125411987305,-0.015568733215332031,-0.0014292001724243164,3444,58849,,59,2.15,False,False,False
xgb_depth,depth 10,naics_2,54,immigrant,pincp,0.0722182219525429,0.09700984851328265,-0.02530936292298236,0.09437852499111088,-0.02267803940081059,12006,60970,,60,2.25,False,False,False
xgb_depth,depth 10,naics_2,54,immigrant,hicov,-0.01085133722024234,0.01017826795578003,-0.02097684144973755,0.0028600692749023438,-0.013658642768859863,12006,60970,,60,2.37,False,False,False
xgb_depth,depth 10,naics_2,55,sex_female,pincp,-0.41916513373735675,-0.14636938489873685,-0.2725447103358558,-0.1751947160697629,-0.24371937916482977,689,659,,57,0.12,False,False,False
xgb_depth,depth 10,naics_2,55,race_bw,pincp,-0.39175907995863213,-0.021131760366738916,-0.3669556599136783,-0.058291545721930405,-0.3297958745584868,77,1128,,55,0.12,False,False,False
xgb_depth,depth 10,naics_2,55,race_bw,hicov,-0.0421962788984066,-0.004657745361328125,-0.039171576499938965,0.0007203221321105957,-0.044549643993377686,77,1128,,55,0.08,True,False,True
xgb_depth,depth 10,naics_2,55,immigrant,pincp,0.08036547274432237,-0.018872710908919288,0.10249600166647,0.03001227986769628,0.05361101088985443,155,1193,,57,0.12,True,False,True
xgb_depth,depth 10,naics_2,55,immigrant,hicov,-0.013233107103263642,-0.005889236927032471,-0.007991194725036621,0.002352476119995117,-0.01623290777206421,155,1193,,57,0.08,True,False,True
xgb_depth,depth 10,naics_2,56,sex_female,pincp,-0.1285776356521673,0.006647263129215375,-0.13561273788292816,0.033949385719775904,-0.1629148604734887,10600,18487,,60,1.07,False,False,False
xgb_depth,depth 10,naics_2,56,sex_female,hicov,0.04997762323550159,-0.011334657669067383,0.06163901090621948,0.00527876615524292,0.04502558708190918,10600,18487,,60,0.99,True,False,True
xgb_depth,depth 10,naics_2,56,race_bw,pincp,-0.2488064758317332,-0.10355488174611338,-0.1453730455111657,-0.0647837560683655,-0.18414417118891357,3326,21705,,59,0.88,False,False,False
xgb_depth,depth 10,naics_2,56,immigrant,pincp,-0.2986422731817857,-0.1315773165267622,-0.16791995555917438,-0.08116684712936717,-0.2183304249565694,6273,22814,,60,1.07,False,False,False
xgb_depth,depth 10,naics_2,56,immigrant,hicov,-0.20222463599230545,-0.06786835193634033,-0.1339569091796875,-0.029743611812591553,-0.17208164930343628,6273,22814,,60,1.01,False,False,False
xgb_depth,depth 10,naics_2,61,sex_female,pincp,-0.19832442884073664,0.002768311533973389,-0.20109486699154466,-0.00614722679569546,-0.19217932866187581,51590,26189,,58,1.95,True,False,True
xgb_depth,depth 10,naics_2,61,race_bw,pincp,-0.1508946986242261,-0.1495983559327687,-0.0008102960467013531,-0.10401747801085826,-0.04639117396861181,6910,63986,,57,1.77,False,False,False
xgb_depth,depth 10,naics_2,61,race_bw,hicov,-0.020329754659157317,-0.01352304220199585,-0.006856679916381836,-0.010001122951507568,-0.010378599166870117,6910,63986,,57,2.04,False,False,False
xgb_depth,depth 10,naics_2,61,immigrant,pincp,0.0230344050453688,-0.001945108392613193,0.025128222796910293,0.043561771271983574,-0.020378656867686473,7723,70056,,58,2.03,True,True,True
xgb_depth,depth 10,naics_2,61,immigrant,hicov,-0.017128937570610958,-0.004377245903015137,-0.012720584869384766,-0.005049586296081543,-0.01204824447631836,7723,70056,,58,2.33,False,False,False
xgb_depth,depth 10,naics_2,62,sex_female,pincp,-0.44504958913086057,-0.1673294679039028,-0.27793737602518576,-0.234911370021484,-0.21035547390760456,90900,29476,,63,3.79,False,False,False
xgb_depth,depth 10,naics_2,62,race_bw,pincp,-0.2858392759919255,-0.16218014228103428,-0.12364589483499167,-0.16851274648990788,-0.11731329062611806,15995,88854,,62,3.21,False,False,False
xgb_depth,depth 10,naics_2,62,race_bw,hicov,-0.030612993952736645,-0.024497509002685547,-0.006135761737823486,-0.025774717330932617,-0.004858553409576416,15995,88854,,62,3.59,False,False,False
xgb_depth,depth 10,naics_2,62,immigrant,pincp,0.08046984533417856,0.09772765539713468,-0.01739870593014281,0.10782610721065744,-0.027497157743665568,18087,102289,,63,3.75,False,False,False
xgb_depth,depth 10,naics_2,62,immigrant,hicov,-0.023957826396521553,0.0025100111961364746,-0.026362240314483643,-0.0017799735069274902,-0.022072255611419678,18087,102289,,63,4.04,True,False,True
xgb_depth,depth 10,naics_2,71,sex_female,pincp,-0.17333409352919382,0.012999254170217966,-0.18735422153284098,0.0035334967971731857,-0.1778884641597962,5061,7575,,58,0.51,False,False,False
xgb_depth,depth 10,naics_2,71,sex_female,hicov,0.025007150389016353,-0.008173584938049316,0.03307819366455078,-0.0042670369148254395,0.029171645641326904,5061,7575,,58,0.45,False,False,False
xgb_depth,depth 10,naics_2,71,race_bw,pincp,-0.23704578398977638,-0.11867697046567471,-0.11826531539833596,-0.07938511758125699,-0.15755716828275368,968,9874,,57,0.4,False,False,False
xgb_depth,depth 10,naics_2,71,race_bw,hicov,-0.017584791513566844,-0.024549245834350586,0.0074964165687561035,-0.0238419771194458,0.006789147853851318,968,9874,,57,0.41,False,False,False
xgb_depth,depth 10,naics_2,71,immigrant,pincp,-0.12326965074971952,-0.08034975071364592,-0.043236467583041005,-0.0361368863849485,-0.08744933191173843,1670,10966,,58,0.53,False,False,False
xgb_depth,depth 10,naics_2,71,immigrant,hicov,-0.05514562703882775,-0.013317644596099854,-0.04223090410232544,-0.0042438507080078125,-0.05130469799041748,1670,10966,,58,0.52,False,False,False
xgb_depth,depth 10,naics_2,72,sex_female,pincp,-0.18401379581246324,-0.011620308071663032,-0.1724187786275575,-0.009243348012923036,-0.1747957386862975,14143,17193,,58,0.99,False,False,False
xgb_depth,depth 10,naics_2,72,sex_female,hicov,0.04015889515060789,-0.020547866821289062,0.06051194667816162,-0.0212743878364563,0.06123846769332886,14143,17193,,58,1.11,False,False,False
xgb_depth,depth 10,naics_2,72,race_bw,pincp,-0.1928744781570586,-0.10187171364273162,-0.09059923475058973,-0.05548336317792568,-0.13698758521539567,3165,21329,,57,0.78,False,False,False
xgb_depth,depth 10,naics_2,72,immigrant,pincp,-0.1366419172241944,-0.05098799951636579,-0.08535506071032017,-0.01585544233594227,-0.12048761789074369,9698,21638,,58,0.96,False,False,False
xgb_depth,depth 10,naics_2,72,immigrant,hicov,-0.14235072495587275,0.010806679725646973,-0.15287178754806519,-0.00266188383102417,-0.13940322399139404,9698,21638,,58,1.05,True,False,True
xgb_depth,depth 10,naics_2,81,sex_female,pincp,-0.19443770611913358,-0.0016258943877769383,-0.19256081932013558,-0.051527366458058665,-0.14265934724985385,14329,19378,,63,1.15,False,False,False
xgb_depth,depth 10,naics_2,81,sex_female,hicov,0.028035678892645688,-0.017997026443481445,0.046104371547698975,-0.008000969886779785,0.036108314990997314,14329,19378,,63,1.19,False,False,False
xgb_depth,depth 10,naics_2,81,race_bw,pincp,-0.1435280769370042,-0.04459791946817404,-0.09870384495768825,-0.0430160554268344,-0.10028570899902789,2516,26304,,62,1.06,False,False,False
xgb_depth,depth 10,naics_2,81,race_bw,hicov,-0.025556209118091866,-0.03629559278488159,0.010497331619262695,-0.028109431266784668,0.0023111701011657715,2516,26304,,62,1.1,False,False,False
xgb_depth,depth 10,naics_2,81,immigrant,pincp,-0.28521872580984997,-0.1924662044369203,-0.0930034768027781,-0.10058784815173105,-0.18488183308796735,6640,27067,,63,1.26,False,False,False
xgb_depth,depth 10,naics_2,81,immigrant,hicov,-0.13345759362866183,-0.05271458625793457,-0.08102452754974365,-0.03697311878204346,-0.09676599502563477,6640,27067,,63,1.34,False,False,False
xgb_depth,depth 10,naics_2,92,sex_female,pincp,-0.2414473940877997,-0.01446654479402909,-0.22683193301272553,-0.050946131495592795,-0.19035234631116182,24767,31895,,60,1.74,False,False,False
xgb_depth,depth 10,naics_2,92,race_bw,pincp,-0.10552062676527818,-0.05661386517884992,-0.04892103833683947,-0.037783908651737974,-0.06775099486395142,7382,43626,,59,1.48,False,False,False
xgb_depth,depth 10,naics_2,92,immigrant,pincp,0.04760441151955597,0.08173928761841154,-0.03408256563781897,0.09140842161701102,-0.04375169963641845,4213,52449,,60,1.68,False,False,False
xgb_depth,depth 10,naics_2,92,immigrant,hicov,-0.014170391838873697,-0.0026502013206481934,-0.01137012243270874,-0.0027832388877868652,-0.011237084865570068,4213,52449,,60,1.86,False,False,False
xgb_depth,depth 10,st,1,sex_female,pincp,-0.31555702394613583,-0.027162582092941534,-0.28815535063085385,-0.040334090449547944,-0.27498384227424744,5293,6854,,92,0.51,False,False,False
xgb_depth,depth 10,st,1,sex_female,hicov,0.021982361759625313,-0.005461692810058594,0.02746373414993286,-4.267692565917969e-05,0.022044718265533447,5293,6854,,92,0.63,False,False,False
xgb_depth,depth 10,st,1,race_bw,pincp,-0.28298982130619343,-0.14310438400312897,-0.1401379916403016,-0.1588581057985472,-0.12438426984488338,2338,9360,,91,0.56,False,False,False
xgb_depth,depth 10,st,1,race_bw,hicov,-0.03265821836181115,-0.023524224758148193,-0.009180068969726562,-0.0154610276222229,-0.017243266105651855,2338,9360,,91,0.59,False,False,False
xgb_depth,depth 10,st,1,immigrant,pincp,-0.10406233370699525,-0.040167498805381285,-0.06610069842993127,-0.02652139269928,-0.07974680453603256,463,11684,,92,0.57,False,False,False
xgb_depth,depth 10,st,1,immigrant,hicov,-0.19473714954566734,-0.07574242353439331,-0.11830264329910278,-0.05209618806838989,-0.1419488787651062,463,11684,,92,0.59,False,False,False
xgb_depth,depth 10,st,10,sex_female,pincp,-0.23852588673327801,-0.01889930897757708,-0.21760609550448606,-0.012008078319587057,-0.22449732616247609,1208,1387,,88,0.23,False,False,False
xgb_depth,depth 10,st,10,sex_female,hicov,0.018984825985857268,-0.008031010627746582,0.0274236798286438,0.009850382804870605,0.009542286396026611,1208,1387,,88,0.26,True,False,True
xgb_depth,depth 10,st,10,race_bw,pincp,-0.26441259231673087,-0.13412949785331563,-0.12950270978710243,-0.10244140908673849,-0.16119079855367957,431,1975,,87,0.2,False,False,False
xgb_depth,depth 10,st,10,immigrant,hicov,-0.056482306259616144,-0.03215736150741577,-0.024587273597717285,-0.007268965244293213,-0.049475669860839844,265,2330,,88,0.2,False,False,False
xgb_depth,depth 10,st,11,sex_female,pincp,-0.1948040157321529,-0.03225691772646222,-0.16385201021585338,-0.06135933236935465,-0.13474959557296096,1214,1142,,68,0.2,False,False,False
xgb_depth,depth 10,st,11,sex_female,hicov,0.01159848469548208,-0.0004125833511352539,0.012227356433868408,-0.006157517433166504,0.017972290515899658,1214,1142,,68,0.13,False,False,False
xgb_depth,depth 10,st,11,race_bw,pincp,-0.5086204482738559,-0.31554264939533283,-0.19175421567659434,-0.27794331834704344,-0.22935354672488373,642,1452,,66,0.18,False,False,False
xgb_depth,depth 10,st,11,race_bw,hicov,-0.030167863855204535,-0.027500033378601074,-0.0024860501289367676,-0.056314289569854736,0.026328206062316895,642,1452,,66,0.13,False,True,True
xgb_depth,depth 10,st,11,immigrant,pincp,-0.20919592588855096,-0.07999267671030807,-0.12944768410102903,-0.06351238837991247,-0.14592797243142464,316,2040,,68,0.2,False,False,False
xgb_depth,depth 10,st,11,immigrant,hicov,-0.046624472573839615,-0.022951245307922363,-0.023082613945007324,-0.018902122974395752,-0.027131736278533936,316,2040,,68,0.17,False,False,False
xgb_depth,depth 10,st,12,sex_female,pincp,-0.22696732350444826,-0.011536098480620538,-0.21575121232812755,-0.014135223247567552,-0.21315208756118054,22979,28252,,92,1.9,False,False,False
xgb_depth,depth 10,st,12,sex_female,hicov,0.04205411755614552,0.0026599764823913574,0.039472341537475586,0.011017322540283203,0.03111499547958374,22979,28252,,92,2.02,False,False,False
xgb_depth,depth 10,st,12,race_bw,pincp,-0.31454446007065684,-0.10203762879305955,-0.21258181096500195,-0.1530831619365962,-0.1615362778214653,6198,41213,,91,1.72,False,False,False
xgb_depth,depth 10,st,12,race_bw,hicov,-0.010981150374180237,-0.027730286121368408,0.016794025897979736,-0.028711974620819092,0.01777571439743042,6198,41213,,91,2.0,False,False,False
xgb_depth,depth 10,st,12,immigrant,pincp,-0.19235966803892168,-0.06596873367178979,-0.12632435670025366,-0.07022114505041088,-0.12207194532163257,12037,39194,,92,1.91,False,False,False
xgb_depth,depth 10,st,12,immigrant,hicov,-0.08944399925169921,-0.04276847839355469,-0.04672747850418091,-0.02809727191925049,-0.06139868497848511,12037,39194,,92,2.11,False,False,False
xgb_depth,depth 10,st,13,sex_female,pincp,-0.2577587064321296,-0.02978672444728936,-0.2283617205701951,-0.03652003324438802,-0.22162841177309645,11957,14978,,92,1.04,False,False,False
xgb_depth,depth 10,st,13,sex_female,hicov,0.040407528990723085,0.0018640756607055664,0.03864556550979614,0.017712950706481934,0.022796690464019775,11957,14978,,92,1.18,False,False,False
xgb_depth,depth 10,st,13,race_bw,pincp,-0.3001484008017652,-0.12088664964095841,-0.17974379471138668,-0.13745653268620828,-0.16317391166613682,6248,18543,,91,1.01,False,False,False
xgb_depth,depth 10,st,13,immigrant,pincp,-0.13744674471266727,-0.0467797764889859,-0.09041478804504344,-0.01362946937511289,-0.12356509515891645,3334,23601,,92,1.05,False,False,False
xgb_depth,depth 10,st,13,immigrant,hicov,-0.1524436310144861,-0.07983732223510742,-0.07183772325515747,-0.04717886447906494,-0.10449618101119995,3334,23601,,92,1.2,False,False,False
xgb_depth,depth 10,st,15,sex_female,pincp,-0.20822507750450292,-0.009703583492495227,-0.19878531366074448,-0.016805775667270595,-0.1916831214859691,1861,2153,,87,0.27,False,False,False
xgb_depth,depth 10,st,15,immigrant,pincp,-0.22547582941900401,-0.1818285014249419,-0.04311827053102135,-0.08777616965374158,-0.13717060230222167,811,3203,,87,0.27,False,False,False
xgb_depth,depth 10,st,15,immigrant,hicov,-0.016183964401437767,0.008161365985870361,-0.02471834421157837,-0.0014321208000183105,-0.015124857425689697,811,3203,,87,0.24,True,False,True
xgb_depth,depth 10,st,16,sex_female,pincp,-0.2783884125134932,-0.04028420987506287,-0.2375233032661086,-0.06751904449841462,-0.21028846864275685,1482,2423,,92,0.26,False,False,False
xgb_depth,depth 10,st,16,sex_female,hicov,0.02785997661858386,-0.014769315719604492,0.04285323619842529,0.012674570083618164,0.015409350395202637,1482,2423,,92,0.3,True,False,True
xgb_depth,depth 10,st,16,immigrant,pincp,-0.23283176258720495,-0.18205225533635883,-0.05079882515509837,-0.0994595412356798,-0.1333915392557774,270,3635,,92,0.27,False,False,False
xgb_depth,depth 10,st,16,immigrant,hicov,-0.21530898160884404,-0.078427255153656,-0.1370096206665039,-0.037378549575805664,-0.17805832624435425,270,3635,,92,0.27,False,False,False
xgb_depth,depth 10,st,17,sex_female,pincp,-0.2669812951341086,-0.020299825201922417,-0.24671242129240412,-0.034089948638742484,-0.23292229785558405,16072,20780,,92,1.37,False,False,False
xgb_depth,depth 10,st,17,sex_female,hicov,0.021942164973691503,-0.003475964069366455,0.025333642959594727,0.003033757209777832,0.01882392168045044,16072,20780,,92,1.49,True,False,True
xgb_depth,depth 10,st,17,race_bw,pincp,-0.2526898601930849,-0.13437776704465776,-0.11721935512614756,-0.14827305432647897,-0.10332406784432635,2889,29991,,91,1.25,False,False,False
xgb_depth,depth 10,st,17,race_bw,hicov,-0.010611837064445684,-0.011810481548309326,0.0013396143913269043,-0.009986460208892822,-0.0004844069480895996,2889,29991,,91,1.39,False,True,True
xgb_depth,depth 10,st,17,immigrant,pincp,-0.15593137100749743,-0.09032508981495901,-0.06495311840487439,-0.05614328377084199,-0.09913492444899141,5317,31535,,92,1.29,False,False,False
xgb_depth,depth 10,st,17,immigrant,hicov,-0.10988308425168858,-0.04444020986557007,-0.06546014547348022,-0.01738804578781128,-0.09251230955123901,5317,31535,,92,1.52,False,False,False
xgb_depth,depth 10,st,18,sex_female,pincp,-0.27875708923041387,-0.019181811265772453,-0.2599550475784511,-0.03754874431704813,-0.24158811452717543,7777,10797,,92,0.7,False,False,False
xgb_depth,depth 10,st,18,sex_female,hicov,0.0213776825624451,-0.010543406009674072,0.03199809789657593,-0.0030588507652282715,0.024513542652130127,7777,10797,,92,0.84,False,False,False
xgb_depth,depth 10,st,18,race_bw,pincp,-0.2081506916689495,-0.08814992186994175,-0.12045011960926288,-0.13820033737950155,-0.07039970409970309,952,16842,,91,0.7,False,False,False
xgb_depth,depth 10,st,18,race_bw,hicov,-0.02568159433349404,-0.025441765785217285,0.000364840030670166,-0.024426281452178955,-0.0006506443023681641,952,16842,,91,0.86,False,True,True
xgb_depth,depth 10,st,18,immigrant,pincp,-0.06084523232568806,-0.0022559326444451244,-0.05927101909547616,0.0012278410677151186,-0.0627547928076364,902,17672,,92,0.78,True,False,True
xgb_depth,depth 10,st,18,immigrant,hicov,-0.12342297535078728,-0.0474323034286499,-0.07516622543334961,-0.024685323238372803,-0.09791320562362671,902,17672,,92,0.76,False,False,False
xgb_depth,depth 10,st,19,sex_female,pincp,-0.2736595145704044,-0.002276503195478341,-0.2708018351617234,-0.013986004199599833,-0.2590923341576019,4140,5444,,91,0.41,False,False,False
xgb_depth,depth 10,st,19,sex_female,hicov,0.016002371089743006,-0.0044702887535095215,0.020622074604034424,0.0029731392860412598,0.013178646564483643,4140,5444,,91,0.5,True,False,True
xgb_depth,depth 10,st,19,race_bw,pincp,-0.24415269307218423,0.0028910784361659836,-0.24629352760418755,-0.07176631451346971,-0.17163613465455185,111,9195,,90,0.38,True,False,True
xgb_depth,depth 10,st,19,race_bw,hicov,-0.03685316638008318,-0.004520297050476074,-0.032303690910339355,-0.03665471076965332,-0.00016927719116210938,111,9195,,90,0.41,False,False,False
xgb_depth,depth 10,st,19,immigrant,pincp,-0.17885441342499675,-0.05203311074884809,-0.127955771374344,-0.05898485674596898,-0.1210040253772231,337,9247,,91,0.39,False,False,False
xgb_depth,depth 10,st,19,immigrant,hicov,-0.09074592802413417,-0.037983834743499756,-0.05182194709777832,-0.005485057830810547,-0.08432072401046753,337,9247,,91,0.45,False,False,False
xgb_depth,depth 10,st,2,sex_female,pincp,-0.2467624061895748,0.013430361524731538,-0.26098367282141055,-0.050739434136728434,-0.19681387715995058,633,751,,78,0.15,True,False,True
xgb_depth,depth 10,st,2,sex_female,hicov,0.016433065549251835,-0.023577511310577393,0.040010809898376465,0.01674097776412964,-0.0003076791763305664,633,751,,78,0.18,True,True,True
xgb_depth,depth 10,st,2,immigrant,pincp,-0.4029133360731656,-0.24211887806694854,-0.15948018139859066,-0.09288558878541231,-0.3087134706801269,138,1246,,78,0.17,False,False,False
xgb_depth,depth 10,st,2,immigrant,hicov,-0.051969199990694825,-0.06586700677871704,0.013067424297332764,-0.047723591327667236,-0.005075991153717041,138,1246,,78,0.15,False,True,True
xgb_depth,depth 10,st,20,sex_female,pincp,-0.2804944645361651,0.0003770507285025815,-0.2804826890546952,-0.002448165705063232,-0.2776574726211294,3580,4753,,92,0.38,True,False,True
xgb_depth,depth 10,st,20,sex_female,hicov,0.028491913957312542,-0.008691191673278809,0.036931753158569336,0.008775055408477783,0.019465506076812744,3580,4753,,92,0.48,True,False,True
xgb_depth,depth 10,st,20,race_bw,pincp,-0.17290278528006198,-0.1295466651287711,-0.04313187630594406,-0.11891600812510461,-0.05376253330961056,235,7590,,91,0.36,False,False,False
xgb_depth,depth 10,st,20,race_bw,hicov,-0.07053233537969883,-0.00676494836807251,-0.06391608715057373,-0.010957598686218262,-0.05972343683242798,235,7590,,91,0.37,False,False,False
xgb_depth,depth 10,st,20,immigrant,pincp,-0.16134057531916035,-0.11385303527690738,-0.04781850371152885,-0.08016241195473661,-0.08150912703369961,556,7777,,92,0.43,False,False,False
xgb_depth,depth 10,st,20,immigrant,hicov,-0.12007737258823514,-0.04290372133255005,-0.07748407125473022,-0.03583097457885742,-0.08455681800842285,556,7777,,92,0.46,False,False,False
xgb_depth,depth 10,st,21,sex_female,pincp,-0.27344839490346473,-0.009236211931179739,-0.26349300659904884,-0.028172027739962857,-0.24455719079026572,5168,6566,,92,0.47,False,False,False
xgb_depth,depth 10,st,21,sex_female,hicov,0.018908447118046068,-0.0050324201583862305,0.0236358642578125,0.005121290683746338,0.013482153415679932,5168,6566,,92,0.59,True,False,True
xgb_depth,depth 10,st,21,race_bw,pincp,-0.26856783080580726,-0.17221084334220826,-0.09573757379808612,-0.14735116148657212,-0.12059725565372226,647,10738,,91,0.53,False,False,False
xgb_depth,depth 10,st,21,immigrant,pincp,-0.07145706307004751,-0.00723186268989906,-0.06440614076361584,0.023290472258606698,-0.0949284757121216,445,11289,,92,0.54,True,False,True
xgb_depth,depth 10,st,21,immigrant,hicov,-0.12914371253313106,-0.0538402795791626,-0.07541561126708984,-0.011436223983764648,-0.11781966686248779,445,11289,,92,0.58,False,False,False
xgb_depth,depth 10,st,22,sex_female,pincp,-0.3786737215261695,-0.04940242761139935,-0.32858174056379674,-0.10321839115216669,-0.2747657770230294,5065,5961,,92,0.54,False,False,False
xgb_depth,depth 10,st,22,sex_female,hicov,0.02384849994857985,-0.005010068416595459,0.02896749973297119,0.006959497928619385,0.016997933387756348,5065,5961,,92,0.55,True,False,True
xgb_depth,depth 10,st,22,race_bw,pincp,-0.3835029925119162,-0.1896654176414998,-0.19338145708758603,-0.18413414984644483,-0.198912724882641,2477,8026,,91,0.48,False,False,False
xgb_depth,depth 10,st,22,race_bw,hicov,-0.029161130645144806,-0.034110188484191895,0.005060732364654541,-0.03367292881011963,0.004623472690582275,2477,8026,,91,0.56,False,False,False
xgb_depth,depth 10,st,22,immigrant,pincp,-0.12196761308323723,-0.036526048771028385,-0.0853402119540192,-0.011008033622816882,-0.1108582271022307,503,10523,,92,0.59,False,False,False
xgb_depth,depth 10,st,22,immigrant,hicov,-0.16816652116191944,-0.09973078966140747,-0.06828373670578003,-0.047983407974243164,-0.12003111839294434,503,10523,,92,0.59,False,False,False
xgb_depth,depth 10,st,23,sex_female,pincp,-0.19825235908339245,-0.009218455769063993,-0.1886949182912101,-0.0017175434915319698,-0.19619583056874212,1463,1847,,89,0.25,False,False,False
xgb_depth,depth 10,st,23,sex_female,hicov,0.02401966426130797,0.016792654991149902,0.0070230960845947266,0.009304583072662354,0.014511168003082275,1463,1847,,89,0.24,False,False,False
xgb_depth,depth 10,st,23,immigrant,pincp,0.01777096885950158,-0.11249903616939427,0.13029524586376873,0.04580448551343075,-0.028008275819056294,103,3207,,89,0.21,True,True,True
xgb_depth,depth 10,st,23,immigrant,hicov,0.013819890349084707,0.005737125873565674,0.008068621158599854,-0.008496403694152832,0.02230215072631836,103,3207,,89,0.25,True,False,True
xgb_depth,depth 10,st,24,sex_female,pincp,-0.21181734877639613,-0.022500017274863282,-0.18956957071897307,-0.031887984000087854,-0.1801816039937485,8713,10246,,92,0.78,False,False,False
xgb_depth,depth 10,st,24,sex_female,hicov,0.020371533298194855,0.0013630986213684082,0.019146084785461426,0.01109325885772705,0.009415924549102783,8713,10246,,92,0.9,False,False,False
xgb_depth,depth 10,st,24,race_bw,pincp,-0.24287667447884864,-0.10645915084792001,-0.13595077612445294,-0.14106170373092652,-0.10134822324144643,4610,12209,,91,0.75,False,False,False
xgb_depth,depth 10,st,24,immigrant,pincp,-0.15568432450642078,-0.07582121784733076,-0.08035422656931424,-0.044980755307364007,-0.11119468910928099,3231,15728,,92,0.81,False,False,False
xgb_depth,depth 10,st,24,immigrant,hicov,-0.09323396376594617,-0.04187244176864624,-0.05107927322387695,-0.016876816749572754,-0.07607489824295044,3231,15728,,92,0.89,False,False,False
xgb_depth,depth 10,st,25,sex_female,pincp,-0.24144678808740672,-0.01884331801077188,-0.22304402904692466,-0.06578409432351329,-0.17610325273418326,9062,11429,,92,0.79,False,False,False
xgb_depth,depth 10,st,25,race_bw,pincp,-0.3719536144677207,-0.22673008332530564,-0.14509823594554128,-0.24487658665417733,-0.1269517326166696,1013,17304,,91,0.75,False,False,False
xgb_depth,depth 10,st,25,race_bw,hicov,-0.02695569022038513,-0.01978665590286255,-0.007347583770751953,-0.014337718486785889,-0.012796521186828613,1013,17304,,91,0.8,False,False,False
xgb_depth,depth 10,st,25,immigrant,pincp,-0.14461822017134907,-0.08517749305788413,-0.059471562884303,-0.08885371358967298,-0.055795342352514155,3687,16804,,92,0.74,False,False,False
xgb_depth,depth 10,st,25,immigrant,hicov,-0.027022590162996685,-0.013151764869689941,-0.013599753379821777,-0.004681289196014404,-0.022070229053497314,3687,16804,,92,0.98,False,False,False
xgb_depth,depth 10,st,26,sex_female,pincp,-0.24651994082032935,-0.006727341400941,-0.23984307241484615,-0.03189176057249021,-0.21467865324329694,10790,14934,,92,0.93,False,False,False
xgb_depth,depth 10,st,26,sex_female,hicov,0.019076658955257342,-0.005186676979064941,0.02447342872619629,-0.0001926422119140625,0.01947939395904541,10790,14934,,92,1.13,False,False,False
xgb_depth,depth 10,st,26,race_bw,pincp,-0.2167167997666084,-0.08578481202688693,-0.1317727823523711,-0.11951521430793832,-0.09804238007131971,1695,22671,,91,0.9,False,False,False
xgb_depth,depth 10,st,26,race_bw,hicov,-0.01643165823712256,-0.0269315242767334,0.01085585355758667,-0.018092572689056396,0.002016901969909668,1695,22671,,91,1.04,False,False,False
xgb_depth,depth 10,st,26,immigrant,pincp,0.11652478612974271,0.13725884706280667,-0.020235896649854368,0.14059705212588902,-0.023574101712936724,1631,24093,,92,0.97,False,False,False
xgb_depth,depth 10,st,26,immigrant,hicov,-0.03729620884818308,0.011609375476837158,-0.048989951610565186,0.002590477466583252,-0.03997105360031128,1631,24093,,92,1.1,False,False,False
xgb_depth,depth 10,st,27,sex_female,pincp,-0.22993728022987447,-0.0004543354526944654,-0.22941898244148362,-0.003981595676231464,-0.22589172221794662,7010,9668,,92,0.68,False,False,False
xgb_depth,depth 10,st,27,sex_female,hicov,0.017500090006769664,0.0010707378387451172,0.01662468910217285,0.0038123726844787598,0.013883054256439209,7010,9668,,92,0.77,False,False,False
xgb_depth,depth 10,st,27,race_bw,pincp,-0.270576940371841,-0.2281171906008126,-0.04110107781402306,-0.10230558380336952,-0.16691268461146613,307,15438,,91,0.65,False,False,False
xgb_depth,depth 10,st,27,race_bw,hicov,-0.05278400562426233,-0.04575181007385254,-0.005856454372406006,-0.04373210668563843,-0.007876157760620117,307,15438,,91,0.67,False,False,False
xgb_depth,depth 10,st,27,immigrant,pincp,-0.13052885294286476,-0.060669267176425734,-0.06949503868837148,-0.025261505016478836,-0.10490280084831838,860,15818,,92,0.62,False,False,False
xgb_depth,depth 10,st,27,immigrant,hicov,-0.07335990496549405,-0.005068182945251465,-0.06848657131195068,-0.022227942943572998,-0.05132681131362915,860,15818,,92,0.75,False,False,False
xgb_depth,depth 10,st,28,sex_female,pincp,-0.31134078456686076,-0.003626134297261885,-0.3075943609415486,-0.04125172361127838,-0.2699687716275321,3262,3776,,92,0.4,False,False,False
xgb_depth,depth 10,st,28,sex_female,hicov,0.03289857397458151,-0.00635606050491333,0.03941279649734497,0.015028238296508789,0.01802849769592285,3262,3776,,92,0.4,True,False,True
xgb_depth,depth 10,st,28,race_bw,pincp,-0.3900275817952199,-0.12571553826058768,-0.26511041015934644,-0.141942449695458,-0.24888349872447613,2102,4731,,91,0.33,False,False,False
xgb_depth,depth 10,st,28,race_bw,hicov,-0.022910712407444356,-0.03862220048904419,0.015506982803344727,-0.03852182626724243,0.015406608581542969,2102,4731,,91,0.39,False,False,False
xgb_depth,depth 10,st,28,immigrant,pincp,-0.13604796160766774,0.05588885635799201,-0.19233282111233763,-0.048529326335977174,-0.08791463841836844,189,6849,,92,0.37,True,False,True
xgb_depth,depth 10,st,28,immigrant,hicov,-0.20993679994994052,-0.08802574872970581,-0.12077325582504272,-0.047914206981658936,-0.1608847975730896,189,6849,,92,0.35,False,False,False
xgb_depth,depth 10,st,29,sex_female,pincp,-0.27515273629759385,-0.01739895080062226,-0.2574799944918542,-0.024569367126748176,-0.2503095781657283,7601,9533,,92,0.65,False,False,False
xgb_depth,depth 10,st,29,sex_female,hicov,0.01863879096443022,-0.009457886219024658,0.027805447578430176,0.005625247955322266,0.012722313404083252,7601,9533,,92,0.73,True,False,True
xgb_depth,depth 10,st,29,race_bw,pincp,-0.1991943295278631,-0.09074256578077211,-0.10824134588725265,-0.12701988761805616,-0.0719640240499686,1153,15279,,91,0.68,False,False,False
xgb_depth,depth 10,st,29,immigrant,hicov,-0.07705422012447072,-0.026916325092315674,-0.04977142810821533,-0.015392065048217773,-0.06129568815231323,742,16392,,92,0.73,False,False,False
xgb_depth,depth 10,st,30,sex_female,pincp,-0.28979446174989043,0.039605255862690925,-0.3287563981236641,-0.01969939914849128,-0.2694517431124819,1065,1480,,90,0.2,True,False,True
xgb_depth,depth 10,st,31,sex_female,pincp,-0.281439103191774,0.017208060180013973,-0.29881476526426276,-0.024107365045070495,-0.2574993400391783,2516,3334,,92,0.31,True,False,True
xgb_depth,depth 10,st,31,race_bw,pincp,-0.2017146058405448,-0.07501810905931272,-0.12672528620171164,-0.12606655737193684,-0.07567683788908752,119,5464,,91,0.32,False,False,False
xgb_depth,depth 10,st,31,race_bw,hicov,-0.06312363891383777,-0.0315396785736084,-0.02916085720062256,-0.03075474500656128,-0.029945790767669678,119,5464,,91,0.31,False,False,False
xgb_depth,depth 10,st,31,immigrant,pincp,-0.30890042652009875,-0.090970917686235,-0.21719124922316446,-0.1526430622315189,-0.15551910467788055,283,5567,,92,0.32,False,False,False
xgb_depth,depth 10,st,31,immigrant,hicov,-0.1141031101372868,-0.030192077159881592,-0.0851624608039856,-0.03483402729034424,-0.08052051067352295,283,5567,,92,0.38,False,False,False
xgb_depth,depth 10,st,32,sex_female,pincp,-0.22430918693346769,0.023142609131992842,-0.24681394791462097,-0.007089019066246038,-0.2165823197163821,3203,4225,,91,0.37,True,False,True
xgb_depth,depth 10,st,32,sex_female,hicov,0.04386575455333108,-0.003850281238555908,0.04768604040145874,0.011437475681304932,0.0323982834815979,3203,4225,,91,0.43,True,False,True
xgb_depth,depth 10,st,32,race_bw,pincp,-0.22144703617116335,-0.08006507350614989,-0.13975440186007937,-0.11142349338986257,-0.10839598197636668,508,5229,,90,0.29,False,False,False
xgb_depth,depth 10,st,32,race_bw,hicov,0.01350433605437873,-0.02710247039794922,0.04030191898345947,0.001944422721862793,0.011255025863647461,508,5229,,90,0.32,True,False,True
xgb_depth,depth 10,st,32,immigrant,pincp,-0.30383233352831596,-0.13899337576626358,-0.16545227124932893,-0.16270834436178205,-0.14173730265381046,1872,5556,,91,0.39,False,False,False
xgb_depth,depth 10,st,32,immigrant,hicov,-0.1171244761957504,-0.05334740877151489,-0.06335562467575073,-0.025361180305480957,-0.09134185314178467,1872,5556,,91,0.44,False,False,False
xgb_depth,depth 10,st,33,sex_female,pincp,-0.2749833742141927,-0.011714830969069112,-0.2637256523181506,-0.01763716596200382,-0.2578033173252159,1775,2482,,92,0.24,False,False,False
xgb_depth,depth 10,st,33,sex_female,hicov,0.02131947202959905,-0.007011532783508301,0.028191864490509033,0.00672537088394165,0.014454960823059082,1775,2482,,92,0.3,True,False,True
xgb_depth,depth 10,st,33,immigrant,pincp,-0.01960434517791043,0.022011747955568595,-0.04275750878067086,0.14475688141689957,-0.16550264224200184,213,4044,,92,0.24,False,False,False
xgb_depth,depth 10,st,34,sex_female,pincp,-0.27959417182269064,-0.021011970630107513,-0.2578998283533753,-0.0641508306124301,-0.21476096837105274,11310,14947,,92,1.02,False,False,False
xgb_depth,depth 10,st,34,sex_female,hicov,0.026453037100081955,-0.0017316341400146484,0.028021395206451416,0.004493236541748047,0.02179652452468872,11310,14947,,92,1.22,True,False,True
xgb_depth,depth 10,st,34,race_bw,pincp,-0.3485279411658162,-0.15201118658210255,-0.19583015789526748,-0.20457684761569794,-0.14326449686167209,2450,19368,,91,0.96,False,False,False
xgb_depth,depth 10,st,34,immigrant,pincp,-0.18133677494972034,-0.07070992141997401,-0.11018225854580166,-0.07709631915489012,-0.10379586081088554,6979,19278,,92,1.06,False,False,False
xgb_depth,depth 10,st,34,immigrant,hicov,-0.1122939833089891,-0.04741185903549194,-0.06466531753540039,-0.019768834114074707,-0.09230834245681763,6979,19278,,92,1.19,False,False,False
xgb_depth,depth 10,st,35,sex_female,pincp,-0.19025334313377584,0.01556189576523792,-0.2056550734984377,-0.053002462868247946,-0.13709071486495183,2064,2495,,90,0.26,True,False,True
xgb_depth,depth 10,st,35,sex_female,hicov,0.027719392272917864,-0.014737725257873535,0.04213535785675049,0.02019023895263672,0.007207393646240234,2064,2495,,90,0.34,True,False,True
xgb_depth,depth 10,st,35,race_bw,pincp,-0.15214511430401068,-0.11454080025163194,-0.036488048294010866,-0.0020304884099804354,-0.14899836013566237,67,3264,,88,0.26,False,False,False
xgb_depth,depth 10,st,35,immigrant,pincp,-0.22003643556194064,-0.10646214141808308,-0.11290635310276365,-0.06218999915266643,-0.1571784953681803,490,4069,,90,0.27,False,False,False
xgb_depth,depth 10,st,35,immigrant,hicov,-0.16557044051338898,-0.09128087759017944,-0.07299607992172241,-0.02778869867324829,-0.13648825883865356,490,4069,,90,0.34,False,False,False
xgb_depth,depth 10,st,36,sex_female,pincp,-0.2004874804493344,0.017011188670494448,-0.21712791550930532,-0.012531851784176595,-0.18758487505463428,24821,30289,,92,2.01,True,False,True
xgb_depth,depth 10,st,36,sex_female,hicov,0.03008149330087584,0.005331218242645264,0.024690747261047363,0.013232648372650146,0.01678931713104248,24821,30289,,92,2.14,False,False,False
xgb_depth,depth 10,st,36,race_bw,pincp,-0.27242488117953023,-0.13322424041950676,-0.1389972017062675,-0.184684988518109,-0.08753645360766527,6432,39884,,91,1.66,False,False,False
xgb_depth,depth 10,st,36,race_bw,hicov,-0.021661153788773424,-0.0196380615234375,-0.0021529197692871094,-0.028635799884796143,0.006844818592071533,6432,39884,,91,1.95,False,True,True
xgb_depth,depth 10,st,36,immigrant,pincp,-0.16921449805576216,-0.15623402618255255,-0.013109487614743287,-0.10681545672712289,-0.06252805707017295,13520,41590,,92,2.03,False,False,False
xgb_depth,depth 10,st,36,immigrant,hicov,-0.08273276675236285,-0.0288354754447937,-0.05410546064376831,-0.019443809986114502,-0.06349712610244751,13520,41590,,92,2.13,False,False,False
xgb_depth,depth 10,st,37,sex_female,pincp,-0.2513797037125798,-0.024744083465321864,-0.22625258409187765,-0.04427938454213631,-0.2067172830150632,11762,14924,,92,1.0,False,False,False
xgb_depth,depth 10,st,37,sex_female,hicov,0.026121671345438635,-0.0019483566284179688,0.028193354606628418,0.010820388793945312,0.015424609184265137,11762,14924,,92,1.19,True,False,True
xgb_depth,depth 10,st,37,race_bw,pincp,-0.3428412819155735,-0.12503129932849255,-0.21726450098726247,-0.1569245207394765,-0.18537127957627852,4251,20487,,91,0.91,False,False,False
xgb_depth,depth 10,st,37,race_bw,hicov,-0.020227158183069305,-0.026634931564331055,0.0060465335845947266,-0.019212841987609863,-0.0013755559921264648,4251,20487,,91,1.11,False,True,True
xgb_depth,depth 10,st,37,immigrant,pincp,-0.10334814145842763,-0.05557814362759039,-0.047206205713242966,-0.0215356279648784,-0.08124872137595496,2369,24317,,92,1.01,False,False,False
xgb_depth,depth 10,st,37,immigrant,hicov,-0.16151536030195512,-0.09703481197357178,-0.06418794393539429,-0.05171233415603638,-0.10951042175292969,2369,24317,,92,1.18,False,False,False
xgb_depth,depth 10,st,38,sex_female,pincp,-0.40017355186717296,-0.03955853037804857,-0.3592513449447985,-0.037905304088994285,-0.3609045712338528,943,1416,,88,0.2,False,False,False
xgb_depth,depth 10,st,38,sex_female,hicov,0.016556727836991025,-0.01038902997970581,0.027256429195404053,0.016428589820861816,0.0004388093948364258,943,1416,,88,0.2,True,False,True
xgb_depth,depth 10,st,38,immigrant,pincp,-0.05300269840215499,-0.30620963333552886,0.25281654519352337,-0.06269704936919496,0.009303961227189461,67,2292,,88,0.21,False,False,False
xgb_depth,depth 10,st,38,immigrant,hicov,-0.01301737386366586,0.01148676872253418,-0.021925151348114014,-0.004651069641113281,-0.005787312984466553,67,2292,,88,0.19,True,False,True
xgb_depth,depth 10,st,39,sex_female,pincp,-0.26401311233596125,-0.01692799841545245,-0.2473490644437195,-0.03688506431375238,-0.22739199854541958,14095,18698,,92,1.18,False,False,False
xgb_depth,depth 10,st,39,sex_female,hicov,0.017501789330388817,-0.005828380584716797,0.023130595684051514,-0.0005796551704406738,0.01788187026977539,14095,18698,,92,1.28,False,False,False
xgb_depth,depth 10,st,39,race_bw,pincp,-0.24536897415986836,-0.10764876968569403,-0.13718695795752645,-0.12876231135475003,-0.11607341628847045,2358,29190,,91,1.13,False,False,False
xgb_depth,depth 10,st,39,race_bw,hicov,-0.01722050930684027,-0.01916491985321045,0.002258121967315674,-0.02047973871231079,0.0035729408264160156,2358,29190,,91,1.33,False,False,False
xgb_depth,depth 10,st,39,immigrant,pincp,0.048812748806545514,0.07466316313314181,-0.02600788881920124,0.11010320394004935,-0.06144792962610879,1377,31416,,92,1.21,False,False,False
xgb_depth,depth 10,st,39,immigrant,hicov,-0.04787251600977094,-0.003038167953491211,-0.044642746448516846,-0.0032833218574523926,-0.044397592544555664,1377,31416,,92,1.32,False,False,False
xgb_depth,depth 10,st,4,sex_female,pincp,-0.23532286018952853,-0.026603463046098952,-0.20907220294782114,-0.05595219828638598,-0.1797234677075341,7274,9525,,92,0.72,False,False,False
xgb_depth,depth 10,st,4,sex_female,hicov,0.028002182295263744,-0.009337663650512695,0.03734433650970459,0.014644026756286621,0.013362646102905273,7274,9525,,92,0.8,True,False,True
xgb_depth,depth 10,st,4,race_bw,pincp,-0.23746491036643214,-0.09500644068540787,-0.14357159757046212,-0.08637982553361745,-0.15219821272225253,580,13266,,91,0.6,False,False,False
xgb_depth,depth 10,st,4,immigrant,pincp,-0.22653950430917114,-0.09573647167042765,-0.13050664972475623,-0.10307726012767482,-0.12316586126750906,2617,14182,,92,0.67,False,False,False
xgb_depth,depth 10,st,4,immigrant,hicov,-0.12441581133134316,-0.05691182613372803,-0.06691426038742065,-0.03874695301055908,-0.0850791335105896,2617,14182,,92,0.8,False,False,False
xgb_depth,depth 10,st,40,sex_female,pincp,-0.29664627375391106,-0.022706409025678553,-0.2736129876433253,-0.01850020581876599,-0.2778191908502379,4029,5523,,92,0.46,False,False,False
xgb_depth,depth 10,st,40,sex_female,hicov,0.0268521712963955,-0.008390367031097412,0.03540456295013428,0.02829921245574951,-0.0012850165367126465,4029,5523,,92,0.5,True,True,True
xgb_depth,depth 10,st,40,race_bw,pincp,-0.2351882977597448,-0.07876945172442618,-0.15662687978605128,-0.12004081207461148,-0.11535551943586597,446,7317,,91,0.36,False,False,False
xgb_depth,depth 10,st,40,immigrant,pincp,-0.21193833439191856,-0.039862759750269205,-0.17201450179555167,-0.06611316622570129,-0.14576409532011958,556,8996,,92,0.45,False,False,False
xgb_depth,depth 10,st,40,immigrant,hicov,-0.21967477152115567,-0.07832455635070801,-0.14195597171783447,-0.09380084276199341,-0.12647968530654907,556,8996,,92,0.47,False,False,False
xgb_depth,depth 10,st,41,sex_female,pincp,-0.2149141704901094,-0.007057012152671405,-0.20744235143891565,-0.01923639447166181,-0.19526296911992524,4421,6132,,91,0.43,False,False,False
xgb_depth,depth 10,st,41,sex_female,hicov,0.019092850303944253,-0.00022482872009277344,0.019398629665374756,0.008683443069458008,0.010490357875823975,4421,6132,,91,0.56,True,False,True
xgb_depth,depth 10,st,41,race_bw,pincp,-0.25634392603690337,-0.08444821643387002,-0.1724777487889071,-0.06320063408375809,-0.19372533113901902,131,9171,,90,0.42,False,False,False
xgb_depth,depth 10,st,41,race_bw,hicov,0.014280827134320662,-0.011831223964691162,0.0267561674118042,-0.008257806301116943,0.02318274974822998,131,9171,,90,0.38,False,False,False
xgb_depth,depth 10,st,41,immigrant,pincp,-0.14781387524339173,-0.0746470593836861,-0.0731164744509396,-0.03797686334923078,-0.10978667048539492,1186,9367,,91,0.52,False,False,False
xgb_depth,depth 10,st,41,immigrant,hicov,-0.06071924489673575,-0.035216569900512695,-0.025124788284301758,-0.022697508335113525,-0.03764384984970093,1186,9367,,91,0.58,False,False,False
xgb_depth,depth 10,st,42,sex_female,pincp,-0.2608191999909497,-0.0034058133737886465,-0.2576502489111281,-0.0332589544655324,-0.22779710781938434,15681,20483,,92,1.19,False,False,False
xgb_depth,depth 10,st,42,sex_female,hicov,0.02210470837581824,-0.006195127964019775,0.028377294540405273,0.0023977160453796387,0.01978445053100586,15681,20483,,92,1.49,True,False,True
xgb_depth,depth 10,st,42,race_bw,pincp,-0.18461695160788594,-0.106983501841043,-0.07772306812237062,-0.12713996534915495,-0.057566604614258665,1775,32726,,91,1.14,False,False,False
xgb_depth,depth 10,st,42,race_bw,hicov,-0.02623379954603866,-0.02789837121963501,0.0015137195587158203,-0.009555935859680176,-0.016828715801239014,1775,32726,,91,1.42,False,True,True
xgb_depth,depth 10,st,42,immigrant,pincp,0.01895036834457109,-0.007646201193422186,0.027167363878868755,0.0553681409256086,-0.03584697824016203,2085,34079,,92,1.27,True,True,True
xgb_depth,depth 10,st,42,immigrant,hicov,-0.05231362901110781,-0.01955491304397583,-0.032312214374542236,-0.008461713790893555,-0.04340541362762451,2085,34079,,92,1.46,False,False,False
xgb_depth,depth 10,st,44,sex_female,pincp,-0.2343378528442699,0.027220584608578235,-0.26122600611339664,0.03584850265732342,-0.2698539241621418,1329,1569,,88,0.23,False,False,False
xgb_depth,depth 10,st,44,sex_female,hicov,0.019553510668755658,-0.005689859390258789,0.0254858136177063,-0.0029816627502441406,0.02277761697769165,1329,1569,,88,0.22,False,False,False
xgb_depth,depth 10,st,44,race_bw,pincp,-0.2926052160795276,-0.0920270257534952,-0.2003301992094073,-0.13336627193615413,-0.15899095302674837,123,2515,,87,0.2,False,False,False
xgb_depth,depth 10,st,44,immigrant,pincp,-0.24674267801177407,-0.17188808049035664,-0.07386287986865092,-0.1342440986661213,-0.11150686169288626,463,2435,,88,0.23,False,False,False
xgb_depth,depth 10,st,44,immigrant,hicov,-0.05373667847845276,-0.04338496923446655,-0.009567081928253174,-0.009916305541992188,-0.04303574562072754,463,2435,,88,0.27,False,False,False
xgb_depth,depth 10,st,45,sex_female,pincp,-0.2785360372270027,-0.04832264105009543,-0.2301089779915646,-0.05934666804341937,-0.21908495099824066,5691,7032,,92,0.56,False,False,False
xgb_depth,depth 10,st,45,sex_female,hicov,0.032366685197812495,-0.005255997180938721,0.037700533866882324,0.009136497974395752,0.02330803871154785,5691,7032,,92,0.61,True,False,True
xgb_depth,depth 10,st,45,race_bw,pincp,-0.3830184381611712,-0.15079316125980213,-0.23275668394080107,-0.16479105270622618,-0.21875879249437702,2541,9653,,91,0.54,False,False,False
xgb_depth,depth 10,st,45,race_bw,hicov,-0.01027585594795033,-0.030837416648864746,0.02091318368911743,-0.024250030517578125,0.01432579755783081,2541,9653,,91,0.63,False,False,False
xgb_depth,depth 10,st,45,immigrant,pincp,-0.08057504916947344,-0.10979730222279827,0.028345138138277548,-0.02264918027264784,-0.05880298381187288,654,12069,,92,0.55,False,True,True
xgb_depth,depth 10,st,45,immigrant,hicov,-0.20226282970777365,-0.12512540817260742,-0.07703596353530884,-0.0574001669883728,-0.14476120471954346,654,12069,,92,0.61,False,False,False
xgb_depth,depth 10,st,46,sex_female,pincp,-0.2908753073247148,-0.009579679706787303,-0.2793789531177442,-0.013549230633756792,-0.2754094021907747,1104,1489,,87,0.23,False,False,False
xgb_depth,depth 10,st,46,sex_female,hicov,0.02619511684721776,-0.008056402206420898,0.034251630306243896,0.005804121494293213,0.020391106605529785,1104,1489,,87,0.21,True,False,True
xgb_depth,depth 10,st,46,immigrant,pincp,-0.23296569506982934,-0.019899755737860403,-0.21263153526476053,-0.17702613293741898,-0.055505158065201954,77,2516,,87,0.2,False,False,False
xgb_depth,depth 10,st,46,immigrant,hicov,-0.05143187496128676,-0.05652773380279541,0.0073274970054626465,-0.14399343729019165,0.09479320049285889,77,2516,,87,0.19,False,False,False
xgb_depth,depth 10,st,47,sex_female,pincp,-0.2515418813310255,-0.005325295588388457,-0.24581394120705902,-0.016502184461987923,-0.23463705233345955,7731,9938,,92,0.68,False,False,False
xgb_depth,depth 10,st,47,sex_female,hicov,0.03620466553737811,0.002205193042755127,0.034069597721099854,0.01760631799697876,0.01866847276687622,7731,9938,,92,0.81,False,False,False
xgb_depth,depth 10,st,47,race_bw,pincp,-0.24291613774690468,-0.11354599102135943,-0.12925624025666416,-0.1303585951690689,-0.11244363610895469,2084,14855,,91,0.76,False,False,False
xgb_depth,depth 10,st,47,race_bw,hicov,-0.019212108604546363,-0.0248260498046875,0.0049179792404174805,-0.0176580548286438,-0.0022500157356262207,2084,14855,,91,0.78,False,True,True
xgb_depth,depth 10,st,47,immigrant,pincp,-0.12017643285205182,-0.052236533058117374,-0.06741943326227506,-0.04471534604564553,-0.0749406202747469,982,16687,,92,0.71,False,False,False
xgb_depth,depth 10,st,47,immigrant,hicov,-0.22928094933956544,-0.11350572109222412,-0.11576998233795166,-0.038904428482055664,-0.19037127494812012,982,16687,,92,0.81,False,False,False
xgb_depth,depth 10,st,48,sex_female,pincp,-0.280056055773656,-0.02911955921104692,-0.2507255403362052,-0.0472328961987607,-0.23261220334849142,31110,42184,,92,2.45,False,False,False
xgb_depth,depth 10,st,48,sex_female,hicov,0.05040712336269337,-0.0006748437881469727,0.05089646577835083,0.027208983898162842,0.023012638092041016,31110,42184,,92,2.91,True,False,True
xgb_depth,depth 10,st,48,race_bw,pincp,-0.2224747386930428,-0.08119702595354816,-0.14126888157009354,-0.09826747639473865,-0.12419843112890305,6632,57703,,91,2.32,False,False,False
xgb_depth,depth 10,st,48,race_bw,hicov,0.020478520087899965,-0.0093916654586792,0.029726684093475342,0.001150965690612793,0.01918405294418335,6632,57703,,91,2.61,True,False,True
xgb_depth,depth 10,st,48,immigrant,pincp,-0.24244797762234072,-0.0895476953620662,-0.15286666313709318,-0.08768719189452057,-0.1547271666046388,14045,59249,,92,2.55,False,False,False
xgb_depth,depth 10,st,48,immigrant,hicov,-0.18640997892927536,-0.10491031408309937,-0.08149141073226929,-0.06521308422088623,-0.12118864059448242,14045,59249,,92,2.9,False,False,False
xgb_depth,depth 10,st,49,sex_female,pincp,-0.3688677720811935,-0.06821061401121753,-0.30013680350098326,-0.0836710230079305,-0.2846763945042703,2631,4858,,91,0.4,False,False,False
xgb_depth,depth 10,st,49,sex_female,hicov,0.016111383121001355,-0.01830148696899414,0.03490549325942993,-0.013628065586090088,0.03023207187652588,2631,4858,,91,0.42,False,False,False
xgb_depth,depth 10,st,49,race_bw,pincp,-0.3013406887576444,-0.3819322761262427,0.07960260052993284,-0.13853367458583854,-0.16379600101047131,54,6795,,90,0.35,False,True,True
xgb_depth,depth 10,st,49,immigrant,pincp,-0.33821703312701956,-0.2086850822107511,-0.1291413328189801,-0.1905321493728156,-0.1472942656569156,677,6812,,91,0.41,False,False,False
xgb_depth,depth 10,st,49,immigrant,hicov,-0.16394736545378696,-0.0439491868019104,-0.12039285898208618,-0.062157392501831055,-0.10218465328216553,677,6812,,91,0.44,False,False,False
xgb_depth,depth 10,st,5,sex_female,pincp,-0.2661997987464133,-0.022062929743997373,-0.24505428241222482,-0.02278463176347323,-0.24433258039274897,3295,4129,,92,0.36,False,False,False
xgb_depth,depth 10,st,5,sex_female,hicov,0.0323388622831734,-0.003702878952026367,0.0357549786567688,0.016369640827178955,0.015682458877563477,3295,4129,,92,0.42,True,False,True
xgb_depth,depth 10,st,5,race_bw,pincp,-0.2823326565036659,-0.11924933630369416,-0.1635687881641168,-0.1171182477158279,-0.16569987675198306,802,6230,,91,0.39,False,False,False
xgb_depth,depth 10,st,5,immigrant,pincp,-0.24308967053588226,-0.09027702050217812,-0.15303748548581808,-0.09379826374851419,-0.149516242239482,391,7033,,92,0.38,False,False,False
xgb_depth,depth 10,st,5,immigrant,hicov,-0.14289813131590456,-0.008873283863067627,-0.13399940729141235,-0.030315518379211426,-0.11255717277526855,391,7033,,92,0.47,False,False,False
xgb_depth,depth 10,st,50,sex_female,pincp,-0.14022086869054817,0.041455947813396676,-0.18165449687942825,0.06482444079805028,-0.20502298986408185,852,1028,,86,0.16,False,False,False
xgb_depth,depth 10,st,50,sex_female,hicov,0.029192013298989794,-0.004823088645935059,0.03373926877975464,0.01350259780883789,0.01541358232498169,852,1028,,86,0.16,True,False,True
xgb_depth,depth 10,st,50,immigrant,pincp,0.08646994507348538,0.0576699222887207,0.03133571062722318,-0.01228791529282347,0.10129354820876735,61,1819,,86,0.19,True,False,True
xgb_depth,depth 10,st,50,immigrant,hicov,-0.033039230706837674,0.01588541269302368,-0.046674907207489014,0.02619069814682007,-0.0569801926612854,61,1819,,86,0.2,False,False,False
xgb_depth,depth 10,st,51,sex_female,pincp,-0.27302751178342,-0.06844854232790176,-0.2050872374226227,-0.08233191797582862,-0.19120386177469584,11165,13892,,92,0.98,False,False,False
xgb_depth,depth 10,st,51,sex_female,hicov,0.018292008635743984,-0.007350623607635498,0.02575969696044922,0.005804300308227539,0.012604773044586182,11165,13892,,92,1.11,True,False,True
xgb_depth,depth 10,st,51,race_bw,pincp,-0.3105158451780081,-0.15987966605847959,-0.15012997121733562,-0.17542107495857984,-0.13458856231723537,3571,18633,,91,0.89,False,False,False
xgb_depth,depth 10,st,51,race_bw,hicov,-0.012815493743969841,-0.025806784629821777,0.013317704200744629,-0.017206132411956787,0.004717051982879639,3571,18633,,91,0.97,False,False,False
xgb_depth,depth 10,st,51,immigrant,pincp,-0.08827680242906055,-0.03855489943694934,-0.04991794303749586,-0.012299080706789312,-0.07617376176765589,3568,21489,,92,0.96,False,False,False
xgb_depth,depth 10,st,51,immigrant,hicov,-0.08259353987972162,-0.03692370653152466,-0.04564779996871948,-0.01326662302017212,-0.06930488348007202,3568,21489,,92,1.15,False,False,False
xgb_depth,depth 10,st,53,sex_female,pincp,-0.2748983811241228,-0.046509296358138386,-0.2288053740895144,-0.0652460530841612,-0.21006861736349158,8203,11854,,92,0.81,False,False,False
xgb_depth,depth 10,st,53,sex_female,hicov,0.02300643443582484,-0.0033446550369262695,0.026528656482696533,0.0049866437911987305,0.018197357654571533,8203,11854,,92,0.88,True,False,True
xgb_depth,depth 10,st,53,race_bw,pincp,-0.2401969338879315,-0.1066305795789777,-0.13428911910065366,-0.09145034987940193,-0.14946934880022944,498,16076,,91,0.7,False,False,False
xgb_depth,depth 10,st,53,immigrant,pincp,-0.06386455533668745,-0.03687120925004095,-0.027382185358357347,-0.03763406011130499,-0.026619334497093305,3142,16915,,92,0.85,False,False,False
xgb_depth,depth 10,st,53,immigrant,hicov,-0.08703524361614123,-0.0471113920211792,-0.0393679141998291,-0.007958173751831055,-0.07852113246917725,3142,16915,,92,0.93,False,False,False
xgb_depth,depth 10,st,54,sex_female,pincp,-0.2653994856022521,-0.001315869597542374,-0.26566509171239794,-0.07416621747236896,-0.19281474383757136,1870,2372,,91,0.24,False,False,False
xgb_depth,depth 10,st,54,sex_female,hicov,0.019418618282818212,-0.009475290775299072,0.02912318706512451,0.010646462440490723,0.009001433849334717,1870,2372,,91,0.27,True,False,True
xgb_depth,depth 10,st,54,race_bw,pincp,-0.10287333642424024,-0.1341546632792081,0.03063755488519604,-0.04556649627564191,-0.05795061211837016,95,4041,,90,0.24,False,True,True
xgb_depth,depth 10,st,54,immigrant,pincp,0.09627748981801787,0.024786788376918167,0.06742170104061351,0.0766508996792652,0.015557589738266486,92,4150,,91,0.25,False,False,False
xgb_depth,depth 10,st,54,immigrant,hicov,-0.03514929282346779,-0.027741730213165283,-0.008074700832366943,0.0061817169189453125,-0.04199814796447754,92,4150,,91,0.28,True,False,True
xgb_depth,depth 10,st,55,sex_female,pincp,-0.24014252727026175,0.007976509797078535,-0.24841017350708938,0.0058133555427222205,-0.24624701925273307,7379,10129,,92,0.74,False,False,False
xgb_depth,depth 10,st,55,sex_female,hicov,0.020999134207080772,-0.004464447498321533,0.025457918643951416,0.006380975246429443,0.01461249589920044,7379,10129,,92,0.88,True,False,True
xgb_depth,depth 10,st,55,race_bw,pincp,-0.23597190532807133,-0.09614074250616156,-0.14044050904601413,-0.10265853840868999,-0.1339227131434857,357,16436,,91,0.68,False,False,False
xgb_depth,depth 10,st,55,race_bw,hicov,-0.03011085183647566,-0.024837851524353027,-0.0057103633880615234,-0.022777080535888672,-0.007771134376525879,357,16436,,91,0.71,False,False,False
xgb_depth,depth 10,st,55,immigrant,pincp,-0.08377285580072602,-0.024190886835532055,-0.059780835397704735,-0.023808097536015538,-0.06016362469722125,662,16846,,92,0.7,False,False,False
xgb_depth,depth 10,st,55,immigrant,hicov,-0.1264630042973257,-0.0408480167388916,-0.08550477027893066,-0.022444605827331543,-0.10390818119049072,662,16846,,92,0.79,False,False,False
xgb_depth,depth 10,st,56,sex_female,pincp,-0.36346992208175166,-0.021114498298791418,-0.3413042343810009,-0.07092687780724383,-0.2914918548725485,647,956,,85,0.18,False,False,False
xgb_depth,depth 10,st,56,sex_female,hicov,0.03127243214579034,-0.010125875473022461,0.041745901107788086,-0.004686236381530762,0.03630626201629639,647,956,,85,0.2,False,False,False
xgb_depth,depth 10,st,56,immigrant,pincp,-0.18877279319069018,-0.10782407863660026,-0.08233581560174308,-0.15166769147955428,-0.03849220275878906,51,1552,,85,0.22,False,False,False
xgb_depth,depth 10,st,56,immigrant,hicov,-0.07889882757226607,-0.04148697853088379,-0.04036802053451538,-0.03768789768218994,-0.04416710138320923,51,1552,,85,0.18,False,False,False
xgb_depth,depth 10,st,6,sex_female,pincp,-0.18146729971729947,0.008663844913771257,-0.1902077020956483,-0.005834593363864826,-0.17570926381801222,41076,58207,,92,3.1,True,False,True
xgb_depth,depth 10,st,6,sex_female,hicov,0.03384123084023194,0.001305222511291504,0.032557904720306396,0.010077178478240967,0.023785948753356934,41076,58207,,92,3.4,False,False,False
xgb_depth,depth 10,st,6,race_bw,pincp,-0.18246297664314604,-0.09022171115401356,-0.09206932942592516,-0.08549642733700757,-0.09679461324293115,4119,61748,,91,2.22,False,False,False
xgb_depth,depth 10,st,6,race_bw,hicov,0.015345646834364346,0.008889913558959961,0.006347060203552246,0.0107802152633667,0.004456758499145508,4119,61748,,91,2.51,False,False,False
xgb_depth,depth 10,st,6,immigrant,pincp,-0.26875090094567966,-0.13580972789822532,-0.13282226568675526,-0.11741173441575903,-0.15122025916922155,35042,64241,,92,2.97,False,False,False
xgb_depth,depth 10,st,6,immigrant,hicov,-0.080050513778545,-0.04039609432220459,-0.03968203067779541,-0.01976335048675537,-0.06031477451324463,35042,64241,,92,3.26,False,False,False
xgb_depth,depth 10,st,8,sex_female,pincp,-0.21981364393633918,-0.015964466725765902,-0.20382413102865904,-0.02801351575782718,-0.19177508199659776,6943,9596,,92,0.66,False,False,False
xgb_depth,depth 10,st,8,sex_female,hicov,0.03742758652198985,-0.0020608901977539062,0.03948789834976196,0.013995051383972168,0.02343195676803589,6943,9596,,92,0.74,True,False,True
xgb_depth,depth 10,st,8,race_bw,pincp,-0.22475618247098517,-0.12944279244116963,-0.09591756727535916,-0.08047870794729839,-0.1448816517692304,402,14662,,91,0.69,False,False,False
xgb_depth,depth 10,st,8,immigrant,pincp,-0.23250097022780913,-0.1814519501541625,-0.05146238187401764,-0.13835983516125694,-0.09455449686692319,1649,14890,,92,0.68,False,False,False
xgb_depth,depth 10,st,8,immigrant,hicov,-0.15452220671420613,-0.09215396642684937,-0.0615391731262207,-0.02738213539123535,-0.12631100416183472,1649,14890,,92,0.67,False,False,False
xgb_depth,depth 10,st,9,sex_female,pincp,-0.32591543934684,-0.03476288941651795,-0.29131332493907003,-0.06617597419593046,-0.2599002401596575,4662,6012,,92,0.54,False,False,False
xgb_depth,depth 10,st,9,sex_female,hicov,0.01643880835497602,-0.0055468082427978516,0.021823525428771973,0.0030409693717956543,0.013235747814178467,4662,6012,,92,0.63,True,False,True
xgb_depth,depth 10,st,9,race_bw,pincp,-0.4323223792453419,-0.13476210641124098,-0.29838557225102313,-0.2504216274123259,-0.18272605124993824,757,8886,,91,0.51,False,False,False
xgb_depth,depth 10,st,9,race_bw,hicov,-0.02647716518436527,-0.03221625089645386,0.005726277828216553,-0.022936224937438965,-0.00355374813079834,757,8886,,91,0.54,False,True,True
xgb_depth,depth 10,st,9,immigrant,pincp,-0.12330295028208837,-0.08864629011559089,-0.03600245858005735,-0.0921978052372765,-0.03245094345837174,1722,8952,,92,0.55,False,False,False
xgb_depth,depth 10,st,9,immigrant,hicov,-0.07303061157765922,-0.03065049648284912,-0.0420570969581604,-0.01109158992767334,-0.06161600351333618,1722,8952,,92,0.64,False,False,False
