sweep,setting,subset_name,subset_value,pop_name,y_name,delta_y,explained_1,unexplained_1,explained_0,unexplained_0,n_1,n_0,error,n_features,seconds,explained_flip,unexplained_flip,any_flip
xgb_trees,trees 10,naics_2,11,sex_female,pincp,-0.17442832844735356,0.014802415823462312,-0.189006797260042,0.00864771382791929,-0.18285209526449897,1770,10168,,63,0.06,False,False,False
xgb_trees,trees 10,naics_2,11,sex_female,hicov,0.06072557308405235,-0.006759762763977051,0.06778627634048462,-0.002422630786895752,0.06344914436340332,1770,10168,,63,0.05,False,False,False
xgb_trees,trees 10,naics_2,11,race_bw,pincp,-0.3082373735363646,-0.026264815982269596,-0.2851565545484469,-0.017156249610208008,-0.2942651209205085,198,10459,,62,0.05,False,False,False
xgb_trees,trees 10,naics_2,11,race_bw,hicov,-0.08277004677234145,0.0003865957260131836,-0.0832902193069458,-0.006547987461090088,-0.07635563611984253,198,10459,,62,0.06,True,False,True
xgb_trees,trees 10,naics_2,11,immigrant,pincp,-0.5044989627739547,-0.05823593380127434,-0.44604524486128305,-0.033416220105404904,-0.4708649585571525,2454,9484,,63,0.05,False,False,False
xgb_trees,trees 10,naics_2,11,immigrant,hicov,-0.29192622963498427,-0.022914767265319824,-0.2694239020347595,-0.015145361423492432,-0.2771933078765869,2454,9484,,63,0.06,False,False,False
xgb_trees,trees 10,naics_2,21,sex_female,pincp,-0.1566003960737774,0.04771793366741939,-0.20363094239760393,0.053534402938144154,-0.2094474116683287,858,4828,,60,0.03,False,False,False
xgb_trees,trees 10,naics_2,21,sex_female,hicov,0.029791252657864087,-0.0005575418472290039,0.0307273268699646,-0.0019606947898864746,0.03213047981262207,858,4828,,60,0.03,False,False,False
xgb_trees,trees 10,naics_2,21,race_bw,pincp,-0.3229724667527538,-0.01838066766912938,-0.306997620576297,-0.03105144057062681,-0.29432684767479955,204,5009,,59,0.02,False,False,False
xgb_trees,trees 10,naics_2,21,race_bw,hicov,-0.03411114895149525,-0.010585188865661621,-0.024104654788970947,-0.009312629699707031,-0.025377213954925537,204,5009,,59,0.02,False,False,False
xgb_trees,trees 10,naics_2,21,immigrant,pincp,0.04340662820095709,0.06475953609970553,-0.022022317895244115,0.062223817456589,-0.01948659925212759,538,5148,,60,0.03,False,False,False
xgb_trees,trees 10,naics_2,21,immigrant,hicov,-0.029199631430114614,-0.0009017586708068848,-0.027391910552978516,-0.0012003183364868164,-0.027093350887298584,538,5148,,60,0.03,False,False,False
xgb_trees,trees 10,naics_2,22,sex_female,pincp,-0.16498741705883546,0.03319761052217274,-0.19827105052141647,0.01952917456640968,-0.1846026145656534,2383,8526,,63,0.04,False,False,False
xgb_trees,trees 10,naics_2,22,race_bw,pincp,-0.20612530453511546,-0.01380465007275511,-0.19202119018017427,-0.015177722108793645,-0.19064811814413574,778,9258,,62,0.03,False,False,False
xgb_trees,trees 10,naics_2,22,race_bw,hicov,-0.010228352495528115,-0.0017150044441223145,-0.007188141345977783,-0.0035865306854248047,-0.005316615104675293,778,9258,,62,0.03,False,False,False
xgb_trees,trees 10,naics_2,22,immigrant,pincp,0.05236980693181259,0.046051290339070405,0.00676418307459592,0.03485472849077276,0.017960744922893568,791,10118,,63,0.03,False,False,False
xgb_trees,trees 10,naics_2,22,immigrant,hicov,-0.04415682556453315,-0.0034191012382507324,-0.039955079555511475,-0.00045114755630493164,-0.042923033237457275,791,10118,,63,0.05,False,False,False
xgb_trees,trees 10,naics_2,23,sex_female,pincp,-0.0626446456082057,0.03698989159792632,-0.0996148167573434,0.04133126121649511,-0.1039561863759122,5486,50901,,58,0.13,False,False,False
xgb_trees,trees 10,naics_2,23,sex_female,hicov,0.10012223552223276,0.006437063217163086,0.09418213367462158,0.007414340972900391,0.09320485591888428,5486,50901,,58,0.15,False,False,False
xgb_trees,trees 10,naics_2,23,race_bw,pincp,-0.2200815585744582,-0.006522658791755731,-0.21399167358680948,-0.01462428743724864,-0.20589004494131657,2207,47852,,57,0.12,False,False,False
xgb_trees,trees 10,naics_2,23,immigrant,pincp,-0.32078281195261127,-0.04393742389768285,-0.27634784245245747,-0.0349148291542587,-0.2853704371958816,11081,45306,,58,0.24,False,False,False
xgb_trees,trees 10,naics_2,23,immigrant,hicov,-0.3059844323527965,-0.03318148851394653,-0.27276647090911865,-0.01365816593170166,-0.2922897934913635,11081,45306,,58,0.27,False,False,False
xgb_trees,trees 10,naics_2,31,sex_female,pincp,-0.2629578528630354,-0.004236217345944482,-0.25863630853639563,-0.009282662513001583,-0.25358986336933853,6080,10147,,65,0.04,False,False,False
xgb_trees,trees 10,naics_2,31,race_bw,pincp,-0.303773085054587,-0.03382808340615284,-0.2694150185260824,-0.04364582787281357,-0.2595972740594217,1704,11987,,64,0.04,False,False,False
xgb_trees,trees 10,naics_2,31,race_bw,hicov,-0.015489638422845342,-0.006756186485290527,-0.007617473602294922,-0.006867349147796631,-0.007506310939788818,1704,11987,,64,0.06,False,False,False
xgb_trees,trees 10,naics_2,31,immigrant,pincp,-0.34096890087177734,-0.04733597059759376,-0.29434058122568274,-0.03229388107248532,-0.3093826707507912,3768,12459,,65,0.06,False,False,False
xgb_trees,trees 10,naics_2,31,immigrant,hicov,-0.12329223291887836,-0.016425132751464844,-0.1067284345626831,-0.008193910121917725,-0.11495965719223022,3768,12459,,65,0.06,False,False,False
xgb_trees,trees 10,naics_2,32,sex_female,pincp,-0.14835792196557485,0.03268276753008692,-0.18089913968236715,0.01958928058123277,-0.167805652733513,8451,21977,,67,0.09,False,False,False
xgb_trees,trees 10,naics_2,32,sex_female,hicov,0.013688911235591239,-0.0029640793800354004,0.01683741807937622,-0.005016922950744629,0.01889026165008545,8451,21977,,67,0.19,False,False,False
xgb_trees,trees 10,naics_2,32,race_bw,pincp,-0.2647300616488355,-0.03575152177088903,-0.2288297178021228,-0.0411234192067802,-0.22345782036623163,2081,25276,,66,0.09,False,False,False
xgb_trees,trees 10,naics_2,32,race_bw,hicov,-0.011317819176341226,-0.005580127239227295,-0.005358695983886719,-0.004806160926818848,-0.006132662296295166,2081,25276,,66,0.09,False,False,False
xgb_trees,trees 10,naics_2,32,immigrant,pincp,-0.08673017505501157,0.026496302761096047,-0.11312455386826414,0.028379230851397708,-0.1150074819585658,4028,26400,,67,0.08,False,False,False
xgb_trees,trees 10,naics_2,32,immigrant,hicov,-0.07233731305106683,-0.006226241588592529,-0.06600081920623779,-0.001671910285949707,-0.07055515050888062,4028,26400,,67,0.08,False,False,False
xgb_trees,trees 10,naics_2,33,sex_female,pincp,-0.2637016416912381,-0.005338197776026732,-0.25879774238015507,-0.01281212333027959,-0.2513238168259022,16238,50594,,69,0.23,False,False,False
xgb_trees,trees 10,naics_2,33,race_bw,pincp,-0.32554110402042724,-0.04210066654183109,-0.28302885687607393,-0.054488049813196326,-0.2706414736047087,3920,54728,,68,0.18,False,False,False
xgb_trees,trees 10,naics_2,33,race_bw,hicov,-0.017633588298643477,-0.0059081315994262695,-0.011310577392578125,-0.006743907928466797,-0.010474801063537598,3920,54728,,68,0.17,False,False,False
xgb_trees,trees 10,naics_2,33,immigrant,pincp,-0.031002990109508133,0.03754511424369156,-0.06851670038507507,0.04024045936365361,-0.07121204550503712,10156,56676,,69,0.21,False,False,False
xgb_trees,trees 10,naics_2,33,immigrant,hicov,-0.04499232538424991,-0.0018118619918823242,-0.04345756769180298,-0.0008206963539123535,-0.04444873332977295,10156,56676,,69,0.22,False,False,False
xgb_trees,trees 10,naics_2,3M,sex_female,pincp,-0.3035433700709156,-0.005742834330201063,-0.29811778472315886,-0.009629829191778683,-0.29423078986158124,879,1984,,57,0.03,False,False,False
xgb_trees,trees 10,naics_2,3M,race_bw,pincp,-0.2366623367706051,-0.022734507257924363,-0.21389323732127252,-0.0349629734903214,-0.20166477108887548,323,2116,,56,0.02,False,False,False
xgb_trees,trees 10,naics_2,3M,race_bw,hicov,-0.028134455453656892,-0.006665945053100586,-0.0197983980178833,-0.0021254420280456543,-0.024338901042938232,323,2116,,56,0.04,False,False,False
xgb_trees,trees 10,naics_2,3M,immigrant,pincp,-0.26129086957903347,-0.017950360598636195,-0.24414183181009186,-0.007299544606198083,-0.25479264780252997,595,2268,,57,0.03,False,False,False
xgb_trees,trees 10,naics_2,3M,immigrant,hicov,-0.10675381263616557,-0.017287492752075195,-0.08793169260025024,-0.005144953727722168,-0.10007423162460327,595,2268,,57,0.03,False,False,False
xgb_trees,trees 10,naics_2,42,sex_female,pincp,-0.2022436858462644,0.011996720287111629,-0.21385029145821477,0.00011171524596242932,-0.20196528641706557,7903,20186,,63,0.25,False,False,False
xgb_trees,trees 10,naics_2,42,race_bw,pincp,-0.37749029566436754,-0.03610440269529569,-0.3415627770661107,-0.04425174097677065,-0.33341543878463575,1496,23358,,62,0.08,False,False,False
xgb_trees,trees 10,naics_2,42,race_bw,hicov,-0.03178101331838812,-0.009541749954223633,-0.0224606990814209,-0.009982466697692871,-0.02201998233795166,1496,23358,,62,0.08,False,False,False
xgb_trees,trees 10,naics_2,42,immigrant,pincp,-0.2093096720413552,-0.007110342453909624,-0.20231234107858675,0.00254362085454396,-0.21196630438704034,4233,23856,,63,0.1,True,False,True
xgb_trees,trees 10,naics_2,42,immigrant,hicov,-0.08411581584950278,-0.008801639080047607,-0.07543420791625977,-0.003648042678833008,-0.08058780431747437,4233,23856,,63,0.08,False,False,False
xgb_trees,trees 10,naics_2,44,sex_female,pincp,-0.25509860736859835,4.633687465549485e-05,-0.2548533167654501,-0.009130002511833268,-0.24567697737896133,20205,31547,,63,0.22,True,False,True
xgb_trees,trees 10,naics_2,44,sex_female,hicov,0.014269738289013567,-0.004307746887207031,0.0185815691947937,-0.006951332092285156,0.021225154399871826,20205,31547,,63,0.14,False,False,False
xgb_trees,trees 10,naics_2,44,race_bw,pincp,-0.21868542569681537,-0.015974851244346056,-0.20277995694194395,-0.024916205107681222,-0.19383860307860878,3611,41916,,62,0.16,False,False,False
xgb_trees,trees 10,naics_2,44,race_bw,hicov,-0.02434017062887106,-0.006476879119873047,-0.017852485179901123,-0.0095062255859375,-0.01482313871383667,3611,41916,,62,0.12,False,False,False
xgb_trees,trees 10,naics_2,44,immigrant,pincp,-0.09665531045817133,-0.0042486646691983765,-0.09224149271333815,0.016739049394612238,-0.11322920677714876,7415,44337,,63,0.15,True,False,True
xgb_trees,trees 10,naics_2,44,immigrant,hicov,-0.09476766488920885,-0.004179179668426514,-0.09071755409240723,-0.0011261701583862305,-0.09377056360244751,7415,44337,,63,0.13,False,False,False
xgb_trees,trees 10,naics_2,45,sex_female,pincp,-0.25316293341938767,-0.015526857469298605,-0.23762053951947237,-0.024600133614052666,-0.2285472633747183,10711,10829,,62,0.07,False,False,False
xgb_trees,trees 10,naics_2,45,sex_female,hicov,0.012157341696831914,-0.0024015307426452637,0.014688670635223389,-0.003196895122528076,0.015484035015106201,10711,10829,,62,0.08,False,False,False
xgb_trees,trees 10,naics_2,45,race_bw,pincp,-0.2128505955917941,-0.029936992487522573,-0.18221475668085496,-0.03611063370108525,-0.1760411154672923,2034,17052,,61,0.07,False,False,False
xgb_trees,trees 10,naics_2,45,race_bw,hicov,-0.023157172542498827,-0.0036967992782592773,-0.018914759159088135,-0.005273282527923584,-0.017338275909423828,2034,17052,,61,0.05,False,False,False
xgb_trees,trees 10,naics_2,45,immigrant,hicov,-0.04191854009015972,0.003172755241394043,-0.0446205735206604,0.001069188117980957,-0.042517006397247314,2784,18756,,62,0.08,False,False,False
xgb_trees,trees 10,naics_2,48,sex_female,pincp,-0.21276262819450054,0.020272078580092057,-0.2339348909048553,0.016659105592104595,-0.23032191791686785,5254,23016,,60,0.08,False,False,False
xgb_trees,trees 10,naics_2,48,sex_female,hicov,0.030014488853288057,-0.002019822597503662,0.032457590103149414,-0.002060413360595703,0.032498180866241455,5254,23016,,60,0.07,False,False,False
xgb_trees,trees 10,naics_2,48,race_bw,pincp,-0.19750902181684893,-0.01878242766138527,-0.17815900071548896,-0.02636699170828649,-0.17057443666858774,3689,21206,,59,0.06,False,False,False
xgb_trees,trees 10,naics_2,48,immigrant,pincp,-0.19393861612739371,-0.007024586669661659,-0.18676200937734855,0.0010241626874183396,-0.19481075873442855,4910,23360,,60,0.09,True,False,True
xgb_trees,trees 10,naics_2,48,immigrant,hicov,-0.0972118858633485,-0.007905364036560059,-0.08925747871398926,-0.006092667579650879,-0.09107017517089844,4910,23360,,60,0.07,False,False,False
xgb_trees,trees 10,naics_2,49,sex_female,pincp,-0.12368417112049634,0.00016259909922311522,-0.12385860681105676,-0.011168420879066332,-0.11252758683276731,3808,8351,,58,0.03,True,False,True
xgb_trees,trees 10,naics_2,49,sex_female,hicov,0.014366675001937002,-0.002767503261566162,0.017628014087677002,-0.00420987606048584,0.01907038688659668,3808,8351,,58,0.03,False,False,False
xgb_trees,trees 10,naics_2,49,race_bw,pincp,-0.16454436798651528,-0.016258194297989803,-0.14765604636831497,-0.017988258654568767,-0.145925982011736,1973,8563,,57,0.04,False,False,False
xgb_trees,trees 10,naics_2,49,race_bw,hicov,-0.016498035874827455,-0.007238864898681641,-0.009378552436828613,-0.006613731384277344,-0.01000368595123291,1973,8563,,57,0.04,False,False,False
xgb_trees,trees 10,naics_2,49,immigrant,pincp,-0.17166827475629098,0.004169532973676837,-0.17554635280072262,0.006992886146063526,-0.1783697059731093,1836,10323,,58,0.03,False,False,False
xgb_trees,trees 10,naics_2,49,immigrant,hicov,-0.0865438493521985,-0.007700920104980469,-0.07891565561294556,-0.0026643872261047363,-0.08395218849182129,1836,10323,,58,0.04,False,False,False
xgb_trees,trees 10,naics_2,4M,sex_female,pincp,-0.2786318676631705,-0.014968883780339226,-0.26379946498936313,-0.017192103322264174,-0.2615762454474382,998,1164,,58,0.02,False,False,False
xgb_trees,trees 10,naics_2,4M,sex_female,hicov,0.010045864925727788,-0.004747629165649414,0.014959096908569336,-0.006776332855224609,0.01698780059814453,998,1164,,58,0.02,False,False,False
xgb_trees,trees 10,naics_2,4M,race_bw,pincp,-0.15479391581975044,-0.02186280337914326,-0.13526690115488726,-0.03120565975893541,-0.1259240447750951,247,1637,,57,0.02,False,False,False
xgb_trees,trees 10,naics_2,4M,race_bw,hicov,-0.030964116743623538,-0.00550156831741333,-0.024709701538085938,-0.0053563714027404785,-0.02485489845275879,247,1637,,57,0.02,False,False,False
xgb_trees,trees 10,naics_2,4M,immigrant,pincp,-0.0850289573043419,-0.014632969150351727,-0.07455599262736357,-0.00209426618720876,-0.08709469559050653,319,1843,,58,0.02,False,False,False
xgb_trees,trees 10,naics_2,4M,immigrant,hicov,-0.13497313396278732,-0.008642971515655518,-0.12677419185638428,0.00021386146545410156,-0.1356310248374939,319,1843,,58,0.01,True,False,True
xgb_trees,trees 10,naics_2,51,sex_female,pincp,-0.2458908158496964,-0.010198000640540883,-0.23527649912600523,-0.009531983429875268,-0.23594251633667085,7812,12919,,61,0.06,False,False,False
xgb_trees,trees 10,naics_2,51,race_bw,pincp,-0.27989747972265633,-0.03637878489200119,-0.2430955559605863,-0.04155385611274909,-0.2379204847398384,1646,16501,,60,0.05,False,False,False
xgb_trees,trees 10,naics_2,51,race_bw,hicov,-0.016109226562578738,-0.0027724504470825195,-0.012859463691711426,-0.004775285720825195,-0.01085662841796875,1646,16501,,60,0.05,False,False,False
xgb_trees,trees 10,naics_2,51,immigrant,pincp,0.20968129890285958,0.05176638680996426,0.15813672753990105,0.04994884033635749,0.1599542740135078,2744,17987,,61,0.06,False,False,False
xgb_trees,trees 10,naics_2,51,immigrant,hicov,-0.012184536904771393,0.004285633563995361,-0.01586925983428955,0.0020577311515808105,-0.013641357421875,2744,17987,,61,0.05,False,False,False
xgb_trees,trees 10,naics_2,52,sex_female,pincp,-0.5682567617236298,-0.07324445042176819,-0.495157478292505,-0.09092043871168443,-0.47748149000258877,29688,23262,,59,0.12,False,False,False
xgb_trees,trees 10,naics_2,52,race_bw,pincp,-0.36008972810087947,-0.03251636113893852,-0.3279928641151013,-0.054145128871720516,-0.3063640963823193,4183,42821,,58,0.11,False,False,False
xgb_trees,trees 10,naics_2,52,race_bw,hicov,-0.014619821613350514,-0.0032510757446289062,-0.011244595050811768,-0.0030205845832824707,-0.011475086212158203,4183,42821,,58,0.12,False,False,False
xgb_trees,trees 10,naics_2,52,immigrant,pincp,0.12872852116941047,0.04452973738089483,0.08445147791082874,0.04512467357907646,0.08385654171264711,6431,46519,,59,0.14,False,False,False
xgb_trees,trees 10,naics_2,52,immigrant,hicov,-0.013713639558709967,0.001976490020751953,-0.015555322170257568,0.0009000301361083984,-0.014478862285614014,6431,46519,,59,0.14,False,False,False
xgb_trees,trees 10,naics_2,53,sex_female,pincp,-0.20368571994394458,-0.006197080228783847,-0.19739919763340374,-0.0143076800914681,-0.1892885977707195,7356,9663,,59,0.05,False,False,False
xgb_trees,trees 10,naics_2,53,sex_female,hicov,0.016528081163935893,-0.003115713596343994,0.019489824771881104,-0.003421187400817871,0.01979529857635498,7356,9663,,59,0.06,False,False,False
xgb_trees,trees 10,naics_2,53,race_bw,pincp,-0.36522123116522387,-0.025939633565128517,-0.33861516110821377,-0.041914731772280334,-0.32264006290106195,1331,13771,,58,0.06,False,False,False
xgb_trees,trees 10,naics_2,53,race_bw,hicov,-0.022543426742933304,-0.006130874156951904,-0.01666921377182007,-0.01042628288269043,-0.012373805046081543,1331,13771,,58,0.05,False,False,False
xgb_trees,trees 10,naics_2,53,immigrant,pincp,-0.16413766013544517,-0.01579186249500708,-0.14755530759766167,-0.0009459953994941372,-0.1624011746931746,2515,14504,,59,0.05,False,False,False
xgb_trees,trees 10,naics_2,53,immigrant,hicov,-0.06069583601534756,-0.003992855548858643,-0.05704760551452637,-0.0012470483779907227,-0.05979341268539429,2515,14504,,59,0.05,False,False,False
xgb_trees,trees 10,naics_2,54,sex_female,pincp,-0.3899332779490621,-0.03685127266994748,-0.3526607259855119,-0.03986125404711238,-0.349650744608347,29018,43958,,60,0.2,False,False,False
xgb_trees,trees 10,naics_2,54,race_bw,pincp,-0.2660095394753377,-0.03004125852959305,-0.23639502610651242,-0.044939896994915074,-0.2214963876411904,3444,58849,,59,0.15,False,False,False
xgb_trees,trees 10,naics_2,54,race_bw,hicov,-0.01714595588240375,-0.0039795637130737305,-0.012878954410552979,-0.004536867141723633,-0.012321650981903076,3444,58849,,59,0.15,False,False,False
xgb_trees,trees 10,naics_2,54,immigrant,pincp,0.0722182219525429,0.037159782105197436,0.03476552955435963,0.043721646094777356,0.028203665564779712,12006,60970,,60,0.18,False,False,False
xgb_trees,trees 10,naics_2,54,immigrant,hicov,-0.01085133722024234,0.004899799823760986,-0.015587091445922852,0.0019614696502685547,-0.01264876127243042,12006,60970,,60,0.19,False,False,False
xgb_trees,trees 10,naics_2,55,sex_female,pincp,-0.41916513373735675,-0.05491038214235644,-0.36186891767070684,-0.0733048507882259,-0.34347444902483737,689,659,,57,0.02,False,False,False
xgb_trees,trees 10,naics_2,55,race_bw,pincp,-0.39175907995863213,-0.016555346825114725,-0.3834011816809362,-0.03646809585715616,-0.36348843264889474,77,1128,,55,0.02,False,False,False
xgb_trees,trees 10,naics_2,55,race_bw,hicov,-0.0421962788984066,0.0016304254531860352,-0.043042123317718506,-0.001723170280456543,-0.03968852758407593,77,1128,,55,0.02,True,False,True
xgb_trees,trees 10,naics_2,55,immigrant,pincp,0.08036547274432237,0.015989109950407254,0.06541659026613544,0.023700823901334545,0.05770487631520815,155,1193,,57,0.01,False,False,False
xgb_trees,trees 10,naics_2,55,immigrant,hicov,-0.013233107103263642,0.0007027387619018555,-0.013880610466003418,0.0004798769950866699,-0.013657748699188232,155,1193,,57,0.02,False,False,False
xgb_trees,trees 10,naics_2,56,sex_female,pincp,-0.1285776356521673,0.015901509928683666,-0.14491624765607014,0.012053902027863828,-0.1410686397552503,10600,18487,,60,0.08,False,False,False
xgb_trees,trees 10,naics_2,56,sex_female,hicov,0.04997762323550159,-0.0018945932388305664,0.05242478847503662,0.0008925795555114746,0.04963761568069458,10600,18487,,60,0.08,True,False,True
xgb_trees,trees 10,naics_2,56,race_bw,pincp,-0.2488064758317332,-0.023477517282215032,-0.22524032816857265,-0.02454190166440462,-0.22417594378638306,3326,21705,,59,0.09,False,False,False
xgb_trees,trees 10,naics_2,56,immigrant,pincp,-0.2986422731817857,-0.03919072260054435,-0.25946299371579684,-0.017262723177683625,-0.28139099313865756,6273,22814,,60,0.09,False,False,False
xgb_trees,trees 10,naics_2,56,immigrant,hicov,-0.20222463599230545,-0.026182889938354492,-0.17624735832214355,-0.008025944232940674,-0.19440430402755737,6273,22814,,60,0.11,False,False,False
xgb_trees,trees 10,naics_2,61,sex_female,pincp,-0.19832442884073664,0.004358690907309892,-0.20278963503174374,-0.0005551742868785681,-0.19787576983755528,51590,26189,,58,0.18,True,False,True
xgb_trees,trees 10,naics_2,61,race_bw,pincp,-0.1508946986242261,-0.037188018445723614,-0.1135818408830982,-0.03285032168382074,-0.11791953764500107,6910,63986,,57,0.17,False,False,False
xgb_trees,trees 10,naics_2,61,race_bw,hicov,-0.020329754659157317,-0.004125654697418213,-0.016181588172912598,-0.0028384923934936523,-0.017468750476837158,6910,63986,,57,0.17,False,False,False
xgb_trees,trees 10,naics_2,61,immigrant,pincp,0.0230344050453688,0.0002528373759833613,0.02333823709138194,0.009302862836010561,0.014288211631354741,7723,70056,,58,0.19,False,False,False
xgb_trees,trees 10,naics_2,61,immigrant,hicov,-0.017128937570610958,-0.0008314251899719238,-0.016187727451324463,-0.0017364025115966797,-0.015282750129699707,7723,70056,,58,0.19,False,False,False
xgb_trees,trees 10,naics_2,62,sex_female,pincp,-0.44504958913086057,-0.05053349403911156,-0.3943910756643696,-0.0806017782209949,-0.36432279148248625,90900,29476,,63,0.36,False,False,False
xgb_trees,trees 10,naics_2,62,race_bw,pincp,-0.2858392759919255,-0.04742121966609325,-0.2380937501849516,-0.052224795641656385,-0.23329017420938847,15995,88854,,62,0.26,False,False,False
xgb_trees,trees 10,naics_2,62,race_bw,hicov,-0.030612993952736645,-0.0062239766120910645,-0.02436774969100952,-0.007088899612426758,-0.023502826690673828,15995,88854,,62,0.27,False,False,False
xgb_trees,trees 10,naics_2,62,immigrant,pincp,0.08046984533417856,0.028970887760982222,0.05125720866723782,0.02443192728367194,0.0557961691445481,18087,102289,,63,0.28,False,False,False
xgb_trees,trees 10,naics_2,62,immigrant,hicov,-0.023957826396521553,0.0011533498764038086,-0.02510601282119751,0.0005446076393127441,-0.024497270584106445,18087,102289,,63,0.35,False,False,False
xgb_trees,trees 10,naics_2,71,sex_female,pincp,-0.17333409352919382,0.0070780100619245445,-0.18072987647733285,0.0003572986069517725,-0.17400916502236008,5061,7575,,58,0.05,False,False,False
xgb_trees,trees 10,naics_2,71,sex_female,hicov,0.025007150389016353,-0.001913309097290039,0.02718532085418701,-0.0039574503898620605,0.029229462146759033,5061,7575,,58,0.04,False,False,False
xgb_trees,trees 10,naics_2,71,race_bw,pincp,-0.23704578398977638,-0.028947322613879223,-0.20851130163908493,-0.03238270807302257,-0.2050759161799416,968,9874,,57,0.05,False,False,False
xgb_trees,trees 10,naics_2,71,race_bw,hicov,-0.017584791513566844,-0.006400465965270996,-0.010983288288116455,-0.008183836936950684,-0.009199917316436768,968,9874,,57,0.05,False,False,False
xgb_trees,trees 10,naics_2,71,immigrant,pincp,-0.12326965074971952,-0.02117212384594147,-0.10209171758523361,-0.008462094788656671,-0.11480174664251841,1670,10966,,58,0.05,False,False,False
xgb_trees,trees 10,naics_2,71,immigrant,hicov,-0.05514562703882775,-0.0007848739624023438,-0.05392861366271973,-0.0023305416107177734,-0.0523829460144043,1670,10966,,58,0.04,False,False,False
xgb_trees,trees 10,naics_2,72,sex_female,pincp,-0.18401379581246324,-0.00033628559460474605,-0.1839339116449885,-0.001419841392827692,-0.18285035584676557,14143,17193,,58,0.09,False,False,False
xgb_trees,trees 10,naics_2,72,sex_female,hicov,0.04015889515060789,-0.007227778434753418,0.04748803377151489,-0.008161008358001709,0.048421263694763184,14143,17193,,58,0.1,False,False,False
xgb_trees,trees 10,naics_2,72,race_bw,pincp,-0.1928744781570586,-0.02720640984017919,-0.1666124585677622,-0.022192393825564594,-0.1716264745823768,3165,21329,,57,0.06,False,False,False
xgb_trees,trees 10,naics_2,72,immigrant,pincp,-0.1366419172241944,-0.01719078029665333,-0.11974023796403799,0.003478684403001253,-0.14040970266369257,9698,21638,,58,0.09,True,False,True
xgb_trees,trees 10,naics_2,72,immigrant,hicov,-0.14235072495587275,0.0002346038818359375,-0.1424052119255066,-0.001950681209564209,-0.14021992683410645,9698,21638,,58,0.09,True,False,True
xgb_trees,trees 10,naics_2,81,sex_female,pincp,-0.19443770611913358,0.016330072534262996,-0.21076742381500324,-0.00022805213265009172,-0.19420929914809015,14329,19378,,63,0.09,True,False,True
xgb_trees,trees 10,naics_2,81,sex_female,hicov,0.028035678892645688,-0.002483665943145752,0.030541718006134033,-0.00405198335647583,0.03211003541946411,14329,19378,,63,0.1,False,False,False
xgb_trees,trees 10,naics_2,81,race_bw,pincp,-0.1435280769370042,-0.0012896805048292492,-0.14135602743811226,-0.015817597668036143,-0.12682811027490537,2516,26304,,62,0.07,False,False,False
xgb_trees,trees 10,naics_2,81,race_bw,hicov,-0.025556209118091866,-0.006559252738952637,-0.018900692462921143,-0.006193041801452637,-0.019266903400421143,2516,26304,,62,0.09,False,False,False
xgb_trees,trees 10,naics_2,81,immigrant,pincp,-0.28521872580984997,-0.04537459248155251,-0.24022855454598968,-0.030486816024744456,-0.25511633100279774,6640,27067,,63,0.11,False,False,False
xgb_trees,trees 10,naics_2,81,immigrant,hicov,-0.13345759362866183,-0.01836484670639038,-0.11511236429214478,-0.01181638240814209,-0.12166082859039307,6640,27067,,63,0.1,False,False,False
xgb_trees,trees 10,naics_2,92,sex_female,pincp,-0.2414473940877997,0.0007865494662926409,-0.24192747031470674,-0.010181092880229059,-0.23095982796818504,24767,31895,,60,0.15,True,False,True
xgb_trees,trees 10,naics_2,92,race_bw,pincp,-0.10552062676527818,-0.002281311237160466,-0.10316296443100548,-0.01641463216420469,-0.08902964350396125,7382,43626,,59,0.11,False,False,False
xgb_trees,trees 10,naics_2,92,immigrant,pincp,0.04760441151955597,0.01729666208430025,0.030677076076907284,0.022027671100868673,0.025946067060338862,4213,52449,,60,0.15,False,False,False
xgb_trees,trees 10,naics_2,92,immigrant,hicov,-0.014170391838873697,0.001488327980041504,-0.015151441097259521,-0.0027412772178649902,-0.010921835899353027,4213,52449,,60,0.14,True,False,True
xgb_trees,trees 10,st,1,sex_female,pincp,-0.31555702394613583,0.009501677748390946,-0.32485683561936796,0.004535456827250428,-0.31989061469822744,5293,6854,,92,0.06,False,False,False
xgb_trees,trees 10,st,1,sex_female,hicov,0.021982361759625313,-0.003940463066101074,0.02592301368713379,-0.003377556800842285,0.025360107421875,5293,6854,,92,0.05,False,False,False
xgb_trees,trees 10,st,1,race_bw,pincp,-0.28298982130619343,-0.03982987392835291,-0.2427332903584869,-0.050378544530120806,-0.232184619756719,2338,9360,,91,0.06,False,False,False
xgb_trees,trees 10,st,1,race_bw,hicov,-0.03265821836181115,-0.008649885654449463,-0.023796916007995605,-0.008802950382232666,-0.023643851280212402,2338,9360,,91,0.06,False,False,False
xgb_trees,trees 10,st,1,immigrant,pincp,-0.10406233370699525,-0.0014578449985549469,-0.10492929976429721,0.00534566771078282,-0.11173281247363498,463,11684,,92,0.05,True,False,True
xgb_trees,trees 10,st,1,immigrant,hicov,-0.19473714954566734,-0.014004766941070557,-0.18075531721115112,-0.009386003017425537,-0.18537408113479614,463,11684,,92,0.04,False,False,False
xgb_trees,trees 10,st,10,sex_female,pincp,-0.23852588673327801,0.00656562242033587,-0.24721615316202694,-0.0033398677773686103,-0.23731066296432246,1208,1387,,88,0.02,True,False,True
xgb_trees,trees 10,st,10,sex_female,hicov,0.018984825985857268,-0.002894163131713867,0.02215278148651123,-0.002578139305114746,0.02183675765991211,1208,1387,,88,0.02,False,False,False
xgb_trees,trees 10,st,10,race_bw,pincp,-0.26441259231673087,-0.03844711597916195,-0.22506834295731615,-0.04752322174805457,-0.21599223718842353,431,1975,,87,0.03,False,False,False
xgb_trees,trees 10,st,10,immigrant,hicov,-0.056482306259616144,-0.007448554039001465,-0.04797321557998657,0.00017017126083374023,-0.05559194087982178,265,2330,,88,0.02,True,False,True
xgb_trees,trees 10,st,11,sex_female,pincp,-0.1948040157321529,-0.013620198321738997,-0.18193226228035897,-0.01895355271033239,-0.17659890789176558,1214,1142,,68,0.02,False,False,False
xgb_trees,trees 10,st,11,sex_female,hicov,0.01159848469548208,-0.0006227493286132812,0.011679530143737793,-0.0018942952156066895,0.012951076030731201,1214,1142,,68,0.02,False,False,False
xgb_trees,trees 10,st,11,race_bw,pincp,-0.5086204482738559,-0.1107586874676656,-0.3986504018799337,-0.07213854903292827,-0.43727054031467105,642,1452,,66,0.03,False,False,False
xgb_trees,trees 10,st,11,race_bw,hicov,-0.030167863855204535,-0.009175539016723633,-0.022326111793518066,-0.0034212470054626465,-0.028080403804779053,642,1452,,66,0.01,False,False,False
xgb_trees,trees 10,st,11,immigrant,pincp,-0.20919592588855096,-0.023344629986702614,-0.1850472066916673,0.003443991330161822,-0.21183582800853173,316,2040,,68,0.02,True,False,True
xgb_trees,trees 10,st,11,immigrant,hicov,-0.046624472573839615,-0.00397413969039917,-0.04125213623046875,-0.0001519918441772461,-0.045074284076690674,316,2040,,68,0.02,False,False,False
xgb_trees,trees 10,st,12,sex_female,pincp,-0.22696732350444826,0.007025599126162518,-0.23378319570165118,0.0040920517931244405,-0.2308496483686131,22979,28252,,92,0.19,False,False,False
xgb_trees,trees 10,st,12,sex_female,hicov,0.04205411755614552,-0.0026769042015075684,0.04494893550872803,-0.0012232661247253418,0.0434952974319458,22979,28252,,92,0.21,False,False,False
xgb_trees,trees 10,st,12,race_bw,pincp,-0.31454446007065684,-0.029217523198601825,-0.28536366552097725,-0.03856087509474193,-0.27602031362483714,6198,41213,,91,0.17,False,False,False
xgb_trees,trees 10,st,12,race_bw,hicov,-0.010981150374180237,-0.008325457572937012,-0.0022380948066711426,-0.01073378324508667,0.00017023086547851562,6198,41213,,91,0.19,False,True,True
xgb_trees,trees 10,st,12,immigrant,pincp,-0.19235966803892168,-0.013718894518024882,-0.17852703748920007,-0.004765248725266957,-0.187480683281958,12037,39194,,92,0.2,False,False,False
xgb_trees,trees 10,st,12,immigrant,hicov,-0.08944399925169921,-0.011843264102935791,-0.07760155200958252,-0.005466282367706299,-0.08397853374481201,12037,39194,,92,0.19,False,False,False
xgb_trees,trees 10,st,13,sex_female,pincp,-0.2577587064321296,0.006508627019623958,-0.264111493518536,0.002941496948691835,-0.2605443634476039,11957,14978,,92,0.1,False,False,False
xgb_trees,trees 10,st,13,sex_female,hicov,0.040407528990723085,-0.0027446746826171875,0.04345446825027466,0.0011377930641174316,0.03957200050354004,11957,14978,,92,0.22,True,False,True
xgb_trees,trees 10,st,13,race_bw,pincp,-0.3001484008017652,-0.039186863502227,-0.26102915840331953,-0.039988717032978016,-0.2602273048725685,6248,18543,,91,0.11,False,False,False
xgb_trees,trees 10,st,13,immigrant,pincp,-0.13744674471266727,-0.0065050510707109765,-0.13178529436722286,0.005018710570078966,-0.1433090560080128,3334,23601,,92,0.12,True,False,True
xgb_trees,trees 10,st,13,immigrant,hicov,-0.1524436310144861,-0.022013604640960693,-0.13055706024169922,-0.008315026760101318,-0.1442556381225586,3334,23601,,92,0.14,False,False,False
xgb_trees,trees 10,st,15,sex_female,pincp,-0.20822507750450292,0.012296640905679723,-0.21994765415005624,0.004715293300382228,-0.21236630654475874,1861,2153,,87,0.04,False,False,False
xgb_trees,trees 10,st,15,immigrant,pincp,-0.22547582941900401,-0.021612427905035148,-0.2040140373499142,-0.012624968266143455,-0.21300149698880588,811,3203,,87,0.07,False,False,False
xgb_trees,trees 10,st,15,immigrant,hicov,-0.016183964401437767,0.002997875213623047,-0.01829087734222412,-0.0005691051483154297,-0.014723896980285645,811,3203,,87,0.03,True,False,True
xgb_trees,trees 10,st,16,sex_female,pincp,-0.2783884125134932,0.003291678314329971,-0.2829785624467487,-0.00437636391396623,-0.2753105202184525,1482,2423,,92,0.05,True,False,True
xgb_trees,trees 10,st,16,sex_female,hicov,0.02785997661858386,-0.004445672035217285,0.03293353319168091,-0.0025231242179870605,0.031010985374450684,1482,2423,,92,0.05,False,False,False
xgb_trees,trees 10,st,16,immigrant,pincp,-0.23283176258720495,-0.03931985239822389,-0.1951649215887148,-0.02114820734445999,-0.2133365666424787,270,3635,,92,0.04,False,False,False
xgb_trees,trees 10,st,16,immigrant,hicov,-0.21530898160884404,-0.020690739154815674,-0.19487255811691284,-0.006729781627655029,-0.2088335156440735,270,3635,,92,0.03,False,False,False
xgb_trees,trees 10,st,17,sex_female,pincp,-0.2669812951341086,0.009451472446835751,-0.2762151004031246,0.003942649794161923,-0.27070627775045075,16072,20780,,92,0.13,False,False,False
xgb_trees,trees 10,st,17,sex_female,hicov,0.021942164973691503,-0.0018239021301269531,0.024034619331359863,-0.0028017163276672363,0.025012433528900146,16072,20780,,92,0.12,False,False,False
xgb_trees,trees 10,st,17,race_bw,pincp,-0.2526898601930849,-0.03895616642503974,-0.21444878984096327,-0.047162440810312845,-0.20624251545569017,2889,29991,,91,0.15,False,False,False
xgb_trees,trees 10,st,17,race_bw,hicov,-0.010611837064445684,-0.004438459873199463,-0.005663573741912842,-0.003682732582092285,-0.0064193010330200195,2889,29991,,91,0.12,False,False,False
xgb_trees,trees 10,st,17,immigrant,pincp,-0.15593137100749743,-0.018800021580238635,-0.1373836768340695,0.0018918413918296295,-0.15807553980613775,5317,31535,,92,0.16,True,False,True
xgb_trees,trees 10,st,17,immigrant,hicov,-0.10988308425168858,-0.012714803218841553,-0.0972948670387268,-0.002574026584625244,-0.10743564367294312,5317,31535,,92,0.13,False,False,False
xgb_trees,trees 10,st,18,sex_female,pincp,-0.27875708923041387,0.00894425755924999,-0.287595289508932,0.0022527801041274387,-0.28090381205380943,7777,10797,,92,0.09,False,False,False
xgb_trees,trees 10,st,18,sex_female,hicov,0.0213776825624451,-0.0028669238090515137,0.024441659450531006,-0.005814790725708008,0.0273895263671875,7777,10797,,92,0.1,False,False,False
xgb_trees,trees 10,st,18,race_bw,pincp,-0.2081506916689495,-0.026390326639562645,-0.1814153771150746,-0.040669767883095176,-0.16713593587154207,952,16842,,91,0.08,False,False,False
xgb_trees,trees 10,st,18,race_bw,hicov,-0.02568159433349404,-0.005419671535491943,-0.019377052783966064,-0.007933497428894043,-0.016863226890563965,952,16842,,91,0.08,False,False,False
xgb_trees,trees 10,st,18,immigrant,pincp,-0.06084523232568806,0.008094176828858934,-0.07002810090308031,0.010342916643237388,-0.07227684071745877,902,17672,,92,0.09,False,False,False
xgb_trees,trees 10,st,18,immigrant,hicov,-0.12342297535078728,-0.009000122547149658,-0.11523503065109253,-0.0033867955207824707,-0.12084835767745972,902,17672,,92,0.08,False,False,False
xgb_trees,trees 10,st,19,sex_female,pincp,-0.2736595145704044,0.014249551569200491,-0.2878226242373749,0.0063091904324910075,-0.27988226310066544,4140,5444,,91,0.04,False,False,False
xgb_trees,trees 10,st,19,sex_female,hicov,0.016002371089743006,-0.0013530254364013672,0.01741260290145874,-0.0016810894012451172,0.01774066686630249,4140,5444,,91,0.06,False,False,False
xgb_trees,trees 10,st,19,race_bw,pincp,-0.24415269307218423,0.0019052606911191816,-0.251648532728451,-0.003126066529210547,-0.24661720550812127,111,9195,,90,0.05,True,False,True
xgb_trees,trees 10,st,19,race_bw,hicov,-0.03685316638008318,-3.7729740142822266e-05,-0.03616994619369507,-0.007719218730926514,-0.028488457202911377,111,9195,,90,0.04,False,False,False
xgb_trees,trees 10,st,19,immigrant,pincp,-0.17885441342499675,-0.002620267567072787,-0.1775035052682643,0.0011945187353994413,-0.18131829157073653,337,9247,,91,0.05,True,False,True
xgb_trees,trees 10,st,19,immigrant,hicov,-0.09074592802413417,-0.004747927188873291,-0.08464169502258301,-0.0019690990447998047,-0.0874205231666565,337,9247,,91,0.04,False,False,False
xgb_trees,trees 10,st,2,sex_female,pincp,-0.2467624061895748,0.008396060107525471,-0.25386789349836647,-0.0014233984146869716,-0.24404843497615403,633,751,,78,0.02,True,False,True
xgb_trees,trees 10,st,2,sex_female,hicov,0.016433065549251835,-0.009565889835357666,0.025967955589294434,0.0021213889122009277,0.01428067684173584,633,751,,78,0.02,True,False,True
xgb_trees,trees 10,st,2,immigrant,pincp,-0.4029133360731656,-0.08293795844644158,-0.3204428525835912,0.0037815235779614653,-0.4071623346079942,138,1246,,78,0.03,True,False,True
xgb_trees,trees 10,st,2,immigrant,hicov,-0.051969199990694825,-0.018034040927886963,-0.0350378155708313,-0.027256369590759277,-0.025815486907958984,138,1246,,78,0.02,False,False,False
xgb_trees,trees 10,st,20,sex_female,pincp,-0.2804944645361651,0.013187474347413186,-0.29273443183922865,0.005784497664308219,-0.2853314551561237,3580,4753,,92,0.04,False,False,False
xgb_trees,trees 10,st,20,sex_female,hicov,0.028491913957312542,-0.002075016498565674,0.030589282512664795,-0.001024007797241211,0.029538273811340332,3580,4753,,92,0.04,False,False,False
xgb_trees,trees 10,st,20,race_bw,pincp,-0.17290278528006198,-0.025965935512978433,-0.14947542283531945,-0.04146974229319511,-0.13397161605510277,235,7590,,91,0.04,False,False,False
xgb_trees,trees 10,st,20,race_bw,hicov,-0.07053233537969883,-0.004669547080993652,-0.06505471467971802,-0.004762113094329834,-0.06496214866638184,235,7590,,91,0.04,False,False,False
xgb_trees,trees 10,st,20,immigrant,pincp,-0.16134057531916035,-0.018361959563501173,-0.14505601330865403,-0.008044073673033836,-0.15537389919912137,556,7777,,92,0.05,False,False,False
xgb_trees,trees 10,st,20,immigrant,hicov,-0.12007737258823514,-0.016513526439666748,-0.1004294753074646,-0.007358253002166748,-0.1095847487449646,556,7777,,92,0.04,False,False,False
xgb_trees,trees 10,st,21,sex_female,pincp,-0.27344839490346473,0.011875138596655788,-0.28478301911320614,0.007398271444843729,-0.2803061519613941,5168,6566,,92,0.06,False,False,False
xgb_trees,trees 10,st,21,sex_female,hicov,0.018908447118046068,-0.0015968680381774902,0.020690441131591797,-0.0026274919509887695,0.021721065044403076,5168,6566,,92,0.06,False,False,False
xgb_trees,trees 10,st,21,race_bw,pincp,-0.26856783080580726,-0.040299891548526645,-0.22750827457501188,-0.04402324478106223,-0.2237849213424763,647,10738,,91,0.07,False,False,False
xgb_trees,trees 10,st,21,immigrant,pincp,-0.07145706307004751,0.00674556090500289,-0.07853117545847077,0.017897643846067623,-0.0896832583995355,445,11289,,92,0.05,False,False,False
xgb_trees,trees 10,st,21,immigrant,hicov,-0.12914371253313106,-0.010453879833221436,-0.11720621585845947,-0.002629399299621582,-0.12503069639205933,445,11289,,92,0.06,False,False,False
xgb_trees,trees 10,st,22,sex_female,pincp,-0.3786737215261695,0.005362197556621595,-0.38417056118396076,-0.007246901616632329,-0.37156146201070683,5065,5961,,92,0.05,True,False,True
xgb_trees,trees 10,st,22,sex_female,hicov,0.02384849994857985,-0.004080533981323242,0.027820169925689697,-0.004702448844909668,0.028442084789276123,5065,5961,,92,0.06,False,False,False
xgb_trees,trees 10,st,22,race_bw,pincp,-0.3835029925119162,-0.050272490320418584,-0.33265431409104274,-0.056048877382082196,-0.3268779270293791,2477,8026,,91,0.05,False,False,False
xgb_trees,trees 10,st,22,race_bw,hicov,-0.029161130645144806,-0.009577333927154541,-0.018931150436401367,-0.011710584163665771,-0.016797900199890137,2477,8026,,91,0.06,False,False,False
xgb_trees,trees 10,st,22,immigrant,pincp,-0.12196761308323723,-0.00948717547738731,-0.11381422760798543,0.02694513935796472,-0.15024654244333746,503,10523,,92,0.04,True,False,True
xgb_trees,trees 10,st,22,immigrant,hicov,-0.16816652116191944,-0.023925483226776123,-0.14341843128204346,-0.005377769470214844,-0.16196614503860474,503,10523,,92,0.05,False,False,False
xgb_trees,trees 10,st,23,sex_female,pincp,-0.19825235908339245,0.019333406637215944,-0.21802190193048254,0.011691847050755655,-0.21038034234402225,1463,1847,,89,0.02,False,False,False
xgb_trees,trees 10,st,23,sex_female,hicov,0.02401966426130797,-0.001268923282623291,0.02529245615005493,-0.0020855069160461426,0.026109039783477783,1463,1847,,89,0.03,False,False,False
xgb_trees,trees 10,st,23,immigrant,pincp,0.01777096885950158,-0.00048046958331227074,0.014067005731995152,0.02011066844208642,-0.0065241322934035395,103,3207,,89,0.02,True,True,True
xgb_trees,trees 10,st,23,immigrant,hicov,0.013819890349084707,0.0015014410018920898,0.012380599975585938,0.0027561187744140625,0.011125922203063965,103,3207,,89,0.03,False,False,False
xgb_trees,trees 10,st,24,sex_female,pincp,-0.21181734877639613,0.0031293315615030792,-0.21500041609091447,-0.0050416168225222435,-0.20682946770688915,8713,10246,,92,0.07,True,False,True
xgb_trees,trees 10,st,24,sex_female,hicov,0.020371533298194855,-0.0006468296051025391,0.02118837833404541,0.00043529272079467773,0.020106256008148193,8713,10246,,92,0.08,True,False,True
xgb_trees,trees 10,st,24,race_bw,pincp,-0.24287667447884864,-0.02687077409673222,-0.21637430635499477,-0.04829575783604234,-0.19494932261568465,4610,12209,,91,0.07,False,False,False
xgb_trees,trees 10,st,24,immigrant,pincp,-0.15568432450642078,0.0024826750691993027,-0.157378144933638,0.015896319337718623,-0.17079178920215732,3231,15728,,92,0.07,False,False,False
xgb_trees,trees 10,st,24,immigrant,hicov,-0.09323396376594617,-0.010622024536132812,-0.08263599872589111,-0.0021860599517822266,-0.0910719633102417,3231,15728,,92,0.07,False,False,False
xgb_trees,trees 10,st,25,sex_female,pincp,-0.24144678808740672,0.003319099028278316,-0.24538720358136779,-0.007297369913016993,-0.23477073464007248,9062,11429,,92,0.08,True,False,True
xgb_trees,trees 10,st,25,race_bw,pincp,-0.3719536144677207,-0.052085545775124586,-0.3192520036886979,-0.0620490039475623,-0.30928854551626017,1013,17304,,91,0.09,False,False,False
xgb_trees,trees 10,st,25,race_bw,hicov,-0.02695569022038513,-0.0048329830169677734,-0.021335184574127197,-0.004534244537353516,-0.021633923053741455,1013,17304,,91,0.07,False,False,False
xgb_trees,trees 10,st,25,immigrant,pincp,-0.14461822017134907,-0.014487612283437201,-0.13000414020190476,-0.004886026506591534,-0.13960572597875043,3687,16804,,92,0.09,False,False,False
xgb_trees,trees 10,st,25,immigrant,hicov,-0.027022590162996685,-0.0026658177375793457,-0.024064183235168457,-0.0008726716041564941,-0.02585732936859131,3687,16804,,92,0.08,False,False,False
xgb_trees,trees 10,st,26,sex_female,pincp,-0.24651994082032935,0.005912161088255985,-0.2522390297143442,0.003544838844710796,-0.249871707470799,10790,14934,,92,0.09,False,False,False
xgb_trees,trees 10,st,26,sex_female,hicov,0.019076658955257342,-0.0027384161949157715,0.021939337253570557,-0.0032628774642944336,0.02246379852294922,10790,14934,,92,0.09,False,False,False
xgb_trees,trees 10,st,26,race_bw,pincp,-0.2167167997666084,-0.026870576296341042,-0.18981443501650297,-0.04332114397230491,-0.1733638673405391,1695,22671,,91,0.11,False,False,False
xgb_trees,trees 10,st,26,race_bw,hicov,-0.01643165823712256,-0.006897568702697754,-0.009806692600250244,-0.006854593753814697,-0.0098496675491333,1695,22671,,91,0.11,False,False,False
xgb_trees,trees 10,st,26,immigrant,pincp,0.11652478612974271,0.05574311446160074,0.06053219519214359,0.0508828037577338,0.06539250589601053,1631,24093,,92,0.09,False,False,False
xgb_trees,trees 10,st,26,immigrant,hicov,-0.03729620884818308,0.008173227310180664,-0.04520362615585327,0.002083420753479004,-0.03911381959915161,1631,24093,,92,0.09,False,False,False
xgb_trees,trees 10,st,27,sex_female,pincp,-0.22993728022987447,0.0075195622282890895,-0.2376593874661843,0.008479766234255948,-0.23861959147215117,7010,9668,,92,0.06,False,False,False
xgb_trees,trees 10,st,27,sex_female,hicov,0.017500090006769664,-0.0002372264862060547,0.01769644021987915,-0.001179814338684082,0.018639028072357178,7010,9668,,92,0.07,False,False,False
xgb_trees,trees 10,st,27,race_bw,pincp,-0.270576940371841,-0.03259262132379526,-0.2373347079171655,-0.023514256772946496,-0.24641307246801425,307,15438,,91,0.07,False,False,False
xgb_trees,trees 10,st,27,race_bw,hicov,-0.05278400562426233,-0.011912047863006592,-0.04052478075027466,-0.01224374771118164,-0.04019308090209961,307,15438,,91,0.08,False,False,False
xgb_trees,trees 10,st,27,immigrant,pincp,-0.13052885294286476,-0.0034098838107929907,-0.1266473715759613,0.008287812058867416,-0.1383450674456217,860,15818,,92,0.07,True,False,True
xgb_trees,trees 10,st,27,immigrant,hicov,-0.07335990496549405,-0.0011276006698608398,-0.07120621204376221,-0.004274189472198486,-0.06805962324142456,860,15818,,92,0.08,False,False,False
xgb_trees,trees 10,st,28,sex_female,pincp,-0.31134078456686076,0.00846875408776171,-0.3214143390877773,-0.007056853846350464,-0.3058887311536651,3262,3776,,92,0.05,True,False,True
xgb_trees,trees 10,st,28,sex_female,hicov,0.03289857397458151,-0.00416034460067749,0.03632551431655884,-0.002240300178527832,0.03440546989440918,3262,3776,,92,0.04,False,False,False
xgb_trees,trees 10,st,28,race_bw,pincp,-0.3900275817952199,-0.03074027484553632,-0.3596258953645197,-0.04404943291619823,-0.3463167372938578,2102,4731,,91,0.04,False,False,False
xgb_trees,trees 10,st,28,race_bw,hicov,-0.022910712407444356,-0.011954069137573242,-0.010989248752593994,-0.01373910903930664,-0.009204208850860596,2102,4731,,91,0.05,False,False,False
xgb_trees,trees 10,st,28,immigrant,pincp,-0.13604796160766774,-0.008917104136262566,-0.1266301679061197,0.030503886156221682,-0.16605115819860394,189,6849,,92,0.05,True,False,True
xgb_trees,trees 10,st,28,immigrant,hicov,-0.20993679994994052,-0.03380787372589111,-0.17270547151565552,-0.011064231395721436,-0.1954491138458252,189,6849,,92,0.06,False,False,False
xgb_trees,trees 10,st,29,sex_female,pincp,-0.27515273629759385,0.009665335937807384,-0.28463521229311795,0.0075503741716431705,-0.28252025052695373,7601,9533,,92,0.08,False,False,False
xgb_trees,trees 10,st,29,sex_female,hicov,0.01863879096443022,-0.0032879114151000977,0.022157609462738037,-0.004232347011566162,0.0231020450592041,7601,9533,,92,0.07,False,False,False
xgb_trees,trees 10,st,29,race_bw,pincp,-0.1991943295278631,-0.030383269422070924,-0.1690978533279619,-0.03904508803050355,-0.16043603471952927,1153,15279,,91,0.06,False,False,False
xgb_trees,trees 10,st,29,immigrant,hicov,-0.07705422012447072,-0.003671407699584961,-0.07241588830947876,-0.0008225440979003906,-0.07526475191116333,742,16392,,92,0.07,False,False,False
xgb_trees,trees 10,st,30,sex_female,pincp,-0.28979446174989043,0.015615776915975488,-0.30536304100139766,0.010624403839198493,-0.30037166792462067,1065,1480,,90,0.02,False,False,False
xgb_trees,trees 10,st,31,sex_female,pincp,-0.281439103191774,0.00954817199360214,-0.29105719393001905,0.010445120174678024,-0.29195414211109494,2516,3334,,92,0.04,False,False,False
xgb_trees,trees 10,st,31,race_bw,pincp,-0.2017146058405448,-0.020778462271881182,-0.18324999666144137,-0.031707099282893836,-0.17232135965042872,119,5464,,91,0.03,False,False,False
xgb_trees,trees 10,st,31,race_bw,hicov,-0.06312363891383777,-0.010221600532531738,-0.05377781391143799,-0.014317691326141357,-0.04968172311782837,119,5464,,91,0.04,False,False,False
xgb_trees,trees 10,st,31,immigrant,pincp,-0.30890042652009875,-0.021225335200576012,-0.2892482554396505,-0.018317128526883053,-0.29215646211334345,283,5567,,92,0.04,False,False,False
xgb_trees,trees 10,st,31,immigrant,hicov,-0.1141031101372868,-0.0016068816184997559,-0.11104089021682739,-0.009574413299560547,-0.1030733585357666,283,5567,,92,0.04,False,False,False
xgb_trees,trees 10,st,32,sex_female,pincp,-0.22430918693346769,0.01163968712366703,-0.23604711882461515,0.010885081298130928,-0.23529251299907905,3203,4225,,91,0.03,False,False,False
xgb_trees,trees 10,st,32,sex_female,hicov,0.04386575455333108,-0.002173125743865967,0.045967280864715576,-0.0004107356071472168,0.044204890727996826,3203,4225,,91,0.04,False,False,False
xgb_trees,trees 10,st,32,race_bw,pincp,-0.22144703617116335,-0.015779308063855524,-0.2054231351501148,-0.023050267175483086,-0.19815217603848723,508,5229,,90,0.03,False,False,False
xgb_trees,trees 10,st,32,race_bw,hicov,0.01350433605437873,-0.004070580005645752,0.017651498317718506,-0.003187417984008789,0.016768336296081543,508,5229,,90,0.04,False,False,False
xgb_trees,trees 10,st,32,immigrant,pincp,-0.30383233352831596,-0.03371534903122253,-0.27193725907262056,-0.018013820063975672,-0.2876387880398674,1872,5556,,91,0.05,False,False,False
xgb_trees,trees 10,st,32,immigrant,hicov,-0.1171244761957504,-0.017480909824371338,-0.10008072853088379,-0.006029784679412842,-0.11153185367584229,1872,5556,,91,0.04,False,False,False
xgb_trees,trees 10,st,33,sex_female,pincp,-0.2749833742141927,0.010748569177975398,-0.2863192051096757,0.003736146535564089,-0.27930678246726437,1775,2482,,92,0.03,False,False,False
xgb_trees,trees 10,st,33,sex_female,hicov,0.02131947202959905,-0.00198441743850708,0.02362823486328125,-0.0019789934158325195,0.02362281084060669,1775,2482,,92,0.03,False,False,False
xgb_trees,trees 10,st,33,immigrant,pincp,-0.01960434517791043,0.0027949109828568908,-0.022217208624592644,0.016678600348745576,-0.03610089799048133,213,4044,,92,0.03,False,False,False
xgb_trees,trees 10,st,34,sex_female,pincp,-0.27959417182269064,0.0033978659101592257,-0.28387993331289607,-0.005329468971945417,-0.27515259843079143,11310,14947,,92,0.09,True,False,True
xgb_trees,trees 10,st,34,sex_female,hicov,0.026453037100081955,-0.0016943812370300293,0.028408944606781006,-0.0032207369804382324,0.02993530035018921,11310,14947,,92,0.11,False,False,False
xgb_trees,trees 10,st,34,race_bw,pincp,-0.3485279411658162,-0.04429638232016231,-0.3041042298730954,-0.0564293191136489,-0.2919712930796088,2450,19368,,91,0.08,False,False,False
xgb_trees,trees 10,st,34,immigrant,pincp,-0.18133677494972034,-0.012181764201248058,-0.16929089977281464,0.008331406888514081,-0.18980407086257678,6979,19278,,92,0.12,True,False,True
xgb_trees,trees 10,st,34,immigrant,hicov,-0.1122939833089891,-0.0102156400680542,-0.10254532098770142,-0.0032995939254760742,-0.10946136713027954,6979,19278,,92,0.1,False,False,False
xgb_trees,trees 10,st,35,sex_female,pincp,-0.19025334313377584,0.016079471492641773,-0.20588363578658786,0.009254455748633816,-0.1990586200425799,2064,2495,,90,0.02,False,False,False
xgb_trees,trees 10,st,35,sex_female,hicov,0.027719392272917864,-0.004398226737976074,0.03235650062561035,-0.0006791949272155762,0.028637468814849854,2064,2495,,90,0.03,False,False,False
xgb_trees,trees 10,st,35,race_bw,pincp,-0.15214511430401068,-0.01237254265127774,-0.14076251755742497,-0.003369746647420513,-0.1497653135612822,67,3264,,88,0.03,False,False,False
xgb_trees,trees 10,st,35,immigrant,pincp,-0.22003643556194064,-0.030776013835861704,-0.19080100665370203,-0.009352836725787128,-0.2122241837637766,490,4069,,90,0.03,False,False,False
xgb_trees,trees 10,st,35,immigrant,hicov,-0.16557044051338898,-0.03201025724411011,-0.13340455293655396,-0.006638586521148682,-0.15877622365951538,490,4069,,90,0.03,False,False,False
xgb_trees,trees 10,st,36,sex_female,pincp,-0.2004874804493344,0.015531530127224968,-0.21608962651867714,0.01113423761763599,-0.21169233400908816,24821,30289,,92,0.22,False,False,False
xgb_trees,trees 10,st,36,sex_female,hicov,0.03008149330087584,-0.0003132820129394531,0.030792176723480225,-0.0002681612968444824,0.030747056007385254,24821,30289,,92,0.18,False,False,False
xgb_trees,trees 10,st,36,race_bw,pincp,-0.27242488117953023,-0.03378246537307916,-0.23818940688800616,-0.051844820518569534,-0.2201270517425158,6432,39884,,91,0.17,False,False,False
xgb_trees,trees 10,st,36,race_bw,hicov,-0.021661153788773424,-0.005076885223388672,-0.016455352306365967,-0.01279449462890625,-0.008737742900848389,6432,39884,,91,0.17,False,False,False
xgb_trees,trees 10,st,36,immigrant,pincp,-0.16921449805576216,-0.030033878164518413,-0.13913498181624817,-0.008445573431044906,-0.16072328654972168,13520,41590,,92,0.23,False,False,False
xgb_trees,trees 10,st,36,immigrant,hicov,-0.08273276675236285,-0.008408665657043457,-0.07470428943634033,-0.0024628043174743652,-0.08065015077590942,13520,41590,,92,0.18,False,False,False
xgb_trees,trees 10,st,37,sex_female,pincp,-0.2513797037125798,0.0017551675799385436,-0.2530014108506009,-0.003289682898694579,-0.24795656037196778,11762,14924,,92,0.11,True,False,True
xgb_trees,trees 10,st,37,sex_female,hicov,0.026121671345438635,-0.0030017495155334473,0.029228925704956055,0.000410616397857666,0.02581655979156494,11762,14924,,92,0.1,True,False,True
xgb_trees,trees 10,st,37,race_bw,pincp,-0.3428412819155735,-0.0373251780610282,-0.30589753423398314,-0.04920777528836062,-0.2940149370066507,4251,20487,,91,0.11,False,False,False
xgb_trees,trees 10,st,37,race_bw,hicov,-0.020227158183069305,-0.008508443832397461,-0.011333882808685303,-0.007245063781738281,-0.012597262859344482,4251,20487,,91,0.08,False,False,False
xgb_trees,trees 10,st,37,immigrant,pincp,-0.10334814145842763,-0.010903230897779892,-0.09315714675521214,0.005697358137616959,-0.10975773579060899,2369,24317,,92,0.11,True,False,True
xgb_trees,trees 10,st,37,immigrant,hicov,-0.16151536030195512,-0.02120816707611084,-0.1403183937072754,-0.006130099296569824,-0.1553964614868164,2369,24317,,92,0.09,False,False,False
xgb_trees,trees 10,st,38,sex_female,pincp,-0.40017355186717296,0.009501692352573698,-0.4111082035269451,0.005265112555605356,-0.40687162372997676,943,1416,,88,0.03,False,False,False
xgb_trees,trees 10,st,38,sex_female,hicov,0.016556727836991025,-0.0031188130378723145,0.01968693733215332,-0.0018491148948669434,0.01841723918914795,943,1416,,88,0.03,False,False,False
xgb_trees,trees 10,st,38,immigrant,pincp,-0.05300269840215499,-0.04971242403096632,-0.007742937530730742,-0.004669545084389881,-0.05278581647730718,67,2292,,88,0.04,False,False,False
xgb_trees,trees 10,st,38,immigrant,hicov,-0.01301737386366586,-0.0015164017677307129,-0.011548638343811035,-0.006780028343200684,-0.0062850117683410645,67,2292,,88,0.02,False,False,False
xgb_trees,trees 10,st,39,sex_female,pincp,-0.26401311233596125,0.007346919899019255,-0.2715200301682543,0.0005698660246356013,-0.26474297629387067,14095,18698,,92,0.13,False,False,False
xgb_trees,trees 10,st,39,sex_female,hicov,0.017501789330388817,-0.0022446513175964355,0.01987665891647339,-0.003922641277313232,0.021554648876190186,14095,18698,,92,0.13,False,False,False
xgb_trees,trees 10,st,39,race_bw,pincp,-0.24536897415986836,-0.03499717104633504,-0.21115310076942073,-0.041447322615383086,-0.20470294920037269,2358,29190,,91,0.12,False,False,False
xgb_trees,trees 10,st,39,race_bw,hicov,-0.01722050930684027,-0.004940390586853027,-0.011709988117218018,-0.007423460483551025,-0.00922691822052002,2358,29190,,91,0.11,False,False,False
xgb_trees,trees 10,st,39,immigrant,pincp,0.048812748806545514,0.045030674877361676,0.0028739113039062403,0.04641835436282982,0.0014862318184380996,1377,31416,,92,0.14,False,False,False
xgb_trees,trees 10,st,39,immigrant,hicov,-0.04787251600977094,0.0015748143196105957,-0.049498677253723145,0.0009180903434753418,-0.04884195327758789,1377,31416,,92,0.11,False,False,False
xgb_trees,trees 10,st,4,sex_female,pincp,-0.23532286018952853,0.004876870437016123,-0.2402836077232049,-0.003316278401833017,-0.23209045888435575,7274,9525,,92,0.08,True,False,True
xgb_trees,trees 10,st,4,sex_female,hicov,0.028002182295263744,-0.0024338364601135254,0.030509233474731445,0.0006287693977355957,0.027446627616882324,7274,9525,,92,0.07,True,False,True
xgb_trees,trees 10,st,4,race_bw,pincp,-0.23746491036643214,-0.017999666803843795,-0.21965350879005996,-0.027007628187476485,-0.21064554740642727,580,13266,,91,0.07,False,False,False
xgb_trees,trees 10,st,4,immigrant,pincp,-0.22653950430917114,-0.019967843139530927,-0.20645466470832652,-0.015708596190053825,-0.21071391165780362,2617,14182,,92,0.06,False,False,False
xgb_trees,trees 10,st,4,immigrant,hicov,-0.12441581133134316,-0.01538074016571045,-0.10964256525039673,-0.008718729019165039,-0.11630457639694214,2617,14182,,92,0.08,False,False,False
xgb_trees,trees 10,st,40,sex_female,pincp,-0.29664627375391106,0.01346406175187198,-0.3098108943294786,0.007915999965527831,-0.30426283254313446,4029,5523,,92,0.05,False,False,False
xgb_trees,trees 10,st,40,sex_female,hicov,0.0268521712963955,-0.00519871711730957,0.03241473436355591,-0.0016017556190490723,0.02881777286529541,4029,5523,,92,0.06,False,False,False
xgb_trees,trees 10,st,40,race_bw,pincp,-0.2351882977597448,-0.01510109505791668,-0.2207057064505289,-0.03139688573832977,-0.2044099157701158,446,7317,,91,0.05,False,False,False
xgb_trees,trees 10,st,40,immigrant,pincp,-0.21193833439191856,-0.024906961547930706,-0.18563308552563385,-0.002891003077865051,-0.2076490439956995,556,8996,,92,0.06,False,False,False
xgb_trees,trees 10,st,40,immigrant,hicov,-0.21967477152115567,-0.027137160301208496,-0.19173860549926758,-0.02342045307159424,-0.19545531272888184,556,8996,,92,0.05,False,False,False
xgb_trees,trees 10,st,41,sex_female,pincp,-0.2149141704901094,0.008908655707744018,-0.22461774531175926,0.0007360096491435542,-0.2164450992531588,4421,6132,,91,0.06,False,False,False
xgb_trees,trees 10,st,41,sex_female,hicov,0.019092850303944253,-0.0015662312507629395,0.020860373973846436,-0.0007147789001464844,0.02000892162322998,4421,6132,,91,0.05,False,False,False
xgb_trees,trees 10,st,41,race_bw,pincp,-0.25634392603690337,-0.01955814140958978,-0.23827695040650276,-0.019414998483552992,-0.23842009333253955,131,9171,,90,0.05,False,False,False
xgb_trees,trees 10,st,41,race_bw,hicov,0.014280827134320662,-0.003216683864593506,0.017808377742767334,-0.009166240692138672,0.0237579345703125,131,9171,,90,0.04,False,False,False
xgb_trees,trees 10,st,41,immigrant,pincp,-0.14781387524339173,-0.0011722267562568334,-0.14757593512675093,0.005141764364806178,-0.15388992624781395,1186,9367,,91,0.05,True,False,True
xgb_trees,trees 10,st,41,immigrant,hicov,-0.06071924489673575,-0.0071166157722473145,-0.05337744951248169,-0.003036201000213623,-0.05745786428451538,1186,9367,,91,0.05,False,False,False
xgb_trees,trees 10,st,42,sex_female,pincp,-0.2608191999909497,0.011048812055760138,-0.2716346090382249,0.004272920321982454,-0.2648587173044472,15681,20483,,92,0.13,False,False,False
xgb_trees,trees 10,st,42,sex_female,hicov,0.02210470837581824,-0.0018320679664611816,0.02396249771118164,-0.002602696418762207,0.024733126163482666,15681,20483,,92,0.13,False,False,False
xgb_trees,trees 10,st,42,race_bw,pincp,-0.18461695160788594,-0.02621774088224882,-0.15833692475474948,-0.040193658054024084,-0.1443610075829742,1775,32726,,91,0.14,False,False,False
xgb_trees,trees 10,st,42,race_bw,hicov,-0.02623379954603866,-0.006894886493682861,-0.01957601308822632,-0.0039168596267700195,-0.02255403995513916,1775,32726,,91,0.14,False,False,False
xgb_trees,trees 10,st,42,immigrant,pincp,0.01895036834457109,0.018511431294550462,-0.00018253890018193886,0.03166073378771017,-0.013331841393341648,2085,34079,,92,0.12,False,False,False
xgb_trees,trees 10,st,42,immigrant,hicov,-0.05231362901110781,-0.002692103385925293,-0.048990488052368164,-0.00037163496017456055,-0.051310956478118896,2085,34079,,92,0.14,False,False,False
xgb_trees,trees 10,st,44,sex_female,pincp,-0.2343378528442699,0.013742969831648466,-0.2468743947298382,0.007514542733153107,-0.24064596763134283,1329,1569,,88,0.02,False,False,False
xgb_trees,trees 10,st,44,sex_female,hicov,0.019553510668755658,-0.0013654232025146484,0.021258294582366943,-0.0048157572746276855,0.02470862865447998,1329,1569,,88,0.03,False,False,False
xgb_trees,trees 10,st,44,race_bw,pincp,-0.2926052160795276,-0.019075970607406845,-0.2750482286184024,-0.05125991610604963,-0.2428642831197596,123,2515,,87,0.03,False,False,False
xgb_trees,trees 10,st,44,immigrant,pincp,-0.24674267801177407,-0.045895231642500534,-0.2010479968186516,-0.020792606597938246,-0.22615062186321389,463,2435,,88,0.03,False,False,False
xgb_trees,trees 10,st,44,immigrant,hicov,-0.05373667847845276,-0.010389447212219238,-0.04413694143295288,-0.0013420581817626953,-0.053184330463409424,463,2435,,88,0.03,False,False,False
xgb_trees,trees 10,st,45,sex_female,pincp,-0.2785360372270027,-0.0013359498250675728,-0.2776472584786269,-0.007340918008361896,-0.2716422902953326,5691,7032,,92,0.05,False,False,False
xgb_trees,trees 10,st,45,sex_female,hicov,0.032366685197812495,-0.003014206886291504,0.035636186599731445,-0.0003351569175720215,0.03295713663101196,5691,7032,,92,0.06,False,False,False
xgb_trees,trees 10,st,45,race_bw,pincp,-0.3830184381611712,-0.04235368134684414,-0.34110225707919284,-0.05396249609931125,-0.3294934423267257,2541,9653,,91,0.06,False,False,False
xgb_trees,trees 10,st,45,race_bw,hicov,-0.01027585594795033,-0.0058841705322265625,-0.0038875341415405273,-0.00968790054321289,-8.380413055419922e-05,2541,9653,,91,0.06,False,False,False
xgb_trees,trees 10,st,45,immigrant,pincp,-0.08057504916947344,-0.04621646468824103,-0.03503369253842692,0.01912880378231918,-0.10037896100898713,654,12069,,92,0.06,True,False,True
xgb_trees,trees 10,st,45,immigrant,hicov,-0.20226282970777365,-0.03225833177566528,-0.16926443576812744,-0.00822073221206665,-0.19330203533172607,654,12069,,92,0.07,False,False,False
xgb_trees,trees 10,st,46,sex_female,pincp,-0.2908753073247148,0.002137898216467704,-0.29211891858348693,0.0020970012768000146,-0.29207802164381924,1104,1489,,87,0.03,False,False,False
xgb_trees,trees 10,st,46,sex_female,hicov,0.02619511684721776,-0.0028791427612304688,0.029021263122558594,-0.0028517842292785645,0.02899390459060669,1104,1489,,87,0.03,False,False,False
xgb_trees,trees 10,st,46,immigrant,pincp,-0.23296569506982934,0.002756294911659296,-0.24156789256582556,-0.025494915556967257,-0.213316682097199,77,2516,,87,0.03,True,False,True
xgb_trees,trees 10,st,46,immigrant,hicov,-0.05143187496128676,-0.0010325908660888672,-0.05402928590774536,-0.056799113750457764,0.0017372369766235352,77,2516,,87,0.03,False,True,True
xgb_trees,trees 10,st,47,sex_female,pincp,-0.2515418813310255,0.010773627795090945,-0.26207681181061915,0.007181390296112866,-0.25848457431164107,7731,9938,,92,0.08,False,False,False
xgb_trees,trees 10,st,47,sex_female,hicov,0.03620466553737811,-0.0025795698165893555,0.03921067714691162,0.0008121132850646973,0.03581899404525757,7731,9938,,92,0.07,True,False,True
xgb_trees,trees 10,st,47,race_bw,pincp,-0.24291613774690468,-0.035472995126689,-0.2072364697990814,-0.044084925413178766,-0.19862453951259162,2084,14855,,91,0.07,False,False,False
xgb_trees,trees 10,st,47,race_bw,hicov,-0.019212108604546363,-0.00801306962966919,-0.011156141757965088,-0.0067746639251708984,-0.012394547462463379,2084,14855,,91,0.07,False,False,False
xgb_trees,trees 10,st,47,immigrant,pincp,-0.12017643285205182,-0.014948586488012339,-0.1056806144616047,0.0033633033178723792,-0.12399250426748942,982,16687,,92,0.09,True,False,True
xgb_trees,trees 10,st,47,immigrant,hicov,-0.22928094933956544,-0.029417991638183594,-0.19977539777755737,-0.008193790912628174,-0.2209995985031128,982,16687,,92,0.08,False,False,False
xgb_trees,trees 10,st,48,sex_female,pincp,-0.280056055773656,0.011834430154401332,-0.29190443919909015,0.0010570733410393274,-0.28112708238572814,31110,42184,,92,0.32,False,False,False
xgb_trees,trees 10,st,48,sex_female,hicov,0.05040712336269337,-0.00289076566696167,0.05358630418777466,0.0040474534034729,0.04664808511734009,31110,42184,,92,0.34,True,False,True
xgb_trees,trees 10,st,48,race_bw,pincp,-0.2224747386930428,-0.026248101273484536,-0.19642699909522676,-0.026375432699708767,-0.19629966766900253,6632,57703,,91,0.46,False,False,False
xgb_trees,trees 10,st,48,race_bw,hicov,0.020478520087899965,-0.005714714527130127,0.026669561862945557,0.0004228949546813965,0.020531952381134033,6632,57703,,91,0.23,True,False,True
xgb_trees,trees 10,st,48,immigrant,pincp,-0.24244797762234072,-0.030185570322496247,-0.21186421681227863,-0.010749802649959506,-0.23129998448481537,14045,59249,,92,0.29,False,False,False
xgb_trees,trees 10,st,48,immigrant,hicov,-0.18640997892927536,-0.02930152416229248,-0.15747791528701782,-0.014270603656768799,-0.1725088357925415,14045,59249,,92,0.36,False,False,False
xgb_trees,trees 10,st,49,sex_female,pincp,-0.3688677720811935,-0.005978581507184444,-0.3627614921971869,-0.02392614724247899,-0.34481392646189235,2631,4858,,91,0.08,False,False,False
xgb_trees,trees 10,st,49,sex_female,hicov,0.016111383121001355,-0.00543445348739624,0.021968305110931396,-0.007658481597900391,0.024192333221435547,2631,4858,,91,0.05,False,False,False
xgb_trees,trees 10,st,49,race_bw,pincp,-0.3013406887576444,-0.06605916300444648,-0.23570113711886798,-0.02273223765609167,-0.2790280624672228,54,6795,,90,0.04,False,False,False
xgb_trees,trees 10,st,49,immigrant,pincp,-0.33821703312701956,-0.04649614505501809,-0.29246276249552317,-0.030371685359673606,-0.30858722219086765,677,6812,,91,0.05,False,False,False
xgb_trees,trees 10,st,49,immigrant,hicov,-0.16394736545378696,-0.021499454975128174,-0.14193248748779297,-0.008003830909729004,-0.15542811155319214,677,6812,,91,0.05,False,False,False
xgb_trees,trees 10,st,5,sex_female,pincp,-0.2661997987464133,0.005964716535718395,-0.27195253416076604,0.0056450000383971854,-0.2716328176634448,3295,4129,,92,0.05,False,False,False
xgb_trees,trees 10,st,5,sex_female,hicov,0.0323388622831734,-0.0014756321907043457,0.03372490406036377,-0.001946091651916504,0.03419536352157593,3295,4129,,92,0.05,False,False,False
xgb_trees,trees 10,st,5,race_bw,pincp,-0.2823326565036659,-0.03524225827621308,-0.24861375784223405,-0.037952002120849926,-0.2459040139975972,802,6230,,91,0.05,False,False,False
xgb_trees,trees 10,st,5,immigrant,pincp,-0.24308967053588226,-0.008055745932839642,-0.23782273971490397,-0.0063154144382924216,-0.2395630712094512,391,7033,,92,0.04,False,False,False
xgb_trees,trees 10,st,5,immigrant,hicov,-0.14289813131590456,-0.015257179737091064,-0.12609612941741943,-0.005397379398345947,-0.13595592975616455,391,7033,,92,0.04,False,False,False
xgb_trees,trees 10,st,50,sex_female,pincp,-0.14022086869054817,0.009821691197034355,-0.14895430891430195,0.012267887939659161,-0.15140050565692675,852,1028,,86,0.02,False,False,False
xgb_trees,trees 10,st,50,sex_female,hicov,0.029192013298989794,-0.0010367035865783691,0.029696345329284668,0.0004576444625854492,0.02820199728012085,852,1028,,86,0.03,True,False,True
xgb_trees,trees 10,st,50,immigrant,pincp,0.08646994507348538,0.01351225225397279,0.06703654483755273,0.009617753310307009,0.0709310437812185,61,1819,,86,0.02,False,False,False
xgb_trees,trees 10,st,50,immigrant,hicov,-0.033039230706837674,0.0010153651237487793,-0.033606886863708496,0.006448924541473389,-0.039040446281433105,61,1819,,86,0.03,False,False,False
xgb_trees,trees 10,st,51,sex_female,pincp,-0.27302751178342,-0.0029637135534041903,-0.2699910923688442,-0.011753143944918776,-0.26120166197732964,11165,13892,,92,0.14,False,False,False
xgb_trees,trees 10,st,51,sex_female,hicov,0.018292008635743984,-0.0031113028526306152,0.0215071439743042,-0.0013041496276855469,0.01969999074935913,11165,13892,,92,0.09,False,False,False
xgb_trees,trees 10,st,51,race_bw,pincp,-0.3105158451780081,-0.043956725799464635,-0.2667366287938986,-0.055125817554285916,-0.2555675370390773,3571,18633,,91,0.1,False,False,False
xgb_trees,trees 10,st,51,race_bw,hicov,-0.012815493743969841,-0.0077432990074157715,-0.004579305648803711,-0.006454348564147949,-0.005868256092071533,3571,18633,,91,0.13,False,False,False
xgb_trees,trees 10,st,51,immigrant,pincp,-0.08827680242906055,0.0028251743947720342,-0.09091667510092982,0.019813359283590515,-0.1079048599897483,3568,21489,,92,0.11,False,False,False
xgb_trees,trees 10,st,51,immigrant,hicov,-0.08259353987972162,-0.008910179138183594,-0.07351338863372803,-0.0024233460426330566,-0.08000022172927856,3568,21489,,92,0.15,False,False,False
xgb_trees,trees 10,st,53,sex_female,pincp,-0.2748983811241228,0.0008528595220376189,-0.2761911826972838,-0.0027531458495904104,-0.2725851773256558,8203,11854,,92,0.09,True,False,True
xgb_trees,trees 10,st,53,sex_female,hicov,0.02300643443582484,-0.002455592155456543,0.025851428508758545,-0.0023217201232910156,0.025717556476593018,8203,11854,,92,0.09,False,False,False
xgb_trees,trees 10,st,53,race_bw,pincp,-0.2401969338879315,-0.019959421660464827,-0.22020058579692936,-0.01937615718202501,-0.22078385027536918,498,16076,,91,0.07,False,False,False
xgb_trees,trees 10,st,53,immigrant,pincp,-0.06386455533668745,0.0035660487233020177,-0.0678226462490219,0.009725382944370864,-0.07398198047009075,3142,16915,,92,0.09,False,False,False
xgb_trees,trees 10,st,53,immigrant,hicov,-0.08703524361614123,-0.012147903442382812,-0.07508271932601929,-0.001251816749572754,-0.08597880601882935,3142,16915,,92,0.09,False,False,False
xgb_trees,trees 10,st,54,sex_female,pincp,-0.2653994856022521,0.0136501906454356,-0.2787102768433236,0.0017673476891246764,-0.2668274338870127,1870,2372,,91,0.06,False,False,False
xgb_trees,trees 10,st,54,sex_female,hicov,0.019418618282818212,-0.001827538013458252,0.0205078125,-0.0028440356254577637,0.02152431011199951,1870,2372,,91,0.04,False,False,False
xgb_trees,trees 10,st,54,race_bw,pincp,-0.10287333642424024,-0.0447794049182928,-0.05905443865071014,-0.012347123534052429,-0.09148672003495051,95,4041,,90,0.03,False,False,False
xgb_trees,trees 10,st,54,immigrant,pincp,0.09627748981801787,0.03860411206360759,0.05679552744670069,0.03945370405365978,0.0559459354566485,92,4150,,91,0.03,False,False,False
xgb_trees,trees 10,st,54,immigrant,hicov,-0.03514929282346779,-0.002100825309753418,-0.029911279678344727,0.0015525221824645996,-0.033564627170562744,92,4150,,91,0.03,True,False,True
xgb_trees,trees 10,st,55,sex_female,pincp,-0.24014252727026175,0.017193326112581175,-0.2572864001825188,0.012423881951812987,-0.2525169560217506,7379,10129,,92,0.08,False,False,False
xgb_trees,trees 10,st,55,sex_female,hicov,0.020999134207080772,-0.0020301342010498047,0.023229241371154785,-0.003229379653930664,0.024428486824035645,7379,10129,,92,0.08,False,False,False
xgb_trees,trees 10,st,55,race_bw,pincp,-0.23597190532807133,-0.018128400303819348,-0.21688343295507906,-0.031484195702411455,-0.20352763755648695,357,16436,,91,0.07,False,False,False
xgb_trees,trees 10,st,55,race_bw,hicov,-0.03011085183647566,-0.006417334079742432,-0.023037612438201904,-0.0070552825927734375,-0.0223996639251709,357,16436,,91,0.07,False,False,False
xgb_trees,trees 10,st,55,immigrant,pincp,-0.08377285580072602,0.0074813123308885565,-0.09133139061953344,0.007973617721056314,-0.0918236960097012,662,16846,,92,0.09,False,False,False
xgb_trees,trees 10,st,55,immigrant,hicov,-0.1264630042973257,-0.007264375686645508,-0.11815863847732544,-0.0017861723899841309,-0.12363684177398682,662,16846,,92,0.08,False,False,False
xgb_trees,trees 10,st,56,sex_female,pincp,-0.36346992208175166,0.009642502540804898,-0.3725042273309942,0.006717693574957551,-0.36957941836514685,647,956,,85,0.02,False,False,False
xgb_trees,trees 10,st,56,sex_female,hicov,0.03127243214579034,-0.0012724995613098145,0.03184974193572998,-0.007743418216705322,0.03832066059112549,647,956,,85,0.02,False,False,False
xgb_trees,trees 10,st,56,immigrant,pincp,-0.18877279319069018,-0.005513106075373031,-0.16909030540702297,0.006754682826494829,-0.18135809430889083,51,1552,,85,0.03,True,False,True
xgb_trees,trees 10,st,56,immigrant,hicov,-0.07889882757226607,-0.006599605083465576,-0.07285737991333008,-0.006799578666687012,-0.07265740633010864,51,1552,,85,0.02,False,False,False
xgb_trees,trees 10,st,6,sex_female,pincp,-0.18146729971729947,0.014586990677992517,-0.1962012754414051,0.010755771518390134,-0.1923700562818027,41076,58207,,92,0.36,False,False,False
xgb_trees,trees 10,st,6,sex_female,hicov,0.03384123084023194,-0.0008683204650878906,0.03491419553756714,0.000504910945892334,0.033540964126586914,41076,58207,,92,0.42,True,False,True
xgb_trees,trees 10,st,6,race_bw,pincp,-0.18246297664314604,-0.032280564960966984,-0.15005015804876187,-0.024743125900631213,-0.15758759710909764,4119,61748,,91,0.37,False,False,False
xgb_trees,trees 10,st,6,race_bw,hicov,0.015345646834364346,0.001410067081451416,0.014545142650604248,0.0018143057823181152,0.014140903949737549,4119,61748,,91,0.32,False,False,False
xgb_trees,trees 10,st,6,immigrant,pincp,-0.26875090094567966,-0.03205627251800358,-0.23660726430408907,-0.019065881543783192,-0.24959765527830946,35042,64241,,92,0.36,False,False,False
xgb_trees,trees 10,st,6,immigrant,hicov,-0.080050513778545,-0.012652873992919922,-0.06766891479492188,-0.0033599138259887695,-0.07696187496185303,35042,64241,,92,0.37,False,False,False
xgb_trees,trees 10,st,8,sex_female,pincp,-0.21981364393633918,0.006174844515426159,-0.22626303682331184,0.0048171684209652454,-0.22490536072885092,6943,9596,,92,0.13,False,False,False
xgb_trees,trees 10,st,8,sex_female,hicov,0.03742758652198985,-0.0011159181594848633,0.0389975905418396,0.001407027244567871,0.036474645137786865,6943,9596,,92,0.1,True,False,True
xgb_trees,trees 10,st,8,race_bw,pincp,-0.22475618247098517,-0.03354135331638197,-0.190741746231474,-0.03320348774587245,-0.19107961180198352,402,14662,,91,0.08,False,False,False
xgb_trees,trees 10,st,8,immigrant,pincp,-0.23250097022780913,-0.04220640476194504,-0.19153561409565434,-0.018252479821637024,-0.21548953903596235,1649,14890,,92,0.1,False,False,False
xgb_trees,trees 10,st,8,immigrant,hicov,-0.15452220671420613,-0.02865004539489746,-0.1258053183555603,-0.006031155586242676,-0.1484242081642151,1649,14890,,92,0.12,False,False,False
xgb_trees,trees 10,st,9,sex_female,pincp,-0.32591543934684,0.003122122543141259,-0.3286599164316826,-0.011474553737444992,-0.3140632401510963,4662,6012,,92,0.07,True,False,True
xgb_trees,trees 10,st,9,sex_female,hicov,0.01643880835497602,-0.0016353726387023926,0.01807260513305664,-0.0015458464622497559,0.017983078956604004,4662,6012,,92,0.09,False,False,False
xgb_trees,trees 10,st,9,race_bw,pincp,-0.4323223792453419,-0.05527543378886257,-0.3769937789362352,-0.0768648338517437,-0.3554043788733541,757,8886,,91,0.06,False,False,False
xgb_trees,trees 10,st,9,race_bw,hicov,-0.02647716518436527,-0.005689084529876709,-0.021281719207763672,-0.011541664600372314,-0.015429139137268066,757,8886,,91,0.06,False,False,False
xgb_trees,trees 10,st,9,immigrant,pincp,-0.12330295028208837,-0.014538086198999878,-0.10957041992685213,0.002618136730900389,-0.1267266428567524,1722,8952,,92,0.05,True,False,True
xgb_trees,trees 10,st,9,immigrant,hicov,-0.07303061157765922,-0.007712304592132568,-0.06539374589920044,-0.0015317797660827637,-0.07157427072525024,1722,8952,,92,0.05,False,False,False
xgb_trees,trees 25,naics_2,11,sex_female,pincp,-0.17442832844735356,0.02663359989482217,-0.20114412756063693,0.013707912912666487,-0.18821844057848125,1770,10168,,63,0.05,False,False,False
xgb_trees,trees 25,naics_2,11,sex_female,hicov,0.06072557308405235,-0.010093867778778076,0.07133948802947998,-0.0056441426277160645,0.06688976287841797,1770,10168,,63,0.04,False,False,False
xgb_trees,trees 25,naics_2,11,race_bw,pincp,-0.3082373735363646,-0.05546791955267594,-0.25975670328057276,-0.03300411953673432,-0.2822205032965144,198,10459,,62,0.04,False,False,False
xgb_trees,trees 25,naics_2,11,race_bw,hicov,-0.08277004677234145,-0.004364609718322754,-0.0792694091796875,-0.010972559452056885,-0.07266145944595337,198,10459,,62,0.05,False,False,False
xgb_trees,trees 25,naics_2,11,immigrant,pincp,-0.5044989627739547,-0.10802349662581356,-0.3961934444020443,-0.07443337990890875,-0.4297835611189491,2454,9484,,63,0.05,False,False,False
xgb_trees,trees 25,naics_2,11,immigrant,hicov,-0.29192622963498427,-0.03448605537414551,-0.25742584466934204,-0.030545592308044434,-0.2613663077354431,2454,9484,,63,0.05,False,False,False
xgb_trees,trees 25,naics_2,21,sex_female,pincp,-0.1566003960737774,0.08730063216242812,-0.24506897223124113,0.08924704501429304,-0.24701538508310605,858,4828,,60,0.03,False,False,False
xgb_trees,trees 25,naics_2,21,sex_female,hicov,0.029791252657864087,-0.0016772747039794922,0.03203904628753662,-0.003591001033782959,0.03395277261734009,858,4828,,60,0.03,False,False,False
xgb_trees,trees 25,naics_2,21,race_bw,pincp,-0.3229724667527538,-0.04916551606664399,-0.2766985896105396,-0.06695930731908817,-0.25890479835809543,204,5009,,59,0.02,False,False,False
xgb_trees,trees 25,naics_2,21,race_bw,hicov,-0.03411114895149525,-0.01687520742416382,-0.017567992210388184,-0.01738816499710083,-0.017055034637451172,204,5009,,59,0.03,False,False,False
xgb_trees,trees 25,naics_2,21,immigrant,pincp,0.04340662820095709,0.11180050736011715,-0.06856868724630338,0.11152086251929383,-0.06828904240548006,538,5148,,60,0.03,False,False,False
xgb_trees,trees 25,naics_2,21,immigrant,hicov,-0.029199631430114614,-0.0034682154655456543,-0.025110185146331787,-0.0033620595932006836,-0.025216341018676758,538,5148,,60,0.03,False,False,False
xgb_trees,trees 25,naics_2,22,sex_female,pincp,-0.16498741705883546,0.059818974944731096,-0.22520985861717335,0.034183479994432275,-0.19957436366687453,2383,8526,,63,0.04,False,False,False
xgb_trees,trees 25,naics_2,22,race_bw,pincp,-0.20612530453511546,-0.030473328913311448,-0.17533532598153023,-0.02897228439237942,-0.17683637050246226,778,9258,,62,0.04,False,False,False
xgb_trees,trees 25,naics_2,22,race_bw,hicov,-0.010228352495528115,-0.004436075687408447,-0.00429081916809082,-0.006699860095977783,-0.0020270347595214844,778,9258,,62,0.04,False,False,False
xgb_trees,trees 25,naics_2,22,immigrant,pincp,0.05236980693181259,0.08080812309331797,-0.029103125760526538,0.06435408978400048,-0.012649092451209043,791,10118,,63,0.04,False,False,False
xgb_trees,trees 25,naics_2,22,immigrant,hicov,-0.04415682556453315,-0.004804074764251709,-0.03892773389816284,-0.0014421939849853516,-0.0422896146774292,791,10118,,63,0.04,False,False,False
xgb_trees,trees 25,naics_2,23,sex_female,pincp,-0.0626446456082057,0.06736893982238534,-0.1302065815485971,0.07600623189612499,-0.13884387362233674,5486,50901,,58,0.17,False,False,False
xgb_trees,trees 25,naics_2,23,sex_female,hicov,0.10012223552223276,0.013130903244018555,0.08780694007873535,0.017834603786468506,0.0831032395362854,5486,50901,,58,0.19,False,False,False
xgb_trees,trees 25,naics_2,23,race_bw,pincp,-0.2200815585744582,-0.015527316301430005,-0.20498324857550898,-0.02708658071059844,-0.19342398416634055,2207,47852,,57,0.15,False,False,False
xgb_trees,trees 25,naics_2,23,immigrant,pincp,-0.32078281195261127,-0.08838384361776441,-0.23226725573635143,-0.06569187792740472,-0.2549592214267111,11081,45306,,58,0.19,False,False,False
xgb_trees,trees 25,naics_2,23,immigrant,hicov,-0.3059844323527965,-0.05627095699310303,-0.2495640516281128,-0.02816838026046753,-0.2776666283607483,11081,45306,,58,0.19,False,False,False
xgb_trees,trees 25,naics_2,31,sex_female,pincp,-0.2629578528630354,-0.011305011341299576,-0.25218097468344425,-0.018014854066285224,-0.2454711319584586,6080,10147,,65,0.06,False,False,False
xgb_trees,trees 25,naics_2,31,race_bw,pincp,-0.303773085054587,-0.06522609472842866,-0.23938566468680378,-0.08324934212252444,-0.221362417292708,1704,11987,,64,0.06,False,False,False
xgb_trees,trees 25,naics_2,31,race_bw,hicov,-0.015489638422845342,-0.013758540153503418,-0.0013418197631835938,-0.012387454509735107,-0.0027129054069519043,1704,11987,,64,0.06,False,False,False
xgb_trees,trees 25,naics_2,31,immigrant,pincp,-0.34096890087177734,-0.08639620203395992,-0.2545502933092223,-0.052846325367641,-0.2881001699755412,3768,12459,,65,0.08,False,False,False
xgb_trees,trees 25,naics_2,31,immigrant,hicov,-0.12329223291887836,-0.027319610118865967,-0.09598636627197266,-0.015376925468444824,-0.1079290509223938,3768,12459,,65,0.06,False,False,False
xgb_trees,trees 25,naics_2,32,sex_female,pincp,-0.14835792196557485,0.06021878345770837,-0.20844762759337243,0.036884262522987044,-0.1851131066586511,8451,21977,,67,0.12,False,False,False
xgb_trees,trees 25,naics_2,32,sex_female,hicov,0.013688911235591239,-0.005256295204162598,0.01904141902923584,-0.0072994232177734375,0.02108454704284668,8451,21977,,67,0.12,False,False,False
xgb_trees,trees 25,naics_2,32,race_bw,pincp,-0.2647300616488355,-0.06343513165851888,-0.2004880407487004,-0.07352123174295322,-0.19040194066426608,2081,25276,,66,0.1,False,False,False
xgb_trees,trees 25,naics_2,32,race_bw,hicov,-0.011317819176341226,-0.011140286922454834,0.0006388425827026367,-0.01019054651260376,-0.0003108978271484375,2081,25276,,66,0.11,False,True,True
xgb_trees,trees 25,naics_2,32,immigrant,pincp,-0.08673017505501157,0.047072738418799887,-0.13387140180125456,0.050111260199424024,-0.1369099235818787,4028,26400,,67,0.12,False,False,False
xgb_trees,trees 25,naics_2,32,immigrant,hicov,-0.07233731305106683,-0.008766531944274902,-0.06382608413696289,-0.003855586051940918,-0.06873703002929688,4028,26400,,67,0.23,False,False,False
xgb_trees,trees 25,naics_2,33,sex_female,pincp,-0.2637016416912381,-0.010467649881782393,-0.2538004209152973,-0.02235972850117207,-0.24190834229590763,16238,50594,,69,0.27,False,False,False
xgb_trees,trees 25,naics_2,33,race_bw,pincp,-0.32554110402042724,-0.07122405204693472,-0.2546426115843179,-0.09763634052094439,-0.22823032311030822,3920,54728,,68,0.24,False,False,False
xgb_trees,trees 25,naics_2,33,race_bw,hicov,-0.017633588298643477,-0.01128244400024414,-0.005772590637207031,-0.012701809406280518,-0.004353225231170654,3920,54728,,68,0.22,False,False,False
xgb_trees,trees 25,naics_2,33,immigrant,pincp,-0.031002990109508133,0.07276998529850331,-0.10409254081769603,0.07588899278911221,-0.10721154830830493,10156,56676,,69,0.26,False,False,False
xgb_trees,trees 25,naics_2,33,immigrant,hicov,-0.04499232538424991,-0.0028167366981506348,-0.04236745834350586,-0.00205838680267334,-0.043125808238983154,10156,56676,,69,0.25,False,False,False
xgb_trees,trees 25,naics_2,3M,sex_female,pincp,-0.3035433700709156,-0.00902961021491322,-0.2962302935700265,-0.020499523017221577,-0.28476038076771815,879,1984,,57,0.03,False,False,False
xgb_trees,trees 25,naics_2,3M,race_bw,pincp,-0.2366623367706051,-0.04644792495333938,-0.1888263374285355,-0.06214782909500194,-0.17312643328687294,323,2116,,56,0.03,False,False,False
xgb_trees,trees 25,naics_2,3M,race_bw,hicov,-0.028134455453656892,-0.01189720630645752,-0.013990700244903564,-0.006006836891174316,-0.019881069660186768,323,2116,,56,0.03,False,False,False
xgb_trees,trees 25,naics_2,3M,immigrant,pincp,-0.26129086957903347,-0.028492049966095223,-0.23406504743734047,-0.01049332694896421,-0.2520637704544715,595,2268,,57,0.02,False,False,False
xgb_trees,trees 25,naics_2,3M,immigrant,hicov,-0.10675381263616557,-0.029839158058166504,-0.07567179203033447,-0.008279681205749512,-0.09723126888275146,595,2268,,57,0.03,False,False,False
xgb_trees,trees 25,naics_2,42,sex_female,pincp,-0.2022436858462644,0.02325639718431205,-0.2258692741583026,0.000703488040787903,-0.20331636501477846,7903,20186,,63,0.12,False,False,False
xgb_trees,trees 25,naics_2,42,race_bw,pincp,-0.37749029566436754,-0.0674835154272504,-0.3087142105634939,-0.0820936617786181,-0.2941040642121262,1496,23358,,62,0.11,False,False,False
xgb_trees,trees 25,naics_2,42,race_bw,hicov,-0.03178101331838812,-0.01744067668914795,-0.014137029647827148,-0.019870877265930176,-0.011706829071044922,1496,23358,,62,0.11,False,False,False
xgb_trees,trees 25,naics_2,42,immigrant,pincp,-0.2093096720413552,-0.01623991445528361,-0.1922871697916424,0.0009785601676739475,-0.20950564441459996,4233,23856,,63,0.1,True,False,True
xgb_trees,trees 25,naics_2,42,immigrant,hicov,-0.08411581584950278,-0.014484882354736328,-0.06986725330352783,-0.006501138210296631,-0.07785099744796753,4233,23856,,63,0.13,False,False,False
xgb_trees,trees 25,naics_2,44,sex_female,pincp,-0.25509860736859835,-0.00411077942436755,-0.2510520102093743,-0.018535155391289138,-0.2366276342424527,20205,31547,,63,0.21,False,False,False
xgb_trees,trees 25,naics_2,44,sex_female,hicov,0.014269738289013567,-0.007882118225097656,0.02215486764907837,-0.011982738971710205,0.026255488395690918,20205,31547,,63,0.19,False,False,False
xgb_trees,trees 25,naics_2,44,race_bw,pincp,-0.21868542569681537,-0.030752974240957798,-0.18846926760589255,-0.04369949965069608,-0.17552274219615427,3611,41916,,62,0.18,False,False,False
xgb_trees,trees 25,naics_2,44,race_bw,hicov,-0.02434017062887106,-0.012924790382385254,-0.011558592319488525,-0.017092347145080566,-0.007391035556793213,3611,41916,,62,0.18,False,False,False
xgb_trees,trees 25,naics_2,44,immigrant,pincp,-0.09665531045817133,-0.006047324386583952,-0.09029086328696678,0.026161879154390277,-0.12250006682794101,7415,44337,,63,0.2,True,False,True
xgb_trees,trees 25,naics_2,44,immigrant,hicov,-0.09476766488920885,-0.005764901638031006,-0.08936959505081177,-0.0027276277542114258,-0.09240686893463135,7415,44337,,63,0.18,False,False,False
xgb_trees,trees 25,naics_2,45,sex_female,pincp,-0.25316293341938767,-0.02816875646411532,-0.22518176012658309,-0.04346080799345309,-0.20988970859724532,10711,10829,,62,0.09,False,False,False
xgb_trees,trees 25,naics_2,45,sex_female,hicov,0.012157341696831914,-0.005061030387878418,0.017468810081481934,-0.006698131561279297,0.019105911254882812,10711,10829,,62,0.08,False,False,False
xgb_trees,trees 25,naics_2,45,race_bw,pincp,-0.2128505955917941,-0.05532235755815762,-0.1575056466870599,-0.06978461371048006,-0.14304339053473747,2034,17052,,61,0.08,False,False,False
xgb_trees,trees 25,naics_2,45,race_bw,hicov,-0.023157172542498827,-0.007460474967956543,-0.015457391738891602,-0.009890735149383545,-0.0130271315574646,2034,17052,,61,0.08,False,False,False
xgb_trees,trees 25,naics_2,45,immigrant,hicov,-0.04191854009015972,0.007500946521759033,-0.048861682415008545,0.0015033483505249023,-0.042864084243774414,2784,18756,,62,0.08,False,False,False
xgb_trees,trees 25,naics_2,48,sex_female,pincp,-0.21276262819450054,0.03569406320178814,-0.24866711467680602,0.02614257551756971,-0.2391156269925876,5254,23016,,60,0.1,False,False,False
xgb_trees,trees 25,naics_2,48,sex_female,hicov,0.030014488853288057,-0.004137873649597168,0.0348280668258667,-0.003992974758148193,0.034683167934417725,5254,23016,,60,0.12,False,False,False
xgb_trees,trees 25,naics_2,48,race_bw,pincp,-0.19750902181684893,-0.03443597811543242,-0.16296886055354598,-0.0529010877864593,-0.1445037508825191,3689,21206,,59,0.1,False,False,False
xgb_trees,trees 25,naics_2,48,immigrant,pincp,-0.19393861612739371,-0.011913275544744195,-0.182338684838113,0.0005434092334937191,-0.1947953696163509,4910,23360,,60,0.1,True,False,True
xgb_trees,trees 25,naics_2,48,immigrant,hicov,-0.0972118858633485,-0.012392401695251465,-0.08491849899291992,-0.010622262954711914,-0.08668863773345947,4910,23360,,60,0.1,False,False,False
xgb_trees,trees 25,naics_2,49,sex_female,pincp,-0.12368417112049634,-0.0007153876323187092,-0.12197642531341835,-0.019820165794159905,-0.10287164715157715,3808,8351,,58,0.04,False,False,False
xgb_trees,trees 25,naics_2,49,sex_female,hicov,0.014366675001937002,-0.005142390727996826,0.0195654034614563,-0.007252812385559082,0.021675825119018555,3808,8351,,58,0.07,False,False,False
xgb_trees,trees 25,naics_2,49,race_bw,pincp,-0.16454436798651528,-0.030499090825811592,-0.13356840790090807,-0.0320765120539761,-0.13199098667274356,1973,8563,,57,0.04,False,False,False
xgb_trees,trees 25,naics_2,49,race_bw,hicov,-0.016498035874827455,-0.012601375579833984,-0.00425112247467041,-0.011998176574707031,-0.004854321479797363,1973,8563,,57,0.05,False,False,False
xgb_trees,trees 25,naics_2,49,immigrant,pincp,-0.17166827475629098,0.012970298627225318,-0.18442366523450815,0.008263548219984429,-0.17971691482726726,1836,10323,,58,0.05,False,False,False
xgb_trees,trees 25,naics_2,49,immigrant,hicov,-0.0865438493521985,-0.01230156421661377,-0.07464689016342163,-0.004969298839569092,-0.08197915554046631,1836,10323,,58,0.05,False,False,False
xgb_trees,trees 25,naics_2,4M,sex_female,pincp,-0.2786318676631705,-0.027599616809901306,-0.2525444464994866,-0.02904004577266761,-0.2511040175367203,998,1164,,58,0.02,False,False,False
xgb_trees,trees 25,naics_2,4M,sex_female,hicov,0.010045864925727788,-0.008600234985351562,0.01866590976715088,-0.012090206146240234,0.02215588092803955,998,1164,,58,0.02,False,False,False
xgb_trees,trees 25,naics_2,4M,race_bw,pincp,-0.15479391581975044,-0.038267669430458895,-0.11465228062689725,-0.054110796612501844,-0.0988091534448543,247,1637,,57,0.02,False,False,False
xgb_trees,trees 25,naics_2,4M,race_bw,hicov,-0.030964116743623538,-0.011326074600219727,-0.02023261785507202,-0.00909191370010376,-0.02246677875518799,247,1637,,57,0.02,False,False,False
xgb_trees,trees 25,naics_2,4M,immigrant,pincp,-0.0850289573043419,-0.030445493281821,-0.057767059255798614,-0.01095762937782041,-0.0772549231597992,319,1843,,58,0.02,False,False,False
xgb_trees,trees 25,naics_2,4M,immigrant,hicov,-0.13497313396278732,-0.01811736822128296,-0.11541521549224854,0.0003199577331542969,-0.1338525414466858,319,1843,,58,0.02,True,False,True
xgb_trees,trees 25,naics_2,51,sex_female,pincp,-0.2458908158496964,-0.0196400138045405,-0.22610790097073874,-0.017291298800881094,-0.22845661597439815,7812,12919,,61,0.07,False,False,False
xgb_trees,trees 25,naics_2,51,race_bw,pincp,-0.27989747972265633,-0.06499010758985158,-0.21513443185043357,-0.07426683899041286,-0.20585770044987228,1646,16501,,60,0.09,False,False,False
xgb_trees,trees 25,naics_2,51,race_bw,hicov,-0.016109226562578738,-0.005282938480377197,-0.010021984577178955,-0.008470654487609863,-0.006834268569946289,1646,16501,,60,0.07,False,False,False
xgb_trees,trees 25,naics_2,51,immigrant,pincp,0.20968129890285958,0.1046114604769528,0.10533482654486903,0.09837179916884153,0.1115744878529803,2744,17987,,61,0.09,False,False,False
xgb_trees,trees 25,naics_2,51,immigrant,hicov,-0.012184536904771393,0.007983207702636719,-0.01972377300262451,0.003785848617553711,-0.015526413917541504,2744,17987,,61,0.08,False,False,False
xgb_trees,trees 25,naics_2,52,sex_female,pincp,-0.5682567617236298,-0.12567829745841408,-0.4432617928235434,-0.1588475687779205,-0.41009252150403697,29688,23262,,59,0.19,False,False,False
xgb_trees,trees 25,naics_2,52,race_bw,pincp,-0.36008972810087947,-0.06159764364977072,-0.29784275144105443,-0.09843456987756483,-0.2610058252132603,4183,42821,,58,0.17,False,False,False
xgb_trees,trees 25,naics_2,52,race_bw,hicov,-0.014619821613350514,-0.006415426731109619,-0.008132696151733398,-0.005821406841278076,-0.008726716041564941,4183,42821,,58,0.19,False,False,False
xgb_trees,trees 25,naics_2,52,immigrant,pincp,0.12872852116941047,0.07849692739735126,0.04994758704442681,0.08338928474938179,0.04505522969239628,6431,46519,,59,0.2,False,False,False
xgb_trees,trees 25,naics_2,52,immigrant,hicov,-0.013713639558709967,0.0035536885261535645,-0.01735842227935791,0.0003998279571533203,-0.014204561710357666,6431,46519,,59,0.21,False,False,False
xgb_trees,trees 25,naics_2,53,sex_female,pincp,-0.20368571994394458,-0.00817071311254125,-0.19587922690880077,-0.022974648774079398,-0.18107529124726263,7356,9663,,59,0.07,False,False,False
xgb_trees,trees 25,naics_2,53,sex_female,hicov,0.016528081163935893,-0.004627406597137451,0.02145993709564209,-0.00602114200592041,0.02285367250442505,7356,9663,,59,0.07,False,False,False
xgb_trees,trees 25,naics_2,53,race_bw,pincp,-0.36522123116522387,-0.04864491176520502,-0.31564364926019195,-0.07894022195891637,-0.2853483390664806,1331,13771,,58,0.06,False,False,False
xgb_trees,trees 25,naics_2,53,race_bw,hicov,-0.022543426742933304,-0.011377930641174316,-0.011008858680725098,-0.01878225803375244,-0.0036045312881469727,1331,13771,,58,0.06,False,False,False
xgb_trees,trees 25,naics_2,53,immigrant,pincp,-0.16413766013544517,-0.029652023219638224,-0.1343585732097594,-0.009288613992961103,-0.15472198243643653,2515,14504,,59,0.09,False,False,False
xgb_trees,trees 25,naics_2,53,immigrant,hicov,-0.06069583601534756,-0.008011996746063232,-0.05315440893173218,-0.0050817131996154785,-0.05608469247817993,2515,14504,,59,0.06,False,False,False
xgb_trees,trees 25,naics_2,54,sex_female,pincp,-0.3899332779490621,-0.06536405573642234,-0.3248164797942188,-0.07553112550500529,-0.31464941002563585,29018,43958,,60,0.25,False,False,False
xgb_trees,trees 25,naics_2,54,race_bw,pincp,-0.2660095394753377,-0.059652048641595457,-0.20663150913496686,-0.0887231380669995,-0.17756041970956282,3444,58849,,59,0.21,False,False,False
xgb_trees,trees 25,naics_2,54,race_bw,hicov,-0.01714595588240375,-0.007107913494110107,-0.009598851203918457,-0.008512377738952637,-0.008194386959075928,3444,58849,,59,0.24,False,False,False
xgb_trees,trees 25,naics_2,54,immigrant,pincp,0.0722182219525429,0.06939343247180574,0.0031072616733567315,0.08215084202184109,-0.009650147876678616,12006,60970,,60,0.28,False,True,True
xgb_trees,trees 25,naics_2,54,immigrant,hicov,-0.01085133722024234,0.00938880443572998,-0.02009791135787964,0.003322780132293701,-0.01403188705444336,12006,60970,,60,0.29,False,False,False
xgb_trees,trees 25,naics_2,55,sex_female,pincp,-0.41916513373735675,-0.09666648354112972,-0.32127120172850887,-0.12036475484643816,-0.29757293042320043,689,659,,57,0.03,False,False,False
xgb_trees,trees 25,naics_2,55,race_bw,pincp,-0.39175907995863213,-0.035985513166947314,-0.36587500149476604,-0.07986544830381703,-0.3219950663578963,77,1128,,55,0.03,False,False,False
xgb_trees,trees 25,naics_2,55,race_bw,hicov,-0.0421962788984066,0.004704594612121582,-0.04589664936065674,-0.0029458999633789062,-0.03824615478515625,77,1128,,55,0.01,True,False,True
xgb_trees,trees 25,naics_2,55,immigrant,pincp,0.08036547274432237,0.012483980360217473,0.07002564627686603,0.04205882909463554,0.04045079754244796,155,1193,,57,0.03,False,False,False
xgb_trees,trees 25,naics_2,55,immigrant,hicov,-0.013233107103263642,7.3909759521484375e-06,-0.013367652893066406,0.0010777115821838379,-0.014437973499298096,155,1193,,57,0.02,False,False,False
xgb_trees,trees 25,naics_2,56,sex_female,pincp,-0.1285776356521673,0.0238267648272128,-0.15279974679249975,0.019655797931863006,-0.14862877989714995,10600,18487,,60,0.1,False,False,False
xgb_trees,trees 25,naics_2,56,sex_female,hicov,0.04997762323550159,-0.005904555320739746,0.05614972114562988,0.00028395652770996094,0.049961209297180176,10600,18487,,60,0.13,True,False,True
xgb_trees,trees 25,naics_2,56,race_bw,pincp,-0.2488064758317332,-0.04718455668881738,-0.20226169178437026,-0.04785254434131048,-0.20159370413187716,3326,21705,,59,0.1,False,False,False
xgb_trees,trees 25,naics_2,56,immigrant,pincp,-0.2986422731817857,-0.07150426696547996,-0.22674305198423994,-0.03966271871972893,-0.25858460022999097,6273,22814,,60,0.12,False,False,False
xgb_trees,trees 25,naics_2,56,immigrant,hicov,-0.20222463599230545,-0.04724150896072388,-0.15517014265060425,-0.016277015209197998,-0.18613463640213013,6273,22814,,60,0.12,False,False,False
xgb_trees,trees 25,naics_2,61,sex_female,pincp,-0.19832442884073664,0.008158888670795506,-0.20678859809596695,-0.0003724995674811993,-0.19825720985769024,51590,26189,,58,0.31,True,False,True
xgb_trees,trees 25,naics_2,61,race_bw,pincp,-0.1508946986242261,-0.07279010287607868,-0.07788631576448779,-0.06333073156379498,-0.08734568707677148,6910,63986,,57,0.26,False,False,False
xgb_trees,trees 25,naics_2,61,race_bw,hicov,-0.020329754659157317,-0.007521569728851318,-0.012759387493133545,-0.005355536937713623,-0.01492542028427124,6910,63986,,57,0.27,False,False,False
xgb_trees,trees 25,naics_2,61,immigrant,pincp,0.0230344050453688,-0.0019417095836580245,0.02574209828238949,0.018098288584351252,0.005702100114380215,7723,70056,,58,0.28,True,False,True
xgb_trees,trees 25,naics_2,61,immigrant,hicov,-0.017128937570610958,-0.00133591890335083,-0.015742003917694092,-0.0033283233642578125,-0.01374959945678711,7723,70056,,58,0.3,False,False,False
xgb_trees,trees 25,naics_2,62,sex_female,pincp,-0.44504958913086057,-0.09493505866186958,-0.3501151996707801,-0.14320737820952445,-0.3018428801231252,90900,29476,,63,0.47,False,False,False
xgb_trees,trees 25,naics_2,62,race_bw,pincp,-0.2858392759919255,-0.09093671148326266,-0.19509133975548387,-0.10059689410844008,-0.18543115713030645,15995,88854,,62,0.45,False,False,False
xgb_trees,trees 25,naics_2,62,race_bw,hicov,-0.030612993952736645,-0.012066662311553955,-0.01859283447265625,-0.01350104808807373,-0.017158448696136475,15995,88854,,62,0.46,False,False,False
xgb_trees,trees 25,naics_2,62,immigrant,pincp,0.08046984533417856,0.05360220225283463,0.026820069428573845,0.04735493794556689,0.033067333735841586,18087,102289,,63,0.47,False,False,False
xgb_trees,trees 25,naics_2,62,immigrant,hicov,-0.023957826396521553,0.002747774124145508,-0.026742517948150635,-0.0003394484519958496,-0.023655295372009277,18087,102289,,63,0.51,True,False,True
xgb_trees,trees 25,naics_2,71,sex_female,pincp,-0.17333409352919382,0.012884922083522099,-0.1865988905752456,0.00303894165873686,-0.17675291015046035,5061,7575,,58,0.05,False,False,False
xgb_trees,trees 25,naics_2,71,sex_female,hicov,0.025007150389016353,-0.0038425326347351074,0.029556334018707275,-0.006215989589691162,0.03192979097366333,5061,7575,,58,0.07,False,False,False
xgb_trees,trees 25,naics_2,71,race_bw,pincp,-0.23704578398977638,-0.054665741170355275,-0.18336962233773768,-0.06150353241305062,-0.17653183109504234,968,9874,,57,0.06,False,False,False
xgb_trees,trees 25,naics_2,71,race_bw,hicov,-0.017584791513566844,-0.011390268802642822,-0.0070188045501708984,-0.015750110149383545,-0.0026589632034301758,968,9874,,57,0.06,False,False,False
xgb_trees,trees 25,naics_2,71,immigrant,pincp,-0.12326965074971952,-0.04376489043814935,-0.07879752537074936,-0.0246173612463938,-0.09794505456250491,1670,10966,,58,0.05,False,False,False
xgb_trees,trees 25,naics_2,71,immigrant,hicov,-0.05514562703882775,-0.003618001937866211,-0.05178976058959961,-0.005413234233856201,-0.04999452829360962,1670,10966,,58,0.06,False,False,False
xgb_trees,trees 25,naics_2,72,sex_female,pincp,-0.18401379581246324,-0.000596218958227368,-0.18323525582032119,-0.002021741265624044,-0.1818097335129245,14143,17193,,58,0.12,False,False,False
xgb_trees,trees 25,naics_2,72,sex_female,hicov,0.04015889515060789,-0.01264578104019165,0.052676379680633545,-0.013910293579101562,0.05394089221954346,14143,17193,,58,0.14,False,False,False
xgb_trees,trees 25,naics_2,72,race_bw,pincp,-0.1928744781570586,-0.052509794486095274,-0.14142874825424911,-0.045055916383107686,-0.1488826263572367,3165,21329,,57,0.09,False,False,False
xgb_trees,trees 25,naics_2,72,immigrant,pincp,-0.1366419172241944,-0.03392094740344653,-0.10278204953078784,-0.001050635072092021,-0.13565236186214236,9698,21638,,58,0.14,False,False,False
xgb_trees,trees 25,naics_2,72,immigrant,hicov,-0.14235072495587275,-0.0040111541748046875,-0.13826215267181396,-0.00439375638961792,-0.13787955045700073,9698,21638,,58,0.12,False,False,False
xgb_trees,trees 25,naics_2,81,sex_female,pincp,-0.19443770611913358,0.026449816253879987,-0.2209195134956925,-0.00628400793742756,-0.18818568930438495,14329,19378,,63,0.15,True,False,True
xgb_trees,trees 25,naics_2,81,sex_female,hicov,0.028035678892645688,-0.005658745765686035,0.033650100231170654,-0.007311820983886719,0.03530317544937134,14329,19378,,63,0.14,False,False,False
xgb_trees,trees 25,naics_2,81,race_bw,pincp,-0.1435280769370042,-0.008808314135725581,-0.13541422305750928,-0.029753655643792953,-0.1144688815494419,2516,26304,,62,0.13,False,False,False
xgb_trees,trees 25,naics_2,81,race_bw,hicov,-0.025556209118091866,-0.010729372501373291,-0.014736294746398926,-0.012121379375457764,-0.013344287872314453,2516,26304,,62,0.13,False,False,False
xgb_trees,trees 25,naics_2,81,immigrant,pincp,-0.28521872580984997,-0.09110628011724486,-0.1944468064113849,-0.058526408104345506,-0.22702667842428426,6640,27067,,63,0.12,False,False,False
xgb_trees,trees 25,naics_2,81,immigrant,hicov,-0.13345759362866183,-0.031743645668029785,-0.10175073146820068,-0.021064817905426025,-0.11242955923080444,6640,27067,,63,0.18,False,False,False
xgb_trees,trees 25,naics_2,92,sex_female,pincp,-0.2414473940877997,0.0006930341010509267,-0.24227823462862297,-0.018446682004110926,-0.22313851852346112,24767,31895,,60,0.28,True,False,True
xgb_trees,trees 25,naics_2,92,race_bw,pincp,-0.10552062676527818,-0.011048943899300667,-0.09424557220447838,-0.02733621920109819,-0.07795829690268086,7382,43626,,59,0.18,False,False,False
xgb_trees,trees 25,naics_2,92,immigrant,pincp,0.04760441151955597,0.03028622985063123,0.017330774386055126,0.04230815873115468,0.0053088455055316786,4213,52449,,60,0.25,False,False,False
xgb_trees,trees 25,naics_2,92,immigrant,hicov,-0.014170391838873697,0.0025181174278259277,-0.016300678253173828,-0.003709137439727783,-0.010073423385620117,4213,52449,,60,0.2,True,False,True
xgb_trees,trees 25,st,1,sex_female,pincp,-0.31555702394613583,0.016673507658289566,-0.3326183129303093,0.0008955923031219726,-0.3168403975751417,5293,6854,,92,0.08,False,False,False
xgb_trees,trees 25,st,1,sex_female,hicov,0.021982361759625313,-0.008537590503692627,0.030552268028259277,-0.006852686405181885,0.028867363929748535,5293,6854,,92,0.12,False,False,False
xgb_trees,trees 25,st,1,race_bw,pincp,-0.28298982130619343,-0.07267578262002772,-0.21091684347543982,-0.09177441979131373,-0.1918182063041538,2338,9360,,91,0.11,False,False,False
xgb_trees,trees 25,st,1,race_bw,hicov,-0.03265821836181115,-0.015604496002197266,-0.01701563596725464,-0.016381144523620605,-0.0162389874458313,2338,9360,,91,0.09,False,False,False
xgb_trees,trees 25,st,1,immigrant,pincp,-0.10406233370699525,0.0031648927981642316,-0.11151079640164951,0.01448263147235096,-0.12282853507583624,463,11684,,92,0.13,False,False,False
xgb_trees,trees 25,st,1,immigrant,hicov,-0.19473714954566734,-0.02733004093170166,-0.16820955276489258,-0.01756960153579712,-0.17796999216079712,463,11684,,92,0.08,False,False,False
xgb_trees,trees 25,st,10,sex_female,pincp,-0.23852588673327801,0.007244816916960772,-0.24596513460760328,-0.0030363649548927896,-0.2356839527357497,1208,1387,,88,0.05,True,False,True
xgb_trees,trees 25,st,10,sex_female,hicov,0.018984825985857268,-0.005039215087890625,0.024511098861694336,-0.0032276511192321777,0.02269953489303589,1208,1387,,88,0.04,False,False,False
xgb_trees,trees 25,st,10,race_bw,pincp,-0.26441259231673087,-0.06913799661879771,-0.19544849782050377,-0.08312619796775778,-0.18146029647154371,431,1975,,87,0.08,False,False,False
xgb_trees,trees 25,st,10,immigrant,hicov,-0.056482306259616144,-0.013572633266448975,-0.043573081493377686,-0.0014717578887939453,-0.055673956871032715,265,2330,,88,0.04,False,False,False
xgb_trees,trees 25,st,11,sex_female,pincp,-0.1948040157321529,-0.0229845590040334,-0.17295721408155806,-0.033598344098335176,-0.1623434289872563,1214,1142,,68,0.03,False,False,False
xgb_trees,trees 25,st,11,sex_female,hicov,0.01159848469548208,-0.0008974671363830566,0.01215142011642456,-0.003073573112487793,0.014327526092529297,1214,1142,,68,0.02,False,False,False
xgb_trees,trees 25,st,11,race_bw,pincp,-0.5086204482738559,-0.1918938690048133,-0.31658171819261405,-0.12368640109410656,-0.3847891861033208,642,1452,,66,0.02,False,False,False
xgb_trees,trees 25,st,11,race_bw,hicov,-0.030167863855204535,-0.01569807529449463,-0.0156591534614563,-0.014612257480621338,-0.01674497127532959,642,1452,,66,0.02,False,False,False
xgb_trees,trees 25,st,11,immigrant,pincp,-0.20919592588855096,-0.050015315278111316,-0.15704254309336285,0.005931004136986218,-0.21298886250846039,316,2040,,68,0.03,True,False,True
xgb_trees,trees 25,st,11,immigrant,hicov,-0.046624472573839615,-0.00826328992843628,-0.03622901439666748,-0.0016804337501525879,-0.04281187057495117,316,2040,,68,0.02,False,False,False
xgb_trees,trees 25,st,12,sex_female,pincp,-0.22696732350444826,0.01187006297777593,-0.23880525697278365,0.004918028404793162,-0.23185322239980088,22979,28252,,92,0.29,False,False,False
xgb_trees,trees 25,st,12,sex_female,hicov,0.04205411755614552,-0.004803061485290527,0.0470125675201416,-0.0040770769119262695,0.046286582946777344,22979,28252,,92,0.29,False,False,False
xgb_trees,trees 25,st,12,race_bw,pincp,-0.31454446007065684,-0.05278924614387215,-0.26193732205033804,-0.07722701924308062,-0.23749954895112957,6198,41213,,91,0.28,False,False,False
xgb_trees,trees 25,st,12,race_bw,hicov,-0.010981150374180237,-0.016396641731262207,0.005587279796600342,-0.0213739275932312,0.010564565658569336,6198,41213,,91,0.28,False,False,False
xgb_trees,trees 25,st,12,immigrant,pincp,-0.19235966803892168,-0.024045212428017493,-0.16807868613657462,-0.010126196651427222,-0.1819977019131649,12037,39194,,92,0.27,False,False,False
xgb_trees,trees 25,st,12,immigrant,hicov,-0.08944399925169921,-0.023300230503082275,-0.06617224216461182,-0.011117517948150635,-0.07835495471954346,12037,39194,,92,0.29,False,False,False
xgb_trees,trees 25,st,13,sex_female,pincp,-0.2577587064321296,0.009814127579621967,-0.267187933527687,0.0026395197047950347,-0.26001332565286006,11957,14978,,92,0.17,False,False,False
xgb_trees,trees 25,st,13,sex_female,hicov,0.040407528990723085,-0.006506562232971191,0.046865880489349365,0.0012001991271972656,0.03915911912918091,11957,14978,,92,0.14,True,False,True
xgb_trees,trees 25,st,13,race_bw,pincp,-0.3001484008017652,-0.06596124934945813,-0.23331840158003736,-0.07431198286995411,-0.22496766805954138,6248,18543,,91,0.14,False,False,False
xgb_trees,trees 25,st,13,immigrant,pincp,-0.13744674471266727,-0.010611704538851185,-0.12742157927165998,0.014064253167841656,-0.15209753697835282,3334,23601,,92,0.17,True,False,True
xgb_trees,trees 25,st,13,immigrant,hicov,-0.1524436310144861,-0.040142595767974854,-0.11267465353012085,-0.014867901802062988,-0.13794934749603271,3334,23601,,92,0.17,False,False,False
xgb_trees,trees 25,st,15,sex_female,pincp,-0.20822507750450292,0.020163505244884306,-0.22728349018584026,0.009568893232707154,-0.2166888781736631,1861,2153,,87,0.04,False,False,False
xgb_trees,trees 25,st,15,immigrant,pincp,-0.22547582941900401,-0.05323043397432059,-0.1722377999812199,-0.027092850726631923,-0.19837538322890858,811,3203,,87,0.04,False,False,False
xgb_trees,trees 25,st,15,immigrant,hicov,-0.016183964401437767,0.004623711109161377,-0.01998227834701538,-0.0014080405235290527,-0.013950526714324951,811,3203,,87,0.04,True,False,True
xgb_trees,trees 25,st,16,sex_female,pincp,-0.2783884125134932,0.004324342549674398,-0.28321452973255923,-0.008417874919734558,-0.27047231226315027,1482,2423,,92,0.06,True,False,True
xgb_trees,trees 25,st,16,sex_female,hicov,0.02785997661858386,-0.009828925132751465,0.03866016864776611,-0.004687368869781494,0.03351861238479614,1482,2423,,92,0.05,False,False,False
xgb_trees,trees 25,st,16,immigrant,pincp,-0.23283176258720495,-0.07278694364370963,-0.16459647444944103,-0.030899170956152133,-0.20648424713699853,270,3635,,92,0.05,False,False,False
xgb_trees,trees 25,st,16,immigrant,hicov,-0.21530898160884404,-0.04101061820983887,-0.1750398874282837,-0.01496213674545288,-0.20108836889266968,270,3635,,92,0.04,False,False,False
xgb_trees,trees 25,st,17,sex_female,pincp,-0.2669812951341086,0.01592762572057005,-0.2830792299478073,0.002917989940014465,-0.27006959416725174,16072,20780,,92,0.19,False,False,False
xgb_trees,trees 25,st,17,sex_female,hicov,0.021942164973691503,-0.004073798656463623,0.026093125343322754,-0.004925131797790527,0.026944458484649658,16072,20780,,92,0.21,False,False,False
xgb_trees,trees 25,st,17,race_bw,pincp,-0.2526898601930849,-0.0673319692275296,-0.18595005966592915,-0.08569131684494558,-0.16759071204851317,2889,29991,,91,0.18,False,False,False
xgb_trees,trees 25,st,17,race_bw,hicov,-0.010611837064445684,-0.008260548114776611,-0.0017756819725036621,-0.007183551788330078,-0.0028526782989501953,2889,29991,,91,0.19,False,False,False
xgb_trees,trees 25,st,17,immigrant,pincp,-0.15593137100749743,-0.03558850882959774,-0.12104737790012443,0.004995988006198715,-0.1616318747359209,5317,31535,,92,0.2,True,False,True
xgb_trees,trees 25,st,17,immigrant,hicov,-0.10988308425168858,-0.02441471815109253,-0.08538514375686646,-0.005603790283203125,-0.10419607162475586,5317,31535,,92,0.22,False,False,False
xgb_trees,trees 25,st,18,sex_female,pincp,-0.27875708923041387,0.014946893023799035,-0.29407030531153744,0.0009922704105758129,-0.2801156826983142,7777,10797,,92,0.11,False,False,False
xgb_trees,trees 25,st,18,sex_female,hicov,0.0213776825624451,-0.006581783294677734,0.027927696704864502,-0.010579466819763184,0.03192538022994995,7777,10797,,92,0.13,False,False,False
xgb_trees,trees 25,st,18,race_bw,pincp,-0.2081506916689495,-0.05071361647463135,-0.1565944043435703,-0.07283670151540989,-0.13447131930279177,952,16842,,91,0.11,False,False,False
xgb_trees,trees 25,st,18,race_bw,hicov,-0.02568159433349404,-0.01086050271987915,-0.013592839241027832,-0.014934778213500977,-0.009518563747406006,952,16842,,91,0.11,False,False,False
xgb_trees,trees 25,st,18,immigrant,pincp,-0.06084523232568806,0.01582455717861464,-0.0790932609679853,0.0223924283718393,-0.08566113216120996,902,17672,,92,0.11,False,False,False
xgb_trees,trees 25,st,18,immigrant,hicov,-0.12342297535078728,-0.019510328769683838,-0.10413563251495361,-0.007368981838226318,-0.11627697944641113,902,17672,,92,0.1,False,False,False
xgb_trees,trees 25,st,19,sex_female,pincp,-0.2736595145704044,0.02296569042764851,-0.29564912208820715,0.011427314861322202,-0.28411074652188084,4140,5444,,91,0.06,False,False,False
xgb_trees,trees 25,st,19,sex_female,hicov,0.016002371089743006,-0.0023379921913146973,0.018694818019866943,-0.0023656487464904785,0.018722474575042725,4140,5444,,91,0.1,False,False,False
xgb_trees,trees 25,st,19,race_bw,pincp,-0.24415269307218423,0.007154521858323548,-0.25954776170656935,-0.007933675226860615,-0.24445956462138518,111,9195,,90,0.08,True,False,True
xgb_trees,trees 25,st,19,race_bw,hicov,-0.03685316638008318,-0.001526951789855957,-0.03586602210998535,-0.015789031982421875,-0.021603941917419434,111,9195,,90,0.06,False,False,False
xgb_trees,trees 25,st,19,immigrant,pincp,-0.17885441342499675,-0.003421937113545326,-0.1753543892125382,0.002188599196536245,-0.18096492552261978,337,9247,,91,0.07,True,False,True
xgb_trees,trees 25,st,19,immigrant,hicov,-0.09074592802413417,-0.007249295711517334,-0.07982015609741211,-0.004381656646728516,-0.08268779516220093,337,9247,,91,0.09,False,False,False
xgb_trees,trees 25,st,2,sex_female,pincp,-0.2467624061895748,0.015257583630425842,-0.2604408734013024,-0.0043682822914181685,-0.2408150074794584,633,751,,78,0.04,True,False,True
xgb_trees,trees 25,st,2,sex_female,hicov,0.016433065549251835,-0.01780080795288086,0.03416794538497925,0.00047850608825683594,0.015888631343841553,633,751,,78,0.03,True,False,True
xgb_trees,trees 25,st,2,immigrant,pincp,-0.4029133360731656,-0.137441974953326,-0.2688707402200219,-0.015429469843420307,-0.3908832453299276,138,1246,,78,0.02,False,False,False
xgb_trees,trees 25,st,2,immigrant,hicov,-0.051969199990694825,-0.03675645589828491,-0.01690053939819336,-0.0443730354309082,-0.009283959865570068,138,1246,,78,0.02,False,False,False
xgb_trees,trees 25,st,20,sex_female,pincp,-0.2804944645361651,0.017536977544152066,-0.2975358222625939,0.010079707889941503,-0.29007855260838333,3580,4753,,92,0.07,False,False,False
xgb_trees,trees 25,st,20,sex_female,hicov,0.028491913957312542,-0.004009664058685303,0.032680511474609375,-0.002157151699066162,0.030827999114990234,3580,4753,,92,0.06,False,False,False
xgb_trees,trees 25,st,20,race_bw,pincp,-0.17290278528006198,-0.048176734297035395,-0.12823055830240548,-0.07177750004105476,-0.10462979255838611,235,7590,,91,0.05,False,False,False
xgb_trees,trees 25,st,20,race_bw,hicov,-0.07053233537969883,-0.0067999958992004395,-0.06181758642196655,-0.009640514850616455,-0.05897706747055054,235,7590,,91,0.05,False,False,False
xgb_trees,trees 25,st,20,immigrant,pincp,-0.16134057531916035,-0.03712358109610214,-0.12704528854211183,-0.014770921832822026,-0.14939794780539195,556,7777,,92,0.07,False,False,False
xgb_trees,trees 25,st,20,immigrant,hicov,-0.12007737258823514,-0.030755281448364258,-0.08706998825073242,-0.013438165187835693,-0.10438710451126099,556,7777,,92,0.05,False,False,False
xgb_trees,trees 25,st,21,sex_female,pincp,-0.27344839490346473,0.021431775219904026,-0.2942827370266272,0.010728343607352642,-0.28357930541407583,5168,6566,,92,0.09,False,False,False
xgb_trees,trees 25,st,21,sex_female,hicov,0.018908447118046068,-0.0035491585731506348,0.022290527820587158,-0.00472867488861084,0.023470044136047363,5168,6566,,92,0.08,False,False,False
xgb_trees,trees 25,st,21,race_bw,pincp,-0.26856783080580726,-0.06758880426036562,-0.20154383027546885,-0.08040549595169111,-0.18872713858414336,647,10738,,91,0.07,False,False,False
xgb_trees,trees 25,st,21,immigrant,pincp,-0.07145706307004751,0.014840655440409023,-0.08937343371348483,0.03590299688369569,-0.1104357751567715,445,11289,,92,0.08,False,False,False
xgb_trees,trees 25,st,21,immigrant,hicov,-0.12914371253313106,-0.019657611846923828,-0.10799545049667358,-0.0062983036041259766,-0.12135475873947144,445,11289,,92,0.08,False,False,False
xgb_trees,trees 25,st,22,sex_female,pincp,-0.3786737215261695,0.010648164604207366,-0.3895350609664021,-0.02046490790790223,-0.3584219884542925,5065,5961,,92,0.09,True,False,True
xgb_trees,trees 25,st,22,sex_female,hicov,0.02384849994857985,-0.008602917194366455,0.03245747089385986,-0.010838210582733154,0.03469276428222656,5065,5961,,92,0.07,False,False,False
xgb_trees,trees 25,st,22,race_bw,pincp,-0.3835029925119162,-0.09296307459782938,-0.29070294744024316,-0.10124234618371375,-0.2824236758543588,2477,8026,,91,0.08,False,False,False
xgb_trees,trees 25,st,22,race_bw,hicov,-0.029161130645144806,-0.01941239833831787,-0.00863194465637207,-0.02014976739883423,-0.007894575595855713,2477,8026,,91,0.07,False,False,False
xgb_trees,trees 25,st,22,immigrant,pincp,-0.12196761308323723,-0.013427608076328923,-0.10967338822656814,0.040674388952707474,-0.16377538525560453,503,10523,,92,0.07,True,False,True
xgb_trees,trees 25,st,22,immigrant,hicov,-0.16816652116191944,-0.04537379741668701,-0.12392956018447876,-0.013154208660125732,-0.15614914894104004,503,10523,,92,0.07,False,False,False
xgb_trees,trees 25,st,23,sex_female,pincp,-0.19825235908339245,0.03271338738797347,-0.23262257878045922,0.023232624199822638,-0.2231418155923084,1463,1847,,89,0.04,False,False,False
xgb_trees,trees 25,st,23,sex_female,hicov,0.02401966426130797,-0.0016649365425109863,0.025853097438812256,-0.0031161904335021973,0.027304351329803467,1463,1847,,89,0.03,False,False,False
xgb_trees,trees 25,st,23,immigrant,pincp,0.01777096885950158,0.0018264895773913992,0.0081656182113381,0.03929163085527776,-0.02929952306654826,103,3207,,89,0.04,False,True,True
xgb_trees,trees 25,st,23,immigrant,hicov,0.013819890349084707,0.0024282336235046387,0.01015317440032959,0.0005646347999572754,0.012016773223876953,103,3207,,89,0.04,False,False,False
xgb_trees,trees 25,st,24,sex_female,pincp,-0.21181734877639613,0.004998118131702256,-0.2168431548245735,-0.011737429393724241,-0.200107607299147,8713,10246,,92,0.1,True,False,True
xgb_trees,trees 25,st,24,sex_female,hicov,0.020371533298194855,-0.001521289348602295,0.022207915782928467,0.0012049078941345215,0.01948171854019165,8713,10246,,92,0.11,True,False,True
xgb_trees,trees 25,st,24,race_bw,pincp,-0.24287667447884864,-0.04845322084862502,-0.19470342932466878,-0.08478916468006581,-0.158367485493228,4610,12209,,91,0.1,False,False,False
xgb_trees,trees 25,st,24,immigrant,pincp,-0.15568432450642078,0.004582904212002248,-0.16035865633800483,0.031071354644661042,-0.18684710677066363,3231,15728,,92,0.09,False,False,False
xgb_trees,trees 25,st,24,immigrant,hicov,-0.09323396376594617,-0.018942177295684814,-0.0745653510093689,-0.005097746849060059,-0.08840978145599365,3231,15728,,92,0.12,False,False,False
xgb_trees,trees 25,st,25,sex_female,pincp,-0.24144678808740672,0.005470959333717218,-0.24691897091960335,-0.017975088341595225,-0.2234729232442909,9062,11429,,92,0.13,True,False,True
xgb_trees,trees 25,st,25,race_bw,pincp,-0.3719536144677207,-0.09293905161095495,-0.2790940384373197,-0.11127663414951883,-0.26075645589875585,1013,17304,,91,0.12,False,False,False
xgb_trees,trees 25,st,25,race_bw,hicov,-0.02695569022038513,-0.010582447052001953,-0.016468703746795654,-0.009513497352600098,-0.01753765344619751,1013,17304,,91,0.1,False,False,False
xgb_trees,trees 25,st,25,immigrant,pincp,-0.14461822017134907,-0.029724298039116803,-0.11510584950872627,-0.005643850999474509,-0.13918629654836856,3687,16804,,92,0.13,False,False,False
xgb_trees,trees 25,st,25,immigrant,hicov,-0.027022590162996685,-0.005098402500152588,-0.021458208560943604,-0.0018038153648376465,-0.024752795696258545,3687,16804,,92,0.1,False,False,False
xgb_trees,trees 25,st,26,sex_female,pincp,-0.24651994082032935,0.013542797858136169,-0.25926891509286243,0.0017581609801471387,-0.2474842782148734,10790,14934,,92,0.13,False,False,False
xgb_trees,trees 25,st,26,sex_female,hicov,0.019076658955257342,-0.005254268646240234,0.024600565433502197,-0.0062142014503479,0.025560498237609863,10790,14934,,92,0.15,False,False,False
xgb_trees,trees 25,st,26,race_bw,pincp,-0.2167167997666084,-0.051724447332889056,-0.16413859404851294,-0.07780012766116684,-0.13806291372023516,1695,22671,,91,0.14,False,False,False
xgb_trees,trees 25,st,26,race_bw,hicov,-0.01643165823712256,-0.012233078479766846,-0.004849255084991455,-0.011385798454284668,-0.005696535110473633,1695,22671,,91,0.15,False,False,False
xgb_trees,trees 25,st,26,immigrant,pincp,0.11652478612974271,0.10684800524462368,0.009976294755846382,0.10255892324347293,0.014265376756997128,1631,24093,,92,0.14,False,False,False
xgb_trees,trees 25,st,26,immigrant,hicov,-0.03729620884818308,0.01779073476791382,-0.0550379753112793,0.0032899975776672363,-0.040537238121032715,1631,24093,,92,0.15,False,False,False
xgb_trees,trees 25,st,27,sex_female,pincp,-0.22993728022987447,0.01479637923607946,-0.24475260692339162,0.012786831544477906,-0.24274305923179007,7010,9668,,92,0.09,False,False,False
xgb_trees,trees 25,st,27,sex_female,hicov,0.017500090006769664,-0.00023043155670166016,0.017963647842407227,-0.0026929378509521484,0.020426154136657715,7010,9668,,92,0.11,False,False,False
xgb_trees,trees 25,st,27,race_bw,pincp,-0.270576940371841,-0.05834194077742261,-0.2126556751811144,-0.041342461981946244,-0.22965515397659075,307,15438,,91,0.08,False,False,False
xgb_trees,trees 25,st,27,race_bw,hicov,-0.05278400562426233,-0.0214957594871521,-0.03221786022186279,-0.027706682682037354,-0.02600693702697754,307,15438,,91,0.1,False,False,False
xgb_trees,trees 25,st,27,immigrant,pincp,-0.13052885294286476,0.001485204136795204,-0.13168731786641352,0.01723839185261511,-0.14744050558223343,860,15818,,92,0.11,False,False,False
xgb_trees,trees 25,st,27,immigrant,hicov,-0.07335990496549405,-0.0027542710304260254,-0.0702027678489685,-0.008368134498596191,-0.06458890438079834,860,15818,,92,0.09,False,False,False
xgb_trees,trees 25,st,28,sex_female,pincp,-0.31134078456686076,0.012628722097204559,-0.32444217548531995,-0.014070722610671993,-0.2977427307774434,3262,3776,,92,0.05,True,False,True
xgb_trees,trees 25,st,28,sex_female,hicov,0.03289857397458151,-0.009047150611877441,0.04174321889877319,-0.006779968738555908,0.03947603702545166,3262,3776,,92,0.06,False,False,False
xgb_trees,trees 25,st,28,race_bw,pincp,-0.3900275817952199,-0.05768709153465146,-0.3326816923697429,-0.08147855053333863,-0.3088902333710557,2102,4731,,91,0.06,False,False,False
xgb_trees,trees 25,st,28,race_bw,hicov,-0.022910712407444356,-0.02263641357421875,6.461143493652344e-05,-0.02607327699661255,0.0035014748573303223,2102,4731,,91,0.06,False,False,False
xgb_trees,trees 25,st,28,immigrant,pincp,-0.13604796160766774,-0.019495291785787572,-0.11779049146365139,0.04402745898165783,-0.1813132422310968,189,6849,,92,0.06,True,False,True
xgb_trees,trees 25,st,28,immigrant,hicov,-0.20993679994994052,-0.06355196237564087,-0.1406252384185791,-0.021653175354003906,-0.18252402544021606,189,6849,,92,0.06,False,False,False
xgb_trees,trees 25,st,29,sex_female,pincp,-0.27515273629759385,0.0145705732084771,-0.2900643779362895,0.009035289544153002,-0.2845290942719654,7601,9533,,92,0.1,False,False,False
xgb_trees,trees 25,st,29,sex_female,hicov,0.01863879096443022,-0.007424652576446533,0.026121973991394043,-0.008409559726715088,0.027106881141662598,7601,9533,,92,0.09,False,False,False
xgb_trees,trees 25,st,29,race_bw,pincp,-0.1991943295278631,-0.052223466718222866,-0.14642863969885767,-0.07202796348989615,-0.12662414292718438,1153,15279,,91,0.1,False,False,False
xgb_trees,trees 25,st,29,immigrant,hicov,-0.07705422012447072,-0.008340775966644287,-0.06699740886688232,-0.001695394515991211,-0.0736427903175354,742,16392,,92,0.09,False,False,False
xgb_trees,trees 25,st,30,sex_female,pincp,-0.28979446174989043,0.026703821488888835,-0.31611465827838714,0.01931300423741611,-0.3087238410269144,1065,1480,,90,0.04,False,False,False
xgb_trees,trees 25,st,31,sex_female,pincp,-0.281439103191774,0.01847319519617585,-0.29994752697409766,0.019973081716631924,-0.30144741349455373,2516,3334,,92,0.04,False,False,False
xgb_trees,trees 25,st,31,race_bw,pincp,-0.2017146058405448,-0.035032592580453326,-0.17061507073537818,-0.06003839269107836,-0.14560927062475315,119,5464,,91,0.04,False,False,False
xgb_trees,trees 25,st,31,race_bw,hicov,-0.06312363891383777,-0.022306501865386963,-0.04226928949356079,-0.0244598388671875,-0.040115952491760254,119,5464,,91,0.05,False,False,False
xgb_trees,trees 25,st,31,immigrant,pincp,-0.30890042652009875,-0.040301331276648256,-0.2734867575268396,-0.03607045803296849,-0.27771763077051936,283,5567,,92,0.05,False,False,False
xgb_trees,trees 25,st,31,immigrant,hicov,-0.1141031101372868,-0.007570922374725342,-0.10618340969085693,-0.01816415786743164,-0.09559017419815063,283,5567,,92,0.05,False,False,False
xgb_trees,trees 25,st,32,sex_female,pincp,-0.22430918693346769,0.022031998866623326,-0.24667198181152372,0.01762957651694741,-0.2422695594618478,3203,4225,,91,0.05,False,False,False
xgb_trees,trees 25,st,32,sex_female,hicov,0.04386575455333108,-0.004559457302093506,0.04821044206619263,-0.0008803009986877441,0.044531285762786865,3203,4225,,91,0.07,False,False,False
xgb_trees,trees 25,st,32,race_bw,pincp,-0.22144703617116335,-0.03282455416035113,-0.18860870721714562,-0.046049995814613,-0.17538326556288375,508,5229,,90,0.05,False,False,False
xgb_trees,trees 25,st,32,race_bw,hicov,0.01350433605437873,-0.008728504180908203,0.022405564785003662,-0.005130171775817871,0.01880723237991333,508,5229,,90,0.05,False,False,False
xgb_trees,trees 25,st,32,immigrant,pincp,-0.30383233352831596,-0.06134399697584669,-0.24476499760039339,-0.04524170711568587,-0.2608672874605542,1872,5556,,91,0.05,False,False,False
xgb_trees,trees 25,st,32,immigrant,hicov,-0.1171244761957504,-0.03125876188278198,-0.08670884370803833,-0.011990964412689209,-0.1059766411781311,1872,5556,,91,0.07,False,False,False
xgb_trees,trees 25,st,33,sex_female,pincp,-0.2749833742141927,0.016595270278278562,-0.292635888845858,0.001127148701931091,-0.27716776726951053,1775,2482,,92,0.06,False,False,False
xgb_trees,trees 25,st,33,sex_female,hicov,0.02131947202959905,-0.0036763548851013184,0.02507317066192627,-0.002282559871673584,0.023679375648498535,1775,2482,,92,0.04,False,False,False
xgb_trees,trees 25,st,33,immigrant,pincp,-0.01960434517791043,0.0029361030825310053,-0.025639633750349944,0.033924965206720614,-0.05662849587453955,213,4044,,92,0.04,False,False,False
xgb_trees,trees 25,st,34,sex_female,pincp,-0.27959417182269064,0.002797504184837152,-0.28277192951931696,-0.015751900892221116,-0.2642225244422587,11310,14947,,92,0.14,True,False,True
xgb_trees,trees 25,st,34,sex_female,hicov,0.026453037100081955,-0.0037599802017211914,0.030576646327972412,-0.006048321723937988,0.03286498785018921,11310,14947,,92,0.14,False,False,False
xgb_trees,trees 25,st,34,race_bw,pincp,-0.3485279411658162,-0.07801609898605477,-0.27037844245269405,-0.10536200269388019,-0.24303253874486863,2450,19368,,91,0.13,False,False,False
xgb_trees,trees 25,st,34,immigrant,pincp,-0.18133677494972034,-0.020512532151849783,-0.16107373386513224,0.01812115236002043,-0.19970741837700245,6979,19278,,92,0.18,True,False,True
xgb_trees,trees 25,st,34,immigrant,hicov,-0.1122939833089891,-0.021365106105804443,-0.09134584665298462,-0.0063468217849731445,-0.10636413097381592,6979,19278,,92,0.13,False,False,False
xgb_trees,trees 25,st,35,sex_female,pincp,-0.19025334313377584,0.02790234122620916,-0.2187910645662665,0.008607794007678748,-0.1994965173477361,2064,2495,,90,0.03,False,False,False
xgb_trees,trees 25,st,35,sex_female,hicov,0.027719392272917864,-0.007609426975250244,0.03560870885848999,0.0009350180625915527,0.027064263820648193,2064,2495,,90,0.04,True,False,True
xgb_trees,trees 25,st,35,race_bw,pincp,-0.15214511430401068,-0.025717571159709962,-0.12882808668940626,-0.008072983151922841,-0.14647267469719338,67,3264,,88,0.03,False,False,False
xgb_trees,trees 25,st,35,immigrant,pincp,-0.22003643556194064,-0.05438582299396977,-0.16875843616222141,-0.017976562728865275,-0.2051676964273259,490,4069,,90,0.05,False,False,False
xgb_trees,trees 25,st,35,immigrant,hicov,-0.16557044051338898,-0.05604350566864014,-0.11090129613876343,-0.01092827320098877,-0.1560165286064148,490,4069,,90,0.04,False,False,False
xgb_trees,trees 25,st,36,sex_female,pincp,-0.2004874804493344,0.028268037471208984,-0.22851293686574614,0.016079900632888666,-0.21632480002742582,24821,30289,,92,0.29,False,False,False
xgb_trees,trees 25,st,36,sex_female,hicov,0.03008149330087584,-0.0009511709213256836,0.031187355518341064,-0.00014823675155639648,0.030384421348571777,24821,30289,,92,0.31,False,False,False
xgb_trees,trees 25,st,36,race_bw,pincp,-0.27242488117953023,-0.059628343682776475,-0.21312284778059087,-0.09072247884199136,-0.182028712621376,6432,39884,,91,0.23,False,False,False
xgb_trees,trees 25,st,36,race_bw,hicov,-0.021661153788773424,-0.010280013084411621,-0.011350274085998535,-0.022236526012420654,0.000606238842010498,6432,39884,,91,0.23,False,True,True
xgb_trees,trees 25,st,36,immigrant,pincp,-0.16921449805576216,-0.057469736942417526,-0.11165797657105614,-0.019029754373125485,-0.15009795914034818,13520,41590,,92,0.3,False,False,False
xgb_trees,trees 25,st,36,immigrant,hicov,-0.08273276675236285,-0.015138506889343262,-0.06786131858825684,-0.0055866241455078125,-0.07741320133209229,13520,41590,,92,0.29,False,False,False
xgb_trees,trees 25,st,37,sex_female,pincp,-0.2513797037125798,0.0037566257766101785,-0.25514493248028813,-0.007524383552539149,-0.2438639231511388,11762,14924,,92,0.13,True,False,True
xgb_trees,trees 25,st,37,sex_female,hicov,0.026121671345438635,-0.005964875221252441,0.03260523080825806,-0.0006809830665588379,0.027321338653564453,11762,14924,,92,0.15,False,False,False
xgb_trees,trees 25,st,37,race_bw,pincp,-0.3428412819155735,-0.06666077421042083,-0.27685281855298705,-0.08911418747713462,-0.25439940528627325,4251,20487,,91,0.17,False,False,False
xgb_trees,trees 25,st,37,race_bw,hicov,-0.020227158183069305,-0.015802741050720215,-0.0044403076171875,-0.014194130897521973,-0.006048917770385742,4251,20487,,91,0.14,False,False,False
xgb_trees,trees 25,st,37,immigrant,pincp,-0.10334814145842763,-0.012602056411958884,-0.09103210749788637,0.010365294635018785,-0.11399945854486404,2369,24317,,92,0.16,True,False,True
xgb_trees,trees 25,st,37,immigrant,hicov,-0.16151536030195512,-0.04280960559844971,-0.1194847822189331,-0.013921380043029785,-0.14837300777435303,2369,24317,,92,0.14,False,False,False
xgb_trees,trees 25,st,38,sex_female,pincp,-0.40017355186717296,0.015612298276661107,-0.4174967512572554,0.005645032080742851,-0.4075294850613371,943,1416,,88,0.03,False,False,False
xgb_trees,trees 25,st,38,sex_female,hicov,0.016556727836991025,-0.005846083164215088,0.022771596908569336,-0.00136566162109375,0.018291175365447998,943,1416,,88,0.04,False,False,False
xgb_trees,trees 25,st,38,immigrant,pincp,-0.05300269840215499,-0.10296694777364657,0.04129680621894494,-0.0033888124139682674,-0.05828132914073336,67,2292,,88,0.03,False,True,True
xgb_trees,trees 25,st,38,immigrant,hicov,-0.01301737386366586,-0.002467036247253418,-0.01066058874130249,-0.014196574687957764,0.0010689496994018555,67,2292,,88,0.03,False,True,True
xgb_trees,trees 25,st,39,sex_female,pincp,-0.26401311233596125,0.01257871171016589,-0.2769213211397421,-0.0013892231194319038,-0.2629533863101443,14095,18698,,92,0.18,True,False,True
xgb_trees,trees 25,st,39,sex_female,hicov,0.017501789330388817,-0.004846513271331787,0.022521793842315674,-0.007465541362762451,0.025140821933746338,14095,18698,,92,0.19,False,False,False
xgb_trees,trees 25,st,39,race_bw,pincp,-0.24536897415986836,-0.06196650073370513,-0.18435034024956387,-0.07484331077285944,-0.17147353021040956,2358,29190,,91,0.16,False,False,False
xgb_trees,trees 25,st,39,race_bw,hicov,-0.01722050930684027,-0.009282708168029785,-0.007786750793457031,-0.013326764106750488,-0.003742694854736328,2358,29190,,91,0.19,False,False,False
xgb_trees,trees 25,st,39,immigrant,pincp,0.048812748806545514,0.08765822630619624,-0.03910289103365017,0.0881775984641191,-0.039622263191573026,1377,31416,,92,0.2,False,False,False
xgb_trees,trees 25,st,39,immigrant,hicov,-0.04787251600977094,0.0015358924865722656,-0.04883396625518799,0.0011593103408813477,-0.04845738410949707,1377,31416,,92,0.17,False,False,False
xgb_trees,trees 25,st,4,sex_female,pincp,-0.23532286018952853,0.006589880364343159,-0.2420906254125068,-0.010090356780242615,-0.22541038826792104,7274,9525,,92,0.1,True,False,True
xgb_trees,trees 25,st,4,sex_female,hicov,0.028002182295263744,-0.00614088773727417,0.03429067134857178,7.003545761108398e-05,0.028079748153686523,7274,9525,,92,0.1,True,False,True
xgb_trees,trees 25,st,4,race_bw,pincp,-0.23746491036643214,-0.03266071204518539,-0.20627163963657225,-0.04728217809987889,-0.19165017358187875,580,13266,,91,0.08,False,False,False
xgb_trees,trees 25,st,4,immigrant,pincp,-0.22653950430917114,-0.03677108006634988,-0.18988555356252768,-0.031951949591112694,-0.19470468403776486,2617,14182,,92,0.1,False,False,False
xgb_trees,trees 25,st,4,immigrant,hicov,-0.12441581133134316,-0.028914451599121094,-0.09600138664245605,-0.017468035221099854,-0.1074478030204773,2617,14182,,92,0.1,False,False,False
xgb_trees,trees 25,st,40,sex_female,pincp,-0.29664627375391106,0.02375998384182232,-0.31954941083917454,0.010454721811871792,-0.306244148809224,4029,5523,,92,0.07,False,False,False
xgb_trees,trees 25,st,40,sex_female,hicov,0.0268521712963955,-0.009946227073669434,0.037438392639160156,-0.0031081438064575195,0.030600309371948242,4029,5523,,92,0.06,False,False,False
xgb_trees,trees 25,st,40,race_bw,pincp,-0.2351882977597448,-0.027255404603955924,-0.2091640954918912,-0.05246339020642665,-0.18395610988942046,446,7317,,91,0.06,False,False,False
xgb_trees,trees 25,st,40,immigrant,pincp,-0.21193833439191856,-0.04114085517339383,-0.17039758144563422,-0.0023520027308610025,-0.20918643388816704,556,8996,,92,0.06,False,False,False
xgb_trees,trees 25,st,40,immigrant,hicov,-0.21967477152115567,-0.04564642906188965,-0.1740747094154358,-0.04026329517364502,-0.17945784330368042,556,8996,,92,0.08,False,False,False
xgb_trees,trees 25,st,41,sex_female,pincp,-0.2149141704901094,0.016661416105860027,-0.23193308191989814,0.0032345714929693514,-0.21850623730700747,4421,6132,,91,0.07,False,False,False
xgb_trees,trees 25,st,41,sex_female,hicov,0.019092850303944253,-0.003644406795501709,0.022866666316986084,-0.001204848289489746,0.02042710781097412,4421,6132,,91,0.08,False,False,False
xgb_trees,trees 25,st,41,race_bw,pincp,-0.25634392603690337,-0.03211653997829167,-0.2264449732369389,-0.03707936733794703,-0.22148214587728354,131,9171,,90,0.06,False,False,False
xgb_trees,trees 25,st,41,race_bw,hicov,0.014280827134320662,-0.006456911563873291,0.02023214101791382,-0.01522517204284668,0.029000401496887207,131,9171,,90,0.08,False,False,False
xgb_trees,trees 25,st,41,immigrant,pincp,-0.14781387524339173,-0.004797629917733914,-0.1435376843635403,0.009816114494610062,-0.15815142877588428,1186,9367,,91,0.08,True,False,True
xgb_trees,trees 25,st,41,immigrant,hicov,-0.06071924489673575,-0.014144301414489746,-0.04654741287231445,-0.0063939690589904785,-0.05429774522781372,1186,9367,,91,0.08,False,False,False
xgb_trees,trees 25,st,42,sex_female,pincp,-0.2608191999909497,0.019907094374694623,-0.2804308552670527,0.00409608821152041,-0.2646198491038785,15681,20483,,92,0.19,False,False,False
xgb_trees,trees 25,st,42,sex_female,hicov,0.02210470837581824,-0.004163205623626709,0.026216566562652588,-0.00491940975189209,0.02697277069091797,15681,20483,,92,0.22,False,False,False
xgb_trees,trees 25,st,42,race_bw,pincp,-0.18461695160788594,-0.04775054830533065,-0.13695426626309803,-0.07557120431314601,-0.10913361025528268,1775,32726,,91,0.18,False,False,False
xgb_trees,trees 25,st,42,race_bw,hicov,-0.02623379954603866,-0.012261807918548584,-0.0139390230178833,-0.007192075252532959,-0.019008755683898926,1775,32726,,91,0.22,False,False,False
xgb_trees,trees 25,st,42,immigrant,pincp,0.01895036834457109,0.04099559300599154,-0.023257999178943223,0.06109565472330125,-0.04335806089625294,2085,34079,,92,0.19,False,False,False
xgb_trees,trees 25,st,42,immigrant,hicov,-0.05231362901110781,-0.004287242889404297,-0.04736131429672241,-0.0005651712417602539,-0.051083385944366455,2085,34079,,92,0.21,False,False,False
xgb_trees,trees 25,st,44,sex_female,pincp,-0.2343378528442699,0.02328271425838402,-0.25910238432534705,0.018138026679794805,-0.25395769674675783,1329,1569,,88,0.04,False,False,False
xgb_trees,trees 25,st,44,sex_female,hicov,0.019553510668755658,-0.0025964975357055664,0.022409498691558838,-0.006542205810546875,0.026355206966400146,1329,1569,,88,0.03,False,False,False
xgb_trees,trees 25,st,44,race_bw,pincp,-0.2926052160795276,-0.03799210301939837,-0.25656779461779244,-0.09246121402408747,-0.20209868361310335,123,2515,,87,0.03,False,False,False
xgb_trees,trees 25,st,44,immigrant,pincp,-0.24674267801177407,-0.08181178549206614,-0.16738952425226294,-0.03834744883567254,-0.21085386090865654,463,2435,,88,0.04,False,False,False
xgb_trees,trees 25,st,44,immigrant,hicov,-0.05373667847845276,-0.02120208740234375,-0.03196108341217041,-0.002649068832397461,-0.0505141019821167,463,2435,,88,0.03,False,False,False
xgb_trees,trees 25,st,45,sex_female,pincp,-0.2785360372270027,-0.002659117527658239,-0.2763305874001034,-0.014194648087151762,-0.2647950568406099,5691,7032,,92,0.09,False,False,False
xgb_trees,trees 25,st,45,sex_female,hicov,0.032366685197812495,-0.006220042705535889,0.038692593574523926,-0.0014723539352416992,0.033944904804229736,5691,7032,,92,0.1,False,False,False
xgb_trees,trees 25,st,45,race_bw,pincp,-0.3830184381611712,-0.07561565825198535,-0.30760414825379456,-0.09990399668467198,-0.28331580982110793,2541,9653,,91,0.07,False,False,False
xgb_trees,trees 25,st,45,race_bw,hicov,-0.01027585594795033,-0.013899803161621094,0.0040555596351623535,-0.01852637529373169,0.00868213176727295,2541,9653,,91,0.08,False,False,False
xgb_trees,trees 25,st,45,immigrant,pincp,-0.08057504916947344,-0.0815049897126876,0.00032674799068921345,0.021422520881481333,-0.10260076260347972,654,12069,,92,0.08,True,True,True
xgb_trees,trees 25,st,45,immigrant,hicov,-0.20226282970777365,-0.062447309494018555,-0.1390979290008545,-0.01708298921585083,-0.18446224927902222,654,12069,,92,0.09,False,False,False
xgb_trees,trees 25,st,46,sex_female,pincp,-0.2908753073247148,0.0009763459430125465,-0.2917070779486579,0.0053517421776998475,-0.2960824741833452,1104,1489,,87,0.04,False,False,False
xgb_trees,trees 25,st,46,sex_female,hicov,0.02619511684721776,-0.006088316440582275,0.03204160928726196,-0.006206035614013672,0.03215932846069336,1104,1489,,87,0.04,False,False,False
xgb_trees,trees 25,st,46,immigrant,pincp,-0.23296569506982934,0.002222088025035873,-0.2528047751167417,-0.0600136888292262,-0.19056899826247964,77,2516,,87,0.04,True,False,True
xgb_trees,trees 25,st,46,immigrant,hicov,-0.05143187496128676,-0.004527926445007324,-0.051012635231018066,-0.09551018476486206,0.03996962308883667,77,2516,,87,0.04,False,True,True
xgb_trees,trees 25,st,47,sex_female,pincp,-0.2515418813310255,0.019771620081113994,-0.27165482350819836,0.00756394283060402,-0.2594471462576884,7731,9938,,92,0.11,False,False,False
xgb_trees,trees 25,st,47,sex_female,hicov,0.03620466553737811,-0.004374563694000244,0.040925800800323486,0.001340627670288086,0.035210609436035156,7731,9938,,92,0.12,True,False,True
xgb_trees,trees 25,st,47,race_bw,pincp,-0.24291613774690468,-0.06320574916474797,-0.17989012353230116,-0.0792586219673801,-0.16383725072966904,2084,14855,,91,0.11,False,False,False
xgb_trees,trees 25,st,47,race_bw,hicov,-0.019212108604546363,-0.014995217323303223,-0.0039511919021606445,-0.011690139770507812,-0.007256269454956055,2084,14855,,91,0.1,False,False,False
xgb_trees,trees 25,st,47,immigrant,pincp,-0.12017643285205182,-0.027934742825561187,-0.09242806903553102,0.010962670975473543,-0.13132548283656575,982,16687,,92,0.14,True,False,True
xgb_trees,trees 25,st,47,immigrant,hicov,-0.22928094933956544,-0.05412781238555908,-0.17520684003829956,-0.01529538631439209,-0.21403926610946655,982,16687,,92,0.16,False,False,False
xgb_trees,trees 25,st,48,sex_female,pincp,-0.280056055773656,0.015513961218273309,-0.29522317070312454,-0.001765214908189705,-0.2779439945766615,31110,42184,,92,0.43,True,False,True
xgb_trees,trees 25,st,48,sex_female,hicov,0.05040712336269337,-0.0074713826179504395,0.0582086443901062,0.005668580532073975,0.04506868124008179,31110,42184,,92,0.4,True,False,True
xgb_trees,trees 25,st,48,race_bw,pincp,-0.2224747386930428,-0.045624972074714165,-0.177065462763899,-0.048879668091641904,-0.17381076674697127,6632,57703,,91,0.36,False,False,False
xgb_trees,trees 25,st,48,race_bw,hicov,0.020478520087899965,-0.009671628475189209,0.030592918395996094,-0.0007500648498535156,0.0216713547706604,6632,57703,,91,0.37,False,False,False
xgb_trees,trees 25,st,48,immigrant,pincp,-0.24244797762234072,-0.0535010489254617,-0.1890981848643225,-0.021926491244242285,-0.22067274254554192,14045,59249,,92,0.38,False,False,False
xgb_trees,trees 25,st,48,immigrant,hicov,-0.18640997892927536,-0.05711507797241211,-0.12966418266296387,-0.02770686149597168,-0.1590723991394043,14045,59249,,92,0.42,False,False,False
xgb_trees,trees 25,st,49,sex_female,pincp,-0.3688677720811935,-0.012814362805853463,-0.35742997063094606,-0.041360653438973216,-0.3288836799978263,2631,4858,,91,0.06,False,False,False
xgb_trees,trees 25,st,49,sex_female,hicov,0.016111383121001355,-0.010743260383605957,0.026894450187683105,-0.013133883476257324,0.029285073280334473,2631,4858,,91,0.06,False,False,False
xgb_trees,trees 25,st,49,race_bw,pincp,-0.3013406887576444,-0.13498213047311047,-0.1710764033729486,-0.054048241368981564,-0.2520102924770775,54,6795,,90,0.07,False,False,False
xgb_trees,trees 25,st,49,immigrant,pincp,-0.33821703312701956,-0.08726951919686599,-0.2521070458226813,-0.057453671016427066,-0.2819228940031202,677,6812,,91,0.07,False,False,False
xgb_trees,trees 25,st,49,immigrant,hicov,-0.16394736545378696,-0.03771483898162842,-0.12542450428009033,-0.01865088939666748,-0.14448845386505127,677,6812,,91,0.06,False,False,False
xgb_trees,trees 25,st,5,sex_female,pincp,-0.2661997987464133,0.009167646774159266,-0.2755479376089145,0.011784227750217369,-0.2781645185849726,3295,4129,,92,0.06,False,False,False
xgb_trees,trees 25,st,5,sex_female,hicov,0.0323388622831734,-0.004444897174835205,0.03696084022521973,-0.0029477477073669434,0.035463690757751465,3295,4129,,92,0.06,False,False,False
xgb_trees,trees 25,st,5,race_bw,pincp,-0.2823326565036659,-0.0647159243985378,-0.21963262450828935,-0.0662935444159487,-0.21805500449087845,802,6230,,91,0.06,False,False,False
xgb_trees,trees 25,st,5,immigrant,pincp,-0.24308967053588226,-0.014475131537254882,-0.23140155982618715,-0.013375744323383287,-0.23250094704005875,391,7033,,92,0.06,False,False,False
xgb_trees,trees 25,st,5,immigrant,hicov,-0.14289813131590456,-0.029319405555725098,-0.11082905530929565,-0.011165499687194824,-0.12898296117782593,391,7033,,92,0.05,False,False,False
xgb_trees,trees 25,st,50,sex_female,pincp,-0.14022086869054817,0.018840531271848704,-0.15836065288647738,0.02545998657484283,-0.1649801081894715,852,1028,,86,0.03,False,False,False
xgb_trees,trees 25,st,50,sex_female,hicov,0.029192013298989794,-0.0014578700065612793,0.0294266939163208,0.002578437328338623,0.0253903865814209,852,1028,,86,0.03,True,False,True
xgb_trees,trees 25,st,50,immigrant,pincp,0.08646994507348538,0.019246901042858866,0.054671563310503046,0.025709868076907227,0.048208596276454685,61,1819,,86,0.03,False,False,False
xgb_trees,trees 25,st,50,immigrant,hicov,-0.033039230706837674,0.003618896007537842,-0.037653982639312744,0.014678359031677246,-0.04871344566345215,61,1819,,86,0.03,False,False,False
xgb_trees,trees 25,st,51,sex_female,pincp,-0.27302751178342,-0.008243334474943964,-0.2648634365509057,-0.023263948426075487,-0.2498428225997742,11165,13892,,92,0.16,False,False,False
xgb_trees,trees 25,st,51,sex_female,hicov,0.018292008635743984,-0.0062599778175354,0.024793267250061035,-0.0026769638061523438,0.02121025323867798,11165,13892,,92,0.15,False,False,False
xgb_trees,trees 25,st,51,race_bw,pincp,-0.3105158451780081,-0.08205006527028402,-0.22868889512976232,-0.09824583946039844,-0.2124931209396479,3571,18633,,91,0.14,False,False,False
xgb_trees,trees 25,st,51,race_bw,hicov,-0.012815493743969841,-0.0144234299659729,0.0019095540046691895,-0.011847972869873047,-0.0006659030914306641,3571,18633,,91,0.19,False,True,True
xgb_trees,trees 25,st,51,immigrant,pincp,-0.08827680242906055,0.0072414051491342946,-0.09481293710547689,0.037086676300537746,-0.12465820825688034,3568,21489,,92,0.18,False,False,False
xgb_trees,trees 25,st,51,immigrant,hicov,-0.08259353987972162,-0.016782522201538086,-0.06588518619537354,-0.004102587699890137,-0.07856512069702148,3568,21489,,92,0.17,False,False,False
xgb_trees,trees 25,st,53,sex_female,pincp,-0.2748983811241228,-0.00043291254285371394,-0.27449851690143845,-0.01141608526609339,-0.2635153441781988,8203,11854,,92,0.14,False,False,False
xgb_trees,trees 25,st,53,sex_female,hicov,0.02300643443582484,-0.004971504211425781,0.028276562690734863,-0.0051940083503723145,0.028499066829681396,8203,11854,,92,0.14,False,False,False
xgb_trees,trees 25,st,53,race_bw,pincp,-0.2401969338879315,-0.042453565031236096,-0.19905029324400836,-0.03469544059880114,-0.2068084176764433,498,16076,,91,0.13,False,False,False
xgb_trees,trees 25,st,53,immigrant,pincp,-0.06386455533668745,0.00745989364248878,-0.07049585760185906,0.023336728105075366,-0.08637269206444564,3142,16915,,92,0.13,False,False,False
xgb_trees,trees 25,st,53,immigrant,hicov,-0.08703524361614123,-0.024535298347473145,-0.06297290325164795,-0.002903759479522705,-0.08460444211959839,3142,16915,,92,0.15,False,False,False
xgb_trees,trees 25,st,54,sex_female,pincp,-0.2653994856022521,0.022225766241673384,-0.28716589427517114,0.0027715057609505322,-0.2677116337944483,1870,2372,,91,0.05,False,False,False
xgb_trees,trees 25,st,54,sex_female,hicov,0.019418618282818212,-0.004101455211639404,0.02225649356842041,-0.004304349422454834,0.02245938777923584,1870,2372,,91,0.04,False,False,False
xgb_trees,trees 25,st,54,race_bw,pincp,-0.10287333642424024,-0.07109144071675111,-0.032272325887211295,-0.023591058313460422,-0.07977270829050198,95,4041,,90,0.05,False,False,False
xgb_trees,trees 25,st,54,immigrant,pincp,0.09627748981801787,0.05362762339268734,0.04349473171923535,0.06876842559226937,0.02835392951965332,92,4150,,91,0.04,False,False,False
xgb_trees,trees 25,st,54,immigrant,hicov,-0.03514929282346779,-0.0024518370628356934,-0.02931225299835205,0.0041762590408325195,-0.035940349102020264,92,4150,,91,0.05,True,False,True
xgb_trees,trees 25,st,55,sex_female,pincp,-0.24014252727026175,0.030897772927930944,-0.2711767580234028,0.022484652954396722,-0.2627636380498686,7379,10129,,92,0.12,False,False,False
xgb_trees,trees 25,st,55,sex_female,hicov,0.020999134207080772,-0.004002392292022705,0.0249330997467041,-0.0050087571144104,0.025939464569091797,7379,10129,,92,0.13,False,False,False
xgb_trees,trees 25,st,55,race_bw,pincp,-0.23597190532807133,-0.04017692549516738,-0.19488985911573842,-0.056460842111835774,-0.17860594249907003,357,16436,,91,0.1,False,False,False
xgb_trees,trees 25,st,55,race_bw,hicov,-0.03011085183647566,-0.012906789779663086,-0.017048776149749756,-0.012846708297729492,-0.01710885763168335,357,16436,,91,0.1,False,False,False
xgb_trees,trees 25,st,55,immigrant,pincp,-0.08377285580072602,0.018353260151540596,-0.10332552639135706,0.017333565265996498,-0.10230583150581296,662,16846,,92,0.12,False,False,False
xgb_trees,trees 25,st,55,immigrant,hicov,-0.1264630042973257,-0.01522129774093628,-0.10944557189941406,-0.004259288311004639,-0.1204075813293457,662,16846,,92,0.1,False,False,False
xgb_trees,trees 25,st,56,sex_female,pincp,-0.36346992208175166,0.01394048554479177,-0.377560845977591,0.0057189206758856415,-0.36933928110868486,647,956,,85,0.03,False,False,False
xgb_trees,trees 25,st,56,sex_female,hicov,0.03127243214579034,-0.004503846168518066,0.03674423694610596,-0.01252669095993042,0.04476708173751831,647,956,,85,0.04,False,False,False
xgb_trees,trees 25,st,56,immigrant,pincp,-0.18877279319069018,-0.004841174468721121,-0.18137225600862017,0.007795920318031335,-0.19400935079537263,51,1552,,85,0.03,True,False,True
xgb_trees,trees 25,st,56,immigrant,hicov,-0.07889882757226607,-0.017779767513275146,-0.06120067834854126,-0.013867199420928955,-0.06511324644088745,51,1552,,85,0.03,False,False,False
xgb_trees,trees 25,st,6,sex_female,pincp,-0.18146729971729947,0.026182007431209797,-0.20723136489170457,0.016681662834773903,-0.19773102029526868,41076,58207,,92,0.56,False,False,False
xgb_trees,trees 25,st,6,sex_female,hicov,0.03384123084023194,-0.0021448731422424316,0.036174774169921875,-0.00020039081573486328,0.03423029184341431,41076,58207,,92,0.52,False,False,False
xgb_trees,trees 25,st,6,race_bw,pincp,-0.18246297664314604,-0.05539244489878925,-0.12687371341939802,-0.041438025225732034,-0.14082813309245523,4119,61748,,91,0.35,False,False,False
xgb_trees,trees 25,st,6,race_bw,hicov,0.015345646834364346,0.003082752227783203,0.013229668140411377,0.0031394362449645996,0.01317298412322998,4119,61748,,91,0.39,False,False,False
xgb_trees,trees 25,st,6,immigrant,pincp,-0.26875090094567966,-0.05620357144220911,-0.21238811280217007,-0.029747972498253006,-0.23884371174612617,35042,64241,,92,0.51,False,False,False
xgb_trees,trees 25,st,6,immigrant,hicov,-0.080050513778545,-0.02345794439315796,-0.05685621500015259,-0.006685614585876465,-0.07362854480743408,35042,64241,,92,0.47,False,False,False
xgb_trees,trees 25,st,8,sex_female,pincp,-0.21981364393633918,0.009447749862010468,-0.22947030695541137,0.004845398394220268,-0.22486795548762117,6943,9596,,92,0.11,False,False,False
xgb_trees,trees 25,st,8,sex_female,hicov,0.03742758652198985,-0.0025783181190490723,0.04010915756225586,0.0020321011543273926,0.035498738288879395,6943,9596,,92,0.15,True,False,True
xgb_trees,trees 25,st,8,race_bw,pincp,-0.22475618247098517,-0.06115335291988799,-0.16326074310123673,-0.060981158664754176,-0.16343293735637054,402,14662,,91,0.12,False,False,False
xgb_trees,trees 25,st,8,immigrant,pincp,-0.23250097022780913,-0.07742217643084359,-0.15667875640899886,-0.03499672901476991,-0.19910420382507255,1649,14890,,92,0.11,False,False,False
xgb_trees,trees 25,st,8,immigrant,hicov,-0.15452220671420613,-0.053145647048950195,-0.10169005393981934,-0.011883556842803955,-0.14295214414596558,1649,14890,,92,0.12,False,False,False
xgb_trees,trees 25,st,9,sex_female,pincp,-0.32591543934684,0.0013841753424888026,-0.3263935466964334,-0.02767102453468162,-0.29733834681926297,4662,6012,,92,0.1,True,False,True
xgb_trees,trees 25,st,9,sex_female,hicov,0.01643880835497602,-0.003048717975616455,0.01949673891067505,-0.002902507781982422,0.019350528717041016,4662,6012,,92,0.09,False,False,False
xgb_trees,trees 25,st,9,race_bw,pincp,-0.4323223792453419,-0.09115725900537264,-0.34039161432280274,-0.13592572267526748,-0.2956231506529079,757,8886,,91,0.1,False,False,False
xgb_trees,trees 25,st,9,race_bw,hicov,-0.02647716518436527,-0.013174891471862793,-0.014037847518920898,-0.022142231464385986,-0.005070507526397705,757,8886,,91,0.08,False,False,False
xgb_trees,trees 25,st,9,immigrant,pincp,-0.12330295028208837,-0.020784724112555608,-0.10188064264121799,0.005203452842964751,-0.12786881959673835,1722,8952,,92,0.08,True,False,True
xgb_trees,trees 25,st,9,immigrant,hicov,-0.07303061157765922,-0.014383494853973389,-0.05895441770553589,-0.0033897757530212402,-0.06994813680648804,1722,8952,,92,0.06,False,False,False
xgb_trees,trees 50,naics_2,11,sex_female,pincp,-0.17442832844735356,0.031114181653878248,-0.2057438886231271,0.014171354801087332,-0.18880106177033618,1770,10168,,63,0.06,False,False,False
xgb_trees,trees 50,naics_2,11,sex_female,hicov,0.06072557308405235,-0.011258602142333984,0.07237589359283447,-0.007323324680328369,0.06844061613082886,1770,10168,,63,0.06,False,False,False
xgb_trees,trees 50,naics_2,11,race_bw,pincp,-0.3082373735363646,-0.08398505966849434,-0.2254352296033577,-0.0543446659811444,-0.25507562329070765,198,10459,,62,0.06,False,False,False
xgb_trees,trees 50,naics_2,11,race_bw,hicov,-0.08277004677234145,-0.01783621311187744,-0.06648939847946167,-0.02504122257232666,-0.05928438901901245,198,10459,,62,0.06,False,False,False
xgb_trees,trees 50,naics_2,11,immigrant,pincp,-0.5044989627739547,-0.14788342982091862,-0.356217114546288,-0.11216812721969482,-0.3919324171475118,2454,9484,,63,0.06,False,False,False
xgb_trees,trees 50,naics_2,11,immigrant,hicov,-0.29192622963498427,-0.05179375410079956,-0.23991447687149048,-0.04456561803817749,-0.24714261293411255,2454,9484,,63,0.07,False,False,False
xgb_trees,trees 50,naics_2,21,sex_female,pincp,-0.1566003960737774,0.11454552331121803,-0.2698913977574797,0.11471332432006065,-0.27005919876632234,858,4828,,60,0.04,False,False,False
xgb_trees,trees 50,naics_2,21,sex_female,hicov,0.029791252657864087,-0.002714216709136963,0.03271383047103882,-0.004076480865478516,0.03407609462738037,858,4828,,60,0.04,False,False,False
xgb_trees,trees 50,naics_2,21,race_bw,pincp,-0.3229724667527538,-0.07802129914282752,-0.24583933181595263,-0.09191979115392535,-0.2319408398048548,204,5009,,59,0.03,False,False,False
xgb_trees,trees 50,naics_2,21,race_bw,hicov,-0.03411114895149525,-0.024770677089691162,-0.011696040630340576,-0.024007797241210938,-0.0124589204788208,204,5009,,59,0.04,False,False,False
xgb_trees,trees 50,naics_2,21,immigrant,pincp,0.04340662820095709,0.16066003053466282,-0.11604612060730801,0.14349935394450242,-0.0988854440171476,538,5148,,60,0.04,False,False,False
xgb_trees,trees 50,naics_2,21,immigrant,hicov,-0.029199631430114614,-0.006173849105834961,-0.023619115352630615,-0.006530582904815674,-0.023262381553649902,538,5148,,60,0.04,False,False,False
xgb_trees,trees 50,naics_2,22,sex_female,pincp,-0.16498741705883546,0.07860704828933152,-0.2433368820219055,0.042094049532170885,-0.20682388326474488,2383,8526,,63,0.06,False,False,False
xgb_trees,trees 50,naics_2,22,race_bw,pincp,-0.20612530453511546,-0.0476386981154846,-0.15903790276775176,-0.04414647286513329,-0.16253012801810307,778,9258,,62,0.06,False,False,False
xgb_trees,trees 50,naics_2,22,race_bw,hicov,-0.010228352495528115,-0.006361782550811768,-0.003269791603088379,-0.00920170545578003,-0.0004298686981201172,778,9258,,62,0.06,False,False,False
xgb_trees,trees 50,naics_2,22,immigrant,pincp,0.05236980693181259,0.11204201014331261,-0.05863201978720767,0.0819500301419982,-0.028540039785893256,791,10118,,63,0.06,False,False,False
xgb_trees,trees 50,naics_2,22,immigrant,hicov,-0.04415682556453315,-0.006940245628356934,-0.03683573007583618,-0.003040611743927002,-0.04073536396026611,791,10118,,63,0.07,False,False,False
xgb_trees,trees 50,naics_2,23,sex_female,pincp,-0.0626446456082057,0.08640051302702645,-0.14899225494102275,0.09557373607093744,-0.15816547798493374,5486,50901,,58,0.27,False,False,False
xgb_trees,trees 50,naics_2,23,sex_female,hicov,0.10012223552223276,0.01695382595062256,0.08336704969406128,0.025883734226226807,0.07443714141845703,5486,50901,,58,0.29,False,False,False
xgb_trees,trees 50,naics_2,23,race_bw,pincp,-0.2200815585744582,-0.030427695571642488,-0.18996789787641433,-0.038227477658502096,-0.18216811578955472,2207,47852,,57,0.24,False,False,False
xgb_trees,trees 50,naics_2,23,immigrant,pincp,-0.32078281195261127,-0.11582513219032364,-0.20497553942035474,-0.07856570460381285,-0.24223496700686553,11081,45306,,58,0.29,False,False,False
xgb_trees,trees 50,naics_2,23,immigrant,hicov,-0.3059844323527965,-0.07364696264266968,-0.23183172941207886,-0.04521441459655762,-0.2602642774581909,11081,45306,,58,0.27,False,False,False
xgb_trees,trees 50,naics_2,31,sex_female,pincp,-0.2629578528630354,-0.019888690460007297,-0.2427633510524565,-0.028371045252573168,-0.23428099625989063,6080,10147,,65,0.1,False,False,False
xgb_trees,trees 50,naics_2,31,race_bw,pincp,-0.303773085054587,-0.08744765948182831,-0.21722464681994325,-0.11077818977025622,-0.19389411653151534,1704,11987,,64,0.09,False,False,False
xgb_trees,trees 50,naics_2,31,race_bw,hicov,-0.015489638422845342,-0.018054068088531494,0.003202080726623535,-0.017286598682403564,0.0024346113204956055,1704,11987,,64,0.09,False,False,False
xgb_trees,trees 50,naics_2,31,immigrant,pincp,-0.34096890087177734,-0.11576323462830906,-0.22649735162093343,-0.07631235722082863,-0.26594822902841386,3768,12459,,65,0.1,False,False,False
xgb_trees,trees 50,naics_2,31,immigrant,hicov,-0.12329223291887836,-0.03597569465637207,-0.0868484377861023,-0.022584140300750732,-0.10023999214172363,3768,12459,,65,0.11,False,False,False
xgb_trees,trees 50,naics_2,32,sex_female,pincp,-0.14835792196557485,0.07365166827708514,-0.22154484740291736,0.04619250333247393,-0.19408568245830615,8451,21977,,67,0.16,False,False,False
xgb_trees,trees 50,naics_2,32,sex_female,hicov,0.013688911235591239,-0.006690800189971924,0.020521104335784912,-0.007788956165313721,0.02161926031112671,8451,21977,,67,0.21,False,False,False
xgb_trees,trees 50,naics_2,32,race_bw,pincp,-0.2647300616488355,-0.08957269451075867,-0.1751546031558302,-0.09432317279942382,-0.17040412486716505,2081,25276,,66,0.14,False,False,False
xgb_trees,trees 50,naics_2,32,race_bw,hicov,-0.011317819176341226,-0.015186965465545654,0.0037674903869628906,-0.01469564437866211,0.0032761693000793457,2081,25276,,66,0.2,False,False,False
xgb_trees,trees 50,naics_2,32,immigrant,pincp,-0.08673017505501157,0.05250225804032915,-0.13951276425159342,0.06532259876615853,-0.1523331049774228,4028,26400,,67,0.16,False,False,False
xgb_trees,trees 50,naics_2,32,immigrant,hicov,-0.07233731305106683,-0.010932683944702148,-0.06161189079284668,-0.006985068321228027,-0.0655595064163208,4028,26400,,67,0.2,False,False,False
xgb_trees,trees 50,naics_2,33,sex_female,pincp,-0.2637016416912381,-0.014613005178828686,-0.2487054751617439,-0.028137136783653816,-0.23518134355691878,16238,50594,,69,0.34,False,False,False
xgb_trees,trees 50,naics_2,33,race_bw,pincp,-0.32554110402042724,-0.09220050439921401,-0.23394587227796748,-0.12457980896428111,-0.20156656771290038,3920,54728,,68,0.34,False,False,False
xgb_trees,trees 50,naics_2,33,race_bw,hicov,-0.017633588298643477,-0.014472663402557373,-0.002660989761352539,-0.0165865421295166,-0.0005471110343933105,3920,54728,,68,0.35,False,False,False
xgb_trees,trees 50,naics_2,33,immigrant,pincp,-0.031002990109508133,0.08579028334026972,-0.11708673004609693,0.10078237340668572,-0.13207882011251293,10156,56676,,69,0.38,False,False,False
xgb_trees,trees 50,naics_2,33,immigrant,hicov,-0.04499232538424991,-0.0017003417015075684,-0.04337102174758911,-0.004016101360321045,-0.041055262088775635,10156,56676,,69,0.4,False,False,False
xgb_trees,trees 50,naics_2,3M,sex_female,pincp,-0.3035433700709156,-0.012595159530556899,-0.29176539278799396,-0.030067183324785418,-0.27429336899376544,879,1984,,57,0.04,False,False,False
xgb_trees,trees 50,naics_2,3M,race_bw,pincp,-0.2366623367706051,-0.06069958366758499,-0.17353464615142222,-0.08221149013697193,-0.15202273968203528,323,2116,,56,0.03,False,False,False
xgb_trees,trees 50,naics_2,3M,race_bw,hicov,-0.028134455453656892,-0.01651674509048462,-0.01123124361038208,-0.010534942150115967,-0.017213046550750732,323,2116,,56,0.03,False,False,False
xgb_trees,trees 50,naics_2,3M,immigrant,pincp,-0.26129086957903347,-0.03847479513045471,-0.22399836957349528,-0.027721230940942476,-0.23475193376300751,595,2268,,57,0.03,False,False,False
xgb_trees,trees 50,naics_2,3M,immigrant,hicov,-0.10675381263616557,-0.03909587860107422,-0.06675320863723755,-0.009818434715270996,-0.09603065252304077,595,2268,,57,0.03,False,False,False
xgb_trees,trees 50,naics_2,42,sex_female,pincp,-0.2022436858462644,0.029672654522538977,-0.2322962231410699,0.0030770116313387774,-0.2057005802498697,7903,20186,,63,0.16,False,False,False
xgb_trees,trees 50,naics_2,42,race_bw,pincp,-0.37749029566436754,-0.0828400489204224,-0.29357691167999,-0.10432427780787101,-0.2720926827925414,1496,23358,,62,0.14,False,False,False
xgb_trees,trees 50,naics_2,42,race_bw,hicov,-0.03178101331838812,-0.022274792194366455,-0.009301602840423584,-0.026813209056854248,-0.004763185977935791,1496,23358,,62,0.15,False,False,False
xgb_trees,trees 50,naics_2,42,immigrant,pincp,-0.2093096720413552,-0.023553166299807415,-0.18545136437329823,-0.014202410897832252,-0.1948021197752734,4233,23856,,63,0.16,False,False,False
xgb_trees,trees 50,naics_2,42,immigrant,hicov,-0.08411581584950278,-0.018702208995819092,-0.0659412145614624,-0.009440183639526367,-0.07520323991775513,4233,23856,,63,0.16,False,False,False
xgb_trees,trees 50,naics_2,44,sex_female,pincp,-0.25509860736859835,-0.007562753417234447,-0.24785107838036957,-0.024754289208825497,-0.23065954258877852,20205,31547,,63,0.32,False,False,False
xgb_trees,trees 50,naics_2,44,sex_female,hicov,0.014269738289013567,-0.010635614395141602,0.024957597255706787,-0.015807926654815674,0.03012990951538086,20205,31547,,63,0.3,False,False,False
xgb_trees,trees 50,naics_2,44,race_bw,pincp,-0.21868542569681537,-0.04463088110218294,-0.1744838250776617,-0.061307228195518704,-0.15780747798432593,3611,41916,,62,0.25,False,False,False
xgb_trees,trees 50,naics_2,44,race_bw,hicov,-0.02434017062887106,-0.01780104637145996,-0.006591200828552246,-0.02334803342819214,-0.0010442137718200684,3611,41916,,62,0.28,False,False,False
xgb_trees,trees 50,naics_2,44,immigrant,pincp,-0.09665531045817133,-0.005512301412602838,-0.09127049196916381,0.02975391908465852,-0.12653671246642517,7415,44337,,63,0.3,True,False,True
xgb_trees,trees 50,naics_2,44,immigrant,hicov,-0.09476766488920885,-0.0042819976806640625,-0.0907636284828186,-0.006964445114135742,-0.08808118104934692,7415,44337,,63,0.31,False,False,False
xgb_trees,trees 50,naics_2,45,sex_female,pincp,-0.25316293341938767,-0.03938288829853143,-0.2138699225875662,-0.057480654200531944,-0.1957721566855657,10711,10829,,62,0.11,False,False,False
xgb_trees,trees 50,naics_2,45,sex_female,hicov,0.012157341696831914,-0.006458938121795654,0.01847606897354126,-0.0081404447555542,0.020157575607299805,10711,10829,,62,0.12,False,False,False
xgb_trees,trees 50,naics_2,45,race_bw,pincp,-0.2128505955917941,-0.08035242543428289,-0.13210409978955617,-0.09526949362140158,-0.11718703160243749,2034,17052,,61,0.12,False,False,False
xgb_trees,trees 50,naics_2,45,race_bw,hicov,-0.023157172542498827,-0.010478019714355469,-0.012364804744720459,-0.013942599296569824,-0.008900225162506104,2034,17052,,61,0.12,False,False,False
xgb_trees,trees 50,naics_2,45,immigrant,hicov,-0.04191854009015972,0.010914862155914307,-0.05257058143615723,0.0017168521881103516,-0.04337257146835327,2784,18756,,62,0.13,False,False,False
xgb_trees,trees 50,naics_2,48,sex_female,pincp,-0.21276262819450054,0.04570466786865346,-0.25890588797667746,0.03326570424930786,-0.24646692435733186,5254,23016,,60,0.15,False,False,False
xgb_trees,trees 50,naics_2,48,sex_female,hicov,0.030014488853288057,-0.004897058010101318,0.03585624694824219,-0.004054665565490723,0.03501385450363159,5254,23016,,60,0.23,False,False,False
xgb_trees,trees 50,naics_2,48,race_bw,pincp,-0.19750902181684893,-0.043997735972320484,-0.1527415481275245,-0.07791558816087907,-0.11882369593896591,3689,21206,,59,0.14,False,False,False
xgb_trees,trees 50,naics_2,48,immigrant,pincp,-0.19393861612739371,-0.01785229664502097,-0.175774965914961,-0.015165497822291485,-0.1784617647376905,4910,23360,,60,0.14,False,False,False
xgb_trees,trees 50,naics_2,48,immigrant,hicov,-0.0972118858633485,-0.013341128826141357,-0.08471977710723877,-0.01226794719696045,-0.08579295873641968,4910,23360,,60,0.2,False,False,False
xgb_trees,trees 50,naics_2,49,sex_female,pincp,-0.12368417112049634,-0.0032669301201959655,-0.11958958976726386,-0.024012577467637186,-0.09884394241982264,3808,8351,,58,0.08,False,False,False
xgb_trees,trees 50,naics_2,49,sex_female,hicov,0.014366675001937002,-0.007013976573944092,0.0211295485496521,-0.009474575519561768,0.023590147495269775,3808,8351,,58,0.09,False,False,False
xgb_trees,trees 50,naics_2,49,race_bw,pincp,-0.16454436798651528,-0.039421737548591906,-0.1255434293077613,-0.040382965629012446,-0.12458220122734076,1973,8563,,57,0.06,False,False,False
xgb_trees,trees 50,naics_2,49,race_bw,hicov,-0.016498035874827455,-0.01661980152130127,-0.00036066770553588867,-0.017283380031585693,0.00030291080474853516,1973,8563,,57,0.07,False,True,True
xgb_trees,trees 50,naics_2,49,immigrant,pincp,-0.17166827475629098,0.030042485226040583,-0.20187672873078277,-0.009254199063768453,-0.16258004444097374,1836,10323,,58,0.07,True,False,True
xgb_trees,trees 50,naics_2,49,immigrant,hicov,-0.0865438493521985,-0.0113334059715271,-0.07528436183929443,-0.006728947162628174,-0.07988882064819336,1836,10323,,58,0.09,False,False,False
xgb_trees,trees 50,naics_2,4M,sex_female,pincp,-0.2786318676631705,-0.03530739629796997,-0.24343622181423719,-0.036223592518723535,-0.24252002559348362,998,1164,,58,0.03,False,False,False
xgb_trees,trees 50,naics_2,4M,sex_female,hicov,0.010045864925727788,-0.011765658855438232,0.02303379774093628,-0.017255008220672607,0.028523147106170654,998,1164,,58,0.03,False,False,False
xgb_trees,trees 50,naics_2,4M,race_bw,pincp,-0.15479391581975044,-0.05567727806850975,-0.10141669327555825,-0.07047921972132443,-0.08661475162274357,247,1637,,57,0.03,False,False,False
xgb_trees,trees 50,naics_2,4M,race_bw,hicov,-0.030964116743623538,-0.015720844268798828,-0.017906904220581055,-0.011542081832885742,-0.02208566665649414,247,1637,,57,0.04,False,False,False
xgb_trees,trees 50,naics_2,4M,immigrant,pincp,-0.0850289573043419,-0.04383535207038847,-0.04093063207534264,-0.017784202159290885,-0.06698178198644023,319,1843,,58,0.03,False,False,False
xgb_trees,trees 50,naics_2,4M,immigrant,hicov,-0.13497313396278732,-0.03252756595611572,-0.1023261547088623,0.0005159378051757812,-0.1353696584701538,319,1843,,58,0.03,True,False,True
xgb_trees,trees 50,naics_2,51,sex_female,pincp,-0.2458908158496964,-0.02908157021342106,-0.2171821803147509,-0.028035413187042835,-0.21822833734112912,7812,12919,,61,0.16,False,False,False
xgb_trees,trees 50,naics_2,51,race_bw,pincp,-0.27989747972265633,-0.08512277759655085,-0.19608830327763904,-0.09663899254686292,-0.18457208832732697,1646,16501,,60,0.1,False,False,False
xgb_trees,trees 50,naics_2,51,race_bw,hicov,-0.016109226562578738,-0.007208764553070068,-0.008229613304138184,-0.011236011981964111,-0.004202365875244141,1646,16501,,60,0.15,False,False,False
xgb_trees,trees 50,naics_2,51,immigrant,pincp,0.20968129890285958,0.13527186310135875,0.07485106920940154,0.1377808767787112,0.07234205553204909,2744,17987,,61,0.12,False,False,False
xgb_trees,trees 50,naics_2,51,immigrant,hicov,-0.012184536904771393,0.01022869348526001,-0.022239327430725098,0.00450444221496582,-0.016515076160430908,2744,17987,,61,0.15,False,False,False
xgb_trees,trees 50,naics_2,52,sex_female,pincp,-0.5682567617236298,-0.1639989184980024,-0.40419711727194496,-0.20149639575597078,-0.3666996400139766,29688,23262,,59,0.26,False,False,False
xgb_trees,trees 50,naics_2,52,race_bw,pincp,-0.36008972810087947,-0.0791092037108605,-0.281201337332071,-0.12672503906043353,-0.23358550198249795,4183,42821,,58,0.27,False,False,False
xgb_trees,trees 50,naics_2,52,race_bw,hicov,-0.014619821613350514,-0.009081661701202393,-0.0055106282234191895,-0.008213937282562256,-0.006378352642059326,4183,42821,,58,0.25,False,False,False
xgb_trees,trees 50,naics_2,52,immigrant,pincp,0.12872852116941047,0.104085717029621,0.02397956933017653,0.1203122415990574,0.007753044760740124,6431,46519,,59,0.29,False,False,False
xgb_trees,trees 50,naics_2,52,immigrant,hicov,-0.013713639558709967,0.004408061504364014,-0.01808983087539673,0.00011473894119262695,-0.013796508312225342,6431,46519,,59,0.27,False,False,False
xgb_trees,trees 50,naics_2,53,sex_female,pincp,-0.20368571994394458,-0.01043431993207733,-0.1935424340828522,-0.0279649688064314,-0.17601178520849814,7356,9663,,59,0.1,False,False,False
xgb_trees,trees 50,naics_2,53,sex_female,hicov,0.016528081163935893,-0.00655210018157959,0.023011744022369385,-0.007450401782989502,0.023910045623779297,7356,9663,,59,0.1,False,False,False
xgb_trees,trees 50,naics_2,53,race_bw,pincp,-0.36522123116522387,-0.06521857571307699,-0.3001890149253992,-0.10209152787172826,-0.2633160627667479,1331,13771,,58,0.1,False,False,False
xgb_trees,trees 50,naics_2,53,race_bw,hicov,-0.022543426742933304,-0.015531778335571289,-0.006630063056945801,-0.024961471557617188,0.0027996301651000977,1331,13771,,58,0.09,False,True,True
xgb_trees,trees 50,naics_2,53,immigrant,pincp,-0.16413766013544517,-0.040437832857435296,-0.12381681374141174,-0.013481753288543175,-0.15077289331030386,2515,14504,,59,0.1,False,False,False
xgb_trees,trees 50,naics_2,53,immigrant,hicov,-0.06069583601534756,-0.011718213558197021,-0.048713862895965576,-0.00769120454788208,-0.05274087190628052,2515,14504,,59,0.1,False,False,False
xgb_trees,trees 50,naics_2,54,sex_female,pincp,-0.3899332779490621,-0.08205727873061619,-0.30806918115805537,-0.09601662811804523,-0.29410983177062633,29018,43958,,60,0.35,False,False,False
xgb_trees,trees 50,naics_2,54,race_bw,pincp,-0.2660095394753377,-0.074714238444761,-0.19094309822786038,-0.11394562241873452,-0.15171171425388685,3444,58849,,59,0.32,False,False,False
xgb_trees,trees 50,naics_2,54,race_bw,hicov,-0.01714595588240375,-0.009837925434112549,-0.006726980209350586,-0.011678814888000488,-0.0048860907554626465,3444,58849,,59,0.33,False,False,False
xgb_trees,trees 50,naics_2,54,immigrant,pincp,0.0722182219525429,0.07398191941919308,-0.001535524640765118,0.10485095106555242,-0.032404556287124464,12006,60970,,60,0.37,False,False,False
xgb_trees,trees 50,naics_2,54,immigrant,hicov,-0.01085133722024234,0.013357937335968018,-0.02430647611618042,0.003588736057281494,-0.014537274837493896,12006,60970,,60,0.37,False,False,False
xgb_trees,trees 50,naics_2,55,sex_female,pincp,-0.41916513373735675,-0.1274910646921672,-0.2939181682372496,-0.15101095456153324,-0.27039827836788355,689,659,,57,0.03,False,False,False
xgb_trees,trees 50,naics_2,55,race_bw,pincp,-0.39175907995863213,-0.0474480126041783,-0.35463442109155174,-0.10935616467971165,-0.2927262690160184,77,1128,,55,0.03,False,False,False
xgb_trees,trees 50,naics_2,55,race_bw,hicov,-0.0421962788984066,0.005125820636749268,-0.04824548959732056,-0.004043996334075928,-0.03907567262649536,77,1128,,55,0.02,True,False,True
xgb_trees,trees 50,naics_2,55,immigrant,pincp,0.08036547274432237,-0.010987338396249768,0.09155878816846119,0.05751587480135001,0.023055574970861414,155,1193,,57,0.03,True,False,True
xgb_trees,trees 50,naics_2,55,immigrant,hicov,-0.013233107103263642,0.0006883740425109863,-0.014318108558654785,0.0016583800315856934,-0.015288114547729492,155,1193,,57,0.02,False,False,False
xgb_trees,trees 50,naics_2,56,sex_female,pincp,-0.1285776356521673,0.01895076596076173,-0.1475575639447495,0.027146541567542926,-0.1557533395515307,10600,18487,,60,0.16,False,False,False
xgb_trees,trees 50,naics_2,56,sex_female,hicov,0.04997762323550159,-0.009361505508422852,0.059292376041412354,0.00044655799865722656,0.049484312534332275,10600,18487,,60,0.17,True,False,True
xgb_trees,trees 50,naics_2,56,race_bw,pincp,-0.2488064758317332,-0.06548398962887347,-0.18305488916839607,-0.06311049080612108,-0.18542838799114847,3326,21705,,59,0.15,False,False,False
xgb_trees,trees 50,naics_2,56,immigrant,pincp,-0.2986422731817857,-0.08976317347328688,-0.20883832793404267,-0.05387967964014351,-0.24472182176718604,6273,22814,,60,0.17,False,False,False
xgb_trees,trees 50,naics_2,56,immigrant,hicov,-0.20222463599230545,-0.05812227725982666,-0.1445920467376709,-0.022777915000915527,-0.17993640899658203,6273,22814,,60,0.16,False,False,False
xgb_trees,trees 50,naics_2,61,sex_female,pincp,-0.19832442884073664,0.009987733491609418,-0.20840626603399315,-0.00016371084489819054,-0.19825482169748554,51590,26189,,58,0.37,True,False,True
xgb_trees,trees 50,naics_2,61,race_bw,pincp,-0.1508946986242261,-0.09700445356862453,-0.05429121933243408,-0.0804353286864039,-0.0708603442146547,6910,63986,,57,0.34,False,False,False
xgb_trees,trees 50,naics_2,61,race_bw,hicov,-0.020329754659157317,-0.009971439838409424,-0.010419726371765137,-0.007244586944580078,-0.013146579265594482,6910,63986,,57,0.38,False,False,False
xgb_trees,trees 50,naics_2,61,immigrant,pincp,0.0230344050453688,-0.004150260492787439,0.027050680557151097,0.025873894094967653,-0.0029734740306039953,7723,70056,,58,0.45,True,True,True
xgb_trees,trees 50,naics_2,61,immigrant,hicov,-0.017128937570610958,-0.0015592575073242188,-0.015609920024871826,-0.004688441753387451,-0.012480735778808594,7723,70056,,58,0.37,False,False,False
xgb_trees,trees 50,naics_2,62,sex_female,pincp,-0.44504958913086057,-0.13109041079465378,-0.31402179113898754,-0.19222015124824132,-0.2528920506854,90900,29476,,63,0.64,False,False,False
xgb_trees,trees 50,naics_2,62,race_bw,pincp,-0.2858392759919255,-0.11789950122094872,-0.16820759594763857,-0.1381507801482087,-0.1479563170203786,15995,88854,,62,0.57,False,False,False
xgb_trees,trees 50,naics_2,62,race_bw,hicov,-0.030612993952736645,-0.017269670963287354,-0.013371527194976807,-0.01916790008544922,-0.011473298072814941,15995,88854,,62,0.56,False,False,False
xgb_trees,trees 50,naics_2,62,immigrant,pincp,0.08046984533417856,0.07114987030200837,0.009805554584429998,0.07141792002728131,0.009537504859157053,18087,102289,,63,0.65,False,False,False
xgb_trees,trees 50,naics_2,62,immigrant,hicov,-0.023957826396521553,0.005406498908996582,-0.02933824062347412,-0.0017456412315368652,-0.022186100482940674,18087,102289,,63,0.73,True,False,True
xgb_trees,trees 50,naics_2,71,sex_female,pincp,-0.17333409352919382,0.015491073148451662,-0.1892520006891143,0.003835600724233501,-0.17759652826489614,5061,7575,,58,0.09,False,False,False
xgb_trees,trees 50,naics_2,71,sex_female,hicov,0.025007150389016353,-0.005400300025939941,0.030430078506469727,-0.007346034049987793,0.03237581253051758,5061,7575,,58,0.07,False,False,False
xgb_trees,trees 50,naics_2,71,race_bw,pincp,-0.23704578398977638,-0.0726378805958312,-0.1655216670021833,-0.07700140657218846,-0.16115814102582604,968,9874,,57,0.06,False,False,False
xgb_trees,trees 50,naics_2,71,race_bw,hicov,-0.017584791513566844,-0.014571428298950195,-0.002879321575164795,-0.022257983684539795,0.004807233810424805,968,9874,,57,0.06,False,True,True
xgb_trees,trees 50,naics_2,71,immigrant,pincp,-0.12326965074971952,-0.06027023793513919,-0.06301675146347563,-0.030893127982045243,-0.09239386141656958,1670,10966,,58,0.08,False,False,False
xgb_trees,trees 50,naics_2,71,immigrant,hicov,-0.05514562703882775,-0.00344240665435791,-0.050876736640930176,-0.007928550243377686,-0.0463905930519104,1670,10966,,58,0.08,False,False,False
xgb_trees,trees 50,naics_2,72,sex_female,pincp,-0.18401379581246324,-0.0014239868807166545,-0.1828062469849847,-0.0016463943531750402,-0.18258383951252632,14143,17193,,58,0.15,False,False,False
xgb_trees,trees 50,naics_2,72,sex_female,hicov,0.04015889515060789,-0.016228795051574707,0.056272268295288086,-0.019010424613952637,0.059053897857666016,14143,17193,,58,0.18,False,False,False
xgb_trees,trees 50,naics_2,72,race_bw,pincp,-0.1928744781570586,-0.06994752428872175,-0.12266464091212548,-0.05902538922677181,-0.13358677597407542,3165,21329,,57,0.12,False,False,False
xgb_trees,trees 50,naics_2,72,immigrant,pincp,-0.1366419172241944,-0.040823655673703385,-0.09592328612382772,-0.001422942353682899,-0.1353239994438482,9698,21638,,58,0.14,False,False,False
xgb_trees,trees 50,naics_2,72,immigrant,hicov,-0.14235072495587275,0.001644730567932129,-0.14435362815856934,-0.004937887191772461,-0.13777101039886475,9698,21638,,58,0.18,True,False,True
xgb_trees,trees 50,naics_2,81,sex_female,pincp,-0.19443770611913358,0.017804185826841845,-0.21294694030994776,-0.017514931439942316,-0.1776278230431636,14329,19378,,63,0.2,True,False,True
xgb_trees,trees 50,naics_2,81,sex_female,hicov,0.028035678892645688,-0.009383320808410645,0.03708076477050781,-0.007439970970153809,0.03513741493225098,14329,19378,,63,0.19,False,False,False
xgb_trees,trees 50,naics_2,81,race_bw,pincp,-0.1435280769370042,-0.017456392393892628,-0.12640453378359595,-0.04233373979739774,-0.10152718638009084,2516,26304,,62,0.15,False,False,False
xgb_trees,trees 50,naics_2,81,race_bw,hicov,-0.025556209118091866,-0.015834152698516846,-0.009383440017700195,-0.016739845275878906,-0.008477747440338135,2516,26304,,62,0.15,False,False,False
xgb_trees,trees 50,naics_2,81,immigrant,pincp,-0.28521872580984997,-0.1298456691728056,-0.15530745989377692,-0.07482131092832311,-0.2103318181382594,6640,27067,,63,0.18,False,False,False
xgb_trees,trees 50,naics_2,81,immigrant,hicov,-0.13345759362866183,-0.04065912961959839,-0.0926281213760376,-0.030524253845214844,-0.10276299715042114,6640,27067,,63,0.19,False,False,False
xgb_trees,trees 50,naics_2,92,sex_female,pincp,-0.2414473940877997,-0.0015161560708403243,-0.23984021908774622,-0.026620940412366068,-0.21473543474622048,24767,31895,,60,0.29,False,False,False
xgb_trees,trees 50,naics_2,92,race_bw,pincp,-0.10552062676527818,-0.015300553817606755,-0.09028009517328428,-0.029482104078688565,-0.07609854491220247,7382,43626,,59,0.24,False,False,False
xgb_trees,trees 50,naics_2,92,immigrant,pincp,0.04760441151955597,0.039721338366204506,0.008141219185230142,0.06825221630029787,-0.020389658748863226,4213,52449,,60,0.27,False,True,True
xgb_trees,trees 50,naics_2,92,immigrant,hicov,-0.014170391838873697,0.0029670000076293945,-0.01699429750442505,-0.0034847259521484375,-0.010542571544647217,4213,52449,,60,0.33,True,False,True
xgb_trees,trees 50,st,1,sex_female,pincp,-0.31555702394613583,0.019224946585371328,-0.33377044598145567,-0.0065648562179170256,-0.3079806431781673,5293,6854,,92,0.11,True,False,True
xgb_trees,trees 50,st,1,sex_female,hicov,0.021982361759625313,-0.010659873485565186,0.032195091247558594,-0.0066370368003845215,0.02817225456237793,5293,6854,,92,0.14,False,False,False
xgb_trees,trees 50,st,1,race_bw,pincp,-0.28298982130619343,-0.09657130403613579,-0.18643634431382416,-0.12009689364281151,-0.16291075470714844,2338,9360,,91,0.1,False,False,False
xgb_trees,trees 50,st,1,race_bw,hicov,-0.03265821836181115,-0.02041161060333252,-0.011757314205169678,-0.021731674671173096,-0.010437250137329102,2338,9360,,91,0.1,False,False,False
xgb_trees,trees 50,st,1,immigrant,pincp,-0.10406233370699525,0.00916995104726226,-0.1154352118404951,0.006633911847540475,-0.11289917264077332,463,11684,,92,0.12,False,False,False
xgb_trees,trees 50,st,1,immigrant,hicov,-0.19473714954566734,-0.04003763198852539,-0.15749311447143555,-0.02520608901977539,-0.17232465744018555,463,11684,,92,0.1,False,False,False
xgb_trees,trees 50,st,10,sex_female,pincp,-0.23852588673327801,0.004078850746974894,-0.24284901856172958,-0.0041189614697962895,-0.2346512063449584,1208,1387,,88,0.05,True,False,True
xgb_trees,trees 50,st,10,sex_female,hicov,0.018984825985857268,-0.006353914737701416,0.025066494941711426,-0.0017845630645751953,0.020497143268585205,1208,1387,,88,0.04,False,False,False
xgb_trees,trees 50,st,10,race_bw,pincp,-0.26441259231673087,-0.09078920491708331,-0.17251023304613256,-0.10098749235998383,-0.16231194560323203,431,1975,,87,0.05,False,False,False
xgb_trees,trees 50,st,10,immigrant,hicov,-0.056482306259616144,-0.020276188850402832,-0.038270771503448486,-0.0034461617469787598,-0.05510079860687256,265,2330,,88,0.05,False,False,False
xgb_trees,trees 50,st,11,sex_female,pincp,-0.1948040157321529,-0.03027953533425176,-0.1653334422203372,-0.04528708221686095,-0.150325895337728,1214,1142,,68,0.04,False,False,False
xgb_trees,trees 50,st,11,sex_female,hicov,0.01159848469548208,-0.0010918974876403809,0.012590110301971436,-0.003986716270446777,0.015484929084777832,1214,1142,,68,0.04,False,False,False
xgb_trees,trees 50,st,11,race_bw,pincp,-0.5086204482738559,-0.25343508799091197,-0.25494156527453526,-0.17081362133502864,-0.3375630319304186,642,1452,,66,0.04,False,False,False
xgb_trees,trees 50,st,11,race_bw,hicov,-0.030167863855204535,-0.021000325679779053,-0.010067105293273926,-0.02964407205581665,-0.0014233589172363281,642,1452,,66,0.03,False,False,False
xgb_trees,trees 50,st,11,immigrant,pincp,-0.20919592588855096,-0.059980837782195096,-0.14809032701978353,0.005960392691592986,-0.2140315574935716,316,2040,,68,0.04,True,False,True
xgb_trees,trees 50,st,11,immigrant,hicov,-0.046624472573839615,-0.0112687349319458,-0.03411531448364258,-0.0031546354293823242,-0.042229413986206055,316,2040,,68,0.03,False,False,False
xgb_trees,trees 50,st,12,sex_female,pincp,-0.22696732350444826,0.011934054765102786,-0.23899851172094877,0.001548115332193234,-0.22861257228803922,22979,28252,,92,0.38,False,False,False
xgb_trees,trees 50,st,12,sex_female,hicov,0.04205411755614552,-0.0041484832763671875,0.0463520884513855,-0.0026366114616394043,0.044840216636657715,22979,28252,,92,0.39,False,False,False
xgb_trees,trees 50,st,12,race_bw,pincp,-0.31454446007065684,-0.07152802832073846,-0.24313734221776073,-0.10720921262398697,-0.20745615791451222,6198,41213,,91,0.35,False,False,False
xgb_trees,trees 50,st,12,race_bw,hicov,-0.010981150374180237,-0.02179807424545288,0.010898709297180176,-0.028683900833129883,0.017784535884857178,6198,41213,,91,0.37,False,False,False
xgb_trees,trees 50,st,12,immigrant,pincp,-0.19235966803892168,-0.0318142349389845,-0.16090767450610421,-0.019667955895123157,-0.17305395354996556,12037,39194,,92,0.39,False,False,False
xgb_trees,trees 50,st,12,immigrant,hicov,-0.08944399925169921,-0.03057628870010376,-0.05868387222290039,-0.015721440315246582,-0.07353872060775757,12037,39194,,92,0.42,False,False,False
xgb_trees,trees 50,st,13,sex_female,pincp,-0.2577587064321296,0.007257799569192258,-0.2643724276746031,-0.0017933313567279896,-0.25532129674868287,11957,14978,,92,0.19,True,False,True
xgb_trees,trees 50,st,13,sex_female,hicov,0.040407528990723085,-0.0057985782623291016,0.0461658239364624,0.003867805004119873,0.03649944067001343,11957,14978,,92,0.21,True,False,True
xgb_trees,trees 50,st,13,race_bw,pincp,-0.3001484008017652,-0.08569920096580219,-0.21468827650268452,-0.1022891662701344,-0.1980983111983523,6248,18543,,91,0.2,False,False,False
xgb_trees,trees 50,st,13,immigrant,pincp,-0.13744674471266727,-0.014209764932434865,-0.12349180906315382,0.016158866570412656,-0.15386044056600134,3334,23601,,92,0.23,True,False,True
xgb_trees,trees 50,st,13,immigrant,hicov,-0.1524436310144861,-0.054396212100982666,-0.09805911779403687,-0.02304774522781372,-0.1294075846672058,3334,23601,,92,0.21,False,False,False
xgb_trees,trees 50,st,15,sex_female,pincp,-0.20822507750450292,0.021827332740787853,-0.22707216605661706,0.0072296386521752964,-0.2124744719680045,1861,2153,,87,0.06,False,False,False
xgb_trees,trees 50,st,15,immigrant,pincp,-0.22547582941900401,-0.08272569287480103,-0.14236926704952246,-0.04424581052373178,-0.1808491494005917,811,3203,,87,0.08,False,False,False
xgb_trees,trees 50,st,15,immigrant,hicov,-0.016183964401437767,0.00503993034362793,-0.02089017629623413,-0.0016303658485412598,-0.014219880104064941,811,3203,,87,0.05,True,False,True
xgb_trees,trees 50,st,16,sex_female,pincp,-0.2783884125134932,0.003711703542776945,-0.28246324100722653,-0.013748170955501848,-0.26500336650894774,1482,2423,,92,0.06,True,False,True
xgb_trees,trees 50,st,16,sex_female,hicov,0.02785997661858386,-0.013646841049194336,0.04219180345535278,-0.002970755100250244,0.03151571750640869,1482,2423,,92,0.05,False,False,False
xgb_trees,trees 50,st,16,immigrant,pincp,-0.23283176258720495,-0.1136514559578714,-0.12072088931580893,-0.04629564075391279,-0.18807670451976755,270,3635,,92,0.07,False,False,False
xgb_trees,trees 50,st,16,immigrant,hicov,-0.21530898160884404,-0.05555987358093262,-0.16206300258636475,-0.02183622121810913,-0.19578665494918823,270,3635,,92,0.05,False,False,False
xgb_trees,trees 50,st,17,sex_female,pincp,-0.2669812951341086,0.016590086626161238,-0.28363369050452825,0.0013170738554642014,-0.2683606777338312,16072,20780,,92,0.26,False,False,False
xgb_trees,trees 50,st,17,sex_female,hicov,0.021942164973691503,-0.004909694194793701,0.02697533369064331,-0.004496514797210693,0.026562154293060303,16072,20780,,92,0.29,False,False,False
xgb_trees,trees 50,st,17,race_bw,pincp,-0.2526898601930849,-0.0894088386275147,-0.1628624974363646,-0.111652381943113,-0.1406189541207663,2889,29991,,91,0.26,False,False,False
xgb_trees,trees 50,st,17,race_bw,hicov,-0.010611837064445684,-0.009343147277832031,-0.0007963180541992188,-0.01018226146697998,4.279613494873047e-05,2889,29991,,91,0.27,False,True,True
xgb_trees,trees 50,st,17,immigrant,pincp,-0.15593137100749743,-0.051918073312174684,-0.10435793362386647,-0.001896734259867472,-0.15437927267617368,5317,31535,,92,0.29,False,False,False
xgb_trees,trees 50,st,17,immigrant,hicov,-0.10988308425168858,-0.031801819801330566,-0.07811599969863892,-0.007781505584716797,-0.10213631391525269,5317,31535,,92,0.32,False,False,False
xgb_trees,trees 50,st,18,sex_female,pincp,-0.27875708923041387,0.015673410113208774,-0.29407213555007594,-0.0011615144819288048,-0.27723721095493836,7777,10797,,92,0.15,True,False,True
xgb_trees,trees 50,st,18,sex_female,hicov,0.0213776825624451,-0.008284807205200195,0.029768645763397217,-0.01104879379272461,0.03253263235092163,7777,10797,,92,0.15,False,False,False
xgb_trees,trees 50,st,18,race_bw,pincp,-0.2081506916689495,-0.06564343968132036,-0.14319143673541568,-0.09541731610380744,-0.1134175603129286,952,16842,,91,0.16,False,False,False
xgb_trees,trees 50,st,18,race_bw,hicov,-0.02568159433349404,-0.016405105590820312,-0.00951164960861206,-0.0200536847114563,-0.005863070487976074,952,16842,,91,0.14,False,False,False
xgb_trees,trees 50,st,18,immigrant,pincp,-0.06084523232568806,0.020820237955893717,-0.08327153804022736,0.021268043325235908,-0.08371934340956955,902,17672,,92,0.19,False,False,False
xgb_trees,trees 50,st,18,immigrant,hicov,-0.12342297535078728,-0.028789639472961426,-0.09488493204116821,-0.011038243770599365,-0.11263632774353027,902,17672,,92,0.15,False,False,False
xgb_trees,trees 50,st,19,sex_female,pincp,-0.2736595145704044,0.02648353762468325,-0.2999982038549778,0.009683244428686066,-0.2831979106589806,4140,5444,,91,0.11,False,False,False
xgb_trees,trees 50,st,19,sex_female,hicov,0.016002371089743006,-0.003336608409881592,0.01940256357192993,-0.0007333755493164062,0.016799330711364746,4140,5444,,91,0.09,False,False,False
xgb_trees,trees 50,st,19,race_bw,pincp,-0.24415269307218423,0.012184629273098935,-0.26396804226682846,-0.021775502480066322,-0.2300079105136632,111,9195,,90,0.1,True,False,True
xgb_trees,trees 50,st,19,race_bw,hicov,-0.03685316638008318,-0.0023695826530456543,-0.03520411252975464,-0.022242724895477295,-0.015330970287322998,111,9195,,90,0.09,False,False,False
xgb_trees,trees 50,st,19,immigrant,pincp,-0.17885441342499675,-0.016859142957770246,-0.16552432833638875,-0.00029697949713991534,-0.18208649179701908,337,9247,,91,0.1,False,False,False
xgb_trees,trees 50,st,19,immigrant,hicov,-0.09074592802413417,-0.009630978107452393,-0.07992565631866455,-0.007637917995452881,-0.08191871643066406,337,9247,,91,0.1,False,False,False
xgb_trees,trees 50,st,2,sex_female,pincp,-0.2467624061895748,0.018309846350687664,-0.26484917134006913,-0.01279361293811121,-0.23374571205127026,633,751,,78,0.04,True,False,True
xgb_trees,trees 50,st,2,sex_female,hicov,0.016433065549251835,-0.022693932056427002,0.03852951526641846,0.0022742748260498047,0.01356130838394165,633,751,,78,0.03,True,False,True
xgb_trees,trees 50,st,2,immigrant,pincp,-0.4029133360731656,-0.1827244855555179,-0.22208705109157023,-0.05187286387646495,-0.3529386727706232,138,1246,,78,0.04,False,False,False
xgb_trees,trees 50,st,2,immigrant,hicov,-0.051969199990694825,-0.052690088748931885,-0.0015472769737243652,-0.059736430644989014,0.005499064922332764,138,1246,,78,0.03,False,True,True
xgb_trees,trees 50,st,20,sex_female,pincp,-0.2804944645361651,0.02131458878983672,-0.3013464656599485,0.01375895077981859,-0.29379082764993036,3580,4753,,92,0.07,False,False,False
xgb_trees,trees 50,st,20,sex_female,hicov,0.028491913957312542,-0.00627821683883667,0.034770429134368896,-0.0018982887268066406,0.030390501022338867,3580,4753,,92,0.08,False,False,False
xgb_trees,trees 50,st,20,race_bw,pincp,-0.17290278528006198,-0.06260518789511949,-0.11391718441004528,-0.0938907498283843,-0.08263162247678046,235,7590,,91,0.08,False,False,False
xgb_trees,trees 50,st,20,race_bw,hicov,-0.07053233537969883,-0.005216002464294434,-0.06657975912094116,-0.012787103652954102,-0.059008657932281494,235,7590,,91,0.07,False,False,False
xgb_trees,trees 50,st,20,immigrant,pincp,-0.16134057531916035,-0.057107415456538746,-0.1069768102674562,-0.024499608932563532,-0.13958461679143142,556,7777,,92,0.1,False,False,False
xgb_trees,trees 50,st,20,immigrant,hicov,-0.12007737258823514,-0.03704899549484253,-0.08162182569503784,-0.01888352632522583,-0.09978729486465454,556,7777,,92,0.08,False,False,False
xgb_trees,trees 50,st,21,sex_female,pincp,-0.27344839490346473,0.023961097625079475,-0.2979571879581826,0.008873623814801945,-0.28286971414790507,5168,6566,,92,0.1,False,False,False
xgb_trees,trees 50,st,21,sex_female,hicov,0.018908447118046068,-0.004703342914581299,0.023416519165039062,-0.004393279552459717,0.02310645580291748,5168,6566,,92,0.1,False,False,False
xgb_trees,trees 50,st,21,race_bw,pincp,-0.26856783080580726,-0.09822765063590211,-0.17106297038790963,-0.10638516233470874,-0.162905458689103,647,10738,,91,0.11,False,False,False
xgb_trees,trees 50,st,21,immigrant,pincp,-0.07145706307004751,0.017416618627171587,-0.08855774768197833,0.038346933857352994,-0.10948806291215973,445,11289,,92,0.12,False,False,False
xgb_trees,trees 50,st,21,immigrant,hicov,-0.12914371253313106,-0.027357399463653564,-0.10201334953308105,-0.008923947811126709,-0.12044680118560791,445,11289,,92,0.12,False,False,False
xgb_trees,trees 50,st,22,sex_female,pincp,-0.3786737215261695,0.011489171269454701,-0.3906711993691818,-0.03671996554646384,-0.3424620625532633,5065,5961,,92,0.1,True,False,True
xgb_trees,trees 50,st,22,sex_female,hicov,0.02384849994857985,-0.010866701602935791,0.03432708978652954,-0.010233581066131592,0.03369396924972534,5065,5961,,92,0.11,False,False,False
xgb_trees,trees 50,st,22,race_bw,pincp,-0.3835029925119162,-0.12388717727077925,-0.2590262007600437,-0.13353655433756195,-0.24937682369326097,2477,8026,,91,0.1,False,False,False
xgb_trees,trees 50,st,22,race_bw,hicov,-0.029161130645144806,-0.02659708261489868,-0.0021359920501708984,-0.026002883911132812,-0.0027301907539367676,2477,8026,,91,0.09,False,False,False
xgb_trees,trees 50,st,22,immigrant,pincp,-0.12196761308323723,-0.016068690102198246,-0.10681594053647459,0.03576177280104176,-0.1586464034397146,503,10523,,92,0.11,True,False,True
xgb_trees,trees 50,st,22,immigrant,hicov,-0.16816652116191944,-0.06371259689331055,-0.10299640893936157,-0.025134265422821045,-0.14157474040985107,503,10523,,92,0.1,False,False,False
xgb_trees,trees 50,st,23,sex_female,pincp,-0.19825235908339245,0.039733047146778944,-0.23715024079641367,0.024024217377210277,-0.221441411026845,1463,1847,,89,0.06,False,False,False
xgb_trees,trees 50,st,23,sex_female,hicov,0.02401966426130797,-0.0003993511199951172,0.02357274293899536,-0.0014848709106445312,0.024658262729644775,1463,1847,,89,0.06,False,False,False
xgb_trees,trees 50,st,23,immigrant,pincp,0.01777096885950158,0.0009375428856497336,0.009464765583794943,0.04887864134689224,-0.03847633287744756,103,3207,,89,0.05,False,True,True
xgb_trees,trees 50,st,23,immigrant,hicov,0.013819890349084707,0.002371549606323242,0.008342504501342773,0.00018024444580078125,0.010533809661865234,103,3207,,89,0.05,False,False,False
xgb_trees,trees 50,st,24,sex_female,pincp,-0.21181734877639613,0.0042833012479945864,-0.21631854580594911,-0.018404055959651444,-0.19363118859830308,8713,10246,,92,0.16,True,False,True
xgb_trees,trees 50,st,24,sex_female,hicov,0.020371533298194855,-0.001077890396118164,0.021532297134399414,0.00324857234954834,0.01720583438873291,8713,10246,,92,0.17,True,False,True
xgb_trees,trees 50,st,24,race_bw,pincp,-0.24287667447884864,-0.0672356789585482,-0.17524898420320234,-0.11118317323036564,-0.1313014899313849,4610,12209,,91,0.17,False,False,False
xgb_trees,trees 50,st,24,immigrant,pincp,-0.15568432450642078,-0.00021486035827678052,-0.15699057606932776,0.026007131925725346,-0.18321256835332989,3231,15728,,92,0.15,True,False,True
xgb_trees,trees 50,st,24,immigrant,hicov,-0.09323396376594617,-0.02514469623565674,-0.06827801465988159,-0.00926220417022705,-0.08416050672531128,3231,15728,,92,0.16,False,False,False
xgb_trees,trees 50,st,25,sex_female,pincp,-0.24144678808740672,0.003477737359320443,-0.24489213921953024,-0.024319656969314707,-0.21709474489089509,9062,11429,,92,0.18,True,False,True
xgb_trees,trees 50,st,25,race_bw,pincp,-0.3719536144677207,-0.13508838769710252,-0.23715113193637194,-0.1573728400267118,-0.21486667960676264,1013,17304,,91,0.15,False,False,False
xgb_trees,trees 50,st,25,race_bw,hicov,-0.02695569022038513,-0.014028429985046387,-0.012979745864868164,-0.012704551219940186,-0.014303624629974365,1013,17304,,91,0.15,False,False,False
xgb_trees,trees 50,st,25,immigrant,pincp,-0.14461822017134907,-0.0433966939392878,-0.1007735158284202,-0.01393114934277051,-0.1302390604249375,3687,16804,,92,0.19,False,False,False
xgb_trees,trees 50,st,25,immigrant,hicov,-0.027022590162996685,-0.007093489170074463,-0.019716084003448486,-0.003090083599090576,-0.023719489574432373,3687,16804,,92,0.17,False,False,False
xgb_trees,trees 50,st,26,sex_female,pincp,-0.24651994082032935,0.014436840151223151,-0.2602270651138241,-0.002022630864662034,-0.2437675940979389,10790,14934,,92,0.22,True,False,True
xgb_trees,trees 50,st,26,sex_female,hicov,0.019076658955257342,-0.005493283271789551,0.024871885776519775,-0.006581664085388184,0.025960266590118408,10790,14934,,92,0.22,False,False,False
xgb_trees,trees 50,st,26,race_bw,pincp,-0.2167167997666084,-0.07174764047347715,-0.1446120208427928,-0.0988856668614666,-0.11747399445480333,1695,22671,,91,0.21,False,False,False
xgb_trees,trees 50,st,26,race_bw,hicov,-0.01643165823712256,-0.01619398593902588,-0.0005420446395874023,-0.015579462051391602,-0.0011565685272216797,1695,22671,,91,0.23,False,False,False
xgb_trees,trees 50,st,26,immigrant,pincp,0.11652478612974271,0.1360345990620484,-0.018439227833187743,0.1306731433822268,-0.01307777215336614,1631,24093,,92,0.23,False,False,False
xgb_trees,trees 50,st,26,immigrant,hicov,-0.03729620884818308,0.02448856830596924,-0.06199204921722412,0.004247546195983887,-0.04175102710723877,1631,24093,,92,0.23,False,False,False
xgb_trees,trees 50,st,27,sex_female,pincp,-0.22993728022987447,0.02109044414107686,-0.25112635506348546,0.013774499107809035,-0.24381041003021764,7010,9668,,92,0.15,False,False,False
xgb_trees,trees 50,st,27,sex_female,hicov,0.017500090006769664,1.704692840576172e-05,0.01786065101623535,-0.0016058087348937988,0.019483506679534912,7010,9668,,92,0.17,True,False,True
xgb_trees,trees 50,st,27,race_bw,pincp,-0.270576940371841,-0.09473287327473656,-0.17547155708395046,-0.055413539388551314,-0.2147908909701357,307,15438,,91,0.14,False,False,False
xgb_trees,trees 50,st,27,race_bw,hicov,-0.05278400562426233,-0.0314367413520813,-0.022358477115631104,-0.040361225605010986,-0.013433992862701416,307,15438,,91,0.12,False,False,False
xgb_trees,trees 50,st,27,immigrant,pincp,-0.13052885294286476,-0.0051903209159025465,-0.12513501226020196,0.01767633100775612,-0.14800166418386063,860,15818,,92,0.14,True,False,True
xgb_trees,trees 50,st,27,immigrant,hicov,-0.07335990496549405,-0.0064299702644348145,-0.06704747676849365,-0.013820052146911621,-0.059657394886016846,860,15818,,92,0.19,False,False,False
xgb_trees,trees 50,st,28,sex_female,pincp,-0.31134078456686076,0.012688943785454043,-0.324033308079688,-0.020946688384158918,-0.29039767591007504,3262,3776,,92,0.07,True,False,True
xgb_trees,trees 50,st,28,sex_female,hicov,0.03289857397458151,-0.010434448719024658,0.043785929679870605,-0.003037869930267334,0.03638935089111328,3262,3776,,92,0.08,False,False,False
xgb_trees,trees 50,st,28,race_bw,pincp,-0.3900275817952199,-0.07895523731153986,-0.3118416740435226,-0.11009668962642039,-0.28070022172864206,2102,4731,,91,0.09,False,False,False
xgb_trees,trees 50,st,28,race_bw,hicov,-0.022910712407444356,-0.029739320278167725,0.00628739595413208,-0.03184330463409424,0.008391380310058594,2102,4731,,91,0.09,False,False,False
xgb_trees,trees 50,st,28,immigrant,pincp,-0.13604796160766774,-0.03827740439612448,-0.09995680346873925,0.039010251014879316,-0.17724445887974305,189,6849,,92,0.07,True,False,True
xgb_trees,trees 50,st,28,immigrant,hicov,-0.20993679994994052,-0.07375085353851318,-0.1317538022994995,-0.030771911144256592,-0.1747327446937561,189,6849,,92,0.08,False,False,False
xgb_trees,trees 50,st,29,sex_female,pincp,-0.27515273629759385,0.013814700529646728,-0.28893801954151854,0.011294165585242766,-0.2864174845971146,7601,9533,,92,0.13,False,False,False
xgb_trees,trees 50,st,29,sex_female,hicov,0.01863879096443022,-0.008908331394195557,0.02745819091796875,-0.0076487064361572266,0.02619856595993042,7601,9533,,92,0.15,False,False,False
xgb_trees,trees 50,st,29,race_bw,pincp,-0.1991943295278631,-0.0681539877128099,-0.13212950534397372,-0.09360297039283694,-0.10668052266394668,1153,15279,,91,0.14,False,False,False
xgb_trees,trees 50,st,29,immigrant,hicov,-0.07705422012447072,-0.011957883834838867,-0.06300973892211914,-0.0022383928298950195,-0.07272922992706299,742,16392,,92,0.15,False,False,False
xgb_trees,trees 50,st,30,sex_female,pincp,-0.28979446174989043,0.03486220997581846,-0.3240489914610585,0.019449336727536348,-0.30863611821277637,1065,1480,,90,0.04,False,False,False
xgb_trees,trees 50,st,31,sex_female,pincp,-0.281439103191774,0.021605976983249064,-0.302803017811355,0.015563464429700247,-0.2967605052578062,2516,3334,,92,0.06,False,False,False
xgb_trees,trees 50,st,31,race_bw,pincp,-0.2017146058405448,-0.056228630627266796,-0.14767095843659916,-0.0851466767508704,-0.11875291231299556,119,5464,,91,0.06,False,False,False
xgb_trees,trees 50,st,31,race_bw,hicov,-0.06312363891383777,-0.031175732612609863,-0.0364874005317688,-0.02988201379776001,-0.03778111934661865,119,5464,,91,0.06,False,False,False
xgb_trees,trees 50,st,31,immigrant,pincp,-0.30890042652009875,-0.05994752503646161,-0.2506564748293627,-0.05013586399164538,-0.26046813587417894,283,5567,,92,0.06,False,False,False
xgb_trees,trees 50,st,31,immigrant,hicov,-0.1141031101372868,-0.013827919960021973,-0.1016572117805481,-0.027491986751556396,-0.08799314498901367,283,5567,,92,0.07,False,False,False
xgb_trees,trees 50,st,32,sex_female,pincp,-0.22430918693346769,0.028189641416302536,-0.2530315568461212,0.01669331570163024,-0.24153523113144892,3203,4225,,91,0.09,False,False,False
xgb_trees,trees 50,st,32,sex_female,hicov,0.04386575455333108,-0.005805015563964844,0.049756646156311035,-0.00021523237228393555,0.04416686296463013,3203,4225,,91,0.09,False,False,False
xgb_trees,trees 50,st,32,race_bw,pincp,-0.22144703617116335,-0.049651827548895966,-0.17216933592028383,-0.06826322461559364,-0.15355793885358615,508,5229,,90,0.07,False,False,False
xgb_trees,trees 50,st,32,race_bw,hicov,0.01350433605437873,-0.014142811298370361,0.02851325273513794,-0.005485892295837402,0.01985633373260498,508,5229,,90,0.07,False,False,False
xgb_trees,trees 50,st,32,immigrant,pincp,-0.30383233352831596,-0.07860205298641176,-0.22653079067227466,-0.08453045967830164,-0.2206023839803848,1872,5556,,91,0.07,False,False,False
xgb_trees,trees 50,st,32,immigrant,hicov,-0.1171244761957504,-0.03894674777984619,-0.07899749279022217,-0.0164947509765625,-0.10144948959350586,1872,5556,,91,0.08,False,False,False
xgb_trees,trees 50,st,33,sex_female,pincp,-0.2749833742141927,0.01910834991995891,-0.29587430554373917,0.004080592322344145,-0.2808465479461244,1775,2482,,92,0.06,False,False,False
xgb_trees,trees 50,st,33,sex_female,hicov,0.02131947202959905,-0.004689514636993408,0.025307178497314453,-0.0008386373519897461,0.02145630121231079,1775,2482,,92,0.05,False,False,False
xgb_trees,trees 50,st,33,immigrant,pincp,-0.01960434517791043,-0.0032602364838805187,-0.015570014921539865,0.05505277389379515,-0.07388302529921553,213,4044,,92,0.05,True,False,True
xgb_trees,trees 50,st,34,sex_female,pincp,-0.27959417182269064,-0.002161855991563044,-0.278506434864207,-0.025745321331093862,-0.2549229695246762,11310,14947,,92,0.2,False,False,False
xgb_trees,trees 50,st,34,sex_female,hicov,0.026453037100081955,-0.00485152006149292,0.03138655424118042,-0.0051653385162353516,0.03170037269592285,11310,14947,,92,0.22,False,False,False
xgb_trees,trees 50,st,34,race_bw,pincp,-0.3485279411658162,-0.10474345939040752,-0.24347450722352093,-0.14071835158694945,-0.207499615026979,2450,19368,,91,0.16,False,False,False
xgb_trees,trees 50,st,34,immigrant,pincp,-0.18133677494972034,-0.02131634149811923,-0.1602169096327657,0.013724670931113181,-0.1952579220619981,6979,19278,,92,0.23,True,False,True
xgb_trees,trees 50,st,34,immigrant,hicov,-0.1122939833089891,-0.02864360809326172,-0.08407121896743774,-0.010316252708435059,-0.1023985743522644,6979,19278,,92,0.23,False,False,False
xgb_trees,trees 50,st,35,sex_female,pincp,-0.19025334313377584,0.03200226636862702,-0.22159952649133707,0.003451806165816862,-0.19304906628852692,2064,2495,,90,0.06,False,False,False
xgb_trees,trees 50,st,35,sex_female,hicov,0.027719392272917864,-0.00994563102722168,0.037805795669555664,0.0024827122688293457,0.02537745237350464,2064,2495,,90,0.05,True,False,True
xgb_trees,trees 50,st,35,race_bw,pincp,-0.15214511430401068,-0.04141482191020174,-0.11188353013758601,-0.01220475634375262,-0.14109359570403512,67,3264,,88,0.05,False,False,False
xgb_trees,trees 50,st,35,immigrant,pincp,-0.22003643556194064,-0.07418255395644557,-0.14661663315108164,-0.03627507915502015,-0.18452410795250707,490,4069,,90,0.07,False,False,False
xgb_trees,trees 50,st,35,immigrant,hicov,-0.16557044051338898,-0.07514268159866333,-0.09374076128005981,-0.014988183975219727,-0.15389525890350342,490,4069,,90,0.05,False,False,False
xgb_trees,trees 50,st,36,sex_female,pincp,-0.2004874804493344,0.03369314289613712,-0.23424483877366775,0.018378751859469133,-0.21893044773699977,24821,30289,,92,0.45,False,False,False
xgb_trees,trees 50,st,36,sex_female,hicov,0.03008149330087584,-0.0007559657096862793,0.03087139129638672,0.00221407413482666,0.02790135145187378,24821,30289,,92,0.41,True,False,True
xgb_trees,trees 50,st,36,race_bw,pincp,-0.27242488117953023,-0.08034635121154565,-0.1921064319252892,-0.12092183039261073,-0.15153095274422412,6432,39884,,91,0.34,False,False,False
xgb_trees,trees 50,st,36,race_bw,hicov,-0.021661153788773424,-0.013844132423400879,-0.007795274257659912,-0.02663522958755493,0.004995822906494141,6432,39884,,91,0.32,False,True,True
xgb_trees,trees 50,st,36,immigrant,pincp,-0.16921449805576216,-0.07710124709616828,-0.09213362019862892,-0.03343442136853625,-0.13580044592626095,13520,41590,,92,0.41,False,False,False
xgb_trees,trees 50,st,36,immigrant,hicov,-0.08273276675236285,-0.01913362741470337,-0.06388789415359497,-0.008608698844909668,-0.07441282272338867,13520,41590,,92,0.37,False,False,False
xgb_trees,trees 50,st,37,sex_female,pincp,-0.2513797037125798,0.004061074502180517,-0.2553667636187331,-0.011917022721977588,-0.239388666394575,11762,14924,,92,0.22,True,False,True
xgb_trees,trees 50,st,37,sex_female,hicov,0.026121671345438635,-0.006828725337982178,0.03291279077529907,0.0007380247116088867,0.025346040725708008,11762,14924,,92,0.21,True,False,True
xgb_trees,trees 50,st,37,race_bw,pincp,-0.3428412819155735,-0.08757861191366167,-0.2558493465934326,-0.11879269565770834,-0.22463526284938595,4251,20487,,91,0.22,False,False,False
xgb_trees,trees 50,st,37,race_bw,hicov,-0.020227158183069305,-0.021004199981689453,0.001001119613647461,-0.019055962562561035,-0.000947117805480957,4251,20487,,91,0.2,False,True,True
xgb_trees,trees 50,st,37,immigrant,pincp,-0.10334814145842763,-0.017200848601021335,-0.08688489360411644,0.011389964730243562,-0.11547570693538134,2369,24317,,92,0.21,True,False,True
xgb_trees,trees 50,st,37,immigrant,hicov,-0.16151536030195512,-0.06450706720352173,-0.09780663251876831,-0.0240364670753479,-0.13827723264694214,2369,24317,,92,0.24,False,False,False
xgb_trees,trees 50,st,38,sex_female,pincp,-0.40017355186717296,0.012876278995806345,-0.4162463232622322,-0.0022816431758716504,-0.4010884010905542,943,1416,,88,0.06,True,False,True
xgb_trees,trees 50,st,38,sex_female,hicov,0.016556727836991025,-0.006435692310333252,0.022539973258972168,0.00039768218994140625,0.01570659875869751,943,1416,,88,0.04,True,False,True
xgb_trees,trees 50,st,38,immigrant,pincp,-0.05300269840215499,-0.13060986204818903,0.07530071140375938,-0.009490081621866153,-0.0458190690225635,67,2292,,88,0.04,False,True,True
xgb_trees,trees 50,st,38,immigrant,hicov,-0.01301737386366586,0.0007635951042175293,-0.014188706874847412,-0.022240877151489258,0.008815765380859375,67,2292,,88,0.04,True,True,True
xgb_trees,trees 50,st,39,sex_female,pincp,-0.26401311233596125,0.016256894600582328,-0.2808770895233792,-0.0034416128216552266,-0.26117858210114164,14095,18698,,92,0.23,True,False,True
xgb_trees,trees 50,st,39,sex_female,hicov,0.017501789330388817,-0.005934953689575195,0.023525655269622803,-0.008066415786743164,0.02565711736679077,14095,18698,,92,0.28,False,False,False
xgb_trees,trees 50,st,39,race_bw,pincp,-0.24536897415986836,-0.08148714532474877,-0.164627060885298,-0.09751484689023115,-0.1485993593198156,2358,29190,,91,0.25,False,False,False
xgb_trees,trees 50,st,39,race_bw,hicov,-0.01722050930684027,-0.012305915355682373,-0.005220770835876465,-0.017386913299560547,-0.00013977289199829102,2358,29190,,91,0.28,False,False,False
xgb_trees,trees 50,st,39,immigrant,pincp,0.048812748806545514,0.11155470978066973,-0.06320482627532442,0.10708925271697822,-0.05873936921163292,1377,31416,,92,0.27,False,False,False
xgb_trees,trees 50,st,39,immigrant,hicov,-0.04787251600977094,0.001360774040222168,-0.048898518085479736,0.0012702345848083496,-0.04880797863006592,1377,31416,,92,0.29,False,False,False
xgb_trees,trees 50,st,4,sex_female,pincp,-0.23532286018952853,0.007636122093799713,-0.24304797425357627,-0.016758767443903366,-0.2186530847158732,7274,9525,,92,0.18,True,False,True
xgb_trees,trees 50,st,4,sex_female,hicov,0.028002182295263744,-0.0082932710647583,0.036279916763305664,0.0013731122016906738,0.02661353349685669,7274,9525,,92,0.15,True,False,True
xgb_trees,trees 50,st,4,race_bw,pincp,-0.23746491036643214,-0.045464239833568953,-0.19452378193789066,-0.06221260424626607,-0.17777541752519355,580,13266,,91,0.13,False,False,False
xgb_trees,trees 50,st,4,immigrant,pincp,-0.22653950430917114,-0.04868495670991457,-0.17732797229160546,-0.05090358464737221,-0.17510934435414782,2617,14182,,92,0.14,False,False,False
xgb_trees,trees 50,st,4,immigrant,hicov,-0.12441581133134316,-0.03683292865753174,-0.08797913789749146,-0.025064468383789062,-0.09974759817123413,2617,14182,,92,0.15,False,False,False
xgb_trees,trees 50,st,40,sex_female,pincp,-0.29664627375391106,0.027171620788747575,-0.3234295578251576,0.010633648934023299,-0.3068915859704333,4029,5523,,92,0.09,False,False,False
xgb_trees,trees 50,st,40,sex_female,hicov,0.0268521712963955,-0.01333993673324585,0.04035961627960205,-0.0001373887062072754,0.027157068252563477,4029,5523,,92,0.08,False,False,False
xgb_trees,trees 50,st,40,race_bw,pincp,-0.2351882977597448,-0.04044933557076291,-0.19477575913924916,-0.07447159440880569,-0.1607535003012064,446,7317,,91,0.1,False,False,False
xgb_trees,trees 50,st,40,immigrant,pincp,-0.21193833439191856,-0.050781623709116985,-0.1603214156632955,-0.014476050268504181,-0.1966269891039083,556,8996,,92,0.1,False,False,False
xgb_trees,trees 50,st,40,immigrant,hicov,-0.21967477152115567,-0.06362968683242798,-0.15637308359146118,-0.057580769062042236,-0.16242200136184692,556,8996,,92,0.08,False,False,False
xgb_trees,trees 50,st,41,sex_female,pincp,-0.2149141704901094,0.020967375020454426,-0.23646735429608334,0.0034934473339927052,-0.21899342660962162,4421,6132,,91,0.09,False,False,False
xgb_trees,trees 50,st,41,sex_female,hicov,0.019092850303944253,-0.004172205924987793,0.02314901351928711,-0.0005559921264648438,0.01953279972076416,4421,6132,,91,0.1,False,False,False
xgb_trees,trees 50,st,41,race_bw,pincp,-0.25634392603690337,-0.03148496569988701,-0.22229036350518427,-0.05133712031201654,-0.20243820889305475,131,9171,,90,0.11,False,False,False
xgb_trees,trees 50,st,41,race_bw,hicov,0.014280827134320662,-0.008166253566741943,0.023052990436553955,-0.020478785037994385,0.035365521907806396,131,9171,,90,0.08,False,False,False
xgb_trees,trees 50,st,41,immigrant,pincp,-0.14781387524339173,-0.005142442155349869,-0.1439950260240952,0.007693045277777699,-0.15683051345722276,1186,9367,,91,0.11,True,False,True
xgb_trees,trees 50,st,41,immigrant,hicov,-0.06071924489673575,-0.018051981925964355,-0.04168140888214111,-0.010058999061584473,-0.049674391746520996,1186,9367,,91,0.12,False,False,False
xgb_trees,trees 50,st,42,sex_female,pincp,-0.2608191999909497,0.023485731621411432,-0.2838646275500274,0.004435424707356361,-0.2648143206359723,15681,20483,,92,0.28,False,False,False
xgb_trees,trees 50,st,42,sex_female,hicov,0.02210470837581824,-0.004991888999938965,0.0270003080368042,-0.004266977310180664,0.0262753963470459,15681,20483,,92,0.32,False,False,False
xgb_trees,trees 50,st,42,race_bw,pincp,-0.18461695160788594,-0.06600867826134404,-0.11894387507623705,-0.09810546295225109,-0.08684709038533,1775,32726,,91,0.28,False,False,False
xgb_trees,trees 50,st,42,race_bw,hicov,-0.02623379954603866,-0.017405033111572266,-0.00930696725845337,-0.010439574718475342,-0.016272425651550293,1775,32726,,91,0.3,False,False,False
xgb_trees,trees 50,st,42,immigrant,pincp,0.01895036834457109,0.05371518432673028,-0.03505829268454086,0.07353351920976436,-0.05487662756757494,2085,34079,,92,0.29,False,False,False
xgb_trees,trees 50,st,42,immigrant,hicov,-0.05231362901110781,-0.005195498466491699,-0.046406090259552,-0.0015576481819152832,-0.05004394054412842,2085,34079,,92,0.31,False,False,False
xgb_trees,trees 50,st,44,sex_female,pincp,-0.2343378528442699,0.029747627018991807,-0.26411904857141977,0.03122311755889129,-0.26559453911131925,1329,1569,,88,0.05,False,False,False
xgb_trees,trees 50,st,44,sex_female,hicov,0.019553510668755658,-0.0034418106079101562,0.023021340370178223,-0.006504714488983154,0.02608424425125122,1329,1569,,88,0.05,False,False,False
xgb_trees,trees 50,st,44,race_bw,pincp,-0.2926052160795276,-0.047189340559215864,-0.25135520571031833,-0.11536859090806573,-0.18317595536146847,123,2515,,87,0.04,False,False,False
xgb_trees,trees 50,st,44,immigrant,pincp,-0.24674267801177407,-0.10892809370726297,-0.13901338479357328,-0.05481087616887237,-0.19313060233196389,463,2435,,88,0.05,False,False,False
xgb_trees,trees 50,st,44,immigrant,hicov,-0.05373667847845276,-0.030584216117858887,-0.021866977214813232,-0.003810405731201172,-0.04864078760147095,463,2435,,88,0.06,False,False,False
xgb_trees,trees 50,st,45,sex_female,pincp,-0.2785360372270027,-0.0034796684203115547,-0.27518668394446877,-0.021946906911484376,-0.25671944545329595,5691,7032,,92,0.14,False,False,False
xgb_trees,trees 50,st,45,sex_female,hicov,0.032366685197812495,-0.006581783294677734,0.039339423179626465,0.0007917881011962891,0.03196585178375244,5691,7032,,92,0.1,True,False,True
xgb_trees,trees 50,st,45,race_bw,pincp,-0.3830184381611712,-0.09871586046420155,-0.28456675172729007,-0.13316583644159685,-0.25011677574989477,2541,9653,,91,0.15,False,False,False
xgb_trees,trees 50,st,45,race_bw,hicov,-0.01027585594795033,-0.019834280014038086,0.010374844074249268,-0.02481377124786377,0.015354335308074951,2541,9653,,91,0.14,False,False,False
xgb_trees,trees 50,st,45,immigrant,pincp,-0.08057504916947344,-0.10016816701953957,0.01878119182721072,0.01842087489002253,-0.09980785008235138,654,12069,,92,0.13,True,True,True
xgb_trees,trees 50,st,45,immigrant,hicov,-0.20226282970777365,-0.08221960067749023,-0.11997407674789429,-0.027849435806274414,-0.1743442416191101,654,12069,,92,0.13,False,False,False
xgb_trees,trees 50,st,46,sex_female,pincp,-0.2908753073247148,-0.0015719106119362891,-0.28903742906149077,0.0038601688984751803,-0.29446950857190224,1104,1489,,87,0.06,True,False,True
xgb_trees,trees 50,st,46,sex_female,hicov,0.02619511684721776,-0.0080643892288208,0.03479212522506714,-0.00829935073852539,0.03502708673477173,1104,1489,,87,0.04,False,False,False
xgb_trees,trees 50,st,46,immigrant,pincp,-0.23296569506982934,-0.003608680033801548,-0.24011068920262701,-0.07641090865404188,-0.1673084605823867,77,2516,,87,0.05,False,False,False
xgb_trees,trees 50,st,46,immigrant,hicov,-0.05143187496128676,-0.020359694957733154,-0.03398674726486206,-0.11924093961715698,0.06489449739456177,77,2516,,87,0.06,False,True,True
xgb_trees,trees 50,st,47,sex_female,pincp,-0.2515418813310255,0.02351975699610165,-0.27526936345859454,0.006995805237794528,-0.2587454117002874,7731,9938,,92,0.19,False,False,False
xgb_trees,trees 50,st,47,sex_female,hicov,0.03620466553737811,-0.004298985004425049,0.04075700044631958,0.004456162452697754,0.03200185298919678,7731,9938,,92,0.16,True,False,True
xgb_trees,trees 50,st,47,race_bw,pincp,-0.24291613774690468,-0.08319216681576158,-0.1589324505631673,-0.10215952934552774,-0.13996508803340113,2084,14855,,91,0.19,False,False,False
xgb_trees,trees 50,st,47,race_bw,hicov,-0.019212108604546363,-0.020178794860839844,0.0009964704513549805,-0.015720248222351074,-0.003462076187133789,2084,14855,,91,0.13,False,True,True
xgb_trees,trees 50,st,47,immigrant,pincp,-0.12017643285205182,-0.03866597743333422,-0.0811662228174459,0.005436280434700791,-0.1252684806854809,982,16687,,92,0.18,True,False,True
xgb_trees,trees 50,st,47,immigrant,hicov,-0.22928094933956544,-0.07670938968658447,-0.15196025371551514,-0.021872758865356445,-0.20679688453674316,982,16687,,92,0.16,False,False,False
xgb_trees,trees 50,st,48,sex_female,pincp,-0.280056055773656,0.012138018685119434,-0.29245421799631366,-0.007277541820215561,-0.27303865749097866,31110,42184,,92,0.53,True,False,True
xgb_trees,trees 50,st,48,sex_female,hicov,0.05040712336269337,-0.0104522705078125,0.0610775351524353,0.00909656286239624,0.04152870178222656,31110,42184,,92,0.55,True,False,True
xgb_trees,trees 50,st,48,race_bw,pincp,-0.2224747386930428,-0.0580175609848812,-0.1647412502222121,-0.06859537008400451,-0.15416344112308877,6632,57703,,91,0.48,False,False,False
xgb_trees,trees 50,st,48,race_bw,hicov,0.020478520087899965,-0.011766016483306885,0.03287184238433838,-0.00269925594329834,0.023805081844329834,6632,57703,,91,0.54,False,False,False
xgb_trees,trees 50,st,48,immigrant,pincp,-0.24244797762234072,-0.0655889002102672,-0.17717529347995864,-0.036278956560495956,-0.20648523712972988,14045,59249,,92,0.57,False,False,False
xgb_trees,trees 50,st,48,immigrant,hicov,-0.18640997892927536,-0.0756986141204834,-0.1109279990196228,-0.038821399211883545,-0.14780521392822266,14045,59249,,92,0.61,False,False,False
xgb_trees,trees 50,st,49,sex_female,pincp,-0.3688677720811935,-0.019110643158455787,-0.3496993910191524,-0.05558544903340312,-0.31322458514420504,2631,4858,,91,0.09,False,False,False
xgb_trees,trees 50,st,49,sex_female,hicov,0.016111383121001355,-0.014381468296051025,0.03015613555908203,-0.016754090785980225,0.03252875804901123,2631,4858,,91,0.11,False,False,False
xgb_trees,trees 50,st,49,race_bw,pincp,-0.3013406887576444,-0.21090192107087624,-0.0870022319712298,-0.08140844485910037,-0.21649570818300568,54,6795,,90,0.08,False,False,False
xgb_trees,trees 50,st,49,immigrant,pincp,-0.33821703312701956,-0.11917812315882692,-0.22099520693928554,-0.09136633581630349,-0.24880699428180897,677,6812,,91,0.1,False,False,False
xgb_trees,trees 50,st,49,immigrant,hicov,-0.16394736545378696,-0.04976838827133179,-0.11346930265426636,-0.03140443563461304,-0.1318332552909851,677,6812,,91,0.09,False,False,False
xgb_trees,trees 50,st,5,sex_female,pincp,-0.2661997987464133,0.009407846337436965,-0.27503820088100817,0.014411547619388898,-0.2800419021629601,3295,4129,,92,0.1,False,False,False
xgb_trees,trees 50,st,5,sex_female,hicov,0.0323388622831734,-0.006149649620056152,0.03859877586364746,-8.189678192138672e-05,0.032531023025512695,3295,4129,,92,0.07,False,False,False
xgb_trees,trees 50,st,5,race_bw,pincp,-0.2823326565036659,-0.08587365812178938,-0.19962426288169866,-0.08637435174327379,-0.19912356926021424,802,6230,,91,0.09,False,False,False
xgb_trees,trees 50,st,5,immigrant,pincp,-0.24308967053588226,-0.02513660702145515,-0.22147721646267016,-0.01706236183262355,-0.22955146165150175,391,7033,,92,0.08,False,False,False
xgb_trees,trees 50,st,5,immigrant,hicov,-0.14289813131590456,-0.03362905979156494,-0.11133182048797607,-0.0164145827293396,-0.12854629755020142,391,7033,,92,0.08,False,False,False
xgb_trees,trees 50,st,50,sex_female,pincp,-0.14022086869054817,0.029306566498995323,-0.16773424723732866,0.03644979270779203,-0.17487747344612536,852,1028,,86,0.05,False,False,False
xgb_trees,trees 50,st,50,sex_female,hicov,0.029192013298989794,-0.0010560154914855957,0.02937227487564087,0.0030617117881774902,0.025254547595977783,852,1028,,86,0.04,True,False,True
xgb_trees,trees 50,st,50,immigrant,pincp,0.08646994507348538,0.016229200703083535,0.06721451860525463,0.028328519828438203,0.05511519947989996,61,1819,,86,0.03,False,False,False
xgb_trees,trees 50,st,50,immigrant,hicov,-0.033039230706837674,0.007709383964538574,-0.041097283363342285,0.019278645515441895,-0.052666544914245605,61,1819,,86,0.03,False,False,False
xgb_trees,trees 50,st,51,sex_female,pincp,-0.27302751178342,-0.017458062553611597,-0.25584512459864506,-0.033178554483857425,-0.24012463266839923,11165,13892,,92,0.22,False,False,False
xgb_trees,trees 50,st,51,sex_female,hicov,0.018292008635743984,-0.007893979549407959,0.02640533447265625,-0.0017528533935546875,0.02026420831680298,11165,13892,,92,0.2,False,False,False
xgb_trees,trees 50,st,51,race_bw,pincp,-0.3105158451780081,-0.11036791178687011,-0.199210593584354,-0.13220051427040858,-0.17737799110081554,3571,18633,,91,0.19,False,False,False
xgb_trees,trees 50,st,51,race_bw,hicov,-0.012815493743969841,-0.019184589385986328,0.006425797939300537,-0.015315473079681396,0.0025566816329956055,3571,18633,,91,0.19,False,False,False
xgb_trees,trees 50,st,51,immigrant,pincp,-0.08827680242906055,0.006541800208225368,-0.0947096382757806,0.04147723636197931,-0.12964507442953455,3568,21489,,92,0.19,False,False,False
xgb_trees,trees 50,st,51,immigrant,hicov,-0.08259353987972162,-0.022701263427734375,-0.0599825382232666,-0.007057905197143555,-0.07562589645385742,3568,21489,,92,0.23,False,False,False
xgb_trees,trees 50,st,53,sex_female,pincp,-0.2748983811241228,-0.005917002897502854,-0.26868922991597444,-0.02073345477069921,-0.2538727780427781,8203,11854,,92,0.15,False,False,False
xgb_trees,trees 50,st,53,sex_female,hicov,0.02300643443582484,-0.005518496036529541,0.02863931655883789,-0.0051078200340271,0.02822864055633545,8203,11854,,92,0.17,False,False,False
xgb_trees,trees 50,st,53,race_bw,pincp,-0.2401969338879315,-0.06608954454955551,-0.17434648513556716,-0.04982187514521108,-0.1906141545399116,498,16076,,91,0.14,False,False,False
xgb_trees,trees 50,st,53,immigrant,pincp,-0.06386455533668745,0.011321447777415727,-0.07471477966353746,0.027014995737387082,-0.09040832762350881,3142,16915,,92,0.15,False,False,False
xgb_trees,trees 50,st,53,immigrant,hicov,-0.08703524361614123,-0.03245621919631958,-0.055010437965393066,-0.004498481750488281,-0.08296817541122437,3142,16915,,92,0.21,False,False,False
xgb_trees,trees 50,st,54,sex_female,pincp,-0.2653994856022521,0.024466446644417772,-0.2918081762014708,-0.0029220999449819374,-0.2644196296120711,1870,2372,,91,0.05,True,False,True
xgb_trees,trees 50,st,54,sex_female,hicov,0.019418618282818212,-0.0052547454833984375,0.02329707145690918,-0.004113614559173584,0.022155940532684326,1870,2372,,91,0.06,False,False,False
xgb_trees,trees 50,st,54,race_bw,pincp,-0.10287333642424024,-0.08397585516165051,-0.020324834707023953,-0.0363852753596543,-0.06791541450902017,95,4041,,90,0.06,False,False,False
xgb_trees,trees 50,st,54,immigrant,pincp,0.09627748981801787,0.06442271104216069,0.03142159289624402,0.0816596838689847,0.014184620069420006,92,4150,,91,0.06,False,False,False
xgb_trees,trees 50,st,54,immigrant,hicov,-0.03514929282346779,-0.01346522569656372,-0.02169203758239746,0.0066713690757751465,-0.04182863235473633,92,4150,,91,0.07,True,False,True
xgb_trees,trees 50,st,55,sex_female,pincp,-0.24014252727026175,0.03828328357537636,-0.27819851494833436,0.03104371263314576,-0.27095894400610376,7379,10129,,92,0.12,False,False,False
xgb_trees,trees 50,st,55,sex_female,hicov,0.020999134207080772,-0.004741489887237549,0.0258786678314209,-0.0030777454376220703,0.02421492338180542,7379,10129,,92,0.14,False,False,False
xgb_trees,trees 50,st,55,race_bw,pincp,-0.23597190532807133,-0.06640483554510723,-0.171585028059555,-0.07446165897258972,-0.16352820463207252,357,16436,,91,0.14,False,False,False
xgb_trees,trees 50,st,55,race_bw,hicov,-0.03011085183647566,-0.01734757423400879,-0.013359010219573975,-0.015838682651519775,-0.014867901802062988,357,16436,,91,0.16,False,False,False
xgb_trees,trees 50,st,55,immigrant,pincp,-0.08377285580072602,0.019261493249871364,-0.10258362585640768,0.01400309156397661,-0.09732522417051293,662,16846,,92,0.14,False,False,False
xgb_trees,trees 50,st,55,immigrant,hicov,-0.1264630042973257,-0.024172842502593994,-0.10124051570892334,-0.009885013103485107,-0.11552834510803223,662,16846,,92,0.13,False,False,False
xgb_trees,trees 50,st,56,sex_female,pincp,-0.36346992208175166,0.012047249716722774,-0.376887003248207,0.0013460818454742451,-0.3661858353769585,647,956,,85,0.03,False,False,False
xgb_trees,trees 50,st,56,sex_female,hicov,0.03127243214579034,-0.005154967308044434,0.0368725061416626,-0.01373201608657837,0.04544955492019653,647,956,,85,0.04,False,False,False
xgb_trees,trees 50,st,56,immigrant,pincp,-0.18877279319069018,-0.018648549730619024,-0.16051506811810512,0.001652471557008539,-0.18081608940573268,51,1552,,85,0.04,True,False,True
xgb_trees,trees 50,st,56,immigrant,hicov,-0.07889882757226607,-0.023425400257110596,-0.060087502002716064,-0.0219498872756958,-0.06156301498413086,51,1552,,85,0.04,False,False,False
xgb_trees,trees 50,st,6,sex_female,pincp,-0.18146729971729947,0.034711045971253185,-0.21568055558975097,0.017561496346562677,-0.19853100596506046,41076,58207,,92,0.59,False,False,False
xgb_trees,trees 50,st,6,sex_female,hicov,0.03384123084023194,-0.002570807933807373,0.03649485111236572,0.0015354752540588379,0.03238856792449951,41076,58207,,92,0.78,True,False,True
xgb_trees,trees 50,st,6,race_bw,pincp,-0.18246297664314604,-0.0720166348808533,-0.11122136476814148,-0.05687507170904915,-0.12636292793994564,4119,61748,,91,0.44,False,False,False
xgb_trees,trees 50,st,6,race_bw,hicov,0.015345646834364346,0.0040087103843688965,0.01170492172241211,0.004776060581207275,0.01093757152557373,4119,61748,,91,0.5,False,False,False
xgb_trees,trees 50,st,6,immigrant,pincp,-0.26875090094567966,-0.07252746309542601,-0.19651643068358737,-0.05854333617852525,-0.21050055760048814,35042,64241,,92,0.66,False,False,False
xgb_trees,trees 50,st,6,immigrant,hicov,-0.080050513778545,-0.029660701751708984,-0.050493597984313965,-0.010478615760803223,-0.06967568397521973,35042,64241,,92,0.65,False,False,False
xgb_trees,trees 50,st,8,sex_female,pincp,-0.21981364393633918,0.008702346178811382,-0.22796098606543858,0.0035211508397505753,-0.22277979072637777,6943,9596,,92,0.15,False,False,False
xgb_trees,trees 50,st,8,sex_female,hicov,0.03742758652198985,-0.0030919909477233887,0.04077786207199097,0.004146277904510498,0.03353959321975708,6943,9596,,92,0.14,True,False,True
xgb_trees,trees 50,st,8,race_bw,pincp,-0.22475618247098517,-0.07596904876997534,-0.14786737480002365,-0.07790632550608834,-0.14593009806391066,402,14662,,91,0.13,False,False,False
xgb_trees,trees 50,st,8,immigrant,pincp,-0.23250097022780913,-0.10511060159917918,-0.12850912758934108,-0.055196513899609556,-0.1784232152889107,1649,14890,,92,0.16,False,False,False
xgb_trees,trees 50,st,8,immigrant,hicov,-0.15452220671420613,-0.06763070821762085,-0.08779001235961914,-0.016415894031524658,-0.13900482654571533,1649,14890,,92,0.16,False,False,False
xgb_trees,trees 50,st,9,sex_female,pincp,-0.32591543934684,-0.0033918964350405645,-0.32232044763114587,-0.03328433619981119,-0.29242800786637524,4662,6012,,92,0.14,False,False,False
xgb_trees,trees 50,st,9,sex_female,hicov,0.01643880835497602,-0.0036123991012573242,0.019912004470825195,-0.002662837505340576,0.018962442874908447,4662,6012,,92,0.12,False,False,False
xgb_trees,trees 50,st,9,race_bw,pincp,-0.4323223792453419,-0.11190817664980202,-0.3217212578049917,-0.17936386214498512,-0.2542655723098086,757,8886,,91,0.11,False,False,False
xgb_trees,trees 50,st,9,race_bw,hicov,-0.02647716518436527,-0.02046579122543335,-0.0065686702728271484,-0.02854442596435547,0.0015099644660949707,757,8886,,91,0.09,False,True,True
xgb_trees,trees 50,st,9,immigrant,pincp,-0.12330295028208837,-0.035186269048530505,-0.08780625667606046,-0.012038647558915372,-0.11095387816567559,1722,8952,,92,0.09,False,False,False
xgb_trees,trees 50,st,9,immigrant,hicov,-0.07303061157765922,-0.018599510192871094,-0.05458569526672363,-0.005674183368682861,-0.06751102209091187,1722,8952,,92,0.1,False,False,False
xgb_trees,trees 100,naics_2,11,sex_female,pincp,-0.17442832844735356,0.03256786941335932,-0.20721554033968204,0.01267520589076554,-0.18732287681708826,1770,10168,,63,0.1,False,False,False
xgb_trees,trees 100,naics_2,11,sex_female,hicov,0.06072557308405235,-0.011419117450714111,0.07258707284927368,-0.007615327835083008,0.06878328323364258,1770,10168,,63,0.1,False,False,False
xgb_trees,trees 100,naics_2,11,race_bw,pincp,-0.3082373735363646,-0.11796297230470287,-0.1893954365941184,-0.07677690376878488,-0.2305815051300364,198,10459,,62,0.08,False,False,False
xgb_trees,trees 100,naics_2,11,race_bw,hicov,-0.08277004677234145,-0.03561586141586304,-0.04937797784805298,-0.04715389013290405,-0.03783994913101196,198,10459,,62,0.1,False,False,False
xgb_trees,trees 100,naics_2,11,immigrant,pincp,-0.5044989627739547,-0.1833246639185031,-0.32059626245438366,-0.14668210554375172,-0.35723882082913505,2454,9484,,63,0.1,False,False,False
xgb_trees,trees 100,naics_2,11,immigrant,hicov,-0.29192622963498427,-0.06251555681228638,-0.22890067100524902,-0.05620211362838745,-0.23521411418914795,2454,9484,,63,0.1,False,False,False
xgb_trees,trees 100,naics_2,21,sex_female,pincp,-0.1566003960737774,0.13292504994267773,-0.2892091700926045,0.12320392542469705,-0.2794880455746238,858,4828,,60,0.07,False,False,False
xgb_trees,trees 100,naics_2,21,sex_female,hicov,0.029791252657864087,-0.002371490001678467,0.03215229511260986,-0.004567861557006836,0.03434866666793823,858,4828,,60,0.06,False,False,False
xgb_trees,trees 100,naics_2,21,race_bw,pincp,-0.3229724667527538,-0.11293383042404948,-0.2092754701388575,-0.09911993750216119,-0.22308936306074578,204,5009,,59,0.07,False,False,False
xgb_trees,trees 100,naics_2,21,race_bw,hicov,-0.03411114895149525,-0.029080569744110107,-0.007257819175720215,-0.029920458793640137,-0.0064179301261901855,204,5009,,59,0.06,False,False,False
xgb_trees,trees 100,naics_2,21,immigrant,pincp,0.04340662820095709,0.18773727715694477,-0.14482940604914596,0.15040056972050841,-0.1074926986127096,538,5148,,60,0.07,False,False,False
xgb_trees,trees 100,naics_2,21,immigrant,hicov,-0.029199631430114614,-0.011803925037384033,-0.017626583576202393,-0.009307622909545898,-0.020122885704040527,538,5148,,60,0.08,False,False,False
xgb_trees,trees 100,naics_2,22,sex_female,pincp,-0.16498741705883546,0.08477646897669011,-0.24990048320142932,0.04334726638427533,-0.20847128060901454,2383,8526,,63,0.12,False,False,False
xgb_trees,trees 100,naics_2,22,race_bw,pincp,-0.20612530453511546,-0.06367795880019855,-0.14265483933253265,-0.056911966751529874,-0.14942083138120132,778,9258,,62,0.1,False,False,False
xgb_trees,trees 100,naics_2,22,race_bw,hicov,-0.010228352495528115,-0.008010029792785645,-0.0017715096473693848,-0.0111580491065979,0.001376509666442871,778,9258,,62,0.09,False,True,True
xgb_trees,trees 100,naics_2,22,immigrant,pincp,0.05236980693181259,0.12987415374361433,-0.07687089650096901,0.09026907702851439,-0.03726581978586907,791,10118,,63,0.11,False,False,False
xgb_trees,trees 100,naics_2,22,immigrant,hicov,-0.04415682556453315,-0.010051190853118896,-0.033695757389068604,-0.004133045673370361,-0.03961390256881714,791,10118,,63,0.11,False,False,False
xgb_trees,trees 100,naics_2,23,sex_female,pincp,-0.0626446456082057,0.09352724602332962,-0.15618031076597028,0.10182371200622242,-0.16447677674886307,5486,50901,,58,0.43,False,False,False
xgb_trees,trees 100,naics_2,23,sex_female,hicov,0.10012223552223276,0.01854681968688965,0.0814318060874939,0.030283093452453613,0.06969553232192993,5486,50901,,58,0.48,False,False,False
xgb_trees,trees 100,naics_2,23,race_bw,pincp,-0.2200815585744582,-0.051542291502117976,-0.16826260395794712,-0.05091660896801109,-0.168888286492054,2207,47852,,57,0.38,False,False,False
xgb_trees,trees 100,naics_2,23,immigrant,pincp,-0.32078281195261127,-0.12820297870379882,-0.19197709404732244,-0.09215299898364293,-0.22802707376747833,11081,45306,,58,0.43,False,False,False
xgb_trees,trees 100,naics_2,23,immigrant,hicov,-0.3059844323527965,-0.08262217044830322,-0.22373831272125244,-0.055587589740753174,-0.2507728934288025,11081,45306,,58,0.5,False,False,False
xgb_trees,trees 100,naics_2,31,sex_female,pincp,-0.2629578528630354,-0.028951016938972174,-0.23380570727944416,-0.0403024205585254,-0.22245430365989094,6080,10147,,65,0.15,False,False,False
xgb_trees,trees 100,naics_2,31,race_bw,pincp,-0.303773085054587,-0.10898384449885334,-0.19525848720273942,-0.12996385415371847,-0.1742784775478743,1704,11987,,64,0.13,False,False,False
xgb_trees,trees 100,naics_2,31,race_bw,hicov,-0.015489638422845342,-0.021519839763641357,0.006527423858642578,-0.019871234893798828,0.004878818988800049,1704,11987,,64,0.13,False,False,False
xgb_trees,trees 100,naics_2,31,immigrant,pincp,-0.34096890087177734,-0.13792823213869632,-0.20343635663795645,-0.0909588051638881,-0.25040578361276467,3768,12459,,65,0.16,False,False,False
xgb_trees,trees 100,naics_2,31,immigrant,hicov,-0.12329223291887836,-0.038582444190979004,-0.08497124910354614,-0.0278436541557312,-0.09571003913879395,3768,12459,,65,0.17,False,False,False
xgb_trees,trees 100,naics_2,32,sex_female,pincp,-0.14835792196557485,0.07603377338092088,-0.2244172983012902,0.047091115963462826,-0.19547464088383215,8451,21977,,67,0.3,False,False,False
xgb_trees,trees 100,naics_2,32,sex_female,hicov,0.013688911235591239,-0.006994187831878662,0.02073049545288086,-0.0069536566734313965,0.020689964294433594,8451,21977,,67,0.31,False,False,False
xgb_trees,trees 100,naics_2,32,race_bw,pincp,-0.2647300616488355,-0.10255695329541759,-0.16239080351352442,-0.10298612571228993,-0.16196163109665207,2081,25276,,66,0.27,False,False,False
xgb_trees,trees 100,naics_2,32,race_bw,hicov,-0.011317819176341226,-0.0184137225151062,0.0068021416664123535,-0.01728600263595581,0.005674421787261963,2081,25276,,66,0.27,False,False,False
xgb_trees,trees 100,naics_2,32,immigrant,pincp,-0.08673017505501157,0.03325448746122461,-0.11975198323076519,0.0717869699785858,-0.15828446574812638,4028,26400,,67,0.28,False,False,False
xgb_trees,trees 100,naics_2,32,immigrant,hicov,-0.07233731305106683,-0.011147558689117432,-0.06106150150299072,-0.01064765453338623,-0.061561405658721924,4028,26400,,67,0.29,False,False,False
xgb_trees,trees 100,naics_2,33,sex_female,pincp,-0.2637016416912381,-0.019051361941006206,-0.24418504029746835,-0.032393174851060635,-0.23084322738741392,16238,50594,,69,0.62,False,False,False
xgb_trees,trees 100,naics_2,33,race_bw,pincp,-0.32554110402042724,-0.10518094857441618,-0.2209364837973542,-0.13732823353526946,-0.18878919883650092,3920,54728,,68,0.55,False,False,False
xgb_trees,trees 100,naics_2,33,race_bw,hicov,-0.017633588298643477,-0.01640528440475464,-0.0010674595832824707,-0.01920074224472046,0.0017279982566833496,3920,54728,,68,0.57,False,True,True
xgb_trees,trees 100,naics_2,33,immigrant,pincp,-0.031002990109508133,0.07475309144104081,-0.10557961457197607,0.09430004013696269,-0.12512656326789795,10156,56676,,69,0.57,False,False,False
xgb_trees,trees 100,naics_2,33,immigrant,hicov,-0.04499232538424991,-0.002740204334259033,-0.04239588975906372,-0.007678687572479248,-0.037457406520843506,10156,56676,,69,0.64,False,False,False
xgb_trees,trees 100,naics_2,3M,sex_female,pincp,-0.3035433700709156,-0.016975276863654187,-0.2869945658791462,-0.03628426067190205,-0.2676855820708983,879,1984,,57,0.04,False,False,False
xgb_trees,trees 100,naics_2,3M,race_bw,pincp,-0.2366623367706051,-0.0760149503434171,-0.1569012613062135,-0.09364751663323645,-0.13926869501639416,323,2116,,56,0.05,False,False,False
xgb_trees,trees 100,naics_2,3M,race_bw,hicov,-0.028134455453656892,-0.020302414894104004,-0.00898975133895874,-0.012882232666015625,-0.01640993356704712,323,2116,,56,0.12,False,False,False
xgb_trees,trees 100,naics_2,3M,immigrant,pincp,-0.26129086957903347,-0.035497920712762365,-0.22374798254992,-0.03544181245827005,-0.22380409080441233,595,2268,,57,0.04,False,False,False
xgb_trees,trees 100,naics_2,3M,immigrant,hicov,-0.10675381263616557,-0.045180678367614746,-0.061357736587524414,-0.007738888263702393,-0.09879952669143677,595,2268,,57,0.06,False,False,False
xgb_trees,trees 100,naics_2,42,sex_female,pincp,-0.2022436858462644,0.03302646498750228,-0.23580111222308098,0.004337551045857424,-0.20711219828143612,7903,20186,,63,0.27,False,False,False
xgb_trees,trees 100,naics_2,42,race_bw,pincp,-0.37749029566436754,-0.08827020061938562,-0.28915195161323126,-0.11274678554535278,-0.2646753666872641,1496,23358,,62,0.23,False,False,False
xgb_trees,trees 100,naics_2,42,race_bw,hicov,-0.03178101331838812,-0.026583850383758545,-0.004983365535736084,-0.032024383544921875,0.0004571676254272461,1496,23358,,62,0.22,False,True,True
xgb_trees,trees 100,naics_2,42,immigrant,pincp,-0.2093096720413552,-0.035226613179732524,-0.17379232059781913,-0.03302191727273929,-0.17599701650481236,4233,23856,,63,0.33,False,False,False
xgb_trees,trees 100,naics_2,42,immigrant,hicov,-0.08411581584950278,-0.017910122871398926,-0.06566309928894043,-0.012298405170440674,-0.07127481698989868,4233,23856,,63,0.26,False,False,False
xgb_trees,trees 100,naics_2,44,sex_female,pincp,-0.25509860736859835,-0.00965423766670881,-0.24532925997588428,-0.02762331116840855,-0.22736018647418454,20205,31547,,63,0.46,False,False,False
xgb_trees,trees 100,naics_2,44,sex_female,hicov,0.014269738289013567,-0.011979341506958008,0.02615278959274292,-0.01751852035522461,0.03169196844100952,20205,31547,,63,0.47,False,False,False
xgb_trees,trees 100,naics_2,44,race_bw,pincp,-0.21868542569681537,-0.054830608662364,-0.16399516619301835,-0.07400570283237684,-0.1448200720230055,3611,41916,,62,0.38,False,False,False
xgb_trees,trees 100,naics_2,44,race_bw,hicov,-0.02434017062887106,-0.021861612796783447,-0.0026470422744750977,-0.02844315767288208,0.003934502601623535,3611,41916,,62,0.38,False,True,True
xgb_trees,trees 100,naics_2,44,immigrant,pincp,-0.09665531045817133,-0.009681525181273187,-0.08695759822619209,0.026073659479989075,-0.12271278288745435,7415,44337,,63,0.41,True,False,True
xgb_trees,trees 100,naics_2,44,immigrant,hicov,-0.09476766488920885,-0.0029754042625427246,-0.09211611747741699,-0.008788526058197021,-0.0863029956817627,7415,44337,,63,0.46,False,False,False
xgb_trees,trees 100,naics_2,45,sex_female,pincp,-0.25316293341938767,-0.04730102161723515,-0.2058699027753761,-0.0656090450774407,-0.18756187931517054,10711,10829,,62,0.2,False,False,False
xgb_trees,trees 100,naics_2,45,sex_female,hicov,0.012157341696831914,-0.007295489311218262,0.01959514617919922,-0.009197473526000977,0.021497130393981934,10711,10829,,62,0.22,False,False,False
xgb_trees,trees 100,naics_2,45,race_bw,pincp,-0.2128505955917941,-0.10300935009489898,-0.1101576714847905,-0.1099468433825379,-0.10322017819715157,2034,17052,,61,0.19,False,False,False
xgb_trees,trees 100,naics_2,45,race_bw,hicov,-0.023157172542498827,-0.011902272701263428,-0.011433660984039307,-0.01771456003189087,-0.005621373653411865,2034,17052,,61,0.18,False,False,False
xgb_trees,trees 100,naics_2,45,immigrant,hicov,-0.04191854009015972,0.014057576656341553,-0.05566972494125366,0.00038242340087890625,-0.041994571685791016,2784,18756,,62,0.21,False,False,False
xgb_trees,trees 100,naics_2,48,sex_female,pincp,-0.21276262819450054,0.04910774074565438,-0.2616595647216542,0.03456165453900972,-0.24711347851500953,5254,23016,,60,0.24,False,False,False
xgb_trees,trees 100,naics_2,48,sex_female,hicov,0.030014488853288057,-0.005299270153045654,0.035416483879089355,-0.0033710598945617676,0.03348827362060547,5254,23016,,60,0.24,False,False,False
xgb_trees,trees 100,naics_2,48,race_bw,pincp,-0.19750902181684893,-0.04839207886552899,-0.14919389433133645,-0.09136952314392488,-0.10621645005294056,3689,21206,,59,0.23,False,False,False
xgb_trees,trees 100,naics_2,48,immigrant,pincp,-0.19393861612739371,-0.03804518029497572,-0.15568011390836212,-0.03752039717157274,-0.1562048970317651,4910,23360,,60,0.26,False,False,False
xgb_trees,trees 100,naics_2,48,immigrant,hicov,-0.0972118858633485,-0.008801877498626709,-0.08902907371520996,-0.012832403182983398,-0.08499854803085327,4910,23360,,60,0.23,False,False,False
xgb_trees,trees 100,naics_2,49,sex_female,pincp,-0.12368417112049634,-0.005420490293772673,-0.11810034983829887,-0.02574733953128927,-0.09777350060078227,3808,8351,,58,0.13,False,False,False
xgb_trees,trees 100,naics_2,49,sex_female,hicov,0.014366675001937002,-0.00810772180557251,0.021951913833618164,-0.010633409023284912,0.024477601051330566,3808,8351,,58,0.14,False,False,False
xgb_trees,trees 100,naics_2,49,race_bw,pincp,-0.16454436798651528,-0.040870359131044864,-0.12384574658038616,-0.037531825138046315,-0.1271842805733847,1973,8563,,57,0.09,False,False,False
xgb_trees,trees 100,naics_2,49,race_bw,hicov,-0.016498035874827455,-0.01812112331390381,0.0014007091522216797,-0.020785987377166748,0.004065573215484619,1973,8563,,57,0.15,False,False,False
xgb_trees,trees 100,naics_2,49,immigrant,pincp,-0.17166827475629098,0.04170497623780989,-0.21396971474111304,-0.022200553209112073,-0.15006418529419108,1836,10323,,58,0.11,True,False,True
xgb_trees,trees 100,naics_2,49,immigrant,hicov,-0.0865438493521985,-0.011512994766235352,-0.07498246431350708,-0.009091496467590332,-0.0774039626121521,1836,10323,,58,0.15,False,False,False
xgb_trees,trees 100,naics_2,4M,sex_female,pincp,-0.2786318676631705,-0.037983044821153555,-0.23877532867221873,-0.040168667477640696,-0.2365897060157316,998,1164,,58,0.07,False,False,False
xgb_trees,trees 100,naics_2,4M,sex_female,hicov,0.010045864925727788,-0.014609456062316895,0.025086700916290283,-0.020058095455169678,0.030535340309143066,998,1164,,58,0.07,False,False,False
xgb_trees,trees 100,naics_2,4M,race_bw,pincp,-0.15479391581975044,-0.05940975674618443,-0.09553219417136205,-0.0716437696848935,-0.08329818123265298,247,1637,,57,0.04,False,False,False
xgb_trees,trees 100,naics_2,4M,race_bw,hicov,-0.030964116743623538,-0.021371901035308838,-0.011073291301727295,-0.008076667785644531,-0.0243685245513916,247,1637,,57,0.04,False,False,False
xgb_trees,trees 100,naics_2,4M,immigrant,pincp,-0.0850289573043419,-0.05583957018617269,-0.03005716558778282,-0.026804357606058815,-0.0590923781678967,319,1843,,58,0.06,False,False,False
xgb_trees,trees 100,naics_2,4M,immigrant,hicov,-0.13497313396278732,-0.04394090175628662,-0.08844757080078125,0.002690136432647705,-0.13507860898971558,319,1843,,58,0.04,True,False,True
xgb_trees,trees 100,naics_2,51,sex_female,pincp,-0.2458908158496964,-0.039468256259143075,-0.20656560926911993,-0.04274939755864082,-0.20328446796962218,7812,12919,,61,0.18,False,False,False
xgb_trees,trees 100,naics_2,51,race_bw,pincp,-0.27989747972265633,-0.10071529208341978,-0.17908319956779017,-0.10586355628655042,-0.17393493536465954,1646,16501,,60,0.14,False,False,False
xgb_trees,trees 100,naics_2,51,race_bw,hicov,-0.016109226562578738,-0.008368194103240967,-0.007523775100708008,-0.01308131217956543,-0.002810657024383545,1646,16501,,60,0.17,False,False,False
xgb_trees,trees 100,naics_2,51,immigrant,pincp,0.20968129890285958,0.15570722029527317,0.053925633092477554,0.1586829152920579,0.050949938095692815,2744,17987,,61,0.17,False,False,False
xgb_trees,trees 100,naics_2,51,immigrant,hicov,-0.012184536904771393,0.011655151844024658,-0.023922085762023926,0.004114866256713867,-0.016381800174713135,2744,17987,,61,0.19,False,False,False
xgb_trees,trees 100,naics_2,52,sex_female,pincp,-0.5682567617236298,-0.1798617728369507,-0.3889919584302337,-0.2223854329649626,-0.3464682983022218,29688,23262,,59,0.43,False,False,False
xgb_trees,trees 100,naics_2,52,race_bw,pincp,-0.36008972810087947,-0.09567092481567663,-0.26466490020238886,-0.13987088262945946,-0.22046494238860603,4183,42821,,58,0.39,False,False,False
xgb_trees,trees 100,naics_2,52,race_bw,hicov,-0.014619821613350514,-0.010557711124420166,-0.004188835620880127,-0.009761810302734375,-0.004984736442565918,4183,42821,,58,0.42,False,False,False
xgb_trees,trees 100,naics_2,52,immigrant,pincp,0.12872852116941047,0.1168069912089802,0.012283182899617273,0.1300059637832245,-0.0009157896746270211,6431,46519,,59,0.49,False,True,True
xgb_trees,trees 100,naics_2,52,immigrant,hicov,-0.013713639558709967,0.005121469497680664,-0.01900458335876465,-0.00020509958267211914,-0.013678014278411865,6431,46519,,59,0.48,True,False,True
xgb_trees,trees 100,naics_2,53,sex_female,pincp,-0.20368571994394458,-0.010107981876062766,-0.192404969760279,-0.030921988933368283,-0.17159096270297347,7356,9663,,59,0.18,False,False,False
xgb_trees,trees 100,naics_2,53,sex_female,hicov,0.016528081163935893,-0.00759202241897583,0.024332642555236816,-0.007553696632385254,0.02429431676864624,7356,9663,,59,0.18,False,False,False
xgb_trees,trees 100,naics_2,53,race_bw,pincp,-0.36522123116522387,-0.07203109381103445,-0.2936124458144018,-0.11072846914542289,-0.2549150704800134,1331,13771,,58,0.14,False,False,False
xgb_trees,trees 100,naics_2,53,race_bw,hicov,-0.022543426742933304,-0.018517136573791504,-0.00507509708404541,-0.028918087482452393,0.0053258538246154785,1331,13771,,58,0.14,False,True,True
xgb_trees,trees 100,naics_2,53,immigrant,pincp,-0.16413766013544517,-0.04998964478846446,-0.11409420205688114,-0.015792235505694308,-0.1482916113396513,2515,14504,,59,0.15,False,False,False
xgb_trees,trees 100,naics_2,53,immigrant,hicov,-0.06069583601534756,-0.011861324310302734,-0.049099862575531006,-0.010166168212890625,-0.050795018672943115,2515,14504,,59,0.16,False,False,False
xgb_trees,trees 100,naics_2,54,sex_female,pincp,-0.3899332779490621,-0.0913025220229482,-0.29860756430766244,-0.10646869938572934,-0.2834413869448813,29018,43958,,60,0.58,False,False,False
xgb_trees,trees 100,naics_2,54,race_bw,pincp,-0.2660095394753377,-0.07995899350209257,-0.185469279530464,-0.1147767710325045,-0.15065150200005206,3444,58849,,59,0.5,False,False,False
xgb_trees,trees 100,naics_2,54,race_bw,hicov,-0.01714595588240375,-0.011410653591156006,-0.005311191082000732,-0.013687551021575928,-0.0030342936515808105,3444,58849,,59,0.51,False,False,False
xgb_trees,trees 100,naics_2,54,immigrant,pincp,0.0722182219525429,0.07240352876838685,-0.0006360670924667744,0.10321689343574292,-0.03144943175982284,12006,60970,,60,0.58,False,False,False
xgb_trees,trees 100,naics_2,54,immigrant,hicov,-0.01085133722024234,0.014582931995391846,-0.025493383407592773,0.0029892325401306152,-0.013899683952331543,12006,60970,,60,0.63,False,False,False
xgb_trees,trees 100,naics_2,55,sex_female,pincp,-0.41916513373735675,-0.13982017294434002,-0.278020210439772,-0.16395262691465184,-0.25388775646946016,689,659,,57,0.05,False,False,False
xgb_trees,trees 100,naics_2,55,race_bw,pincp,-0.39175907995863213,-0.06468735754001287,-0.32571668066876924,-0.1057889054929877,-0.2846151327157944,77,1128,,55,0.03,False,False,False
xgb_trees,trees 100,naics_2,55,race_bw,hicov,-0.0421962788984066,0.0016403794288635254,-0.042221665382385254,-0.0012907981872558594,-0.03929048776626587,77,1128,,55,0.03,True,False,True
xgb_trees,trees 100,naics_2,55,immigrant,pincp,0.08036547274432237,-0.040395419103742114,0.1190716326986152,0.05497166017532784,0.02370455341954525,155,1193,,57,0.04,True,False,True
xgb_trees,trees 100,naics_2,55,immigrant,hicov,-0.013233107103263642,-0.002476215362548828,-0.011951863765716553,0.001057744026184082,-0.015485823154449463,155,1193,,57,0.04,True,False,True
xgb_trees,trees 100,naics_2,56,sex_female,pincp,-0.1285776356521673,0.015607875268207394,-0.14392386216859876,0.02892834884997164,-0.157244335750363,10600,18487,,60,0.34,False,False,False
xgb_trees,trees 100,naics_2,56,sex_female,hicov,0.04997762323550159,-0.011049151420593262,0.060850441455841064,0.0017368793487548828,0.04806441068649292,10600,18487,,60,0.26,True,False,True
xgb_trees,trees 100,naics_2,56,race_bw,pincp,-0.2488064758317332,-0.0828420033860553,-0.1666728395603947,-0.06600709882885525,-0.18350774411759474,3326,21705,,59,0.26,False,False,False
xgb_trees,trees 100,naics_2,56,immigrant,pincp,-0.2986422731817857,-0.0969050279227961,-0.20191010745785753,-0.06465531808715141,-0.23415981729350221,6273,22814,,60,0.26,False,False,False
xgb_trees,trees 100,naics_2,56,immigrant,hicov,-0.20222463599230545,-0.06298363208770752,-0.13860654830932617,-0.02438640594482422,-0.17720377445220947,6273,22814,,60,0.28,False,False,False
xgb_trees,trees 100,naics_2,61,sex_female,pincp,-0.19832442884073664,0.007834595162231395,-0.20579709951727132,-0.0025465967593980565,-0.19541590759564187,51590,26189,,58,0.57,True,False,True
xgb_trees,trees 100,naics_2,61,race_bw,pincp,-0.1508946986242261,-0.11456662516324911,-0.03626550438888998,-0.0898013510950939,-0.06103077845704519,6910,63986,,57,0.52,False,False,False
xgb_trees,trees 100,naics_2,61,race_bw,hicov,-0.020329754659157317,-0.011366188526153564,-0.0088462233543396,-0.008531928062438965,-0.0116804838180542,6910,63986,,57,0.56,False,False,False
xgb_trees,trees 100,naics_2,61,immigrant,pincp,0.0230344050453688,-0.003345160099017974,0.026397371354732968,0.036970520366805815,-0.01391830911109082,7723,70056,,58,0.57,True,True,True
xgb_trees,trees 100,naics_2,61,immigrant,hicov,-0.017128937570610958,-0.0018339157104492188,-0.015341639518737793,-0.0052376389503479,-0.011937916278839111,7723,70056,,58,0.63,False,False,False
xgb_trees,trees 100,naics_2,62,sex_female,pincp,-0.44504958913086057,-0.14733032248696176,-0.2977188188390052,-0.21626393763984986,-0.2287852036861171,90900,29476,,63,1.02,False,False,False
xgb_trees,trees 100,naics_2,62,race_bw,pincp,-0.2858392759919255,-0.13639338848077465,-0.1493822577073356,-0.15795065012706289,-0.12782499606104736,15995,88854,,62,0.94,False,False,False
xgb_trees,trees 100,naics_2,62,race_bw,hicov,-0.030612993952736645,-0.019707977771759033,-0.011022388935089111,-0.022920966148376465,-0.00780940055847168,15995,88854,,62,0.94,False,False,False
xgb_trees,trees 100,naics_2,62,immigrant,pincp,0.08046984533417856,0.07837872555090541,0.002023367226392736,0.09018510505227972,-0.009783012274981573,18087,102289,,63,0.98,False,True,True
xgb_trees,trees 100,naics_2,62,immigrant,hicov,-0.023957826396521553,0.00734555721282959,-0.03124481439590454,-0.0030051469802856445,-0.020894110202789307,18087,102289,,63,1.14,True,False,True
xgb_trees,trees 100,naics_2,71,sex_female,pincp,-0.17333409352919382,0.0161835554069647,-0.19013824299223892,0.0036246670044910445,-0.17757935458976526,5061,7575,,58,0.14,False,False,False
xgb_trees,trees 100,naics_2,71,sex_female,hicov,0.025007150389016353,-0.006206035614013672,0.03142261505126953,-0.008047044277191162,0.03326362371444702,5061,7575,,58,0.14,False,False,False
xgb_trees,trees 100,naics_2,71,race_bw,pincp,-0.23704578398977638,-0.08526379502328929,-0.15178196821855927,-0.08011656388123001,-0.15692919936061855,968,9874,,57,0.12,False,False,False
xgb_trees,trees 100,naics_2,71,race_bw,hicov,-0.017584791513566844,-0.016349375247955322,-0.0015767216682434082,-0.027236580848693848,0.009310483932495117,968,9874,,57,0.13,False,True,True
xgb_trees,trees 100,naics_2,71,immigrant,pincp,-0.12326965074971952,-0.06981210449655961,-0.05409940107012723,-0.03514190921556626,-0.08876959635112058,1670,10966,,58,0.15,False,False,False
xgb_trees,trees 100,naics_2,71,immigrant,hicov,-0.05514562703882775,-0.0031591057777404785,-0.0515400767326355,-0.00914156436920166,-0.045557618141174316,1670,10966,,58,0.15,False,False,False
xgb_trees,trees 100,naics_2,72,sex_female,pincp,-0.18401379581246324,-0.0030648218177979913,-0.18113422271767554,-0.0030295457738667153,-0.18116949876160682,14143,17193,,58,0.27,False,False,False
xgb_trees,trees 100,naics_2,72,sex_female,hicov,0.04015889515060789,-0.01774531602859497,0.0580744743347168,-0.020586073398590088,0.060915231704711914,14143,17193,,58,0.27,False,False,False
xgb_trees,trees 100,naics_2,72,race_bw,pincp,-0.1928744781570586,-0.0833049718955774,-0.10930858086956086,-0.06265238861306166,-0.1299611641520766,3165,21329,,57,0.22,False,False,False
xgb_trees,trees 100,naics_2,72,immigrant,pincp,-0.1366419172241944,-0.04079577903143239,-0.09508591203330852,-0.0005675339961204173,-0.1353141570686205,9698,21638,,58,0.27,False,False,False
xgb_trees,trees 100,naics_2,72,immigrant,hicov,-0.14235072495587275,0.0062029361724853516,-0.1484348177909851,-0.004279136657714844,-0.1379527449607849,9698,21638,,58,0.28,True,False,True
xgb_trees,trees 100,naics_2,81,sex_female,pincp,-0.19443770611913358,0.017408296449751504,-0.21168699795056334,-0.034536665753829965,-0.15974203574698187,14329,19378,,63,0.3,True,False,True
xgb_trees,trees 100,naics_2,81,sex_female,hicov,0.028035678892645688,-0.012377321720123291,0.04033005237579346,-0.007770717144012451,0.03572344779968262,14329,19378,,63,0.31,False,False,False
xgb_trees,trees 100,naics_2,81,race_bw,pincp,-0.1435280769370042,-0.02544412855157141,-0.11758656556878933,-0.04502547816167635,-0.09800521595868439,2516,26304,,62,0.23,False,False,False
xgb_trees,trees 100,naics_2,81,race_bw,hicov,-0.025556209118091866,-0.019272148609161377,-0.006965160369873047,-0.02109318971633911,-0.0051441192626953125,2516,26304,,62,0.27,False,False,False
xgb_trees,trees 100,naics_2,81,immigrant,pincp,-0.28521872580984997,-0.15949962553430197,-0.1252343962488247,-0.08682130534846344,-0.19791271643466324,6640,27067,,63,0.29,False,False,False
xgb_trees,trees 100,naics_2,81,immigrant,hicov,-0.13345759362866183,-0.04386669397354126,-0.08975356817245483,-0.0355832576751709,-0.0980370044708252,6640,27067,,63,0.32,False,False,False
xgb_trees,trees 100,naics_2,92,sex_female,pincp,-0.2414473940877997,-0.004692980161225435,-0.23679655711653425,-0.034274739646365404,-0.20721479763139428,24767,31895,,60,0.46,False,False,False
xgb_trees,trees 100,naics_2,92,race_bw,pincp,-0.10552062676527818,-0.024570903453984272,-0.08086707663821358,-0.027731682778169287,-0.07770629731402856,7382,43626,,59,0.43,False,False,False
xgb_trees,trees 100,naics_2,92,immigrant,pincp,0.04760441151955597,0.052523346297153495,-0.004832013055329654,0.08426154496970995,-0.036570211727886104,4213,52449,,60,0.47,False,False,False
xgb_trees,trees 100,naics_2,92,immigrant,hicov,-0.014170391838873697,0.002713620662689209,-0.0171281099319458,-0.003455817699432373,-0.010958671569824219,4213,52449,,60,0.48,True,False,True
xgb_trees,trees 100,st,1,sex_female,pincp,-0.31555702394613583,0.009470626292728213,-0.3250015923606089,-0.017659087043746524,-0.29787187902413415,5293,6854,,92,0.15,True,False,True
xgb_trees,trees 100,st,1,sex_female,hicov,0.021982361759625313,-0.009691238403320312,0.03154337406158447,-0.005251586437225342,0.027103722095489502,5293,6854,,92,0.19,False,False,False
xgb_trees,trees 100,st,1,race_bw,pincp,-0.28298982130619343,-0.11589751887596833,-0.16748427305465974,-0.1373251096768051,-0.14605668225382296,2338,9360,,91,0.17,False,False,False
xgb_trees,trees 100,st,1,race_bw,hicov,-0.03265821836181115,-0.0221979022026062,-0.010366261005401611,-0.021810710430145264,-0.010753452777862549,2338,9360,,91,0.19,False,False,False
xgb_trees,trees 100,st,1,immigrant,pincp,-0.10406233370699525,0.008006558750119908,-0.11281786369812252,-0.001732707897755148,-0.10307859705024747,463,11684,,92,0.19,True,False,True
xgb_trees,trees 100,st,1,immigrant,hicov,-0.19473714954566734,-0.04917347431182861,-0.14549952745437622,-0.034533679485321045,-0.1601393222808838,463,11684,,92,0.17,False,False,False
xgb_trees,trees 100,st,10,sex_female,pincp,-0.23852588673327801,0.003598161432591951,-0.24275433733554408,-0.00873869300264829,-0.23041748290030384,1208,1387,,88,0.07,True,False,True
xgb_trees,trees 100,st,10,sex_female,hicov,0.018984825985857268,-0.007140159606933594,0.025716125965118408,0.000737309455871582,0.017838656902313232,1208,1387,,88,0.08,True,False,True
xgb_trees,trees 100,st,10,race_bw,pincp,-0.26441259231673087,-0.10643948478556453,-0.15724589866927907,-0.10393797208539546,-0.15974741136944814,431,1975,,87,0.09,False,False,False
xgb_trees,trees 100,st,10,immigrant,hicov,-0.056482306259616144,-0.02730703353881836,-0.03130614757537842,-0.00722348690032959,-0.05138969421386719,265,2330,,88,0.07,False,False,False
xgb_trees,trees 100,st,11,sex_female,pincp,-0.1948040157321529,-0.03726279707121272,-0.15754234644660947,-0.05249904351146739,-0.1423061000063548,1214,1142,,68,0.05,False,False,False
xgb_trees,trees 100,st,11,sex_female,hicov,0.01159848469548208,-0.0004703402519226074,0.012089073657989502,-0.004303693771362305,0.0159224271774292,1214,1142,,68,0.06,False,False,False
xgb_trees,trees 100,st,11,race_bw,pincp,-0.5086204482738559,-0.2808180966567164,-0.22638650571019348,-0.1913103789190096,-0.3158942234479003,642,1452,,66,0.05,False,False,False
xgb_trees,trees 100,st,11,race_bw,hicov,-0.030167863855204535,-0.0252227783203125,-0.005842864513397217,-0.041908323764801025,0.010842680931091309,642,1452,,66,0.06,False,True,True
xgb_trees,trees 100,st,11,immigrant,pincp,-0.20919592588855096,-0.07537186140456598,-0.1322070813646512,-0.007100998624498089,-0.2004779441447191,316,2040,,68,0.04,False,False,False
xgb_trees,trees 100,st,11,immigrant,hicov,-0.046624472573839615,-0.015329539775848389,-0.031278908252716064,-0.00495070219039917,-0.04165774583816528,316,2040,,68,0.05,False,False,False
xgb_trees,trees 100,st,12,sex_female,pincp,-0.22696732350444826,0.011042278558104357,-0.2380193459250073,0.0004735992893856178,-0.22745066665628855,22979,28252,,92,0.57,False,False,False
xgb_trees,trees 100,st,12,sex_female,hicov,0.04205411755614552,-0.00010854005813598633,0.04222339391708374,0.002575993537902832,0.03953886032104492,22979,28252,,92,0.58,True,False,True
xgb_trees,trees 100,st,12,race_bw,pincp,-0.31454446007065684,-0.084017633072067,-0.2310724585392947,-0.12490984872270694,-0.19018024288865476,6198,41213,,91,0.57,False,False,False
xgb_trees,trees 100,st,12,race_bw,hicov,-0.010981150374180237,-0.024484217166900635,0.013635993003845215,-0.030887365341186523,0.020039141178131104,6198,41213,,91,0.58,False,False,False
xgb_trees,trees 100,st,12,immigrant,pincp,-0.19235966803892168,-0.04065814133681123,-0.15126580866452422,-0.03335297038788987,-0.15857097961344557,12037,39194,,92,0.63,False,False,False
xgb_trees,trees 100,st,12,immigrant,hicov,-0.08944399925169921,-0.03511685132980347,-0.054384827613830566,-0.021074771881103516,-0.06842690706253052,12037,39194,,92,0.66,False,False,False
xgb_trees,trees 100,st,13,sex_female,pincp,-0.2577587064321296,-0.00017166632660803316,-0.25705761514083747,-0.01020564110416089,-0.2470236403632846,11957,14978,,92,0.33,False,False,False
xgb_trees,trees 100,st,13,sex_female,hicov,0.040407528990723085,-0.0012602806091308594,0.04159361124038696,0.008560717105865479,0.031772613525390625,11957,14978,,92,0.34,True,False,True
xgb_trees,trees 100,st,13,race_bw,pincp,-0.3001484008017652,-0.10258870294650002,-0.19737690253556828,-0.12120240562212636,-0.17876319985994193,6248,18543,,91,0.33,False,False,False
xgb_trees,trees 100,st,13,immigrant,pincp,-0.13744674471266727,-0.02155512084195088,-0.11673211269492612,0.014837376640880251,-0.15312461017775725,3334,23601,,92,0.31,True,False,True
xgb_trees,trees 100,st,13,immigrant,hicov,-0.1524436310144861,-0.06470060348510742,-0.08766525983810425,-0.03062063455581665,-0.12174522876739502,3334,23601,,92,0.35,False,False,False
xgb_trees,trees 100,st,15,sex_female,pincp,-0.20822507750450292,0.013738220952618008,-0.22090278489059223,0.005933816526459523,-0.21309838046443375,1861,2153,,87,0.09,False,False,False
xgb_trees,trees 100,st,15,immigrant,pincp,-0.22547582941900401,-0.1105116322241404,-0.11770766993965331,-0.05811195808792213,-0.17010734407587158,811,3203,,87,0.07,False,False,False
xgb_trees,trees 100,st,15,immigrant,hicov,-0.016183964401437767,0.0057111382484436035,-0.02237755060195923,-0.001824796199798584,-0.014841616153717041,811,3203,,87,0.07,True,False,True
xgb_trees,trees 100,st,16,sex_female,pincp,-0.2783884125134932,-0.004769532432534973,-0.2739250405091571,-0.025159115634343365,-0.2535354573073487,1482,2423,,92,0.08,False,False,False
xgb_trees,trees 100,st,16,sex_female,hicov,0.02785997661858386,-0.015652477741241455,0.043038904666900635,0.0005308985710144043,0.026855528354644775,1482,2423,,92,0.09,True,False,True
xgb_trees,trees 100,st,16,immigrant,pincp,-0.23283176258720495,-0.14917523653594955,-0.08194908997379713,-0.06957043147778208,-0.1615538950319646,270,3635,,92,0.08,False,False,False
xgb_trees,trees 100,st,16,immigrant,hicov,-0.21530898160884404,-0.06263595819473267,-0.154524028301239,-0.027955591678619385,-0.1892043948173523,270,3635,,92,0.08,False,False,False
xgb_trees,trees 100,st,17,sex_female,pincp,-0.2669812951341086,0.008280639532443956,-0.2755616796142899,-0.005383200346235739,-0.2618978397356102,16072,20780,,92,0.41,True,False,True
xgb_trees,trees 100,st,17,sex_female,hicov,0.021942164973691503,-0.0046495795249938965,0.026578128337860107,-0.002511918544769287,0.024440467357635498,16072,20780,,92,0.47,False,False,False
xgb_trees,trees 100,st,17,race_bw,pincp,-0.2526898601930849,-0.10562458636111671,-0.14736486356521006,-0.13129361915302518,-0.1216958307733016,2889,29991,,91,0.39,False,False,False
xgb_trees,trees 100,st,17,race_bw,hicov,-0.010611837064445684,-0.010595560073852539,-8.422136306762695e-05,-0.010951757431030273,0.0002719759941101074,2889,29991,,91,0.4,False,True,True
xgb_trees,trees 100,st,17,immigrant,pincp,-0.15593137100749743,-0.06007805529936405,-0.09667097221411858,-0.00845895135723218,-0.14829007615625045,5317,31535,,92,0.42,False,False,False
xgb_trees,trees 100,st,17,immigrant,hicov,-0.10988308425168858,-0.03835272789001465,-0.07164531946182251,-0.012026369571685791,-0.09797167778015137,5317,31535,,92,0.47,False,False,False
xgb_trees,trees 100,st,18,sex_female,pincp,-0.27875708923041387,0.010910924386537957,-0.28937545365466555,-0.010447224185590187,-0.2680173050825374,7777,10797,,92,0.21,True,False,True
xgb_trees,trees 100,st,18,sex_female,hicov,0.0213776825624451,-0.009194791316986084,0.030519425868988037,-0.010134518146514893,0.031459152698516846,7777,10797,,92,0.22,False,False,False
xgb_trees,trees 100,st,18,race_bw,pincp,-0.2081506916689495,-0.07402233977377648,-0.13705039729331325,-0.11312491116243706,-0.09794782590465267,952,16842,,91,0.25,False,False,False
xgb_trees,trees 100,st,18,race_bw,hicov,-0.02568159433349404,-0.01996028423309326,-0.00540614128112793,-0.022738099098205566,-0.002628326416015625,952,16842,,91,0.23,False,False,False
xgb_trees,trees 100,st,18,immigrant,pincp,-0.06084523232568806,0.014019650163955788,-0.07394715200564939,0.020044185915033097,-0.0799716877567267,902,17672,,92,0.24,False,False,False
xgb_trees,trees 100,st,18,immigrant,hicov,-0.12342297535078728,-0.039204299449920654,-0.08362078666687012,-0.013765990734100342,-0.10905909538269043,902,17672,,92,0.23,False,False,False
xgb_trees,trees 100,st,19,sex_female,pincp,-0.2736595145704044,0.023549588281994716,-0.29720648853854037,0.009331894503306515,-0.28298879475985217,4140,5444,,91,0.13,False,False,False
xgb_trees,trees 100,st,19,sex_female,hicov,0.016002371089743006,-0.004035770893096924,0.02006077766418457,9.334087371826172e-05,0.015931665897369385,4140,5444,,91,0.13,True,False,True
xgb_trees,trees 100,st,19,race_bw,pincp,-0.24415269307218423,0.005442332962143581,-0.25330269073519496,-0.03557910488625282,-0.21228125288679855,111,9195,,90,0.12,True,False,True
xgb_trees,trees 100,st,19,race_bw,hicov,-0.03685316638008318,-0.004111766815185547,-0.03375750780105591,-0.027124464511871338,-0.010744810104370117,111,9195,,90,0.14,False,False,False
xgb_trees,trees 100,st,19,immigrant,pincp,-0.17885441342499675,-0.03035781639403723,-0.14720551789973513,-0.006591158242844841,-0.17097217605092752,337,9247,,91,0.16,False,False,False
xgb_trees,trees 100,st,19,immigrant,hicov,-0.09074592802413417,-0.0163460373878479,-0.07525837421417236,-0.008408308029174805,-0.08319610357284546,337,9247,,91,0.14,False,False,False
xgb_trees,trees 100,st,2,sex_female,pincp,-0.2467624061895748,0.01742792527831405,-0.26423649210110867,-0.022983369738540205,-0.2238251970842544,633,751,,78,0.05,True,False,True
xgb_trees,trees 100,st,2,sex_female,hicov,0.016433065549251835,-0.023845911026000977,0.03820139169692993,0.0040378570556640625,0.010317623615264893,633,751,,78,0.05,True,False,True
xgb_trees,trees 100,st,2,immigrant,pincp,-0.4029133360731656,-0.21989106184650886,-0.18409414888384923,-0.07660717959402419,-0.3273780311363339,138,1246,,78,0.04,False,False,False
xgb_trees,trees 100,st,2,immigrant,hicov,-0.051969199990694825,-0.06374382972717285,0.013161301612854004,-0.06985354423522949,0.019271016120910645,138,1246,,78,0.04,False,False,False
xgb_trees,trees 100,st,20,sex_female,pincp,-0.2804944645361651,0.018024430769299826,-0.2984942603357048,0.009224673599749877,-0.28969450316615486,3580,4753,,92,0.13,False,False,False
xgb_trees,trees 100,st,20,sex_female,hicov,0.028491913957312542,-0.007462143898010254,0.03600674867630005,0.0023493170738220215,0.026195287704467773,3580,4753,,92,0.15,True,False,True
xgb_trees,trees 100,st,20,race_bw,pincp,-0.17290278528006198,-0.0780462293031654,-0.0953465549685113,-0.10682011607437047,-0.06657266819730623,235,7590,,91,0.13,False,False,False
xgb_trees,trees 100,st,20,race_bw,hicov,-0.07053233537969883,-0.0064331889152526855,-0.06516796350479126,-0.014478623867034912,-0.05712252855300903,235,7590,,91,0.13,False,False,False
xgb_trees,trees 100,st,20,immigrant,pincp,-0.16134057531916035,-0.06930139533347379,-0.09074710006193953,-0.03636091934846242,-0.12368757604695091,556,7777,,92,0.15,False,False,False
xgb_trees,trees 100,st,20,immigrant,hicov,-0.12007737258823514,-0.040194571018218994,-0.07972949743270874,-0.028489887714385986,-0.09143418073654175,556,7777,,92,0.14,False,False,False
xgb_trees,trees 100,st,21,sex_female,pincp,-0.27344839490346473,0.01883644197365264,-0.2917523507551927,0.00051851853443452,-0.27343442731597456,5168,6566,,92,0.16,False,False,False
xgb_trees,trees 100,st,21,sex_female,hicov,0.018908447118046068,-0.004597604274749756,0.0237237811088562,-0.0024728775024414062,0.02159905433654785,5168,6566,,92,0.16,False,False,False
xgb_trees,trees 100,st,21,race_bw,pincp,-0.26856783080580726,-0.12033750626772921,-0.14727360177781712,-0.12364756842674751,-0.14396353961879882,647,10738,,91,0.18,False,False,False
xgb_trees,trees 100,st,21,immigrant,pincp,-0.07145706307004751,0.016615784064674344,-0.08780525784336746,0.03567091207322193,-0.10686038585191504,445,11289,,92,0.18,False,False,False
xgb_trees,trees 100,st,21,immigrant,hicov,-0.12914371253313106,-0.03633379936218262,-0.09354162216186523,-0.011073827743530273,-0.11880159378051758,445,11289,,92,0.18,False,False,False
xgb_trees,trees 100,st,22,sex_female,pincp,-0.3786737215261695,-0.0011765694678871341,-0.3782095279575213,-0.05439128040525176,-0.32499481702015665,5065,5961,,92,0.13,False,False,False
xgb_trees,trees 100,st,22,sex_female,hicov,0.02384849994857985,-0.010667026042938232,0.03449922800064087,-0.006404221057891846,0.030236423015594482,5065,5961,,92,0.15,False,False,False
xgb_trees,trees 100,st,22,race_bw,pincp,-0.3835029925119162,-0.14936562050097102,-0.23367867658716257,-0.1580544995937636,-0.22498979749436998,2477,8026,,91,0.15,False,False,False
xgb_trees,trees 100,st,22,race_bw,hicov,-0.029161130645144806,-0.03051149845123291,0.0012891888618469238,-0.029101788997650146,-0.00012052059173583984,2477,8026,,91,0.16,False,True,True
xgb_trees,trees 100,st,22,immigrant,pincp,-0.12196761308323723,-0.015780421683851742,-0.10728060504754211,0.028504032073490393,-0.15156505880488425,503,10523,,92,0.15,True,False,True
xgb_trees,trees 100,st,22,immigrant,hicov,-0.16816652116191944,-0.07879871129989624,-0.08864039182662964,-0.03694826364517212,-0.13049083948135376,503,10523,,92,0.16,False,False,False
xgb_trees,trees 100,st,23,sex_female,pincp,-0.19825235908339245,0.03484784303057076,-0.23363067810769067,0.020961132793983595,-0.2197439678711035,1463,1847,,89,0.07,False,False,False
xgb_trees,trees 100,st,23,sex_female,hicov,0.02401966426130797,0.0012096166610717773,0.021750211715698242,0.0018110871315002441,0.021148741245269775,1463,1847,,89,0.07,False,False,False
xgb_trees,trees 100,st,23,immigrant,pincp,0.01777096885950158,-0.016413719369896995,0.030206981239045305,0.04865024331327561,-0.0348569814441273,103,3207,,89,0.07,True,True,True
xgb_trees,trees 100,st,23,immigrant,hicov,0.013819890349084707,0.002310335636138916,0.012347638607025146,-0.004399240016937256,0.01905721426010132,103,3207,,89,0.07,True,False,True
xgb_trees,trees 100,st,24,sex_female,pincp,-0.21181734877639613,-0.00288577444724325,-0.20884407550916784,-0.025642589354955447,-0.18608726060145564,8713,10246,,92,0.21,False,False,False
xgb_trees,trees 100,st,24,sex_female,hicov,0.020371533298194855,0.0004354119300842285,0.019873976707458496,0.0054236650466918945,0.01488572359085083,8713,10246,,92,0.25,False,False,False
xgb_trees,trees 100,st,24,race_bw,pincp,-0.24287667447884864,-0.08316935137620618,-0.16006932425375986,-0.1252516471480618,-0.11798702848190423,4610,12209,,91,0.21,False,False,False
xgb_trees,trees 100,st,24,immigrant,pincp,-0.15568432450642078,-0.0185774411553421,-0.13700397156504884,0.012024233236523685,-0.16760564595691463,3231,15728,,92,0.24,True,False,True
xgb_trees,trees 100,st,24,immigrant,hicov,-0.09323396376594617,-0.030395925045013428,-0.06353384256362915,-0.01368790864944458,-0.080241858959198,3231,15728,,92,0.3,False,False,False
xgb_trees,trees 100,st,25,sex_female,pincp,-0.24144678808740672,-0.0009867428146943524,-0.2402266750123747,-0.032923476008619446,-0.20828994181844962,9062,11429,,92,0.22,False,False,False
xgb_trees,trees 100,st,25,race_bw,pincp,-0.3719536144677207,-0.164449843053184,-0.20681671747938601,-0.18579233141472606,-0.18547422911784395,1013,17304,,91,0.21,False,False,False
xgb_trees,trees 100,st,25,race_bw,hicov,-0.02695569022038513,-0.01547253131866455,-0.011562883853912354,-0.015003085136413574,-0.01203233003616333,1013,17304,,91,0.24,False,False,False
xgb_trees,trees 100,st,25,immigrant,pincp,-0.14461822017134907,-0.05011766248736471,-0.09433732739915968,-0.03352319610251442,-0.11093179378400997,3687,16804,,92,0.26,False,False,False
xgb_trees,trees 100,st,25,immigrant,hicov,-0.027022590162996685,-0.008713722229003906,-0.018277347087860107,-0.004190266132354736,-0.022800803184509277,3687,16804,,92,0.3,False,False,False
xgb_trees,trees 100,st,26,sex_female,pincp,-0.24651994082032935,0.00895353561692147,-0.25530391162827826,-0.00885071160925932,-0.23749966440209747,10790,14934,,92,0.31,True,False,True
xgb_trees,trees 100,st,26,sex_female,hicov,0.019076658955257342,-0.004995465278625488,0.024212896823883057,-0.004873156547546387,0.024090588092803955,10790,14934,,92,0.35,False,False,False
xgb_trees,trees 100,st,26,race_bw,pincp,-0.2167167997666084,-0.07829251709655516,-0.13934485407848562,-0.1130178729362381,-0.10461949823880268,1695,22671,,91,0.31,False,False,False
xgb_trees,trees 100,st,26,race_bw,hicov,-0.01643165823712256,-0.019519388675689697,0.003358125686645508,-0.017250776290893555,0.0010895133018493652,1695,22671,,91,0.33,False,False,False
xgb_trees,trees 100,st,26,immigrant,pincp,0.11652478612974271,0.14283585334616689,-0.02466006752602823,0.1427875372291858,-0.024611751409047145,1631,24093,,92,0.3,False,False,False
xgb_trees,trees 100,st,26,immigrant,hicov,-0.03729620884818308,0.025978922843933105,-0.06324905157089233,0.003991961479187012,-0.04126209020614624,1631,24093,,92,0.37,False,False,False
xgb_trees,trees 100,st,27,sex_female,pincp,-0.22993728022987447,0.017198829233844748,-0.2471201838073913,0.009334040001542476,-0.23925539457508904,7010,9668,,92,0.25,False,False,False
xgb_trees,trees 100,st,27,sex_female,hicov,0.017500090006769664,0.0010426044464111328,0.016608893871307373,-0.0008777976036071777,0.018529295921325684,7010,9668,,92,0.25,True,False,True
xgb_trees,trees 100,st,27,race_bw,pincp,-0.270576940371841,-0.1379024910332216,-0.13283233596864896,-0.07124938679425519,-0.19948544020761538,307,15438,,91,0.23,False,False,False
xgb_trees,trees 100,st,27,race_bw,hicov,-0.05278400562426233,-0.038128018379211426,-0.013939499855041504,-0.04464441537857056,-0.007423102855682373,307,15438,,91,0.22,False,False,False
xgb_trees,trees 100,st,27,immigrant,pincp,-0.13052885294286476,-0.014216685867934231,-0.11820817044960208,0.011541018953218796,-0.1439658752707551,860,15818,,92,0.25,True,False,True
xgb_trees,trees 100,st,27,immigrant,hicov,-0.07335990496549405,-0.005186676979064941,-0.06843376159667969,-0.017237305641174316,-0.05638313293457031,860,15818,,92,0.2,False,False,False
xgb_trees,trees 100,st,28,sex_female,pincp,-0.31134078456686076,0.007274222630053728,-0.3187900958424894,-0.024127988182479854,-0.2873878850299558,3262,3776,,92,0.12,True,False,True
xgb_trees,trees 100,st,28,sex_female,hicov,0.03289857397458151,-0.009701848030090332,0.04226124286651611,0.004121303558349609,0.028438091278076172,3262,3776,,92,0.11,True,False,True
xgb_trees,trees 100,st,28,race_bw,pincp,-0.3900275817952199,-0.09366454913391387,-0.29625740990631755,-0.1265942810712115,-0.2633276779690199,2102,4731,,91,0.12,False,False,False
xgb_trees,trees 100,st,28,race_bw,hicov,-0.022910712407444356,-0.03379690647125244,0.010354459285736084,-0.03519803285598755,0.011755585670471191,2102,4731,,91,0.13,False,False,False
xgb_trees,trees 100,st,28,immigrant,pincp,-0.13604796160766774,-0.04042079382410435,-0.09615372170286562,0.007283682608647979,-0.14385819813561795,189,6849,,92,0.11,True,False,True
xgb_trees,trees 100,st,28,immigrant,hicov,-0.20993679994994052,-0.08830612897872925,-0.11886930465698242,-0.037929534912109375,-0.1692458987236023,189,6849,,92,0.14,False,False,False
xgb_trees,trees 100,st,29,sex_female,pincp,-0.27515273629759385,0.0061725505019403215,-0.28027898447718513,0.004587710450499216,-0.27869414442574403,7601,9533,,92,0.2,False,False,False
xgb_trees,trees 100,st,29,sex_female,hicov,0.01863879096443022,-0.009272634983062744,0.028286755084991455,-0.00466233491897583,0.02367645502090454,7601,9533,,92,0.26,False,False,False
xgb_trees,trees 100,st,29,race_bw,pincp,-0.1991943295278631,-0.07954363377706741,-0.1199231577509412,-0.10671936626007827,-0.09274742526793034,1153,15279,,91,0.2,False,False,False
xgb_trees,trees 100,st,29,immigrant,hicov,-0.07705422012447072,-0.014596939086914062,-0.062363266944885254,-0.005478262901306152,-0.07148194313049316,742,16392,,92,0.25,False,False,False
xgb_trees,trees 100,st,30,sex_female,pincp,-0.28979446174989043,0.03914508691612717,-0.3290596800881467,0.016925500198874843,-0.30684009337089435,1065,1480,,90,0.07,False,False,False
xgb_trees,trees 100,st,31,sex_female,pincp,-0.281439103191774,0.01888390923119232,-0.3009268140535415,0.009723073858914688,-0.29176597868126386,2516,3334,,92,0.1,False,False,False
xgb_trees,trees 100,st,31,race_bw,pincp,-0.2017146058405448,-0.07143517904532537,-0.13192245098019129,-0.10465967916548635,-0.0986979508600303,119,5464,,91,0.09,False,False,False
xgb_trees,trees 100,st,31,race_bw,hicov,-0.06312363891383777,-0.033296167850494385,-0.03253984451293945,-0.03233993053436279,-0.033496081829071045,119,5464,,91,0.1,False,False,False
xgb_trees,trees 100,st,31,immigrant,pincp,-0.30890042652009875,-0.0842099463122441,-0.22259282680351866,-0.06850301576825224,-0.23829975734751052,283,5567,,92,0.12,False,False,False
xgb_trees,trees 100,st,31,immigrant,hicov,-0.1141031101372868,-0.02174752950668335,-0.0937986969947815,-0.034736573696136475,-0.08080965280532837,283,5567,,92,0.12,False,False,False
xgb_trees,trees 100,st,32,sex_female,pincp,-0.22430918693346769,0.024874934760049427,-0.24946434675589124,0.014010714777398903,-0.23860012677324072,3203,4225,,91,0.11,False,False,False
xgb_trees,trees 100,st,32,sex_female,hicov,0.04386575455333108,-0.005391180515289307,0.04914504289627075,0.0024842023849487305,0.041269659996032715,3203,4225,,91,0.12,True,False,True
xgb_trees,trees 100,st,32,race_bw,pincp,-0.22144703617116335,-0.06372343114136925,-0.15784522702393566,-0.08417307912009164,-0.13739557904521327,508,5229,,90,0.08,False,False,False
xgb_trees,trees 100,st,32,race_bw,hicov,0.01350433605437873,-0.019464850425720215,0.03237473964691162,-0.0037481188774108887,0.016658008098602295,508,5229,,90,0.11,False,False,False
xgb_trees,trees 100,st,32,immigrant,pincp,-0.30383233352831596,-0.10034840634692621,-0.2043384860281119,-0.11165377842673685,-0.19303311394830125,1872,5556,,91,0.13,False,False,False
xgb_trees,trees 100,st,32,immigrant,hicov,-0.1171244761957504,-0.04449421167373657,-0.0728798508644104,-0.020115911960601807,-0.09725815057754517,1872,5556,,91,0.12,False,False,False
xgb_trees,trees 100,st,33,sex_female,pincp,-0.2749833742141927,0.017037953038435916,-0.2920571726046681,0.0036761754601766228,-0.27869539502640883,1775,2482,,92,0.09,False,False,False
xgb_trees,trees 100,st,33,sex_female,hicov,0.02131947202959905,-0.004688918590545654,0.025536000728607178,0.002226889133453369,0.018620193004608154,1775,2482,,92,0.09,True,False,True
xgb_trees,trees 100,st,33,immigrant,pincp,-0.01960434517791043,-0.007794584707625063,-0.01473266411016283,0.07299811218510222,-0.09552536100289011,213,4044,,92,0.09,True,False,True
xgb_trees,trees 100,st,34,sex_female,pincp,-0.27959417182269064,-0.008441213860960417,-0.2711032245472911,-0.035174715119444144,-0.24436972328880735,11310,14947,,92,0.3,False,False,False
xgb_trees,trees 100,st,34,sex_female,hicov,0.026453037100081955,-0.004700362682342529,0.031238794326782227,-0.001694321632385254,0.02823275327682495,11310,14947,,92,0.39,False,False,False
xgb_trees,trees 100,st,34,race_bw,pincp,-0.3485279411658162,-0.12024560357188463,-0.22917489496354726,-0.16775113601961245,-0.18166936251581944,2450,19368,,91,0.27,False,False,False
xgb_trees,trees 100,st,34,immigrant,pincp,-0.18133677494972034,-0.02506588818244815,-0.1561625045616477,-0.023044174381830373,-0.15818421836226548,6979,19278,,92,0.31,False,False,False
xgb_trees,trees 100,st,34,immigrant,hicov,-0.1122939833089891,-0.03491997718811035,-0.07774162292480469,-0.014481723308563232,-0.0981798768043518,6979,19278,,92,0.35,False,False,False
xgb_trees,trees 100,st,35,sex_female,pincp,-0.19025334313377584,0.03144365879875721,-0.22113887924469466,-0.009354424429954378,-0.18034079601598307,2064,2495,,90,0.1,True,False,True
xgb_trees,trees 100,st,35,sex_female,hicov,0.027719392272917864,-0.011117398738861084,0.038727641105651855,0.00651240348815918,0.021097838878631592,2064,2495,,90,0.09,True,False,True
xgb_trees,trees 100,st,35,race_bw,pincp,-0.15214511430401068,-0.06264727660567893,-0.09532733261585236,-0.00929012180752764,-0.14868448741400364,67,3264,,88,0.07,False,False,False
xgb_trees,trees 100,st,35,immigrant,pincp,-0.22003643556194064,-0.08776481141069858,-0.1336200948018167,-0.04707850381146628,-0.174306402401049,490,4069,,90,0.09,False,False,False
xgb_trees,trees 100,st,35,immigrant,hicov,-0.16557044051338898,-0.08591777086257935,-0.081146240234375,-0.020775794982910156,-0.1462882161140442,490,4069,,90,0.09,False,False,False
xgb_trees,trees 100,st,36,sex_female,pincp,-0.2004874804493344,0.028959575137539773,-0.22934474980962172,0.010343118667998752,-0.2107282933400807,24821,30289,,92,0.61,False,False,False
xgb_trees,trees 100,st,36,sex_female,hicov,0.03008149330087584,0.0008724331855773926,0.02932727336883545,0.005805850028991699,0.024393856525421143,24821,30289,,92,0.57,False,False,False
xgb_trees,trees 100,st,36,race_bw,pincp,-0.27242488117953023,-0.09803339778170184,-0.1738927854768093,-0.14444944064691434,-0.1274767426115968,6432,39884,,91,0.54,False,False,False
xgb_trees,trees 100,st,36,race_bw,hicov,-0.021661153788773424,-0.016379177570343018,-0.005306899547576904,-0.029533028602600098,0.007846951484680176,6432,39884,,91,0.55,False,True,True
xgb_trees,trees 100,st,36,immigrant,pincp,-0.16921449805576216,-0.09963080880490516,-0.06916230470694629,-0.05687544926893118,-0.11191766424292027,13520,41590,,92,0.58,False,False,False
xgb_trees,trees 100,st,36,immigrant,hicov,-0.08273276675236285,-0.023293137550354004,-0.05941206216812134,-0.013750672340393066,-0.06895452737808228,13520,41590,,92,0.66,False,False,False
xgb_trees,trees 100,st,37,sex_female,pincp,-0.2513797037125798,-0.0010791495662569872,-0.25011201698509744,-0.017093040697266915,-0.2340981258540875,11762,14924,,92,0.29,False,False,False
xgb_trees,trees 100,st,37,sex_female,hicov,0.026121671345438635,-0.004367053508758545,0.030432462692260742,0.004314720630645752,0.021750688552856445,11762,14924,,92,0.32,True,False,True
xgb_trees,trees 100,st,37,race_bw,pincp,-0.3428412819155735,-0.10199327271579683,-0.24116454867159298,-0.13586342704616605,-0.20729439434122376,4251,20487,,91,0.3,False,False,False
xgb_trees,trees 100,st,37,race_bw,hicov,-0.020227158183069305,-0.02352195978164673,0.0032935142517089844,-0.0204470157623291,0.00021857023239135742,4251,20487,,91,0.33,False,False,False
xgb_trees,trees 100,st,37,immigrant,pincp,-0.10334814145842763,-0.022273825565232386,-0.08164021729314896,0.00736484895663736,-0.11127889181501871,2369,24317,,92,0.33,True,False,True
xgb_trees,trees 100,st,37,immigrant,hicov,-0.16151536030195512,-0.07997596263885498,-0.0804244875907898,-0.03656458854675293,-0.12383586168289185,2369,24317,,92,0.37,False,False,False
xgb_trees,trees 100,st,38,sex_female,pincp,-0.40017355186717296,0.007341924571647951,-0.40772490716923393,-0.01082214357260014,-0.38956083902498584,943,1416,,88,0.07,True,False,True
xgb_trees,trees 100,st,38,sex_female,hicov,0.016556727836991025,-0.006707370281219482,0.022657394409179688,0.004426479339599609,0.011523544788360596,943,1416,,88,0.06,True,False,True
xgb_trees,trees 100,st,38,immigrant,pincp,-0.05300269840215499,-0.16205999402907345,0.10761378656091125,-0.011157492618034226,-0.043288714850127974,67,2292,,88,0.06,False,True,True
xgb_trees,trees 100,st,38,immigrant,hicov,-0.01301737386366586,0.005248904228210449,-0.016896486282348633,-0.021845221519470215,0.010197639465332031,67,2292,,88,0.07,True,True,True
xgb_trees,trees 100,st,39,sex_female,pincp,-0.26401311233596125,0.0119846960368033,-0.2758012957873355,-0.010213199364844883,-0.2536034003856873,14095,18698,,92,0.37,True,False,True
xgb_trees,trees 100,st,39,sex_female,hicov,0.017501789330388817,-0.006134986877441406,0.023591279983520508,-0.005257368087768555,0.022713661193847656,14095,18698,,92,0.37,False,False,False
xgb_trees,trees 100,st,39,race_bw,pincp,-0.24536897415986836,-0.09264549963807234,-0.15396992032272117,-0.11031424867660355,-0.13630117128418995,2358,29190,,91,0.38,False,False,False
xgb_trees,trees 100,st,39,race_bw,hicov,-0.01722050930684027,-0.014648258686065674,-0.0030292272567749023,-0.019738614559173584,0.002061128616333008,2358,29190,,91,0.39,False,True,True
xgb_trees,trees 100,st,39,immigrant,pincp,0.048812748806545514,0.1137933398834754,-0.06429926435972355,0.11097064654518007,-0.06147657102142823,1377,31416,,92,0.36,False,False,False
xgb_trees,trees 100,st,39,immigrant,hicov,-0.04787251600977094,0.0008301734924316406,-0.049073994159698486,0.0008257627487182617,-0.04906958341598511,1377,31416,,92,0.38,False,False,False
xgb_trees,trees 100,st,4,sex_female,pincp,-0.23532286018952853,0.00020096803216951287,-0.23574123412605275,-0.025273587871385672,-0.21026667822249756,7274,9525,,92,0.23,True,False,True
xgb_trees,trees 100,st,4,sex_female,hicov,0.028002182295263744,-0.009248435497283936,0.03702962398529053,0.003856062889099121,0.02392512559890747,7274,9525,,92,0.24,True,False,True
xgb_trees,trees 100,st,4,race_bw,pincp,-0.23746491036643214,-0.06377183820040244,-0.17368072660444156,-0.07182890817021814,-0.16562365663462586,580,13266,,91,0.19,False,False,False
xgb_trees,trees 100,st,4,immigrant,pincp,-0.22653950430917114,-0.05773598072052444,-0.16853188183996615,-0.06885679086477481,-0.15741107169571578,2617,14182,,92,0.2,False,False,False
xgb_trees,trees 100,st,4,immigrant,hicov,-0.12441581133134316,-0.0438380241394043,-0.0807073712348938,-0.031025826930999756,-0.09351956844329834,2617,14182,,92,0.25,False,False,False
xgb_trees,trees 100,st,40,sex_female,pincp,-0.29664627375391106,0.02017345253342917,-0.3168155261621113,-0.0035846139278667977,-0.2930574597008153,4029,5523,,92,0.13,True,False,True
xgb_trees,trees 100,st,40,sex_female,hicov,0.0268521712963955,-0.011820793151855469,0.03873687982559204,0.005828917026519775,0.021087169647216797,4029,5523,,92,0.14,True,False,True
xgb_trees,trees 100,st,40,race_bw,pincp,-0.2351882977597448,-0.058789721239513426,-0.17813960890374325,-0.0924332933913341,-0.14449603675192257,446,7317,,91,0.13,False,False,False
xgb_trees,trees 100,st,40,immigrant,pincp,-0.21193833439191856,-0.04688156315414993,-0.16474329211437322,-0.030297620341681153,-0.181327234926842,556,8996,,92,0.16,False,False,False
xgb_trees,trees 100,st,40,immigrant,hicov,-0.21967477152115567,-0.06909281015396118,-0.14917314052581787,-0.07201939821243286,-0.1462465524673462,556,8996,,92,0.14,False,False,False
xgb_trees,trees 100,st,41,sex_female,pincp,-0.2149141704901094,0.01549046229502693,-0.23108872850969142,0.0009620818076996329,-0.21656034802236412,4421,6132,,91,0.19,False,False,False
xgb_trees,trees 100,st,41,sex_female,hicov,0.019092850303944253,-0.0029164552688598633,0.02155601978302002,0.0025533437728881836,0.016086220741271973,4421,6132,,91,0.17,True,False,True
xgb_trees,trees 100,st,41,race_bw,pincp,-0.25634392603690337,-0.03642837151095435,-0.21849556913449675,-0.05782330130218938,-0.19710063934326172,131,9171,,90,0.14,False,False,False
xgb_trees,trees 100,st,41,race_bw,hicov,0.014280827134320662,-0.009005069732666016,0.022599518299102783,-0.01983356475830078,0.03342801332473755,131,9171,,90,0.16,False,False,False
xgb_trees,trees 100,st,41,immigrant,pincp,-0.14781387524339173,-0.01954486411085732,-0.12741696980919137,-0.005215517167865613,-0.14174631675218308,1186,9367,,91,0.16,False,False,False
xgb_trees,trees 100,st,41,immigrant,hicov,-0.06071924489673575,-0.023336172103881836,-0.036933183670043945,-0.014297544956207275,-0.045971810817718506,1186,9367,,91,0.16,False,False,False
xgb_trees,trees 100,st,42,sex_female,pincp,-0.2608191999909497,0.020158654965708678,-0.28048067828998136,-0.004965461719580233,-0.25535656160469244,15681,20483,,92,0.44,True,False,True
xgb_trees,trees 100,st,42,sex_female,hicov,0.02210470837581824,-0.005134999752044678,0.027291297912597656,-0.0016187429428100586,0.023775041103363037,15681,20483,,92,0.45,False,False,False
xgb_trees,trees 100,st,42,race_bw,pincp,-0.18461695160788594,-0.08136661507810672,-0.10345489267891139,-0.11589388094573572,-0.0689276268112824,1775,32726,,91,0.42,False,False,False
xgb_trees,trees 100,st,42,race_bw,hicov,-0.02623379954603866,-0.020244061946868896,-0.005888521671295166,-0.012017905712127686,-0.014114677906036377,1775,32726,,91,0.44,False,False,False
xgb_trees,trees 100,st,42,immigrant,pincp,0.01895036834457109,0.04988649594176309,-0.031842829325574584,0.07686028275686851,-0.05881661614068001,2085,34079,,92,0.42,False,False,False
xgb_trees,trees 100,st,42,immigrant,hicov,-0.05231362901110781,-0.005499303340911865,-0.046838223934173584,-0.003350675106048584,-0.048986852169036865,2085,34079,,92,0.43,False,False,False
xgb_trees,trees 100,st,44,sex_female,pincp,-0.2343378528442699,0.032475492944639583,-0.2692147462211505,0.03963925919569533,-0.27637851247220624,1329,1569,,88,0.06,False,False,False
xgb_trees,trees 100,st,44,sex_female,hicov,0.019553510668755658,-0.0036917924880981445,0.023912250995635986,-0.003415822982788086,0.023636281490325928,1329,1569,,88,0.07,False,False,False
xgb_trees,trees 100,st,44,race_bw,pincp,-0.2926052160795276,-0.054798962680742136,-0.23835314566762023,-0.12784283812538,-0.16530927022298236,123,2515,,87,0.06,False,False,False
xgb_trees,trees 100,st,44,immigrant,pincp,-0.24674267801177407,-0.12869292132961263,-0.11884241672022355,-0.07938033524986388,-0.1681550027999723,463,2435,,88,0.07,False,False,False
xgb_trees,trees 100,st,44,immigrant,hicov,-0.05373667847845276,-0.03677475452423096,-0.016548216342926025,-0.0050196051597595215,-0.04830336570739746,463,2435,,88,0.07,False,False,False
xgb_trees,trees 100,st,45,sex_female,pincp,-0.2785360372270027,-0.012791193068707685,-0.26544321478430355,-0.03167781428599881,-0.24655659356701243,5691,7032,,92,0.17,False,False,False
xgb_trees,trees 100,st,45,sex_female,hicov,0.032366685197812495,-0.005889415740966797,0.0381435751914978,0.003796398639678955,0.02845776081085205,5691,7032,,92,0.18,True,False,True
xgb_trees,trees 100,st,45,race_bw,pincp,-0.3830184381611712,-0.11190187846107946,-0.27170750307663916,-0.14911297703326198,-0.23449640450445663,2541,9653,,91,0.18,False,False,False
xgb_trees,trees 100,st,45,race_bw,hicov,-0.01027585594795033,-0.02348780632019043,0.013008654117584229,-0.02664363384246826,0.01616448163986206,2541,9653,,91,0.17,False,False,False
xgb_trees,trees 100,st,45,immigrant,pincp,-0.08057504916947344,-0.10927287859662727,0.02781426425560518,0.00915820097518072,-0.0906168153162028,654,12069,,92,0.17,True,True,True
xgb_trees,trees 100,st,45,immigrant,hicov,-0.20226282970777365,-0.10286468267440796,-0.10048741102218628,-0.039218127727508545,-0.1641339659690857,654,12069,,92,0.2,False,False,False
xgb_trees,trees 100,st,46,sex_female,pincp,-0.2908753073247148,-0.007703561213064702,-0.28385683639966963,-0.0035131936296490807,-0.28804720398308525,1104,1489,,87,0.07,False,False,False
xgb_trees,trees 100,st,46,sex_female,hicov,0.02619511684721776,-0.008231043815612793,0.033704161643981934,-0.006935179233551025,0.032408297061920166,1104,1489,,87,0.07,False,False,False
xgb_trees,trees 100,st,46,immigrant,pincp,-0.23296569506982934,-0.005695533588024659,-0.23159062312782552,-0.08648392835796592,-0.15080222835788426,77,2516,,87,0.07,False,False,False
xgb_trees,trees 100,st,46,immigrant,hicov,-0.05143187496128676,-0.03908175230026245,-0.01257544755935669,-0.13093489408493042,0.07927769422531128,77,2516,,87,0.07,False,True,True
xgb_trees,trees 100,st,47,sex_female,pincp,-0.2515418813310255,0.019465912809939923,-0.27150208303735823,0.003097379175775572,-0.2551335494031939,7731,9938,,92,0.23,False,False,False
xgb_trees,trees 100,st,47,sex_female,hicov,0.03620466553737811,-0.002085566520690918,0.03870689868927002,0.008100807666778564,0.028520524501800537,7731,9938,,92,0.24,True,False,True
xgb_trees,trees 100,st,47,race_bw,pincp,-0.24291613774690468,-0.09913796692989152,-0.1442635867781039,-0.11478083626946045,-0.12862071743853498,2084,14855,,91,0.24,False,False,False
xgb_trees,trees 100,st,47,race_bw,hicov,-0.019212108604546363,-0.02191627025604248,0.003026723861694336,-0.017271697521209717,-0.0016178488731384277,2084,14855,,91,0.22,False,True,True
xgb_trees,trees 100,st,47,immigrant,pincp,-0.12017643285205182,-0.04029996628157129,-0.07996003020693365,-0.004948360272704733,-0.1153116362158002,982,16687,,92,0.25,False,False,False
xgb_trees,trees 100,st,47,immigrant,hicov,-0.22928094933956544,-0.08998578786849976,-0.13818418979644775,-0.027660489082336426,-0.20050948858261108,982,16687,,92,0.25,False,False,False
xgb_trees,trees 100,st,48,sex_female,pincp,-0.280056055773656,0.0032895878047156657,-0.28338260942723537,-0.018784523491321536,-0.26130849813119816,31110,42184,,92,0.76,True,False,True
xgb_trees,trees 100,st,48,sex_female,hicov,0.05040712336269337,-0.006650149822235107,0.05689340829849243,0.016726136207580566,0.03351712226867676,31110,42184,,92,0.82,True,False,True
xgb_trees,trees 100,st,48,race_bw,pincp,-0.2224747386930428,-0.06665841427809838,-0.15548850288362637,-0.08254824903681701,-0.13959866812490773,6632,57703,,91,0.69,False,False,False
xgb_trees,trees 100,st,48,race_bw,hicov,0.020478520087899965,-0.010963022708892822,0.03190267086029053,-0.0016369819641113281,0.022576630115509033,6632,57703,,91,0.77,False,False,False
xgb_trees,trees 100,st,48,immigrant,pincp,-0.24244797762234072,-0.07083620766664822,-0.17147668394797577,-0.04996732551181182,-0.19234556610281217,14045,59249,,92,0.86,False,False,False
xgb_trees,trees 100,st,48,immigrant,hicov,-0.18640997892927536,-0.08718961477279663,-0.09931045770645142,-0.04898744821548462,-0.13751262426376343,14045,59249,,92,0.88,False,False,False
xgb_trees,trees 100,st,49,sex_female,pincp,-0.3688677720811935,-0.030973065234068287,-0.3381835294388207,-0.06457841344271564,-0.30457818123017333,2631,4858,,91,0.13,False,False,False
xgb_trees,trees 100,st,49,sex_female,hicov,0.016111383121001355,-0.015450477600097656,0.03186112642288208,-0.016970276832580566,0.03338092565536499,2631,4858,,91,0.14,False,False,False
xgb_trees,trees 100,st,49,race_bw,pincp,-0.3013406887576444,-0.2798038365942084,-0.021617512987148757,-0.1059012134899131,-0.19552013609144403,54,6795,,90,0.1,False,False,False
xgb_trees,trees 100,st,49,immigrant,pincp,-0.33821703312701956,-0.1536951106966047,-0.18562403988012122,-0.12570608136078398,-0.21361306921594192,677,6812,,91,0.12,False,False,False
xgb_trees,trees 100,st,49,immigrant,hicov,-0.16394736545378696,-0.05599015951156616,-0.1082640290260315,-0.044080138206481934,-0.12017405033111572,677,6812,,91,0.13,False,False,False
xgb_trees,trees 100,st,5,sex_female,pincp,-0.2661997987464133,0.001907485964443012,-0.2690075014889981,0.011271228393695765,-0.27837124391825085,3295,4129,,92,0.13,False,False,False
xgb_trees,trees 100,st,5,sex_female,hicov,0.0323388622831734,-0.005840718746185303,0.03802233934402466,0.005231499671936035,0.02695012092590332,3295,4129,,92,0.13,True,False,True
xgb_trees,trees 100,st,5,race_bw,pincp,-0.2823326565036659,-0.09889854537726528,-0.18466190319765374,-0.10069249705098926,-0.18286795152392976,802,6230,,91,0.11,False,False,False
xgb_trees,trees 100,st,5,immigrant,pincp,-0.24308967053588226,-0.031235191088505587,-0.21258512825371412,-0.022641527935094885,-0.22117879140712482,391,7033,,92,0.12,False,False,False
xgb_trees,trees 100,st,5,immigrant,hicov,-0.14289813131590456,-0.030416786670684814,-0.11215859651565552,-0.02173715829849243,-0.1208382248878479,391,7033,,92,0.12,False,False,False
xgb_trees,trees 100,st,50,sex_female,pincp,-0.14022086869054817,0.03453659327930403,-0.17587618790711979,0.05701478504402324,-0.198354379671839,852,1028,,86,0.07,False,False,False
xgb_trees,trees 100,st,50,sex_female,hicov,0.029192013298989794,-0.001330733299255371,0.030484378337860107,0.002987504005432129,0.026166141033172607,852,1028,,86,0.06,True,False,True
xgb_trees,trees 100,st,50,immigrant,pincp,0.08646994507348538,0.01479818819255918,0.07333902345377297,0.03168796250382577,0.056449249142506375,61,1819,,86,0.06,False,False,False
xgb_trees,trees 100,st,50,immigrant,hicov,-0.033039230706837674,0.010088741779327393,-0.04235386848449707,0.019894003868103027,-0.052159130573272705,61,1819,,86,0.08,False,False,False
xgb_trees,trees 100,st,51,sex_female,pincp,-0.27302751178342,-0.033109864120623556,-0.23916448058499817,-0.04454787055353293,-0.2277264741520888,11165,13892,,92,0.29,False,False,False
xgb_trees,trees 100,st,51,sex_female,hicov,0.018292008635743984,-0.00840902328491211,0.026833057403564453,-0.00020045042037963867,0.018624484539031982,11165,13892,,92,0.32,False,False,False
xgb_trees,trees 100,st,51,race_bw,pincp,-0.3105158451780081,-0.12761773264270282,-0.18334014520791975,-0.15357552192854307,-0.1573823559220795,3571,18633,,91,0.28,False,False,False
xgb_trees,trees 100,st,51,race_bw,hicov,-0.012815493743969841,-0.021485626697540283,0.009272933006286621,-0.016954421997070312,0.00474172830581665,3571,18633,,91,0.31,False,False,False
xgb_trees,trees 100,st,51,immigrant,pincp,-0.08827680242906055,0.003103175903529376,-0.09171595909157304,0.03498342719547054,-0.1235962103835142,3568,21489,,92,0.31,False,False,False
xgb_trees,trees 100,st,51,immigrant,hicov,-0.08259353987972162,-0.027906715869903564,-0.054587602615356445,-0.0100250244140625,-0.07246929407119751,3568,21489,,92,0.34,False,False,False
xgb_trees,trees 100,st,53,sex_female,pincp,-0.2748983811241228,-0.017930509643075965,-0.2567174344153713,-0.03225561590470427,-0.242392328153743,8203,11854,,92,0.24,False,False,False
xgb_trees,trees 100,st,53,sex_female,hicov,0.02300643443582484,-0.004961848258972168,0.0280950665473938,-0.0032828450202941895,0.02641606330871582,8203,11854,,92,0.27,False,False,False
xgb_trees,trees 100,st,53,race_bw,pincp,-0.2401969338879315,-0.08758690321254647,-0.15219248103454852,-0.06169428881470651,-0.17808509543238848,498,16076,,91,0.23,False,False,False
xgb_trees,trees 100,st,53,immigrant,pincp,-0.06386455533668745,0.0033055962823933527,-0.06757582056427225,0.01194956329149477,-0.07621978757337367,3142,16915,,92,0.26,False,False,False
xgb_trees,trees 100,st,53,immigrant,hicov,-0.08703524361614123,-0.038517117500305176,-0.04855829477310181,-0.006407678127288818,-0.08066773414611816,3142,16915,,92,0.27,False,False,False
xgb_trees,trees 100,st,54,sex_female,pincp,-0.2653994856022521,0.02020638480991721,-0.28652893230444754,-0.021040143823999102,-0.24528240367053122,1870,2372,,91,0.09,True,False,True
xgb_trees,trees 100,st,54,sex_female,hicov,0.019418618282818212,-0.005318880081176758,0.02425628900527954,-0.0005322098731994629,0.019469618797302246,1870,2372,,91,0.07,False,False,False
xgb_trees,trees 100,st,54,race_bw,pincp,-0.10287333642424024,-0.09077740352775088,-0.012975866208716269,-0.04282056822408009,-0.060932701512387055,95,4041,,90,0.09,False,False,False
xgb_trees,trees 100,st,54,immigrant,pincp,0.09627748981801787,0.05591157190833407,0.04498004086046237,0.0866950925024721,0.014196520266324342,92,4150,,91,0.09,False,False,False
xgb_trees,trees 100,st,54,immigrant,hicov,-0.03514929282346779,-0.02251291275024414,-0.014546871185302734,0.008298695087432861,-0.045358479022979736,92,4150,,91,0.08,True,False,True
xgb_trees,trees 100,st,55,sex_female,pincp,-0.24014252727026175,0.03581867862546062,-0.2770158709513737,0.030876288197710267,-0.27207348052362335,7379,10129,,92,0.22,False,False,False
xgb_trees,trees 100,st,55,sex_female,hicov,0.020999134207080772,-0.004695296287536621,0.026096463203430176,0.0001766681671142578,0.021224498748779297,7379,10129,,92,0.24,True,False,True
xgb_trees,trees 100,st,55,race_bw,pincp,-0.23597190532807133,-0.08026329622382633,-0.15773003198248148,-0.09149880205111849,-0.14649452615518932,357,16436,,91,0.21,False,False,False
xgb_trees,trees 100,st,55,race_bw,hicov,-0.03011085183647566,-0.020656168460845947,-0.010750293731689453,-0.01721853017807007,-0.014187932014465332,357,16436,,91,0.23,False,False,False
xgb_trees,trees 100,st,55,immigrant,pincp,-0.08377285580072602,0.007034968062802349,-0.09308277845920543,0.008146446250711037,-0.09419425664711412,662,16846,,92,0.23,False,False,False
xgb_trees,trees 100,st,55,immigrant,hicov,-0.1264630042973257,-0.03204989433288574,-0.09283065795898438,-0.015177309513092041,-0.10970324277877808,662,16846,,92,0.24,False,False,False
xgb_trees,trees 100,st,56,sex_female,pincp,-0.36346992208175166,0.008344290297866763,-0.371262753857728,-0.014122235207059575,-0.34879622835280166,647,956,,85,0.06,True,False,True
xgb_trees,trees 100,st,56,sex_female,hicov,0.03127243214579034,-0.003955245018005371,0.03471481800079346,-0.00995492935180664,0.04071450233459473,647,956,,85,0.06,False,False,False
xgb_trees,trees 100,st,56,immigrant,pincp,-0.18877279319069018,-0.029130035382173958,-0.15457463325913423,-0.01871620697856713,-0.16498846166274106,51,1552,,85,0.06,False,False,False
xgb_trees,trees 100,st,56,immigrant,hicov,-0.07889882757226607,-0.03234601020812988,-0.04422646760940552,-0.03022557497024536,-0.04634690284729004,51,1552,,85,0.06,False,False,False
xgb_trees,trees 100,st,6,sex_female,pincp,-0.18146729971729947,0.02968418300838671,-0.21058863147765194,0.013891977556022894,-0.19479642602528813,41076,58207,,92,0.92,False,False,False
xgb_trees,trees 100,st,6,sex_female,hicov,0.03384123084023194,-0.001856684684753418,0.03568613529205322,0.005916595458984375,0.02791285514831543,41076,58207,,92,1.16,True,False,True
xgb_trees,trees 100,st,6,race_bw,pincp,-0.18246297664314604,-0.08171337601767803,-0.10033055404202962,-0.0701023102385232,-0.11194161982118445,4119,61748,,91,0.71,False,False,False
xgb_trees,trees 100,st,6,race_bw,hicov,0.015345646834364346,0.00578385591506958,0.009313642978668213,0.0074419379234313965,0.0076555609703063965,4119,61748,,91,0.75,False,False,False
xgb_trees,trees 100,st,6,immigrant,pincp,-0.26875090094567966,-0.0800438260192955,-0.18823134418338583,-0.07756046351746804,-0.1907147066852133,35042,64241,,92,0.99,False,False,False
xgb_trees,trees 100,st,6,immigrant,hicov,-0.080050513778545,-0.033090412616729736,-0.04690444469451904,-0.013839244842529297,-0.06615561246871948,35042,64241,,92,1.05,False,False,False
xgb_trees,trees 100,st,8,sex_female,pincp,-0.21981364393633918,0.00044165945528895634,-0.21975498748054356,-0.0034889798194956967,-0.2158243482057589,6943,9596,,92,0.21,True,False,True
xgb_trees,trees 100,st,8,sex_female,hicov,0.03742758652198985,-0.003036797046661377,0.04012364149093628,0.008010685443878174,0.02907615900039673,6943,9596,,92,0.21,True,False,True
xgb_trees,trees 100,st,8,race_bw,pincp,-0.22475618247098517,-0.0949840668687667,-0.1297863049130541,-0.08497364741491609,-0.1397967243669047,402,14662,,91,0.22,False,False,False
xgb_trees,trees 100,st,8,immigrant,pincp,-0.23250097022780913,-0.12580442088699684,-0.10627882735211891,-0.07689890092331453,-0.15518434731580122,1649,14890,,92,0.21,False,False,False
xgb_trees,trees 100,st,8,immigrant,hicov,-0.15452220671420613,-0.07646161317825317,-0.07755929231643677,-0.02155017852783203,-0.1324707269668579,1649,14890,,92,0.23,False,False,False
xgb_trees,trees 100,st,9,sex_female,pincp,-0.32591543934684,-0.012598245099187722,-0.3124186351786271,-0.036951627609614235,-0.2880652526682006,4662,6012,,92,0.17,False,False,False
xgb_trees,trees 100,st,9,sex_female,hicov,0.01643880835497602,-0.0037814974784851074,0.01980125904083252,-0.0013800263404846191,0.01739978790283203,4662,6012,,92,0.15,False,False,False
xgb_trees,trees 100,st,9,race_bw,pincp,-0.4323223792453419,-0.12136292392640691,-0.3117058343133916,-0.208401781059127,-0.22466697718067152,757,8886,,91,0.14,False,False,False
xgb_trees,trees 100,st,9,race_bw,hicov,-0.02647716518436527,-0.025713205337524414,-0.0002715587615966797,-0.030271828174591064,0.004287064075469971,757,8886,,91,0.16,False,True,True
xgb_trees,trees 100,st,9,immigrant,pincp,-0.12330295028208837,-0.05025808932819764,-0.07171710225702732,-0.04413418881854625,-0.07784100276667871,1722,8952,,92,0.13,False,False,False
xgb_trees,trees 100,st,9,immigrant,hicov,-0.07303061157765922,-0.021168291568756104,-0.05157583951950073,-0.007526993751525879,-0.06521713733673096,1722,8952,,92,0.15,False,False,False
xgb_trees,trees 250,naics_2,11,sex_female,pincp,-0.17442832844735356,0.03125852790659245,-0.20762204092192427,0.014199457744174637,-0.19056297075950646,1770,10168,,63,0.21,False,False,False
xgb_trees,trees 250,naics_2,11,sex_female,hicov,0.06072557308405235,-0.011635899543762207,0.07250005006790161,-0.00450664758682251,0.06537079811096191,1770,10168,,63,0.23,False,False,False
xgb_trees,trees 250,naics_2,11,race_bw,pincp,-0.3082373735363646,-0.15649839826820866,-0.1490481331330411,-0.10691468124533188,-0.1986318501559179,198,10459,,62,0.21,False,False,False
xgb_trees,trees 250,naics_2,11,race_bw,hicov,-0.08277004677234145,-0.045842885971069336,-0.03494197130203247,-0.07812899351119995,-0.0026558637619018555,198,10459,,62,0.22,False,False,False
xgb_trees,trees 250,naics_2,11,immigrant,pincp,-0.5044989627739547,-0.23273107953554906,-0.2719900826269548,-0.15998495527150602,-0.3447362068909978,2454,9484,,63,0.26,False,False,False
xgb_trees,trees 250,naics_2,11,immigrant,hicov,-0.29192622963498427,-0.06542086601257324,-0.22620642185211182,-0.059771835803985596,-0.23185545206069946,2454,9484,,63,0.25,False,False,False
xgb_trees,trees 250,naics_2,21,sex_female,pincp,-0.1566003960737774,0.14867807816695944,-0.30398922511735194,0.1317861937467839,-0.2870973406971764,858,4828,,60,0.13,False,False,False
xgb_trees,trees 250,naics_2,21,sex_female,hicov,0.029791252657864087,-0.002743661403656006,0.032798171043395996,-0.004565298557281494,0.034619808197021484,858,4828,,60,0.13,False,False,False
xgb_trees,trees 250,naics_2,21,race_bw,pincp,-0.3229724667527538,-0.14818375751865176,-0.17243059058940347,-0.10216451709914409,-0.21844983100891113,204,5009,,59,0.13,False,False,False
xgb_trees,trees 250,naics_2,21,race_bw,hicov,-0.03411114895149525,-0.033865928649902344,-0.0018445849418640137,-0.034159719944000244,-0.0015507936477661133,204,5009,,59,0.16,False,False,False
xgb_trees,trees 250,naics_2,21,immigrant,pincp,0.04340662820095709,0.22220363705106472,-0.17758360720458732,0.1544576966097253,-0.10983766676324791,538,5148,,60,0.15,False,False,False
xgb_trees,trees 250,naics_2,21,immigrant,hicov,-0.029199631430114614,-0.020680248737335205,-0.008550524711608887,-0.010887563228607178,-0.018343210220336914,538,5148,,60,0.28,False,False,False
xgb_trees,trees 250,naics_2,22,sex_female,pincp,-0.16498741705883546,0.0889312116734704,-0.2530314156686426,0.04418156956122132,-0.20828177355639355,2383,8526,,63,0.23,False,False,False
xgb_trees,trees 250,naics_2,22,race_bw,pincp,-0.20612530453511546,-0.07113544045314413,-0.1357914575826893,-0.0686779334662706,-0.13824896456956282,778,9258,,62,0.22,False,False,False
xgb_trees,trees 250,naics_2,22,race_bw,hicov,-0.010228352495528115,-0.009441614151000977,-0.00016814470291137695,-0.01207500696182251,0.0024652481079101562,778,9258,,62,0.21,False,True,True
xgb_trees,trees 250,naics_2,22,immigrant,pincp,0.05236980693181259,0.15273766501815977,-0.10044207849104758,0.0914766495847612,-0.03918106305764901,791,10118,,63,0.24,False,False,False
xgb_trees,trees 250,naics_2,22,immigrant,hicov,-0.04415682556453315,-0.009892463684082031,-0.03385519981384277,-0.004431605339050293,-0.03931605815887451,791,10118,,63,0.27,False,False,False
xgb_trees,trees 250,naics_2,23,sex_female,pincp,-0.0626446456082057,0.10039487055884777,-0.16299448112418347,0.10756389797053068,-0.17016350853586637,5486,50901,,58,0.92,False,False,False
xgb_trees,trees 250,naics_2,23,sex_female,hicov,0.10012223552223276,0.01936286687850952,0.0808212161064148,0.03160524368286133,0.06857883930206299,5486,50901,,58,0.94,False,False,False
xgb_trees,trees 250,naics_2,23,race_bw,pincp,-0.2200815585744582,-0.08416411621843523,-0.1366954265724587,-0.058846042955801536,-0.1620134998350924,2207,47852,,57,0.8,False,False,False
xgb_trees,trees 250,naics_2,23,immigrant,pincp,-0.32078281195261127,-0.1367347113066124,-0.18395362430569762,-0.09906846666896207,-0.22161986894334795,11081,45306,,58,0.89,False,False,False
xgb_trees,trees 250,naics_2,23,immigrant,hicov,-0.3059844323527965,-0.09263992309570312,-0.2131245732307434,-0.06350570917129517,-0.24225878715515137,11081,45306,,58,0.99,False,False,False
xgb_trees,trees 250,naics_2,31,sex_female,pincp,-0.2629578528630354,-0.03758384093717204,-0.22502481365269666,-0.04708063683681907,-0.21552801775304964,6080,10147,,65,0.3,False,False,False
xgb_trees,trees 250,naics_2,31,race_bw,pincp,-0.303773085054587,-0.13079458468340555,-0.173606873672421,-0.1418156519569429,-0.16258580639888365,1704,11987,,64,0.33,False,False,False
xgb_trees,trees 250,naics_2,31,race_bw,hicov,-0.015489638422845342,-0.023105084896087646,0.00791400671005249,-0.02157604694366455,0.0063849687576293945,1704,11987,,64,0.4,False,False,False
xgb_trees,trees 250,naics_2,31,immigrant,pincp,-0.34096890087177734,-0.1555557051459182,-0.18599586753193087,-0.10122672643242048,-0.2403248462454286,3768,12459,,65,0.35,False,False,False
xgb_trees,trees 250,naics_2,31,immigrant,hicov,-0.12329223291887836,-0.03782278299331665,-0.0855875015258789,-0.033435940742492676,-0.08997434377670288,3768,12459,,65,0.36,False,False,False
xgb_trees,trees 250,naics_2,32,sex_female,pincp,-0.14835792196557485,0.0734095929054206,-0.22161096397650226,0.0463542282846543,-0.19455559935573596,8451,21977,,67,0.62,False,False,False
xgb_trees,trees 250,naics_2,32,sex_female,hicov,0.013688911235591239,-0.006239473819732666,0.019804656505584717,-0.006263017654418945,0.019828200340270996,8451,21977,,67,0.64,False,False,False
xgb_trees,trees 250,naics_2,32,race_bw,pincp,-0.2647300616488355,-0.10632175887021411,-0.15887625075193945,-0.10252164568218802,-0.16267636393996554,2081,25276,,66,0.52,False,False,False
xgb_trees,trees 250,naics_2,32,race_bw,hicov,-0.011317819176341226,-0.019555509090423584,0.008988380432128906,-0.018625259399414062,0.008058130741119385,2081,25276,,66,0.54,False,False,False
xgb_trees,trees 250,naics_2,32,immigrant,pincp,-0.08673017505501157,0.022342306278718027,-0.10858671061920333,0.05962285056638983,-0.14586725490687513,4028,26400,,67,0.54,False,False,False
xgb_trees,trees 250,naics_2,32,immigrant,hicov,-0.07233731305106683,-0.014445602893829346,-0.058151960372924805,-0.013319671154022217,-0.059277892112731934,4028,26400,,67,0.6,False,False,False
xgb_trees,trees 250,naics_2,33,sex_female,pincp,-0.2637016416912381,-0.023299749209012788,-0.24073822036413262,-0.036279680910690004,-0.2277582886624554,16238,50594,,69,1.21,False,False,False
xgb_trees,trees 250,naics_2,33,race_bw,pincp,-0.32554110402042724,-0.12292985876378637,-0.20236709344075088,-0.1404604266280831,-0.18483652557645414,3920,54728,,68,1.11,False,False,False
xgb_trees,trees 250,naics_2,33,race_bw,hicov,-0.017633588298643477,-0.01817464828491211,9.59634780883789e-05,-0.02161097526550293,0.0035322904586791992,3920,54728,,68,1.16,False,False,False
xgb_trees,trees 250,naics_2,33,immigrant,pincp,-0.031002990109508133,0.06246595387597864,-0.09354206995600833,0.08398308145586597,-0.11505919753589566,10156,56676,,69,1.19,False,False,False
xgb_trees,trees 250,naics_2,33,immigrant,hicov,-0.04499232538424991,-0.003996133804321289,-0.04085099697113037,-0.00973820686340332,-0.03510892391204834,10156,56676,,69,1.26,False,False,False
xgb_trees,trees 250,naics_2,3M,sex_female,pincp,-0.3035433700709156,-0.019270600790346037,-0.2846857665046567,-0.041188271759915907,-0.26276809553508684,879,1984,,57,0.1,False,False,False
xgb_trees,trees 250,naics_2,3M,race_bw,pincp,-0.2366623367706051,-0.09673973155456927,-0.13971934381639883,-0.09785974752771232,-0.1385993278432558,323,2116,,56,0.07,False,False,False
xgb_trees,trees 250,naics_2,3M,race_bw,hicov,-0.028134455453656892,-0.02615588903427124,-0.002651512622833252,-0.015227913856506348,-0.013579487800598145,323,2116,,56,0.08,False,False,False
xgb_trees,trees 250,naics_2,3M,immigrant,pincp,-0.26129086957903347,-0.030237523697385527,-0.23310233928539148,-0.04344111979409604,-0.21989874318868097,595,2268,,57,0.1,False,False,False
xgb_trees,trees 250,naics_2,3M,immigrant,hicov,-0.10675381263616557,-0.04260486364364624,-0.062433719635009766,-0.004999995231628418,-0.10003858804702759,595,2268,,57,0.11,False,False,False
xgb_trees,trees 250,naics_2,42,sex_female,pincp,-0.2022436858462644,0.0362441833022622,-0.2385069906540327,0.005599537173083036,-0.20786234452485353,7903,20186,,63,0.58,False,False,False
xgb_trees,trees 250,naics_2,42,race_bw,pincp,-0.37749029566436754,-0.08857313869670769,-0.2887691682266329,-0.1139310546669563,-0.2634112522563843,1496,23358,,62,0.49,False,False,False
xgb_trees,trees 250,naics_2,42,race_bw,hicov,-0.03178101331838812,-0.028896629810333252,-0.0028588175773620605,-0.03687548637390137,0.005120038986206055,1496,23358,,62,0.49,False,True,True
xgb_trees,trees 250,naics_2,42,immigrant,pincp,-0.2093096720413552,-0.03857506616638062,-0.16979412805466332,-0.03505747811835214,-0.1733117161026918,4233,23856,,63,0.51,False,False,False
xgb_trees,trees 250,naics_2,42,immigrant,hicov,-0.08411581584950278,-0.015059947967529297,-0.06948196887969971,-0.014330804347991943,-0.07021111249923706,4233,23856,,63,0.57,False,False,False
xgb_trees,trees 250,naics_2,44,sex_female,pincp,-0.25509860736859835,-0.011972666611875127,-0.2430324464961764,-0.030273629186019946,-0.22473148392203157,20205,31547,,63,0.86,False,False,False
xgb_trees,trees 250,naics_2,44,sex_female,hicov,0.014269738289013567,-0.01282048225402832,0.027126729488372803,-0.018212080001831055,0.03251832723617554,20205,31547,,63,0.91,False,False,False
xgb_trees,trees 250,naics_2,44,race_bw,pincp,-0.21868542569681537,-0.06824741690208569,-0.15041729398032722,-0.07806613275815621,-0.1405985781242567,3611,41916,,62,0.78,False,False,False
xgb_trees,trees 250,naics_2,44,race_bw,hicov,-0.02434017062887106,-0.025678515434265137,0.0009327530860900879,-0.03336071968078613,0.008614957332611084,3611,41916,,62,0.83,False,False,False
xgb_trees,trees 250,naics_2,44,immigrant,pincp,-0.09665531045817133,-0.0051125793889532645,-0.09131677396420557,0.024107243134121603,-0.12053659648728043,7415,44337,,63,0.89,True,False,True
xgb_trees,trees 250,naics_2,44,immigrant,hicov,-0.09476766488920885,-0.002394258975982666,-0.09239357709884644,-0.009573161602020264,-0.08521467447280884,7415,44337,,63,0.95,False,False,False
xgb_trees,trees 250,naics_2,45,sex_female,pincp,-0.25316293341938767,-0.05299260912261339,-0.20013864087270328,-0.07198171829796784,-0.18114953169734882,10711,10829,,62,0.4,False,False,False
xgb_trees,trees 250,naics_2,45,sex_female,hicov,0.012157341696831914,-0.007997512817382812,0.01997840404510498,-0.009607136249542236,0.021588027477264404,10711,10829,,62,0.41,False,False,False
xgb_trees,trees 250,naics_2,45,race_bw,pincp,-0.2128505955917941,-0.12749545227010906,-0.0849376949043652,-0.11795182385351666,-0.0944813233209576,2034,17052,,61,0.35,False,False,False
xgb_trees,trees 250,naics_2,45,race_bw,hicov,-0.023157172542498827,-0.013009488582611084,-0.010064899921417236,-0.02193552255630493,-0.0011388659477233887,2034,17052,,61,0.36,False,False,False
xgb_trees,trees 250,naics_2,45,immigrant,hicov,-0.04191854009015972,0.017410337924957275,-0.05954355001449585,-0.0009778141975402832,-0.04115539789199829,2784,18756,,62,0.42,True,False,True
xgb_trees,trees 250,naics_2,48,sex_female,pincp,-0.21276262819450054,0.05332177137355387,-0.2668519515232113,0.034552628986380896,-0.2480828091360383,5254,23016,,60,0.54,False,False,False
xgb_trees,trees 250,naics_2,48,sex_female,hicov,0.030014488853288057,-0.004442811012268066,0.03430056571960449,-0.0024188756942749023,0.03227663040161133,5254,23016,,60,0.58,False,False,False
xgb_trees,trees 250,naics_2,48,race_bw,pincp,-0.19750902181684893,-0.048193042402440156,-0.149234348542846,-0.09239220626240119,-0.10503518468288497,3689,21206,,59,0.47,False,False,False
xgb_trees,trees 250,naics_2,48,immigrant,pincp,-0.19393861612739371,-0.06023725071339925,-0.1340177797291382,-0.04527212817983717,-0.14898290226270028,4910,23360,,60,0.56,False,False,False
xgb_trees,trees 250,naics_2,48,immigrant,hicov,-0.0972118858633485,-0.00681382417678833,-0.0906304121017456,-0.014464139938354492,-0.08298009634017944,4910,23360,,60,0.54,False,False,False
xgb_trees,trees 250,naics_2,49,sex_female,pincp,-0.12368417112049634,-0.0077856270414145,-0.11524927509058003,-0.026163581441567274,-0.09687132069042725,3808,8351,,58,0.3,False,False,False
xgb_trees,trees 250,naics_2,49,sex_female,hicov,0.014366675001937002,-0.008828580379486084,0.02302306890487671,-0.011131823062896729,0.025326311588287354,3808,8351,,58,0.32,False,False,False
xgb_trees,trees 250,naics_2,49,race_bw,pincp,-0.16454436798651528,-0.04671113506904234,-0.11759686417130233,-0.030978514471879492,-0.13332948476846518,1973,8563,,57,0.25,False,False,False
xgb_trees,trees 250,naics_2,49,race_bw,hicov,-0.016498035874827455,-0.018187522888183594,0.0014518499374389648,-0.021970510482788086,0.005234837532043457,1973,8563,,57,0.31,False,False,False
xgb_trees,trees 250,naics_2,49,immigrant,pincp,-0.17166827475629098,0.05417869285279053,-0.22635205328077568,-0.0315206166084927,-0.14065274381949244,1836,10323,,58,0.25,True,False,True
xgb_trees,trees 250,naics_2,49,immigrant,hicov,-0.0865438493521985,-0.007534801959991455,-0.07890957593917847,-0.00928187370300293,-0.07716250419616699,1836,10323,,58,0.29,False,False,False
xgb_trees,trees 250,naics_2,4M,sex_female,pincp,-0.2786318676631705,-0.0415488911017885,-0.23854978141915772,-0.042214026810457383,-0.23788464571048884,998,1164,,58,0.11,False,False,False
xgb_trees,trees 250,naics_2,4M,sex_female,hicov,0.010045864925727788,-0.01664280891418457,0.027099430561065674,-0.019411683082580566,0.02986830472946167,998,1164,,58,0.1,False,False,False
xgb_trees,trees 250,naics_2,4M,race_bw,pincp,-0.15479391581975044,-0.06523018944152348,-0.09181628171889322,-0.06728637422818551,-0.08976009693223119,247,1637,,57,0.08,False,False,False
xgb_trees,trees 250,naics_2,4M,race_bw,hicov,-0.030964116743623538,-0.025085806846618652,-0.007645010948181152,-0.006065547466278076,-0.02666527032852173,247,1637,,57,0.07,False,False,False
xgb_trees,trees 250,naics_2,4M,immigrant,pincp,-0.0850289573043419,-0.0714460912650896,-0.014053773181437634,-0.028851415729644003,-0.05664844871688324,319,1843,,58,0.08,False,False,False
xgb_trees,trees 250,naics_2,4M,immigrant,hicov,-0.13497313396278732,-0.057591795921325684,-0.076244056224823,0.002679765224456787,-0.13651561737060547,319,1843,,58,0.08,True,False,True
xgb_trees,trees 250,naics_2,51,sex_female,pincp,-0.2458908158496964,-0.04828248077034658,-0.19687616076758374,-0.05698614634980004,-0.18817249518813028,7812,12919,,61,0.4,False,False,False
xgb_trees,trees 250,naics_2,51,race_bw,pincp,-0.27989747972265633,-0.11841717172490185,-0.16197406045668572,-0.10953941521856692,-0.17085181696302065,1646,16501,,60,0.36,False,False,False
xgb_trees,trees 250,naics_2,51,race_bw,hicov,-0.016109226562578738,-0.009798288345336914,-0.006388247013092041,-0.013598918914794922,-0.002587616443634033,1646,16501,,60,0.38,False,False,False
xgb_trees,trees 250,naics_2,51,immigrant,pincp,0.20968129890285958,0.1749793663746253,0.03333369132218067,0.1642552126701169,0.04405784502668908,2744,17987,,61,0.4,False,False,False
xgb_trees,trees 250,naics_2,51,immigrant,hicov,-0.012184536904771393,0.014022350311279297,-0.0261688232421875,0.0034467577934265137,-0.015593230724334717,2744,17987,,61,0.43,False,False,False
xgb_trees,trees 250,naics_2,52,sex_female,pincp,-0.5682567617236298,-0.19169815146812041,-0.3763013438688141,-0.23735557269227847,-0.33064392264465603,29688,23262,,59,0.88,False,False,False
xgb_trees,trees 250,naics_2,52,race_bw,pincp,-0.36008972810087947,-0.10725823142743707,-0.2527954825776817,-0.14032446945284427,-0.2197292445522745,4183,42821,,58,0.79,False,False,False
xgb_trees,trees 250,naics_2,52,race_bw,hicov,-0.014619821613350514,-0.011529386043548584,-0.003147721290588379,-0.011053919792175293,-0.00362318754196167,4183,42821,,58,0.82,False,False,False
xgb_trees,trees 250,naics_2,52,immigrant,pincp,0.12872852116941047,0.13510518429881735,-0.00669470284185536,0.13021790085914198,-0.0018074194021799883,6431,46519,,59,0.86,False,False,False
xgb_trees,trees 250,naics_2,52,immigrant,hicov,-0.013713639558709967,0.005798041820526123,-0.019740045070648193,-0.0004891157150268555,-0.013452887535095215,6431,46519,,59,0.92,True,False,True
xgb_trees,trees 250,naics_2,53,sex_female,pincp,-0.20368571994394458,-0.010280016947280757,-0.19354589634598973,-0.03142938231009573,-0.17239653098317476,7356,9663,,59,0.37,False,False,False
xgb_trees,trees 250,naics_2,53,sex_female,hicov,0.016528081163935893,-0.008345484733581543,0.02460390329360962,-0.008038699626922607,0.024297118186950684,7356,9663,,59,0.35,False,False,False
xgb_trees,trees 250,naics_2,53,race_bw,pincp,-0.36522123116522387,-0.07694031181282135,-0.2880533009380155,-0.11432845106774536,-0.2506651616830915,1331,13771,,58,0.3,False,False,False
xgb_trees,trees 250,naics_2,53,race_bw,hicov,-0.022543426742933304,-0.01999533176422119,-0.002164781093597412,-0.031100690364837646,0.008940577507019043,1331,13771,,58,0.32,False,True,True
xgb_trees,trees 250,naics_2,53,immigrant,pincp,-0.16413766013544517,-0.04188535113474323,-0.12207316859151085,-0.013298983975063905,-0.15065953575119018,2515,14504,,59,0.3,False,False,False
xgb_trees,trees 250,naics_2,53,immigrant,hicov,-0.06069583601534756,-0.010514140129089355,-0.05035907030105591,-0.01212155818939209,-0.048751652240753174,2515,14504,,59,0.32,False,False,False
xgb_trees,trees 250,naics_2,54,sex_female,pincp,-0.3899332779490621,-0.09883191358174948,-0.2912881421329079,-0.1152314676436319,-0.27488858807102545,29018,43958,,60,1.16,False,False,False
xgb_trees,trees 250,naics_2,54,race_bw,pincp,-0.2660095394753377,-0.09013352327573365,-0.17653755589948084,-0.11138038664975625,-0.15529069252545824,3444,58849,,59,1.03,False,False,False
xgb_trees,trees 250,naics_2,54,race_bw,hicov,-0.01714595588240375,-0.012639999389648438,-0.004721164703369141,-0.015169858932495117,-0.002191305160522461,3444,58849,,59,1.14,False,False,False
xgb_trees,trees 250,naics_2,54,immigrant,pincp,0.0722182219525429,0.08225088694602611,-0.010535645058688203,0.09591348628498508,-0.024198244397647173,12006,60970,,60,1.15,False,False,False
xgb_trees,trees 250,naics_2,54,immigrant,hicov,-0.01085133722024234,0.014422297477722168,-0.02529299259185791,0.002393186092376709,-0.013263881206512451,12006,60970,,60,1.29,False,False,False
xgb_trees,trees 250,naics_2,55,sex_female,pincp,-0.41916513373735675,-0.1461821911366492,-0.2736582792221327,-0.18010841735227423,-0.23973205300650768,689,659,,57,0.07,False,False,False
xgb_trees,trees 250,naics_2,55,race_bw,pincp,-0.39175907995863213,-0.0733778330132786,-0.31590970695441456,-0.09023397626759966,-0.2990535637000935,77,1128,,55,0.08,False,False,False
xgb_trees,trees 250,naics_2,55,race_bw,hicov,-0.0421962788984066,-0.004657745361328125,-0.03917503356933594,0.00033020973205566406,-0.04416298866271973,77,1128,,55,0.09,True,False,True
xgb_trees,trees 250,naics_2,55,immigrant,pincp,0.08036547274432237,-0.04857457015537747,0.13203464629564188,0.039149949374182924,0.04431012676608148,155,1193,,57,0.07,True,False,True
xgb_trees,trees 250,naics_2,55,immigrant,hicov,-0.013233107103263642,-0.005889236927032471,-0.007877588272094727,0.0014981627464294434,-0.01526498794555664,155,1193,,57,0.08,True,False,True
xgb_trees,trees 250,naics_2,56,sex_female,pincp,-0.1285776356521673,0.012169667072335244,-0.14130618938884076,0.031437041709086344,-0.16057356402559186,10600,18487,,60,0.53,False,False,False
xgb_trees,trees 250,naics_2,56,sex_female,hicov,0.04997762323550159,-0.011352777481079102,0.06164735555648804,0.003378629684448242,0.04691594839096069,10600,18487,,60,0.55,True,False,True
xgb_trees,trees 250,naics_2,56,race_bw,pincp,-0.2488064758317332,-0.09808275799510646,-0.15040617584495664,-0.06760453845173409,-0.180884395388329,3326,21705,,59,0.5,False,False,False
xgb_trees,trees 250,naics_2,56,immigrant,pincp,-0.2986422731817857,-0.10685213842342378,-0.19260467893142952,-0.06710305549853324,-0.23235376185632006,6273,22814,,60,0.5,False,False,False
xgb_trees,trees 250,naics_2,56,immigrant,hicov,-0.20222463599230545,-0.06155121326446533,-0.1401335597038269,-0.027878642082214355,-0.17380613088607788,6273,22814,,60,0.55,False,False,False
xgb_trees,trees 250,naics_2,61,sex_female,pincp,-0.19832442884073664,0.005626633121245561,-0.20391913810233753,-0.00490534350881866,-0.1933871614722733,51590,26189,,58,1.2,True,False,True
xgb_trees,trees 250,naics_2,61,race_bw,pincp,-0.1508946986242261,-0.13723851261890374,-0.013110815161549993,-0.09975454981615073,-0.050594777964303006,6910,63986,,57,1.06,False,False,False
xgb_trees,trees 250,naics_2,61,race_bw,hicov,-0.020329754659157317,-0.012130200862884521,-0.008347511291503906,-0.009580433368682861,-0.010897278785705566,6910,63986,,57,1.18,False,False,False
xgb_trees,trees 250,naics_2,61,immigrant,pincp,0.0230344050453688,-0.00044903229912129916,0.023572018324300004,0.044285351651220495,-0.02116236562604179,7723,70056,,58,1.15,True,True,True
xgb_trees,trees 250,naics_2,61,immigrant,hicov,-0.017128937570610958,-0.002222120761871338,-0.014914214611053467,-0.005605578422546387,-0.011530756950378418,7723,70056,,58,1.3,False,False,False
xgb_trees,trees 250,naics_2,62,sex_female,pincp,-0.44504958913086057,-0.15614384972215056,-0.2891495539708835,-0.22707337175751263,-0.21822003193552142,90900,29476,,63,1.98,False,False,False
xgb_trees,trees 250,naics_2,62,race_bw,pincp,-0.2858392759919255,-0.14913519801063302,-0.1366972463797005,-0.16714088223738877,-0.11869156215294474,15995,88854,,62,1.67,False,False,False
xgb_trees,trees 250,naics_2,62,race_bw,hicov,-0.030612993952736645,-0.02186495065689087,-0.008684933185577393,-0.0255354642868042,-0.0050144195556640625,15995,88854,,62,1.84,False,False,False
xgb_trees,trees 250,naics_2,62,immigrant,pincp,0.08046984533417856,0.0888800648342265,-0.008673241598355474,0.09931539731268835,-0.01910857407681732,18087,102289,,63,1.95,False,False,False
xgb_trees,trees 250,naics_2,62,immigrant,hicov,-0.023957826396521553,0.007373690605163574,-0.031168580055236816,-0.0029568076133728027,-0.02083808183670044,18087,102289,,63,2.16,True,False,True
xgb_trees,trees 250,naics_2,71,sex_female,pincp,-0.17333409352919382,0.0155510714950573,-0.18993305130760163,0.0038616830881412767,-0.1782436629006856,5061,7575,,58,0.23,False,False,False
xgb_trees,trees 250,naics_2,71,sex_female,hicov,0.025007150389016353,-0.0062184929847717285,0.031003117561340332,-0.00833040475845337,0.03311502933502197,5061,7575,,58,0.26,False,False,False
xgb_trees,trees 250,naics_2,71,race_bw,pincp,-0.23704578398977638,-0.10214790658547734,-0.13516379349237084,-0.0819354036797808,-0.15537629639806738,968,9874,,57,0.24,False,False,False
xgb_trees,trees 250,naics_2,71,race_bw,hicov,-0.017584791513566844,-0.017214953899383545,-0.0001926422119140625,-0.028508782386779785,0.011101186275482178,968,9874,,57,0.23,False,True,True
xgb_trees,trees 250,naics_2,71,immigrant,pincp,-0.12326965074971952,-0.07049312450187983,-0.053934868160833815,-0.0314686040897012,-0.09295938857301245,1670,10966,,58,0.25,False,False,False
xgb_trees,trees 250,naics_2,71,immigrant,hicov,-0.05514562703882775,-0.003012418746948242,-0.05276590585708618,-0.009153187274932861,-0.04662513732910156,1670,10966,,58,0.26,False,False,False
xgb_trees,trees 250,naics_2,72,sex_female,pincp,-0.18401379581246324,-0.006403682774685393,-0.17764822791774115,-0.005852784095564445,-0.1781991265968621,14143,17193,,58,0.57,False,False,False
xgb_trees,trees 250,naics_2,72,sex_female,hicov,0.04015889515060789,-0.01888507604598999,0.05883234739303589,-0.02164238691329956,0.06158965826034546,14143,17193,,58,0.54,False,False,False
xgb_trees,trees 250,naics_2,72,race_bw,pincp,-0.1928744781570586,-0.09312147711137087,-0.09925186338401915,-0.05984318323440441,-0.1325301572609856,3165,21329,,57,0.39,False,False,False
xgb_trees,trees 250,naics_2,72,immigrant,pincp,-0.1366419172241944,-0.04391984023056139,-0.09248106721391025,-0.001622616512770847,-0.1347782909317008,9698,21638,,58,0.5,False,False,False
xgb_trees,trees 250,naics_2,72,immigrant,hicov,-0.14235072495587275,0.012743830680847168,-0.15470415353775024,-0.003659844398498535,-0.13830047845840454,9698,21638,,58,0.58,True,False,True
xgb_trees,trees 250,naics_2,81,sex_female,pincp,-0.19443770611913358,0.006022057127392344,-0.20022070008001336,-0.044171453124816296,-0.15002718982780472,14329,19378,,63,0.59,True,False,True
xgb_trees,trees 250,naics_2,81,sex_female,hicov,0.028035678892645688,-0.013653993606567383,0.04170900583267212,-0.009206831455230713,0.03726184368133545,14329,19378,,63,0.64,False,False,False
xgb_trees,trees 250,naics_2,81,race_bw,pincp,-0.1435280769370042,-0.035673888246707364,-0.10752998513606826,-0.051218278137536544,-0.09198559524523908,2516,26304,,62,0.53,False,False,False
xgb_trees,trees 250,naics_2,81,race_bw,hicov,-0.025556209118091866,-0.025433838367462158,-0.0010502338409423828,-0.025274157524108887,-0.0012099146842956543,2516,26304,,62,0.56,False,False,False
xgb_trees,trees 250,naics_2,81,immigrant,pincp,-0.28521872580984997,-0.17234065934680132,-0.1129711481052702,-0.097250448609568,-0.18806135884250352,6640,27067,,63,0.57,False,False,False
xgb_trees,trees 250,naics_2,81,immigrant,hicov,-0.13345759362866183,-0.04272204637527466,-0.09105497598648071,-0.03982275724411011,-0.09395426511764526,6640,27067,,63,0.63,False,False,False
xgb_trees,trees 250,naics_2,92,sex_female,pincp,-0.2414473940877997,-0.009795725657054888,-0.23146348368095637,-0.04280107665751842,-0.19845813268049284,24767,31895,,60,0.85,False,False,False
xgb_trees,trees 250,naics_2,92,race_bw,pincp,-0.10552062676527818,-0.038150120883225114,-0.06727262739684292,-0.03457037572998267,-0.07085237255008536,7382,43626,,59,0.77,False,False,False
xgb_trees,trees 250,naics_2,92,immigrant,pincp,0.04760441151955597,0.07368526486941462,-0.026004846790307568,0.09344462971068168,-0.045764211631574625,4213,52449,,60,0.9,False,False,False
xgb_trees,trees 250,naics_2,92,immigrant,hicov,-0.014170391838873697,0.002920687198638916,-0.017023861408233643,-0.0035399198532104492,-0.010563254356384277,4213,52449,,60,0.98,True,False,True
xgb_trees,trees 250,st,1,sex_female,pincp,-0.31555702394613583,-0.005359331867332173,-0.3099917945271855,-0.03131233693257407,-0.2840387894619436,5293,6854,,92,0.32,False,False,False
xgb_trees,trees 250,st,1,sex_female,hicov,0.021982361759625313,-0.006786704063415527,0.028848648071289062,-0.0032616853713989258,0.02532362937927246,5293,6854,,92,0.36,False,False,False
xgb_trees,trees 250,st,1,race_bw,pincp,-0.28298982130619343,-0.1297663251658303,-0.1532640146394062,-0.14892570614761524,-0.13410463365762126,2338,9360,,91,0.31,False,False,False
xgb_trees,trees 250,st,1,race_bw,hicov,-0.03265821836181115,-0.022124826908111572,-0.011237859725952148,-0.020279288291931152,-0.013083398342132568,2338,9360,,91,0.32,False,False,False
xgb_trees,trees 250,st,1,immigrant,pincp,-0.10406233370699525,0.008320785388411522,-0.11517165548709052,-0.009254246371058983,-0.09759662372762001,463,11684,,92,0.33,True,False,True
xgb_trees,trees 250,st,1,immigrant,hicov,-0.19473714954566734,-0.055383265018463135,-0.13914912939071655,-0.046162545680999756,-0.14836984872817993,463,11684,,92,0.36,False,False,False
xgb_trees,trees 250,st,10,sex_female,pincp,-0.23852588673327801,-0.0029154871690106887,-0.2341072925493375,-0.013948120901334349,-0.22307465881701383,1208,1387,,88,0.13,False,False,False
xgb_trees,trees 250,st,10,sex_female,hicov,0.018984825985857268,-0.007553040981292725,0.026993632316589355,0.00398099422454834,0.015459597110748291,1208,1387,,88,0.14,True,False,True
xgb_trees,trees 250,st,10,race_bw,pincp,-0.26441259231673087,-0.12387691347450946,-0.1403370029111457,-0.10450283757369228,-0.1597110788119629,431,1975,,87,0.12,False,False,False
xgb_trees,trees 250,st,10,immigrant,hicov,-0.056482306259616144,-0.03058028221130371,-0.026261448860168457,-0.011583209037780762,-0.045258522033691406,265,2330,,88,0.12,False,False,False
xgb_trees,trees 250,st,11,sex_female,pincp,-0.1948040157321529,-0.04275681573207457,-0.15298356358516507,-0.056116713782556005,-0.13962366553468364,1214,1142,,68,0.1,False,False,False
xgb_trees,trees 250,st,11,sex_female,hicov,0.01159848469548208,0.0010553598403930664,0.010804831981658936,-0.005298018455505371,0.017158210277557373,1214,1142,,68,0.11,True,False,True
xgb_trees,trees 250,st,11,race_bw,pincp,-0.5086204482738559,-0.29968792935306077,-0.20699890717330227,-0.23605234131705366,-0.2706344952093094,642,1452,,66,0.1,False,False,False
xgb_trees,trees 250,st,11,race_bw,hicov,-0.030167863855204535,-0.026959240436553955,-0.0028107762336730957,-0.0481913685798645,0.01842135190963745,642,1452,,66,0.1,False,True,True
xgb_trees,trees 250,st,11,immigrant,pincp,-0.20919592588855096,-0.09277901656576226,-0.11657361049278059,-0.0308912353439883,-0.17846139171455455,316,2040,,68,0.1,False,False,False
xgb_trees,trees 250,st,11,immigrant,hicov,-0.046624472573839615,-0.02082580327987671,-0.024978816509246826,-0.012440025806427002,-0.03336459398269653,316,2040,,68,0.12,False,False,False
xgb_trees,trees 250,st,12,sex_female,pincp,-0.22696732350444826,0.0008888383652152498,-0.2282322106272936,-0.002896306372230484,-0.22444706588984786,22979,28252,,92,1.1,True,False,True
xgb_trees,trees 250,st,12,sex_female,hicov,0.04205411755614552,0.0028171539306640625,0.03935152292251587,0.0073906779289245605,0.03477799892425537,22979,28252,,92,1.16,False,False,False
xgb_trees,trees 250,st,12,race_bw,pincp,-0.31454446007065684,-0.09522237892525176,-0.21931617642312062,-0.14033825348407802,-0.17420030186429436,6198,41213,,91,1.02,False,False,False
xgb_trees,trees 250,st,12,race_bw,hicov,-0.010981150374180237,-0.02478557825088501,0.013912737369537354,-0.030720412731170654,0.019847571849822998,6198,41213,,91,1.18,False,False,False
xgb_trees,trees 250,st,12,immigrant,pincp,-0.19235966803892168,-0.051054909350249034,-0.14125502559063996,-0.049211285435246666,-0.14309864950564233,12037,39194,,92,1.14,False,False,False
xgb_trees,trees 250,st,12,immigrant,hicov,-0.08944399925169921,-0.03870970010757446,-0.050783634185791016,-0.026310980319976807,-0.06318235397338867,12037,39194,,92,1.19,False,False,False
xgb_trees,trees 250,st,13,sex_female,pincp,-0.2577587064321296,-0.012058270880260125,-0.24607949614095048,-0.019527537666208516,-0.2386102293550021,11957,14978,,92,0.62,False,False,False
xgb_trees,trees 250,st,13,sex_female,hicov,0.040407528990723085,0.0035275816917419434,0.03688454627990723,0.012172579765319824,0.028239548206329346,11957,14978,,92,0.65,False,False,False
xgb_trees,trees 250,st,13,race_bw,pincp,-0.3001484008017652,-0.11150671318415029,-0.18922443170798964,-0.13192876127757636,-0.16880238361456357,6248,18543,,91,0.59,False,False,False
xgb_trees,trees 250,st,13,immigrant,pincp,-0.13744674471266727,-0.030800159097505997,-0.10645347782870651,0.00816420981754895,-0.14541784674376146,3334,23601,,92,0.65,True,False,True
xgb_trees,trees 250,st,13,immigrant,hicov,-0.1524436310144861,-0.0711667537689209,-0.08095890283584595,-0.04283130168914795,-0.1092943549156189,3334,23601,,92,0.68,False,False,False
xgb_trees,trees 250,st,15,sex_female,pincp,-0.20822507750450292,-0.002248980191692951,-0.20634485343086162,0.0013096671634578172,-0.2099035007860124,1861,2153,,87,0.16,True,False,True
xgb_trees,trees 250,st,15,immigrant,pincp,-0.22547582941900401,-0.14795721247756255,-0.0767722574949179,-0.07758697149986382,-0.14714249847261662,811,3203,,87,0.17,False,False,False
xgb_trees,trees 250,st,15,immigrant,hicov,-0.016183964401437767,0.007825970649719238,-0.02441161870956421,-0.0015645027160644531,-0.015021145343780518,811,3203,,87,0.16,True,False,True
xgb_trees,trees 250,st,16,sex_female,pincp,-0.2783884125134932,-0.025381759136360316,-0.25263062971857586,-0.03534631358989948,-0.2426660752650367,1482,2423,,92,0.16,False,False,False
xgb_trees,trees 250,st,16,sex_female,hicov,0.02785997661858386,-0.013065159320831299,0.04174739122390747,0.007341504096984863,0.02134072780609131,1482,2423,,92,0.15,True,False,True
xgb_trees,trees 250,st,16,immigrant,pincp,-0.23283176258720495,-0.17405594925295276,-0.05854180557691713,-0.08483700684968198,-0.1477607479801879,270,3635,,92,0.17,False,False,False
xgb_trees,trees 250,st,16,immigrant,hicov,-0.21530898160884404,-0.06820064783096313,-0.14780282974243164,-0.03193014860153198,-0.1840733289718628,270,3635,,92,0.17,False,False,False
xgb_trees,trees 250,st,17,sex_female,pincp,-0.2669812951341086,-0.004106331488282322,-0.26289040948245557,-0.018622431578100063,-0.24837430939263783,16072,20780,,92,0.8,False,False,False
xgb_trees,trees 250,st,17,sex_female,hicov,0.021942164973691503,-0.0034456849098205566,0.025328218936920166,0.0005492568016052246,0.021333277225494385,16072,20780,,92,0.84,True,False,True
xgb_trees,trees 250,st,17,race_bw,pincp,-0.2526898601930849,-0.11780607929311238,-0.13354896078478262,-0.14449272102157096,-0.10686231905632404,2889,29991,,91,0.77,False,False,False
xgb_trees,trees 250,st,17,race_bw,hicov,-0.010611837064445684,-0.010825753211975098,0.00023376941680908203,-0.011174499988555908,0.0005825161933898926,2889,29991,,91,0.81,False,False,False
xgb_trees,trees 250,st,17,immigrant,pincp,-0.15593137100749743,-0.07335985971863579,-0.08193019626823528,-0.03564557239870503,-0.11964448358816604,5317,31535,,92,0.83,False,False,False
xgb_trees,trees 250,st,17,immigrant,hicov,-0.10988308425168858,-0.04221189022064209,-0.0676194429397583,-0.015489637851715088,-0.0943416953086853,5317,31535,,92,0.89,False,False,False
xgb_trees,trees 250,st,18,sex_female,pincp,-0.27875708923041387,-0.0025240458252095976,-0.27657177859659043,-0.019437467732794644,-0.2596583566890054,7777,10797,,92,0.44,False,False,False
xgb_trees,trees 250,st,18,sex_female,hicov,0.0213776825624451,-0.009099483489990234,0.03055638074874878,-0.007699549198150635,0.02915644645690918,7777,10797,,92,0.54,False,False,False
xgb_trees,trees 250,st,18,race_bw,pincp,-0.2081506916689495,-0.08221621178431171,-0.12592912130805445,-0.12922205459632075,-0.07892327849604541,952,16842,,91,0.45,False,False,False
xgb_trees,trees 250,st,18,race_bw,hicov,-0.02568159433349404,-0.022422850131988525,-0.0031524300575256348,-0.024573981761932373,-0.0010012984275817871,952,16842,,91,0.48,False,False,False
xgb_trees,trees 250,st,18,immigrant,pincp,-0.06084523232568806,0.00644529251229109,-0.06806296199195927,0.01887217427371546,-0.08048984375338364,902,17672,,92,0.46,False,False,False
xgb_trees,trees 250,st,18,immigrant,hicov,-0.12342297535078728,-0.04095512628555298,-0.08198565244674683,-0.018088579177856445,-0.10485219955444336,902,17672,,92,0.46,False,False,False
xgb_trees,trees 250,st,19,sex_female,pincp,-0.2736595145704044,0.016781581548180213,-0.2898376623906245,-3.134928471659748e-05,-0.27302473155772766,4140,5444,,91,0.26,True,False,True
xgb_trees,trees 250,st,19,sex_female,hicov,0.016002371089743006,-0.0038982629776000977,0.02005380392074585,0.0021410584449768066,0.014014482498168945,4140,5444,,91,0.27,True,False,True
xgb_trees,trees 250,st,19,race_bw,pincp,-0.24415269307218423,0.0016823152637108763,-0.24629693230965444,-0.06129739823105851,-0.18331721881488505,111,9195,,90,0.27,True,False,True
xgb_trees,trees 250,st,19,race_bw,hicov,-0.03685316638008318,-0.005094945430755615,-0.03163456916809082,-0.03151512145996094,-0.005214393138885498,111,9195,,90,0.25,False,False,False
xgb_trees,trees 250,st,19,immigrant,pincp,-0.17885441342499675,-0.04936890792680515,-0.13075320919462285,-0.02026504069726265,-0.15985707642416536,337,9247,,91,0.27,False,False,False
xgb_trees,trees 250,st,19,immigrant,hicov,-0.09074592802413417,-0.024402499198913574,-0.06606364250183105,-0.008287012577056885,-0.08217912912368774,337,9247,,91,0.27,False,False,False
xgb_trees,trees 250,st,2,sex_female,pincp,-0.2467624061895748,0.008069004297141191,-0.25681316487481176,-0.03212093113957515,-0.21662322943809542,633,751,,78,0.09,True,False,True
xgb_trees,trees 250,st,2,sex_female,hicov,0.016433065549251835,-0.023764431476593018,0.03994011878967285,0.010792970657348633,0.005382716655731201,633,751,,78,0.11,True,False,True
xgb_trees,trees 250,st,2,immigrant,pincp,-0.4029133360731656,-0.2550362008208129,-0.14554600309981147,-0.10329019254906768,-0.2972920113715567,138,1246,,78,0.08,False,False,False
xgb_trees,trees 250,st,2,immigrant,hicov,-0.051969199990694825,-0.06948363780975342,0.015218675136566162,-0.07851505279541016,0.0242500901222229,138,1246,,78,0.1,False,False,False
xgb_trees,trees 250,st,20,sex_female,pincp,-0.2804944645361651,0.010856980359433166,-0.2909992903427092,0.009660006597128401,-0.28980231658040445,3580,4753,,92,0.24,False,False,False
xgb_trees,trees 250,st,20,sex_female,hicov,0.028491913957312542,-0.008317232131958008,0.036858320236206055,0.006982922554016113,0.021558165550231934,3580,4753,,92,0.26,True,False,True
xgb_trees,trees 250,st,20,race_bw,pincp,-0.17290278528006198,-0.10692045856717769,-0.06553121612006052,-0.1191518519813819,-0.053299822705856315,235,7590,,91,0.23,False,False,False
xgb_trees,trees 250,st,20,race_bw,hicov,-0.07053233537969883,-0.003899693489074707,-0.06713598966598511,-0.014661788940429688,-0.05637389421463013,235,7590,,91,0.23,False,False,False
xgb_trees,trees 250,st,20,immigrant,pincp,-0.16134057531916035,-0.09179683889104417,-0.07002696375376516,-0.0516706541446279,-0.11015314850018143,556,7777,,92,0.25,False,False,False
xgb_trees,trees 250,st,20,immigrant,hicov,-0.12007737258823514,-0.039263367652893066,-0.08132636547088623,-0.03495126962661743,-0.08563846349716187,556,7777,,92,0.23,False,False,False
xgb_trees,trees 250,st,21,sex_female,pincp,-0.27344839490346473,0.008092325490300922,-0.2807699600589224,-0.010591942136347399,-0.2620856924322741,5168,6566,,92,0.31,True,False,True
xgb_trees,trees 250,st,21,sex_female,hicov,0.018908447118046068,-0.003812074661254883,0.02249079942703247,0.0009479522705078125,0.017730772495269775,5168,6566,,92,0.32,True,False,True
xgb_trees,trees 250,st,21,race_bw,pincp,-0.26856783080580726,-0.14880233483107475,-0.11933835699785256,-0.13948531860790858,-0.12865537322101872,647,10738,,91,0.32,False,False,False
xgb_trees,trees 250,st,21,immigrant,pincp,-0.07145706307004751,0.0073406145266901035,-0.07853068066969549,0.03069916696397179,-0.10188923310697717,445,11289,,92,0.3,False,False,False
xgb_trees,trees 250,st,21,immigrant,hicov,-0.12914371253313106,-0.042840003967285156,-0.0867154598236084,-0.012310802936553955,-0.1172446608543396,445,11289,,92,0.33,False,False,False
xgb_trees,trees 250,st,22,sex_female,pincp,-0.3786737215261695,-0.020293132608200537,-0.35770118046558785,-0.07343926196121231,-0.3045550511125761,5065,5961,,92,0.31,False,False,False
xgb_trees,trees 250,st,22,sex_female,hicov,0.02384849994857985,-0.008557379245758057,0.0325624942779541,-0.0018880367279052734,0.02589315176010132,5065,5961,,92,0.3,False,False,False
xgb_trees,trees 250,st,22,race_bw,pincp,-0.3835029925119162,-0.17346831518297634,-0.20936135143049128,-0.17943281360657615,-0.20339685300689148,2477,8026,,91,0.28,False,False,False
xgb_trees,trees 250,st,22,race_bw,hicov,-0.029161130645144806,-0.03161346912384033,0.0022774934768676758,-0.03271591663360596,0.0033799409866333008,2477,8026,,91,0.3,False,False,False
xgb_trees,trees 250,st,22,immigrant,pincp,-0.12196761308323723,-0.014279781196677277,-0.10700413130155084,0.008194289927232035,-0.12947820242546015,503,10523,,92,0.29,True,False,True
xgb_trees,trees 250,st,22,immigrant,hicov,-0.16816652116191944,-0.09207004308700562,-0.07536673545837402,-0.05026024580001831,-0.11717653274536133,503,10523,,92,0.31,False,False,False
xgb_trees,trees 250,st,23,sex_female,pincp,-0.19825235908339245,0.01314869524992801,-0.21106516895387095,0.010142953892467332,-0.20805942759641027,1463,1847,,89,0.15,False,False,False
xgb_trees,trees 250,st,23,sex_female,hicov,0.02401966426130797,0.004956245422363281,0.018260478973388672,0.008509695529937744,0.014707028865814209,1463,1847,,89,0.16,False,False,False
xgb_trees,trees 250,st,23,immigrant,pincp,0.01777096885950158,-0.05138424403303965,0.07289792802202122,0.03484675461436204,-0.013333070625380472,103,3207,,89,0.12,True,True,True
xgb_trees,trees 250,st,23,immigrant,hicov,0.013819890349084707,0.005737125873565674,0.008128225803375244,-0.00981813669204712,0.023683488368988037,103,3207,,89,0.15,True,False,True
xgb_trees,trees 250,st,24,sex_female,pincp,-0.21181734877639613,-0.012310185740632917,-0.19970512827601894,-0.03100305115588675,-0.1810122628607651,8713,10246,,92,0.48,False,False,False
xgb_trees,trees 250,st,24,sex_female,hicov,0.020371533298194855,0.0025366544723510742,0.018017292022705078,0.008804261684417725,0.011749684810638428,8713,10246,,92,0.51,False,False,False
xgb_trees,trees 250,st,24,race_bw,pincp,-0.24287667447884864,-0.09822724990962683,-0.14425113541125434,-0.135426530783878,-0.10705185453700317,4610,12209,,91,0.41,False,False,False
xgb_trees,trees 250,st,24,immigrant,pincp,-0.15568432450642078,-0.050513083883791055,-0.10543795319563998,-0.014089682892645783,-0.14186135418678525,3231,15728,,92,0.47,False,False,False
xgb_trees,trees 250,st,24,immigrant,hicov,-0.09323396376594617,-0.03409785032272339,-0.059302449226379395,-0.017415285110473633,-0.07598501443862915,3231,15728,,92,0.46,False,False,False
xgb_trees,trees 250,st,25,sex_female,pincp,-0.24144678808740672,-0.010628235388175256,-0.23126596356848417,-0.048310902763654795,-0.19358329619300463,9062,11429,,92,0.5,False,False,False
xgb_trees,trees 250,st,25,race_bw,pincp,-0.3719536144677207,-0.19889002805596334,-0.17327256440785632,-0.2151160974197186,-0.15704649504410106,1013,17304,,91,0.43,False,False,False
xgb_trees,trees 250,st,25,race_bw,hicov,-0.02695569022038513,-0.016611993312835693,-0.010949015617370605,-0.01629471778869629,-0.01126629114151001,1013,17304,,91,0.51,False,False,False
xgb_trees,trees 250,st,25,immigrant,pincp,-0.14461822017134907,-0.07497045562189086,-0.06948114077098921,-0.06305704595661865,-0.08139455043626143,3687,16804,,92,0.48,False,False,False
xgb_trees,trees 250,st,25,immigrant,hicov,-0.027022590162996685,-0.01021665334701538,-0.01674520969390869,-0.004921078681945801,-0.02204078435897827,3687,16804,,92,0.53,False,False,False
xgb_trees,trees 250,st,26,sex_female,pincp,-0.24651994082032935,0.000504262044346504,-0.24699063529063991,-0.017926721725642025,-0.22855965152065139,10790,14934,,92,0.57,True,False,True
xgb_trees,trees 250,st,26,sex_female,hicov,0.019076658955257342,-0.0038534998893737793,0.02296680212020874,-0.0025779008865356445,0.021691203117370605,10790,14934,,92,0.62,False,False,False
xgb_trees,trees 250,st,26,race_bw,pincp,-0.2167167997666084,-0.08550903123847853,-0.13208022072814707,-0.1213846332482067,-0.0962046187184189,1695,22671,,91,0.6,False,False,False
xgb_trees,trees 250,st,26,race_bw,hicov,-0.01643165823712256,-0.022236347198486328,0.006026327610015869,-0.01850980520248413,0.002299785614013672,1695,22671,,91,0.64,False,False,False
xgb_trees,trees 250,st,26,immigrant,pincp,0.11652478612974271,0.14057758592374014,-0.023432800305002388,0.14943559980620513,-0.032290814187467376,1631,24093,,92,0.64,False,False,False
xgb_trees,trees 250,st,26,immigrant,hicov,-0.03729620884818308,0.023514628410339355,-0.06110668182373047,0.003097355365753174,-0.04068940877914429,1631,24093,,92,0.63,False,False,False
xgb_trees,trees 250,st,27,sex_female,pincp,-0.22993728022987447,0.007596853792595226,-0.23749247374591853,0.007236843488271916,-0.23713246344159522,7010,9668,,92,0.41,False,False,False
xgb_trees,trees 250,st,27,sex_female,hicov,0.017500090006769664,0.0023272037506103516,0.01537775993347168,0.0016558170318603516,0.01604914665222168,7010,9668,,92,0.44,False,False,False
xgb_trees,trees 250,st,27,race_bw,pincp,-0.270576940371841,-0.20377939945115564,-0.06502423778780475,-0.09810830441047536,-0.17069533282848504,307,15438,,91,0.4,False,False,False
xgb_trees,trees 250,st,27,race_bw,hicov,-0.05278400562426233,-0.0441436767578125,-0.007645249366760254,-0.045244574546813965,-0.006544351577758789,307,15438,,91,0.44,False,False,False
xgb_trees,trees 250,st,27,immigrant,pincp,-0.13052885294286476,-0.033499380660751754,-0.09628136635188334,-0.015129393043505246,-0.11465135396912984,860,15818,,92,0.44,False,False,False
xgb_trees,trees 250,st,27,immigrant,hicov,-0.07335990496549405,-0.004203975200653076,-0.06945627927780151,-0.022806167602539062,-0.05085408687591553,860,15818,,92,0.43,False,False,False
xgb_trees,trees 250,st,28,sex_female,pincp,-0.31134078456686076,0.0023692717336718516,-0.3133035557249837,-0.033685714313337556,-0.2772485696779743,3262,3776,,92,0.23,True,False,True
xgb_trees,trees 250,st,28,sex_female,hicov,0.03289857397458151,-0.006811320781707764,0.03996080160140991,0.009505152702331543,0.023644328117370605,3262,3776,,92,0.23,True,False,True
xgb_trees,trees 250,st,28,race_bw,pincp,-0.3900275817952199,-0.10821839339743988,-0.2824788213506917,-0.14028252022429655,-0.250414694523835,2102,4731,,91,0.21,False,False,False
xgb_trees,trees 250,st,28,race_bw,hicov,-0.022910712407444356,-0.03536248207092285,0.011890888214111328,-0.03677809238433838,0.013306498527526855,2102,4731,,91,0.21,False,False,False
xgb_trees,trees 250,st,28,immigrant,pincp,-0.13604796160766774,0.006099845382252056,-0.14325369165002577,-0.027273721817413943,-0.10988012445035977,189,6849,,92,0.21,True,False,True
xgb_trees,trees 250,st,28,immigrant,hicov,-0.20993679994994052,-0.09693235158920288,-0.11242443323135376,-0.04925256967544556,-0.16010421514511108,189,6849,,92,0.23,False,False,False
xgb_trees,trees 250,st,29,sex_female,pincp,-0.27515273629759385,-0.0038329425206633516,-0.2710184030063658,-0.006397729562793941,-0.2684536159642352,7601,9533,,92,0.38,False,False,False
xgb_trees,trees 250,st,29,sex_female,hicov,0.01863879096443022,-0.008987903594970703,0.027234554290771484,0.0006461739540100098,0.01760047674179077,7601,9533,,92,0.45,True,False,True
xgb_trees,trees 250,st,29,race_bw,pincp,-0.1991943295278631,-0.08868261304025182,-0.11063139715918169,-0.1193417430485546,-0.0799722671508789,1153,15279,,91,0.44,False,False,False
xgb_trees,trees 250,st,29,immigrant,hicov,-0.07705422012447072,-0.01413947343826294,-0.06290847063064575,-0.009475886821746826,-0.06757205724716187,742,16392,,92,0.47,False,False,False
xgb_trees,trees 250,st,30,sex_female,pincp,-0.28979446174989043,0.038698204884809684,-0.32767982096285486,0.004807734404733921,-0.2937893504827791,1065,1480,,90,0.12,False,False,False
xgb_trees,trees 250,st,31,sex_female,pincp,-0.281439103191774,0.014616142422250178,-0.29625165083484184,-0.0025696951296882986,-0.27906581328290336,2516,3334,,92,0.18,True,False,True
xgb_trees,trees 250,st,31,race_bw,pincp,-0.2017146058405448,-0.07954211408967993,-0.12024164863072606,-0.11288079970719878,-0.08690296301320721,119,5464,,91,0.21,False,False,False
xgb_trees,trees 250,st,31,race_bw,hicov,-0.06312363891383777,-0.03114771842956543,-0.029549598693847656,-0.033545613288879395,-0.02715170383453369,119,5464,,91,0.2,False,False,False
xgb_trees,trees 250,st,31,immigrant,pincp,-0.30890042652009875,-0.1016098619845689,-0.20833029677629433,-0.10304045178892274,-0.2068997069719405,283,5567,,92,0.21,False,False,False
xgb_trees,trees 250,st,31,immigrant,hicov,-0.1141031101372868,-0.03134024143218994,-0.0844845175743103,-0.037420690059661865,-0.07840406894683838,283,5567,,92,0.19,False,False,False
xgb_trees,trees 250,st,32,sex_female,pincp,-0.22430918693346769,0.019604225888006255,-0.24343451776448077,0.006373390555244995,-0.23020368243171951,3203,4225,,91,0.22,False,False,False
xgb_trees,trees 250,st,32,sex_female,hicov,0.04386575455333108,-0.004442989826202393,0.048208653926849365,0.007794439792633057,0.035971224308013916,3203,4225,,91,0.25,True,False,True
xgb_trees,trees 250,st,32,race_bw,pincp,-0.22144703617116335,-0.07698398702822828,-0.14237651525845152,-0.10303600432787263,-0.11632449795880717,508,5229,,90,0.19,False,False,False
xgb_trees,trees 250,st,32,race_bw,hicov,0.01350433605437873,-0.023775577545166016,0.03637295961380005,-0.0018573999404907227,0.014454782009124756,508,5229,,90,0.21,False,False,False
xgb_trees,trees 250,st,32,immigrant,pincp,-0.30383233352831596,-0.11867238636223298,-0.18548533537132172,-0.1379862142853412,-0.16617150744821352,1872,5556,,91,0.26,False,False,False
xgb_trees,trees 250,st,32,immigrant,hicov,-0.1171244761957504,-0.04728806018829346,-0.06959950923919678,-0.024944007396697998,-0.09194356203079224,1872,5556,,91,0.24,False,False,False
xgb_trees,trees 250,st,33,sex_female,pincp,-0.2749833742141927,0.006808797732592353,-0.2825081688468245,-0.004456743151019182,-0.27124262796321297,1775,2482,,92,0.18,True,False,True
xgb_trees,trees 250,st,33,sex_female,hicov,0.02131947202959905,-0.0034013986587524414,0.024648070335388184,0.005422770977020264,0.01582390069961548,1775,2482,,92,0.18,True,False,True
xgb_trees,trees 250,st,33,immigrant,pincp,-0.01960434517791043,-0.008337752461438086,-0.014434423691913167,0.09339423415849524,-0.11616641031184649,213,4044,,92,0.18,True,False,True
xgb_trees,trees 250,st,34,sex_female,pincp,-0.27959417182269064,-0.01289879235907243,-0.26603917653818954,-0.046922337822753235,-0.23201563107450873,11310,14947,,92,0.63,False,False,False
xgb_trees,trees 250,st,34,sex_female,hicov,0.026453037100081955,-0.0032353997230529785,0.029590845108032227,0.0024418234825134277,0.02391362190246582,11310,14947,,92,0.68,True,False,True
xgb_trees,trees 250,st,34,race_bw,pincp,-0.3485279411658162,-0.13762800871526437,-0.21037718723845522,-0.18871388029110214,-0.15929131566261745,2450,19368,,91,0.58,False,False,False
xgb_trees,trees 250,st,34,immigrant,pincp,-0.18133677494972034,-0.041984317565230356,-0.1388257053188049,-0.05174376562860061,-0.12906625725543464,6979,19278,,92,0.56,False,False,False
xgb_trees,trees 250,st,34,immigrant,hicov,-0.1122939833089891,-0.040205955505371094,-0.07199752330780029,-0.017138779163360596,-0.09506469964981079,6979,19278,,92,0.67,False,False,False
xgb_trees,trees 250,st,35,sex_female,pincp,-0.19025334313377584,0.0286289129435211,-0.21854488739747602,-0.026221956836678828,-0.1636940176172761,2064,2495,,90,0.17,True,False,True
xgb_trees,trees 250,st,35,sex_female,hicov,0.027719392272917864,-0.012439548969268799,0.03956252336502075,0.01253896951675415,0.014584004878997803,2064,2495,,90,0.17,True,False,True
xgb_trees,trees 250,st,35,race_bw,pincp,-0.15214511430401068,-0.09405670275125111,-0.05428142874848518,-0.00582185299085225,-0.14251627850888404,67,3264,,88,0.13,False,False,False
xgb_trees,trees 250,st,35,immigrant,pincp,-0.22003643556194064,-0.10667647906133482,-0.11291818110179364,-0.05853364571523478,-0.16106101444789367,490,4069,,90,0.19,False,False,False
xgb_trees,trees 250,st,35,immigrant,hicov,-0.16557044051338898,-0.09033119678497314,-0.07528811693191528,-0.02740877866744995,-0.13821053504943848,490,4069,,90,0.18,False,False,False
xgb_trees,trees 250,st,36,sex_female,pincp,-0.2004874804493344,0.025697460328528265,-0.22593889164347658,-0.0016860506146336718,-0.19855538070031464,24821,30289,,92,1.22,True,False,True
xgb_trees,trees 250,st,36,sex_female,hicov,0.03008149330087584,0.003439962863922119,0.02663630247116089,0.010021209716796875,0.020055055618286133,24821,30289,,92,1.32,False,False,False
xgb_trees,trees 250,st,36,race_bw,pincp,-0.27242488117953023,-0.11536643660426904,-0.1568340675819595,-0.1677082609366103,-0.10449224324961826,6432,39884,,91,1.1,False,False,False
xgb_trees,trees 250,st,36,race_bw,hicov,-0.021661153788773424,-0.01811826229095459,-0.003700554370880127,-0.029446780681610107,0.007627964019775391,6432,39884,,91,1.2,False,True,True
xgb_trees,trees 250,st,36,immigrant,pincp,-0.16921449805576216,-0.12915353205392854,-0.04017070131423317,-0.08552005181496014,-0.08380418155320157,13520,41590,,92,1.21,False,False,False
xgb_trees,trees 250,st,36,immigrant,hicov,-0.08273276675236285,-0.02620595693588257,-0.05686229467391968,-0.017826855182647705,-0.06524139642715454,13520,41590,,92,1.36,False,False,False
xgb_trees,trees 250,st,37,sex_female,pincp,-0.2513797037125798,-0.0105522422513733,-0.2404096593041416,-0.027508345610831597,-0.2234535559446833,11762,14924,,92,0.65,False,False,False
xgb_trees,trees 250,st,37,sex_female,hicov,0.026121671345438635,-0.0025787353515625,0.028783082962036133,0.008016824722290039,0.018187522888183594,11762,14924,,92,0.77,True,False,True
xgb_trees,trees 250,st,37,race_bw,pincp,-0.3428412819155735,-0.11378246436474448,-0.2284587489195271,-0.14942146853613814,-0.19281974474813346,4251,20487,,91,0.66,False,False,False
xgb_trees,trees 250,st,37,race_bw,hicov,-0.020227158183069305,-0.02335798740386963,0.00279998779296875,-0.020334064960479736,-0.00022393465042114258,4251,20487,,91,0.67,False,True,True
xgb_trees,trees 250,st,37,immigrant,pincp,-0.10334814145842763,-0.03542795928535547,-0.0676222548367349,-0.0048261897499983775,-0.09822402437209199,2369,24317,,92,0.68,False,False,False
xgb_trees,trees 250,st,37,immigrant,hicov,-0.16151536030195512,-0.0863502025604248,-0.07496309280395508,-0.04643821716308594,-0.11487507820129395,2369,24317,,92,0.73,False,False,False
xgb_trees,trees 250,st,38,sex_female,pincp,-0.40017355186717296,-0.02618347661081266,-0.37280441206053894,-0.01932974889540695,-0.37965813977594465,943,1416,,88,0.13,False,False,False
xgb_trees,trees 250,st,38,sex_female,hicov,0.016556727836991025,-0.007841706275939941,0.024355828762054443,0.009274721145629883,0.007239401340484619,943,1416,,88,0.16,True,False,True
xgb_trees,trees 250,st,38,immigrant,pincp,-0.05300269840215499,-0.21648238567278533,0.1596230274719712,-0.040966261846344665,-0.01589309635446945,67,2292,,88,0.13,False,True,True
xgb_trees,trees 250,st,38,immigrant,hicov,-0.01301737386366586,0.01148676872253418,-0.021792232990264893,-0.021474480628967285,0.011169016361236572,67,2292,,88,0.12,True,True,True
xgb_trees,trees 250,st,39,sex_female,pincp,-0.26401311233596125,-0.000290533167708773,-0.2639612276830299,-0.019717263621830128,-0.24453449722890852,14095,18698,,92,0.74,False,False,False
xgb_trees,trees 250,st,39,sex_female,hicov,0.017501789330388817,-0.0060936808586120605,0.023418724536895752,-0.003303229808807373,0.020628273487091064,14095,18698,,92,0.77,False,False,False
xgb_trees,trees 250,st,39,race_bw,pincp,-0.24536897415986836,-0.10292970204636198,-0.14207919673913239,-0.11969099440454833,-0.12531790438094603,2358,29190,,91,0.76,False,False,False
xgb_trees,trees 250,st,39,race_bw,hicov,-0.01722050930684027,-0.015510737895965576,-0.0016660094261169434,-0.020729124546051025,0.003552377223968506,2358,29190,,91,0.75,False,True,True
xgb_trees,trees 250,st,39,immigrant,pincp,0.048812748806545514,0.09956950314833435,-0.05044514282319845,0.1145435733368565,-0.0654192130117206,1377,31416,,92,0.71,False,False,False
xgb_trees,trees 250,st,39,immigrant,hicov,-0.04787251600977094,0.0017026662826538086,-0.04951322078704834,-0.0003638267517089844,-0.04744672775268555,1377,31416,,92,0.83,True,False,True
xgb_trees,trees 250,st,4,sex_female,pincp,-0.23532286018952853,-0.016428567813102646,-0.21928451768369506,-0.043230042271908076,-0.19248304322488963,7274,9525,,92,0.43,False,False,False
xgb_trees,trees 250,st,4,sex_female,hicov,0.028002182295263744,-0.0078582763671875,0.03595656156539917,0.008127868175506592,0.019970417022705078,7274,9525,,92,0.42,True,False,True
xgb_trees,trees 250,st,4,race_bw,pincp,-0.23746491036643214,-0.08409768019863328,-0.1545487724061516,-0.07865124202297302,-0.15999521058181188,580,13266,,91,0.34,False,False,False
xgb_trees,trees 250,st,4,immigrant,pincp,-0.22653950430917114,-0.07618831133468618,-0.14995759539805142,-0.08595648444891602,-0.14018942228382159,2617,14182,,92,0.44,False,False,False
xgb_trees,trees 250,st,4,immigrant,hicov,-0.12441581133134316,-0.04800909757614136,-0.07603520154953003,-0.03617829084396362,-0.08786600828170776,2617,14182,,92,0.46,False,False,False
xgb_trees,trees 250,st,40,sex_female,pincp,-0.29664627375391106,0.0023894965689787995,-0.298473813666309,-0.009181824330806165,-0.286902492766524,4029,5523,,92,0.28,True,False,True
xgb_trees,trees 250,st,40,sex_female,hicov,0.0268521712963955,-0.007861793041229248,0.03478652238845825,0.01595485210418701,0.010969877243041992,4029,5523,,92,0.29,True,False,True
xgb_trees,trees 250,st,40,race_bw,pincp,-0.2351882977597448,-0.07049751857002917,-0.16591706979106924,-0.11068658204094817,-0.12572800632015024,446,7317,,91,0.25,False,False,False
xgb_trees,trees 250,st,40,immigrant,pincp,-0.21193833439191856,-0.04474257904847079,-0.16726622320695128,-0.04638068806281659,-0.16562811419260548,556,8996,,92,0.28,False,False,False
xgb_trees,trees 250,st,40,immigrant,hicov,-0.21967477152115567,-0.0719943642616272,-0.14760160446166992,-0.08644789457321167,-0.13314807415008545,556,8996,,92,0.28,False,False,False
xgb_trees,trees 250,st,41,sex_female,pincp,-0.2149141704901094,0.008431055084788142,-0.2229692313846865,-0.007098380290475603,-0.20743979600942275,4421,6132,,91,0.29,True,False,True
xgb_trees,trees 250,st,41,sex_female,hicov,0.019092850303944253,-0.0007500052452087402,0.020009636878967285,0.00584864616394043,0.013410985469818115,4421,6132,,91,0.3,True,False,True
xgb_trees,trees 250,st,41,race_bw,pincp,-0.25634392603690337,-0.042187666768397136,-0.2152897859007048,-0.06910057461501573,-0.1883768780540862,131,9171,,90,0.26,False,False,False
xgb_trees,trees 250,st,41,race_bw,hicov,0.014280827134320662,-0.011831223964691162,0.026771962642669678,-0.019571244716644287,0.0345119833946228,131,9171,,90,0.3,False,False,False
xgb_trees,trees 250,st,41,immigrant,pincp,-0.14781387524339173,-0.05011902622431741,-0.09693143288099293,-0.02854417548193844,-0.1185062836233719,1186,9367,,91,0.32,False,False,False
xgb_trees,trees 250,st,41,immigrant,hicov,-0.06071924489673575,-0.027437448501586914,-0.03293037414550781,-0.017503559589385986,-0.04286426305770874,1186,9367,,91,0.3,False,False,False
xgb_trees,trees 250,st,42,sex_female,pincp,-0.2608191999909497,0.013032789943343559,-0.27419497250567737,-0.01618542687434754,-0.24497675568798627,15681,20483,,92,0.81,True,False,True
xgb_trees,trees 250,st,42,sex_female,hicov,0.02210470837581824,-0.00513768196105957,0.02721405029296875,0.0005877017974853516,0.021488666534423828,15681,20483,,92,0.85,True,False,True
xgb_trees,trees 250,st,42,race_bw,pincp,-0.18461695160788594,-0.0953942954192577,-0.08936152093634675,-0.12452059406298766,-0.0602352222926168,1775,32726,,91,0.8,False,False,False
xgb_trees,trees 250,st,42,race_bw,hicov,-0.02623379954603866,-0.022853732109069824,-0.0034279823303222656,-0.012117624282836914,-0.014164090156555176,1775,32726,,91,0.78,False,False,False
xgb_trees,trees 250,st,42,immigrant,pincp,0.01895036834457109,0.023902546166494787,-0.004271978237646579,0.07522344424425143,-0.05559287631540322,2085,34079,,92,0.78,False,False,False
xgb_trees,trees 250,st,42,immigrant,hicov,-0.05231362901110781,-0.005686461925506592,-0.04645860195159912,-0.00652921199798584,-0.04561585187911987,2085,34079,,92,0.82,False,False,False
xgb_trees,trees 250,st,44,sex_female,pincp,-0.2343378528442699,0.03890929419073075,-0.2724075694233079,0.039445570936830876,-0.27294384616940803,1329,1569,,88,0.12,False,False,False
xgb_trees,trees 250,st,44,sex_female,hicov,0.019553510668755658,-0.00365293025970459,0.02345120906829834,-0.0015363693237304688,0.02133464813232422,1329,1569,,88,0.14,False,False,False
xgb_trees,trees 250,st,44,race_bw,pincp,-0.2926052160795276,-0.0625077022245506,-0.22988219327528547,-0.14055477955536766,-0.1518351159444684,123,2515,,87,0.14,False,False,False
xgb_trees,trees 250,st,44,immigrant,pincp,-0.24674267801177407,-0.1593203828226546,-0.08601609098837848,-0.10892430641638207,-0.136412167394651,463,2435,,88,0.15,False,False,False
xgb_trees,trees 250,st,44,immigrant,hicov,-0.05373667847845276,-0.03974801301956177,-0.012642264366149902,-0.006791591644287109,-0.04559868574142456,463,2435,,88,0.13,False,False,False
xgb_trees,trees 250,st,45,sex_female,pincp,-0.2785360372270027,-0.029536565208770682,-0.2488497176946094,-0.04127491009728956,-0.23711137280609051,5691,7032,,92,0.32,False,False,False
xgb_trees,trees 250,st,45,sex_female,hicov,0.032366685197812495,-0.00502246618270874,0.037421584129333496,0.006921589374542236,0.02547752857208252,5691,7032,,92,0.34,True,False,True
xgb_trees,trees 250,st,45,race_bw,pincp,-0.3830184381611712,-0.1270883022454221,-0.2564792644912117,-0.16100839184955795,-0.22255917488707588,2541,9653,,91,0.35,False,False,False
xgb_trees,trees 250,st,45,race_bw,hicov,-0.01027585594795033,-0.024795174598693848,0.01451265811920166,-0.027331829071044922,0.017049312591552734,2541,9653,,91,0.38,False,False,False
xgb_trees,trees 250,st,45,immigrant,pincp,-0.08057504916947344,-0.11270454280897191,0.031105975897707694,-0.005159623730795815,-0.0764389431804684,654,12069,,92,0.33,False,True,True
xgb_trees,trees 250,st,45,immigrant,hicov,-0.20226282970777365,-0.11274993419647217,-0.08969098329544067,-0.05082070827484131,-0.15162020921707153,654,12069,,92,0.36,False,False,False
xgb_trees,trees 250,st,46,sex_female,pincp,-0.2908753073247148,-0.01123555413177968,-0.27738274048446065,-0.004904144443164782,-0.28371415017307555,1104,1489,,87,0.13,False,False,False
xgb_trees,trees 250,st,46,sex_female,hicov,0.02619511684721776,-0.008906841278076172,0.034883737564086914,-0.0010797381401062012,0.027056634426116943,1104,1489,,87,0.12,False,False,False
xgb_trees,trees 250,st,46,immigrant,pincp,-0.23296569506982934,-0.0037856194338612426,-0.2241761536590623,-0.10171716618311066,-0.12624460690981287,77,2516,,87,0.13,False,False,False
xgb_trees,trees 250,st,46,immigrant,hicov,-0.05143187496128676,-0.055206894874572754,0.005747735500335693,-0.13799834251403809,0.08853918313980103,77,2516,,87,0.13,False,False,False
xgb_trees,trees 250,st,47,sex_female,pincp,-0.2515418813310255,0.010137912725801002,-0.2611967505379962,-0.004863270033897749,-0.24619556777829743,7731,9938,,92,0.41,True,False,True
xgb_trees,trees 250,st,47,sex_female,hicov,0.03620466553737811,0.0013676881790161133,0.03476357460021973,0.012642264366149902,0.023488998413085938,7731,9938,,92,0.5,False,False,False
xgb_trees,trees 250,st,47,race_bw,pincp,-0.24291613774690468,-0.10688334721864834,-0.13599741674761567,-0.12658238221941787,-0.11629838174684615,2084,14855,,91,0.43,False,False,False
xgb_trees,trees 250,st,47,race_bw,hicov,-0.019212108604546363,-0.023100674152374268,0.002927243709564209,-0.01796412467956543,-0.002209305763244629,2084,14855,,91,0.46,False,True,True
xgb_trees,trees 250,st,47,immigrant,pincp,-0.12017643285205182,-0.04862044467483173,-0.07073703960638866,-0.009768845695862893,-0.1095886385853575,982,16687,,92,0.42,False,False,False
xgb_trees,trees 250,st,47,immigrant,hicov,-0.22928094933956544,-0.09965014457702637,-0.1297728419303894,-0.03631770610809326,-0.1931052803993225,982,16687,,92,0.44,False,False,False
xgb_trees,trees 250,st,48,sex_female,pincp,-0.280056055773656,-0.011204905182301772,-0.2685648727842018,-0.031701483521059615,-0.24806829444544398,31110,42184,,92,1.56,False,False,False
xgb_trees,trees 250,st,48,sex_female,hicov,0.05040712336269337,-0.003599226474761963,0.05379343032836914,0.02295827865600586,0.02723592519760132,31110,42184,,92,1.56,True,False,True
xgb_trees,trees 250,st,48,race_bw,pincp,-0.2224747386930428,-0.07465873139454438,-0.14765298375430014,-0.0926444179454684,-0.1296672972033761,6632,57703,,91,1.45,False,False,False
xgb_trees,trees 250,st,48,race_bw,hicov,0.020478520087899965,-0.009380459785461426,0.02977883815765381,0.0003617405891418457,0.020036637783050537,6632,57703,,91,1.49,True,False,True
xgb_trees,trees 250,st,48,immigrant,pincp,-0.24244797762234072,-0.07535820975441077,-0.16709815013434515,-0.0709805567538826,-0.17147580313487332,14045,59249,,92,1.64,False,False,False
xgb_trees,trees 250,st,48,immigrant,hicov,-0.18640997892927536,-0.09582865238189697,-0.09055739641189575,-0.05817979574203491,-0.1282062530517578,14045,59249,,92,1.65,False,False,False
xgb_trees,trees 250,st,49,sex_female,pincp,-0.3688677720811935,-0.047896460525871376,-0.3205839159460204,-0.07456833165531584,-0.29391204481657596,2631,4858,,91,0.22,False,False,False
xgb_trees,trees 250,st,49,sex_female,hicov,0.016111383121001355,-0.01532125473022461,0.03177672624588013,-0.0162925124168396,0.03274798393249512,2631,4858,,91,0.25,False,False,False
xgb_trees,trees 250,st,49,race_bw,pincp,-0.3013406887576444,-0.3408518371787874,0.03749766163829449,-0.12307636879927308,-0.18027780674121985,54,6795,,90,0.2,False,True,True
xgb_trees,trees 250,st,49,immigrant,pincp,-0.33821703312701956,-0.1875028820292357,-0.1501122435190645,-0.15743744962776063,-0.18017767592053957,677,6812,,91,0.24,False,False,False
xgb_trees,trees 250,st,49,immigrant,hicov,-0.16394736545378696,-0.04790371656417847,-0.11598551273345947,-0.0539170503616333,-0.10997217893600464,677,6812,,91,0.26,False,False,False
xgb_trees,trees 250,st,5,sex_female,pincp,-0.2661997987464133,-0.015400167004845144,-0.25178845461704213,0.002171663082108921,-0.2693602847039962,3295,4129,,92,0.25,True,False,True
xgb_trees,trees 250,st,5,sex_female,hicov,0.0323388622831734,-0.0034380555152893066,0.03574192523956299,0.011107563972473145,0.021196305751800537,3295,4129,,92,0.23,True,False,True
xgb_trees,trees 250,st,5,race_bw,pincp,-0.2823326565036659,-0.10830083719590711,-0.17435282619960013,-0.11157786030945616,-0.17107580308605108,802,6230,,91,0.2,False,False,False
xgb_trees,trees 250,st,5,immigrant,pincp,-0.24308967053588226,-0.04163907417927959,-0.20075349266695497,-0.051668130566781656,-0.1907244362794529,391,7033,,92,0.22,False,False,False
xgb_trees,trees 250,st,5,immigrant,hicov,-0.14289813131590456,-0.023986756801605225,-0.11867117881774902,-0.028426766395568848,-0.1142311692237854,391,7033,,92,0.23,False,False,False
xgb_trees,trees 250,st,50,sex_female,pincp,-0.14022086869054817,0.036423461198243245,-0.17715317544306153,0.07973060885610117,-0.22046032310091945,852,1028,,86,0.13,False,False,False
xgb_trees,trees 250,st,50,sex_female,hicov,0.029192013298989794,-0.0031405091285705566,0.031829237937927246,0.0056234002113342285,0.02306532859802246,852,1028,,86,0.15,True,False,True
xgb_trees,trees 250,st,50,immigrant,pincp,0.08646994507348538,0.018933978384275463,0.07048309917565376,0.018591922895842217,0.07082515466408701,61,1819,,86,0.13,False,False,False
xgb_trees,trees 250,st,50,immigrant,hicov,-0.033039230706837674,0.01588541269302368,-0.046314895153045654,0.020707666873931885,-0.05113714933395386,61,1819,,86,0.11,False,False,False
xgb_trees,trees 250,st,51,sex_female,pincp,-0.27302751178342,-0.04887232524018437,-0.22478229718767118,-0.06039511013770493,-0.2132595122901506,11165,13892,,92,0.6,False,False,False
xgb_trees,trees 250,st,51,sex_female,hicov,0.018292008635743984,-0.0069653987884521484,0.025338351726531982,0.003152310848236084,0.01522064208984375,11165,13892,,92,0.66,True,False,True
xgb_trees,trees 250,st,51,race_bw,pincp,-0.3105158451780081,-0.1448445518229775,-0.16514594905625835,-0.16929672309465182,-0.14069377778458403,3571,18633,,91,0.54,False,False,False
xgb_trees,trees 250,st,51,race_bw,hicov,-0.012815493743969841,-0.02304089069366455,0.01014721393585205,-0.017119765281677246,0.004226088523864746,3571,18633,,91,0.56,False,False,False
xgb_trees,trees 250,st,51,immigrant,pincp,-0.08827680242906055,-0.01242009104118047,-0.07604992295926927,0.018539636078138244,-0.10700965007858798,3568,21489,,92,0.62,True,False,True
xgb_trees,trees 250,st,51,immigrant,hicov,-0.08259353987972162,-0.03255355358123779,-0.05043584108352661,-0.014229655265808105,-0.0687597393989563,3568,21489,,92,0.62,False,False,False
xgb_trees,trees 250,st,53,sex_female,pincp,-0.2748983811241228,-0.03140585223191472,-0.24393881588133404,-0.045045537164623894,-0.23029913094862486,8203,11854,,92,0.46,False,False,False
xgb_trees,trees 250,st,53,sex_female,hicov,0.02300643443582484,-0.0036181211471557617,0.026748836040496826,0.00039887428283691406,0.02273184061050415,8203,11854,,92,0.52,True,False,True
xgb_trees,trees 250,st,53,race_bw,pincp,-0.2401969338879315,-0.09995990055536019,-0.14058830809848288,-0.07264125789855136,-0.16790695075529172,498,16076,,91,0.4,False,False,False
xgb_trees,trees 250,st,53,immigrant,pincp,-0.06386455533668745,-0.016544877217111065,-0.04770146983634582,-0.00990492823899558,-0.054341418814461306,3142,16915,,92,0.46,False,False,False
xgb_trees,trees 250,st,53,immigrant,hicov,-0.08703524361614123,-0.04038292169570923,-0.04650026559829712,-0.007966399192810059,-0.07891678810119629,3142,16915,,92,0.51,False,False,False
xgb_trees,trees 250,st,54,sex_female,pincp,-0.2653994856022521,0.01444959827512271,-0.281677675086371,-0.04349392086055026,-0.223734155950698,1870,2372,,91,0.15,True,False,True
xgb_trees,trees 250,st,54,sex_female,hicov,0.019418618282818212,-0.006871402263641357,0.026237070560455322,0.004643917083740234,0.01472175121307373,1870,2372,,91,0.18,True,False,True
xgb_trees,trees 250,st,54,race_bw,pincp,-0.10287333642424024,-0.09113355697534153,-0.011941977049922059,-0.042960793954719634,-0.06011474007054396,95,4041,,90,0.14,False,False,False
xgb_trees,trees 250,st,54,immigrant,pincp,0.09627748981801787,0.03103537880231677,0.0609426174393608,0.0818340735188201,0.010143922722857468,92,4150,,91,0.18,False,False,False
xgb_trees,trees 250,st,54,immigrant,hicov,-0.03514929282346779,-0.027741730213165283,-0.007771193981170654,0.008965015411376953,-0.04447793960571289,92,4150,,91,0.17,True,False,True
xgb_trees,trees 250,st,55,sex_female,pincp,-0.24014252727026175,0.024250295351365025,-0.2647413675965602,0.019790415341326195,-0.26028148758652137,7379,10129,,92,0.42,False,False,False
xgb_trees,trees 250,st,55,sex_female,hicov,0.020999134207080772,-0.004024147987365723,0.025144219398498535,0.004069268703460693,0.01705080270767212,7379,10129,,92,0.43,True,False,True
xgb_trees,trees 250,st,55,race_bw,pincp,-0.23597190532807133,-0.09619285679778677,-0.1405347185025807,-0.10371592833506327,-0.1330116469653042,357,16436,,91,0.43,False,False,False
xgb_trees,trees 250,st,55,race_bw,hicov,-0.03011085183647566,-0.024611592292785645,-0.005922794342041016,-0.018652498722076416,-0.011881887912750244,357,16436,,91,0.44,False,False,False
xgb_trees,trees 250,st,55,immigrant,pincp,-0.08377285580072602,-0.017105787226654456,-0.06607576324044295,-0.0031488272794177874,-0.08003272318767962,662,16846,,92,0.41,False,False,False
xgb_trees,trees 250,st,55,immigrant,hicov,-0.1264630042973257,-0.03426617383956909,-0.09183394908905029,-0.020151853561401367,-0.10594826936721802,662,16846,,92,0.44,False,False,False
xgb_trees,trees 250,st,56,sex_female,pincp,-0.36346992208175166,-0.005729945245159129,-0.35645585479097797,-0.03718182526308844,-0.32500397477304865,647,956,,85,0.11,False,False,False
xgb_trees,trees 250,st,56,sex_female,hicov,0.03127243214579034,-0.00566411018371582,0.03780210018157959,-0.00472944974899292,0.03686743974685669,647,956,,85,0.12,False,False,False
xgb_trees,trees 250,st,56,immigrant,pincp,-0.18877279319069018,-0.04596950691204604,-0.13924252556771322,-0.056689066057472814,-0.12852296642228644,51,1552,,85,0.12,False,False,False
xgb_trees,trees 250,st,56,immigrant,hicov,-0.07889882757226607,-0.04148697853088379,-0.04021763801574707,-0.035515427589416504,-0.046189188957214355,51,1552,,85,0.11,False,False,False
xgb_trees,trees 250,st,6,sex_female,pincp,-0.18146729971729947,0.022619057955111543,-0.20415453778361403,0.007700977777776785,-0.18923645760627927,41076,58207,,92,1.78,False,False,False
xgb_trees,trees 250,st,6,sex_female,hicov,0.03384123084023194,0.0001640915870666504,0.03372830152511597,0.009247243404388428,0.02464514970779419,41076,58207,,92,1.93,False,False,False
xgb_trees,trees 250,st,6,race_bw,pincp,-0.18246297664314604,-0.08794064351174136,-0.09425428751227471,-0.07916098240214708,-0.10303394862186899,4119,61748,,91,1.34,False,False,False
xgb_trees,trees 250,st,6,race_bw,hicov,0.015345646834364346,0.00694882869720459,0.00810706615447998,0.009602725505828857,0.005453169345855713,4119,61748,,91,1.43,False,False,False
xgb_trees,trees 250,st,6,immigrant,pincp,-0.26875090094567966,-0.10315730362096431,-0.1655568521919193,-0.09528553209263002,-0.17342862372025358,35042,64241,,92,1.8,False,False,False
xgb_trees,trees 250,st,6,immigrant,hicov,-0.080050513778545,-0.03685736656188965,-0.04322713613510132,-0.0172501802444458,-0.06283432245254517,35042,64241,,92,1.89,False,False,False
xgb_trees,trees 250,st,8,sex_female,pincp,-0.21981364393633918,-0.007681504916881465,-0.21209187992615952,-0.013626092311540106,-0.20614729253150088,6943,9596,,92,0.42,False,False,False
xgb_trees,trees 250,st,8,sex_female,hicov,0.03742758652198985,-0.0015773773193359375,0.0390009880065918,0.01079857349395752,0.02662503719329834,6943,9596,,92,0.43,True,False,True
xgb_trees,trees 250,st,8,race_bw,pincp,-0.22475618247098517,-0.11286427531850407,-0.11281503705467166,-0.08959332528211128,-0.13608598709106445,402,14662,,91,0.36,False,False,False
xgb_trees,trees 250,st,8,immigrant,pincp,-0.23250097022780913,-0.15392563251476865,-0.07903184000480223,-0.10684240227140052,-0.12611507024817037,1649,14890,,92,0.4,False,False,False
xgb_trees,trees 250,st,8,immigrant,hicov,-0.15452220671420613,-0.07863295078277588,-0.07570540904998779,-0.026310086250305176,-0.1280282735824585,1649,14890,,92,0.45,False,False,False
xgb_trees,trees 250,st,9,sex_female,pincp,-0.32591543934684,-0.021556336745655713,-0.3042641863058346,-0.04554385979209563,-0.2802766632593947,4662,6012,,92,0.27,False,False,False
xgb_trees,trees 250,st,9,sex_female,hicov,0.01643880835497602,-0.0038292407989501953,0.020197927951812744,0.0008387565612792969,0.015529930591583252,4662,6012,,92,0.34,True,False,True
xgb_trees,trees 250,st,9,race_bw,pincp,-0.4323223792453419,-0.1277626614831373,-0.30525128089600884,-0.2380398002314923,-0.19497414214765385,757,8886,,91,0.27,False,False,False
xgb_trees,trees 250,st,9,race_bw,hicov,-0.02647716518436527,-0.030364036560058594,0.0038145780563354492,-0.029953956604003906,0.0034044981002807617,757,8886,,91,0.33,False,False,False
xgb_trees,trees 250,st,9,immigrant,pincp,-0.12330295028208837,-0.07088870250356116,-0.053856692322669986,-0.06953061926228443,-0.055214775563946716,1722,8952,,92,0.31,False,False,False
xgb_trees,trees 250,st,9,immigrant,hicov,-0.07303061157765922,-0.02205127477645874,-0.05094146728515625,-0.009983479976654053,-0.06300926208496094,1722,8952,,92,0.29,False,False,False
xgb_trees,trees 500,naics_2,11,sex_female,pincp,-0.17442832844735356,0.02949539189320305,-0.2040228618588813,0.013866489790947512,-0.18839395975662576,1770,10168,,63,0.37,False,False,False
xgb_trees,trees 500,naics_2,11,sex_female,hicov,0.06072557308405235,-0.012646138668060303,0.07323169708251953,-0.001264333724975586,0.061849892139434814,1770,10168,,63,0.42,False,False,False
xgb_trees,trees 500,naics_2,11,race_bw,pincp,-0.3082373735363646,-0.18660964848950634,-0.12321168166613816,-0.11909908620120646,-0.19072224395443804,198,10459,,62,0.38,False,False,False
xgb_trees,trees 500,naics_2,11,race_bw,hicov,-0.08277004677234145,-0.0476536750793457,-0.033531010150909424,-0.09892475605010986,0.017740070819854736,198,10459,,62,0.36,False,True,True
xgb_trees,trees 500,naics_2,11,immigrant,pincp,-0.5044989627739547,-0.25080955929339055,-0.2530683491713681,-0.16507048300077187,-0.3388074254639868,2454,9484,,63,0.44,False,False,False
xgb_trees,trees 500,naics_2,11,immigrant,hicov,-0.29192622963498427,-0.06979429721832275,-0.2225211262702942,-0.06116950511932373,-0.2311459183692932,2454,9484,,63,0.43,False,False,False
xgb_trees,trees 500,naics_2,21,sex_female,pincp,-0.1566003960737774,0.1535879442416519,-0.3111439379365759,0.13555337880640472,-0.29310937250132874,858,4828,,60,0.27,False,False,False
xgb_trees,trees 500,naics_2,21,sex_female,hicov,0.029791252657864087,-0.0033096671104431152,0.03294026851654053,-0.004943192005157471,0.03457379341125488,858,4828,,60,0.25,False,False,False
xgb_trees,trees 500,naics_2,21,race_bw,pincp,-0.3229724667527538,-0.15036618454354667,-0.17262386052426315,-0.09791743211836312,-0.2250726129494467,204,5009,,59,0.23,False,False,False
xgb_trees,trees 500,naics_2,21,race_bw,hicov,-0.03411114895149525,-0.039327025413513184,0.005567729473114014,-0.03608894348144531,0.0023296475410461426,204,5009,,59,0.26,False,False,False
xgb_trees,trees 500,naics_2,21,immigrant,pincp,0.04340662820095709,0.24168932635303086,-0.19871511233343853,0.15115331528996379,-0.10817910127037145,538,5148,,60,0.34,False,False,False
xgb_trees,trees 500,naics_2,21,immigrant,hicov,-0.029199631430114614,-0.024730265140533447,-0.00407099723815918,-0.013068199157714844,-0.015733063220977783,538,5148,,60,0.34,False,False,False
xgb_trees,trees 500,naics_2,22,sex_female,pincp,-0.16498741705883546,0.09027762948266016,-0.25526779581061554,0.04560369476089576,-0.21059386108885114,2383,8526,,63,0.41,False,False,False
xgb_trees,trees 500,naics_2,22,race_bw,pincp,-0.20612530453511546,-0.07251054034115967,-0.133741670407856,-0.07469358041126384,-0.13155863033775184,778,9258,,62,0.4,False,False,False
xgb_trees,trees 500,naics_2,22,race_bw,hicov,-0.010228352495528115,-0.010921001434326172,0.0007575154304504395,-0.012237191200256348,0.0020737051963806152,778,9258,,62,0.43,False,False,False
xgb_trees,trees 500,naics_2,22,immigrant,pincp,0.05236980693181259,0.1601069748695121,-0.10740565235705724,0.09069357688298751,-0.03799225437053266,791,10118,,63,0.41,False,False,False
xgb_trees,trees 500,naics_2,22,immigrant,hicov,-0.04415682556453315,-0.010075509548187256,-0.034527719020843506,-0.003766000270843506,-0.040837228298187256,791,10118,,63,0.48,False,False,False
xgb_trees,trees 500,naics_2,23,sex_female,pincp,-0.0626446456082057,0.10417864397884635,-0.1663817418834519,0.10989174419051473,-0.17209484209512027,5486,50901,,58,1.52,False,False,False
xgb_trees,trees 500,naics_2,23,sex_female,hicov,0.10012223552223276,0.019208073616027832,0.08064353466033936,0.03205311298370361,0.06779849529266357,5486,50901,,58,1.69,False,False,False
xgb_trees,trees 500,naics_2,23,race_bw,pincp,-0.2200815585744582,-0.09877044096390009,-0.12068651885000925,-0.06149194616036979,-0.15796501365353954,2207,47852,,57,1.38,False,False,False
xgb_trees,trees 500,naics_2,23,immigrant,pincp,-0.32078281195261127,-0.1365538916381297,-0.18469732448564535,-0.10126958580689127,-0.21998163031688378,11081,45306,,58,1.55,False,False,False
xgb_trees,trees 500,naics_2,23,immigrant,hicov,-0.3059844323527965,-0.09565025568008423,-0.21037548780441284,-0.06696683168411255,-0.23905891180038452,11081,45306,,58,1.67,False,False,False
xgb_trees,trees 500,naics_2,31,sex_female,pincp,-0.2629578528630354,-0.040261598189792025,-0.22294530908944132,-0.04947680371748042,-0.21373010356175293,6080,10147,,65,0.59,False,False,False
xgb_trees,trees 500,naics_2,31,race_bw,pincp,-0.303773085054587,-0.1388004825942275,-0.16632553899995273,-0.14121892349563936,-0.16390709809854087,1704,11987,,64,0.49,False,False,False
xgb_trees,trees 500,naics_2,31,race_bw,hicov,-0.015489638422845342,-0.02245277166366577,0.006730556488037109,-0.02376866340637207,0.008046448230743408,1704,11987,,64,0.53,False,False,False
xgb_trees,trees 500,naics_2,31,immigrant,pincp,-0.34096890087177734,-0.16146732764995342,-0.17954896125759845,-0.10025501061942421,-0.24076127828812766,3768,12459,,65,0.58,False,False,False
xgb_trees,trees 500,naics_2,31,immigrant,hicov,-0.12329223291887836,-0.0362391471862793,-0.08713054656982422,-0.034998178482055664,-0.08837151527404785,3768,12459,,65,0.62,False,False,False
xgb_trees,trees 500,naics_2,32,sex_female,pincp,-0.14835792196557485,0.07078122858374769,-0.21941907654176518,0.04508599978926853,-0.19372384774728602,8451,21977,,67,0.97,False,False,False
xgb_trees,trees 500,naics_2,32,sex_female,hicov,0.013688911235591239,-0.005341887474060059,0.019093036651611328,-0.006125271320343018,0.019876420497894287,8451,21977,,67,1.07,False,False,False
xgb_trees,trees 500,naics_2,32,race_bw,pincp,-0.2647300616488355,-0.10408717132030887,-0.15997402066953548,-0.09983752652969358,-0.16422366546015077,2081,25276,,66,0.98,False,False,False
xgb_trees,trees 500,naics_2,32,race_bw,hicov,-0.011317819176341226,-0.0203402042388916,0.008496642112731934,-0.020320594310760498,0.00847703218460083,2081,25276,,66,0.99,False,False,False
xgb_trees,trees 500,naics_2,32,immigrant,pincp,-0.08673017505501157,0.015352378797437893,-0.10086147398659584,0.05782402734458536,-0.1433331225337433,4028,26400,,67,0.95,False,False,False
xgb_trees,trees 500,naics_2,32,immigrant,hicov,-0.07233731305106683,-0.015209019184112549,-0.057182133197784424,-0.013809025287628174,-0.0585821270942688,4028,26400,,67,1.1,False,False,False
xgb_trees,trees 500,naics_2,33,sex_female,pincp,-0.2637016416912381,-0.026494146408163388,-0.23703731885280455,-0.038382443858569815,-0.22514902140239812,16238,50594,,69,2.0,False,False,False
xgb_trees,trees 500,naics_2,33,race_bw,pincp,-0.32554110402042724,-0.1268109028547837,-0.19882506178304027,-0.14278256028131509,-0.18285340435650888,3920,54728,,68,2.06,False,False,False
xgb_trees,trees 500,naics_2,33,race_bw,hicov,-0.017633588298643477,-0.018484771251678467,0.0006011724472045898,-0.022475779056549072,0.004592180252075195,3920,54728,,68,2.14,False,False,False
xgb_trees,trees 500,naics_2,33,immigrant,pincp,-0.031002990109508133,0.05419443551753922,-0.08553882819375147,0.08187698759210882,-0.11322138026832107,10156,56676,,69,2.14,False,False,False
xgb_trees,trees 500,naics_2,33,immigrant,hicov,-0.04499232538424991,-0.005089998245239258,-0.03988242149353027,-0.010802626609802246,-0.034169793128967285,10156,56676,,69,2.28,False,False,False
xgb_trees,trees 500,naics_2,3M,sex_female,pincp,-0.3035433700709156,-0.021754074125226452,-0.2813547883302938,-0.04332166315087527,-0.259787199304645,879,1984,,57,0.17,False,False,False
xgb_trees,trees 500,naics_2,3M,race_bw,pincp,-0.2366623367706051,-0.10719404893584183,-0.12943745155190278,-0.09948556344503601,-0.1371459370427086,323,2116,,56,0.17,False,False,False
xgb_trees,trees 500,naics_2,3M,race_bw,hicov,-0.028134455453656892,-0.02859187126159668,-7.569789886474609e-06,-0.018568575382232666,-0.010030865669250488,323,2116,,56,0.18,False,False,False
xgb_trees,trees 500,naics_2,3M,immigrant,pincp,-0.26129086957903347,-0.03357975254143852,-0.2287107182558259,-0.047907892051654244,-0.21438257874561018,595,2268,,57,0.18,False,False,False
xgb_trees,trees 500,naics_2,3M,immigrant,hicov,-0.10675381263616557,-0.034471988677978516,-0.07256829738616943,-0.0020475387573242188,-0.10499274730682373,595,2268,,57,0.22,False,False,False
xgb_trees,trees 500,naics_2,42,sex_female,pincp,-0.2022436858462644,0.0370837851946213,-0.23927973250526335,0.006365812521277547,-0.2085617598319196,7903,20186,,63,0.95,False,False,False
xgb_trees,trees 500,naics_2,42,race_bw,pincp,-0.37749029566436754,-0.0886762931231111,-0.2885044737521145,-0.113029810777455,-0.2641509560977706,1496,23358,,62,0.8,False,False,False
xgb_trees,trees 500,naics_2,42,race_bw,hicov,-0.03178101331838812,-0.030478596687316895,-0.0012454986572265625,-0.0396733283996582,0.007949233055114746,1496,23358,,62,0.88,False,True,True
xgb_trees,trees 500,naics_2,42,immigrant,pincp,-0.2093096720413552,-0.0392876457056186,-0.1703200559740825,-0.03451229964272784,-0.17509540203697327,4233,23856,,63,0.89,False,False,False
xgb_trees,trees 500,naics_2,42,immigrant,hicov,-0.08411581584950278,-0.013387978076934814,-0.07063591480255127,-0.013958573341369629,-0.07006531953811646,4233,23856,,63,1.02,False,False,False
xgb_trees,trees 500,naics_2,44,sex_female,pincp,-0.25509860736859835,-0.014204814538910426,-0.24092738159137994,-0.031989376774067324,-0.22314281935622304,20205,31547,,63,1.58,False,False,False
xgb_trees,trees 500,naics_2,44,sex_female,hicov,0.014269738289013567,-0.012870192527770996,0.02701246738433838,-0.01829063892364502,0.0324329137802124,20205,31547,,63,1.71,False,False,False
xgb_trees,trees 500,naics_2,44,race_bw,pincp,-0.21868542569681537,-0.07187225139391629,-0.14753146034602516,-0.0779464617411918,-0.14145724999874965,3611,41916,,62,1.38,False,False,False
xgb_trees,trees 500,naics_2,44,race_bw,hicov,-0.02434017062887106,-0.02710127830505371,0.0027069449424743652,-0.03676515817642212,0.012370824813842773,3611,41916,,62,1.51,False,False,False
xgb_trees,trees 500,naics_2,44,immigrant,pincp,-0.09665531045817133,-0.0037547678028477804,-0.09280352518582546,0.02342653351920454,-0.11998482650787778,7415,44337,,63,1.55,True,False,True
xgb_trees,trees 500,naics_2,44,immigrant,hicov,-0.09476766488920885,-0.003093123435974121,-0.09143191576004028,-0.009498775005340576,-0.08502626419067383,7415,44337,,63,1.65,False,False,False
xgb_trees,trees 500,naics_2,45,sex_female,pincp,-0.25316293341938767,-0.054763652967105614,-0.1977617030593315,-0.07417044631282543,-0.17835490971361168,10711,10829,,62,0.72,False,False,False
xgb_trees,trees 500,naics_2,45,sex_female,hicov,0.012157341696831914,-0.008047938346862793,0.02000415325164795,-0.009894490242004395,0.02185070514678955,10711,10829,,62,0.78,False,False,False
xgb_trees,trees 500,naics_2,45,race_bw,pincp,-0.2128505955917941,-0.1292241143903894,-0.08350014999778033,-0.12048916431812096,-0.09223510007004876,2034,17052,,61,0.66,False,False,False
xgb_trees,trees 500,naics_2,45,race_bw,hicov,-0.023157172542498827,-0.0143241286277771,-0.008632957935333252,-0.024186015129089355,0.001228928565979004,2034,17052,,61,0.64,False,True,True
xgb_trees,trees 500,naics_2,45,immigrant,hicov,-0.04191854009015972,0.01570504903793335,-0.05737060308456421,-0.0005499720573425293,-0.04111558198928833,2784,18756,,62,0.75,True,False,True
xgb_trees,trees 500,naics_2,48,sex_female,pincp,-0.21276262819450054,0.05389274230959629,-0.2670856976948315,0.03445470762521552,-0.2476476630104507,5254,23016,,60,0.86,False,False,False
xgb_trees,trees 500,naics_2,48,sex_female,hicov,0.030014488853288057,-0.0029644370079040527,0.03299832344055176,-0.0014282464981079102,0.031462132930755615,5254,23016,,60,0.92,False,False,False
xgb_trees,trees 500,naics_2,48,race_bw,pincp,-0.19750902181684893,-0.048936328351658176,-0.14875573049702062,-0.09089495091327393,-0.10679710793540487,3689,21206,,59,0.77,False,False,False
xgb_trees,trees 500,naics_2,48,immigrant,pincp,-0.19393861612739371,-0.0698543704293062,-0.12307721813247774,-0.04738555333902994,-0.145546035222754,4910,23360,,60,0.84,False,False,False
xgb_trees,trees 500,naics_2,48,immigrant,hicov,-0.0972118858633485,-0.004728853702545166,-0.09283733367919922,-0.01511913537979126,-0.08244705200195312,4910,23360,,60,0.93,False,False,False
xgb_trees,trees 500,naics_2,49,sex_female,pincp,-0.12368417112049634,-0.009001004599076268,-0.11479846589823062,-0.025310323723751083,-0.0984891467735558,3808,8351,,58,0.4,False,False,False
xgb_trees,trees 500,naics_2,49,sex_female,hicov,0.014366675001937002,-0.009363353252410889,0.023714542388916016,-0.011600852012634277,0.025952041149139404,3808,8351,,58,0.48,False,False,False
xgb_trees,trees 500,naics_2,49,race_bw,pincp,-0.16454436798651528,-0.04801280770752747,-0.11651241262842049,-0.025446398535960313,-0.13907882179998765,1973,8563,,57,0.35,False,False,False
xgb_trees,trees 500,naics_2,49,race_bw,hicov,-0.016498035874827455,-0.018364787101745605,0.0023041963577270508,-0.023123979568481445,0.007063388824462891,1973,8563,,57,0.4,False,False,False
xgb_trees,trees 500,naics_2,49,immigrant,pincp,-0.17166827475629098,0.04832481264945088,-0.22001451440389985,-0.035633719563650246,-0.13605598219079873,1836,10323,,58,0.39,True,False,True
xgb_trees,trees 500,naics_2,49,immigrant,hicov,-0.0865438493521985,-0.006669878959655762,-0.07927960157394409,-0.009031176567077637,-0.07691830396652222,1836,10323,,58,0.47,False,False,False
xgb_trees,trees 500,naics_2,4M,sex_female,pincp,-0.2786318676631705,-0.04405238788653243,-0.23530253348071994,-0.04280513684642706,-0.2365497845208253,998,1164,,58,0.15,False,False,False
xgb_trees,trees 500,naics_2,4M,sex_female,hicov,0.010045864925727788,-0.018629372119903564,0.02957969903945923,-0.017698943614959717,0.02864927053451538,998,1164,,58,0.15,False,False,False
xgb_trees,trees 500,naics_2,4M,race_bw,pincp,-0.15479391581975044,-0.07146943837647513,-0.0842240618436012,-0.057835001766465055,-0.09785849845361128,247,1637,,57,0.13,False,False,False
xgb_trees,trees 500,naics_2,4M,race_bw,hicov,-0.030964116743623538,-0.024456322193145752,-0.0063440799713134766,-0.0036966800689697266,-0.027103722095489502,247,1637,,57,0.18,False,False,False
xgb_trees,trees 500,naics_2,4M,immigrant,pincp,-0.0850289573043419,-0.07681527670291644,-0.0053268713079202,-0.030310262819496003,-0.05183188519134063,319,1843,,58,0.17,False,False,False
xgb_trees,trees 500,naics_2,4M,immigrant,hicov,-0.13497313396278732,-0.06877118349075317,-0.06663799285888672,0.005335569381713867,-0.14074474573135376,319,1843,,58,0.17,True,False,True
xgb_trees,trees 500,naics_2,51,sex_female,pincp,-0.2458908158496964,-0.05349192115169288,-0.19198273922214248,-0.06341552287126184,-0.18205913750257352,7812,12919,,61,0.65,False,False,False
xgb_trees,trees 500,naics_2,51,race_bw,pincp,-0.27989747972265633,-0.12566135513916699,-0.15430498513284796,-0.10918006263543667,-0.17078627763657828,1646,16501,,60,0.58,False,False,False
xgb_trees,trees 500,naics_2,51,race_bw,hicov,-0.016109226562578738,-0.010801911354064941,-0.0054531097412109375,-0.01336050033569336,-0.0028945207595825195,1646,16501,,60,0.61,False,False,False
xgb_trees,trees 500,naics_2,51,immigrant,pincp,0.20968129890285958,0.18498719326351498,0.025004090306863347,0.16709922928227705,0.04289205428810128,2744,17987,,61,0.68,False,False,False
xgb_trees,trees 500,naics_2,51,immigrant,hicov,-0.012184536904771393,0.0154343843460083,-0.027611970901489258,0.003158271312713623,-0.01533585786819458,2744,17987,,61,0.83,False,False,False
xgb_trees,trees 500,naics_2,52,sex_female,pincp,-0.5682567617236298,-0.1987752552374431,-0.37001307489701674,-0.2447504161937033,-0.32403791394075654,29688,23262,,59,1.53,False,False,False
xgb_trees,trees 500,naics_2,52,race_bw,pincp,-0.36008972810087947,-0.10777376530618632,-0.25188021389144843,-0.1393671267670733,-0.22028685243056145,4183,42821,,58,1.3,False,False,False
xgb_trees,trees 500,naics_2,52,race_bw,hicov,-0.014619821613350514,-0.012048780918121338,-0.0026472806930541992,-0.011723637580871582,-0.002972424030303955,4183,42821,,58,1.44,False,False,False
xgb_trees,trees 500,naics_2,52,immigrant,pincp,0.12872852116941047,0.1492904008750351,-0.01998535564132986,0.13056671527706243,-0.0012616700433571992,6431,46519,,59,1.58,False,False,False
xgb_trees,trees 500,naics_2,52,immigrant,hicov,-0.013713639558709967,0.006119251251220703,-0.01974928379058838,-0.0006809234619140625,-0.012949109077453613,6431,46519,,59,1.71,True,False,True
xgb_trees,trees 500,naics_2,53,sex_female,pincp,-0.20368571994394458,-0.0103738721779294,-0.1938787180235284,-0.03141489176127976,-0.17283769844017804,7356,9663,,59,0.52,False,False,False
xgb_trees,trees 500,naics_2,53,sex_female,hicov,0.016528081163935893,-0.008639395236968994,0.025080084800720215,-0.008114397525787354,0.024555087089538574,7356,9663,,59,0.55,False,False,False
xgb_trees,trees 500,naics_2,53,race_bw,pincp,-0.36522123116522387,-0.07266995980619484,-0.2919517625400534,-0.11567550237247204,-0.2489462199737762,1331,13771,,58,0.49,False,False,False
xgb_trees,trees 500,naics_2,53,race_bw,hicov,-0.022543426742933304,-0.02010422945022583,-0.0017344355583190918,-0.02954995632171631,0.007711291313171387,1331,13771,,58,0.53,False,True,True
xgb_trees,trees 500,naics_2,53,immigrant,pincp,-0.16413766013544517,-0.03694354129462951,-0.1276644226338277,-0.012536435427344728,-0.1520715285011125,2515,14504,,59,0.57,False,False,False
xgb_trees,trees 500,naics_2,53,immigrant,hicov,-0.06069583601534756,-0.008626282215118408,-0.05222916603088379,-0.012037217617034912,-0.048818230628967285,2515,14504,,59,0.56,False,False,False
xgb_trees,trees 500,naics_2,54,sex_female,pincp,-0.3899332779490621,-0.1030439342242424,-0.2869814062168423,-0.11970653006706478,-0.27031881037401995,29018,43958,,60,2.05,False,False,False
xgb_trees,trees 500,naics_2,54,race_bw,pincp,-0.2660095394753377,-0.0962688033880621,-0.17027991607512405,-0.1099166601975341,-0.15663205926565205,3444,58849,,59,1.82,False,False,False
xgb_trees,trees 500,naics_2,54,race_bw,hicov,-0.01714595588240375,-0.012060344219207764,-0.004945635795593262,-0.015505015850067139,-0.0015009641647338867,3444,58849,,59,2.03,False,False,False
xgb_trees,trees 500,naics_2,54,immigrant,pincp,0.0722182219525429,0.09069841600186024,-0.018551754916282803,0.09726166451729235,-0.02511500343171491,12006,60970,,60,2.14,False,False,False
xgb_trees,trees 500,naics_2,54,immigrant,hicov,-0.01085133722024234,0.013702452182769775,-0.024593710899353027,0.0019289851188659668,-0.012820243835449219,12006,60970,,60,2.25,False,False,False
xgb_trees,trees 500,naics_2,55,sex_female,pincp,-0.41916513373735675,-0.1524474674205205,-0.265509935358768,-0.18156026165626393,-0.23639714112302457,689,659,,57,0.13,False,False,False
xgb_trees,trees 500,naics_2,55,race_bw,pincp,-0.39175907995863213,-0.06721927977578979,-0.3219551541281085,-0.08118355469643568,-0.3079908792074626,77,1128,,55,0.13,False,False,False
xgb_trees,trees 500,naics_2,55,race_bw,hicov,-0.0421962788984066,-0.007825672626495361,-0.03399854898452759,0.0019932985305786133,-0.04381752014160156,77,1128,,55,0.14,True,False,True
xgb_trees,trees 500,naics_2,55,immigrant,pincp,0.08036547274432237,-0.056667252918545685,0.13819442470835064,0.03265678363574409,0.04887038815406086,155,1193,,57,0.15,True,False,True
xgb_trees,trees 500,naics_2,55,immigrant,hicov,-0.013233107103263642,-0.006471455097198486,-0.006878554821014404,0.0034583210945129395,-0.01680833101272583,155,1193,,57,0.13,True,False,True
xgb_trees,trees 500,naics_2,56,sex_female,pincp,-0.1285776356521673,0.010131475562126013,-0.13869542297125648,0.03192861196987096,-0.16049255937900142,10600,18487,,60,0.94,False,False,False
xgb_trees,trees 500,naics_2,56,sex_female,hicov,0.04997762323550159,-0.010941505432128906,0.0609777569770813,0.004405558109283447,0.045630693435668945,10600,18487,,60,0.99,True,False,True
xgb_trees,trees 500,naics_2,56,race_bw,pincp,-0.2488064758317332,-0.10649679468642326,-0.14254970484630114,-0.06602301265269617,-0.18302348688002823,3326,21705,,59,0.75,False,False,False
xgb_trees,trees 500,naics_2,56,immigrant,pincp,-0.2986422731817857,-0.11161638608157887,-0.18620599178361985,-0.06834094211954245,-0.22948143574565627,6273,22814,,60,0.96,False,False,False
xgb_trees,trees 500,naics_2,56,immigrant,hicov,-0.20222463599230545,-0.059487998485565186,-0.14330995082855225,-0.028806090354919434,-0.173991858959198,6273,22814,,60,0.98,False,False,False
xgb_trees,trees 500,naics_2,61,sex_female,pincp,-0.19832442884073664,0.004358626742245519,-0.2028264931293453,-0.006392508153234999,-0.1920753582338648,51590,26189,,58,2.11,True,False,True
xgb_trees,trees 500,naics_2,61,race_bw,pincp,-0.1508946986242261,-0.14645777695144346,-0.004253567258114543,-0.10488759169174777,-0.045823752517810235,6910,63986,,57,1.97,False,False,False
xgb_trees,trees 500,naics_2,61,race_bw,hicov,-0.020329754659157317,-0.012176871299743652,-0.008230865001678467,-0.009864568710327148,-0.01054316759109497,6910,63986,,57,2.12,False,False,False
xgb_trees,trees 500,naics_2,61,immigrant,pincp,0.0230344050453688,-0.00019668997726540738,0.023692905092886463,0.04384004626203186,-0.020343831146410807,7723,70056,,58,2.15,True,True,True
xgb_trees,trees 500,naics_2,61,immigrant,hicov,-0.017128937570610958,-0.001988351345062256,-0.015088856220245361,-0.005458712577819824,-0.011618494987487793,7723,70056,,58,2.3,False,False,False
xgb_trees,trees 500,naics_2,62,sex_female,pincp,-0.44504958913086057,-0.16049053122976353,-0.284616736741933,-0.2315199163604813,-0.21358735161121523,90900,29476,,63,3.52,False,False,False
xgb_trees,trees 500,naics_2,62,race_bw,pincp,-0.2858392759919255,-0.1534073521742645,-0.1321397961215034,-0.17050103266020855,-0.11504611563555933,15995,88854,,62,2.95,False,False,False
xgb_trees,trees 500,naics_2,62,race_bw,hicov,-0.030612993952736645,-0.023169398307800293,-0.007272183895111084,-0.02696782350540161,-0.0034737586975097656,15995,88854,,62,3.3,False,False,False
xgb_trees,trees 500,naics_2,62,immigrant,pincp,0.08046984533417856,0.09511184451936039,-0.014894558270208691,0.10350988891644697,-0.02329260266729527,18087,102289,,63,3.45,False,False,False
xgb_trees,trees 500,naics_2,62,immigrant,hicov,-0.023957826396521553,0.006334960460662842,-0.03028273582458496,-0.0026469826698303223,-0.021300792694091797,18087,102289,,63,3.65,True,False,True
xgb_trees,trees 500,naics_2,71,sex_female,pincp,-0.17333409352919382,0.014557133427638647,-0.18787175685265822,0.004145761942586645,-0.17746038536760622,5061,7575,,58,0.48,False,False,False
xgb_trees,trees 500,naics_2,71,sex_female,hicov,0.025007150389016353,-0.006230711936950684,0.03129124641418457,-0.008176267147064209,0.033236801624298096,5061,7575,,58,0.46,False,False,False
xgb_trees,trees 500,naics_2,71,race_bw,pincp,-0.23704578398977638,-0.10840187294666492,-0.12718921657127247,-0.08255322027731005,-0.15303786924062734,968,9874,,57,0.38,False,False,False
xgb_trees,trees 500,naics_2,71,race_bw,hicov,-0.017584791513566844,-0.017640113830566406,-0.0005114078521728516,-0.0298500657081604,0.011698544025421143,968,9874,,57,0.42,False,True,True
xgb_trees,trees 500,naics_2,71,immigrant,pincp,-0.12326965074971952,-0.07332291720316064,-0.0497674580236076,-0.029538012522063894,-0.09355236270470435,1670,10966,,58,0.44,False,False,False
xgb_trees,trees 500,naics_2,71,immigrant,hicov,-0.05514562703882775,-0.0020927786827087402,-0.05272269248962402,-0.008066356182098389,-0.046749114990234375,1670,10966,,58,0.49,False,False,False
xgb_trees,trees 500,naics_2,72,sex_female,pincp,-0.18401379581246324,-0.008696230354862777,-0.1752062700864343,-0.007589501858234371,-0.1763129985830627,14143,17193,,58,0.92,False,False,False
xgb_trees,trees 500,naics_2,72,sex_female,hicov,0.04015889515060789,-0.01923602819442749,0.05933845043182373,-0.021936655044555664,0.062039077281951904,14143,17193,,58,1.03,False,False,False
xgb_trees,trees 500,naics_2,72,race_bw,pincp,-0.1928744781570586,-0.09324679488178944,-0.09926559201965368,-0.05985900708448533,-0.1326533798169578,3165,21329,,57,0.74,False,False,False
xgb_trees,trees 500,naics_2,72,immigrant,pincp,-0.1366419172241944,-0.045506861242623486,-0.09123720960989878,-0.0028309110149979944,-0.13391315983752428,9698,21638,,58,0.94,False,False,False
xgb_trees,trees 500,naics_2,72,immigrant,hicov,-0.14235072495587275,0.01807868480682373,-0.1603306531906128,-0.004207134246826172,-0.1380448341369629,9698,21638,,58,0.99,True,False,True
xgb_trees,trees 500,naics_2,81,sex_female,pincp,-0.19443770611913358,-0.0007671822023080921,-0.19351696680175046,-0.048609618073866656,-0.1456745309301919,14329,19378,,63,1.06,False,False,False
xgb_trees,trees 500,naics_2,81,sex_female,hicov,0.028035678892645688,-0.013451755046844482,0.04128998517990112,-0.009063482284545898,0.03690171241760254,14329,19378,,63,1.08,False,False,False
xgb_trees,trees 500,naics_2,81,race_bw,pincp,-0.1435280769370042,-0.04103763729419363,-0.10229440283601221,-0.05282719483091647,-0.09050484529928937,2516,26304,,62,0.87,False,False,False
xgb_trees,trees 500,naics_2,81,race_bw,hicov,-0.025556209118091866,-0.02824169397354126,0.002202272415161133,-0.02710247039794922,0.0010630488395690918,2516,26304,,62,1.01,False,False,False
xgb_trees,trees 500,naics_2,81,immigrant,pincp,-0.28521872580984997,-0.1809734611183167,-0.10413162077684746,-0.1035983481731666,-0.18150673372199755,6640,27067,,63,1.1,False,False,False
xgb_trees,trees 500,naics_2,81,immigrant,hicov,-0.13345759362866183,-0.043056368827819824,-0.0904994010925293,-0.04061168432235718,-0.09294408559799194,6640,27067,,63,1.1,False,False,False
xgb_trees,trees 500,naics_2,92,sex_female,pincp,-0.2414473940877997,-0.01319020535159865,-0.2283818978840202,-0.04809017694658202,-0.19348192628903682,24767,31895,,60,1.66,False,False,False
xgb_trees,trees 500,naics_2,92,race_bw,pincp,-0.10552062676527818,-0.04649255458240553,-0.05900060194359469,-0.039261601780987476,-0.06623155474501274,7382,43626,,59,1.44,False,False,False
xgb_trees,trees 500,naics_2,92,immigrant,pincp,0.04760441151955597,0.0851011852683552,-0.03805627404487666,0.09441356637052856,-0.04736865514705002,4213,52449,,60,1.63,False,False,False
xgb_trees,trees 500,naics_2,92,immigrant,hicov,-0.014170391838873697,0.002830982208251953,-0.017193138599395752,-0.0033462047576904297,-0.01101595163345337,4213,52449,,60,1.74,True,False,True
xgb_trees,trees 500,st,1,sex_female,pincp,-0.31555702394613583,-0.018910030300872904,-0.29681363146124795,-0.035684808324539574,-0.2800388534375813,5293,6854,,92,0.56,False,False,False
xgb_trees,trees 500,st,1,sex_female,hicov,0.021982361759625313,-0.004858076572418213,0.02680414915084839,-0.0005304217338562012,0.022476494312286377,5293,6854,,92,0.65,False,False,False
xgb_trees,trees 500,st,1,race_bw,pincp,-0.28298982130619343,-0.13687960422166334,-0.14584196164057772,-0.15549017558384648,-0.12723139027839458,2338,9360,,91,0.53,False,False,False
xgb_trees,trees 500,st,1,race_bw,hicov,-0.03265821836181115,-0.020506441593170166,-0.012254893779754639,-0.01873600482940674,-0.014025330543518066,2338,9360,,91,0.65,False,False,False
xgb_trees,trees 500,st,1,immigrant,pincp,-0.10406233370699525,-0.001281955698408055,-0.1033075761811375,-0.032338349998997984,-0.07225118188054758,463,11684,,92,0.59,False,False,False
xgb_trees,trees 500,st,1,immigrant,hicov,-0.19473714954566734,-0.05514538288116455,-0.1398179531097412,-0.04956686496734619,-0.14539647102355957,463,11684,,92,0.63,False,False,False
xgb_trees,trees 500,st,10,sex_female,pincp,-0.23852588673327801,-0.012915659167212823,-0.2271889773907212,-0.01886178321010412,-0.2212428533478299,1208,1387,,88,0.2,False,False,False
xgb_trees,trees 500,st,10,sex_female,hicov,0.018984825985857268,-0.007289767265319824,0.026709318161010742,0.006920039653778076,0.012499511241912842,1208,1387,,88,0.27,True,False,True
xgb_trees,trees 500,st,10,race_bw,pincp,-0.26441259231673087,-0.13571232992869753,-0.12899202998680437,-0.10633699715184797,-0.15836736276365393,431,1975,,87,0.23,False,False,False
xgb_trees,trees 500,st,10,immigrant,hicov,-0.056482306259616144,-0.0325198769569397,-0.024672985076904297,-0.010966360569000244,-0.04622650146484375,265,2330,,88,0.27,False,False,False
xgb_trees,trees 500,st,11,sex_female,pincp,-0.1948040157321529,-0.04421538492213273,-0.14989762631899062,-0.05900072327041883,-0.13511228797070451,1214,1142,,68,0.2,False,False,False
xgb_trees,trees 500,st,11,sex_female,hicov,0.01159848469548208,0.0015568137168884277,0.009967505931854248,-0.005885958671569824,0.0174102783203125,1214,1142,,68,0.2,True,False,True
xgb_trees,trees 500,st,11,race_bw,pincp,-0.5086204482738559,-0.30042524914279767,-0.20751251990473385,-0.25032000577780344,-0.2576177632697281,642,1452,,66,0.17,False,False,False
xgb_trees,trees 500,st,11,race_bw,hicov,-0.030167863855204535,-0.028313636779785156,-0.002435624599456787,-0.05350273847579956,0.022753477096557617,642,1452,,66,0.21,False,True,True
xgb_trees,trees 500,st,11,immigrant,pincp,-0.20919592588855096,-0.1008243657602339,-0.1097855105119585,-0.05168000919169735,-0.15892986708049506,316,2040,,68,0.19,False,False,False
xgb_trees,trees 500,st,11,immigrant,hicov,-0.046624472573839615,-0.02579653263092041,-0.02071845531463623,-0.019959867000579834,-0.026555120944976807,316,2040,,68,0.19,False,False,False
xgb_trees,trees 500,st,12,sex_female,pincp,-0.22696732350444826,-0.006641800244238993,-0.22036388553979513,-0.007321424689276768,-0.21968426109475736,22979,28252,,92,2.04,False,False,False
xgb_trees,trees 500,st,12,sex_female,hicov,0.04205411755614552,0.004430890083312988,0.03772395849227905,0.00992971658706665,0.03222513198852539,22979,28252,,92,2.15,False,False,False
xgb_trees,trees 500,st,12,race_bw,pincp,-0.31454446007065684,-0.10112008084013269,-0.21353010920364213,-0.14918137216949034,-0.16546881787428447,6198,41213,,91,1.93,False,False,False
xgb_trees,trees 500,st,12,race_bw,hicov,-0.010981150374180237,-0.02524656057357788,0.014229238033294678,-0.029658377170562744,0.01864105463027954,6198,41213,,91,2.02,False,False,False
xgb_trees,trees 500,st,12,immigrant,pincp,-0.19235966803892168,-0.059382904477041976,-0.13223526021220877,-0.05965882377680565,-0.1319593409124451,12037,39194,,92,1.98,False,False,False
xgb_trees,trees 500,st,12,immigrant,hicov,-0.08944399925169921,-0.03999239206314087,-0.04932481050491333,-0.02800154685974121,-0.06131565570831299,12037,39194,,92,2.23,False,False,False
xgb_trees,trees 500,st,13,sex_female,pincp,-0.2577587064321296,-0.020685872005074657,-0.23672204966983834,-0.029488326054313063,-0.22791959562059994,11957,14978,,92,1.09,False,False,False
xgb_trees,trees 500,st,13,sex_female,hicov,0.040407528990723085,0.0051308274269104,0.035018742084503174,0.015648484230041504,0.02450108528137207,11957,14978,,92,1.21,False,False,False
xgb_trees,trees 500,st,13,race_bw,pincp,-0.3001484008017652,-0.11414174840156122,-0.18638868583403934,-0.13559151318638207,-0.16493892104921848,6248,18543,,91,1.06,False,False,False
xgb_trees,trees 500,st,13,immigrant,pincp,-0.13744674471266727,-0.043252256814604095,-0.09377834078750524,-0.00855298873774224,-0.1284776088643671,3334,23601,,92,1.13,False,False,False
xgb_trees,trees 500,st,13,immigrant,hicov,-0.1524436310144861,-0.07315486669540405,-0.07906115055084229,-0.048219144344329834,-0.1039968729019165,3334,23601,,92,1.19,False,False,False
xgb_trees,trees 500,st,15,sex_female,pincp,-0.20822507750450292,-0.006331395403286422,-0.20153091809830492,-0.0077737125967694,-0.20008860090482194,1861,2153,,87,0.28,False,False,False
xgb_trees,trees 500,st,15,immigrant,pincp,-0.22547582941900401,-0.16819383655261433,-0.05652725715172657,-0.08746837663329643,-0.13725271707104447,811,3203,,87,0.27,False,False,False
xgb_trees,trees 500,st,15,immigrant,hicov,-0.016183964401437767,0.007712006568908691,-0.02409815788269043,-0.0016759037971496582,-0.01471024751663208,811,3203,,87,0.29,True,False,True
xgb_trees,trees 500,st,16,sex_female,pincp,-0.2783884125134932,-0.033550200162125066,-0.24514953961216968,-0.05112181922868331,-0.22757792054561143,1482,2423,,92,0.29,False,False,False
xgb_trees,trees 500,st,16,sex_female,hicov,0.02785997661858386,-0.01222836971282959,0.040433645248413086,0.011799156665802002,0.016406118869781494,1482,2423,,92,0.28,True,False,True
xgb_trees,trees 500,st,16,immigrant,pincp,-0.23283176258720495,-0.18857394583852383,-0.04352038014869741,-0.09269856626341699,-0.13939575972380425,270,3635,,92,0.28,False,False,False
xgb_trees,trees 500,st,16,immigrant,hicov,-0.21530898160884404,-0.07926982641220093,-0.13758862018585205,-0.0297926664352417,-0.18706578016281128,270,3635,,92,0.31,False,False,False
xgb_trees,trees 500,st,17,sex_female,pincp,-0.2669812951341086,-0.010812321830924176,-0.2559349962331794,-0.02770559124111216,-0.2390417268229914,16072,20780,,92,1.39,False,False,False
xgb_trees,trees 500,st,17,sex_female,hicov,0.021942164973691503,-0.0028454065322875977,0.02487003803253174,0.0023282766342163086,0.019696354866027832,16072,20780,,92,1.62,True,False,True
xgb_trees,trees 500,st,17,race_bw,pincp,-0.2526898601930849,-0.12454495736524684,-0.12785498708211307,-0.1490151728725415,-0.1033847715748184,2889,29991,,91,1.35,False,False,False
xgb_trees,trees 500,st,17,race_bw,hicov,-0.010611837064445684,-0.010575413703918457,-0.00015801191329956055,-0.01094907522201538,0.00021564960479736328,2889,29991,,91,1.43,False,True,True
xgb_trees,trees 500,st,17,immigrant,pincp,-0.15593137100749743,-0.08550064106739619,-0.07041809758842099,-0.05000946017648289,-0.10590927847933429,5317,31535,,92,1.5,False,False,False
xgb_trees,trees 500,st,17,immigrant,hicov,-0.10988308425168858,-0.04230237007141113,-0.06742459535598755,-0.017165839672088623,-0.09256112575531006,5317,31535,,92,1.55,False,False,False
xgb_trees,trees 500,st,18,sex_female,pincp,-0.27875708923041387,-0.013811944748422178,-0.2644180985217819,-0.027145328192077045,-0.251084715078127,7777,10797,,92,0.81,False,False,False
xgb_trees,trees 500,st,18,sex_female,hicov,0.0213776825624451,-0.008784651756286621,0.0303153395652771,-0.005017340183258057,0.026548027992248535,7777,10797,,92,0.93,False,False,False
xgb_trees,trees 500,st,18,race_bw,pincp,-0.2081506916689495,-0.08903898067692673,-0.11853203616647967,-0.13581831535654487,-0.07175270148686153,952,16842,,91,0.83,False,False,False
xgb_trees,trees 500,st,18,race_bw,hicov,-0.02568159433349404,-0.02321946620941162,-0.0020294785499572754,-0.025586068630218506,0.0003371238708496094,952,16842,,91,0.85,False,True,True
xgb_trees,trees 500,st,18,immigrant,pincp,-0.06084523232568806,0.0001231138147055333,-0.0600132120308583,0.008138575941238457,-0.06802867415739122,902,17672,,92,0.77,False,False,False
xgb_trees,trees 500,st,18,immigrant,hicov,-0.12342297535078728,-0.04444402456283569,-0.07858067750930786,-0.020892679691314697,-0.10213202238082886,902,17672,,92,0.83,False,False,False
xgb_trees,trees 500,st,19,sex_female,pincp,-0.2736595145704044,0.008887703043061634,-0.2822428704359172,-0.007657582872065305,-0.2656975845207903,4140,5444,,91,0.45,True,False,True
xgb_trees,trees 500,st,19,sex_female,hicov,0.016002371089743006,-0.004214644432067871,0.020199716091156006,0.0029497146606445312,0.013035356998443604,4140,5444,,91,0.52,True,False,True
xgb_trees,trees 500,st,19,race_bw,pincp,-0.24415269307218423,0.009436305528657485,-0.25288804963336453,-0.07356065302430714,-0.1698910910803999,111,9195,,90,0.45,True,False,True
xgb_trees,trees 500,st,19,race_bw,hicov,-0.03685316638008318,-0.005811452865600586,-0.031429827213287354,-0.03454554080963135,-0.002695739269256592,111,9195,,90,0.49,False,False,False
xgb_trees,trees 500,st,19,immigrant,pincp,-0.17885441342499675,-0.05660223846412116,-0.1223060192901464,-0.039168590127822256,-0.1397396676264453,337,9247,,91,0.48,False,False,False
xgb_trees,trees 500,st,19,immigrant,hicov,-0.09074592802413417,-0.03163999319076538,-0.05986154079437256,-0.008627355098724365,-0.08287417888641357,337,9247,,91,0.55,False,False,False
xgb_trees,trees 500,st,2,sex_female,pincp,-0.2467624061895748,0.0028363848972432493,-0.25025477961757403,-0.04598045965199837,-0.2014379350683324,633,751,,78,0.16,True,False,True
xgb_trees,trees 500,st,2,sex_female,hicov,0.016433065549251835,-0.025487065315246582,0.04303443431854248,0.014082372188568115,0.003464996814727783,633,751,,78,0.16,True,False,True
xgb_trees,trees 500,st,2,immigrant,pincp,-0.4029133360731656,-0.26176836923963087,-0.1434105724622512,-0.12089440531254425,-0.2842845363893378,138,1246,,78,0.16,False,False,False
xgb_trees,trees 500,st,2,immigrant,hicov,-0.051969199990694825,-0.07077443599700928,0.019495666027069092,-0.08353585004806519,0.032257080078125,138,1246,,78,0.17,False,False,False
xgb_trees,trees 500,st,20,sex_female,pincp,-0.2804944645361651,0.00803077354002113,-0.2883132645237598,0.005304650383571641,-0.28558714136731034,3580,4753,,92,0.42,False,False,False
xgb_trees,trees 500,st,20,sex_female,hicov,0.028491913957312542,-0.008237838745117188,0.03683680295944214,0.008946537971496582,0.01965242624282837,3580,4753,,92,0.47,True,False,True
xgb_trees,trees 500,st,20,race_bw,pincp,-0.17290278528006198,-0.12683919116044606,-0.04515718201246521,-0.12326400113246727,-0.048732372040444005,235,7590,,91,0.38,False,False,False
xgb_trees,trees 500,st,20,race_bw,hicov,-0.07053233537969883,-0.0009322762489318848,-0.06964266300201416,-0.014257371425628662,-0.05631756782531738,235,7590,,91,0.44,False,False,False
xgb_trees,trees 500,st,20,immigrant,pincp,-0.16134057531916035,-0.11025307448615251,-0.051324436133297624,-0.06712389965720789,-0.09445361096224225,556,7777,,92,0.44,False,False,False
xgb_trees,trees 500,st,20,immigrant,hicov,-0.12007737258823514,-0.038580477237701416,-0.08075720071792603,-0.038233160972595215,-0.08110451698303223,556,7777,,92,0.51,False,False,False
xgb_trees,trees 500,st,21,sex_female,pincp,-0.27344839490346473,-0.005352325607795194,-0.26734662295622336,-0.019094109841388374,-0.2536048387226302,5168,6566,,92,0.54,False,False,False
xgb_trees,trees 500,st,21,sex_female,hicov,0.018908447118046068,-0.003330230712890625,0.022099196910858154,0.0030391812324523926,0.015729784965515137,5168,6566,,92,0.6,True,False,True
xgb_trees,trees 500,st,21,race_bw,pincp,-0.26856783080580726,-0.16085250861549483,-0.1087682355069699,-0.15014853820720475,-0.11947220591525998,647,10738,,91,0.6,False,False,False
xgb_trees,trees 500,st,21,immigrant,pincp,-0.07145706307004751,-0.0012861175195109098,-0.06811839022684119,0.021984192503138544,-0.09138870024949064,445,11289,,92,0.54,True,False,True
xgb_trees,trees 500,st,21,immigrant,hicov,-0.12914371253313106,-0.047657012939453125,-0.08082813024520874,-0.012693405151367188,-0.11579173803329468,445,11289,,92,0.6,False,False,False
xgb_trees,trees 500,st,22,sex_female,pincp,-0.3786737215261695,-0.03596160377604818,-0.34373312743592876,-0.08665756877766384,-0.2930371624343131,5065,5961,,92,0.57,False,False,False
xgb_trees,trees 500,st,22,sex_female,hicov,0.02384849994857985,-0.0061424970626831055,0.030184268951416016,0.0023171305656433105,0.0217246413230896,5065,5961,,92,0.56,True,False,True
xgb_trees,trees 500,st,22,race_bw,pincp,-0.3835029925119162,-0.18270581423849563,-0.2007993688138967,-0.19049428572976446,-0.19301089732262788,2477,8026,,91,0.52,False,False,False
xgb_trees,trees 500,st,22,race_bw,hicov,-0.029161130645144806,-0.02982497215270996,0.0009891390800476074,-0.034613192081451416,0.0057773590087890625,2477,8026,,91,0.55,False,False,False
xgb_trees,trees 500,st,22,immigrant,pincp,-0.12196761308323723,-0.019456401293687975,-0.10244102726347037,-0.01209218303444537,-0.10980524552271298,503,10523,,92,0.52,False,False,False
xgb_trees,trees 500,st,22,immigrant,hicov,-0.16816652116191944,-0.09398543834686279,-0.07390743494033813,-0.055412232875823975,-0.11248064041137695,503,10523,,92,0.56,False,False,False
xgb_trees,trees 500,st,23,sex_female,pincp,-0.19825235908339245,-0.0036524780585320826,-0.19577804951649647,0.0052965396748660964,-0.20472706724989465,1463,1847,,89,0.23,True,False,True
xgb_trees,trees 500,st,23,sex_female,hicov,0.02401966426130797,0.0064789652824401855,0.017823457717895508,0.010880231857299805,0.013422191143035889,1463,1847,,89,0.25,False,False,False
xgb_trees,trees 500,st,23,immigrant,pincp,0.01777096885950158,-0.08969014905867567,0.10609303615083476,0.027987150495597746,-0.011584263403438655,103,3207,,89,0.23,True,True,True
xgb_trees,trees 500,st,23,immigrant,hicov,0.013819890349084707,0.006439805030822754,0.00891268253326416,-0.011744201183319092,0.027096688747406006,103,3207,,89,0.26,True,False,True
xgb_trees,trees 500,st,24,sex_female,pincp,-0.21181734877639613,-0.01418113537214083,-0.19721912206813208,-0.031598591580671354,-0.17980166585960156,8713,10246,,92,0.81,False,False,False
xgb_trees,trees 500,st,24,sex_female,hicov,0.020371533298194855,0.0038203001022338867,0.016474366188049316,0.010447442531585693,0.00984722375869751,8713,10246,,92,0.84,False,False,False
xgb_trees,trees 500,st,24,race_bw,pincp,-0.24287667447884864,-0.1060245759876377,-0.1370008683280819,-0.13896927754066368,-0.10405616677505591,4610,12209,,91,0.75,False,False,False
xgb_trees,trees 500,st,24,immigrant,pincp,-0.15568432450642078,-0.06993597242893301,-0.08605510481497802,-0.03628586701302794,-0.1197052102308831,3231,15728,,92,0.83,False,False,False
xgb_trees,trees 500,st,24,immigrant,hicov,-0.09323396376594617,-0.03462010622024536,-0.0584145188331604,-0.0194360613822937,-0.07359856367111206,3231,15728,,92,0.87,False,False,False
xgb_trees,trees 500,st,25,sex_female,pincp,-0.24144678808740672,-0.01327245582960046,-0.2280594203006725,-0.057102609752476496,-0.18422926637779646,9062,11429,,92,0.85,False,False,False
xgb_trees,trees 500,st,25,race_bw,pincp,-0.3719536144677207,-0.2121260507666598,-0.15974157582925486,-0.23503787097664208,-0.13682975561927258,1013,17304,,91,0.81,False,False,False
xgb_trees,trees 500,st,25,race_bw,hicov,-0.02695569022038513,-0.017324626445770264,-0.009745657444000244,-0.01701754331588745,-0.010052740573883057,1013,17304,,91,0.98,False,False,False
xgb_trees,trees 500,st,25,immigrant,pincp,-0.14461822017134907,-0.08595311692195828,-0.058813786001552515,-0.07897661918858212,-0.06579028373492868,3687,16804,,92,0.85,False,False,False
xgb_trees,trees 500,st,25,immigrant,hicov,-0.027022590162996685,-0.01075059175491333,-0.016358792781829834,-0.005087316036224365,-0.0220220685005188,3687,16804,,92,1.03,False,False,False
xgb_trees,trees 500,st,26,sex_female,pincp,-0.24651994082032935,-0.00343911953876308,-0.24341389803070967,-0.022743421295819743,-0.224109596273653,10790,14934,,92,1.08,False,False,False
xgb_trees,trees 500,st,26,sex_female,hicov,0.019076658955257342,-0.003437936305999756,0.022499263286590576,-0.001993417739868164,0.021054744720458984,10790,14934,,92,1.14,False,False,False
xgb_trees,trees 500,st,26,race_bw,pincp,-0.2167167997666084,-0.089591525705222,-0.12763060285019634,-0.12218691822448946,-0.09503521033092888,1695,22671,,91,1.06,False,False,False
xgb_trees,trees 500,st,26,race_bw,hicov,-0.01643165823712256,-0.023546993732452393,0.006904900074005127,-0.018820226192474365,0.0021781325340270996,1695,22671,,91,1.1,False,False,False
xgb_trees,trees 500,st,26,immigrant,pincp,0.11652478612974271,0.12792120219241632,-0.011524451791792956,0.14266455053586036,-0.026267800135236996,1631,24093,,92,1.08,False,False,False
xgb_trees,trees 500,st,26,immigrant,hicov,-0.03729620884818308,0.021276473999023438,-0.05861961841583252,0.0024335384368896484,-0.03977668285369873,1631,24093,,92,1.07,False,False,False
xgb_trees,trees 500,st,27,sex_female,pincp,-0.22993728022987447,0.0012904551185073387,-0.2314738956028446,0.005088221249597069,-0.23527166173393432,7010,9668,,92,0.76,False,False,False
xgb_trees,trees 500,st,27,sex_female,hicov,0.017500090006769664,0.003232419490814209,0.014301180839538574,0.0036126375198364258,0.013920962810516357,7010,9668,,92,0.83,False,False,False
xgb_trees,trees 500,st,27,race_bw,pincp,-0.270576940371841,-0.22527065654680456,-0.044143487727925645,-0.11200550453463975,-0.15740863974009045,307,15438,,91,0.7,False,False,False
xgb_trees,trees 500,st,27,race_bw,hicov,-0.05278400562426233,-0.04573136568069458,-0.006159484386444092,-0.04610705375671387,-0.005783796310424805,307,15438,,91,0.8,False,False,False
xgb_trees,trees 500,st,27,immigrant,pincp,-0.13052885294286476,-0.04421100040975823,-0.08634829512135589,-0.03352392965019213,-0.09703536588092199,860,15818,,92,0.76,False,False,False
xgb_trees,trees 500,st,27,immigrant,hicov,-0.07335990496549405,-0.0099448561668396,-0.06333136558532715,-0.024686038494110107,-0.04859018325805664,860,15818,,92,0.78,False,False,False
xgb_trees,trees 500,st,28,sex_female,pincp,-0.31134078456686076,-0.0008908210960036911,-0.3105734697843001,-0.041927045771311455,-0.26953724510899235,3262,3776,,92,0.4,False,False,False
xgb_trees,trees 500,st,28,sex_female,hicov,0.03289857397458151,-0.0058966875076293945,0.038796842098236084,0.01095670461654663,0.02194344997406006,3262,3776,,92,0.41,True,False,True
xgb_trees,trees 500,st,28,race_bw,pincp,-0.3900275817952199,-0.11444162148763759,-0.27521993826166913,-0.14816905240273037,-0.24149250734657635,2102,4731,,91,0.39,False,False,False
xgb_trees,trees 500,st,28,race_bw,hicov,-0.022910712407444356,-0.03555804491043091,0.01201707124710083,-0.03634291887283325,0.012801945209503174,2102,4731,,91,0.41,False,False,False
xgb_trees,trees 500,st,28,immigrant,pincp,-0.13604796160766774,0.034483005522965016,-0.17115057512066834,-0.059932951062585005,-0.07673461853511832,189,6849,,92,0.39,True,False,True
xgb_trees,trees 500,st,28,immigrant,hicov,-0.20993679994994052,-0.09338700771331787,-0.11600309610366821,-0.05703699588775635,-0.15235310792922974,189,6849,,92,0.38,False,False,False
xgb_trees,trees 500,st,29,sex_female,pincp,-0.27515273629759385,-0.012147674844948497,-0.2634068373729441,-0.01790605210473295,-0.25764846011315967,7601,9533,,92,0.75,False,False,False
xgb_trees,trees 500,st,29,sex_female,hicov,0.01863879096443022,-0.008649349212646484,0.02722787857055664,0.004305660724639893,0.014272868633270264,7601,9533,,92,0.78,True,False,True
xgb_trees,trees 500,st,29,race_bw,pincp,-0.1991943295278631,-0.08829078483371511,-0.1124394445708301,-0.12448555919501558,-0.07624467020952963,1153,15279,,91,0.67,False,False,False
xgb_trees,trees 500,st,29,immigrant,hicov,-0.07705422012447072,-0.017655909061431885,-0.059656381607055664,-0.01243126392364502,-0.06488102674484253,742,16392,,92,0.77,False,False,False
xgb_trees,trees 500,st,30,sex_female,pincp,-0.28979446174989043,0.035066948531772724,-0.3254655477162949,-0.005265568691587674,-0.2851330304929345,1065,1480,,90,0.23,True,False,True
xgb_trees,trees 500,st,31,sex_female,pincp,-0.281439103191774,0.014095141242737697,-0.2967394603964948,-0.012885278585052617,-0.2697590405687045,2516,3334,,92,0.36,True,False,True
xgb_trees,trees 500,st,31,race_bw,pincp,-0.2017146058405448,-0.07307029522132424,-0.13047391743471515,-0.11957381419392021,-0.08397039846211918,119,5464,,91,0.34,False,False,False
xgb_trees,trees 500,st,31,race_bw,hicov,-0.06312363891383777,-0.029711365699768066,-0.03361964225769043,-0.03221815824508667,-0.031112849712371826,119,5464,,91,0.36,False,False,False
xgb_trees,trees 500,st,31,immigrant,pincp,-0.30890042652009875,-0.10351082893576624,-0.20444667594146182,-0.13025139637958283,-0.17770610849764523,283,5567,,92,0.34,False,False,False
xgb_trees,trees 500,st,31,immigrant,hicov,-0.1141031101372868,-0.034588754177093506,-0.08080631494522095,-0.03368479013442993,-0.08171027898788452,283,5567,,92,0.37,False,False,False
xgb_trees,trees 500,st,32,sex_female,pincp,-0.22430918693346769,0.0184296922328695,-0.24293737016486006,0.0001441395946351065,-0.22465181752662566,3203,4225,,91,0.39,False,False,False
xgb_trees,trees 500,st,32,sex_female,hicov,0.04386575455333108,-0.0028359293937683105,0.04673326015472412,0.01003652811050415,0.03386080265045166,3203,4225,,91,0.42,True,False,True
xgb_trees,trees 500,st,32,race_bw,pincp,-0.22144703617116335,-0.08813958711240133,-0.13266154333199687,-0.11187421845204781,-0.10892691199235038,508,5229,,90,0.41,False,False,False
xgb_trees,trees 500,st,32,race_bw,hicov,0.01350433605437873,-0.025293707847595215,0.038887858390808105,-0.001545727252960205,0.015139877796173096,508,5229,,90,0.35,False,False,False
xgb_trees,trees 500,st,32,immigrant,pincp,-0.30383233352831596,-0.13505671711507183,-0.1675407907102855,-0.15132938579218091,-0.1512681220331764,1872,5556,,91,0.4,False,False,False
xgb_trees,trees 500,st,32,immigrant,hicov,-0.1171244761957504,-0.047057271003723145,-0.0702562928199768,-0.027487576007843018,-0.08982598781585693,1872,5556,,91,0.43,False,False,False
xgb_trees,trees 500,st,33,sex_female,pincp,-0.2749833742141927,-0.004293918497920046,-0.27068792054194013,-0.013984338687402342,-0.26099750035245783,1775,2482,,92,0.27,False,False,False
xgb_trees,trees 500,st,33,sex_female,hicov,0.02131947202959905,-0.0036593079566955566,0.02479654550552368,0.006762027740478516,0.01437520980834961,1775,2482,,92,0.31,True,False,True
xgb_trees,trees 500,st,33,immigrant,pincp,-0.01960434517791043,-0.002503536382626237,-0.01642596308956179,0.10078812983064722,-0.11971762930283525,213,4044,,92,0.28,True,False,True
xgb_trees,trees 500,st,34,sex_female,pincp,-0.27959417182269064,-0.017278739532537557,-0.26190490694582635,-0.05573823106585962,-0.2234454154125043,11310,14947,,92,1.01,False,False,False
xgb_trees,trees 500,st,34,sex_female,hicov,0.026453037100081955,-0.001427292823791504,0.027700722217559814,0.003925144672393799,0.02234828472137451,11310,14947,,92,1.22,True,False,True
xgb_trees,trees 500,st,34,race_bw,pincp,-0.3485279411658162,-0.1457308612347621,-0.20286589439916902,-0.2002171133030597,-0.14837964233087142,2450,19368,,91,0.98,False,False,False
xgb_trees,trees 500,st,34,immigrant,pincp,-0.18133677494972034,-0.057279645036526716,-0.12480378336450926,-0.06707871727997627,-0.1150047111210597,6979,19278,,92,1.04,False,False,False
xgb_trees,trees 500,st,34,immigrant,hicov,-0.1122939833089891,-0.04284870624542236,-0.06939250230789185,-0.018380343914031982,-0.09386086463928223,6979,19278,,92,1.21,False,False,False
xgb_trees,trees 500,st,35,sex_female,pincp,-0.19025334313377584,0.02460370390736344,-0.21473431596774972,-0.03994354385306664,-0.15018706820731964,2064,2495,,90,0.29,True,False,True
xgb_trees,trees 500,st,35,sex_female,hicov,0.027719392272917864,-0.012540459632873535,0.03964400291442871,0.015748560428619385,0.011354982852935791,2064,2495,,90,0.33,True,False,True
xgb_trees,trees 500,st,35,race_bw,pincp,-0.15214511430401068,-0.12790106332874274,-0.024292151717578037,-0.003918736418647484,-0.1482744786276733,67,3264,,88,0.26,False,False,False
xgb_trees,trees 500,st,35,immigrant,pincp,-0.22003643556194064,-0.11115038356459372,-0.1100075642756142,-0.06688682788557365,-0.15427111995463427,490,4069,,90,0.32,False,False,False
xgb_trees,trees 500,st,35,immigrant,hicov,-0.16557044051338898,-0.08890199661254883,-0.07576882839202881,-0.03116166591644287,-0.13350915908813477,490,4069,,90,0.34,False,False,False
xgb_trees,trees 500,st,36,sex_female,pincp,-0.2004874804493344,0.022641590654139065,-0.22335045541311693,-0.00921595657427865,-0.19149290818469922,24821,30289,,92,2.17,True,False,True
xgb_trees,trees 500,st,36,sex_female,hicov,0.03008149330087584,0.004792630672454834,0.025370001792907715,0.011706650257110596,0.018455982208251953,24821,30289,,92,2.3,False,False,False
xgb_trees,trees 500,st,36,race_bw,pincp,-0.27242488117953023,-0.12355415175678708,-0.1485501017162587,-0.17823726171351417,-0.09386699175953162,6432,39884,,91,1.86,False,False,False
xgb_trees,trees 500,st,36,race_bw,hicov,-0.021661153788773424,-0.018009841442108154,-0.003509819507598877,-0.02925318479537964,0.007733523845672607,6432,39884,,91,1.93,False,True,True
xgb_trees,trees 500,st,36,immigrant,pincp,-0.16921449805576216,-0.14556989623152106,-0.02393713696812938,-0.09750643725477737,-0.07200059594487307,13520,41590,,92,2.06,False,False,False
xgb_trees,trees 500,st,36,immigrant,hicov,-0.08273276675236285,-0.027392983436584473,-0.05532670021057129,-0.01938760280609131,-0.06333208084106445,13520,41590,,92,2.27,False,False,False
xgb_trees,trees 500,st,37,sex_female,pincp,-0.2513797037125798,-0.01652527350869981,-0.23473512139086594,-0.03665319310295523,-0.21460720179661052,11762,14924,,92,1.06,False,False,False
xgb_trees,trees 500,st,37,sex_female,hicov,0.026121671345438635,-0.0011692643165588379,0.02735602855682373,0.010484039783477783,0.01570272445678711,11762,14924,,92,1.17,True,False,True
xgb_trees,trees 500,st,37,race_bw,pincp,-0.3428412819155735,-0.11807200094000869,-0.22386011228022795,-0.1546108642268642,-0.18732124899337244,4251,20487,,91,1.09,False,False,False
xgb_trees,trees 500,st,37,race_bw,hicov,-0.020227158183069305,-0.02347409725189209,0.0033153891563415527,-0.019088685512542725,-0.0010700225830078125,4251,20487,,91,1.1,False,True,True
xgb_trees,trees 500,st,37,immigrant,pincp,-0.10334814145842763,-0.049269329149385754,-0.054647250331761654,-0.020006931647042592,-0.08390964783410482,2369,24317,,92,1.13,False,False,False
xgb_trees,trees 500,st,37,immigrant,hicov,-0.16151536030195512,-0.08982652425765991,-0.07221066951751709,-0.05007529258728027,-0.11196190118789673,2369,24317,,92,1.23,False,False,False
xgb_trees,trees 500,st,38,sex_female,pincp,-0.40017355186717296,-0.03661322468988182,-0.3629106121548151,-0.02630589006702877,-0.3732179467776682,943,1416,,88,0.2,False,False,False
xgb_trees,trees 500,st,38,sex_female,hicov,0.016556727836991025,-0.008519887924194336,0.02511829137802124,0.01193326711654663,0.0046651363372802734,943,1416,,88,0.27,True,False,True
xgb_trees,trees 500,st,38,immigrant,pincp,-0.05300269840215499,-0.2507028570520706,0.19869474049846225,-0.06085061328321828,0.008842496729609906,67,2292,,88,0.23,False,False,False
xgb_trees,trees 500,st,38,immigrant,hicov,-0.01301737386366586,0.016893327236175537,-0.028654932975769043,-0.018364250659942627,0.006602644920349121,67,2292,,88,0.23,True,True,True
xgb_trees,trees 500,st,39,sex_female,pincp,-0.26401311233596125,-0.011110463159246464,-0.252876500086753,-0.02927336048644058,-0.23471360275955888,14095,18698,,92,1.42,False,False,False
xgb_trees,trees 500,st,39,sex_female,hicov,0.017501789330388817,-0.005587756633758545,0.023053407669067383,-0.0021612048149108887,0.019626855850219727,14095,18698,,92,1.38,False,False,False
xgb_trees,trees 500,st,39,race_bw,pincp,-0.24536897415986836,-0.10820582540766921,-0.13607594485804064,-0.12537920106030676,-0.1189025692054031,2358,29190,,91,1.36,False,False,False
xgb_trees,trees 500,st,39,race_bw,hicov,-0.01722050930684027,-0.01612067222595215,-0.0008488297462463379,-0.02087956666946411,0.003910064697265625,2358,29190,,91,1.36,False,True,True
xgb_trees,trees 500,st,39,immigrant,pincp,0.048812748806545514,0.08890635238657829,-0.040144321540248384,0.10325881676026682,-0.05449678591393692,1377,31416,,92,1.28,False,False,False
xgb_trees,trees 500,st,39,immigrant,hicov,-0.04787251600977094,-0.0010294318199157715,-0.04664427042007446,-0.0016179680824279785,-0.046055734157562256,1377,31416,,92,1.32,False,False,False
xgb_trees,trees 500,st,4,sex_female,pincp,-0.23532286018952853,-0.025366146618114982,-0.21026207490855953,-0.051033255614733264,-0.18459496591194124,7274,9525,,92,0.77,False,False,False
xgb_trees,trees 500,st,4,sex_female,hicov,0.028002182295263744,-0.007248103618621826,0.035341084003448486,0.010583102703094482,0.017509877681732178,7274,9525,,92,0.8,True,False,True
xgb_trees,trees 500,st,4,race_bw,pincp,-0.23746491036643214,-0.09341242311686848,-0.14408022523842945,-0.0820051043942005,-0.15548754396109743,580,13266,,91,0.65,False,False,False
xgb_trees,trees 500,st,4,immigrant,pincp,-0.22653950430917114,-0.0911431007752288,-0.1358677179919976,-0.09662087856150592,-0.13038994020572048,2617,14182,,92,0.79,False,False,False
xgb_trees,trees 500,st,4,immigrant,hicov,-0.12441581133134316,-0.05044817924499512,-0.07319426536560059,-0.03795433044433594,-0.08568811416625977,2617,14182,,92,0.8,False,False,False
xgb_trees,trees 500,st,40,sex_female,pincp,-0.29664627375391106,-0.014524828636897524,-0.2824497224627134,-0.013441880850608712,-0.2835326702490022,4029,5523,,92,0.5,False,False,False
xgb_trees,trees 500,st,40,sex_female,hicov,0.0268521712963955,-0.004194736480712891,0.03108847141265869,0.023810386657714844,0.003083348274230957,4029,5523,,92,0.47,True,False,True
xgb_trees,trees 500,st,40,race_bw,pincp,-0.2351882977597448,-0.07543247389072327,-0.15883935819122463,-0.11978307216441841,-0.11448875991752949,446,7317,,91,0.44,False,False,False
xgb_trees,trees 500,st,40,immigrant,pincp,-0.21193833439191856,-0.039995216269980816,-0.1702206327736029,-0.05648165046647158,-0.15373419857711212,556,8996,,92,0.44,False,False,False
xgb_trees,trees 500,st,40,immigrant,hicov,-0.21967477152115567,-0.07518881559371948,-0.14464408159255981,-0.09288012981414795,-0.12695276737213135,556,8996,,92,0.48,False,False,False
xgb_trees,trees 500,st,41,sex_female,pincp,-0.2149141704901094,-0.0002868185641151655,-0.21484968247012404,-0.008470118716827457,-0.20666638231741175,4421,6132,,91,0.51,False,False,False
xgb_trees,trees 500,st,41,sex_female,hicov,0.019092850303944253,0.0009009838104248047,0.018261730670928955,0.00806492567062378,0.01109778881072998,4421,6132,,91,0.55,False,False,False
xgb_trees,trees 500,st,41,race_bw,pincp,-0.25634392603690337,-0.03643649234740565,-0.22023959519129832,-0.07556364523090409,-0.18111244230779988,131,9171,,90,0.47,False,False,False
xgb_trees,trees 500,st,41,race_bw,hicov,0.014280827134320662,-0.01097571849822998,0.025772690773010254,-0.01941579580307007,0.03421276807785034,131,9171,,90,0.48,False,False,False
xgb_trees,trees 500,st,41,immigrant,pincp,-0.14781387524339173,-0.06780131367244202,-0.07996197720150278,-0.040701517184585256,-0.10706177368935954,1186,9367,,91,0.51,False,False,False
xgb_trees,trees 500,st,41,immigrant,hicov,-0.06071924489673575,-0.029721558094024658,-0.0307958722114563,-0.020577967166900635,-0.03993946313858032,1186,9367,,91,0.53,False,False,False
xgb_trees,trees 500,st,42,sex_female,pincp,-0.2608191999909497,0.0050650081769170185,-0.26584359534822966,-0.024212265453311232,-0.2365663217180014,15681,20483,,92,1.4,True,False,True
xgb_trees,trees 500,st,42,sex_female,hicov,0.02210470837581824,-0.0050923824310302734,0.027187347412109375,0.001893460750579834,0.020201504230499268,15681,20483,,92,1.52,True,False,True
xgb_trees,trees 500,st,42,race_bw,pincp,-0.18461695160788594,-0.10380890825338795,-0.08186223021289685,-0.12784581947162899,-0.05782531899465582,1775,32726,,91,1.44,False,False,False
xgb_trees,trees 500,st,42,race_bw,hicov,-0.02623379954603866,-0.02478349208831787,-0.002004265785217285,-0.01217883825302124,-0.014608919620513916,1775,32726,,91,1.54,False,False,False
xgb_trees,trees 500,st,42,immigrant,pincp,0.01895036834457109,0.006949209343710905,0.012258762267942203,0.06104174122925876,-0.041833769617605654,2085,34079,,92,1.42,False,True,True
xgb_trees,trees 500,st,42,immigrant,hicov,-0.05231362901110781,-0.0068187713623046875,-0.045223891735076904,-0.008008241653442383,-0.04403442144393921,2085,34079,,92,1.53,False,False,False
xgb_trees,trees 500,st,44,sex_female,pincp,-0.2343378528442699,0.03766108776702559,-0.27220813357351403,0.037407769773190935,-0.2719548155796794,1329,1569,,88,0.22,False,False,False
xgb_trees,trees 500,st,44,sex_female,hicov,0.019553510668755658,-0.004041552543640137,0.02313518524169922,-0.00040453672409057617,0.019498169422149658,1329,1569,,88,0.27,False,False,False
xgb_trees,trees 500,st,44,race_bw,pincp,-0.2926052160795276,-0.060362231428714,-0.23238347017504424,-0.14132874470996093,-0.1514169568937973,123,2515,,87,0.24,False,False,False
xgb_trees,trees 500,st,44,immigrant,pincp,-0.24674267801177407,-0.1747616151994631,-0.07218648178131915,-0.12402579697572058,-0.12292230000506166,463,2435,,88,0.23,False,False,False
xgb_trees,trees 500,st,44,immigrant,hicov,-0.05373667847845276,-0.041263699531555176,-0.012217104434967041,-0.009360671043395996,-0.04412013292312622,463,2435,,88,0.26,False,False,False
xgb_trees,trees 500,st,45,sex_female,pincp,-0.2785360372270027,-0.04150720168867572,-0.23694658889705345,-0.05172318382827967,-0.2267306067574495,5691,7032,,92,0.58,False,False,False
xgb_trees,trees 500,st,45,sex_female,hicov,0.032366685197812495,-0.0017254352569580078,0.03423053026199341,0.00872492790222168,0.02378016710281372,5691,7032,,92,0.66,True,False,True
xgb_trees,trees 500,st,45,race_bw,pincp,-0.3830184381611712,-0.13896382098846338,-0.2432401378105613,-0.1690111312597793,-0.2131928275392454,2541,9653,,91,0.56,False,False,False
xgb_trees,trees 500,st,45,race_bw,hicov,-0.01027585594795033,-0.02575397491455078,0.015004098415374756,-0.026435375213623047,0.01568549871444702,2541,9653,,91,0.63,False,False,False
xgb_trees,trees 500,st,45,immigrant,pincp,-0.08057504916947344,-0.10470829570743945,0.026137415520622653,-0.023481071072401605,-0.05508980911441519,654,12069,,92,0.62,False,True,True
xgb_trees,trees 500,st,45,immigrant,hicov,-0.20226282970777365,-0.12070298194885254,-0.082669198513031,-0.056935906410217285,-0.14643627405166626,654,12069,,92,0.63,False,False,False
xgb_trees,trees 500,st,46,sex_female,pincp,-0.2908753073247148,-0.011654380042166679,-0.2795022621180401,-0.005014888963490449,-0.2861417531967163,1104,1489,,87,0.21,False,False,False
xgb_trees,trees 500,st,46,sex_female,hicov,0.02619511684721776,-0.008735060691833496,0.034950971603393555,0.0020935535430908203,0.02412235736846924,1104,1489,,87,0.23,True,False,True
xgb_trees,trees 500,st,46,immigrant,pincp,-0.23296569506982934,-0.006504193117864432,-0.22639546523223153,-0.12893023300005524,-0.10396942535004072,77,2516,,87,0.23,False,False,False
xgb_trees,trees 500,st,46,immigrant,hicov,-0.05143187496128676,-0.06447422504425049,0.011999011039733887,-0.15611237287521362,0.10363715887069702,77,2516,,87,0.22,False,False,False
xgb_trees,trees 500,st,47,sex_female,pincp,-0.2515418813310255,0.005145647742146764,-0.25686859225670133,-0.01083177779991118,-0.2408911667146434,7731,9938,,92,0.81,True,False,True
xgb_trees,trees 500,st,47,sex_female,hicov,0.03620466553737811,0.0031537413597106934,0.033043742179870605,0.015311062335968018,0.02088642120361328,7731,9938,,92,0.87,False,False,False
xgb_trees,trees 500,st,47,race_bw,pincp,-0.24291613774690468,-0.11108341101538421,-0.130809920293963,-0.1315694546520252,-0.11032387665732202,2084,14855,,91,0.8,False,False,False
xgb_trees,trees 500,st,47,race_bw,hicov,-0.019212108604546363,-0.02197962999343872,0.0027422308921813965,-0.01783931255340576,-0.0013980865478515625,2084,14855,,91,0.82,False,True,True
xgb_trees,trees 500,st,47,immigrant,pincp,-0.12017643285205182,-0.0587690758969277,-0.06320171255615925,-0.025084921810117677,-0.09688586664296928,982,16687,,92,0.78,False,False,False
xgb_trees,trees 500,st,47,immigrant,hicov,-0.22928094933956544,-0.10297137498855591,-0.1259130835533142,-0.04162079095840454,-0.18726366758346558,982,16687,,92,0.92,False,False,False
xgb_trees,trees 500,st,48,sex_female,pincp,-0.280056055773656,-0.022574012674727584,-0.2570901816831288,-0.039755561734240885,-0.2399086326236155,31110,42184,,92,2.85,False,False,False
xgb_trees,trees 500,st,48,sex_female,hicov,0.05040712336269337,-0.0019979476928710938,0.05244433879852295,0.02536708116531372,0.025079309940338135,31110,42184,,92,2.92,True,False,True
xgb_trees,trees 500,st,48,race_bw,pincp,-0.2224747386930428,-0.07786903522103295,-0.14455051318658363,-0.0964745414262147,-0.12594500698140187,6632,57703,,91,2.51,False,False,False
xgb_trees,trees 500,st,48,race_bw,hicov,0.020478520087899965,-0.008504211902618408,0.02870720624923706,0.0009478330612182617,0.01925516128540039,6632,57703,,91,2.62,True,False,True
xgb_trees,trees 500,st,48,immigrant,pincp,-0.24244797762234072,-0.08107861064862654,-0.16152315177274268,-0.07984764885499906,-0.16275411356637015,14045,59249,,92,2.74,False,False,False
xgb_trees,trees 500,st,48,immigrant,hicov,-0.18640997892927536,-0.09978502988815308,-0.08662116527557373,-0.062206149101257324,-0.12420004606246948,14045,59249,,92,2.92,False,False,False
xgb_trees,trees 500,st,49,sex_female,pincp,-0.3688677720811935,-0.062456513873826225,-0.30598393464196505,-0.07922915393634788,-0.2892112945794434,2631,4858,,91,0.4,False,False,False
xgb_trees,trees 500,st,49,sex_female,hicov,0.016111383121001355,-0.015185058116912842,0.0315515398979187,-0.01411670446395874,0.0304831862449646,2631,4858,,91,0.48,False,False,False
xgb_trees,trees 500,st,49,race_bw,pincp,-0.3013406887576444,-0.37758718366157495,0.07647516771306861,-0.130275602600344,-0.17083641334816235,54,6795,,90,0.38,False,True,True
xgb_trees,trees 500,st,49,immigrant,pincp,-0.33821703312701956,-0.20619222063266562,-0.13216869955684452,-0.17950535940219048,-0.15885556078731966,677,6812,,91,0.45,False,False,False
xgb_trees,trees 500,st,49,immigrant,hicov,-0.16394736545378696,-0.044553399085998535,-0.11943596601486206,-0.05869251489639282,-0.10529685020446777,677,6812,,91,0.43,False,False,False
xgb_trees,trees 500,st,5,sex_female,pincp,-0.2661997987464133,-0.022133208847090913,-0.24382767662294214,-0.010972509761414173,-0.2549883757086189,3295,4129,,92,0.38,False,False,False
xgb_trees,trees 500,st,5,sex_female,hicov,0.0323388622831734,-0.0018262267112731934,0.03400319814682007,0.014891088008880615,0.01728588342666626,3295,4129,,92,0.46,True,False,True
xgb_trees,trees 500,st,5,race_bw,pincp,-0.2823326565036659,-0.11070495725839002,-0.1702909847706504,-0.11533694365857272,-0.1656589983704677,802,6230,,91,0.39,False,False,False
xgb_trees,trees 500,st,5,immigrant,pincp,-0.24308967053588226,-0.05476148007120685,-0.18790051338090663,-0.07006912059833503,-0.17259287285377845,391,7033,,92,0.37,False,False,False
xgb_trees,trees 500,st,5,immigrant,hicov,-0.14289813131590456,-0.014854609966278076,-0.12864142656326294,-0.0313112735748291,-0.11218476295471191,391,7033,,92,0.45,False,False,False
xgb_trees,trees 500,st,50,sex_female,pincp,-0.14022086869054817,0.03926675832867588,-0.17853557738812498,0.09166073696781574,-0.23092955602726484,852,1028,,86,0.22,False,False,False
xgb_trees,trees 500,st,50,sex_female,hicov,0.029192013298989794,-0.0037875771522521973,0.033202171325683594,0.009885430335998535,0.01952916383743286,852,1028,,86,0.23,True,False,True
xgb_trees,trees 500,st,50,immigrant,pincp,0.08646994507348538,0.043822375931251045,0.044538743814444004,-0.0016825422786297395,0.09004366202432479,61,1819,,86,0.18,True,False,True
xgb_trees,trees 500,st,50,immigrant,hicov,-0.033039230706837674,0.027783870697021484,-0.05965733528137207,0.021592140197753906,-0.05346560478210449,61,1819,,86,0.21,False,False,False
xgb_trees,trees 500,st,51,sex_female,pincp,-0.27302751178342,-0.058644344317251296,-0.21435609393802224,-0.07175176894057955,-0.20124866931469398,11165,13892,,92,1.03,False,False,False
xgb_trees,trees 500,st,51,sex_female,hicov,0.018292008635743984,-0.006031811237335205,0.02443099021911621,0.004872620105743408,0.013526558876037598,11165,13892,,92,1.17,True,False,True
xgb_trees,trees 500,st,51,race_bw,pincp,-0.3105158451780081,-0.15457958156779483,-0.15588126558487936,-0.1758829119880776,-0.1345779351645966,3571,18633,,91,1.03,False,False,False
xgb_trees,trees 500,st,51,race_bw,hicov,-0.012815493743969841,-0.023483455181121826,0.010866880416870117,-0.016949117183685303,0.004332542419433594,3571,18633,,91,1.04,False,False,False
xgb_trees,trees 500,st,51,immigrant,pincp,-0.08827680242906055,-0.031663369981689726,-0.05668813283926433,-0.0035269816428655787,-0.08482452117808847,3568,21489,,92,1.11,False,False,False
xgb_trees,trees 500,st,51,immigrant,hicov,-0.08259353987972162,-0.03377896547317505,-0.04872024059295654,-0.0158078670501709,-0.0666913390159607,3568,21489,,92,1.06,False,False,False
xgb_trees,trees 500,st,53,sex_female,pincp,-0.2748983811241228,-0.04055334264913135,-0.23499358040256269,-0.056536652856133074,-0.21901027019556096,8203,11854,,92,0.83,False,False,False
xgb_trees,trees 500,st,53,sex_female,hicov,0.02300643443582484,-0.0026758909225463867,0.025667250156402588,0.002905607223510742,0.02008575201034546,8203,11854,,92,0.92,True,False,True
xgb_trees,trees 500,st,53,race_bw,pincp,-0.2401969338879315,-0.10631182796416816,-0.1337240336694112,-0.08230999700869823,-0.15772586462488114,498,16076,,91,0.75,False,False,False
xgb_trees,trees 500,st,53,immigrant,pincp,-0.06386455533668745,-0.03122429156708506,-0.032599832036950716,-0.024422249098222437,-0.03940187450581334,3142,16915,,92,0.86,False,False,False
xgb_trees,trees 500,st,53,immigrant,hicov,-0.08703524361614123,-0.041055262088775635,-0.045942842960357666,-0.008972644805908203,-0.0780254602432251,3142,16915,,92,0.91,False,False,False
xgb_trees,trees 500,st,54,sex_female,pincp,-0.2653994856022521,0.008322664345266517,-0.2739037808037139,-0.0612784908533186,-0.2043026256051288,1870,2372,,91,0.31,True,False,True
xgb_trees,trees 500,st,54,sex_female,hicov,0.019418618282818212,-0.0068013668060302734,0.026512622833251953,0.0074304938316345215,0.012280762195587158,1870,2372,,91,0.32,True,False,True
xgb_trees,trees 500,st,54,race_bw,pincp,-0.10287333642424024,-0.10188806786929128,-0.0005336252659517982,-0.03714994414071704,-0.06527174899452604,95,4041,,90,0.3,False,False,False
xgb_trees,trees 500,st,54,immigrant,pincp,0.09627748981801787,0.0039352918258206415,0.09058807441987149,0.08845604878061408,0.006067317465078048,92,4150,,91,0.32,False,False,False
xgb_trees,trees 500,st,54,immigrant,hicov,-0.03514929282346779,-0.030920326709747314,-0.004244506359100342,0.007958412170410156,-0.04312324523925781,92,4150,,91,0.34,True,False,True
xgb_trees,trees 500,st,55,sex_female,pincp,-0.24014252727026175,0.015082329864597455,-0.25483696815444645,0.011128308778651785,-0.2508829470685008,7379,10129,,92,0.74,False,False,False
xgb_trees,trees 500,st,55,sex_female,hicov,0.020999134207080772,-0.003528118133544922,0.02441585063934326,0.005740523338317871,0.015147209167480469,7379,10129,,92,0.8,True,False,True
xgb_trees,trees 500,st,55,race_bw,pincp,-0.23597190532807133,-0.0983453957633671,-0.13767813028979425,-0.10930927643424582,-0.12671424961891553,357,16436,,91,0.72,False,False,False
xgb_trees,trees 500,st,55,race_bw,hicov,-0.03011085183647566,-0.025177299976348877,-0.004317760467529297,-0.01908087730407715,-0.010414183139801025,357,16436,,91,0.82,False,False,False
xgb_trees,trees 500,st,55,immigrant,pincp,-0.08377285580072602,-0.026843090071309916,-0.0585872852135676,-0.016158774786342534,-0.06927160049853498,662,16846,,92,0.77,False,False,False
xgb_trees,trees 500,st,55,immigrant,hicov,-0.1264630042973257,-0.036570847034454346,-0.08939516544342041,-0.022103309631347656,-0.1038627028465271,662,16846,,92,0.77,False,False,False
xgb_trees,trees 500,st,56,sex_female,pincp,-0.36346992208175166,-0.017142061493892413,-0.34744685863351243,-0.05312804041977337,-0.3114608797076315,647,956,,85,0.17,False,False,False
xgb_trees,trees 500,st,56,sex_female,hicov,0.03127243214579034,-0.006735384464263916,0.038359642028808594,-0.007975757122039795,0.03960001468658447,647,956,,85,0.2,False,False,False
xgb_trees,trees 500,st,56,immigrant,pincp,-0.18877279319069018,-0.05987852960011608,-0.1275552517360019,-0.08428109486174762,-0.10315268647437037,51,1552,,85,0.21,False,False,False
xgb_trees,trees 500,st,56,immigrant,hicov,-0.07889882757226607,-0.049261391162872314,-0.027707934379577637,-0.03552901744842529,-0.04144030809402466,51,1552,,85,0.18,False,False,False
xgb_trees,trees 500,st,6,sex_female,pincp,-0.18146729971729947,0.013087107800174635,-0.1946155652069752,0.0013581663048949366,-0.1828866237116955,41076,58207,,92,3.13,False,False,False
xgb_trees,trees 500,st,6,sex_female,hicov,0.03384123084023194,0.0013751983642578125,0.0324634313583374,0.009615778923034668,0.024222850799560547,41076,58207,,92,2.96,False,False,False
xgb_trees,trees 500,st,6,race_bw,pincp,-0.18246297664314604,-0.09207957438695225,-0.09094865965999155,-0.08277737125670015,-0.10025086279024364,4119,61748,,91,2.27,False,False,False
xgb_trees,trees 500,st,6,race_bw,hicov,0.015345646834364346,0.009019315242767334,0.006106436252593994,0.010412871837615967,0.004712879657745361,4119,61748,,91,2.48,False,False,False
xgb_trees,trees 500,st,6,immigrant,pincp,-0.26875090094567966,-0.11893949497135203,-0.149367146892752,-0.10709902879733058,-0.16120761306677345,35042,64241,,92,3.11,False,False,False
xgb_trees,trees 500,st,6,immigrant,hicov,-0.080050513778545,-0.03844541311264038,-0.04159492254257202,-0.018905282020568848,-0.061135053634643555,35042,64241,,92,3.22,False,False,False
xgb_trees,trees 500,st,8,sex_female,pincp,-0.21981364393633918,-0.013600513801234726,-0.20649687714157317,-0.019518509204228707,-0.20057888173857918,6943,9596,,92,0.74,False,False,False
xgb_trees,trees 500,st,8,sex_female,hicov,0.03742758652198985,-0.0005867481231689453,0.03831648826599121,0.012482285499572754,0.02524745464324951,6943,9596,,92,0.81,True,False,True
xgb_trees,trees 500,st,8,race_bw,pincp,-0.22475618247098517,-0.11694657748014414,-0.10897982805101414,-0.09114941947070676,-0.13477698606045152,402,14662,,91,0.73,False,False,False
xgb_trees,trees 500,st,8,immigrant,pincp,-0.23250097022780913,-0.17281039679261134,-0.05979815611829764,-0.12396353768247081,-0.10864501522843817,1649,14890,,92,0.75,False,False,False
xgb_trees,trees 500,st,8,immigrant,hicov,-0.15452220671420613,-0.08035790920257568,-0.07422775030136108,-0.02865767478942871,-0.12592798471450806,1649,14890,,92,0.79,False,False,False
xgb_trees,trees 500,st,9,sex_female,pincp,-0.32591543934684,-0.026076493010920743,-0.2990122193585858,-0.0504035222251602,-0.27468519014434634,4662,6012,,92,0.52,False,False,False
xgb_trees,trees 500,st,9,sex_female,hicov,0.01643880835497602,-0.004022121429443359,0.02063727378845215,0.0016462206840515137,0.014968931674957275,4662,6012,,92,0.55,True,False,True
xgb_trees,trees 500,st,9,race_bw,pincp,-0.4323223792453419,-0.11635709773539205,-0.3151537951869301,-0.2514327026642924,-0.18007819025802974,757,8886,,91,0.5,False,False,False
xgb_trees,trees 500,st,9,race_bw,hicov,-0.02647716518436527,-0.03217595815658569,0.005260884761810303,-0.028510749340057373,0.0015956759452819824,757,8886,,91,0.56,False,False,False
xgb_trees,trees 500,st,9,immigrant,pincp,-0.12330295028208837,-0.08577154971730927,-0.037928856836034086,-0.07992539248459885,-0.04377501406874451,1722,8952,,92,0.5,False,False,False
xgb_trees,trees 500,st,9,immigrant,hicov,-0.07303061157765922,-0.02393341064453125,-0.04941684007644653,-0.01144033670425415,-0.06190991401672363,1722,8952,,92,0.52,False,False,False
xgb_trees,trees 1000,naics_2,11,sex_female,pincp,-0.17442832844735356,0.027263892024141256,-0.2009938015513857,0.014140967410018135,-0.18787087693726257,1770,10168,,63,0.75,False,False,False
xgb_trees,trees 1000,naics_2,11,sex_female,hicov,0.06072557308405235,-0.01373380422592163,0.074704110622406,0.00014895200729370117,0.060821354389190674,1770,10168,,63,0.88,True,False,True
xgb_trees,trees 1000,naics_2,11,race_bw,pincp,-0.3082373735363646,-0.19636544756623486,-0.11269451325180668,-0.1237118546649576,-0.18534810615308395,198,10459,,62,0.71,False,False,False
xgb_trees,trees 1000,naics_2,11,race_bw,hicov,-0.08277004677234145,-0.049858808517456055,-0.03245645761489868,-0.10791575908660889,0.02560049295425415,198,10459,,62,0.74,False,True,True
xgb_trees,trees 1000,naics_2,11,immigrant,pincp,-0.5044989627739547,-0.262683779728599,-0.24246712989919672,-0.17567888196342452,-0.3294720276643712,2454,9484,,63,0.82,False,False,False
xgb_trees,trees 1000,naics_2,11,immigrant,hicov,-0.29192622963498427,-0.0699995756149292,-0.22132974863052368,-0.06268864870071411,-0.22864067554473877,2454,9484,,63,0.86,False,False,False
xgb_trees,trees 1000,naics_2,21,sex_female,pincp,-0.1566003960737774,0.15527627683011502,-0.31113685688502457,0.13810687702948066,-0.2939674570843902,858,4828,,60,0.45,False,False,False
xgb_trees,trees 1000,naics_2,21,sex_female,hicov,0.029791252657864087,-0.005049765110015869,0.03478133678436279,-0.004626095294952393,0.034357666969299316,858,4828,,60,0.53,False,False,False
xgb_trees,trees 1000,naics_2,21,race_bw,pincp,-0.3229724667527538,-0.14742825011018645,-0.17378330383026608,-0.09603462585033995,-0.22517692809011258,204,5009,,59,0.46,False,False,False
xgb_trees,trees 1000,naics_2,21,race_bw,hicov,-0.03411114895149525,-0.044678449630737305,0.010243594646453857,-0.03642219305038452,0.0019873380661010742,204,5009,,59,0.47,False,False,False
xgb_trees,trees 1000,naics_2,21,immigrant,pincp,0.04340662820095709,0.2424465683525554,-0.20095955501162166,0.14354219248308908,-0.10205517914215534,538,5148,,60,0.5,False,False,False
xgb_trees,trees 1000,naics_2,21,immigrant,hicov,-0.029199631430114614,-0.02664428949356079,-0.0019279122352600098,-0.013354361057281494,-0.015217840671539307,538,5148,,60,0.57,False,False,False
xgb_trees,trees 1000,naics_2,22,sex_female,pincp,-0.16498741705883546,0.09090218354128687,-0.25592003656110407,0.04814886129508089,-0.2131667143148981,2383,8526,,63,0.76,False,False,False
xgb_trees,trees 1000,naics_2,22,race_bw,pincp,-0.20612530453511546,-0.07117776458006375,-0.13452800444584234,-0.07493341619437643,-0.13077235283152966,778,9258,,62,0.74,False,False,False
xgb_trees,trees 1000,naics_2,22,race_bw,hicov,-0.010228352495528115,-0.012739181518554688,0.002198517322540283,-0.011906802654266357,0.0013661384582519531,778,9258,,62,0.83,False,False,False
xgb_trees,trees 1000,naics_2,22,immigrant,pincp,0.05236980693181259,0.1674616506147668,-0.11598485919132706,0.09300505555234473,-0.04152826412890498,791,10118,,63,0.82,False,False,False
xgb_trees,trees 1000,naics_2,22,immigrant,hicov,-0.04415682556453315,-0.01195371150970459,-0.03252303600311279,-0.0027065277099609375,-0.041770219802856445,791,10118,,63,0.86,False,False,False
xgb_trees,trees 1000,naics_2,23,sex_female,pincp,-0.0626446456082057,0.1050097294127319,-0.16816788752447565,0.11035672381498962,-0.17351488192673337,5486,50901,,58,2.85,False,False,False
xgb_trees,trees 1000,naics_2,23,sex_female,hicov,0.10012223552223276,0.017825305461883545,0.08238965272903442,0.03247135877609253,0.06774359941482544,5486,50901,,58,3.2,False,False,False
xgb_trees,trees 1000,naics_2,23,race_bw,pincp,-0.2200815585744582,-0.10495592620985938,-0.11513081484192433,-0.06104260839564546,-0.15904413265613826,2207,47852,,57,2.6,False,False,False
xgb_trees,trees 1000,naics_2,23,immigrant,pincp,-0.32078281195261127,-0.13758521520137812,-0.18348646357597076,-0.10276409931751829,-0.2183075794598306,11081,45306,,58,2.83,False,False,False
xgb_trees,trees 1000,naics_2,23,immigrant,hicov,-0.3059844323527965,-0.09819889068603516,-0.20785462856292725,-0.0666424036026001,-0.2394111156463623,11081,45306,,58,3.19,False,False,False
xgb_trees,trees 1000,naics_2,31,sex_female,pincp,-0.2629578528630354,-0.04068093157841979,-0.22320069512017326,-0.05003759356398341,-0.21384403313460965,6080,10147,,65,1.16,False,False,False
xgb_trees,trees 1000,naics_2,31,race_bw,pincp,-0.303773085054587,-0.13954017051142031,-0.1644064379840291,-0.14333084586099432,-0.1606157626344551,1704,11987,,64,1.02,False,False,False
xgb_trees,trees 1000,naics_2,31,race_bw,hicov,-0.015489638422845342,-0.023274123668670654,0.008283138275146484,-0.023297011852264404,0.008306026458740234,1704,11987,,64,1.02,False,False,False
xgb_trees,trees 1000,naics_2,31,immigrant,pincp,-0.34096890087177734,-0.16381735198394054,-0.1774095760626846,-0.09877903522181697,-0.24244789282480816,3768,12459,,65,1.13,False,False,False
xgb_trees,trees 1000,naics_2,31,immigrant,hicov,-0.12329223291887836,-0.034561753273010254,-0.08886867761611938,-0.03424268960952759,-0.08918774127960205,3768,12459,,65,1.21,False,False,False
xgb_trees,trees 1000,naics_2,32,sex_female,pincp,-0.14835792196557485,0.07007946727622283,-0.2189332590408224,0.045014016004003565,-0.19386780776860313,8451,21977,,67,1.88,False,False,False
xgb_trees,trees 1000,naics_2,32,sex_female,hicov,0.013688911235591239,-0.0058435797691345215,0.019484996795654297,-0.006274104118347168,0.019915521144866943,8451,21977,,67,2.04,False,False,False
xgb_trees,trees 1000,naics_2,32,race_bw,pincp,-0.2647300616488355,-0.09690289920872353,-0.16787687168975474,-0.09781687141956752,-0.16696289947891074,2081,25276,,66,1.72,False,False,False
xgb_trees,trees 1000,naics_2,32,race_bw,hicov,-0.011317819176341226,-0.01967489719390869,0.00830167531967163,-0.021656334400177002,0.010283112525939941,2081,25276,,66,1.87,False,False,False
xgb_trees,trees 1000,naics_2,32,immigrant,pincp,-0.08673017505501157,0.014258001081842053,-0.10104029077472099,0.0561603657132661,-0.14294265540614504,4028,26400,,67,1.89,False,False,False
xgb_trees,trees 1000,naics_2,32,immigrant,hicov,-0.07233731305106683,-0.017779767513275146,-0.05455470085144043,-0.013737916946411133,-0.05859655141830444,4028,26400,,67,2.02,False,False,False
xgb_trees,trees 1000,naics_2,33,sex_female,pincp,-0.2637016416912381,-0.02872145323161135,-0.23521958024397094,-0.0398515389529166,-0.2240894945226657,16238,50594,,69,3.85,False,False,False
xgb_trees,trees 1000,naics_2,33,race_bw,pincp,-0.32554110402042724,-0.12423621320182932,-0.20196401201620873,-0.14303379210750933,-0.18316643311052871,3920,54728,,68,3.7,False,False,False
xgb_trees,trees 1000,naics_2,33,race_bw,hicov,-0.017633588298643477,-0.01937580108642578,0.0017892718315124512,-0.023210346698760986,0.005623817443847656,3920,54728,,68,4.1,False,False,False
xgb_trees,trees 1000,naics_2,33,immigrant,pincp,-0.031002990109508133,0.04868595110088947,-0.080001020744497,0.07951667238202376,-0.11083174202563129,10156,56676,,69,3.91,False,False,False
xgb_trees,trees 1000,naics_2,33,immigrant,hicov,-0.04499232538424991,-0.0067136287689208984,-0.038141846656799316,-0.011340439319610596,-0.03351503610610962,10156,56676,,69,4.29,False,False,False
xgb_trees,trees 1000,naics_2,3M,sex_female,pincp,-0.3035433700709156,-0.024797866037470584,-0.2768044548649957,-0.04503959644724098,-0.2565627244552253,879,1984,,57,0.32,False,False,False
xgb_trees,trees 1000,naics_2,3M,race_bw,pincp,-0.2366623367706051,-0.11957617138736687,-0.1168825315392521,-0.09265187929063146,-0.1438068236359875,323,2116,,56,0.32,False,False,False
xgb_trees,trees 1000,naics_2,3M,race_bw,hicov,-0.028134455453656892,-0.03078705072402954,0.0018489360809326172,-0.018163561820983887,-0.010774552822113037,323,2116,,56,0.32,False,True,True
xgb_trees,trees 1000,naics_2,3M,immigrant,pincp,-0.26129086957903347,-0.03866714106418456,-0.22227674186544988,-0.048604100214790336,-0.2123397827148441,595,2268,,57,0.31,False,False,False
xgb_trees,trees 1000,naics_2,3M,immigrant,hicov,-0.10675381263616557,-0.03636056184768677,-0.06991124153137207,-0.0028011202812194824,-0.10347068309783936,595,2268,,57,0.35,False,False,False
xgb_trees,trees 1000,naics_2,42,sex_female,pincp,-0.2022436858462644,0.03698372511922088,-0.2395999422869899,0.005896213217553736,-0.20851243038532274,7903,20186,,63,1.71,False,False,False
xgb_trees,trees 1000,naics_2,42,race_bw,pincp,-0.37749029566436754,-0.08856268840260029,-0.28899900692151625,-0.11049166390304599,-0.26707003142107055,1496,23358,,62,1.57,False,False,False
xgb_trees,trees 1000,naics_2,42,race_bw,hicov,-0.03178101331838812,-0.03263908624649048,0.000585019588470459,-0.04112386703491211,0.00906980037689209,1496,23358,,62,1.62,False,False,False
xgb_trees,trees 1000,naics_2,42,immigrant,pincp,-0.2093096720413552,-0.044096540480817126,-0.16629772199071624,-0.0330262610721217,-0.17736800139941167,4233,23856,,63,1.73,False,False,False
xgb_trees,trees 1000,naics_2,42,immigrant,hicov,-0.08411581584950278,-0.014108836650848389,-0.07000046968460083,-0.012959837913513184,-0.07114946842193604,4233,23856,,63,1.82,False,False,False
xgb_trees,trees 1000,naics_2,44,sex_female,pincp,-0.25509860736859835,-0.015081735810641206,-0.2400532204114718,-0.03421111213976502,-0.220923844082348,20205,31547,,63,2.9,False,False,False
xgb_trees,trees 1000,naics_2,44,sex_female,hicov,0.014269738289013567,-0.013373792171478271,0.027518153190612793,-0.018268048763275146,0.03241240978240967,20205,31547,,63,3.28,False,False,False
xgb_trees,trees 1000,naics_2,44,race_bw,pincp,-0.21868542569681537,-0.07074506235591826,-0.1476287851580249,-0.07710276208380762,-0.14127108543013556,3611,41916,,62,2.6,False,False,False
xgb_trees,trees 1000,naics_2,44,race_bw,hicov,-0.02434017062887106,-0.02795696258544922,0.0036254525184631348,-0.03765517473220825,0.013323664665222168,3611,41916,,62,2.8,False,False,False
xgb_trees,trees 1000,naics_2,44,immigrant,pincp,-0.09665531045817133,-0.007005282989327455,-0.08921968232209565,0.02279471012024281,-0.11901967543166592,7415,44337,,63,3.16,True,False,True
xgb_trees,trees 1000,naics_2,44,immigrant,hicov,-0.09476766488920885,-0.0034897327423095703,-0.09144467115402222,-0.00925666093826294,-0.08567774295806885,7415,44337,,63,3.12,False,False,False
xgb_trees,trees 1000,naics_2,45,sex_female,pincp,-0.25316293341938767,-0.05382103241791647,-0.19896669165008518,-0.07533176364921701,-0.17745596041878464,10711,10829,,62,1.37,False,False,False
xgb_trees,trees 1000,naics_2,45,sex_female,hicov,0.012157341696831914,-0.008012533187866211,0.019761502742767334,-0.009731948375701904,0.021480917930603027,10711,10829,,62,1.44,False,False,False
xgb_trees,trees 1000,naics_2,45,race_bw,pincp,-0.2128505955917941,-0.12727698483292826,-0.08510397673492065,-0.12215877400048214,-0.09022218756736677,2034,17052,,61,1.27,False,False,False
xgb_trees,trees 1000,naics_2,45,race_bw,hicov,-0.023157172542498827,-0.015604019165039062,-0.007627427577972412,-0.02399158477783203,0.0007601380348205566,2034,17052,,61,1.29,False,True,True
xgb_trees,trees 1000,naics_2,45,immigrant,hicov,-0.04191854009015972,0.016687989234924316,-0.05810815095901489,-4.029273986816406e-05,-0.04137986898422241,2784,18756,,62,1.46,True,False,True
xgb_trees,trees 1000,naics_2,48,sex_female,pincp,-0.21276262819450054,0.05411718218350181,-0.26704401558871815,0.03265229930362601,-0.24557913270884235,5254,23016,,60,1.57,False,False,False
xgb_trees,trees 1000,naics_2,48,sex_female,hicov,0.030014488853288057,-0.0019469857215881348,0.03187674283981323,-0.001302480697631836,0.031232237815856934,5254,23016,,60,1.83,False,False,False
xgb_trees,trees 1000,naics_2,48,race_bw,pincp,-0.19750902181684893,-0.051792706834415725,-0.14618116615516286,-0.08993615678920719,-0.10803771620037139,3689,21206,,59,1.41,False,False,False
xgb_trees,trees 1000,naics_2,48,immigrant,pincp,-0.19393861612739371,-0.08029216374316839,-0.11374155809618003,-0.051573604033105624,-0.1424601178062428,4910,23360,,60,1.63,False,False,False
xgb_trees,trees 1000,naics_2,48,immigrant,hicov,-0.0972118858633485,-0.0011749267578125,-0.09584575891494751,-0.016239047050476074,-0.08078163862228394,4910,23360,,60,1.74,False,False,False
xgb_trees,trees 1000,naics_2,49,sex_female,pincp,-0.12368417112049634,-0.009731767655864587,-0.1138613508670101,-0.02420985950294252,-0.09938325901993217,3808,8351,,58,0.79,False,False,False
xgb_trees,trees 1000,naics_2,49,sex_female,hicov,0.014366675001937002,-0.009366035461425781,0.02340543270111084,-0.01151973009109497,0.02555912733078003,3808,8351,,58,0.86,False,False,False
xgb_trees,trees 1000,naics_2,49,race_bw,pincp,-0.16454436798651528,-0.046889067681958,-0.11746895086343478,-0.02272859212768097,-0.1416294264177118,1973,8563,,57,0.71,False,False,False
xgb_trees,trees 1000,naics_2,49,race_bw,hicov,-0.016498035874827455,-0.01872837543487549,0.002323448657989502,-0.023336350917816162,0.006931424140930176,1973,8563,,57,0.78,False,False,False
xgb_trees,trees 1000,naics_2,49,immigrant,pincp,-0.17166827475629098,0.044272689440852275,-0.21711390228404426,-0.037366628641867905,-0.13547458420132408,1836,10323,,58,0.78,True,False,True
xgb_trees,trees 1000,naics_2,49,immigrant,hicov,-0.0865438493521985,-0.008441507816314697,-0.07801288366317749,-0.00839310884475708,-0.07806128263473511,1836,10323,,58,0.87,False,False,False
xgb_trees,trees 1000,naics_2,4M,sex_female,pincp,-0.2786318676631705,-0.04689260398138373,-0.22948186913716384,-0.040920403052144394,-0.23545407006640318,998,1164,,58,0.3,False,False,False
xgb_trees,trees 1000,naics_2,4M,sex_female,hicov,0.010045864925727788,-0.019962430000305176,0.030631601810455322,-0.015555977821350098,0.026225149631500244,998,1164,,58,0.34,False,False,False
xgb_trees,trees 1000,naics_2,4M,race_bw,pincp,-0.15479391581975044,-0.08424545093586389,-0.07129604581950488,-0.045623215138416384,-0.10991828161695238,247,1637,,57,0.27,False,False,False
xgb_trees,trees 1000,naics_2,4M,race_bw,hicov,-0.030964116743623538,-0.026951909065246582,-0.0036187171936035156,0.00035184621810913086,-0.03092247247695923,247,1637,,57,0.31,True,False,True
xgb_trees,trees 1000,naics_2,4M,immigrant,pincp,-0.0850289573043419,-0.08265085672763561,-0.0008207524010366285,-0.03368328656035935,-0.04978832256831289,319,1843,,58,0.3,False,False,False
xgb_trees,trees 1000,naics_2,4M,immigrant,hicov,-0.13497313396278732,-0.08124303817749023,-0.053476035594940186,0.006568849086761475,-0.1412879228591919,319,1843,,58,0.31,True,False,True
xgb_trees,trees 1000,naics_2,51,sex_female,pincp,-0.2458908158496964,-0.05503389576864315,-0.1907255097581224,-0.06751752465771865,-0.1782418808690469,7812,12919,,61,1.28,False,False,False
xgb_trees,trees 1000,naics_2,51,race_bw,pincp,-0.27989747972265633,-0.13025722703670617,-0.14870178146829183,-0.10761754351329422,-0.17134146499170377,1646,16501,,60,1.08,False,False,False
xgb_trees,trees 1000,naics_2,51,race_bw,hicov,-0.016109226562578738,-0.012647688388824463,-0.0035659074783325195,-0.01240450143814087,-0.0038090944290161133,1646,16501,,60,1.24,False,False,False
xgb_trees,trees 1000,naics_2,51,immigrant,pincp,0.20968129890285958,0.18883635230057116,0.021661108872395474,0.16856964460403034,0.041927816568936294,2744,17987,,61,1.29,False,False,False
xgb_trees,trees 1000,naics_2,51,immigrant,hicov,-0.012184536904771393,0.015843331813812256,-0.027984619140625,0.0033739209175109863,-0.01551520824432373,2744,17987,,61,1.43,False,False,False
xgb_trees,trees 1000,naics_2,52,sex_female,pincp,-0.5682567617236298,-0.20145960890066128,-0.3661675213353064,-0.24542166076193617,-0.3222054694740315,29688,23262,,59,2.84,False,False,False
xgb_trees,trees 1000,naics_2,52,race_bw,pincp,-0.36008972810087947,-0.10924811754565944,-0.2506883769809143,-0.13856285623032072,-0.221373638296253,4183,42821,,58,2.61,False,False,False
xgb_trees,trees 1000,naics_2,52,race_bw,hicov,-0.014619821613350514,-0.011919617652893066,-0.0027205348014831543,-0.012614607810974121,-0.0020255446434020996,4183,42821,,58,2.89,False,False,False
xgb_trees,trees 1000,naics_2,52,immigrant,pincp,0.12872852116941047,0.15371839728037529,-0.02470874575219284,0.12969572610672664,-0.0006860745785441935,6431,46519,,59,2.9,False,False,False
xgb_trees,trees 1000,naics_2,52,immigrant,hicov,-0.013713639558709967,0.006823062896728516,-0.020467281341552734,-0.000807344913482666,-0.012836873531341553,6431,46519,,59,3.26,True,False,True
xgb_trees,trees 1000,naics_2,53,sex_female,pincp,-0.20368571994394458,-0.01008140073057362,-0.1928577912614955,-0.031784400716539096,-0.17115479127553002,7356,9663,,59,1.07,False,False,False
xgb_trees,trees 1000,naics_2,53,sex_female,hicov,0.016528081163935893,-0.008693337440490723,0.02496439218521118,-0.008290648460388184,0.024561703205108643,7356,9663,,59,1.15,False,False,False
xgb_trees,trees 1000,naics_2,53,race_bw,pincp,-0.36522123116522387,-0.06726355314374644,-0.29828806188698564,-0.11605113401775569,-0.2495004810129764,1331,13771,,58,0.96,False,False,False
xgb_trees,trees 1000,naics_2,53,race_bw,hicov,-0.022543426742933304,-0.019388198852539062,-0.0028120875358581543,-0.029021739959716797,0.00682145357131958,1331,13771,,58,1.02,False,True,True
xgb_trees,trees 1000,naics_2,53,immigrant,pincp,-0.16413766013544517,-0.03378763978402688,-0.1297257967700105,-0.014821537957821818,-0.14869189859621557,2515,14504,,59,1.07,False,False,False
xgb_trees,trees 1000,naics_2,53,immigrant,hicov,-0.06069583601534756,-0.007096648216247559,-0.053140878677368164,-0.012023091316223145,-0.04821443557739258,2515,14504,,59,1.23,False,False,False
xgb_trees,trees 1000,naics_2,54,sex_female,pincp,-0.3899332779490621,-0.10442053092813985,-0.2856326071969466,-0.12253601853858243,-0.26751711958650404,29018,43958,,60,3.96,False,False,False
xgb_trees,trees 1000,naics_2,54,race_bw,pincp,-0.2660095394753377,-0.10102619764271381,-0.16525535949415193,-0.10915005691487778,-0.15713150022198796,3444,58849,,59,3.41,False,False,False
xgb_trees,trees 1000,naics_2,54,race_bw,hicov,-0.01714595588240375,-0.011894524097442627,-0.0055106282234191895,-0.01592576503753662,-0.0014793872833251953,3444,58849,,59,3.79,False,False,False
xgb_trees,trees 1000,naics_2,54,immigrant,pincp,0.0722182219525429,0.09185181858922853,-0.020196204617979774,0.09666826303205411,-0.02501264906080536,12006,60970,,60,4.0,False,False,False
xgb_trees,trees 1000,naics_2,54,immigrant,hicov,-0.01085133722024234,0.013108253479003906,-0.02390044927597046,0.002134084701538086,-0.012926280498504639,12006,60970,,60,4.52,False,False,False
xgb_trees,trees 1000,naics_2,55,sex_female,pincp,-0.41916513373735675,-0.15511434673056534,-0.2618823869094502,-0.18024831094259142,-0.23674842269742413,689,659,,57,0.23,False,False,False
xgb_trees,trees 1000,naics_2,55,race_bw,pincp,-0.39175907995863213,-0.06118322174182644,-0.32772728652818905,-0.07305788478875996,-0.31585262348125553,77,1128,,55,0.23,False,False,False
xgb_trees,trees 1000,naics_2,55,race_bw,hicov,-0.0421962788984066,-0.010940372943878174,-0.03183460235595703,0.003374338150024414,-0.04614931344985962,77,1128,,55,0.24,True,False,True
xgb_trees,trees 1000,naics_2,55,immigrant,pincp,0.08036547274432237,-0.06652395728924887,0.1474966703096765,0.029185687322657472,0.05178702569777016,155,1193,,57,0.25,True,False,True
xgb_trees,trees 1000,naics_2,55,immigrant,hicov,-0.013233107103263642,-0.0063253045082092285,-0.006189405918121338,0.00575864315032959,-0.018273353576660156,155,1193,,57,0.25,True,False,True
xgb_trees,trees 1000,naics_2,56,sex_female,pincp,-0.1285776356521673,0.010534319209485332,-0.1395669512476072,0.0314738956106595,-0.16050652764878137,10600,18487,,60,1.64,False,False,False
xgb_trees,trees 1000,naics_2,56,sex_female,hicov,0.04997762323550159,-0.01056581735610962,0.06064969301223755,0.004171609878540039,0.04591226577758789,10600,18487,,60,1.93,True,False,True
xgb_trees,trees 1000,naics_2,56,race_bw,pincp,-0.2488064758317332,-0.10892252786845802,-0.13968578251625807,-0.06553223607925851,-0.18307607430545758,3326,21705,,59,1.42,False,False,False
xgb_trees,trees 1000,naics_2,56,immigrant,pincp,-0.2986422731817857,-0.11563185858836533,-0.1833268475593144,-0.06933104186046002,-0.2296276642872197,6273,22814,,60,1.75,False,False,False
xgb_trees,trees 1000,naics_2,56,immigrant,hicov,-0.20222463599230545,-0.06069326400756836,-0.1412200927734375,-0.028842151165008545,-0.17307120561599731,6273,22814,,60,1.81,False,False,False
xgb_trees,trees 1000,naics_2,61,sex_female,pincp,-0.19832442884073664,0.003246753311668016,-0.2014774880170176,-0.007089373578951452,-0.19114136112639812,51590,26189,,58,4.04,True,False,True
xgb_trees,trees 1000,naics_2,61,race_bw,pincp,-0.1508946986242261,-0.14700111461382903,-0.0036919700705553282,-0.10644810287171325,-0.044244981812671114,6910,63986,,57,3.62,False,False,False
xgb_trees,trees 1000,naics_2,61,race_bw,hicov,-0.020329754659157317,-0.01216268539428711,-0.00823056697845459,-0.00984799861907959,-0.01054525375366211,6910,63986,,57,4.02,False,False,False
xgb_trees,trees 1000,naics_2,61,immigrant,pincp,0.0230344050453688,0.0007374665895554244,0.02293188845279559,0.04333603877332237,-0.019666683730971357,7723,70056,,58,3.99,False,True,True
xgb_trees,trees 1000,naics_2,61,immigrant,hicov,-0.017128937570610958,-0.002397000789642334,-0.014850318431854248,-0.005208313465118408,-0.012039005756378174,7723,70056,,58,4.39,False,False,False
xgb_trees,trees 1000,naics_2,62,sex_female,pincp,-0.44504958913086057,-0.1637668429801611,-0.2813034444897742,-0.2332186690252378,-0.21185161844469746,90900,29476,,63,6.65,False,False,False
xgb_trees,trees 1000,naics_2,62,race_bw,pincp,-0.2858392759919255,-0.15596118978379714,-0.12995422193140982,-0.17003807467830967,-0.11587733703689729,15995,88854,,62,5.72,False,False,False
xgb_trees,trees 1000,naics_2,62,race_bw,hicov,-0.030612993952736645,-0.023343145847320557,-0.0073073506355285645,-0.02749776840209961,-0.0031527280807495117,15995,88854,,62,6.35,False,False,False
xgb_trees,trees 1000,naics_2,62,immigrant,pincp,0.08046984533417856,0.09954867357205366,-0.019171011355954448,0.10601004847983475,-0.02563238626373554,18087,102289,,63,6.81,False,False,False
xgb_trees,trees 1000,naics_2,62,immigrant,hicov,-0.023957826396521553,0.005189061164855957,-0.02904975414276123,-0.0026374459266662598,-0.021223247051239014,18087,102289,,63,7.24,True,False,True
xgb_trees,trees 1000,naics_2,71,sex_female,pincp,-0.17333409352919382,0.013823235405448386,-0.1866338575004356,0.004258613026266289,-0.1770692351212535,5061,7575,,58,0.84,False,False,False
xgb_trees,trees 1000,naics_2,71,sex_female,hicov,0.025007150389016353,-0.0064337849617004395,0.03105705976486206,-0.00680851936340332,0.03143179416656494,5061,7575,,58,0.9,False,False,False
xgb_trees,trees 1000,naics_2,71,race_bw,pincp,-0.23704578398977638,-0.11478557638865361,-0.12150599730987999,-0.08039724889931854,-0.15589432479921506,968,9874,,57,0.77,False,False,False
xgb_trees,trees 1000,naics_2,71,race_bw,hicov,-0.017584791513566844,-0.01879483461380005,0.001249849796295166,-0.029687702655792236,0.012142717838287354,968,9874,,57,0.81,False,False,False
xgb_trees,trees 1000,naics_2,71,immigrant,pincp,-0.12326965074971952,-0.07479468305865566,-0.04856957255239358,-0.02797377531827827,-0.09539048029277097,1670,10966,,58,0.85,False,False,False
xgb_trees,trees 1000,naics_2,71,immigrant,hicov,-0.05514562703882775,-0.0009742975234985352,-0.05414390563964844,-0.007114231586456299,-0.048003971576690674,1670,10966,,58,0.9,False,False,False
xgb_trees,trees 1000,naics_2,72,sex_female,pincp,-0.18401379581246324,-0.01016965454557095,-0.17377376040536952,-0.00833162329504411,-0.17561179165589635,14143,17193,,58,1.79,False,False,False
xgb_trees,trees 1000,naics_2,72,sex_female,hicov,0.04015889515060789,-0.018992185592651367,0.05934858322143555,-0.02220141887664795,0.06255781650543213,14143,17193,,58,1.95,False,False,False
xgb_trees,trees 1000,naics_2,72,race_bw,pincp,-0.1928744781570586,-0.09494020860940466,-0.09674557016907492,-0.05884530252395059,-0.132840476254529,3165,21329,,57,1.44,False,False,False
xgb_trees,trees 1000,naics_2,72,immigrant,pincp,-0.1366419172241944,-0.04712259006517883,-0.08986301265215602,-0.006568180338344831,-0.13041742237899,9698,21638,,58,1.82,False,False,False
xgb_trees,trees 1000,naics_2,72,immigrant,hicov,-0.14235072495587275,0.01984238624572754,-0.16194027662277222,-0.0034632086753845215,-0.13863468170166016,9698,21638,,58,1.91,True,False,True
xgb_trees,trees 1000,naics_2,81,sex_female,pincp,-0.19443770611913358,-0.0031467841656436235,-0.19168358688716758,-0.0508975808709593,-0.1439327901818519,14329,19378,,63,1.99,False,False,False
xgb_trees,trees 1000,naics_2,81,sex_female,hicov,0.028035678892645688,-0.014745771884918213,0.04322606325149536,-0.009823143482208252,0.0383034348487854,14329,19378,,63,2.29,False,False,False
xgb_trees,trees 1000,naics_2,81,race_bw,pincp,-0.1435280769370042,-0.04217551630206273,-0.10195995479314668,-0.05007142455083269,-0.09406404654437672,2516,26304,,62,1.72,False,False,False
xgb_trees,trees 1000,naics_2,81,race_bw,hicov,-0.025556209118091866,-0.028446674346923828,0.003150761127471924,-0.029004395008087158,0.003708481788635254,2516,26304,,62,1.92,False,False,False
xgb_trees,trees 1000,naics_2,81,immigrant,pincp,-0.28521872580984997,-0.1860824889511683,-0.09843149962791387,-0.10683421703509666,-0.1776797715439855,6640,27067,,63,2.02,False,False,False
xgb_trees,trees 1000,naics_2,81,immigrant,hicov,-0.13345759362866183,-0.044721126556396484,-0.08880597352981567,-0.04181802272796631,-0.09170907735824585,6640,27067,,63,2.16,False,False,False
xgb_trees,trees 1000,naics_2,92,sex_female,pincp,-0.2414473940877997,-0.014859974565267109,-0.22694592407867553,-0.05073879566976025,-0.1910671029741824,24767,31895,,60,3.06,False,False,False
xgb_trees,trees 1000,naics_2,92,race_bw,pincp,-0.10552062676527818,-0.049339130962902544,-0.05537332559623209,-0.039558600170567004,-0.06515385638856763,7382,43626,,59,2.84,False,False,False
xgb_trees,trees 1000,naics_2,92,immigrant,pincp,0.04760441151955597,0.08631607419082066,-0.038460733670111935,0.09324922318887197,-0.04539388266816324,4213,52449,,60,3.12,False,False,False
xgb_trees,trees 1000,naics_2,92,immigrant,hicov,-0.014170391838873697,0.0033761262893676758,-0.017495334148406982,-0.0030729174613952637,-0.011046290397644043,4213,52449,,60,3.47,True,False,True
xgb_trees,trees 1000,st,1,sex_female,pincp,-0.31555702394613583,-0.023945443672539923,-0.29208391777864584,-0.04016013194150503,-0.27586922950968074,5293,6854,,92,1.06,False,False,False
xgb_trees,trees 1000,st,1,sex_female,hicov,0.021982361759625313,-0.0022993087768554688,0.024423182010650635,0.0006563067436218262,0.02146756649017334,5293,6854,,92,1.23,True,False,True
xgb_trees,trees 1000,st,1,race_bw,pincp,-0.28298982130619343,-0.13939761241087112,-0.143580724439051,-0.15851152359685017,-0.12446681325307196,2338,9360,,91,1.04,False,False,False
xgb_trees,trees 1000,st,1,race_bw,hicov,-0.03265821836181115,-0.01998162269592285,-0.012952983379364014,-0.017454445362091064,-0.0154801607131958,2338,9360,,91,1.22,False,False,False
xgb_trees,trees 1000,st,1,immigrant,pincp,-0.10406233370699525,-0.016959720947271606,-0.08497311733471768,-0.04252841773829452,-0.05940442054369477,463,11684,,92,1.04,False,False,False
xgb_trees,trees 1000,st,1,immigrant,hicov,-0.19473714954566734,-0.06395459175109863,-0.13069689273834229,-0.05290418863296509,-0.14174729585647583,463,11684,,92,1.13,False,False,False
xgb_trees,trees 1000,st,10,sex_female,pincp,-0.23852588673327801,-0.01916440682870757,-0.21739952084652003,-0.018765854904495782,-0.21779807277073182,1208,1387,,88,0.41,False,False,False
xgb_trees,trees 1000,st,10,sex_female,hicov,0.018984825985857268,-0.007396578788757324,0.026282012462615967,0.007777571678161621,0.011107861995697021,1208,1387,,88,0.5,True,False,True
xgb_trees,trees 1000,st,10,race_bw,pincp,-0.26441259231673087,-0.14651864550796923,-0.11771338643907114,-0.10055755790794052,-0.16367447403909985,431,1975,,87,0.41,False,False,False
xgb_trees,trees 1000,st,10,immigrant,hicov,-0.056482306259616144,-0.0348624587059021,-0.022247374057769775,-0.00821465253829956,-0.048895180225372314,265,2330,,88,0.46,False,False,False
xgb_trees,trees 1000,st,11,sex_female,pincp,-0.1948040157321529,-0.0426978152119144,-0.15236609787949362,-0.06239727341461432,-0.1326666396767937,1214,1142,,68,0.33,False,False,False
xgb_trees,trees 1000,st,11,sex_female,hicov,0.01159848469548208,0.0016594529151916504,0.01005101203918457,-0.006547749042510986,0.018258213996887207,1214,1142,,68,0.41,True,False,True
xgb_trees,trees 1000,st,11,race_bw,pincp,-0.5086204482738559,-0.29817460281271124,-0.2107347266404762,-0.24273853659129685,-0.2661707928618906,642,1452,,66,0.3,False,False,False
xgb_trees,trees 1000,st,11,race_bw,hicov,-0.030167863855204535,-0.028251349925994873,-0.002198517322540283,-0.051152944564819336,0.02070307731628418,642,1452,,66,0.41,False,True,True
xgb_trees,trees 1000,st,11,immigrant,pincp,-0.20919592588855096,-0.10930639869612335,-0.10188400605145453,-0.056470635547386294,-0.1547197692001916,316,2040,,68,0.39,False,False,False
xgb_trees,trees 1000,st,11,immigrant,hicov,-0.046624472573839615,-0.03010505437850952,-0.01667332649230957,-0.021567821502685547,-0.025210559368133545,316,2040,,68,0.37,False,False,False
xgb_trees,trees 1000,st,12,sex_female,pincp,-0.22696732350444826,-0.01208789687944467,-0.21517926819952748,-0.012317505393861339,-0.21494965968511082,22979,28252,,92,3.6,False,False,False
xgb_trees,trees 1000,st,12,sex_female,hicov,0.04205411755614552,0.004805922508239746,0.037282466888427734,0.011700928211212158,0.030387461185455322,22979,28252,,92,4.1,False,False,False
xgb_trees,trees 1000,st,12,race_bw,pincp,-0.31454446007065684,-0.10309855808126045,-0.21115919636172542,-0.1538761477246009,-0.16038160671838497,6198,41213,,91,3.62,False,False,False
xgb_trees,trees 1000,st,12,race_bw,hicov,-0.010981150374180237,-0.025078654289245605,0.014261424541473389,-0.028905868530273438,0.01808863878250122,6198,41213,,91,3.99,False,False,False
xgb_trees,trees 1000,st,12,immigrant,pincp,-0.19235966803892168,-0.0650390512316914,-0.1277552152973236,-0.06554859391056489,-0.1272456726184501,12037,39194,,92,3.65,False,False,False
xgb_trees,trees 1000,st,12,immigrant,hicov,-0.08944399925169921,-0.04138678312301636,-0.048236072063446045,-0.02852332592010498,-0.06109952926635742,12037,39194,,92,4.12,False,False,False
xgb_trees,trees 1000,st,13,sex_female,pincp,-0.2577587064321296,-0.02648659329955727,-0.23113247561572514,-0.03686191308493214,-0.22075715583035027,11957,14978,,92,2.11,False,False,False
xgb_trees,trees 1000,st,13,sex_female,hicov,0.040407528990723085,0.006445109844207764,0.033937692642211914,0.018524646759033203,0.021858155727386475,11957,14978,,92,2.28,False,False,False
xgb_trees,trees 1000,st,13,race_bw,pincp,-0.3001484008017652,-0.11647969909159883,-0.18386852063002834,-0.13665133400213314,-0.16369688571949403,6248,18543,,91,2.01,False,False,False
xgb_trees,trees 1000,st,13,immigrant,pincp,-0.13744674471266727,-0.05134648073711645,-0.08585922079901387,-0.019884212583036742,-0.11732148895309358,3334,23601,,92,2.11,False,False,False
xgb_trees,trees 1000,st,13,immigrant,hicov,-0.1524436310144861,-0.07505738735198975,-0.07706880569458008,-0.04978591203689575,-0.10234028100967407,3334,23601,,92,2.37,False,False,False
xgb_trees,trees 1000,st,15,sex_female,pincp,-0.20822507750450292,-0.00658512370443276,-0.2011824969740399,-0.017604733433200792,-0.19016288724527186,1861,2153,,87,0.51,False,False,False
xgb_trees,trees 1000,st,15,immigrant,pincp,-0.22547582941900401,-0.17592629939468374,-0.04842746060526437,-0.09170012379664882,-0.13265363620329929,811,3203,,87,0.52,False,False,False
xgb_trees,trees 1000,st,15,immigrant,hicov,-0.016183964401437767,0.008687376976013184,-0.025212526321411133,-0.0021042823791503906,-0.014420866966247559,811,3203,,87,0.6,True,False,True
xgb_trees,trees 1000,st,16,sex_female,pincp,-0.2783884125134932,-0.03648223769063108,-0.24142921438307674,-0.05893256058519647,-0.21897889148851135,1482,2423,,92,0.55,False,False,False
xgb_trees,trees 1000,st,16,sex_female,hicov,0.02785997661858386,-0.012789547443389893,0.04161709547042847,0.01308751106262207,0.015740036964416504,1482,2423,,92,0.6,True,False,True
xgb_trees,trees 1000,st,16,immigrant,pincp,-0.23283176258720495,-0.1923646673897963,-0.04152817732694203,-0.09600689978514332,-0.137885944931595,270,3635,,92,0.49,False,False,False
xgb_trees,trees 1000,st,16,immigrant,hicov,-0.21530898160884404,-0.08481597900390625,-0.131122887134552,-0.028367817401885986,-0.18757104873657227,270,3635,,92,0.6,False,False,False
xgb_trees,trees 1000,st,17,sex_female,pincp,-0.2669812951341086,-0.01647524757363783,-0.2500277498573844,-0.03687522648306363,-0.2296277709479586,16072,20780,,92,2.73,False,False,False
xgb_trees,trees 1000,st,17,sex_female,hicov,0.021942164973691503,-0.002644956111907959,0.02449643611907959,0.0027257204055786133,0.019125759601593018,16072,20780,,92,3.07,True,False,True
xgb_trees,trees 1000,st,17,race_bw,pincp,-0.2526898601930849,-0.126995885460083,-0.12527142236909228,-0.15077499449566112,-0.10149231333351416,2889,29991,,91,2.56,False,False,False
xgb_trees,trees 1000,st,17,race_bw,hicov,-0.010611837064445684,-0.011121273040771484,0.0005721449851989746,-0.010757148265838623,0.00020802021026611328,2889,29991,,91,2.8,False,False,False
xgb_trees,trees 1000,st,17,immigrant,pincp,-0.15593137100749743,-0.09169638065074537,-0.06426138719855423,-0.05771533494452363,-0.09824243290477597,5317,31535,,92,2.68,False,False,False
xgb_trees,trees 1000,st,17,immigrant,hicov,-0.10988308425168858,-0.04275059700012207,-0.06711846590042114,-0.018230140209197998,-0.09163892269134521,5317,31535,,92,2.97,False,False,False
xgb_trees,trees 1000,st,18,sex_female,pincp,-0.27875708923041387,-0.018819753653183113,-0.2604066465059294,-0.03736369315716814,-0.24186270700194434,7777,10797,,92,1.53,False,False,False
xgb_trees,trees 1000,st,18,sex_female,hicov,0.0213776825624451,-0.00938647985458374,0.03066951036453247,-0.0037633776664733887,0.02504640817642212,7777,10797,,92,1.66,False,False,False
xgb_trees,trees 1000,st,18,race_bw,pincp,-0.2081506916689495,-0.09244199848923174,-0.11698934904768343,-0.1387913906378646,-0.07063995689905056,952,16842,,91,1.52,False,False,False
xgb_trees,trees 1000,st,18,race_bw,hicov,-0.02568159433349404,-0.02344423532485962,-0.0022937655448913574,-0.026772618293762207,0.0010346174240112305,952,16842,,91,1.67,False,True,True
xgb_trees,trees 1000,st,18,immigrant,pincp,-0.06084523232568806,-0.006248650273677825,-0.05361004764000832,-0.0005908228174646979,-0.059267875096221445,902,17672,,92,1.51,False,False,False
xgb_trees,trees 1000,st,18,immigrant,hicov,-0.12342297535078728,-0.04771977663040161,-0.07623308897018433,-0.02395254373550415,-0.10000032186508179,902,17672,,92,1.73,False,False,False
xgb_trees,trees 1000,st,19,sex_female,pincp,-0.2736595145704044,0.002157564642232046,-0.27651735143920675,-0.010357451667820428,-0.2640023351291543,4140,5444,,91,0.87,True,False,True
xgb_trees,trees 1000,st,19,sex_female,hicov,0.016002371089743006,-0.004065811634063721,0.020291030406951904,0.0028262734413146973,0.013398945331573486,4140,5444,,91,1.02,True,False,True
xgb_trees,trees 1000,st,19,race_bw,pincp,-0.24415269307218423,0.020077554646610096,-0.26318342604022504,-0.07641232142121801,-0.16669354997239694,111,9195,,90,0.92,True,False,True
xgb_trees,trees 1000,st,19,race_bw,hicov,-0.03685316638008318,-0.006015121936798096,-0.03176039457321167,-0.03621441125869751,-0.0015611052513122559,111,9195,,90,0.91,False,False,False
xgb_trees,trees 1000,st,19,immigrant,pincp,-0.17885441342499675,-0.06035729063266615,-0.12001315861814632,-0.04895211356542184,-0.13141833568539063,337,9247,,91,0.91,False,False,False
xgb_trees,trees 1000,st,19,immigrant,hicov,-0.09074592802413417,-0.038677096366882324,-0.052007317543029785,-0.008893847465515137,-0.08179056644439697,337,9247,,91,0.97,False,False,False
xgb_trees,trees 1000,st,2,sex_female,pincp,-0.2467624061895748,0.004872353470240398,-0.2516567837223711,-0.05471998979457737,-0.19206444045755333,633,751,,78,0.33,True,False,True
xgb_trees,trees 1000,st,2,sex_female,hicov,0.016433065549251835,-0.026312410831451416,0.04167550802230835,0.018987655639648438,-0.003624558448791504,633,751,,78,0.33,True,True,True
xgb_trees,trees 1000,st,2,immigrant,pincp,-0.4029133360731656,-0.24978935376052647,-0.15113205014224285,-0.12231333054381821,-0.2786080733589511,138,1246,,78,0.3,False,False,False
xgb_trees,trees 1000,st,2,immigrant,hicov,-0.051969199990694825,-0.06793177127838135,0.015425384044647217,-0.07996934652328491,0.02746295928955078,138,1246,,78,0.31,False,False,False
xgb_trees,trees 1000,st,20,sex_female,pincp,-0.2804944645361651,0.00047751172074939063,-0.28056475300049577,-0.004112389799336924,-0.27597485148040946,3580,4753,,92,0.77,True,False,True
xgb_trees,trees 1000,st,20,sex_female,hicov,0.028491913957312542,-0.008352875709533691,0.03664839267730713,0.008726894855499268,0.01956862211227417,3580,4753,,92,0.92,True,False,True
xgb_trees,trees 1000,st,20,race_bw,pincp,-0.17290278528006198,-0.13394932828826356,-0.03936535894320947,-0.12132721778151634,-0.05198746944995669,235,7590,,91,0.82,False,False,False
xgb_trees,trees 1000,st,20,race_bw,hicov,-0.07053233537969883,0.001008152961730957,-0.0714457631111145,-0.012704193592071533,-0.05773341655731201,235,7590,,91,0.91,True,False,True
xgb_trees,trees 1000,st,20,immigrant,pincp,-0.16134057531916035,-0.12079342085801592,-0.0381325064089264,-0.07480509622334175,-0.08412083104360057,556,7777,,92,0.8,False,False,False
xgb_trees,trees 1000,st,20,immigrant,hicov,-0.12007737258823514,-0.037153542041778564,-0.08248680830001831,-0.03924375772476196,-0.08039659261703491,556,7777,,92,0.87,False,False,False
xgb_trees,trees 1000,st,21,sex_female,pincp,-0.27344839490346473,-0.010202379766196756,-0.26311523595525976,-0.025837945717984923,-0.2474796700034716,5168,6566,,92,1.01,False,False,False
xgb_trees,trees 1000,st,21,sex_female,hicov,0.018908447118046068,-0.0034146904945373535,0.02224785089492798,0.003293633460998535,0.01553952693939209,5168,6566,,92,1.15,True,False,True
xgb_trees,trees 1000,st,21,race_bw,pincp,-0.26856783080580726,-0.16415687415206648,-0.10375159242828502,-0.15336066633643775,-0.11454780024391376,647,10738,,91,1.08,False,False,False
xgb_trees,trees 1000,st,21,immigrant,pincp,-0.07145706307004751,-0.009910161914033822,-0.06106048771187922,0.012343138027292255,-0.0833137876532053,445,11289,,92,1.08,True,False,True
xgb_trees,trees 1000,st,21,immigrant,hicov,-0.12914371253313106,-0.055068135261535645,-0.07437580823898315,-0.01466989517211914,-0.11477404832839966,445,11289,,92,1.19,False,False,False
xgb_trees,trees 1000,st,22,sex_female,pincp,-0.3786737215261695,-0.04432338710507189,-0.33526793487758866,-0.09894124846331387,-0.2806500735193467,5065,5961,,92,0.94,False,False,False
xgb_trees,trees 1000,st,22,sex_female,hicov,0.02384849994857985,-0.0044435858726501465,0.028176069259643555,0.0046125054359436035,0.019119977951049805,5065,5961,,92,1.06,True,False,True
xgb_trees,trees 1000,st,22,race_bw,pincp,-0.3835029925119162,-0.1882918022115252,-0.19579929905047067,-0.19358884750127459,-0.19050225376072127,2477,8026,,91,1.01,False,False,False
xgb_trees,trees 1000,st,22,race_bw,hicov,-0.029161130645144806,-0.030037283897399902,0.0012478232383728027,-0.03640103340148926,0.007611572742462158,2477,8026,,91,1.07,False,False,False
xgb_trees,trees 1000,st,22,immigrant,pincp,-0.12196761308323723,-0.03223309947655473,-0.09070582635885494,-0.02083375670978249,-0.10210516912562717,503,10523,,92,0.95,False,False,False
xgb_trees,trees 1000,st,22,immigrant,hicov,-0.16816652116191944,-0.09839743375778198,-0.06950390338897705,-0.05811434984207153,-0.1097869873046875,503,10523,,92,1.11,False,False,False
xgb_trees,trees 1000,st,23,sex_female,pincp,-0.19825235908339245,-0.010351388419843843,-0.18619584495077568,-0.0038308832193543196,-0.1927163501512652,1463,1847,,89,0.5,False,False,False
xgb_trees,trees 1000,st,23,sex_female,hicov,0.02401966426130797,0.020950734615325928,0.002296268939971924,0.00964820384979248,0.013598799705505371,1463,1847,,89,0.53,False,False,False
xgb_trees,trees 1000,st,23,immigrant,pincp,0.01777096885950158,-0.10531140916364201,0.1223464162319221,0.0300753367144182,-0.013040329646138105,103,3207,,89,0.51,True,True,True
xgb_trees,trees 1000,st,23,immigrant,hicov,0.013819890349084707,0.008784234523773193,0.005569934844970703,-0.011223912239074707,0.025578081607818604,103,3207,,89,0.49,True,False,True
xgb_trees,trees 1000,st,24,sex_female,pincp,-0.21181734877639613,-0.01968156150263667,-0.19241403728263862,-0.032654317288528745,-0.17944128149674654,8713,10246,,92,1.47,False,False,False
xgb_trees,trees 1000,st,24,sex_female,hicov,0.020371533298194855,0.005106449127197266,0.015224814414978027,0.010880112648010254,0.009451150894165039,8713,10246,,92,1.72,False,False,False
xgb_trees,trees 1000,st,24,race_bw,pincp,-0.24287667447884864,-0.10586326017637404,-0.13697937968439433,-0.14017502992400743,-0.10266760993676094,4610,12209,,91,1.41,False,False,False
xgb_trees,trees 1000,st,24,immigrant,pincp,-0.15568432450642078,-0.07811121631785944,-0.07824551531645163,-0.04942586342706434,-0.10693086820724673,3231,15728,,92,1.58,False,False,False
xgb_trees,trees 1000,st,24,immigrant,hicov,-0.09323396376594617,-0.034942626953125,-0.05841076374053955,-0.020764291286468506,-0.07258909940719604,3231,15728,,92,1.78,False,False,False
xgb_trees,trees 1000,st,25,sex_female,pincp,-0.24144678808740672,-0.014566438570215112,-0.22663287155187284,-0.06578803566316971,-0.17541127445891824,9062,11429,,92,1.79,False,False,False
xgb_trees,trees 1000,st,25,race_bw,pincp,-0.3719536144677207,-0.2103823705785306,-0.16075165079965892,-0.24246544904743317,-0.12866857233075635,1013,17304,,91,1.55,False,False,False
xgb_trees,trees 1000,st,25,race_bw,hicov,-0.02695569022038513,-0.018021881580352783,-0.00844806432723999,-0.016165554523468018,-0.010304391384124756,1013,17304,,91,1.7,False,False,False
xgb_trees,trees 1000,st,25,immigrant,pincp,-0.14461822017134907,-0.08844568676168585,-0.05657815655138698,-0.08898062918502525,-0.05604321412804758,3687,16804,,92,1.74,False,False,False
xgb_trees,trees 1000,st,25,immigrant,hicov,-0.027022590162996685,-0.011178255081176758,-0.015825867652893066,-0.004891455173492432,-0.022112667560577393,3687,16804,,92,1.88,False,False,False
xgb_trees,trees 1000,st,26,sex_female,pincp,-0.24651994082032935,-0.005627964402521002,-0.24112836056897358,-0.02848962245563058,-0.218266702515864,10790,14934,,92,1.88,False,False,False
xgb_trees,trees 1000,st,26,sex_female,hicov,0.019076658955257342,-0.0037603378295898438,0.022791564464569092,-0.0011363625526428223,0.02016758918762207,10790,14934,,92,2.21,False,False,False
xgb_trees,trees 1000,st,26,race_bw,pincp,-0.2167167997666084,-0.08762291304925895,-0.12942679506464927,-0.12215932968513776,-0.09489037842877046,1695,22671,,91,1.95,False,False,False
xgb_trees,trees 1000,st,26,race_bw,hicov,-0.01643165823712256,-0.02452772855758667,0.008495330810546875,-0.018793582916259766,0.0027611851692199707,1695,22671,,91,2.2,False,False,False
xgb_trees,trees 1000,st,26,immigrant,pincp,0.11652478612974271,0.12017127311011144,-0.005203059802923349,0.1379117105960077,-0.022943497288819614,1631,24093,,92,2.02,False,False,False
xgb_trees,trees 1000,st,26,immigrant,hicov,-0.03729620884818308,0.018844127655029297,-0.056537091732025146,0.0020818114280700684,-0.03977477550506592,1631,24093,,92,2.22,False,False,False
xgb_trees,trees 1000,st,27,sex_female,pincp,-0.22993728022987447,-0.0015523062654398956,-0.22818369366287072,-0.0010517255840767348,-0.22868427434423388,7010,9668,,92,1.33,False,False,False
xgb_trees,trees 1000,st,27,sex_female,hicov,0.017500090006769664,0.0035210251808166504,0.013844311237335205,0.004110395908355713,0.013254940509796143,7010,9668,,92,1.5,False,False,False
xgb_trees,trees 1000,st,27,race_bw,pincp,-0.270576940371841,-0.24467810843971805,-0.0272152842998441,-0.11844546805416023,-0.15344792468540192,307,15438,,91,1.37,False,False,False
xgb_trees,trees 1000,st,27,race_bw,hicov,-0.05278400562426233,-0.05057966709136963,-0.002283930778503418,-0.04531174898147583,-0.007551848888397217,307,15438,,91,1.52,False,False,False
xgb_trees,trees 1000,st,27,immigrant,pincp,-0.13052885294286476,-0.051703657071138664,-0.0777752663215292,-0.03737470577465807,-0.0921042176180098,860,15818,,92,1.32,False,False,False
xgb_trees,trees 1000,st,27,immigrant,hicov,-0.07335990496549405,-0.00873333215713501,-0.06452631950378418,-0.025193870067596436,-0.048065781593322754,860,15818,,92,1.55,False,False,False
xgb_trees,trees 1000,st,28,sex_female,pincp,-0.31134078456686076,-0.002663895241262537,-0.30830613536349816,-0.043735007627793365,-0.26723502297696733,3262,3776,,92,0.7,False,False,False
xgb_trees,trees 1000,st,28,sex_female,hicov,0.03289857397458151,-0.004508018493652344,0.03697478771209717,0.012496769428253174,0.01996999979019165,3262,3776,,92,0.88,True,False,True
xgb_trees,trees 1000,st,28,race_bw,pincp,-0.3900275817952199,-0.11882567881201922,-0.2696683345851927,-0.14785385360516834,-0.24064015979204356,2102,4731,,91,0.71,False,False,False
xgb_trees,trees 1000,st,28,race_bw,hicov,-0.022910712407444356,-0.035161614418029785,0.012361884117126465,-0.03691601753234863,0.014116287231445312,2102,4731,,91,0.84,False,False,False
xgb_trees,trees 1000,st,28,immigrant,pincp,-0.13604796160766774,0.021671237744914862,-0.16121929150321002,-0.06592933646377475,-0.07361871729452041,189,6849,,92,0.75,True,False,True
xgb_trees,trees 1000,st,28,immigrant,hicov,-0.20993679994994052,-0.090248703956604,-0.11852920055389404,-0.057320594787597656,-0.1514573097229004,189,6849,,92,0.79,False,False,False
xgb_trees,trees 1000,st,29,sex_female,pincp,-0.27515273629759385,-0.015381014924937375,-0.25967661396323827,-0.027815158538485818,-0.24724247034968982,7601,9533,,92,1.31,False,False,False
xgb_trees,trees 1000,st,29,sex_female,hicov,0.01863879096443022,-0.008080720901489258,0.026692450046539307,0.005999743938446045,0.012611985206604004,7601,9533,,92,1.56,True,False,True
xgb_trees,trees 1000,st,29,race_bw,pincp,-0.1991943295278631,-0.0948774025798631,-0.10421073723076546,-0.12642746618445422,-0.07266067362617434,1153,15279,,91,1.4,False,False,False
xgb_trees,trees 1000,st,29,immigrant,hicov,-0.07705422012447072,-0.02257591485977173,-0.054313480854034424,-0.015715420246124268,-0.061173975467681885,742,16392,,92,1.5,False,False,False
xgb_trees,trees 1000,st,30,sex_female,pincp,-0.28979446174989043,0.037030076454200866,-0.32797163563805576,-0.01296653140999382,-0.27797502777386107,1065,1480,,90,0.42,True,False,True
xgb_trees,trees 1000,st,31,sex_female,pincp,-0.281439103191774,0.01202082138304661,-0.2937290152176164,-0.02515484603017093,-0.25655334780439887,2516,3334,,92,0.66,True,False,True
xgb_trees,trees 1000,st,31,race_bw,pincp,-0.2017146058405448,-0.0806279596528583,-0.12043497258712677,-0.1201610409964271,-0.08090189124355796,119,5464,,91,0.64,False,False,False
xgb_trees,trees 1000,st,31,race_bw,hicov,-0.06312363891383777,-0.027543604373931885,-0.03574496507644653,-0.02980560064315796,-0.03348296880722046,119,5464,,91,0.69,False,False,False
xgb_trees,trees 1000,st,31,immigrant,pincp,-0.30890042652009875,-0.10359107456520178,-0.20502442630077766,-0.14312625691040104,-0.1654892439555784,283,5567,,92,0.67,False,False,False
xgb_trees,trees 1000,st,31,immigrant,hicov,-0.1141031101372868,-0.03586852550506592,-0.07851076126098633,-0.028912603855133057,-0.08546668291091919,283,5567,,92,0.72,False,False,False
xgb_trees,trees 1000,st,32,sex_female,pincp,-0.22430918693346769,0.016509477677136175,-0.2404940283510104,-0.006309725122850551,-0.2176748255510237,3203,4225,,91,0.84,True,False,True
xgb_trees,trees 1000,st,32,sex_female,hicov,0.04386575455333108,-0.0015044808387756348,0.04527026414871216,0.010100960731506348,0.033664822578430176,3203,4225,,91,0.85,True,False,True
xgb_trees,trees 1000,st,32,race_bw,pincp,-0.22144703617116335,-0.09547632968053144,-0.1260531376780154,-0.11476106013763143,-0.1067684072209154,508,5229,,90,0.64,False,False,False
xgb_trees,trees 1000,st,32,race_bw,hicov,0.01350433605437873,-0.026584148406982422,0.03989607095718384,0.00032085180282592773,0.012991070747375488,508,5229,,90,0.67,True,False,True
xgb_trees,trees 1000,st,32,immigrant,pincp,-0.30383233352831596,-0.13965635417657474,-0.16444501986685545,-0.15794148112573048,-0.1461598929176997,1872,5556,,91,0.77,False,False,False
xgb_trees,trees 1000,st,32,immigrant,hicov,-0.1171244761957504,-0.047428786754608154,-0.0701209306716919,-0.028370141983032227,-0.08917957544326782,1872,5556,,91,0.82,False,False,False
xgb_trees,trees 1000,st,33,sex_female,pincp,-0.2749833742141927,-0.012776545752876345,-0.2612376562728702,-0.010963431199003892,-0.26305077082674266,1775,2482,,92,0.55,False,False,False
xgb_trees,trees 1000,st,33,sex_female,hicov,0.02131947202959905,-0.004478812217712402,0.02594459056854248,0.007449507713317871,0.014016270637512207,1775,2482,,92,0.59,True,False,True
xgb_trees,trees 1000,st,33,immigrant,pincp,-0.01960434517791043,0.004365878807920609,-0.023431478221150215,0.12717453198285433,-0.14624013139608394,213,4044,,92,0.54,False,False,False
xgb_trees,trees 1000,st,34,sex_female,pincp,-0.27959417182269064,-0.02280964185530543,-0.2569944945483602,-0.0625802969431799,-0.21722383946048573,11310,14947,,92,2.01,False,False,False
xgb_trees,trees 1000,st,34,sex_female,hicov,0.026453037100081955,-0.00031834840774536133,0.026596546173095703,0.003992021083831787,0.022286176681518555,11310,14947,,92,2.34,True,False,True
xgb_trees,trees 1000,st,34,race_bw,pincp,-0.3485279411658162,-0.14583770800718554,-0.20328874974051736,-0.20451965066177102,-0.14460680708593188,2450,19368,,91,1.86,False,False,False
xgb_trees,trees 1000,st,34,immigrant,pincp,-0.18133677494972034,-0.06929849253052112,-0.1112651140787051,-0.07650011286391845,-0.10406349374530777,6979,19278,,92,2.03,False,False,False
xgb_trees,trees 1000,st,34,immigrant,hicov,-0.1122939833089891,-0.04510307312011719,-0.06713098287582397,-0.019113361835479736,-0.09312069416046143,6979,19278,,92,2.35,False,False,False
xgb_trees,trees 1000,st,35,sex_female,pincp,-0.19025334313377584,0.01974317813471238,-0.20928125056570757,-0.05433502188043171,-0.13520305055056347,2064,2495,,90,0.58,True,False,True
xgb_trees,trees 1000,st,35,sex_female,hicov,0.027719392272917864,-0.012260377407073975,0.03963267803192139,0.017068862915039062,0.01030343770980835,2064,2495,,90,0.57,True,False,True
xgb_trees,trees 1000,st,35,race_bw,pincp,-0.15214511430401068,-0.1500313400498321,-0.001574676703004485,-0.002098380298267699,-0.14950763645456888,67,3264,,88,0.47,False,False,False
xgb_trees,trees 1000,st,35,immigrant,pincp,-0.22003643556194064,-0.10832070579861508,-0.11249176985393028,-0.07134417633178103,-0.14946829932076433,490,4069,,90,0.59,False,False,False
xgb_trees,trees 1000,st,35,immigrant,hicov,-0.16557044051338898,-0.0902746319770813,-0.07444149255752563,-0.03580528497695923,-0.1289108395576477,490,4069,,90,0.65,False,False,False
xgb_trees,trees 1000,st,36,sex_female,pincp,-0.2004874804493344,0.020392598565212694,-0.22088154556610462,-0.014205731035849212,-0.18628321596504271,24821,30289,,92,4.01,True,False,True
xgb_trees,trees 1000,st,36,sex_female,hicov,0.03008149330087584,0.005705118179321289,0.024418890476226807,0.012484312057495117,0.01763969659805298,24821,30289,,92,4.48,False,False,False
xgb_trees,trees 1000,st,36,race_bw,pincp,-0.27242488117953023,-0.12770424320786766,-0.14431947612580664,-0.18484496698844133,-0.08717875234523298,6432,39884,,91,3.64,False,False,False
xgb_trees,trees 1000,st,36,race_bw,hicov,-0.021661153788773424,-0.017461061477661133,-0.004263877868652344,-0.02869570255279541,0.006970763206481934,6432,39884,,91,4.0,False,True,True
xgb_trees,trees 1000,st,36,immigrant,pincp,-0.16921449805576216,-0.1546366576656606,-0.014259682540911811,-0.10514079516883434,-0.06375554503773806,13520,41590,,92,4.17,False,False,False
xgb_trees,trees 1000,st,36,immigrant,hicov,-0.08273276675236285,-0.027848422527313232,-0.05499434471130371,-0.01993352174758911,-0.06290924549102783,13520,41590,,92,4.4,False,False,False
xgb_trees,trees 1000,st,37,sex_female,pincp,-0.2513797037125798,-0.020971059239254686,-0.2299595316879497,-0.04473966810786578,-0.2061909228193386,11762,14924,,92,2.09,False,False,False
xgb_trees,trees 1000,st,37,sex_female,hicov,0.026121671345438635,-3.2961368560791016e-05,0.026126086711883545,0.01226651668548584,0.013826608657836914,11762,14924,,92,2.33,True,False,True
xgb_trees,trees 1000,st,37,race_bw,pincp,-0.3428412819155735,-0.12037383065791296,-0.22217899072442115,-0.15599481066452725,-0.18655801071780687,4251,20487,,91,2.08,False,False,False
xgb_trees,trees 1000,st,37,race_bw,hicov,-0.020227158183069305,-0.022826731204986572,0.0028970837593078613,-0.018403470516204834,-0.001526176929473877,4251,20487,,91,2.26,False,True,True
xgb_trees,trees 1000,st,37,immigrant,pincp,-0.10334814145842763,-0.058439817187300847,-0.04496563040279078,-0.02617363021176189,-0.07723181737832974,2369,24317,,92,2.1,False,False,False
xgb_trees,trees 1000,st,37,immigrant,hicov,-0.16151536030195512,-0.09315633773803711,-0.06867623329162598,-0.05224430561065674,-0.10958826541900635,2369,24317,,92,2.43,False,False,False
xgb_trees,trees 1000,st,38,sex_female,pincp,-0.40017355186717296,-0.04379479498257233,-0.3593553143032526,-0.0289781311959576,-0.37417197808986735,943,1416,,88,0.45,False,False,False
xgb_trees,trees 1000,st,38,sex_female,hicov,0.016556727836991025,-0.011702537536621094,0.027539312839508057,0.01364988088607788,0.002186894416809082,943,1416,,88,0.47,True,False,True
xgb_trees,trees 1000,st,38,immigrant,pincp,-0.05300269840215499,-0.2625565341195202,0.21050229372154483,-0.06774555634782686,0.015691315949851514,67,2292,,88,0.42,False,False,False
xgb_trees,trees 1000,st,38,immigrant,hicov,-0.01301737386366586,0.021287083625793457,-0.03471779823303223,-0.013288497924804688,-0.00014221668243408203,67,2292,,88,0.43,True,False,True
xgb_trees,trees 1000,st,39,sex_female,pincp,-0.26401311233596125,-0.015965796842040803,-0.24844851383156552,-0.03683556239889363,-0.2275787482747127,14095,18698,,92,2.45,False,False,False
xgb_trees,trees 1000,st,39,sex_female,hicov,0.017501789330388817,-0.005261659622192383,0.02265763282775879,-0.0011572837829589844,0.01855325698852539,14095,18698,,92,2.73,False,False,False
xgb_trees,trees 1000,st,39,race_bw,pincp,-0.24536897415986836,-0.1091669465319427,-0.13618616445213938,-0.1283402793875581,-0.11701283159652398,2358,29190,,91,2.53,False,False,False
xgb_trees,trees 1000,st,39,race_bw,hicov,-0.01722050930684027,-0.01652318239212036,-0.0008016228675842285,-0.020929932594299316,0.0036051273345947266,2358,29190,,91,2.74,False,True,True
xgb_trees,trees 1000,st,39,immigrant,pincp,0.048812748806545514,0.08063949357346978,-0.03218102370141551,0.09955332289301566,-0.051094853020961395,1377,31416,,92,2.49,False,False,False
xgb_trees,trees 1000,st,39,immigrant,hicov,-0.04787251600977094,-0.0018039941787719727,-0.045820534229278564,-0.002698838710784912,-0.044925689697265625,1377,31416,,92,2.74,False,False,False
xgb_trees,trees 1000,st,4,sex_female,pincp,-0.23532286018952853,-0.028751771243328506,-0.20718916354842776,-0.060665942684623886,-0.17527499210713238,7274,9525,,92,1.44,False,False,False
xgb_trees,trees 1000,st,4,sex_female,hicov,0.028002182295263744,-0.006664931774139404,0.034945666790008545,0.012919962406158447,0.015360772609710693,7274,9525,,92,1.56,True,False,True
xgb_trees,trees 1000,st,4,race_bw,pincp,-0.23746491036643214,-0.09932739293836157,-0.1374662456227771,-0.08332339530447186,-0.1534702432566668,580,13266,,91,1.26,False,False,False
xgb_trees,trees 1000,st,4,immigrant,pincp,-0.22653950430917114,-0.09809915656720491,-0.128269187218212,-0.10449324881884259,-0.12187509496657434,2617,14182,,92,1.42,False,False,False
xgb_trees,trees 1000,st,4,immigrant,hicov,-0.12441581133134316,-0.052994728088378906,-0.07148933410644531,-0.039001405239105225,-0.085482656955719,2617,14182,,92,1.57,False,False,False
xgb_trees,trees 1000,st,40,sex_female,pincp,-0.29664627375391106,-0.022541595150272542,-0.27443885630549403,-0.019847722668913548,-0.277132728786853,4029,5523,,92,0.92,False,False,False
xgb_trees,trees 1000,st,40,sex_female,hicov,0.0268521712963955,-0.001461327075958252,0.02806800603866577,0.028693735599517822,-0.0020870566368103027,4029,5523,,92,0.98,True,True,True
xgb_trees,trees 1000,st,40,race_bw,pincp,-0.2351882977597448,-0.07940404984730165,-0.15395780226825018,-0.12363666974907339,-0.10972518236647844,446,7317,,91,0.83,False,False,False
xgb_trees,trees 1000,st,40,immigrant,pincp,-0.21193833439191856,-0.03181609387584672,-0.18062933066941866,-0.06122554542231917,-0.1512198791229462,556,8996,,92,0.91,False,False,False
xgb_trees,trees 1000,st,40,immigrant,hicov,-0.21967477152115567,-0.07898437976837158,-0.13933157920837402,-0.09819501638412476,-0.12012094259262085,556,8996,,92,0.97,False,False,False
xgb_trees,trees 1000,st,41,sex_female,pincp,-0.2149141704901094,-0.006240604455800991,-0.20908309288920712,-0.014696837186104261,-0.20062686015890385,4421,6132,,91,0.99,False,False,False
xgb_trees,trees 1000,st,41,sex_female,hicov,0.019092850303944253,0.0018170475959777832,0.017587661743164062,0.008249282836914062,0.011155426502227783,4421,6132,,91,1.12,False,False,False
xgb_trees,trees 1000,st,41,race_bw,pincp,-0.25634392603690337,-0.02951882680066653,-0.22783342550084562,-0.07931047385353729,-0.17804177844797486,131,9171,,90,0.89,False,False,False
xgb_trees,trees 1000,st,41,race_bw,hicov,0.014280827134320662,-0.00866854190826416,0.022295773029327393,-0.015846610069274902,0.029473841190338135,131,9171,,90,0.87,False,False,False
xgb_trees,trees 1000,st,41,immigrant,pincp,-0.14781387524339173,-0.0790618058861643,-0.0696169623216818,-0.04756890969979288,-0.10110985850805321,1186,9367,,91,1.01,False,False,False
xgb_trees,trees 1000,st,41,immigrant,hicov,-0.06071924489673575,-0.032719314098358154,-0.027996599674224854,-0.02167224884033203,-0.03904366493225098,1186,9367,,91,1.11,False,False,False
xgb_trees,trees 1000,st,42,sex_female,pincp,-0.2608191999909497,-0.002247707699828183,-0.25834968817197357,-0.0331466092761179,-0.22745078659568385,15681,20483,,92,2.58,False,False,False
xgb_trees,trees 1000,st,42,sex_female,hicov,0.02210470837581824,-0.005051970481872559,0.027241170406341553,0.0024994611740112305,0.019689738750457764,15681,20483,,92,2.92,True,False,True
xgb_trees,trees 1000,st,42,race_bw,pincp,-0.18461695160788594,-0.1089883794235984,-0.07613892381263909,-0.12937023304408868,-0.05575707019214882,1775,32726,,91,2.67,False,False,False
xgb_trees,trees 1000,st,42,race_bw,hicov,-0.02623379954603866,-0.025373756885528564,-0.000387728214263916,-0.01167839765548706,-0.01408308744430542,1775,32726,,91,2.86,False,False,False
xgb_trees,trees 1000,st,42,immigrant,pincp,0.01895036834457109,0.0005708328403990492,0.018482656167416067,0.053297850263195556,-0.03424436125538044,2085,34079,,92,2.71,False,True,True
xgb_trees,trees 1000,st,42,immigrant,hicov,-0.05231362901110781,-0.010817885398864746,-0.04143887758255005,-0.009137392044067383,-0.04311937093734741,2085,34079,,92,2.94,False,False,False
xgb_trees,trees 1000,st,44,sex_female,pincp,-0.2343378528442699,0.032436579900936735,-0.2661462228263236,0.039087798808314034,-0.2727974417337009,1329,1569,,88,0.47,False,False,False
xgb_trees,trees 1000,st,44,sex_female,hicov,0.019553510668755658,-0.004013538360595703,0.023276448249816895,-0.0020056962966918945,0.021268606185913086,1329,1569,,88,0.52,False,False,False
xgb_trees,trees 1000,st,44,race_bw,pincp,-0.2926052160795276,-0.06587954291211595,-0.23051089747525566,-0.14347983567783906,-0.15291060470953255,123,2515,,87,0.44,False,False,False
xgb_trees,trees 1000,st,44,immigrant,pincp,-0.24674267801177407,-0.17989366346128044,-0.0662236415385209,-0.13211796295680855,-0.11399934204299278,463,2435,,88,0.47,False,False,False
xgb_trees,trees 1000,st,44,immigrant,hicov,-0.05373667847845276,-0.04320502281188965,-0.010196268558502197,-0.010633468627929688,-0.04276782274246216,463,2435,,88,0.49,False,False,False
xgb_trees,trees 1000,st,45,sex_female,pincp,-0.2785360372270027,-0.04707633387836552,-0.23175497876906093,-0.06197014699461256,-0.21686116565281388,5691,7032,,92,1.13,False,False,False
xgb_trees,trees 1000,st,45,sex_female,hicov,0.032366685197812495,-0.000702977180480957,0.032772064208984375,0.008432388305664062,0.023636698722839355,5691,7032,,92,1.25,True,False,True
xgb_trees,trees 1000,st,45,race_bw,pincp,-0.3830184381611712,-0.14616167113846323,-0.23711447773554717,-0.170276300954475,-0.2129998479195354,2541,9653,,91,1.17,False,False,False
xgb_trees,trees 1000,st,45,race_bw,hicov,-0.01027585594795033,-0.027515888214111328,0.01746535301208496,-0.026532292366027832,0.016481757164001465,2541,9653,,91,1.24,False,False,False
xgb_trees,trees 1000,st,45,immigrant,pincp,-0.08057504916947344,-0.09870073431635795,0.0176014988313149,-0.031577013485248884,-0.04952222199979417,654,12069,,92,1.17,False,True,True
xgb_trees,trees 1000,st,45,immigrant,hicov,-0.20226282970777365,-0.12461388111114502,-0.0781552791595459,-0.06011486053466797,-0.14265429973602295,654,12069,,92,1.27,False,False,False
xgb_trees,trees 1000,st,46,sex_female,pincp,-0.2908753073247148,-0.017456717588078874,-0.2701045229100316,-0.007694602971032083,-0.2798666375270784,1104,1489,,87,0.4,False,False,False
xgb_trees,trees 1000,st,46,sex_female,hicov,0.02619511684721776,-0.008633971214294434,0.03467351198196411,0.004900574684143066,0.02113896608352661,1104,1489,,87,0.48,True,False,True
xgb_trees,trees 1000,st,46,immigrant,pincp,-0.23296569506982934,0.0012130240166534634,-0.23636889571415765,-0.1472977954780692,-0.08785807621943498,77,2516,,87,0.44,True,False,True
xgb_trees,trees 1000,st,46,immigrant,hicov,-0.05143187496128676,-0.0672484040260315,0.01646280288696289,-0.16541999578475952,0.11463439464569092,77,2516,,87,0.45,False,False,False
xgb_trees,trees 1000,st,47,sex_female,pincp,-0.2515418813310255,0.0006144474305376235,-0.2521703317626489,-0.014615960173168574,-0.23693992415894272,7731,9938,,92,1.45,True,False,True
xgb_trees,trees 1000,st,47,sex_female,hicov,0.03620466553737811,0.004731714725494385,0.031703412532806396,0.017298579216003418,0.019136548042297363,7731,9938,,92,1.64,False,False,False
xgb_trees,trees 1000,st,47,race_bw,pincp,-0.24291613774690468,-0.1120959662887504,-0.1312608413285421,-0.13280967140937427,-0.11054713620791823,2084,14855,,91,1.44,False,False,False
xgb_trees,trees 1000,st,47,race_bw,hicov,-0.019212108604546363,-0.020879745483398438,0.0018112659454345703,-0.017519891262054443,-0.0015485882759094238,2084,14855,,91,1.59,False,True,True
xgb_trees,trees 1000,st,47,immigrant,pincp,-0.12017643285205182,-0.06314113550885203,-0.05518499291978429,-0.0355669792229758,-0.08275914920566052,982,16687,,92,1.54,False,False,False
xgb_trees,trees 1000,st,47,immigrant,hicov,-0.22928094933956544,-0.10739022493362427,-0.12188136577606201,-0.0443415641784668,-0.18493002653121948,982,16687,,92,1.64,False,False,False
xgb_trees,trees 1000,st,48,sex_female,pincp,-0.280056055773656,-0.029877961413074416,-0.2501828336136942,-0.045799173935961335,-0.23426162109080728,31110,42184,,92,5.21,False,False,False
xgb_trees,trees 1000,st,48,sex_female,hicov,0.05040712336269337,-0.0009216666221618652,0.05141651630401611,0.027428627014160156,0.023066222667694092,31110,42184,,92,5.64,True,False,True
xgb_trees,trees 1000,st,48,race_bw,pincp,-0.2224747386930428,-0.07832053576683329,-0.14446771586765372,-0.0998039571975351,-0.12298429443695191,6632,57703,,91,4.86,False,False,False
xgb_trees,trees 1000,st,48,race_bw,hicov,0.020478520087899965,-0.008629918098449707,0.02944314479827881,0.0016109347343444824,0.01920229196548462,6632,57703,,91,5.18,True,False,True
xgb_trees,trees 1000,st,48,immigrant,pincp,-0.24244797762234072,-0.08633637276057904,-0.15578344941901712,-0.08566943466556332,-0.15645038751403284,14045,59249,,92,5.28,False,False,False
xgb_trees,trees 1000,st,48,immigrant,hicov,-0.18640997892927536,-0.10211122035980225,-0.08422362804412842,-0.06421691179275513,-0.12211793661117554,14045,59249,,92,5.67,False,False,False
xgb_trees,trees 1000,st,49,sex_female,pincp,-0.3688677720811935,-0.07138542008575399,-0.29807510156109274,-0.08085655449276175,-0.288603967154085,2631,4858,,91,0.79,False,False,False
xgb_trees,trees 1000,st,49,sex_female,hicov,0.016111383121001355,-0.015681028366088867,0.032153546810150146,-0.014809608459472656,0.031282126903533936,2631,4858,,91,0.93,False,False,False
xgb_trees,trees 1000,st,49,race_bw,pincp,-0.3013406887576444,-0.4029254953797494,0.1014142062402641,-0.13710966961682658,-0.16440161952265875,54,6795,,90,0.72,False,True,True
xgb_trees,trees 1000,st,49,immigrant,pincp,-0.33821703312701956,-0.20083219901983895,-0.13795471919402047,-0.18969004328373096,-0.14909687493012846,677,6812,,91,0.81,False,False,False
xgb_trees,trees 1000,st,49,immigrant,hicov,-0.16394736545378696,-0.04585230350494385,-0.11684423685073853,-0.06129258871078491,-0.10140395164489746,677,6812,,91,0.83,False,False,False
xgb_trees,trees 1000,st,5,sex_female,pincp,-0.2661997987464133,-0.022960845254177187,-0.24224115959753156,-0.01638787932758312,-0.24881412552412563,3295,4129,,92,0.75,False,False,False
xgb_trees,trees 1000,st,5,sex_female,hicov,0.0323388622831734,-0.0009186863899230957,0.03263115882873535,0.016322731971740723,0.015389740467071533,3295,4129,,92,0.84,True,False,True
xgb_trees,trees 1000,st,5,race_bw,pincp,-0.2823326565036659,-0.11467089686512821,-0.16744442062622866,-0.1155798888567503,-0.16653542863460657,802,6230,,91,0.84,False,False,False
xgb_trees,trees 1000,st,5,immigrant,pincp,-0.24308967053588226,-0.08197357121324877,-0.16036194397649517,-0.08939681388206111,-0.15293870130768283,391,7033,,92,0.78,False,False,False
xgb_trees,trees 1000,st,5,immigrant,hicov,-0.14289813131590456,-0.010086894035339355,-0.13272839784622192,-0.030121147632598877,-0.1126941442489624,391,7033,,92,0.9,False,False,False
xgb_trees,trees 1000,st,50,sex_female,pincp,-0.14022086869054817,0.03741092592250794,-0.17666011097830037,0.09686529451061077,-0.2361144795664032,852,1028,,86,0.37,False,False,False
xgb_trees,trees 1000,st,50,sex_female,hicov,0.029192013298989794,-0.005589544773101807,0.03491389751434326,0.010947763919830322,0.018376588821411133,852,1028,,86,0.43,True,False,True
xgb_trees,trees 1000,st,50,immigrant,pincp,0.08646994507348538,0.07154363117835594,0.013902966696983654,-0.00810882129610313,0.09355541917144272,61,1819,,86,0.42,True,False,True
xgb_trees,trees 1000,st,50,immigrant,hicov,-0.033039230706837674,0.030016541481018066,-0.06350886821746826,0.023819923400878906,-0.0573122501373291,61,1819,,86,0.41,False,False,False
xgb_trees,trees 1000,st,51,sex_female,pincp,-0.27302751178342,-0.06583606247517793,-0.20698342033603723,-0.08189182570390763,-0.19092765710730752,11165,13892,,92,1.97,False,False,False
xgb_trees,trees 1000,st,51,sex_female,hicov,0.018292008635743984,-0.005529284477233887,0.02405184507369995,0.005727112293243408,0.012795448303222656,11165,13892,,92,2.23,True,False,True
xgb_trees,trees 1000,st,51,race_bw,pincp,-0.3105158451780081,-0.15789952925756623,-0.15231056302435597,-0.17632326254143038,-0.13388682974049182,3571,18633,,91,1.86,False,False,False
xgb_trees,trees 1000,st,51,race_bw,hicov,-0.012815493743969841,-0.023940742015838623,0.010819494724273682,-0.016747474670410156,0.003626227378845215,3571,18633,,91,2.05,False,False,False
xgb_trees,trees 1000,st,51,immigrant,pincp,-0.08827680242906055,-0.04457080514330691,-0.04424761549769407,-0.015785802002890037,-0.07303261863811095,3568,21489,,92,2.04,False,False,False
xgb_trees,trees 1000,st,51,immigrant,hicov,-0.08259353987972162,-0.035382747650146484,-0.047200560569763184,-0.015536189079284668,-0.067047119140625,3568,21489,,92,2.18,False,False,False
xgb_trees,trees 1000,st,53,sex_female,pincp,-0.2748983811241228,-0.04856556338392792,-0.22598397407962878,-0.06480517785456463,-0.20974435960899207,8203,11854,,92,1.6,False,False,False
xgb_trees,trees 1000,st,53,sex_female,hicov,0.02300643443582484,-0.002080559730529785,0.025334954261779785,0.0042580366134643555,0.018996357917785645,8203,11854,,92,1.84,True,False,True
xgb_trees,trees 1000,st,53,race_bw,pincp,-0.2401969338879315,-0.10869147793159861,-0.1328682588623309,-0.09046773603944658,-0.15109200075448292,498,16076,,91,1.39,False,False,False
xgb_trees,trees 1000,st,53,immigrant,pincp,-0.06386455533668745,-0.0379362412416544,-0.02655438302784674,-0.03476008059505986,-0.02973054367444128,3142,16915,,92,1.6,False,False,False
xgb_trees,trees 1000,st,53,immigrant,hicov,-0.08703524361614123,-0.04248452186584473,-0.04420405626296997,-0.009113907814025879,-0.07757467031478882,3142,16915,,92,1.81,False,False,False
xgb_trees,trees 1000,st,54,sex_female,pincp,-0.2653994856022521,0.0006109964379827915,-0.2651537401479178,-0.07013654795207458,-0.19440619575786044,1870,2372,,91,0.55,True,False,True
xgb_trees,trees 1000,st,54,sex_female,hicov,0.019418618282818212,-0.00645679235458374,0.02628648281097412,0.009262263774871826,0.010567426681518555,1870,2372,,91,0.62,True,False,True
xgb_trees,trees 1000,st,54,race_bw,pincp,-0.10287333642424024,-0.11302465539130324,0.011057728618951046,-0.03787526441562328,-0.06409166235672892,95,4041,,90,0.54,False,True,True
xgb_trees,trees 1000,st,54,immigrant,pincp,0.09627748981801787,-0.00701721440690406,0.10059740732951283,0.10207427981013417,-0.008494086887525398,92,4150,,91,0.54,True,True,True
xgb_trees,trees 1000,st,54,immigrant,hicov,-0.03514929282346779,-0.032693564891815186,-0.002116560935974121,0.004792630672454834,-0.03960275650024414,92,4150,,91,0.62,True,False,True
xgb_trees,trees 1000,st,55,sex_female,pincp,-0.24014252727026175,0.007218123254480346,-0.24742589019013117,0.004056143894798581,-0.2442639108304494,7379,10129,,92,1.44,False,False,False
xgb_trees,trees 1000,st,55,sex_female,hicov,0.020999134207080772,-0.003013014793395996,0.024142861366271973,0.006757915019989014,0.014371931552886963,7379,10129,,92,1.63,True,False,True
xgb_trees,trees 1000,st,55,race_bw,pincp,-0.23597190532807133,-0.09426619507229184,-0.14158782578350326,-0.10969002528930538,-0.12616399556648972,357,16436,,91,1.46,False,False,False
xgb_trees,trees 1000,st,55,race_bw,hicov,-0.03011085183647566,-0.027117252349853516,-0.002925276756286621,-0.02008908987045288,-0.009953439235687256,357,16436,,91,1.61,False,False,False
xgb_trees,trees 1000,st,55,immigrant,pincp,-0.08377285580072602,-0.035579684493518116,-0.049683292051058814,-0.021930133628416115,-0.06333284291616081,662,16846,,92,1.47,False,False,False
xgb_trees,trees 1000,st,55,immigrant,hicov,-0.1264630042973257,-0.03452509641647339,-0.0922197699546814,-0.022167742252349854,-0.10457712411880493,662,16846,,92,1.61,False,False,False
xgb_trees,trees 1000,st,56,sex_female,pincp,-0.36346992208175166,-0.02639669267068534,-0.3384425919425045,-0.06354450236672271,-0.3012947822464671,647,956,,85,0.36,False,False,False
xgb_trees,trees 1000,st,56,sex_female,hicov,0.03127243214579034,-0.01056438684463501,0.0413517951965332,-0.011182963848114014,0.04197037220001221,647,956,,85,0.42,False,False,False
xgb_trees,trees 1000,st,56,immigrant,pincp,-0.18877279319069018,-0.07704988520194078,-0.11214317796156692,-0.10948056941661832,-0.07971249374688938,51,1552,,85,0.34,False,False,False
xgb_trees,trees 1000,st,56,immigrant,hicov,-0.07889882757226607,-0.05505871772766113,-0.02414649724960327,-0.03514230251312256,-0.044062912464141846,51,1552,,85,0.38,False,False,False
xgb_trees,trees 1000,st,6,sex_female,pincp,-0.18146729971729947,0.00730024308473709,-0.18898877365652567,-0.005166219163436736,-0.17652231140835184,41076,58207,,92,6.05,True,False,True
xgb_trees,trees 1000,st,6,sex_female,hicov,0.03384123084023194,0.0018079876899719238,0.03211861848831177,0.009927034378051758,0.023999571800231934,41076,58207,,92,6.45,False,False,False
xgb_trees,trees 1000,st,6,race_bw,pincp,-0.18246297664314604,-0.09347996059446118,-0.08839220141023851,-0.08569163259666013,-0.09618052940803956,4119,61748,,91,4.49,False,False,False
xgb_trees,trees 1000,st,6,race_bw,hicov,0.015345646834364346,0.011191308498382568,0.004266083240509033,0.011056363582611084,0.004401028156280518,4119,61748,,91,4.79,False,False,False
xgb_trees,trees 1000,st,6,immigrant,pincp,-0.26875090094567966,-0.13057927766766397,-0.13826486600855326,-0.11575165238218332,-0.1530924912940339,35042,64241,,92,5.95,False,False,False
xgb_trees,trees 1000,st,6,immigrant,hicov,-0.080050513778545,-0.03943747282028198,-0.04053843021392822,-0.019755184650421143,-0.06022071838378906,35042,64241,,92,6.32,False,False,False
xgb_trees,trees 1000,st,8,sex_female,pincp,-0.21981364393633918,-0.017668284113984356,-0.20149066797044135,-0.025348342572129923,-0.19381060951229578,6943,9596,,92,1.39,False,False,False
xgb_trees,trees 1000,st,8,sex_female,hicov,0.03742758652198985,0.0002480745315551758,0.036993563175201416,0.013278841972351074,0.023962795734405518,6943,9596,,92,1.52,False,False,False
xgb_trees,trees 1000,st,8,race_bw,pincp,-0.22475618247098517,-0.11973040548529923,-0.10514643995258766,-0.08732490672143456,-0.13755193871645233,402,14662,,91,1.34,False,False,False
xgb_trees,trees 1000,st,8,immigrant,pincp,-0.23250097022780913,-0.1829608834527061,-0.04966749309132368,-0.13387333526775613,-0.09875504127627366,1649,14890,,92,1.45,False,False,False
xgb_trees,trees 1000,st,8,immigrant,hicov,-0.15452220671420613,-0.08231067657470703,-0.07211476564407349,-0.03005051612854004,-0.12437492609024048,1649,14890,,92,1.58,False,False,False
xgb_trees,trees 1000,st,9,sex_female,pincp,-0.32591543934684,-0.03215276355562757,-0.29407911973243905,-0.05541173917642972,-0.2708201441116369,4662,6012,,92,0.99,False,False,False
xgb_trees,trees 1000,st,9,sex_female,hicov,0.01643880835497602,-0.004127621650695801,0.02060258388519287,0.0015276074409484863,0.014947354793548584,4662,6012,,92,1.13,True,False,True
xgb_trees,trees 1000,st,9,race_bw,pincp,-0.4323223792453419,-0.10593814254678868,-0.32519697847866347,-0.2535142912202524,-0.17762082980519978,757,8886,,91,0.93,False,False,False
xgb_trees,trees 1000,st,9,race_bw,hicov,-0.02647716518436527,-0.03237807750701904,0.006141245365142822,-0.02833724021911621,0.0021004080772399902,757,8886,,91,1.04,False,False,False
xgb_trees,trees 1000,st,9,immigrant,pincp,-0.12330295028208837,-0.09132254406498674,-0.03237854507589333,-0.08600089462587768,-0.037700194515002394,1722,8952,,92,0.94,False,False,False
xgb_trees,trees 1000,st,9,immigrant,hicov,-0.07303061157765922,-0.02553999423980713,-0.04768180847167969,-0.012101829051971436,-0.06111997365951538,1722,8952,,92,1.05,False,False,False
xgb_trees,trees 2000,naics_2,11,sex_female,pincp,-0.17442832844735356,0.02477895664993035,-0.19971337982465975,0.01337748934033911,-0.1883119125150685,1770,10168,,63,1.47,False,False,False
xgb_trees,trees 2000,naics_2,11,sex_female,hicov,0.06072557308405235,-0.01559358835220337,0.07666420936584473,0.0010792016983032227,0.059991419315338135,1770,10168,,63,1.7,True,False,True
xgb_trees,trees 2000,naics_2,11,race_bw,pincp,-0.3082373735363646,-0.19807564936826694,-0.10818598049071504,-0.13052958560047756,-0.17573204425850442,198,10459,,62,1.45,False,False,False
xgb_trees,trees 2000,naics_2,11,race_bw,hicov,-0.08277004677234145,-0.04271256923675537,-0.0410151481628418,-0.11449456214904785,0.030766844749450684,198,10459,,62,1.65,False,True,True
xgb_trees,trees 2000,naics_2,11,immigrant,pincp,-0.5044989627739547,-0.28135319225196653,-0.22361308680662617,-0.1843592149443687,-0.320607064114224,2454,9484,,63,1.56,False,False,False
xgb_trees,trees 2000,naics_2,11,immigrant,hicov,-0.29192622963498427,-0.07229483127593994,-0.21907156705856323,-0.062460362911224365,-0.2289060354232788,2454,9484,,63,1.68,False,False,False
xgb_trees,trees 2000,naics_2,21,sex_female,pincp,-0.1566003960737774,0.15306804880998826,-0.3098652844796419,0.13734276421795144,-0.2941399998876051,858,4828,,60,0.92,False,False,False
xgb_trees,trees 2000,naics_2,21,sex_female,hicov,0.029791252657864087,-0.006784260272979736,0.03664195537567139,-0.004507303237915039,0.03436499834060669,858,4828,,60,1.15,False,False,False
xgb_trees,trees 2000,naics_2,21,race_bw,pincp,-0.3229724667527538,-0.1475671206798541,-0.17690455173394248,-0.09836754849417773,-0.22610412391961887,204,5009,,59,0.9,False,False,False
xgb_trees,trees 2000,naics_2,21,race_bw,hicov,-0.03411114895149525,-0.0465618371963501,0.012858808040618896,-0.03877127170562744,0.00506824254989624,204,5009,,59,0.99,False,False,False
xgb_trees,trees 2000,naics_2,21,immigrant,pincp,0.04340662820095709,0.24872604511988072,-0.20559324343813934,0.13526122031700005,-0.09212841863525867,538,5148,,60,1.02,False,False,False
xgb_trees,trees 2000,naics_2,21,immigrant,hicov,-0.029199631430114614,-0.027857601642608643,-0.001369774341583252,-0.012201130390167236,-0.017026245594024658,538,5148,,60,1.1,False,False,False
xgb_trees,trees 2000,naics_2,22,sex_female,pincp,-0.16498741705883546,0.09291185600197949,-0.25711143987155793,0.05045806517184559,-0.21465764904142404,2383,8526,,63,1.51,False,False,False
xgb_trees,trees 2000,naics_2,22,race_bw,pincp,-0.20612530453511546,-0.06952306549156795,-0.13635401531078628,-0.0747036086307773,-0.13117347217157693,778,9258,,62,1.33,False,False,False
xgb_trees,trees 2000,naics_2,22,race_bw,hicov,-0.010228352495528115,-0.01605600118637085,0.005726814270019531,-0.011514902114868164,0.0011857151985168457,778,9258,,62,1.6,False,False,False
xgb_trees,trees 2000,naics_2,22,immigrant,pincp,0.05236980693181259,0.1666165580734127,-0.11460797309309889,0.09307456904797817,-0.041065984067664374,791,10118,,63,1.49,False,False,False
xgb_trees,trees 2000,naics_2,22,immigrant,hicov,-0.04415682556453315,-0.016074776649475098,-0.027879714965820312,-0.001331925392150879,-0.04262256622314453,791,10118,,63,1.73,False,False,False
xgb_trees,trees 2000,naics_2,23,sex_female,pincp,-0.0626446456082057,0.10581242297986293,-0.1688469378119759,0.10988872552355389,-0.17292324035566686,5486,50901,,58,5.75,False,False,False
xgb_trees,trees 2000,naics_2,23,sex_female,hicov,0.10012223552223276,0.016330063343048096,0.08372777700424194,0.032565295696258545,0.0674925446510315,5486,50901,,58,6.49,False,False,False
xgb_trees,trees 2000,naics_2,23,race_bw,pincp,-0.2200815585744582,-0.11214111393096537,-0.10841731715041014,-0.060166697416619286,-0.16039173366475623,2207,47852,,57,5.16,False,False,False
xgb_trees,trees 2000,naics_2,23,immigrant,pincp,-0.32078281195261127,-0.13900833435772242,-0.182081412549147,-0.10380045235925905,-0.21728929454761037,11081,45306,,58,5.74,False,False,False
xgb_trees,trees 2000,naics_2,23,immigrant,hicov,-0.3059844323527965,-0.09955579042434692,-0.20615428686141968,-0.06642472743988037,-0.23928534984588623,11081,45306,,58,6.22,False,False,False
xgb_trees,trees 2000,naics_2,31,sex_female,pincp,-0.2629578528630354,-0.04164562462858612,-0.22125476248054987,-0.0512685557392345,-0.2116318313699015,6080,10147,,65,2.15,False,False,False
xgb_trees,trees 2000,naics_2,31,race_bw,pincp,-0.303773085054587,-0.1388121488637708,-0.16487083115231194,-0.1439124403472789,-0.15977053966880383,1704,11987,,64,1.88,False,False,False
xgb_trees,trees 2000,naics_2,31,race_bw,hicov,-0.015489638422845342,-0.02521824836730957,0.00975179672241211,-0.023294568061828613,0.007828116416931152,1704,11987,,64,2.0,False,False,False
xgb_trees,trees 2000,naics_2,31,immigrant,pincp,-0.34096890087177734,-0.16698957648019253,-0.17360884833846768,-0.09509257352660683,-0.24550585129205338,3768,12459,,65,2.23,False,False,False
xgb_trees,trees 2000,naics_2,31,immigrant,hicov,-0.12329223291887836,-0.03670775890350342,-0.086650550365448,-0.03408271074295044,-0.08927559852600098,3768,12459,,65,2.37,False,False,False
xgb_trees,trees 2000,naics_2,32,sex_female,pincp,-0.14835792196557485,0.06976006896917042,-0.2181284215770649,0.04470790039995265,-0.19307625300784714,8451,21977,,67,3.76,False,False,False
xgb_trees,trees 2000,naics_2,32,sex_female,hicov,0.013688911235591239,-0.006574153900146484,0.020163655281066895,-0.0064778923988342285,0.02006739377975464,8451,21977,,67,4.13,False,False,False
xgb_trees,trees 2000,naics_2,32,race_bw,pincp,-0.2647300616488355,-0.09117153276157275,-0.17279044807211896,-0.09627834141731029,-0.16768363941638142,2081,25276,,66,3.29,False,False,False
xgb_trees,trees 2000,naics_2,32,race_bw,hicov,-0.011317819176341226,-0.02029174566268921,0.009073138236999512,-0.02281087636947632,0.011592268943786621,2081,25276,,66,3.62,False,False,False
xgb_trees,trees 2000,naics_2,32,immigrant,pincp,-0.08673017505501157,0.012429511204395283,-0.09914083181005573,0.052504094062841844,-0.1392154146685023,4028,26400,,67,3.69,False,False,False
xgb_trees,trees 2000,naics_2,32,immigrant,hicov,-0.07233731305106683,-0.01941734552383423,-0.05290740728378296,-0.013656258583068848,-0.05866849422454834,4028,26400,,67,4.09,False,False,False
xgb_trees,trees 2000,naics_2,33,sex_female,pincp,-0.2637016416912381,-0.02956694449876629,-0.23421378351885558,-0.04037380301119242,-0.22340692500642945,16238,50594,,69,7.79,False,False,False
xgb_trees,trees 2000,naics_2,33,race_bw,pincp,-0.32554110402042724,-0.12017636451160207,-0.2051982900723779,-0.14223508078609193,-0.18313957379788803,3920,54728,,68,7.37,False,False,False
xgb_trees,trees 2000,naics_2,33,race_bw,hicov,-0.017633588298643477,-0.0199621319770813,0.002462625503540039,-0.023505866527557373,0.006006360054016113,3920,54728,,68,8.02,False,False,False
xgb_trees,trees 2000,naics_2,33,immigrant,pincp,-0.031002990109508133,0.04283296216458865,-0.0741122281494988,0.07858185635152104,-0.1098611223364312,10156,56676,,69,7.72,False,False,False
xgb_trees,trees 2000,naics_2,33,immigrant,hicov,-0.04499232538424991,-0.00769650936126709,-0.037207961082458496,-0.011246919631958008,-0.03365755081176758,10156,56676,,69,8.61,False,False,False
xgb_trees,trees 2000,naics_2,3M,sex_female,pincp,-0.3035433700709156,-0.029368936111040966,-0.27452443203618415,-0.04574128956859269,-0.2581520785786324,879,1984,,57,0.67,False,False,False
xgb_trees,trees 2000,naics_2,3M,race_bw,pincp,-0.2366623367706051,-0.1321904280518531,-0.10273449362338383,-0.09053692359623788,-0.14438799807899905,323,2116,,56,0.6,False,False,False
xgb_trees,trees 2000,naics_2,3M,race_bw,hicov,-0.028134455453656892,-0.030353903770446777,0.002461254596710205,-0.015854477882385254,-0.012038171291351318,323,2116,,56,0.65,False,True,True
xgb_trees,trees 2000,naics_2,3M,immigrant,pincp,-0.26129086957903347,-0.030336556838797435,-0.23068521220427662,-0.052820726098429915,-0.20820104294464414,595,2268,,57,0.59,False,False,False
xgb_trees,trees 2000,naics_2,3M,immigrant,hicov,-0.10675381263616557,-0.04037874937057495,-0.0666971206665039,-0.0036644935607910156,-0.10341137647628784,595,2268,,57,0.71,False,False,False
xgb_trees,trees 2000,naics_2,42,sex_female,pincp,-0.2022436858462644,0.03610619507492885,-0.23814519054292305,0.004901306125224991,-0.2069403015932192,7903,20186,,63,3.4,False,False,False
xgb_trees,trees 2000,naics_2,42,race_bw,pincp,-0.37749029566436754,-0.08684303209917843,-0.2905078675304118,-0.10766697376633516,-0.26968392586325507,1496,23358,,62,3.02,False,False,False
xgb_trees,trees 2000,naics_2,42,race_bw,hicov,-0.03178101331838812,-0.035060882568359375,0.0034309029579162598,-0.042448580265045166,0.01081860065460205,1496,23358,,62,3.35,False,False,False
xgb_trees,trees 2000,naics_2,42,immigrant,pincp,-0.2093096720413552,-0.053199941230991143,-0.1558644791164312,-0.033554593087078644,-0.1755098272603437,4233,23856,,63,3.31,False,False,False
xgb_trees,trees 2000,naics_2,42,immigrant,hicov,-0.08411581584950278,-0.01542651653289795,-0.06871485710144043,-0.011063992977142334,-0.07307738065719604,4233,23856,,63,3.66,False,False,False
xgb_trees,trees 2000,naics_2,44,sex_female,pincp,-0.25509860736859835,-0.01579654129154484,-0.239399482970585,-0.03461575743563827,-0.22058026682649157,20205,31547,,63,5.93,False,False,False
xgb_trees,trees 2000,naics_2,44,sex_female,hicov,0.014269738289013567,-0.013884127140045166,0.027850449085235596,-0.01815164089202881,0.03211796283721924,20205,31547,,63,6.31,False,False,False
xgb_trees,trees 2000,naics_2,44,race_bw,pincp,-0.21868542569681537,-0.07208660751787477,-0.14627228789753133,-0.07657423721845014,-0.14178465819695596,3611,41916,,62,5.18,False,False,False
xgb_trees,trees 2000,naics_2,44,race_bw,hicov,-0.02434017062887106,-0.02857738733291626,0.004066348075866699,-0.03770393133163452,0.013192892074584961,3611,41916,,62,5.63,False,False,False
xgb_trees,trees 2000,naics_2,44,immigrant,pincp,-0.09665531045817133,-0.014168642285149247,-0.08263002204581049,0.02132235305307084,-0.11812101738403058,7415,44337,,63,5.82,True,False,True
xgb_trees,trees 2000,naics_2,44,immigrant,hicov,-0.09476766488920885,-0.004481375217437744,-0.09019279479980469,-0.009137570858001709,-0.08553659915924072,7415,44337,,63,6.37,False,False,False
xgb_trees,trees 2000,naics_2,45,sex_female,pincp,-0.25316293341938767,-0.05335158279570962,-0.19994105794267014,-0.07571317455407289,-0.17757946618430687,10711,10829,,62,2.77,False,False,False
xgb_trees,trees 2000,naics_2,45,sex_female,hicov,0.012157341696831914,-0.008227229118347168,0.020306885242462158,-0.009394407272338867,0.021474063396453857,10711,10829,,62,2.94,False,False,False
xgb_trees,trees 2000,naics_2,45,race_bw,pincp,-0.2128505955917941,-0.12711545718670259,-0.08614859428871036,-0.12261136200581468,-0.09065268946959826,2034,17052,,61,2.42,False,False,False
xgb_trees,trees 2000,naics_2,45,race_bw,hicov,-0.023157172542498827,-0.016827821731567383,-0.006436705589294434,-0.0234755277633667,0.0002110004425048828,2034,17052,,61,2.56,False,True,True
xgb_trees,trees 2000,naics_2,45,immigrant,hicov,-0.04191854009015972,0.01611858606338501,-0.05811572074890137,0.0006811618804931641,-0.04267829656600952,2784,18756,,62,2.91,False,False,False
xgb_trees,trees 2000,naics_2,48,sex_female,pincp,-0.21276262819450054,0.05398460564600249,-0.2668251860336497,0.03045093122786291,-0.2432915116155101,5254,23016,,60,3.32,False,False,False
xgb_trees,trees 2000,naics_2,48,sex_female,hicov,0.030014488853288057,-0.0014913678169250488,0.030919313430786133,-0.0014039874076843262,0.03083193302154541,5254,23016,,60,3.49,False,False,False
xgb_trees,trees 2000,naics_2,48,race_bw,pincp,-0.19750902181684893,-0.05264654501023358,-0.1450990353351962,-0.08896516357913242,-0.10878041676629735,3689,21206,,59,2.89,False,False,False
xgb_trees,trees 2000,naics_2,48,immigrant,pincp,-0.19393861612739371,-0.08573582472786612,-0.1078874922370261,-0.05787005829665759,-0.13575325866823462,4910,23360,,60,3.25,False,False,False
xgb_trees,trees 2000,naics_2,48,immigrant,hicov,-0.0972118858633485,0.0011536478996276855,-0.09852045774459839,-0.017086386680603027,-0.08028042316436768,4910,23360,,60,3.55,True,False,True
xgb_trees,trees 2000,naics_2,49,sex_female,pincp,-0.12368417112049634,-0.011100623127950016,-0.1124049416131978,-0.023452764993376007,-0.10005279974777181,3808,8351,,58,1.57,False,False,False
xgb_trees,trees 2000,naics_2,49,sex_female,hicov,0.014366675001937002,-0.00886160135269165,0.02331674098968506,-0.011169135570526123,0.02562427520751953,3808,8351,,58,1.74,False,False,False
xgb_trees,trees 2000,naics_2,49,race_bw,pincp,-0.16454436798651528,-0.047991389262710626,-0.11701994333174781,-0.020169552122849765,-0.14484178047160867,1973,8563,,57,1.33,False,False,False
xgb_trees,trees 2000,naics_2,49,race_bw,hicov,-0.016498035874827455,-0.021334052085876465,0.004873037338256836,-0.023840665817260742,0.007379651069641113,1973,8563,,57,1.49,False,False,False
xgb_trees,trees 2000,naics_2,49,immigrant,pincp,-0.17166827475629098,0.03752257320757657,-0.2099271928757105,-0.037599294078985324,-0.1348053255891486,1836,10323,,58,1.53,True,False,True
xgb_trees,trees 2000,naics_2,49,immigrant,hicov,-0.0865438493521985,-0.011366546154022217,-0.07579964399337769,-0.007372856140136719,-0.07979333400726318,1836,10323,,58,1.76,False,False,False
xgb_trees,trees 2000,naics_2,4M,sex_female,pincp,-0.2786318676631705,-0.048473102172319926,-0.23098014146601642,-0.03782699817407931,-0.24162624546425704,998,1164,,58,0.6,False,False,False
xgb_trees,trees 2000,naics_2,4M,sex_female,hicov,0.010045864925727788,-0.020374178886413574,0.030512988567352295,-0.012098193168640137,0.022237002849578857,998,1164,,58,0.65,False,False,False
xgb_trees,trees 2000,naics_2,4M,race_bw,pincp,-0.15479391581975044,-0.08860240913391415,-0.061994712820268916,-0.03701680046076383,-0.11358032149341923,247,1637,,57,0.5,False,False,False
xgb_trees,trees 2000,naics_2,4M,race_bw,hicov,-0.030964116743623538,-0.03049260377883911,-0.001495659351348877,0.0033285021781921387,-0.03531676530838013,247,1637,,57,0.59,True,False,True
xgb_trees,trees 2000,naics_2,4M,immigrant,pincp,-0.0850289573043419,-0.1000070718085233,0.016266411436166806,-0.038062614316260124,-0.04567804605609638,319,1843,,58,0.59,False,True,True
xgb_trees,trees 2000,naics_2,4M,immigrant,hicov,-0.13497313396278732,-0.09121155738830566,-0.04431408643722534,0.008016228675842285,-0.1435418725013733,319,1843,,58,0.64,True,False,True
xgb_trees,trees 2000,naics_2,51,sex_female,pincp,-0.2458908158496964,-0.05554065552211718,-0.19061823221208662,-0.06942109006495834,-0.17673779766924547,7812,12919,,61,2.54,False,False,False
xgb_trees,trees 2000,naics_2,51,race_bw,pincp,-0.27989747972265633,-0.13400860721583108,-0.14622353065462512,-0.10662912867780605,-0.17360300919265015,1646,16501,,60,2.23,False,False,False
xgb_trees,trees 2000,naics_2,51,race_bw,hicov,-0.016109226562578738,-0.014402806758880615,-0.0017247200012207031,-0.011543750762939453,-0.004583775997161865,1646,16501,,60,2.51,False,False,False
xgb_trees,trees 2000,naics_2,51,immigrant,pincp,0.20968129890285958,0.18644922816932308,0.023312725021117586,0.17134821794809163,0.038413735242349034,2744,17987,,61,2.51,False,False,False
xgb_trees,trees 2000,naics_2,51,immigrant,hicov,-0.012184536904771393,0.014047622680664062,-0.026051700115203857,0.0037893056869506836,-0.01579338312149048,2744,17987,,61,2.88,False,False,False
xgb_trees,trees 2000,naics_2,52,sex_female,pincp,-0.5682567617236298,-0.20199024822529665,-0.3665524094402599,-0.24472427442557,-0.3238183832399866,29688,23262,,59,5.64,False,False,False
xgb_trees,trees 2000,naics_2,52,race_bw,pincp,-0.36008972810087947,-0.11132133464176697,-0.24824772155929864,-0.13814810261779797,-0.22142095358326763,4183,42821,,58,5.09,False,False,False
xgb_trees,trees 2000,naics_2,52,race_bw,hicov,-0.014619821613350514,-0.011282145977020264,-0.0032375454902648926,-0.012897849082946777,-0.001621842384338379,4183,42821,,58,5.66,False,False,False
xgb_trees,trees 2000,naics_2,52,immigrant,pincp,0.12872852116941047,0.15703445489673484,-0.028676536702908706,0.13116684258690725,-0.0028089243930811136,6431,46519,,59,5.76,False,False,False
xgb_trees,trees 2000,naics_2,52,immigrant,hicov,-0.013713639558709967,0.007041454315185547,-0.02080357074737549,-0.0007378458976745605,-0.01302427053451538,6431,46519,,59,6.44,True,False,True
xgb_trees,trees 2000,naics_2,53,sex_female,pincp,-0.20368571994394458,-0.009090923587525168,-0.1948020855709114,-0.03159459137475906,-0.1722984177836775,7356,9663,,59,2.07,False,False,False
xgb_trees,trees 2000,naics_2,53,sex_female,hicov,0.016528081163935893,-0.008568048477172852,0.02510976791381836,-0.008387267589569092,0.0249289870262146,7356,9663,,59,2.3,False,False,False
xgb_trees,trees 2000,naics_2,53,race_bw,pincp,-0.36522123116522387,-0.05952007648806479,-0.30480250026931976,-0.11808806844073771,-0.24623450831664684,1331,13771,,58,1.91,False,False,False
xgb_trees,trees 2000,naics_2,53,race_bw,hicov,-0.022543426742933304,-0.022102832794189453,-0.00039714574813842773,-0.026912212371826172,0.004412233829498291,1331,13771,,58,2.11,False,True,True
xgb_trees,trees 2000,naics_2,53,immigrant,pincp,-0.16413766013544517,-0.03779679044762041,-0.12539945915135853,-0.01807277391560369,-0.14512347568337525,2515,14504,,59,2.16,False,False,False
xgb_trees,trees 2000,naics_2,53,immigrant,hicov,-0.06069583601534756,-0.005626559257507324,-0.05503493547439575,-0.011885643005371094,-0.04877585172653198,2515,14504,,59,2.32,False,False,False
xgb_trees,trees 2000,naics_2,54,sex_female,pincp,-0.3899332779490621,-0.10453266224879343,-0.2854411902823184,-0.12434031146363544,-0.2656335410674764,29018,43958,,60,7.82,False,False,False
xgb_trees,trees 2000,naics_2,54,race_bw,pincp,-0.2660095394753377,-0.10214848425244227,-0.16495159527210568,-0.1099967517390521,-0.15710332778549585,3444,58849,,59,6.5,False,False,False
xgb_trees,trees 2000,naics_2,54,race_bw,hicov,-0.01714595588240375,-0.012031137943267822,-0.005122363567352295,-0.016120493412017822,-0.001033008098602295,3444,58849,,59,7.39,False,False,False
xgb_trees,trees 2000,naics_2,54,immigrant,pincp,0.0722182219525429,0.09291434652412356,-0.020435313981382208,0.09783077660784123,-0.02535174406509988,12006,60970,,60,7.92,False,False,False
xgb_trees,trees 2000,naics_2,54,immigrant,hicov,-0.01085133722024234,0.013031423091888428,-0.02395874261856079,0.002623140811920166,-0.01355046033859253,12006,60970,,60,8.76,False,False,False
xgb_trees,trees 2000,naics_2,55,sex_female,pincp,-0.41916513373735675,-0.15464748526939331,-0.2632593319882748,-0.1806202384965374,-0.23728657876113068,689,659,,57,0.51,False,False,False
xgb_trees,trees 2000,naics_2,55,race_bw,pincp,-0.39175907995863213,-0.04702762918620884,-0.3473158474509592,-0.06460128031877588,-0.3297421963183922,77,1128,,55,0.47,False,False,False
xgb_trees,trees 2000,naics_2,55,race_bw,hicov,-0.0421962788984066,-0.010277092456817627,-0.030897438526153564,0.004038810729980469,-0.04521334171295166,77,1128,,55,0.51,True,False,True
xgb_trees,trees 2000,naics_2,55,immigrant,pincp,0.08036547274432237,-0.07936506234487162,0.16262089136959723,0.018100725895001446,0.06515510312972417,155,1193,,57,0.48,True,False,True
xgb_trees,trees 2000,naics_2,55,immigrant,hicov,-0.013233107103263642,-0.006243109703063965,-0.007162630558013916,0.007302641868591309,-0.02070838212966919,155,1193,,57,0.52,True,False,True
xgb_trees,trees 2000,naics_2,56,sex_female,pincp,-0.1285776356521673,0.010816989067155447,-0.1392567334299173,0.032283909736468885,-0.16072365409923073,10600,18487,,60,3.4,False,False,False
xgb_trees,trees 2000,naics_2,56,sex_female,hicov,0.04997762323550159,-0.010829269886016846,0.06088680028915405,0.004196107387542725,0.04586142301559448,10600,18487,,60,3.66,True,False,True
xgb_trees,trees 2000,naics_2,56,race_bw,pincp,-0.2488064758317332,-0.11169785968351853,-0.13669735043588638,-0.0662800828288983,-0.1821151272905066,3326,21705,,59,2.9,False,False,False
xgb_trees,trees 2000,naics_2,56,immigrant,pincp,-0.2986422731817857,-0.119989110459084,-0.17862430584047218,-0.07059433042959995,-0.22801908586995623,6273,22814,,60,3.47,False,False,False
xgb_trees,trees 2000,naics_2,56,immigrant,hicov,-0.20222463599230545,-0.061473071575164795,-0.14059001207351685,-0.0301172137260437,-0.17194586992263794,6273,22814,,60,3.69,False,False,False
xgb_trees,trees 2000,naics_2,61,sex_female,pincp,-0.19832442884073664,0.0028221678697430974,-0.2010136981605637,-0.006973526450485323,-0.19121800384033527,51590,26189,,58,8.08,True,False,True
xgb_trees,trees 2000,naics_2,61,race_bw,pincp,-0.1508946986242261,-0.1476764002983213,-0.003321494590538876,-0.10507258005874931,-0.045925314830110864,6910,63986,,57,7.32,False,False,False
xgb_trees,trees 2000,naics_2,61,race_bw,hicov,-0.020329754659157317,-0.011571526527404785,-0.008726179599761963,-0.009739398956298828,-0.01055830717086792,6910,63986,,57,8.12,False,False,False
xgb_trees,trees 2000,naics_2,61,immigrant,pincp,0.0230344050453688,0.0005792447920835997,0.022353395025003664,0.0441297155824838,-0.021197075765396534,7723,70056,,58,7.86,False,True,True
xgb_trees,trees 2000,naics_2,61,immigrant,hicov,-0.017128937570610958,-0.0022848844528198242,-0.014934837818145752,-0.005142927169799805,-0.012076795101165771,7723,70056,,58,8.82,False,False,False
xgb_trees,trees 2000,naics_2,62,sex_female,pincp,-0.44504958913086057,-0.16561098656203121,-0.2791488581199406,-0.23431234264016432,-0.2104475020418075,90900,29476,,63,13.07,False,False,False
xgb_trees,trees 2000,naics_2,62,race_bw,pincp,-0.2858392759919255,-0.15932614818469482,-0.12657568991233958,-0.16917208418004392,-0.11672975391699048,15995,88854,,62,11.26,False,False,False
xgb_trees,trees 2000,naics_2,62,race_bw,hicov,-0.030612993952736645,-0.02261120080947876,-0.007950901985168457,-0.02706897258758545,-0.0034931302070617676,15995,88854,,62,12.32,False,False,False
xgb_trees,trees 2000,naics_2,62,immigrant,pincp,0.08046984533417856,0.10099406569260694,-0.020478123607601262,0.10670853811265602,-0.02619259602765034,18087,102289,,63,13.03,False,False,False
xgb_trees,trees 2000,naics_2,62,immigrant,hicov,-0.023957826396521553,0.00411224365234375,-0.028004109859466553,-0.002742469310760498,-0.021149396896362305,18087,102289,,63,14.51,True,False,True
xgb_trees,trees 2000,naics_2,71,sex_female,pincp,-0.17333409352919382,0.013258566864340793,-0.18696495924845635,0.004919528470688661,-0.17862592085480422,5061,7575,,58,1.63,False,False,False
xgb_trees,trees 2000,naics_2,71,sex_female,hicov,0.025007150389016353,-0.006933271884918213,0.03169846534729004,-0.005118906497955322,0.02988409996032715,5061,7575,,58,1.83,False,False,False
xgb_trees,trees 2000,naics_2,71,race_bw,pincp,-0.23704578398977638,-0.11755657471510084,-0.12053886347510456,-0.07853261400398992,-0.15956282418621548,968,9874,,57,1.46,False,False,False
xgb_trees,trees 2000,naics_2,71,race_bw,hicov,-0.017584791513566844,-0.02127772569656372,0.003638029098510742,-0.02862316370010376,0.010983467102050781,968,9874,,57,1.59,False,False,False
xgb_trees,trees 2000,naics_2,71,immigrant,pincp,-0.12326965074971952,-0.08104115009640722,-0.042622359851709035,-0.029849992383331525,-0.09381351756478473,1670,10966,,58,1.7,False,False,False
xgb_trees,trees 2000,naics_2,71,immigrant,hicov,-0.05514562703882775,-0.0010870695114135742,-0.053701698780059814,-0.006456613540649414,-0.048332154750823975,1670,10966,,58,1.88,False,False,False
xgb_trees,trees 2000,naics_2,72,sex_female,pincp,-0.18401379581246324,-0.010613216284919957,-0.17341075306585552,-0.008653089933734037,-0.17537087941704144,14143,17193,,58,3.44,False,False,False
xgb_trees,trees 2000,naics_2,72,sex_female,hicov,0.04015889515060789,-0.018752694129943848,0.05889064073562622,-0.022199571132659912,0.062337517738342285,14143,17193,,58,3.88,False,False,False
xgb_trees,trees 2000,naics_2,72,race_bw,pincp,-0.1928744781570586,-0.09865632459072948,-0.09414966259890534,-0.0579312235803382,-0.13487476360929662,3165,21329,,57,2.84,False,False,False
xgb_trees,trees 2000,naics_2,72,immigrant,pincp,-0.1366419172241944,-0.04878437667389335,-0.08787169929396477,-0.010587620486717242,-0.12606845548114087,9698,21638,,58,3.49,False,False,False
xgb_trees,trees 2000,naics_2,72,immigrant,hicov,-0.14235072495587275,0.02054572105407715,-0.16268211603164673,-0.003591477870941162,-0.13854491710662842,9698,21638,,58,3.76,True,False,True
xgb_trees,trees 2000,naics_2,81,sex_female,pincp,-0.19443770611913358,-0.0021868177552075707,-0.19234368941131486,-0.05119764654878445,-0.14333286061773798,14329,19378,,63,3.96,False,False,False
xgb_trees,trees 2000,naics_2,81,sex_female,hicov,0.028035678892645688,-0.015460073947906494,0.04360920190811157,-0.010181963443756104,0.03833109140396118,14329,19378,,63,4.47,False,False,False
xgb_trees,trees 2000,naics_2,81,race_bw,pincp,-0.1435280769370042,-0.04182510309852461,-0.10149875257862284,-0.0463772716548565,-0.09694658402229095,2516,26304,,62,3.51,False,False,False
xgb_trees,trees 2000,naics_2,81,race_bw,hicov,-0.025556209118091866,-0.02678745985031128,0.0013374090194702148,-0.029577136039733887,0.004127085208892822,2516,26304,,62,3.61,False,False,False
xgb_trees,trees 2000,naics_2,81,immigrant,pincp,-0.28521872580984997,-0.18892698975172983,-0.09608258523502933,-0.10526678442563409,-0.17974279056112508,6640,27067,,63,3.95,False,False,False
xgb_trees,trees 2000,naics_2,81,immigrant,hicov,-0.13345759362866183,-0.046445369720458984,-0.08697223663330078,-0.03982412815093994,-0.09359347820281982,6640,27067,,63,4.33,False,False,False
xgb_trees,trees 2000,naics_2,92,sex_female,pincp,-0.2414473940877997,-0.015233276959680353,-0.22612886747272753,-0.051064457325301404,-0.19029768710710648,24767,31895,,60,6.1,False,False,False
xgb_trees,trees 2000,naics_2,92,race_bw,pincp,-0.10552062676527818,-0.04884666128282156,-0.05700701363929461,-0.03679170123355213,-0.06906197368856404,7382,43626,,59,5.37,False,False,False
xgb_trees,trees 2000,naics_2,92,immigrant,pincp,0.04760441151955597,0.08443265592428162,-0.03677863962336936,0.0932548517284868,-0.04560083542757454,4213,52449,,60,6.06,False,False,False
xgb_trees,trees 2000,naics_2,92,immigrant,hicov,-0.014170391838873697,0.003104865550994873,-0.017367541790008545,-0.0031388401985168457,-0.011123836040496826,4213,52449,,60,6.69,True,False,True
xgb_trees,trees 2000,st,1,sex_female,pincp,-0.31555702394613583,-0.025535821373576795,-0.2905026556348407,-0.03952408691377762,-0.27651439009463985,5293,6854,,92,2.08,False,False,False
xgb_trees,trees 2000,st,1,sex_female,hicov,0.021982361759625313,-0.0016859173774719238,0.02383732795715332,0.00080108642578125,0.021350324153900146,5293,6854,,92,2.4,True,False,True
xgb_trees,trees 2000,st,1,race_bw,pincp,-0.28298982130619343,-0.14164236790335316,-0.14167333168861163,-0.1581429071034286,-0.1251727924885362,2338,9360,,91,2.2,False,False,False
xgb_trees,trees 2000,st,1,race_bw,hicov,-0.03265821836181115,-0.018986225128173828,-0.013845860958099365,-0.016672253608703613,-0.01615983247756958,2338,9360,,91,2.32,False,False,False
xgb_trees,trees 2000,st,1,immigrant,pincp,-0.10406233370699525,-0.034731587453405766,-0.06956818902872008,-0.042016826989179634,-0.062282949492946216,463,11684,,92,2.04,False,False,False
xgb_trees,trees 2000,st,1,immigrant,hicov,-0.19473714954566734,-0.07604742050170898,-0.11857348680496216,-0.052295029163360596,-0.14232587814331055,463,11684,,92,2.4,False,False,False
xgb_trees,trees 2000,st,10,sex_female,pincp,-0.23852588673327801,-0.020186172697059135,-0.21882327065333662,-0.017134258141791037,-0.22187518520860472,1208,1387,,88,0.86,False,False,False
xgb_trees,trees 2000,st,10,sex_female,hicov,0.018984825985857268,-0.007933378219604492,0.027050018310546875,0.008907079696655273,0.01020956039428711,1208,1387,,88,0.91,True,False,True
xgb_trees,trees 2000,st,10,race_bw,pincp,-0.26441259231673087,-0.14923702124593596,-0.11534805394426328,-0.09149699924702936,-0.17308807594316988,431,1975,,87,0.78,False,False,False
xgb_trees,trees 2000,st,10,immigrant,hicov,-0.056482306259616144,-0.0378381609916687,-0.018325209617614746,-0.008181273937225342,-0.047982096672058105,265,2330,,88,0.93,False,False,False
xgb_trees,trees 2000,st,11,sex_female,pincp,-0.1948040157321529,-0.038963826239486465,-0.1567028616856767,-0.06623085959211927,-0.1294358283330439,1214,1142,,68,0.71,False,False,False
xgb_trees,trees 2000,st,11,sex_female,hicov,0.01159848469548208,0.0012505054473876953,0.01012486219406128,-0.0037462711334228516,0.015121638774871826,1214,1142,,68,0.84,True,False,True
xgb_trees,trees 2000,st,11,race_bw,pincp,-0.5086204482738559,-0.29794639433232284,-0.21012375965591268,-0.23913622942911417,-0.26893392455912135,642,1452,,66,0.61,False,False,False
xgb_trees,trees 2000,st,11,race_bw,hicov,-0.030167863855204535,-0.028843224048614502,-0.0014690160751342773,-0.046444058418273926,0.016131818294525146,642,1452,,66,0.72,False,True,True
xgb_trees,trees 2000,st,11,immigrant,pincp,-0.20919592588855096,-0.10509728895401871,-0.10485496614493606,-0.07136211240223567,-0.1385901426967191,316,2040,,68,0.73,False,False,False
xgb_trees,trees 2000,st,11,immigrant,hicov,-0.046624472573839615,-0.03239560127258301,-0.01436150074005127,-0.01851332187652588,-0.0282437801361084,316,2040,,68,0.8,False,False,False
xgb_trees,trees 2000,st,12,sex_female,pincp,-0.22696732350444826,-0.014143523536015223,-0.21303047385142193,-0.017114498088833585,-0.21005949929860357,22979,28252,,92,7.27,False,False,False
xgb_trees,trees 2000,st,12,sex_female,hicov,0.04205411755614552,0.004045307636260986,0.03830903768539429,0.012057483196258545,0.03029686212539673,22979,28252,,92,8.07,False,False,False
xgb_trees,trees 2000,st,12,race_bw,pincp,-0.31454446007065684,-0.10471538217227838,-0.2095242711736578,-0.15407928306667706,-0.1601603702792591,6198,41213,,91,7.32,False,False,False
xgb_trees,trees 2000,st,12,race_bw,hicov,-0.010981150374180237,-0.024724721908569336,0.013583004474639893,-0.028308451175689697,0.017166733741760254,6198,41213,,91,7.74,False,False,False
xgb_trees,trees 2000,st,12,immigrant,pincp,-0.19235966803892168,-0.06715954130614854,-0.12557659211460148,-0.06727127895017304,-0.12546485447057698,12037,39194,,92,7.39,False,False,False
xgb_trees,trees 2000,st,12,immigrant,hicov,-0.08944399925169921,-0.042022883892059326,-0.04740440845489502,-0.028654158115386963,-0.06077313423156738,12037,39194,,92,8.12,False,False,False
xgb_trees,trees 2000,st,13,sex_female,pincp,-0.2577587064321296,-0.02855147303814043,-0.22933982538912723,-0.040058238296914794,-0.21783306013035286,11957,14978,,92,4.06,False,False,False
xgb_trees,trees 2000,st,13,sex_female,hicov,0.040407528990723085,0.0058203935623168945,0.03441888093948364,0.019604146480560303,0.020635128021240234,11957,14978,,92,4.38,False,False,False
xgb_trees,trees 2000,st,13,race_bw,pincp,-0.3001484008017652,-0.11841502845340734,-0.18145508671799426,-0.13516864864767086,-0.16470146652373074,6248,18543,,91,4.2,False,False,False
xgb_trees,trees 2000,st,13,immigrant,pincp,-0.13744674471266727,-0.050032383520539625,-0.08742499566675122,-0.019550600225851866,-0.11790677896143897,3334,23601,,92,4.15,False,False,False
xgb_trees,trees 2000,st,13,immigrant,hicov,-0.1524436310144861,-0.07546103000640869,-0.07662272453308105,-0.0491984486579895,-0.10288530588150024,3334,23601,,92,4.6,False,False,False
xgb_trees,trees 2000,st,15,sex_female,pincp,-0.20822507750450292,-0.010753585313256764,-0.19643557398362432,-0.02353438797685037,-0.18365477132003072,1861,2153,,87,1.01,False,False,False
xgb_trees,trees 2000,st,15,immigrant,pincp,-0.22547582941900401,-0.17842548191992336,-0.046264882464354784,-0.09059394594004111,-0.13409641844423703,811,3203,,87,1.02,False,False,False
xgb_trees,trees 2000,st,15,immigrant,hicov,-0.016183964401437767,0.008609592914581299,-0.02491205930709839,-0.0013564229011535645,-0.014946043491363525,811,3203,,87,1.17,True,False,True
xgb_trees,trees 2000,st,16,sex_female,pincp,-0.2783884125134932,-0.04106691378823335,-0.23726853446629725,-0.06596328810359253,-0.21237216015093807,1482,2423,,92,1.03,False,False,False
xgb_trees,trees 2000,st,16,sex_female,hicov,0.02785997661858386,-0.01514047384262085,0.042945265769958496,0.011636853218078613,0.016167938709259033,1482,2423,,92,1.11,True,False,True
xgb_trees,trees 2000,st,16,immigrant,pincp,-0.23283176258720495,-0.19435360875616148,-0.037956812096430426,-0.10179587329264272,-0.13051454755994918,270,3635,,92,1.07,False,False,False
xgb_trees,trees 2000,st,16,immigrant,hicov,-0.21530898160884404,-0.09000039100646973,-0.12576031684875488,-0.028577804565429688,-0.18718290328979492,270,3635,,92,1.13,False,False,False
xgb_trees,trees 2000,st,17,sex_female,pincp,-0.2669812951341086,-0.01911990724464374,-0.24856358327122052,-0.04111151910342592,-0.22657197141243834,16072,20780,,92,5.44,False,False,False
xgb_trees,trees 2000,st,17,sex_female,hicov,0.021942164973691503,-0.0024242401123046875,0.024239003658294678,0.002694845199584961,0.01911991834640503,16072,20780,,92,5.93,True,False,True
xgb_trees,trees 2000,st,17,race_bw,pincp,-0.2526898601930849,-0.13311682337378627,-0.11900149835065932,-0.150580451873898,-0.10153786985054758,2889,29991,,91,5.21,False,False,False
xgb_trees,trees 2000,st,17,race_bw,hicov,-0.010611837064445684,-0.010617375373840332,1.6570091247558594e-05,-0.010616004467010498,1.519918441772461e-05,2889,29991,,91,5.52,False,False,False
xgb_trees,trees 2000,st,17,immigrant,pincp,-0.15593137100749743,-0.09207439950998264,-0.06341015903587355,-0.0592889819212985,-0.09619557662455769,5317,31535,,92,5.46,False,False,False
xgb_trees,trees 2000,st,17,immigrant,hicov,-0.10988308425168858,-0.04282253980636597,-0.0671491026878357,-0.018891990184783936,-0.09107965230941772,5317,31535,,92,6.05,False,False,False
xgb_trees,trees 2000,st,18,sex_female,pincp,-0.27875708923041387,-0.01915031337342299,-0.2596571601584312,-0.04225478882591105,-0.23655268470594315,7777,10797,,92,2.98,False,False,False
xgb_trees,trees 2000,st,18,sex_female,hicov,0.0213776825624451,-0.00956106185913086,0.031108736991882324,-0.0035036206245422363,0.0250512957572937,7777,10797,,92,3.39,False,False,False
xgb_trees,trees 2000,st,18,race_bw,pincp,-0.2081506916689495,-0.09252631929330057,-0.11750576436951299,-0.1387290175774467,-0.07130306608536685,952,16842,,91,2.89,False,False,False
xgb_trees,trees 2000,st,18,race_bw,hicov,-0.02568159433349404,-0.023727893829345703,-0.0021521449089050293,-0.026676833629608154,0.0007967948913574219,952,16842,,91,3.34,False,True,True
xgb_trees,trees 2000,st,18,immigrant,pincp,-0.06084523232568806,-0.010711710482940617,-0.050746776281627604,0.0025944270111608603,-0.06405291377572908,902,17672,,92,2.96,True,False,True
xgb_trees,trees 2000,st,18,immigrant,hicov,-0.12342297535078728,-0.052005231380462646,-0.07162618637084961,-0.02516859769821167,-0.09846282005310059,902,17672,,92,3.32,False,False,False
xgb_trees,trees 2000,st,19,sex_female,pincp,-0.2736595145704044,-0.0037081375197285382,-0.27006303834880185,-0.014959313872040525,-0.25881186199648987,4140,5444,,91,1.77,False,False,False
xgb_trees,trees 2000,st,19,sex_female,hicov,0.016002371089743006,-0.003959059715270996,0.020103633403778076,0.0018794536590576172,0.014265120029449463,4140,5444,,91,2.05,True,False,True
xgb_trees,trees 2000,st,19,race_bw,pincp,-0.24415269307218423,0.024060934298397285,-0.27002602505126383,-0.07235715282837063,-0.17360793792449591,111,9195,,90,1.66,True,False,True
xgb_trees,trees 2000,st,19,race_bw,hicov,-0.03685316638008318,-0.006463408470153809,-0.03066045045852661,-0.03919750452041626,0.00207364559173584,111,9195,,90,1.78,False,True,True
xgb_trees,trees 2000,st,19,immigrant,pincp,-0.17885441342499675,-0.06924059109012326,-0.1077859110608923,-0.05069953084224821,-0.12632697130876736,337,9247,,91,1.84,False,False,False
xgb_trees,trees 2000,st,19,immigrant,hicov,-0.09074592802413417,-0.04473477602005005,-0.045664072036743164,-0.009709656238555908,-0.0806891918182373,337,9247,,91,1.99,False,False,False
xgb_trees,trees 2000,st,2,sex_female,pincp,-0.2467624061895748,0.004642784474746975,-0.25162131745075733,-0.06165535260709554,-0.18532318036891482,633,751,,78,0.64,True,False,True
xgb_trees,trees 2000,st,2,sex_female,hicov,0.016433065549251835,-0.02865654230117798,0.04498445987701416,0.022328972816467285,-0.0060010552406311035,633,751,,78,0.68,True,True,True
xgb_trees,trees 2000,st,2,immigrant,pincp,-0.4029133360731656,-0.2543429690434298,-0.14735097180974321,-0.11241680884651295,-0.28927713200666005,138,1246,,78,0.6,False,False,False
xgb_trees,trees 2000,st,2,immigrant,hicov,-0.051969199990694825,-0.06886035203933716,0.016953349113464355,-0.07329177856445312,0.021384775638580322,138,1246,,78,0.62,False,False,False
xgb_trees,trees 2000,st,20,sex_female,pincp,-0.2804944645361651,-0.0035589547727834514,-0.27727281894278555,-0.007053439838516695,-0.2737783338770523,3580,4753,,92,1.56,False,False,False
xgb_trees,trees 2000,st,20,sex_female,hicov,0.028491913957312542,-0.007371842861175537,0.03588491678237915,0.008588790893554688,0.019924283027648926,3580,4753,,92,1.86,True,False,True
xgb_trees,trees 2000,st,20,race_bw,pincp,-0.17290278528006198,-0.13073309952191536,-0.0425545080534242,-0.11936674809644998,-0.05392085947888958,235,7590,,91,1.58,False,False,False
xgb_trees,trees 2000,st,20,race_bw,hicov,-0.07053233537969883,-0.00034493207931518555,-0.07031899690628052,-0.010043323040008545,-0.06062060594558716,235,7590,,91,1.79,False,False,False
xgb_trees,trees 2000,st,20,immigrant,pincp,-0.16134057531916035,-0.11707689399100474,-0.04480516927414335,-0.07972503974608358,-0.08215702351906451,556,7777,,92,1.6,False,False,False
xgb_trees,trees 2000,st,20,immigrant,hicov,-0.12007737258823514,-0.0346110463142395,-0.08531808853149414,-0.038214802742004395,-0.08171433210372925,556,7777,,92,1.83,False,False,False
xgb_trees,trees 2000,st,21,sex_female,pincp,-0.27344839490346473,-0.011424529951701956,-0.26205001907162817,-0.03008436901426137,-0.24339018000906876,5168,6566,,92,1.98,False,False,False
xgb_trees,trees 2000,st,21,sex_female,hicov,0.018908447118046068,-0.0033333897590637207,0.022162139415740967,0.0027853846549987793,0.016043365001678467,5168,6566,,92,2.36,True,False,True
xgb_trees,trees 2000,st,21,race_bw,pincp,-0.26856783080580726,-0.16245898549899884,-0.10500672365793484,-0.15466605584275328,-0.1127996533141804,647,10738,,91,2.03,False,False,False
xgb_trees,trees 2000,st,21,immigrant,pincp,-0.07145706307004751,-0.00911139860494714,-0.06235400698395921,0.014573556786006137,-0.08603896237491249,445,11289,,92,2.01,True,False,True
xgb_trees,trees 2000,st,21,immigrant,hicov,-0.12914371253313106,-0.05883222818374634,-0.06980609893798828,-0.01520317792892456,-0.11343514919281006,445,11289,,92,2.3,False,False,False
xgb_trees,trees 2000,st,22,sex_female,pincp,-0.3786737215261695,-0.049340183209148236,-0.3302164829691243,-0.10486165141294634,-0.2746950147653262,5065,5961,,92,1.98,False,False,False
xgb_trees,trees 2000,st,22,sex_female,hicov,0.02384849994857985,-0.0029022693634033203,0.026934504508972168,0.005282104015350342,0.018750131130218506,5065,5961,,92,2.16,True,False,True
xgb_trees,trees 2000,st,22,race_bw,pincp,-0.3835029925119162,-0.19389759255796157,-0.1900684841250122,-0.18920703851165577,-0.194759038171318,2477,8026,,91,1.9,False,False,False
xgb_trees,trees 2000,st,22,race_bw,hicov,-0.029161130645144806,-0.03055715560913086,0.0014985203742980957,-0.03723520040512085,0.008176565170288086,2477,8026,,91,2.16,False,False,False
xgb_trees,trees 2000,st,22,immigrant,pincp,-0.12196761308323723,-0.05054515864111231,-0.07114990244887842,-0.02154877503374486,-0.10014628605624587,503,10523,,92,1.95,False,False,False
xgb_trees,trees 2000,st,22,immigrant,hicov,-0.16816652116191944,-0.10335874557495117,-0.06478667259216309,-0.05610477924346924,-0.11204063892364502,503,10523,,92,2.11,False,False,False
xgb_trees,trees 2000,st,23,sex_female,pincp,-0.19825235908339245,-0.016266502572753083,-0.1825320564480677,-0.007240056839199482,-0.1915585021816213,1463,1847,,89,0.91,False,False,False
xgb_trees,trees 2000,st,23,sex_female,hicov,0.02401966426130797,0.022994518280029297,0.0013315677642822266,0.008749902248382568,0.015576183795928955,1463,1847,,89,1.03,False,False,False
xgb_trees,trees 2000,st,23,immigrant,pincp,0.01777096885950158,-0.12373173246338176,0.13911205680711447,0.02584978876616084,-0.010469464422428132,103,3207,,89,0.95,True,True,True
xgb_trees,trees 2000,st,23,immigrant,hicov,0.013819890349084707,0.010033130645751953,0.004429936408996582,-0.008255362510681152,0.022718429565429688,103,3207,,89,1.0,True,False,True
xgb_trees,trees 2000,st,24,sex_female,pincp,-0.21181734877639613,-0.021783161832015452,-0.19001609032307165,-0.03398928459219519,-0.1778099675628919,8713,10246,,92,3.01,False,False,False
xgb_trees,trees 2000,st,24,sex_female,hicov,0.020371533298194855,0.006051301956176758,0.014166474342346191,0.010475099086761475,0.009742677211761475,8713,10246,,92,3.5,False,False,False
xgb_trees,trees 2000,st,24,race_bw,pincp,-0.24287667447884864,-0.10605260532018868,-0.1371090592384263,-0.14007740672526303,-0.10308425783335196,4610,12209,,91,2.93,False,False,False
xgb_trees,trees 2000,st,24,immigrant,pincp,-0.15568432450642078,-0.07970215932780889,-0.07672515708577876,-0.04583665940932846,-0.11059065700425919,3231,15728,,92,3.07,False,False,False
xgb_trees,trees 2000,st,24,immigrant,hicov,-0.09323396376594617,-0.03704136610031128,-0.055897414684295654,-0.020469725131988525,-0.07246905565261841,3231,15728,,92,3.44,False,False,False
xgb_trees,trees 2000,st,25,sex_female,pincp,-0.24144678808740672,-0.016425316427042702,-0.2251662426977834,-0.07065114511622816,-0.17094041400859794,9062,11429,,92,3.25,False,False,False
xgb_trees,trees 2000,st,25,race_bw,pincp,-0.3719536144677207,-0.21152565367218124,-0.16010112686395317,-0.24451251376116723,-0.12711426677496718,1013,17304,,91,3.07,False,False,False
xgb_trees,trees 2000,st,25,race_bw,hicov,-0.02695569022038513,-0.02041858434677124,-0.006445348262786865,-0.015483200550079346,-0.01138073205947876,1013,17304,,91,3.6,False,False,False
xgb_trees,trees 2000,st,25,immigrant,pincp,-0.14461822017134907,-0.08714237510014655,-0.057764060268569395,-0.09152751129196446,-0.05337892407675149,3687,16804,,92,3.15,False,False,False
xgb_trees,trees 2000,st,25,immigrant,hicov,-0.027022590162996685,-0.010912835597991943,-0.016326189041137695,-0.004871547222137451,-0.022367477416992188,3687,16804,,92,3.7,False,False,False
xgb_trees,trees 2000,st,26,sex_female,pincp,-0.24651994082032935,-0.008476821003791102,-0.2378022983336976,-0.030951215314168223,-0.21532790402332047,10790,14934,,92,3.85,False,False,False
xgb_trees,trees 2000,st,26,sex_female,hicov,0.019076658955257342,-0.004246950149536133,0.023607850074768066,-0.0008918642997741699,0.020252764225006104,10790,14934,,92,4.4,False,False,False
xgb_trees,trees 2000,st,26,race_bw,pincp,-0.2167167997666084,-0.08595505576186291,-0.13040191079473296,-0.12027053931248233,-0.09608642724411354,1695,22671,,91,3.98,False,False,False
xgb_trees,trees 2000,st,26,race_bw,hicov,-0.01643165823712256,-0.026088178157806396,0.00968170166015625,-0.018945634365081787,0.0025391578674316406,1695,22671,,91,4.31,False,False,False
xgb_trees,trees 2000,st,26,immigrant,pincp,0.11652478612974271,0.11667366514464206,-0.0011043508209276354,0.14051944820812778,-0.02495013388441336,1631,24093,,92,3.82,False,False,False
xgb_trees,trees 2000,st,26,immigrant,hicov,-0.03729620884818308,0.016341805458068848,-0.05344808101654053,0.002202272415161133,-0.03930854797363281,1631,24093,,92,4.34,False,False,False
xgb_trees,trees 2000,st,27,sex_female,pincp,-0.22993728022987447,-0.0018195202023232326,-0.22764302809276948,-0.0034589991247013785,-0.22600354917039134,7010,9668,,92,2.71,False,False,False
xgb_trees,trees 2000,st,27,sex_female,hicov,0.017500090006769664,0.002502739429473877,0.015057921409606934,0.004278838634490967,0.013281822204589844,7010,9668,,92,3.22,False,False,False
xgb_trees,trees 2000,st,27,race_bw,pincp,-0.270576940371841,-0.2565552212586102,-0.013302031229283529,-0.11211827798190122,-0.1577389745059925,307,15438,,91,2.79,False,False,False
xgb_trees,trees 2000,st,27,race_bw,hicov,-0.05278400562426233,-0.054532408714294434,0.0024124979972839355,-0.04270452260971069,-0.009415388107299805,307,15438,,91,3.0,False,True,True
xgb_trees,trees 2000,st,27,immigrant,pincp,-0.13052885294286476,-0.05652129907451098,-0.07404584983519769,-0.03668553187373291,-0.09388161703597575,860,15818,,92,2.74,False,False,False
xgb_trees,trees 2000,st,27,immigrant,hicov,-0.07335990496549405,-0.007528543472290039,-0.0658499002456665,-0.02579110860824585,-0.04758733510971069,860,15818,,92,3.11,False,False,False
xgb_trees,trees 2000,st,28,sex_female,pincp,-0.31134078456686076,-0.00619536650787289,-0.30541381820783897,-0.04704185864888011,-0.26456732606683175,3262,3776,,92,1.5,False,False,False
xgb_trees,trees 2000,st,28,sex_female,hicov,0.03289857397458151,-0.004318594932556152,0.03693479299545288,0.014037072658538818,0.01857912540435791,3262,3776,,92,1.58,True,False,True
xgb_trees,trees 2000,st,28,race_bw,pincp,-0.3900275817952199,-0.12599960605131777,-0.2647591645106342,-0.14648729436804508,-0.24427147619390688,2102,4731,,91,1.44,False,False,False
xgb_trees,trees 2000,st,28,race_bw,hicov,-0.022910712407444356,-0.035331010818481445,0.011963248252868652,-0.038474202156066895,0.015106439590454102,2102,4731,,91,1.58,False,False,False
xgb_trees,trees 2000,st,28,immigrant,pincp,-0.13604796160766774,0.03883543424231917,-0.17459434264766927,-0.0654287124485915,-0.0703301959567586,189,6849,,92,1.45,True,False,True
xgb_trees,trees 2000,st,28,immigrant,hicov,-0.20993679994994052,-0.09546995162963867,-0.1157759428024292,-0.047243356704711914,-0.16400253772735596,189,6849,,92,1.53,False,False,False
xgb_trees,trees 2000,st,29,sex_female,pincp,-0.27515273629759385,-0.01694649171962226,-0.2586633967763028,-0.031128816444601526,-0.24448107205132352,7601,9533,,92,2.88,False,False,False
xgb_trees,trees 2000,st,29,sex_female,hicov,0.01863879096443022,-0.006771743297576904,0.02541893720626831,0.004652798175811768,0.013994395732879639,7601,9533,,92,3.11,True,False,True
xgb_trees,trees 2000,st,29,race_bw,pincp,-0.1991943295278631,-0.09547287542955729,-0.10401157802589545,-0.12746745209415167,-0.07201700136130107,1153,15279,,91,2.84,False,False,False
xgb_trees,trees 2000,st,29,immigrant,hicov,-0.07705422012447072,-0.028818488121032715,-0.048172712326049805,-0.017711997032165527,-0.05927920341491699,742,16392,,92,3.24,False,False,False
xgb_trees,trees 2000,st,30,sex_female,pincp,-0.28979446174989043,0.03390227736381313,-0.32169736655982817,-0.016311151184810413,-0.27148393801120463,1065,1480,,90,0.87,True,False,True
xgb_trees,trees 2000,st,31,sex_female,pincp,-0.281439103191774,0.009858954531393849,-0.2913467962726113,-0.03241865933467025,-0.24906918240654718,2516,3334,,92,1.36,True,False,True
xgb_trees,trees 2000,st,31,race_bw,pincp,-0.2017146058405448,-0.08362657232371618,-0.11822655818821914,-0.12146890811264832,-0.080384222399287,119,5464,,91,1.3,False,False,False
xgb_trees,trees 2000,st,31,race_bw,hicov,-0.06312363891383777,-0.02099364995956421,-0.04134291410446167,-0.029233336448669434,-0.033103227615356445,119,5464,,91,1.55,False,False,False
xgb_trees,trees 2000,st,31,immigrant,pincp,-0.30890042652009875,-0.10600820577020009,-0.20084594588145244,-0.14734483656531516,-0.15950931508633737,283,5567,,92,1.39,False,False,False
xgb_trees,trees 2000,st,31,immigrant,hicov,-0.1141031101372868,-0.039698123931884766,-0.07389676570892334,-0.028582453727722168,-0.08501243591308594,283,5567,,92,1.62,False,False,False
xgb_trees,trees 2000,st,32,sex_female,pincp,-0.22430918693346769,0.01692877911765578,-0.2411070402698403,-0.012936744190929161,-0.21124151696125537,3203,4225,,91,1.69,True,False,True
xgb_trees,trees 2000,st,32,sex_female,hicov,0.04386575455333108,-0.0007990598678588867,0.04448479413986206,0.009488284587860107,0.034197449684143066,3203,4225,,91,1.79,True,False,True
xgb_trees,trees 2000,st,32,race_bw,pincp,-0.22144703617116335,-0.10031982644261461,-0.12017703480373143,-0.11476121948150286,-0.10573564176484318,508,5229,,90,1.31,False,False,False
xgb_trees,trees 2000,st,32,race_bw,hicov,0.01350433605437873,-0.02811354398727417,0.04199826717376709,0.0017387866973876953,0.012145936489105225,508,5229,,90,1.37,True,False,True
xgb_trees,trees 2000,st,32,immigrant,pincp,-0.30383233352831596,-0.14226341157663747,-0.16140390781295366,-0.1569794169431038,-0.14668790244648733,1872,5556,,91,1.51,False,False,False
xgb_trees,trees 2000,st,32,immigrant,hicov,-0.1171244761957504,-0.04714292287826538,-0.06994867324829102,-0.028887450695037842,-0.08820414543151855,1872,5556,,91,1.63,False,False,False
xgb_trees,trees 2000,st,33,sex_female,pincp,-0.2749833742141927,-0.018665053367863393,-0.2550794192613086,-0.01080400296794437,-0.26294046966122764,1775,2482,,92,1.11,False,False,False
xgb_trees,trees 2000,st,33,sex_female,hicov,0.02131947202959905,-0.0063484907150268555,0.027875244617462158,0.007975518703460693,0.01355123519897461,1775,2482,,92,1.22,True,False,True
xgb_trees,trees 2000,st,33,immigrant,pincp,-0.01960434517791043,0.015469562512288704,-0.03596013637018203,0.14840313725010468,-0.168893711107998,213,4044,,92,1.05,False,False,False
xgb_trees,trees 2000,st,34,sex_female,pincp,-0.27959417182269064,-0.02294892905863044,-0.2570581457212455,-0.0655365329548463,-0.21447054182502967,11310,14947,,92,4.04,False,False,False
xgb_trees,trees 2000,st,34,sex_female,hicov,0.026453037100081955,3.3855438232421875e-05,0.026542842388153076,0.0036115050315856934,0.022965192794799805,11310,14947,,92,4.64,False,False,False
xgb_trees,trees 2000,st,34,race_bw,pincp,-0.3485279411658162,-0.14587625323258457,-0.2032849021511396,-0.20512487442083938,-0.1440362809628848,2450,19368,,91,3.62,False,False,False
xgb_trees,trees 2000,st,34,immigrant,pincp,-0.18133677494972034,-0.07299205738649839,-0.10829933907360179,-0.07895110584228426,-0.10234029061781591,6979,19278,,92,4.03,False,False,False
xgb_trees,trees 2000,st,34,immigrant,hicov,-0.1122939833089891,-0.04615509510040283,-0.06597793102264404,-0.020284831523895264,-0.09184819459915161,6979,19278,,92,4.6,False,False,False
xgb_trees,trees 2000,st,35,sex_female,pincp,-0.19025334313377584,0.015244585666865262,-0.205556098922699,-0.06261714812776731,-0.12769436512806642,2064,2495,,90,1.17,True,False,True
xgb_trees,trees 2000,st,35,sex_female,hicov,0.027719392272917864,-0.012422382831573486,0.040064871311187744,0.01820552349090576,0.009436964988708496,2064,2495,,90,1.19,True,False,True
xgb_trees,trees 2000,st,35,race_bw,pincp,-0.15214511430401068,-0.153509099567394,0.0042481586044900155,0.0021701427162952314,-0.15143108367919922,67,3264,,88,0.93,True,True,True
xgb_trees,trees 2000,st,35,immigrant,pincp,-0.22003643556194064,-0.10571284147356685,-0.11304780252737423,-0.07205910568145057,-0.1467015383194905,490,4069,,90,1.05,False,False,False
xgb_trees,trees 2000,st,35,immigrant,hicov,-0.16557044051338898,-0.08872199058532715,-0.07730233669281006,-0.03703969717025757,-0.12898463010787964,490,4069,,90,1.22,False,False,False
xgb_trees,trees 2000,st,36,sex_female,pincp,-0.2004874804493344,0.01756807908535407,-0.21799382559239078,-0.01612316163632599,-0.18430258487071072,24821,30289,,92,7.94,True,False,True
xgb_trees,trees 2000,st,36,sex_female,hicov,0.03008149330087584,0.0063912272453308105,0.02365630865097046,0.013253986835479736,0.016793549060821533,24821,30289,,92,9.01,False,False,False
xgb_trees,trees 2000,st,36,race_bw,pincp,-0.27242488117953023,-0.1312353320964874,-0.1416847383518096,-0.18464001420182008,-0.08828005624647695,6432,39884,,91,7.32,False,False,False
xgb_trees,trees 2000,st,36,race_bw,hicov,-0.021661153788773424,-0.017301738262176514,-0.004567325115203857,-0.02808535099029541,0.006216287612915039,6432,39884,,91,7.93,False,True,True
xgb_trees,trees 2000,st,36,immigrant,pincp,-0.16921449805576216,-0.15642143253633378,-0.012464814737571217,-0.10701436158485222,-0.061871885689052775,13520,41590,,92,8.09,False,False,False
xgb_trees,trees 2000,st,36,immigrant,hicov,-0.08273276675236285,-0.027833878993988037,-0.05503791570663452,-0.019788384437561035,-0.06308341026306152,13520,41590,,92,8.86,False,False,False
xgb_trees,trees 2000,st,37,sex_female,pincp,-0.2513797037125798,-0.02460066914190584,-0.22701116357147377,-0.04769725727119223,-0.20391457544218738,11762,14924,,92,4.13,False,False,False
xgb_trees,trees 2000,st,37,sex_female,hicov,0.026121671345438635,0.0006949305534362793,0.025555431842803955,0.012728750705718994,0.01352161169052124,11762,14924,,92,4.59,False,False,False
xgb_trees,trees 2000,st,37,race_bw,pincp,-0.3428412819155735,-0.12282356326630328,-0.21983117257052776,-0.15449868866996574,-0.1881560471668653,4251,20487,,91,4.14,False,False,False
xgb_trees,trees 2000,st,37,race_bw,hicov,-0.020227158183069305,-0.02314203977584839,0.0030354857444763184,-0.017832517623901367,-0.002274036407470703,4251,20487,,91,4.53,False,True,True
xgb_trees,trees 2000,st,37,immigrant,pincp,-0.10334814145842763,-0.06243005801601953,-0.040358362089241595,-0.024615031097164675,-0.07817338900809645,2369,24317,,92,4.23,False,False,False
xgb_trees,trees 2000,st,37,immigrant,hicov,-0.16151536030195512,-0.09562617540359497,-0.06537020206451416,-0.05255711078643799,-0.10843926668167114,2369,24317,,92,4.76,False,False,False
xgb_trees,trees 2000,st,38,sex_female,pincp,-0.40017355186717296,-0.05019075845045151,-0.34927718181394596,-0.024354830242931058,-0.3751131100214664,943,1416,,88,0.89,False,False,False
xgb_trees,trees 2000,st,38,sex_female,hicov,0.016556727836991025,-0.01361095905303955,0.03015768527984619,0.015388131141662598,0.001158595085144043,943,1416,,88,1.06,True,False,True
xgb_trees,trees 2000,st,38,immigrant,pincp,-0.05300269840215499,-0.25588071640960486,0.20246810938051318,-0.06625188164903406,0.012839274619942387,67,2292,,88,0.82,False,False,False
xgb_trees,trees 2000,st,38,immigrant,hicov,-0.01301737386366586,0.02068483829498291,-0.03233867883682251,-0.006896615028381348,-0.004757225513458252,67,2292,,88,0.9,True,False,True
xgb_trees,trees 2000,st,39,sex_female,pincp,-0.26401311233596125,-0.01806035601285494,-0.24615866891304172,-0.04118214344488891,-0.22303688148100775,14095,18698,,92,4.92,False,False,False
xgb_trees,trees 2000,st,39,sex_female,hicov,0.017501789330388817,-0.004512429237365723,0.02191692590713501,-0.0007049441337585449,0.018109440803527832,14095,18698,,92,5.55,False,False,False
xgb_trees,trees 2000,st,39,race_bw,pincp,-0.24536897415986836,-0.10965173524391503,-0.1367367397476933,-0.12971729135452748,-0.11667118363708084,2358,29190,,91,5.02,False,False,False
xgb_trees,trees 2000,st,39,race_bw,hicov,-0.01722050930684027,-0.017002880573272705,0.00016999244689941406,-0.020591378211975098,0.0037584900856018066,2358,29190,,91,5.43,False,False,False
xgb_trees,trees 2000,st,39,immigrant,pincp,0.048812748806545514,0.0752058339630075,-0.026565291998737806,0.1021268839684506,-0.0534863420041809,1377,31416,,92,4.79,False,False,False
xgb_trees,trees 2000,st,39,immigrant,hicov,-0.04787251600977094,-0.0015169382095336914,-0.04612833261489868,-0.0036411285400390625,-0.04400414228439331,1377,31416,,92,5.47,False,False,False
xgb_trees,trees 2000,st,4,sex_female,pincp,-0.23532286018952853,-0.029654936686188904,-0.20519038162832182,-0.060983306148317595,-0.17386201216619313,7274,9525,,92,2.86,False,False,False
xgb_trees,trees 2000,st,4,sex_female,hicov,0.028002182295263744,-0.006150662899017334,0.03462874889373779,0.013935446739196777,0.014542639255523682,7274,9525,,92,3.1,True,False,True
xgb_trees,trees 2000,st,4,race_bw,pincp,-0.23746491036643214,-0.10337481733248666,-0.13414501155391534,-0.08361679342655393,-0.15390303545984807,580,13266,,91,2.55,False,False,False
xgb_trees,trees 2000,st,4,immigrant,pincp,-0.22653950430917114,-0.09933785670008177,-0.12762376932949238,-0.10661759450287533,-0.12034403152669881,2617,14182,,92,2.86,False,False,False
xgb_trees,trees 2000,st,4,immigrant,hicov,-0.12441581133134316,-0.05420941114425659,-0.0706968903541565,-0.039421796798706055,-0.08548450469970703,2617,14182,,92,3.09,False,False,False
xgb_trees,trees 2000,st,40,sex_female,pincp,-0.29664627375391106,-0.02178186261121695,-0.27479084069457294,-0.02360867479134221,-0.2729640285144477,4029,5523,,92,1.85,False,False,False
xgb_trees,trees 2000,st,40,sex_female,hicov,0.0268521712963955,-0.0018723607063293457,0.028359711170196533,0.031145572662353516,-0.004658222198486328,4029,5523,,92,2.03,True,True,True
xgb_trees,trees 2000,st,40,race_bw,pincp,-0.2351882977597448,-0.07759717530802845,-0.15971212972297089,-0.12447816364894493,-0.11283114138205441,446,7317,,91,1.62,False,False,False
xgb_trees,trees 2000,st,40,immigrant,pincp,-0.21193833439191856,-0.037131482217096945,-0.17358422756407066,-0.06327223000993065,-0.14744347977123695,556,8996,,92,1.88,False,False,False
xgb_trees,trees 2000,st,40,immigrant,hicov,-0.21967477152115567,-0.08161795139312744,-0.13782119750976562,-0.10060721635818481,-0.11883193254470825,556,8996,,92,1.97,False,False,False
xgb_trees,trees 2000,st,41,sex_female,pincp,-0.2149141704901094,-0.010439343453947814,-0.20450569878818925,-0.019309010225656564,-0.1956360320164805,4421,6132,,91,2.0,False,False,False
xgb_trees,trees 2000,st,41,sex_female,hicov,0.019092850303944253,0.0017372369766235352,0.01772850751876831,0.007265448570251465,0.01220029592514038,4421,6132,,91,2.26,False,False,False
xgb_trees,trees 2000,st,41,race_bw,pincp,-0.25634392603690337,-0.018737883752690365,-0.23647019574821826,-0.07531212522322939,-0.17989595427767924,131,9171,,90,1.77,False,False,False
xgb_trees,trees 2000,st,41,race_bw,hicov,0.014280827134320662,-0.007453799247741699,0.022248923778533936,-0.009597599506378174,0.02439272403717041,131,9171,,90,1.77,False,False,False
xgb_trees,trees 2000,st,41,immigrant,pincp,-0.14781387524339173,-0.082463148511005,-0.06489994498674712,-0.044506786331329096,-0.10285630716642302,1186,9367,,91,1.91,False,False,False
xgb_trees,trees 2000,st,41,immigrant,hicov,-0.06071924489673575,-0.035449445247650146,-0.025221407413482666,-0.0233268141746521,-0.03734403848648071,1186,9367,,91,2.25,False,False,False
xgb_trees,trees 2000,st,42,sex_female,pincp,-0.2608191999909497,-0.004788867181389378,-0.2563343898268684,-0.0372951484167352,-0.22382810859152258,15681,20483,,92,5.17,False,False,False
xgb_trees,trees 2000,st,42,sex_female,hicov,0.02210470837581824,-0.004826545715332031,0.02697908878326416,0.0021935105323791504,0.01995903253555298,15681,20483,,92,5.94,True,False,True
xgb_trees,trees 2000,st,42,race_bw,pincp,-0.18461695160788594,-0.10808248037270118,-0.0770761310883028,-0.12853287828693638,-0.056625733174067605,1775,32726,,91,5.31,False,False,False
xgb_trees,trees 2000,st,42,race_bw,hicov,-0.02623379954603866,-0.02648019790649414,0.0004200935363769531,-0.010667145252227783,-0.015392959117889404,1775,32726,,91,5.89,False,True,True
xgb_trees,trees 2000,st,42,immigrant,pincp,0.01895036834457109,-0.0023541533233597534,0.021088194051655407,0.05110346730007542,-0.03236942657177977,2085,34079,,92,5.32,True,True,True
xgb_trees,trees 2000,st,42,immigrant,hicov,-0.05231362901110781,-0.01372438669204712,-0.03828328847885132,-0.008003592491149902,-0.044004082679748535,2085,34079,,92,5.78,False,False,False
xgb_trees,trees 2000,st,44,sex_female,pincp,-0.2343378528442699,0.02906034235851962,-0.26279818046769243,0.044912732739463834,-0.27865057084863665,1329,1569,,88,0.88,False,False,False
xgb_trees,trees 2000,st,44,sex_female,hicov,0.019553510668755658,-0.004910886287689209,0.024161875247955322,-0.004138052463531494,0.023389041423797607,1329,1569,,88,1.05,False,False,False
xgb_trees,trees 2000,st,44,race_bw,pincp,-0.2926052160795276,-0.061341194689624956,-0.2311338970722776,-0.14058075496842015,-0.1518943367934824,123,2515,,87,0.8,False,False,False
xgb_trees,trees 2000,st,44,immigrant,pincp,-0.24674267801177407,-0.1900506315510011,-0.05660613175535012,-0.1337319691648826,-0.11292479414146861,463,2435,,88,0.95,False,False,False
xgb_trees,trees 2000,st,44,immigrant,hicov,-0.05373667847845276,-0.04269129037857056,-0.01101386547088623,-0.010530531406402588,-0.0431746244430542,463,2435,,88,1.0,False,False,False
xgb_trees,trees 2000,st,45,sex_female,pincp,-0.2785360372270027,-0.0513858230483919,-0.22730205707311413,-0.0658709563328479,-0.21281692378865813,5691,7032,,92,2.24,False,False,False
xgb_trees,trees 2000,st,45,sex_female,hicov,0.032366685197812495,-0.0005048513412475586,0.03293919563293457,0.006855189800262451,0.02557915449142456,5691,7032,,92,2.43,True,False,True
xgb_trees,trees 2000,st,45,race_bw,pincp,-0.3830184381611712,-0.1500496377012741,-0.23398118803047474,-0.16674527652739712,-0.21728554920435172,2541,9653,,91,2.23,False,False,False
xgb_trees,trees 2000,st,45,race_bw,hicov,-0.01027585594795033,-0.029084742069244385,0.018427252769470215,-0.026890873908996582,0.016233384609222412,2541,9653,,91,2.44,False,False,False
xgb_trees,trees 2000,st,45,immigrant,pincp,-0.08057504916947344,-0.0972223490708437,0.01662658434121944,-0.02839083500451345,-0.052204929725110816,654,12069,,92,2.2,False,True,True
xgb_trees,trees 2000,st,45,immigrant,hicov,-0.20226282970777365,-0.12923020124435425,-0.07314842939376831,-0.060816168785095215,-0.14156246185302734,654,12069,,92,2.52,False,False,False
xgb_trees,trees 2000,st,46,sex_female,pincp,-0.2908753073247148,-0.013082944193852697,-0.279173895846764,-0.00946486960794779,-0.2827919704326689,1104,1489,,87,0.79,False,False,False
xgb_trees,trees 2000,st,46,sex_female,hicov,0.02619511684721776,-0.00798952579498291,0.034160614013671875,0.006374239921569824,0.01979684829711914,1104,1489,,87,0.88,True,False,True
xgb_trees,trees 2000,st,46,immigrant,pincp,-0.23296569506982934,0.014260722322136488,-0.24822396276865177,-0.15685843664283716,-0.07710480380367812,77,2516,,87,0.81,True,False,True
xgb_trees,trees 2000,st,46,immigrant,hicov,-0.05143187496128676,-0.06561613082885742,0.01430279016494751,-0.16661393642425537,0.11530059576034546,77,2516,,87,0.82,False,False,False
xgb_trees,trees 2000,st,47,sex_female,pincp,-0.2515418813310255,-0.004286971781477078,-0.24680479711439318,-0.01598406317601153,-0.23510770571985873,7731,9938,,92,2.86,False,False,False
xgb_trees,trees 2000,st,47,sex_female,hicov,0.03620466553737811,0.005888879299163818,0.030306577682495117,0.017586231231689453,0.018609225749969482,7731,9938,,92,3.27,False,False,False
xgb_trees,trees 2000,st,47,race_bw,pincp,-0.24291613774690468,-0.11657948869357604,-0.1261080282539364,-0.13053318828458949,-0.11215432866292296,2084,14855,,91,2.86,False,False,False
xgb_trees,trees 2000,st,47,race_bw,hicov,-0.019212108604546363,-0.02173525094985962,0.0021951794624328613,-0.018148481845855713,-0.001391589641571045,2084,14855,,91,3.12,False,True,True
xgb_trees,trees 2000,st,47,immigrant,pincp,-0.12017643285205182,-0.06567333635776507,-0.054825614181210014,-0.04252391145503154,-0.07797503908394354,982,16687,,92,2.9,False,False,False
xgb_trees,trees 2000,st,47,immigrant,hicov,-0.22928094933956544,-0.11208087205886841,-0.11690706014633179,-0.045403122901916504,-0.1835848093032837,982,16687,,92,3.25,False,False,False
xgb_trees,trees 2000,st,48,sex_female,pincp,-0.280056055773656,-0.03240444841505408,-0.24758611949824427,-0.04859782662568968,-0.23139274128760867,31110,42184,,92,10.09,False,False,False
xgb_trees,trees 2000,st,48,sex_female,hicov,0.05040712336269337,-0.0005008578300476074,0.050954461097717285,0.027562499046325684,0.022891104221343994,31110,42184,,92,11.28,True,False,True
xgb_trees,trees 2000,st,48,race_bw,pincp,-0.2224747386930428,-0.07936252540629773,-0.1429723652326853,-0.10030872885958608,-0.12202616177939696,6632,57703,,91,9.6,False,False,False
xgb_trees,trees 2000,st,48,race_bw,hicov,0.020478520087899965,-0.008143723011016846,0.02910250425338745,0.001638650894165039,0.019320130348205566,6632,57703,,91,10.33,True,False,True
xgb_trees,trees 2000,st,48,immigrant,pincp,-0.24244797762234072,-0.08791425817544685,-0.1539699163985606,-0.08677240439227418,-0.15511177018173328,14045,59249,,92,10.15,False,False,False
xgb_trees,trees 2000,st,48,immigrant,hicov,-0.18640997892927536,-0.10270863771438599,-0.08394896984100342,-0.06526625156402588,-0.12139135599136353,14045,59249,,92,11.13,False,False,False
xgb_trees,trees 2000,st,49,sex_female,pincp,-0.3688677720811935,-0.07710164559635047,-0.29242454158175235,-0.07939690694278134,-0.2901292802353215,2631,4858,,91,1.54,False,False,False
xgb_trees,trees 2000,st,49,sex_female,hicov,0.016111383121001355,-0.016469240188598633,0.032723963260650635,-0.015328288078308105,0.03158301115036011,2631,4858,,91,1.67,False,False,False
xgb_trees,trees 2000,st,49,race_bw,pincp,-0.3013406887576444,-0.4100114944491686,0.10828711949699965,-0.13623708552345803,-0.16548728942871094,54,6795,,90,1.34,False,True,True
xgb_trees,trees 2000,st,49,immigrant,pincp,-0.33821703312701956,-0.2049983735763572,-0.13373915363744082,-0.19235083832774968,-0.14638668888604833,677,6812,,91,1.59,False,False,False
xgb_trees,trees 2000,st,49,immigrant,hicov,-0.16394736545378696,-0.04591810703277588,-0.11894166469573975,-0.06453609466552734,-0.10032367706298828,677,6812,,91,1.73,False,False,False
xgb_trees,trees 2000,st,5,sex_female,pincp,-0.2661997987464133,-0.024718211771956433,-0.24199144243760884,-0.017347690112591962,-0.2493619640969733,3295,4129,,92,1.58,False,False,False
xgb_trees,trees 2000,st,5,sex_female,hicov,0.0323388622831734,-0.0018657445907592773,0.033857762813568115,0.016502439975738525,0.015489578247070312,3295,4129,,92,1.75,True,False,True
xgb_trees,trees 2000,st,5,race_bw,pincp,-0.2823326565036659,-0.11695654783840936,-0.1655368901370622,-0.11736513557968209,-0.16512830239578946,802,6230,,91,1.5,False,False,False
xgb_trees,trees 2000,st,5,immigrant,pincp,-0.24308967053588226,-0.09416841688328326,-0.14905037426362,-0.09337657522106824,-0.14984221592583502,391,7033,,92,1.49,False,False,False
xgb_trees,trees 2000,st,5,immigrant,hicov,-0.14289813131590456,-0.012878060340881348,-0.1303170919418335,-0.028128862380981445,-0.1150662899017334,391,7033,,92,1.61,False,False,False
xgb_trees,trees 2000,st,50,sex_female,pincp,-0.14022086869054817,0.03312432237433782,-0.17429753036350526,0.1017036507892346,-0.24287685877840204,852,1028,,86,0.77,False,False,False
xgb_trees,trees 2000,st,50,sex_female,hicov,0.029192013298989794,-0.007252037525177002,0.036297619342803955,0.00918811559677124,0.019857466220855713,852,1028,,86,0.85,True,False,True
xgb_trees,trees 2000,st,50,immigrant,pincp,0.08646994507348538,0.08896908946449855,-0.0020781355024759307,-0.008622702529116566,0.09551365649113919,61,1819,,86,0.76,True,True,True
xgb_trees,trees 2000,st,50,immigrant,hicov,-0.033039230706837674,0.03162181377410889,-0.06505030393600464,0.026806354522705078,-0.06023484468460083,61,1819,,86,0.82,False,False,False
xgb_trees,trees 2000,st,51,sex_female,pincp,-0.27302751178342,-0.06978406883673927,-0.20368643085722482,-0.08339190476699443,-0.19007859492696966,11165,13892,,92,3.84,False,False,False
xgb_trees,trees 2000,st,51,sex_female,hicov,0.018292008635743984,-0.0052416324615478516,0.0233953595161438,0.005501091480255127,0.01265263557434082,11165,13892,,92,4.44,True,False,True
xgb_trees,trees 2000,st,51,race_bw,pincp,-0.3105158451780081,-0.1587360852809141,-0.15132935775341494,-0.17365991856389762,-0.13640552447043142,3571,18633,,91,3.66,False,False,False
xgb_trees,trees 2000,st,51,race_bw,hicov,-0.012815493743969841,-0.024322092533111572,0.01172870397567749,-0.016938984394073486,0.004345595836639404,3571,18633,,91,4.03,False,False,False
xgb_trees,trees 2000,st,51,immigrant,pincp,-0.08827680242906055,-0.04502150284179862,-0.04288538611003467,-0.020611055932970856,-0.06729583301886244,3568,21489,,92,3.9,False,False,False
xgb_trees,trees 2000,st,51,immigrant,hicov,-0.08259353987972162,-0.03477257490158081,-0.04791766405105591,-0.01426553726196289,-0.06842470169067383,3568,21489,,92,4.32,False,False,False
xgb_trees,trees 2000,st,53,sex_female,pincp,-0.2748983811241228,-0.05102689958713924,-0.22360719708461474,-0.06765179203254412,-0.20698230463920986,8203,11854,,92,3.14,False,False,False
xgb_trees,trees 2000,st,53,sex_female,hicov,0.02300643443582484,-0.0022219419479370117,0.02525019645690918,0.005161106586456299,0.01786714792251587,8203,11854,,92,3.69,True,False,True
xgb_trees,trees 2000,st,53,race_bw,pincp,-0.2401969338879315,-0.10648584166362518,-0.13314703733477984,-0.09404675796397477,-0.14558612103443025,498,16076,,91,2.89,False,False,False
xgb_trees,trees 2000,st,53,immigrant,pincp,-0.06386455533668745,-0.03829967351405017,-0.026130640298841712,-0.035459144088012096,-0.028971169724879786,3142,16915,,92,3.23,False,False,False
xgb_trees,trees 2000,st,53,immigrant,hicov,-0.08703524361614123,-0.04346609115600586,-0.043401122093200684,-0.007741212844848633,-0.07912600040435791,3142,16915,,92,3.62,False,False,False
xgb_trees,trees 2000,st,54,sex_female,pincp,-0.2653994856022521,-0.0006088576368554754,-0.26554487849166364,-0.07439957655814133,-0.19175415957037778,1870,2372,,91,1.14,False,False,False
xgb_trees,trees 2000,st,54,sex_female,hicov,0.019418618282818212,-0.005822360515594482,0.025333702564239502,0.009796559810638428,0.009714782238006592,1870,2372,,91,1.26,True,False,True
xgb_trees,trees 2000,st,54,race_bw,pincp,-0.10287333642424024,-0.10498473683724363,0.0017931349824422682,-0.04272894131627858,-0.06046266053852278,95,4041,,90,1.04,False,True,True
xgb_trees,trees 2000,st,54,immigrant,pincp,0.09627748981801787,0.003547629465789015,0.09279679539691976,0.09491575854058176,0.0014286663221270146,92,4150,,91,1.11,False,False,False
xgb_trees,trees 2000,st,54,immigrant,hicov,-0.03514929282346779,-0.034830331802368164,-0.0012404322624206543,0.0026825666427612305,-0.03875333070755005,92,4150,,91,1.19,True,False,True
xgb_trees,trees 2000,st,55,sex_female,pincp,-0.24014252727026175,0.00488623817815359,-0.24506627603584086,-0.0015872320611745039,-0.23859280579651276,7379,10129,,92,2.94,True,False,True
xgb_trees,trees 2000,st,55,sex_female,hicov,0.020999134207080772,-0.003161787986755371,0.024045586585998535,0.006531238555908203,0.014352560043334961,7379,10129,,92,3.35,True,False,True
xgb_trees,trees 2000,st,55,race_bw,pincp,-0.23597190532807133,-0.09159977183640677,-0.1443972953713768,-0.10966951248899726,-0.12632755471878632,357,16436,,91,3.02,False,False,False
xgb_trees,trees 2000,st,55,race_bw,hicov,-0.03011085183647566,-0.02933889627456665,-0.0006693601608276367,-0.020693540573120117,-0.00931471586227417,357,16436,,91,3.25,False,False,False
xgb_trees,trees 2000,st,55,immigrant,pincp,-0.08377285580072602,-0.03774003939379078,-0.04660723014921153,-0.0206813580327303,-0.06366591151027201,662,16846,,92,2.95,False,False,False
xgb_trees,trees 2000,st,55,immigrant,hicov,-0.1264630042973257,-0.03478115797042847,-0.09186863899230957,-0.021486401557922363,-0.10516339540481567,662,16846,,92,3.18,False,False,False
xgb_trees,trees 2000,st,56,sex_female,pincp,-0.36346992208175166,-0.03132538153512776,-0.33284007854541464,-0.07131849296415105,-0.29284696711639135,647,956,,85,0.74,False,False,False
xgb_trees,trees 2000,st,56,sex_female,hicov,0.03127243214579034,-0.017618834972381592,0.04918515682220459,-0.012717068195343018,0.044283390045166016,647,956,,85,0.77,False,False,False
xgb_trees,trees 2000,st,56,immigrant,pincp,-0.18877279319069018,-0.08778170446976397,-0.10175339708623277,-0.14162637469550177,-0.047908726860494966,51,1552,,85,0.75,False,False,False
xgb_trees,trees 2000,st,56,immigrant,hicov,-0.07889882757226607,-0.06825971603393555,-0.009739339351654053,-0.028307557106018066,-0.04969149827957153,51,1552,,85,0.75,False,False,False
xgb_trees,trees 2000,st,6,sex_female,pincp,-0.18146729971729947,0.005474405807840199,-0.18674074194240298,-0.008348900129751868,-0.1729174360048109,41076,58207,,92,12.42,True,False,True
xgb_trees,trees 2000,st,6,sex_female,hicov,0.03384123084023194,0.0013635754585266113,0.03237086534500122,0.009980499744415283,0.02375394105911255,41076,58207,,92,13.13,False,False,False
xgb_trees,trees 2000,st,6,race_bw,pincp,-0.18246297664314604,-0.09068506244423702,-0.09217752058626338,-0.08703651369019028,-0.09582606934031013,4119,61748,,91,9.43,False,False,False
xgb_trees,trees 2000,st,6,race_bw,hicov,0.015345646834364346,0.012948572635650635,0.0025266408920288086,0.010823488235473633,0.0046517252922058105,4119,61748,,91,10.08,False,False,False
xgb_trees,trees 2000,st,6,immigrant,pincp,-0.26875090094567966,-0.1363004521754725,-0.13249771393217102,-0.11900093758616492,-0.1497972285214786,35042,64241,,92,12.02,False,False,False
xgb_trees,trees 2000,st,6,immigrant,hicov,-0.080050513778545,-0.0401461124420166,-0.040165603160858154,-0.020049989223480225,-0.06026172637939453,35042,64241,,92,12.88,False,False,False
xgb_trees,trees 2000,st,8,sex_female,pincp,-0.21981364393633918,-0.019620330864260183,-0.19984312025692752,-0.028470261601366786,-0.19099318951982092,6943,9596,,92,2.78,False,False,False
xgb_trees,trees 2000,st,8,sex_female,hicov,0.03742758652198985,0.0009750723838806152,0.03646194934844971,0.013444006443023682,0.02399301528930664,6943,9596,,92,3.42,False,False,False
xgb_trees,trees 2000,st,8,race_bw,pincp,-0.22475618247098517,-0.11409189975218048,-0.11146636452165559,-0.08347818975476784,-0.14208007451906823,402,14662,,91,2.95,False,False,False
xgb_trees,trees 2000,st,8,immigrant,pincp,-0.23250097022780913,-0.1809729007117049,-0.05062752365665624,-0.1377953836537653,-0.09380504071459583,1649,14890,,92,3.03,False,False,False
xgb_trees,trees 2000,st,8,immigrant,hicov,-0.15452220671420613,-0.08363723754882812,-0.07051116228103638,-0.02953392267227173,-0.12461447715759277,1649,14890,,92,3.43,False,False,False
xgb_trees,trees 2000,st,9,sex_female,pincp,-0.32591543934684,-0.03429802268547455,-0.29132080887130307,-0.06227699108032958,-0.26334184047644804,4662,6012,,92,2.13,False,False,False
xgb_trees,trees 2000,st,9,sex_female,hicov,0.01643880835497602,-0.004214048385620117,0.020681679248809814,0.000980377197265625,0.015487253665924072,4662,6012,,92,2.59,True,False,True
xgb_trees,trees 2000,st,9,race_bw,pincp,-0.4323223792453419,-0.103244500140665,-0.328430875206811,-0.2501025670477741,-0.1815728082997019,757,8886,,91,2.03,False,False,False
xgb_trees,trees 2000,st,9,race_bw,hicov,-0.02647716518436527,-0.03225177526473999,0.005765080451965332,-0.027044594287872314,0.0005578994750976562,757,8886,,91,2.1,False,False,False
xgb_trees,trees 2000,st,9,immigrant,pincp,-0.12330295028208837,-0.0933522314022266,-0.03015917512963462,-0.08721406970538226,-0.036297336826478954,1722,8952,,92,1.96,False,False,False
xgb_trees,trees 2000,st,9,immigrant,hicov,-0.07303061157765922,-0.026202738285064697,-0.04694873094558716,-0.01162111759185791,-0.061530351638793945,1722,8952,,92,2.17,False,False,False
xgb_trees,trees 4000,naics_2,11,sex_female,pincp,-0.17442832844735356,0.02364550641069485,-0.19860044339807992,0.012581305869431958,-0.18753624285681703,1770,10168,,63,3.19,False,False,False
xgb_trees,trees 4000,naics_2,11,sex_female,hicov,0.06072557308405235,-0.017974436283111572,0.07928836345672607,0.00091552734375,0.0603983998298645,1770,10168,,63,3.52,True,False,True
xgb_trees,trees 4000,naics_2,11,race_bw,pincp,-0.3082373735363646,-0.1857613342053348,-0.12137953206314123,-0.13087194190213047,-0.17626892436634556,198,10459,,62,2.88,False,False,False
xgb_trees,trees 4000,naics_2,11,race_bw,hicov,-0.08277004677234145,-0.029478073120117188,-0.054170966148376465,-0.12004977464675903,0.03640073537826538,198,10459,,62,3.21,False,True,True
xgb_trees,trees 4000,naics_2,11,immigrant,pincp,-0.5044989627739547,-0.29375232263654105,-0.2112530588047843,-0.19462256990199478,-0.31038281153933056,2454,9484,,63,3.34,False,False,False
xgb_trees,trees 4000,naics_2,11,immigrant,hicov,-0.29192622963498427,-0.07579183578491211,-0.21627914905548096,-0.06459605693817139,-0.22747492790222168,2454,9484,,63,3.57,False,False,False
xgb_trees,trees 4000,naics_2,21,sex_female,pincp,-0.1566003960737774,0.1498745069269276,-0.30769774354778257,0.13615470532347196,-0.2939779419443269,858,4828,,60,1.98,False,False,False
xgb_trees,trees 4000,naics_2,21,sex_female,hicov,0.029791252657864087,-0.008118152618408203,0.03792530298233032,-0.003217458724975586,0.033024609088897705,858,4828,,60,2.13,False,False,False
xgb_trees,trees 4000,naics_2,21,race_bw,pincp,-0.3229724667527538,-0.14972905502687972,-0.17368069578487955,-0.09939911498699594,-0.22401063582476333,204,5009,,59,1.92,False,False,False
xgb_trees,trees 4000,naics_2,21,race_bw,hicov,-0.03411114895149525,-0.0499645471572876,0.016281425952911377,-0.04398214817047119,0.01029902696609497,204,5009,,59,2.03,False,False,False
xgb_trees,trees 4000,naics_2,21,immigrant,pincp,0.04340662820095709,0.2419607649532569,-0.19825072703476465,0.12567286976311998,-0.08196283184462771,538,5148,,60,1.94,False,False,False
xgb_trees,trees 4000,naics_2,21,immigrant,hicov,-0.029199631430114614,-0.028996706008911133,-0.00032401084899902344,-0.011948347091674805,-0.01737236976623535,538,5148,,60,2.12,False,False,False
xgb_trees,trees 4000,naics_2,22,sex_female,pincp,-0.16498741705883546,0.09370383091363443,-0.25976579255854126,0.05243563562087772,-0.21849759726578455,2383,8526,,63,3.03,False,False,False
xgb_trees,trees 4000,naics_2,22,race_bw,pincp,-0.20612530453511546,-0.06353390488356325,-0.14233435438992004,-0.07497903720930665,-0.13088922206417664,778,9258,,62,2.87,False,False,False
xgb_trees,trees 4000,naics_2,22,race_bw,hicov,-0.010228352495528115,-0.017575383186340332,0.007239639759063721,-0.012020885944366455,0.0016851425170898438,778,9258,,62,3.18,False,False,False
xgb_trees,trees 4000,naics_2,22,immigrant,pincp,0.05236980693181259,0.1692630514757596,-0.11639412299143181,0.09074840815421936,-0.03787947966989158,791,10118,,63,3.05,False,False,False
xgb_trees,trees 4000,naics_2,22,immigrant,hicov,-0.04415682556453315,-0.020894408226013184,-0.02340143918991089,-2.4139881134033203e-05,-0.04427170753479004,791,10118,,63,3.47,False,False,False
xgb_trees,trees 4000,naics_2,23,sex_female,pincp,-0.0626446456082057,0.1063988456310554,-0.16872082340026573,0.10954859336448308,-0.17187057113369342,5486,50901,,58,11.62,False,False,False
xgb_trees,trees 4000,naics_2,23,sex_female,hicov,0.10012223552223276,0.016145408153533936,0.08400934934616089,0.03276461362838745,0.06739014387130737,5486,50901,,58,12.74,False,False,False
xgb_trees,trees 4000,naics_2,23,race_bw,pincp,-0.2200815585744582,-0.11735916869848317,-0.10279949610422356,-0.05938054655335456,-0.16077811824935218,2207,47852,,57,10.22,False,False,False
xgb_trees,trees 4000,naics_2,23,immigrant,pincp,-0.32078281195261127,-0.1413803890726033,-0.17896476745689682,-0.10390679181154105,-0.21643836471795908,11081,45306,,58,11.74,False,False,False
xgb_trees,trees 4000,naics_2,23,immigrant,hicov,-0.3059844323527965,-0.10012739896774292,-0.20567947626113892,-0.06645834445953369,-0.23934853076934814,11081,45306,,58,12.62,False,False,False
xgb_trees,trees 4000,naics_2,31,sex_female,pincp,-0.2629578528630354,-0.04290825555138156,-0.2196266789547714,-0.051975674602093846,-0.2105592599040591,6080,10147,,65,4.36,False,False,False
xgb_trees,trees 4000,naics_2,31,race_bw,pincp,-0.303773085054587,-0.13635248070327677,-0.16637444482232056,-0.14557771250480656,-0.15714921302079077,1704,11987,,64,3.73,False,False,False
xgb_trees,trees 4000,naics_2,31,race_bw,hicov,-0.015489638422845342,-0.026563823223114014,0.010956048965454102,-0.022327423095703125,0.006719648838043213,1704,11987,,64,4.07,False,False,False
xgb_trees,trees 4000,naics_2,31,immigrant,pincp,-0.34096890087177734,-0.16865890215527912,-0.17231782797931317,-0.09312471853700544,-0.24785201159758685,3768,12459,,65,4.46,False,False,False
xgb_trees,trees 4000,naics_2,31,immigrant,hicov,-0.12329223291887836,-0.037599265575408936,-0.08570116758346558,-0.0348128080368042,-0.08848762512207031,3768,12459,,65,4.96,False,False,False
xgb_trees,trees 4000,naics_2,32,sex_female,pincp,-0.14835792196557485,0.06936355408705985,-0.2174621243035766,0.045227451573099486,-0.19332602178961622,8451,21977,,67,7.58,False,False,False
xgb_trees,trees 4000,naics_2,32,sex_female,hicov,0.013688911235591239,-0.007696866989135742,0.02130061388015747,-0.006400883197784424,0.020004630088806152,8451,21977,,67,8.34,False,False,False
xgb_trees,trees 4000,naics_2,32,race_bw,pincp,-0.2647300616488355,-0.08734611150165605,-0.17673785793270014,-0.09607221197645188,-0.1680117574579043,2081,25276,,66,6.7,False,False,False
xgb_trees,trees 4000,naics_2,32,race_bw,hicov,-0.011317819176341226,-0.02185356616973877,0.010473847389221191,-0.023225784301757812,0.011846065521240234,2081,25276,,66,7.4,False,False,False
xgb_trees,trees 4000,naics_2,32,immigrant,pincp,-0.08673017505501157,0.011215322452342136,-0.09837735920241464,0.0486944574242667,-0.1358564941743392,4028,26400,,67,7.36,False,False,False
xgb_trees,trees 4000,naics_2,32,immigrant,hicov,-0.07233731305106683,-0.021199941635131836,-0.051075875759124756,-0.013638138771057129,-0.05863767862319946,4028,26400,,67,8.34,False,False,False
xgb_trees,trees 4000,naics_2,33,sex_female,pincp,-0.2637016416912381,-0.029971765205615952,-0.2338266484081526,-0.041040016684197766,-0.22275839692957078,16238,50594,,69,15.52,False,False,False
xgb_trees,trees 4000,naics_2,33,race_bw,pincp,-0.32554110402042724,-0.11550646805093301,-0.21038675440662935,-0.14204747910307702,-0.18384574335448534,3920,54728,,68,14.79,False,False,False
xgb_trees,trees 4000,naics_2,33,race_bw,hicov,-0.017633588298643477,-0.020264387130737305,0.0025250911712646484,-0.023256123065948486,0.00551682710647583,3920,54728,,68,16.14,False,False,False
xgb_trees,trees 4000,naics_2,33,immigrant,pincp,-0.031002990109508133,0.038601267618487256,-0.06970085874930909,0.07571091797131224,-0.10681050910213408,10156,56676,,69,15.62,False,False,False
xgb_trees,trees 4000,naics_2,33,immigrant,hicov,-0.04499232538424991,-0.007929325103759766,-0.0369490385055542,-0.011528193950653076,-0.03335016965866089,10156,56676,,69,17.36,False,False,False
xgb_trees,trees 4000,naics_2,3M,sex_female,pincp,-0.3035433700709156,-0.03332431925612234,-0.27155560831869785,-0.04752628271013393,-0.25735364486468626,879,1984,,57,1.28,False,False,False
xgb_trees,trees 4000,naics_2,3M,race_bw,pincp,-0.2366623367706051,-0.14425957140469592,-0.0919426433981485,-0.0870183686923145,-0.14918384611052993,323,2116,,56,1.17,False,False,False
xgb_trees,trees 4000,naics_2,3M,race_bw,hicov,-0.028134455453656892,-0.030682265758514404,0.0031508207321166992,-0.012205004692077637,-0.015326440334320068,323,2116,,56,1.31,False,True,True
xgb_trees,trees 4000,naics_2,3M,immigrant,pincp,-0.26129086957903347,-0.025103294261944242,-0.23707457782940544,-0.05521744883818691,-0.20696042325316277,595,2268,,57,1.25,False,False,False
xgb_trees,trees 4000,naics_2,3M,immigrant,hicov,-0.10675381263616557,-0.04670745134353638,-0.06043189764022827,-0.001682877540588379,-0.10545647144317627,595,2268,,57,1.41,False,False,False
xgb_trees,trees 4000,naics_2,42,sex_female,pincp,-0.2022436858462644,0.035840016532892705,-0.23814192666745804,0.004329921440383799,-0.20663183157494913,7903,20186,,63,6.76,False,False,False
xgb_trees,trees 4000,naics_2,42,race_bw,pincp,-0.37749029566436754,-0.08624953480329722,-0.2907730833860853,-0.1058834184683981,-0.27113919972098444,1496,23358,,62,6.01,False,False,False
xgb_trees,trees 4000,naics_2,42,race_bw,hicov,-0.03178101331838812,-0.03850644826889038,0.006671428680419922,-0.04371386766433716,0.0118788480758667,1496,23358,,62,6.6,False,False,False
xgb_trees,trees 4000,naics_2,42,immigrant,pincp,-0.2093096720413552,-0.058580901430556054,-0.15096827963708037,-0.0347436730427475,-0.17480550802488892,4233,23856,,63,6.7,False,False,False
xgb_trees,trees 4000,naics_2,42,immigrant,hicov,-0.08411581584950278,-0.017036914825439453,-0.06727415323257446,-0.010130524635314941,-0.07418054342269897,4233,23856,,63,7.41,False,False,False
xgb_trees,trees 4000,naics_2,44,sex_female,pincp,-0.25509860736859835,-0.015910013092636177,-0.2387503704284235,-0.034981884885008085,-0.2196784986360516,20205,31547,,63,11.69,False,False,False
xgb_trees,trees 4000,naics_2,44,sex_female,hicov,0.014269738289013567,-0.014586269855499268,0.028911948204040527,-0.018009424209594727,0.032335102558135986,20205,31547,,63,12.82,False,False,False
xgb_trees,trees 4000,naics_2,44,race_bw,pincp,-0.21868542569681537,-0.07283266513222841,-0.14462651664012505,-0.07567143463194625,-0.1417877471404072,3611,41916,,62,10.51,False,False,False
xgb_trees,trees 4000,naics_2,44,race_bw,hicov,-0.02434017062887106,-0.029164552688598633,0.004885613918304443,-0.03795790672302246,0.013678967952728271,3611,41916,,62,11.22,False,False,False
xgb_trees,trees 4000,naics_2,44,immigrant,pincp,-0.09665531045817133,-0.017569788113176443,-0.07919834346122911,0.018356071341642632,-0.11512420291604819,7415,44337,,63,11.73,True,False,True
xgb_trees,trees 4000,naics_2,44,immigrant,hicov,-0.09476766488920885,-0.003913819789886475,-0.09093254804611206,-0.009241878986358643,-0.08560448884963989,7415,44337,,63,12.52,False,False,False
xgb_trees,trees 4000,naics_2,45,sex_female,pincp,-0.25316293341938767,-0.05370066406109686,-0.19929095773840544,-0.0752527501685627,-0.1777388716309396,10711,10829,,62,5.27,False,False,False
xgb_trees,trees 4000,naics_2,45,sex_female,hicov,0.012157341696831914,-0.008723556995391846,0.02094358205795288,-0.008530139923095703,0.02075016498565674,10711,10829,,62,5.77,False,False,False
xgb_trees,trees 4000,naics_2,45,race_bw,pincp,-0.2128505955917941,-0.12611486956306095,-0.08619059191996215,-0.12265150251818291,-0.08965395896484019,2034,17052,,61,4.9,False,False,False
xgb_trees,trees 4000,naics_2,45,race_bw,hicov,-0.023157172542498827,-0.018389105796813965,-0.004887104034423828,-0.02324908971786499,-2.7120113372802734e-05,2034,17052,,61,5.28,False,False,False
xgb_trees,trees 4000,naics_2,45,immigrant,hicov,-0.04191854009015972,0.010814905166625977,-0.05231666564941406,0.0021106600761413574,-0.04361242055892944,2784,18756,,62,5.7,False,False,False
xgb_trees,trees 4000,naics_2,48,sex_female,pincp,-0.21276262819450054,0.05390369838170983,-0.266882518243575,0.029357696015651413,-0.2423365158775166,5254,23016,,60,6.66,False,False,False
xgb_trees,trees 4000,naics_2,48,sex_female,hicov,0.030014488853288057,-0.0013464093208312988,0.03138458728790283,-0.0010355114936828613,0.031073689460754395,5254,23016,,60,7.08,False,False,False
xgb_trees,trees 4000,naics_2,48,race_bw,pincp,-0.19750902181684893,-0.05339445340075777,-0.144055382616056,-0.0887275103994174,-0.10872232561739636,3689,21206,,59,5.93,False,False,False
xgb_trees,trees 4000,naics_2,48,immigrant,pincp,-0.19393861612739371,-0.09077042748593556,-0.10279661845670951,-0.06173829032890232,-0.13182875561374274,4910,23360,,60,6.48,False,False,False
xgb_trees,trees 4000,naics_2,48,immigrant,hicov,-0.0972118858633485,-0.0009976029396057129,-0.09653013944625854,-0.018262624740600586,-0.07926511764526367,4910,23360,,60,6.95,False,False,False
xgb_trees,trees 4000,naics_2,49,sex_female,pincp,-0.12368417112049634,-0.01137969601044908,-0.11227433516756236,-0.023247469098109264,-0.10040656207990217,3808,8351,,58,3.05,False,False,False
xgb_trees,trees 4000,naics_2,49,sex_female,hicov,0.014366675001937002,-0.009215056896209717,0.023627877235412598,-0.010691940784454346,0.025104761123657227,3808,8351,,58,3.43,False,False,False
xgb_trees,trees 4000,naics_2,49,race_bw,pincp,-0.16454436798651528,-0.04904030475796084,-0.1157898216287645,-0.01763757739417926,-0.14719254899254608,1973,8563,,57,2.71,False,False,False
xgb_trees,trees 4000,naics_2,49,race_bw,hicov,-0.016498035874827455,-0.02166306972503662,0.005099177360534668,-0.02388632297515869,0.007322430610656738,1973,8563,,57,3.1,False,False,False
xgb_trees,trees 4000,naics_2,49,immigrant,pincp,-0.17166827475629098,0.032537856912981056,-0.20354319685803368,-0.03995214102885214,-0.1310531989162005,1836,10323,,58,3.06,True,False,True
xgb_trees,trees 4000,naics_2,49,immigrant,hicov,-0.0865438493521985,-0.0156404972076416,-0.07073783874511719,-0.006685018539428711,-0.07969331741333008,1836,10323,,58,3.4,False,False,False
xgb_trees,trees 4000,naics_2,4M,sex_female,pincp,-0.2786318676631705,-0.048073327453755255,-0.2279762271343646,-0.036061004910333594,-0.23998854967778627,998,1164,,58,1.15,False,False,False
xgb_trees,trees 4000,naics_2,4M,sex_female,hicov,0.010045864925727788,-0.02134007215499878,0.03173828125,-0.007404029369354248,0.01780223846435547,998,1164,,58,1.22,False,False,False
xgb_trees,trees 4000,naics_2,4M,race_bw,pincp,-0.15479391581975044,-0.08992883950051223,-0.06656707549284491,-0.0291582777754531,-0.12733763721790403,247,1637,,57,1.05,False,False,False
xgb_trees,trees 4000,naics_2,4M,race_bw,hicov,-0.030964116743623538,-0.03262895345687866,0.0018914341926574707,0.0016418695449829102,-0.0323793888092041,247,1637,,57,1.16,True,True,True
xgb_trees,trees 4000,naics_2,4M,immigrant,pincp,-0.0850289573043419,-0.11935606328319359,0.03445540286895721,-0.04418092557659392,-0.04071973483764246,319,1843,,58,1.17,False,True,True
xgb_trees,trees 4000,naics_2,4M,immigrant,hicov,-0.13497313396278732,-0.09457707405090332,-0.040376901626586914,0.010359227657318115,-0.14531320333480835,319,1843,,58,1.3,True,False,True
xgb_trees,trees 4000,naics_2,51,sex_female,pincp,-0.2458908158496964,-0.05620186266253846,-0.18990015309978503,-0.06900564045660929,-0.1770963753057142,7812,12919,,61,5.12,False,False,False
xgb_trees,trees 4000,naics_2,51,race_bw,pincp,-0.27989747972265633,-0.135303916633287,-0.14487371530816517,-0.10475083012319786,-0.17542680181825432,1646,16501,,60,4.51,False,False,False
xgb_trees,trees 4000,naics_2,51,race_bw,hicov,-0.016109226562578738,-0.01574850082397461,-0.0002536773681640625,-0.010414183139801025,-0.0055879950523376465,1646,16501,,60,5.05,False,False,False
xgb_trees,trees 4000,naics_2,51,immigrant,pincp,0.20968129890285958,0.18702253899384758,0.02253604951904009,0.17021960289738836,0.03933898561549931,2744,17987,,61,5.16,False,False,False
xgb_trees,trees 4000,naics_2,51,immigrant,hicov,-0.012184536904771393,0.011811912059783936,-0.02378690242767334,0.0038642287254333496,-0.015839219093322754,2744,17987,,61,5.83,False,False,False
xgb_trees,trees 4000,naics_2,52,sex_female,pincp,-0.5682567617236298,-0.20249395696085593,-0.3656225616898503,-0.24434204390871805,-0.32377447474198817,29688,23262,,59,11.37,False,False,False
xgb_trees,trees 4000,naics_2,52,race_bw,pincp,-0.36008972810087947,-0.11366212809429754,-0.2460097641894876,-0.1375544023839872,-0.22211748989979796,4183,42821,,58,10.07,False,False,False
xgb_trees,trees 4000,naics_2,52,race_bw,hicov,-0.014619821613350514,-0.011040031909942627,-0.0035939812660217285,-0.012919723987579346,-0.0017142891883850098,4183,42821,,58,11.4,False,False,False
xgb_trees,trees 4000,naics_2,52,immigrant,pincp,0.12872852116941047,0.15877640564710305,-0.02974419686166918,0.1313410505981203,-0.002308841812686424,6431,46519,,59,11.45,False,False,False
xgb_trees,trees 4000,naics_2,52,immigrant,hicov,-0.013713639558709967,0.007212281227111816,-0.02076190710067749,-0.000576317310333252,-0.012973308563232422,6431,46519,,59,12.92,True,False,True
xgb_trees,trees 4000,naics_2,53,sex_female,pincp,-0.20368571994394458,-0.008035125766857831,-0.1965528587049974,-0.03184819322403776,-0.17273979124781746,7356,9663,,59,4.19,False,False,False
xgb_trees,trees 4000,naics_2,53,sex_female,hicov,0.016528081163935893,-0.008521676063537598,0.024998486042022705,-0.00926196575164795,0.025738775730133057,7356,9663,,59,4.63,False,False,False
xgb_trees,trees 4000,naics_2,53,race_bw,pincp,-0.36522123116522387,-0.05703753269740375,-0.3072825399205872,-0.1202036634939283,-0.24411640912406263,1331,13771,,58,3.81,False,False,False
xgb_trees,trees 4000,naics_2,53,race_bw,hicov,-0.022543426742933304,-0.023344039916992188,0.0006654262542724609,-0.02595442533493042,0.0032758116722106934,1331,13771,,58,4.15,False,False,False
xgb_trees,trees 4000,naics_2,53,immigrant,pincp,-0.16413766013544517,-0.04078772541807574,-0.12385971751320923,-0.018195305535931183,-0.1464521373953538,2515,14504,,59,4.19,False,False,False
xgb_trees,trees 4000,naics_2,53,immigrant,hicov,-0.06069583601534756,-0.005007743835449219,-0.055087149143218994,-0.011422455310821533,-0.04867243766784668,2515,14504,,59,4.82,False,False,False
xgb_trees,trees 4000,naics_2,54,sex_female,pincp,-0.3899332779490621,-0.1048451404640307,-0.28553614040822417,-0.1251516100652168,-0.2652296708070381,29018,43958,,60,15.64,False,False,False
xgb_trees,trees 4000,naics_2,54,race_bw,pincp,-0.2660095394753377,-0.10397494599702917,-0.16137851526521274,-0.11014741397817751,-0.1552060472840644,3444,58849,,59,13.52,False,False,False
xgb_trees,trees 4000,naics_2,54,race_bw,hicov,-0.01714595588240375,-0.012446463108062744,-0.004830420017242432,-0.01629120111465454,-0.0009856820106506348,3444,58849,,59,15.15,False,False,False
xgb_trees,trees 4000,naics_2,54,immigrant,pincp,0.0722182219525429,0.09525368875528528,-0.022856990841738423,0.0958323976407911,-0.02343569972724424,12006,60970,,60,16.01,False,False,False
xgb_trees,trees 4000,naics_2,54,immigrant,hicov,-0.01085133722024234,0.012603700160980225,-0.023335278034210205,0.002759218215942383,-0.013490796089172363,12006,60970,,60,18.14,False,False,False
xgb_trees,trees 4000,naics_2,55,sex_female,pincp,-0.41916513373735675,-0.15254518899743452,-0.2684925597426737,-0.1754399619820628,-0.24559778675804544,689,659,,57,1.0,False,False,False
xgb_trees,trees 4000,naics_2,55,race_bw,pincp,-0.39175907995863213,-0.03385988412294694,-0.36004785865756617,-0.0613066414130099,-0.3326011013675032,77,1128,,55,0.96,False,False,False
xgb_trees,trees 4000,naics_2,55,race_bw,hicov,-0.0421962788984066,-0.009979307651519775,-0.03304600715637207,0.0049166083335876465,-0.04794192314147949,77,1128,,55,1.01,True,False,True
xgb_trees,trees 4000,naics_2,55,immigrant,pincp,0.08036547274432237,-0.07724961474043468,0.16093297336447243,0.0101902994041847,0.07349305921985305,155,1193,,57,1.01,True,False,True
xgb_trees,trees 4000,naics_2,55,immigrant,hicov,-0.013233107103263642,-0.005969405174255371,-0.007244110107421875,0.008231580257415771,-0.021445095539093018,155,1193,,57,1.04,True,False,True
xgb_trees,trees 4000,naics_2,56,sex_female,pincp,-0.1285776356521673,0.011139388124123073,-0.1397722245500752,0.03304588975234246,-0.1616787261782946,10600,18487,,60,6.91,False,False,False
xgb_trees,trees 4000,naics_2,56,sex_female,hicov,0.04997762323550159,-0.010972321033477783,0.060866475105285645,0.0037929415702819824,0.04610121250152588,10600,18487,,60,7.63,True,False,True
xgb_trees,trees 4000,naics_2,56,race_bw,pincp,-0.2488064758317332,-0.1165317491125002,-0.13211921150578299,-0.06701363677655259,-0.1816373238417306,3326,21705,,59,5.97,False,False,False
xgb_trees,trees 4000,naics_2,56,immigrant,pincp,-0.2986422731817857,-0.12545051845453514,-0.17360189070341825,-0.0724376306870127,-0.2266147784709407,6273,22814,,60,7.05,False,False,False
xgb_trees,trees 4000,naics_2,56,immigrant,hicov,-0.20222463599230545,-0.061757683753967285,-0.14036017656326294,-0.02976745367050171,-0.17235040664672852,6273,22814,,60,7.56,False,False,False
xgb_trees,trees 4000,naics_2,61,sex_female,pincp,-0.19832442884073664,0.0026008668283079572,-0.20103517598842657,-0.007039734248509788,-0.19139457491160883,51590,26189,,58,16.33,True,False,True
xgb_trees,trees 4000,naics_2,61,race_bw,pincp,-0.1508946986242261,-0.14890250876313438,-0.0018549180524907172,-0.10428317249454011,-0.046474254321084985,6910,63986,,57,14.82,False,False,False
xgb_trees,trees 4000,naics_2,61,race_bw,hicov,-0.020329754659157317,-0.011353731155395508,-0.008884668350219727,-0.009900569915771484,-0.01033782958984375,6910,63986,,57,16.86,False,False,False
xgb_trees,trees 4000,naics_2,61,immigrant,pincp,0.0230344050453688,-0.0011013704461397822,0.02444217020454964,0.04472487657247015,-0.021384076814060293,7723,70056,,58,16.55,True,True,True
xgb_trees,trees 4000,naics_2,61,immigrant,hicov,-0.017128937570610958,-0.0020197033882141113,-0.01522129774093628,-0.005030810832977295,-0.012210190296173096,7723,70056,,58,19.15,False,False,False
xgb_trees,trees 4000,naics_2,62,sex_female,pincp,-0.44504958913086057,-0.16641975374361984,-0.2783849396914633,-0.23424446623926798,-0.21056022719581513,90900,29476,,63,27.13,False,False,False
xgb_trees,trees 4000,naics_2,62,race_bw,pincp,-0.2858392759919255,-0.16053689237655,-0.12527198253992822,-0.16789416733554852,-0.1179147075809297,15995,88854,,62,23.41,False,False,False
xgb_trees,trees 4000,naics_2,62,race_bw,hicov,-0.030612993952736645,-0.021456003189086914,-0.009042084217071533,-0.02697080373764038,-0.0035272836685180664,15995,88854,,62,26.0,False,False,False
xgb_trees,trees 4000,naics_2,62,immigrant,pincp,0.08046984533417856,0.09922181006027841,-0.018406365369447286,0.1067606278521982,-0.02594518316136707,18087,102289,,63,26.94,False,False,False
xgb_trees,trees 4000,naics_2,62,immigrant,hicov,-0.023957826396521553,0.0037810206413269043,-0.027590930461883545,-0.002831876277923584,-0.020978033542633057,18087,102289,,63,29.72,True,False,True
xgb_trees,trees 4000,naics_2,71,sex_female,pincp,-0.17333409352919382,0.012979931072084838,-0.18617191755338958,0.005582617682913238,-0.17877460416421798,5061,7575,,58,3.41,False,False,False
xgb_trees,trees 4000,naics_2,71,sex_female,hicov,0.025007150389016353,-0.007016539573669434,0.03191429376602173,-0.003825843334197998,0.028723597526550293,5061,7575,,58,3.74,False,False,False
xgb_trees,trees 4000,naics_2,71,race_bw,pincp,-0.23704578398977638,-0.11852174642172564,-0.11791248313806513,-0.07716303957065307,-0.1592711899891377,968,9874,,57,3.05,False,False,False
xgb_trees,trees 4000,naics_2,71,race_bw,hicov,-0.017584791513566844,-0.02384406328201294,0.006440997123718262,-0.027466416358947754,0.010063350200653076,968,9874,,57,3.38,False,False,False
xgb_trees,trees 4000,naics_2,71,immigrant,pincp,-0.12326965074971952,-0.08346793349169168,-0.03976776902962165,-0.031964222691971855,-0.09127147982934147,1670,10966,,58,3.49,False,False,False
xgb_trees,trees 4000,naics_2,71,immigrant,hicov,-0.05514562703882775,-0.003124713897705078,-0.05174970626831055,-0.006583988666534424,-0.0482904314994812,1670,10966,,58,3.77,False,False,False
xgb_trees,trees 4000,naics_2,72,sex_female,pincp,-0.18401379581246324,-0.010377131400273854,-0.17397385539929822,-0.008575472736222167,-0.1757755140633499,14143,17193,,58,7.17,False,False,False
xgb_trees,trees 4000,naics_2,72,sex_female,hicov,0.04015889515060789,-0.018917620182037354,0.058942556381225586,-0.02208685874938965,0.06211179494857788,14143,17193,,58,7.74,False,False,False
xgb_trees,trees 4000,naics_2,72,race_bw,pincp,-0.1928744781570586,-0.101639188361073,-0.09095543060989364,-0.05658896605967634,-0.1360056529112903,3165,21329,,57,5.78,False,False,False
xgb_trees,trees 4000,naics_2,72,immigrant,pincp,-0.1366419172241944,-0.048088154975223674,-0.08841730140363602,-0.014052997395580746,-0.12245245898327894,9698,21638,,58,7.24,False,False,False
xgb_trees,trees 4000,naics_2,72,immigrant,hicov,-0.14235072495587275,0.020608246326446533,-0.16285943984985352,-0.0040215253829956055,-0.13822966814041138,9698,21638,,58,7.85,True,False,True
xgb_trees,trees 4000,naics_2,81,sex_female,pincp,-0.19443770611913358,-0.001292543256194989,-0.1931148917943979,-0.051176942176073936,-0.14323049287451894,14329,19378,,63,8.14,False,False,False
xgb_trees,trees 4000,naics_2,81,sex_female,hicov,0.028035678892645688,-0.016511857509613037,0.0444483757019043,-0.009186148643493652,0.03712266683578491,14329,19378,,63,8.87,False,False,False
xgb_trees,trees 4000,naics_2,81,race_bw,pincp,-0.1435280769370042,-0.04101493181417126,-0.10309370797480888,-0.04282267084774816,-0.10128596894123199,2516,26304,,62,7.05,False,False,False
xgb_trees,trees 4000,naics_2,81,race_bw,hicov,-0.025556209118091866,-0.025991201400756836,0.0002149343490600586,-0.02964264154434204,0.0038663744926452637,2516,26304,,62,7.71,False,False,False
xgb_trees,trees 4000,naics_2,81,immigrant,pincp,-0.28521872580984997,-0.18878941783199998,-0.09662872168162195,-0.10455636122561884,-0.1808617782880031,6640,27067,,63,8.11,False,False,False
xgb_trees,trees 4000,naics_2,81,immigrant,hicov,-0.13345759362866183,-0.04826158285140991,-0.08542460203170776,-0.03815490007400513,-0.09553128480911255,6640,27067,,63,8.92,False,False,False
xgb_trees,trees 4000,naics_2,92,sex_female,pincp,-0.2414473940877997,-0.01528131170360858,-0.2260585279893803,-0.051112374659673776,-0.1902274650333151,24767,31895,,60,12.43,False,False,False
xgb_trees,trees 4000,naics_2,92,race_bw,pincp,-0.10552062676527818,-0.048377302665937094,-0.0568875883488289,-0.036518766585960094,-0.0687461244288059,7382,43626,,59,11.23,False,False,False
xgb_trees,trees 4000,naics_2,92,immigrant,pincp,0.04760441151955597,0.08655173435698416,-0.03858634255453275,0.0931361020041539,-0.04517071020170249,4213,52449,,60,12.68,False,False,False
xgb_trees,trees 4000,naics_2,92,immigrant,hicov,-0.014170391838873697,0.002245306968688965,-0.016506075859069824,-0.002983570098876953,-0.011277198791503906,4213,52449,,60,13.86,True,False,True
xgb_trees,trees 4000,st,1,sex_female,pincp,-0.31555702394613583,-0.027326861111959033,-0.28824832886761875,-0.03928633764467726,-0.2762888523349005,5293,6854,,92,4.36,False,False,False
xgb_trees,trees 4000,st,1,sex_female,hicov,0.021982361759625313,-0.0023970603942871094,0.024235248565673828,0.0014737248420715332,0.020364463329315186,5293,6854,,92,5.0,True,False,True
xgb_trees,trees 4000,st,1,race_bw,pincp,-0.28298982130619343,-0.14309887287756595,-0.13976693866599454,-0.15770010512441068,-0.1251657064191498,2338,9360,,91,4.47,False,False,False
xgb_trees,trees 4000,st,1,race_bw,hicov,-0.03265821836181115,-0.018543779850006104,-0.013476788997650146,-0.015872299671173096,-0.016148269176483154,2338,9360,,91,4.93,False,False,False
xgb_trees,trees 4000,st,1,immigrant,pincp,-0.10406233370699525,-0.045674015896155495,-0.059322289268026296,-0.03982859385269322,-0.06516771131148857,463,11684,,92,4.29,False,False,False
xgb_trees,trees 4000,st,1,immigrant,hicov,-0.19473714954566734,-0.08398985862731934,-0.11072790622711182,-0.05355703830718994,-0.1411607265472412,463,11684,,92,4.9,False,False,False
xgb_trees,trees 4000,st,10,sex_female,pincp,-0.23852588673327801,-0.02002636938893687,-0.2182560489602281,-0.017643468209683988,-0.22063895013948098,1208,1387,,88,1.77,False,False,False
xgb_trees,trees 4000,st,10,sex_female,hicov,0.018984825985857268,-0.008532047271728516,0.02744877338409424,0.010209977626800537,0.008706748485565186,1208,1387,,88,1.99,True,False,True
xgb_trees,trees 4000,st,10,race_bw,pincp,-0.26441259231673087,-0.15223956836800312,-0.112475910911078,-0.08881023170363456,-0.17590524757544657,431,1975,,87,1.61,False,False,False
xgb_trees,trees 4000,st,10,immigrant,hicov,-0.056482306259616144,-0.04057544469833374,-0.015588760375976562,-0.008584678173065186,-0.04757952690124512,265,2330,,88,1.94,False,False,False
xgb_trees,trees 4000,st,11,sex_female,pincp,-0.1948040157321529,-0.03878800984696973,-0.1564834873647083,-0.06901075704779025,-0.12626074016388777,1214,1142,,68,1.4,False,False,False
xgb_trees,trees 4000,st,11,sex_female,hicov,0.01159848469548208,0.0009011626243591309,0.010693252086639404,-0.0013061165809631348,0.01290053129196167,1214,1142,,68,1.64,True,False,True
xgb_trees,trees 4000,st,11,race_bw,pincp,-0.5086204482738559,-0.30223406634570615,-0.2055370058895143,-0.22827057439940113,-0.2795004978358193,642,1452,,66,1.29,False,False,False
xgb_trees,trees 4000,st,11,race_bw,hicov,-0.030167863855204535,-0.028977632522583008,-0.0010806918144226074,-0.04298830032348633,0.012929975986480713,642,1452,,66,1.45,False,True,True
xgb_trees,trees 4000,st,11,immigrant,pincp,-0.20919592588855096,-0.10705421029500606,-0.10302821234160753,-0.07725386710698245,-0.13282855552963113,316,2040,,68,1.5,False,False,False
xgb_trees,trees 4000,st,11,immigrant,hicov,-0.046624472573839615,-0.034885942935943604,-0.012059628963470459,-0.016262531280517578,-0.030683040618896484,316,2040,,68,1.64,False,False,False
xgb_trees,trees 4000,st,12,sex_female,pincp,-0.22696732350444826,-0.01460831449328559,-0.21215226777498053,-0.01715657179274821,-0.2096040104755179,22979,28252,,92,14.85,False,False,False
xgb_trees,trees 4000,st,12,sex_female,hicov,0.04205411755614552,0.003225266933441162,0.03868997097015381,0.008638978004455566,0.033276259899139404,22979,28252,,92,16.63,False,False,False
xgb_trees,trees 4000,st,12,race_bw,pincp,-0.31454446007065684,-0.10516345366530722,-0.20916143621963457,-0.15390806645748256,-0.16041682342745922,6198,41213,,91,14.75,False,False,False
xgb_trees,trees 4000,st,12,race_bw,hicov,-0.010981150374180237,-0.023987233638763428,0.013250172138214111,-0.028420984745025635,0.01768392324447632,6198,41213,,91,16.38,False,False,False
xgb_trees,trees 4000,st,12,immigrant,pincp,-0.19235966803892168,-0.06841842066570969,-0.12383470217987202,-0.06963821968594175,-0.12261490315963997,12037,39194,,92,14.94,False,False,False
xgb_trees,trees 4000,st,12,immigrant,hicov,-0.08944399925169921,-0.04209023714065552,-0.047295570373535156,-0.0283697247505188,-0.061016082763671875,12037,39194,,92,16.64,False,False,False
xgb_trees,trees 4000,st,13,sex_female,pincp,-0.2577587064321296,-0.030023893660549916,-0.22734166974457182,-0.04095186480752311,-0.21641369859759862,11957,14978,,92,8.39,False,False,False
xgb_trees,trees 4000,st,13,sex_female,hicov,0.040407528990723085,0.0054779052734375,0.03485935926437378,0.019672751426696777,0.020664513111114502,11957,14978,,92,9.52,False,False,False
xgb_trees,trees 4000,st,13,race_bw,pincp,-0.3001484008017652,-0.12042283288907463,-0.1800349322503525,-0.13502564259507643,-0.1654321225443507,6248,18543,,91,8.21,False,False,False
xgb_trees,trees 4000,st,13,immigrant,pincp,-0.13744674471266727,-0.05062304277710261,-0.08677276668546163,-0.01986628506730348,-0.11752952439526076,3334,23601,,92,8.42,False,False,False
xgb_trees,trees 4000,st,13,immigrant,hicov,-0.1524436310144861,-0.07655978202819824,-0.07615947723388672,-0.048695504665374756,-0.1040237545967102,3334,23601,,92,9.56,False,False,False
xgb_trees,trees 4000,st,15,sex_female,pincp,-0.20822507750450292,-0.012729776009672733,-0.19508275219411964,-0.026236378966899565,-0.1815761492368928,1861,2153,,87,2.15,False,False,False
xgb_trees,trees 4000,st,15,immigrant,pincp,-0.22547582941900401,-0.18544617539062713,-0.03924216979970829,-0.08583067773538033,-0.1388576674549551,811,3203,,87,2.16,False,False,False
xgb_trees,trees 4000,st,15,immigrant,hicov,-0.016183964401437767,0.006795406341552734,-0.023287057876586914,-0.002193629741668701,-0.014298021793365479,811,3203,,87,2.48,True,False,True
xgb_trees,trees 4000,st,16,sex_female,pincp,-0.2783884125134932,-0.0427145324868583,-0.23559311289360174,-0.07039747767607274,-0.2079101677043873,1482,2423,,92,2.13,False,False,False
xgb_trees,trees 4000,st,16,sex_female,hicov,0.02785997661858386,-0.017312943935394287,0.04490572214126587,0.010046601295471191,0.01754617691040039,1482,2423,,92,2.4,True,False,True
xgb_trees,trees 4000,st,16,immigrant,pincp,-0.23283176258720495,-0.1969887748472221,-0.03518866364532869,-0.1127805046896988,-0.11939693380285199,270,3635,,92,2.13,False,False,False
xgb_trees,trees 4000,st,16,immigrant,hicov,-0.21530898160884404,-0.09293144941329956,-0.12194299697875977,-0.026908576488494873,-0.18796586990356445,270,3635,,92,2.32,False,False,False
xgb_trees,trees 4000,st,17,sex_female,pincp,-0.2669812951341086,-0.021670140156393458,-0.2451887038031728,-0.041686029189717644,-0.22517281476984863,16072,20780,,92,11.06,False,False,False
xgb_trees,trees 4000,st,17,sex_female,hicov,0.021942164973691503,-0.0023316144943237305,0.02419942617416382,0.0021517276763916016,0.019716084003448486,16072,20780,,92,12.35,True,False,True
xgb_trees,trees 4000,st,17,race_bw,pincp,-0.2526898601930849,-0.13657705017071464,-0.11542461110093072,-0.15053269034666705,-0.10146897092497831,2889,29991,,91,10.53,False,False,False
xgb_trees,trees 4000,st,17,race_bw,hicov,-0.010611837064445684,-0.01065969467163086,-0.000273287296295166,-0.010519862174987793,-0.0004131197929382324,2889,29991,,91,11.64,False,False,False
xgb_trees,trees 4000,st,17,immigrant,pincp,-0.15593137100749743,-0.09210872301313877,-0.06362713810304044,-0.060415458156843016,-0.09532040295933619,5317,31535,,92,11.01,False,False,False
xgb_trees,trees 4000,st,17,immigrant,hicov,-0.10988308425168858,-0.04274559020996094,-0.06736248731613159,-0.019022047519683838,-0.09108603000640869,5317,31535,,92,12.19,False,False,False
xgb_trees,trees 4000,st,18,sex_female,pincp,-0.27875708923041387,-0.02108959105776087,-0.2574504076954245,-0.043196521822135736,-0.23534347693104962,7777,10797,,92,6.13,False,False,False
xgb_trees,trees 4000,st,18,sex_female,hicov,0.0213776825624451,-0.009164869785308838,0.030664265155792236,-0.0038904547691345215,0.02538985013961792,7777,10797,,92,6.82,False,False,False
xgb_trees,trees 4000,st,18,race_bw,pincp,-0.2081506916689495,-0.09388093391709518,-0.11327428996683153,-0.13866078576062435,-0.06849443812330236,952,16842,,91,6.16,False,False,False
xgb_trees,trees 4000,st,18,race_bw,hicov,-0.02568159433349404,-0.025659561157226562,4.011392593383789e-05,-0.02721858024597168,0.001599133014678955,952,16842,,91,6.79,False,False,False
xgb_trees,trees 4000,st,18,immigrant,pincp,-0.06084523232568806,-0.015558081831644088,-0.045980509399235814,0.007793934398810265,-0.06933252562969017,902,17672,,92,6.08,True,False,True
xgb_trees,trees 4000,st,18,immigrant,hicov,-0.12342297535078728,-0.055938720703125,-0.06743746995925903,-0.025084316730499268,-0.09829187393188477,902,17672,,92,6.76,False,False,False
xgb_trees,trees 4000,st,19,sex_female,pincp,-0.2736595145704044,-0.005897913517626918,-0.26872833050147094,-0.015049724343221271,-0.2595765196758766,4140,5444,,91,3.87,False,False,False
xgb_trees,trees 4000,st,19,sex_female,hicov,0.016002371089743006,-0.003368973731994629,0.019554078578948975,0.0011637210845947266,0.01502138376235962,4140,5444,,91,4.34,True,False,True
xgb_trees,trees 4000,st,19,race_bw,pincp,-0.24415269307218423,0.021090198370128377,-0.2650682398519688,-0.07102929011817061,-0.17294875136366983,111,9195,,90,3.36,True,False,True
xgb_trees,trees 4000,st,19,race_bw,hicov,-0.03685316638008318,-0.0013765692710876465,-0.03407859802246094,-0.04071527719497681,0.005260109901428223,111,9195,,90,3.69,False,True,True
xgb_trees,trees 4000,st,19,immigrant,pincp,-0.17885441342499675,-0.07685474018395233,-0.10220042674544239,-0.059686930715914244,-0.11936823621348047,337,9247,,91,3.75,False,False,False
xgb_trees,trees 4000,st,19,immigrant,hicov,-0.09074592802413417,-0.0472753643989563,-0.04315507411956787,-0.00961381196975708,-0.08081662654876709,337,9247,,91,4.2,False,False,False
xgb_trees,trees 4000,st,2,sex_female,pincp,-0.2467624061895748,0.005594149217898803,-0.2511833549022029,-0.053956910765803556,-0.19163229491850053,633,751,,78,1.27,True,False,True
xgb_trees,trees 4000,st,2,sex_female,hicov,0.016433065549251835,-0.031201183795928955,0.0476837158203125,0.02607053518295288,-0.009588003158569336,633,751,,78,1.39,True,True,True
xgb_trees,trees 4000,st,2,immigrant,pincp,-0.4029133360731656,-0.2677792387225857,-0.13545131300655378,-0.09760354431380946,-0.30562700741533,138,1246,,78,1.27,False,False,False
xgb_trees,trees 4000,st,2,immigrant,hicov,-0.051969199990694825,-0.061039745807647705,0.008563637733459473,-0.05910801887512207,0.006631910800933838,138,1246,,78,1.37,False,False,False
xgb_trees,trees 4000,st,20,sex_female,pincp,-0.2804944645361651,-0.005749742801278046,-0.2755915344626736,-0.008302801790451397,-0.27303847547350024,3580,4753,,92,3.32,False,False,False
xgb_trees,trees 4000,st,20,sex_female,hicov,0.028491913957312542,-0.007398664951324463,0.03571057319641113,0.009515762329101562,0.018796145915985107,3580,4753,,92,3.8,True,False,True
xgb_trees,trees 4000,st,20,race_bw,pincp,-0.17290278528006198,-0.13207132233184105,-0.03937842063752939,-0.11629173658535308,-0.055158006384017355,235,7590,,91,3.22,False,False,False
xgb_trees,trees 4000,st,20,race_bw,hicov,-0.07053233537969883,-0.00292813777923584,-0.06764853000640869,-0.009185075759887695,-0.061391592025756836,235,7590,,91,3.59,False,False,False
xgb_trees,trees 4000,st,20,immigrant,pincp,-0.16134057531916035,-0.11772786802998425,-0.044526543334592716,-0.07892900644955603,-0.08332540491502094,556,7777,,92,3.2,False,False,False
xgb_trees,trees 4000,st,20,immigrant,hicov,-0.12007737258823514,-0.034105777740478516,-0.08585119247436523,-0.03817296028137207,-0.08178400993347168,556,7777,,92,3.67,False,False,False
xgb_trees,trees 4000,st,21,sex_female,pincp,-0.27344839490346473,-0.012109641148926542,-0.2612849750280599,-0.03286908116038134,-0.24052553501660512,5168,6566,,92,4.09,False,False,False
xgb_trees,trees 4000,st,21,sex_female,hicov,0.018908447118046068,-0.0038368701934814453,0.022959768772125244,0.0028494596481323242,0.016273438930511475,5168,6566,,92,4.82,True,False,True
xgb_trees,trees 4000,st,21,race_bw,pincp,-0.26856783080580726,-0.164087398386501,-0.10380118109478609,-0.15190290958318542,-0.11598566989810166,647,10738,,91,4.19,False,False,False
xgb_trees,trees 4000,st,21,immigrant,pincp,-0.07145706307004751,-0.00042306400557201584,-0.07044818034067646,0.012513087346222918,-0.08338433169247139,445,11289,,92,4.15,True,False,True
xgb_trees,trees 4000,st,21,immigrant,hicov,-0.12914371253313106,-0.06327855587005615,-0.06666058301925659,-0.015585482120513916,-0.11435365676879883,445,11289,,92,4.75,False,False,False
xgb_trees,trees 4000,st,22,sex_female,pincp,-0.3786737215261695,-0.054767728253327874,-0.32422397561050076,-0.1091764319534132,-0.26981527191041543,5065,5961,,92,4.01,False,False,False
xgb_trees,trees 4000,st,22,sex_female,hicov,0.02384849994857985,-0.0016414523124694824,0.025676846504211426,0.006539463996887207,0.017495930194854736,5065,5961,,92,4.65,True,False,True
xgb_trees,trees 4000,st,22,race_bw,pincp,-0.3835029925119162,-0.19434006126995307,-0.18959015276614366,-0.18655514133662265,-0.19737507269947407,2477,8026,,91,3.86,False,False,False
xgb_trees,trees 4000,st,22,race_bw,hicov,-0.029161130645144806,-0.031013071537017822,0.00180894136428833,-0.03802555799484253,0.008821427822113037,2477,8026,,91,4.38,False,False,False
xgb_trees,trees 4000,st,22,immigrant,pincp,-0.12196761308323723,-0.059760414567991305,-0.06166395542456904,-0.01675828197173601,-0.10466608802082433,503,10523,,92,3.98,False,False,False
xgb_trees,trees 4000,st,22,immigrant,hicov,-0.16816652116191944,-0.10919368267059326,-0.05861419439315796,-0.058122456073760986,-0.10968542098999023,503,10523,,92,4.41,False,False,False
xgb_trees,trees 4000,st,23,sex_female,pincp,-0.19825235908339245,-0.016953468525336746,-0.18113765034988027,-0.00709820357895552,-0.1909929152962615,1463,1847,,89,1.87,False,False,False
xgb_trees,trees 4000,st,23,sex_female,hicov,0.02401966426130797,0.023598790168762207,0.00025641918182373047,0.006392061710357666,0.01746314764022827,1463,1847,,89,2.23,False,False,False
xgb_trees,trees 4000,st,23,immigrant,pincp,0.01777096885950158,-0.13312385051504272,0.14865716774217574,0.033076202572296154,-0.01754288534516313,103,3207,,89,1.96,True,True,True
xgb_trees,trees 4000,st,23,immigrant,hicov,0.013819890349084707,0.010910868644714355,0.0030606985092163086,-0.010209441184997559,0.024181008338928223,103,3207,,89,2.06,True,False,True
xgb_trees,trees 4000,st,24,sex_female,pincp,-0.21181734877639613,-0.022852609247017597,-0.18851316987409383,-0.0341355271131647,-0.17723025200794673,8713,10246,,92,6.29,False,False,False
xgb_trees,trees 4000,st,24,sex_female,hicov,0.020371533298194855,0.007241547107696533,0.012968957424163818,0.009700000286102295,0.010510504245758057,8713,10246,,92,7.24,False,False,False
xgb_trees,trees 4000,st,24,race_bw,pincp,-0.24287667447884864,-0.10399593397918316,-0.13931066744430431,-0.14113291389614702,-0.10217368752734046,4610,12209,,91,5.9,False,False,False
xgb_trees,trees 4000,st,24,immigrant,pincp,-0.15568432450642078,-0.0770477486326051,-0.07804581598735894,-0.041727124141822,-0.11336644047814204,3231,15728,,92,6.31,False,False,False
xgb_trees,trees 4000,st,24,immigrant,hicov,-0.09323396376594617,-0.03909659385681152,-0.054147958755493164,-0.020552992820739746,-0.07269155979156494,3231,15728,,92,7.12,False,False,False
xgb_trees,trees 4000,st,25,sex_female,pincp,-0.24144678808740672,-0.0188495039690455,-0.2225258452799057,-0.07040927275061115,-0.17096607649834006,9062,11429,,92,6.61,False,False,False
xgb_trees,trees 4000,st,25,race_bw,pincp,-0.3719536144677207,-0.21386783631896655,-0.15718116018433648,-0.24666898460114517,-0.12438001190215786,1013,17304,,91,6.39,False,False,False
xgb_trees,trees 4000,st,25,race_bw,hicov,-0.02695569022038513,-0.02263343334197998,-0.004179179668426514,-0.014205634593963623,-0.012606978416442871,1013,17304,,91,7.43,False,False,False
xgb_trees,trees 4000,st,25,immigrant,pincp,-0.14461822017134907,-0.08718465862837022,-0.0575755349626661,-0.09332375640273405,-0.051436437188302264,3687,16804,,92,6.51,False,False,False
xgb_trees,trees 4000,st,25,immigrant,hicov,-0.027022590162996685,-0.010535478591918945,-0.01645106077194214,-0.0044209957122802734,-0.02256554365158081,3687,16804,,92,7.97,False,False,False
xgb_trees,trees 4000,st,26,sex_female,pincp,-0.24651994082032935,-0.010767425240011619,-0.23621425479231384,-0.0325852257365149,-0.21439645429581056,10790,14934,,92,7.89,False,False,False
xgb_trees,trees 4000,st,26,sex_female,hicov,0.019076658955257342,-0.004530429840087891,0.023727118968963623,-0.0006604194641113281,0.01985710859298706,10790,14934,,92,9.14,False,False,False
xgb_trees,trees 4000,st,26,race_bw,pincp,-0.2167167997666084,-0.08462248748745438,-0.13162457216801293,-0.11794736418758944,-0.09829969546787787,1695,22671,,91,7.94,False,False,False
xgb_trees,trees 4000,st,26,race_bw,hicov,-0.01643165823712256,-0.027476191520690918,0.011057376861572266,-0.018687129020690918,0.0022683143615722656,1695,22671,,91,8.9,False,False,False
xgb_trees,trees 4000,st,26,immigrant,pincp,0.11652478612974271,0.11719284312111533,-0.0014723093498876239,0.13996645430917987,-0.02424592053795216,1631,24093,,92,7.96,False,False,False
xgb_trees,trees 4000,st,26,immigrant,hicov,-0.03729620884818308,0.015917420387268066,-0.053154051303863525,0.0019025206565856934,-0.03913915157318115,1631,24093,,92,8.94,False,False,False
xgb_trees,trees 4000,st,27,sex_female,pincp,-0.22993728022987447,-0.00281545418952156,-0.2269923894130148,-0.005791335002195197,-0.22401650860034117,7010,9668,,92,5.54,False,False,False
xgb_trees,trees 4000,st,27,sex_female,hicov,0.017500090006769664,0.0014739632606506348,0.015942692756652832,0.0041901469230651855,0.013226509094238281,7010,9668,,92,6.4,False,False,False
xgb_trees,trees 4000,st,27,race_bw,pincp,-0.270576940371841,-0.25870727745396493,-0.010577234892604537,-0.10701187575903504,-0.16227263658753444,307,15438,,91,5.57,False,False,False
xgb_trees,trees 4000,st,27,race_bw,hicov,-0.05278400562426233,-0.05676645040512085,0.00437694787979126,-0.04423785209655762,-0.008151650428771973,307,15438,,91,6.19,False,True,True
xgb_trees,trees 4000,st,27,immigrant,pincp,-0.13052885294286476,-0.0583379881282724,-0.07100064034919562,-0.033080622492473566,-0.09625800598499445,860,15818,,92,5.46,False,False,False
xgb_trees,trees 4000,st,27,immigrant,hicov,-0.07335990496549405,-0.004748225212097168,-0.06847906112670898,-0.02465122938156128,-0.04857605695724487,860,15818,,92,6.15,False,False,False
xgb_trees,trees 4000,st,28,sex_female,pincp,-0.31134078456686076,-0.009444807783154374,-0.30172005750365294,-0.04589217602646123,-0.2652726892603461,3262,3776,,92,3.03,False,False,False
xgb_trees,trees 4000,st,28,sex_female,hicov,0.03289857397458151,-0.004537761211395264,0.037164270877838135,0.014895141124725342,0.01773136854171753,3262,3776,,92,3.39,True,False,True
xgb_trees,trees 4000,st,28,race_bw,pincp,-0.3900275817952199,-0.1330613147987556,-0.25664246760118026,-0.14336580602591376,-0.2463379763740221,2102,4731,,91,2.96,False,False,False
xgb_trees,trees 4000,st,28,race_bw,hicov,-0.022910712407444356,-0.03619074821472168,0.012751877307891846,-0.041339218616485596,0.01790034770965576,2102,4731,,91,3.35,False,False,False
xgb_trees,trees 4000,st,28,immigrant,pincp,-0.13604796160766774,0.05543506357408212,-0.19164592622057164,-0.07453734002020695,-0.06167352262628256,189,6849,,92,2.93,True,False,True
xgb_trees,trees 4000,st,28,immigrant,hicov,-0.20993679994994052,-0.10308653116226196,-0.10718321800231934,-0.040556907653808594,-0.1697128415107727,189,6849,,92,3.23,False,False,False
xgb_trees,trees 4000,st,29,sex_female,pincp,-0.27515273629759385,-0.017936435326596722,-0.25786950987633084,-0.03233345757850614,-0.24347248762442142,7601,9533,,92,5.6,False,False,False
xgb_trees,trees 4000,st,29,sex_female,hicov,0.01863879096443022,-0.00638657808303833,0.025156259536743164,0.0026093721389770508,0.016160309314727783,7601,9533,,92,6.23,True,False,True
xgb_trees,trees 4000,st,29,race_bw,pincp,-0.1991943295278631,-0.1015953677113135,-0.09727566460210468,-0.12731261430417184,-0.07155841800924634,1153,15279,,91,5.67,False,False,False
xgb_trees,trees 4000,st,29,immigrant,hicov,-0.07705422012447072,-0.034110963344573975,-0.0431218147277832,-0.017059326171875,-0.06017345190048218,742,16392,,92,6.27,False,False,False
xgb_trees,trees 4000,st,30,sex_female,pincp,-0.28979446174989043,0.034784569399654686,-0.32392043036383633,-0.01591319020758597,-0.2732226707565957,1065,1480,,90,1.71,True,False,True
xgb_trees,trees 4000,st,31,sex_female,pincp,-0.281439103191774,0.01021553894668159,-0.2919205306315735,-0.03351111817482,-0.24819387351007194,2516,3334,,92,2.65,True,False,True
xgb_trees,trees 4000,st,31,race_bw,pincp,-0.2017146058405448,-0.07999861701078537,-0.1217742716759922,-0.11943947619580442,-0.08233341249097315,119,5464,,91,2.52,False,False,False
xgb_trees,trees 4000,st,31,race_bw,hicov,-0.06312363891383777,-0.01382535696029663,-0.049312055110931396,-0.03076493740081787,-0.032372474670410156,119,5464,,91,2.86,False,False,False
xgb_trees,trees 4000,st,31,immigrant,pincp,-0.30890042652009875,-0.09279711846776983,-0.21623919771200129,-0.15187100113807794,-0.15716531504169318,283,5567,,92,2.61,False,False,False
xgb_trees,trees 4000,st,31,immigrant,hicov,-0.1141031101372868,-0.04201728105545044,-0.07196897268295288,-0.030801713466644287,-0.08318454027175903,283,5567,,92,2.98,False,False,False
xgb_trees,trees 4000,st,32,sex_female,pincp,-0.22430918693346769,0.020128541084499574,-0.24342275472787733,-0.02009768211476448,-0.20319653152861328,3203,4225,,91,3.08,True,False,True
xgb_trees,trees 4000,st,32,sex_female,hicov,0.04386575455333108,-0.0008045434951782227,0.044770002365112305,0.008253216743469238,0.035712242126464844,3203,4225,,91,3.55,True,False,True
xgb_trees,trees 4000,st,32,race_bw,pincp,-0.22144703617116335,-0.10372063144922095,-0.11822894372317982,-0.11602805890412782,-0.10592151626827295,508,5229,,90,2.52,False,False,False
xgb_trees,trees 4000,st,32,race_bw,hicov,0.01350433605437873,-0.02948969602584839,0.04261326789855957,0.00215911865234375,0.010964453220367432,508,5229,,90,2.85,True,False,True
xgb_trees,trees 4000,st,32,immigrant,pincp,-0.30383233352831596,-0.14397200835254864,-0.16019914028368198,-0.15949439962280287,-0.14467674901342775,1872,5556,,91,3.12,False,False,False
xgb_trees,trees 4000,st,32,immigrant,hicov,-0.1171244761957504,-0.04997903108596802,-0.06781667470932007,-0.02919161319732666,-0.08860409259796143,1872,5556,,91,3.54,False,False,False
xgb_trees,trees 4000,st,33,sex_female,pincp,-0.2749833742141927,-0.022864909543468315,-0.25171362479591863,-0.01099551760801809,-0.26358301673136886,1775,2482,,92,2.2,False,False,False
xgb_trees,trees 4000,st,33,sex_female,hicov,0.02131947202959905,-0.00763857364654541,0.02900630235671997,0.008733153343200684,0.012634575366973877,1775,2482,,92,2.57,True,False,True
xgb_trees,trees 4000,st,33,immigrant,pincp,-0.01960434517791043,0.012772396314595369,-0.033430755315265515,0.16235171097627976,-0.1830100699769499,213,4044,,92,2.18,False,False,False
xgb_trees,trees 4000,st,34,sex_female,pincp,-0.27959417182269064,-0.022531731384255238,-0.2568251276172546,-0.06615657004847897,-0.2132002889530309,11310,14947,,92,8.46,False,False,False
xgb_trees,trees 4000,st,34,sex_female,hicov,0.026453037100081955,0.000820159912109375,0.025599002838134766,0.002121269702911377,0.024297893047332764,11310,14947,,92,9.39,False,False,False
xgb_trees,trees 4000,st,34,race_bw,pincp,-0.3485279411658162,-0.14732267671565147,-0.20056808255812975,-0.20497522936094903,-0.14291552991283218,2450,19368,,91,7.29,False,False,False
xgb_trees,trees 4000,st,34,immigrant,pincp,-0.18133677494972034,-0.07453586745060647,-0.1064375630922978,-0.08120427375854256,-0.09976915678436171,6979,19278,,92,8.31,False,False,False
xgb_trees,trees 4000,st,34,immigrant,hicov,-0.1122939833089891,-0.046502113342285156,-0.06595832109451294,-0.020987987518310547,-0.09147244691848755,6979,19278,,92,9.52,False,False,False
xgb_trees,trees 4000,st,35,sex_female,pincp,-0.19025334313377584,0.006393748561343671,-0.1975256554827194,-0.06835185881345929,-0.12278004810791643,2064,2495,,90,2.31,True,False,True
xgb_trees,trees 4000,st,35,sex_female,hicov,0.027719392272917864,-0.01563262939453125,0.04364967346191406,0.020635128021240234,0.007381916046142578,2064,2495,,90,2.55,True,False,True
xgb_trees,trees 4000,st,35,race_bw,pincp,-0.15214511430401068,-0.15352206682649516,0.002266549596599887,0.010071346642575918,-0.1613268638724712,67,3264,,88,1.95,True,True,True
xgb_trees,trees 4000,st,35,immigrant,pincp,-0.22003643556194064,-0.10075463994862055,-0.11876988311339964,-0.06927238130413294,-0.15025214175788726,490,4069,,90,2.28,False,False,False
xgb_trees,trees 4000,st,35,immigrant,hicov,-0.16557044051338898,-0.08797276020050049,-0.07795888185501099,-0.03644287586212158,-0.1294887661933899,490,4069,,90,2.64,False,False,False
xgb_trees,trees 4000,st,36,sex_female,pincp,-0.2004874804493344,0.01610770328250588,-0.21656231031802342,-0.015879554596271106,-0.18457505243924643,24821,30289,,92,16.24,True,False,True
xgb_trees,trees 4000,st,36,sex_female,hicov,0.03008149330087584,0.00660473108291626,0.0235745906829834,0.013470232486724854,0.016709089279174805,24821,30289,,92,18.1,False,False,False
xgb_trees,trees 4000,st,36,race_bw,pincp,-0.27242488117953023,-0.13449528610525796,-0.1377500431335097,-0.1851094197336174,-0.08713590950515027,6432,39884,,91,14.66,False,False,False
xgb_trees,trees 4000,st,36,race_bw,hicov,-0.021661153788773424,-0.01723843812942505,-0.004288613796234131,-0.02795553207397461,0.00642848014831543,6432,39884,,91,15.83,False,True,True
xgb_trees,trees 4000,st,36,immigrant,pincp,-0.16921449805576216,-0.1577321800044711,-0.011720816164412895,-0.10721464842690587,-0.06223834774197812,13520,41590,,92,16.27,False,False,False
xgb_trees,trees 4000,st,36,immigrant,hicov,-0.08273276675236285,-0.027347981929779053,-0.05536836385726929,-0.019970357418060303,-0.06274598836898804,13520,41590,,92,17.98,False,False,False
xgb_trees,trees 4000,st,37,sex_female,pincp,-0.2513797037125798,-0.02757196903905168,-0.2243732153586553,-0.04760670226241537,-0.2043384821352916,11762,14924,,92,8.49,False,False,False
xgb_trees,trees 4000,st,37,sex_female,hicov,0.026121671345438635,0.0012895464897155762,0.024888813495635986,0.013387739658355713,0.01279062032699585,11762,14924,,92,9.44,False,False,False
xgb_trees,trees 4000,st,37,race_bw,pincp,-0.3428412819155735,-0.12397722128479671,-0.2189583529570438,-0.15466850309737445,-0.18826707114446606,4251,20487,,91,8.26,False,False,False
xgb_trees,trees 4000,st,37,race_bw,hicov,-0.020227158183069305,-0.023408591747283936,0.003198683261871338,-0.01782006025314331,-0.002389848232269287,4251,20487,,91,9.04,False,True,True
xgb_trees,trees 4000,st,37,immigrant,pincp,-0.10334814145842763,-0.06292281063139171,-0.040332955298721274,-0.0231293267989372,-0.08012643913117579,2369,24317,,92,8.45,False,False,False
xgb_trees,trees 4000,st,37,immigrant,hicov,-0.16151536030195512,-0.09822392463684082,-0.0629618763923645,-0.052692711353302,-0.10849308967590332,2369,24317,,92,9.32,False,False,False
xgb_trees,trees 4000,st,38,sex_female,pincp,-0.40017355186717296,-0.049932367960463964,-0.35053087156371276,-0.023505312779048992,-0.37695792674512774,943,1416,,88,1.73,False,False,False
xgb_trees,trees 4000,st,38,sex_female,hicov,0.016556727836991025,-0.015139579772949219,0.03145003318786621,0.015685677528381348,0.0006247758865356445,943,1416,,88,1.95,True,False,True
xgb_trees,trees 4000,st,38,immigrant,pincp,-0.05300269840215499,-0.2527883326015825,0.19858329000689423,-0.06920925755048835,0.015004214955800066,67,2292,,88,1.71,False,False,False
xgb_trees,trees 4000,st,38,immigrant,hicov,-0.01301737386366586,0.020989537239074707,-0.03365856409072876,-0.003720521926879883,-0.00894850492477417,67,2292,,88,1.74,True,False,True
xgb_trees,trees 4000,st,39,sex_female,pincp,-0.26401311233596125,-0.020404327915441556,-0.2437358088181707,-0.04207839092862642,-0.22206174580498583,14095,18698,,92,9.86,False,False,False
xgb_trees,trees 4000,st,39,sex_female,hicov,0.017501789330388817,-0.0039258599281311035,0.02143639326095581,-0.0013546943664550781,0.018865227699279785,14095,18698,,92,11.17,False,False,False
xgb_trees,trees 4000,st,39,race_bw,pincp,-0.24536897415986836,-0.108572125200876,-0.13653841662300792,-0.1288187058060135,-0.11629183601787041,2358,29190,,91,10.21,False,False,False
xgb_trees,trees 4000,st,39,race_bw,hicov,-0.01722050930684027,-0.018080294132232666,0.0008757710456848145,-0.019900202751159668,0.0026956796646118164,2358,29190,,91,11.08,False,False,False
xgb_trees,trees 4000,st,39,immigrant,pincp,0.048812748806545514,0.07111612508254339,-0.021988594079703105,0.106293254483532,-0.05716572348069171,1377,31416,,92,9.82,False,False,False
xgb_trees,trees 4000,st,39,immigrant,hicov,-0.04787251600977094,-0.0013623833656311035,-0.046219825744628906,-0.004955291748046875,-0.042626917362213135,1377,31416,,92,11.07,False,False,False
xgb_trees,trees 4000,st,4,sex_female,pincp,-0.23532286018952853,-0.029268566979231636,-0.20663488332993651,-0.06178101163452254,-0.1741224386746456,7274,9525,,92,5.71,False,False,False
xgb_trees,trees 4000,st,4,sex_female,hicov,0.028002182295263744,-0.005221724510192871,0.03316771984100342,0.014238715171813965,0.013707280158996582,7274,9525,,92,6.46,True,False,True
xgb_trees,trees 4000,st,4,race_bw,pincp,-0.23746491036643214,-0.10622620497032997,-0.13118402935990403,-0.0830407485409026,-0.1543694857893314,580,13266,,91,5.18,False,False,False
xgb_trees,trees 4000,st,4,immigrant,pincp,-0.22653950430917114,-0.10037530789131921,-0.12560101097417942,-0.10845893537606166,-0.11751738348943697,2617,14182,,92,5.69,False,False,False
xgb_trees,trees 4000,st,4,immigrant,hicov,-0.12441581133134316,-0.05504804849624634,-0.06933844089508057,-0.03987932205200195,-0.08450716733932495,2617,14182,,92,6.29,False,False,False
xgb_trees,trees 4000,st,40,sex_female,pincp,-0.29664627375391106,-0.02226903834270466,-0.2741142763686568,-0.024006988645332683,-0.2723763260660288,4029,5523,,92,3.7,False,False,False
xgb_trees,trees 4000,st,40,sex_female,hicov,0.0268521712963955,-0.0030539631843566895,0.030092477798461914,0.03070247173309326,-0.003663957118988037,4029,5523,,92,4.08,True,True,True
xgb_trees,trees 4000,st,40,race_bw,pincp,-0.2351882977597448,-0.07601116663853702,-0.16007355977655635,-0.12207746511318973,-0.11400726130190364,446,7317,,91,3.33,False,False,False
xgb_trees,trees 4000,st,40,immigrant,pincp,-0.21193833439191856,-0.04892730743321039,-0.16194956076839695,-0.07071767978695753,-0.1401591884146498,556,8996,,92,3.57,False,False,False
xgb_trees,trees 4000,st,40,immigrant,hicov,-0.21967477152115567,-0.08054256439208984,-0.1389896273612976,-0.1020364761352539,-0.11749571561813354,556,8996,,92,4.02,False,False,False
xgb_trees,trees 4000,st,41,sex_female,pincp,-0.2149141704901094,-0.013454777127604345,-0.20101109145127793,-0.02097993597094394,-0.19348593260793834,4421,6132,,91,3.96,False,False,False
xgb_trees,trees 4000,st,41,sex_female,hicov,0.019092850303944253,0.0015204548835754395,0.0176849365234375,0.008123576641082764,0.011081814765930176,4421,6132,,91,4.61,False,False,False
xgb_trees,trees 4000,st,41,race_bw,pincp,-0.25634392603690337,-0.020088078663413,-0.23622644986181918,-0.07069481027935431,-0.18561971824587786,131,9171,,90,3.57,False,False,False
xgb_trees,trees 4000,st,41,race_bw,hicov,0.014280827134320662,-0.007700979709625244,0.021697819232940674,-0.006308555603027344,0.020305395126342773,131,9171,,90,3.76,False,False,False
xgb_trees,trees 4000,st,41,immigrant,pincp,-0.14781387524339173,-0.07411459835709522,-0.07333294823773606,-0.040957360743037796,-0.10649018585179348,1186,9367,,91,4.08,False,False,False
xgb_trees,trees 4000,st,41,immigrant,hicov,-0.06071924489673575,-0.037816405296325684,-0.023262977600097656,-0.023724794387817383,-0.03735458850860596,1186,9367,,91,4.59,False,False,False
xgb_trees,trees 4000,st,42,sex_female,pincp,-0.2608191999909497,-0.00673533465471543,-0.25362446547567075,-0.038103781351106036,-0.22225601877928014,15681,20483,,92,10.69,False,False,False
xgb_trees,trees 4000,st,42,sex_female,hicov,0.02210470837581824,-0.004806935787200928,0.02674269676208496,0.0017376542091369629,0.02019810676574707,15681,20483,,92,12.17,True,False,True
xgb_trees,trees 4000,st,42,race_bw,pincp,-0.18461695160788594,-0.10815273080753052,-0.07605855429820174,-0.12803277038336525,-0.05617851472236701,1775,32726,,91,10.87,False,False,False
xgb_trees,trees 4000,st,42,race_bw,hicov,-0.02623379954603866,-0.02709352970123291,0.0013270378112792969,-0.009358346462249756,-0.016408145427703857,1775,32726,,91,12.01,False,True,True
xgb_trees,trees 4000,st,42,immigrant,pincp,0.01895036834457109,-0.007770665878579663,0.027036837825731297,0.05355537190432358,-0.034289199957171945,2085,34079,,92,10.71,True,True,True
xgb_trees,trees 4000,st,42,immigrant,hicov,-0.05231362901110781,-0.015817105770111084,-0.03614950180053711,-0.007387816905975342,-0.04457879066467285,2085,34079,,92,12.02,False,False,False
xgb_trees,trees 4000,st,44,sex_female,pincp,-0.2343378528442699,0.030703884794524683,-0.2656028217536921,0.04851056488511496,-0.2834095018442824,1329,1569,,88,1.86,False,False,False
xgb_trees,trees 4000,st,44,sex_female,hicov,0.019553510668755658,-0.00657808780670166,0.02614283561706543,-0.00716930627822876,0.02673405408859253,1329,1569,,88,2.04,False,False,False
xgb_trees,trees 4000,st,44,race_bw,pincp,-0.2926052160795276,-0.05947357008730769,-0.23342641447457702,-0.13996166902302853,-0.15293831553885617,123,2515,,87,1.74,False,False,False
xgb_trees,trees 4000,st,44,immigrant,pincp,-0.24674267801177407,-0.19189582795624993,-0.055667962577553354,-0.13112050872156722,-0.11644328181223607,463,2435,,88,1.9,False,False,False
xgb_trees,trees 4000,st,44,immigrant,hicov,-0.05373667847845276,-0.041570425033569336,-0.012033164501190186,-0.009427964687347412,-0.04417562484741211,463,2435,,88,2.13,False,False,False
xgb_trees,trees 4000,st,45,sex_female,pincp,-0.2785360372270027,-0.054441687568990815,-0.22418159063358623,-0.06437921691201787,-0.21424406129055917,5691,7032,,92,4.51,False,False,False
xgb_trees,trees 4000,st,45,sex_female,hicov,0.032366685197812495,0.0001785755157470703,0.03205817937850952,0.005563080310821533,0.02667367458343506,5691,7032,,92,5.16,False,False,False
xgb_trees,trees 4000,st,45,race_bw,pincp,-0.3830184381611712,-0.15156099260845224,-0.23128701748161795,-0.1644936235461163,-0.2183543865439539,2541,9653,,91,4.64,False,False,False
xgb_trees,trees 4000,st,45,race_bw,hicov,-0.01027585594795033,-0.030905187129974365,0.020562350749969482,-0.027669787406921387,0.017326951026916504,2541,9653,,91,5.14,False,False,False
xgb_trees,trees 4000,st,45,immigrant,pincp,-0.08057504916947344,-0.09256318221774862,0.013775709343288867,-0.025278647251527175,-0.053508825622932576,654,12069,,92,4.57,False,True,True
xgb_trees,trees 4000,st,45,immigrant,hicov,-0.20226282970777365,-0.12921416759490967,-0.07263201475143433,-0.06245136260986328,-0.1393948197364807,654,12069,,92,5.12,False,False,False
xgb_trees,trees 4000,st,46,sex_female,pincp,-0.2908753073247148,-0.014937952594058501,-0.2757526023664916,-0.007816165989359192,-0.2828743889711909,1104,1489,,87,1.72,False,False,False
xgb_trees,trees 4000,st,46,sex_female,hicov,0.02619511684721776,-0.007210671901702881,0.03371012210845947,0.009087979793548584,0.017411470413208008,1104,1489,,87,1.87,True,False,True
xgb_trees,trees 4000,st,46,immigrant,pincp,-0.23296569506982934,0.01988228349026322,-0.25253705910165714,-0.17251909525171527,-0.060135680359678645,77,2516,,87,1.67,True,False,True
xgb_trees,trees 4000,st,46,immigrant,hicov,-0.05143187496128676,-0.06382942199707031,0.013765037059783936,-0.16873949766159058,0.1186751127243042,77,2516,,87,1.75,False,False,False
xgb_trees,trees 4000,st,47,sex_female,pincp,-0.2515418813310255,-0.008423946879984712,-0.2425185326576038,-0.016006011092716932,-0.2349364684448716,7731,9938,,92,5.96,False,False,False
xgb_trees,trees 4000,st,47,sex_female,hicov,0.03620466553737811,0.006382167339324951,0.02961885929107666,0.017757177352905273,0.018243849277496338,7731,9938,,92,6.63,False,False,False
xgb_trees,trees 4000,st,47,race_bw,pincp,-0.24291613774690468,-0.12182417935666834,-0.12107652402895219,-0.12861288538118032,-0.11428781800444021,2084,14855,,91,6.0,False,False,False
xgb_trees,trees 4000,st,47,race_bw,hicov,-0.019212108604546363,-0.022155821323394775,0.003337562084197998,-0.019203364849090576,0.00038510560989379883,2084,14855,,91,6.56,False,False,False
xgb_trees,trees 4000,st,47,immigrant,pincp,-0.12017643285205182,-0.06426016690223868,-0.05617989417626035,-0.05082222152942073,-0.0696178395490783,982,16687,,92,6.06,False,False,False
xgb_trees,trees 4000,st,47,immigrant,hicov,-0.22928094933956544,-0.11165279150009155,-0.11700350046157837,-0.04416775703430176,-0.18448853492736816,982,16687,,92,6.62,False,False,False
xgb_trees,trees 4000,st,48,sex_female,pincp,-0.280056055773656,-0.032551671065819576,-0.2476805863831686,-0.04958634486412272,-0.23064591258486544,31110,42184,,92,21.05,False,False,False
xgb_trees,trees 4000,st,48,sex_female,hicov,0.05040712336269337,0.0002911090850830078,0.04995930194854736,0.02738320827484131,0.022867202758789062,31110,42184,,92,23.16,False,False,False
xgb_trees,trees 4000,st,48,race_bw,pincp,-0.2224747386930428,-0.07936739354922295,-0.14283716747414132,-0.10032999319658309,-0.12187456782678119,6632,57703,,91,19.67,False,False,False
xgb_trees,trees 4000,st,48,race_bw,hicov,0.020478520087899965,-0.007211208343505859,0.02812570333480835,0.001513361930847168,0.019401133060455322,6632,57703,,91,21.44,True,False,True
xgb_trees,trees 4000,st,48,immigrant,pincp,-0.24244797762234072,-0.0912508598158368,-0.1511158595421307,-0.08886133225036552,-0.15350538710760198,14045,59249,,92,21.05,False,False,False
xgb_trees,trees 4000,st,48,immigrant,hicov,-0.18640997892927536,-0.10337644815444946,-0.08302336931228638,-0.06562566757202148,-0.12077414989471436,14045,59249,,92,23.15,False,False,False
xgb_trees,trees 4000,st,49,sex_female,pincp,-0.3688677720811935,-0.07799934758864246,-0.2912608072462266,-0.07723286697286547,-0.2920272878620036,2631,4858,,91,3.24,False,False,False
xgb_trees,trees 4000,st,49,sex_female,hicov,0.016111383121001355,-0.017416000366210938,0.03349781036376953,-0.014490127563476562,0.030571937561035156,2631,4858,,91,3.74,False,False,False
xgb_trees,trees 4000,st,49,race_bw,pincp,-0.3013406887576444,-0.41235066901125705,0.11158057108269226,-0.13483751323663462,-0.16593258469193017,54,6795,,90,2.87,False,True,True
xgb_trees,trees 4000,st,49,immigrant,pincp,-0.33821703312701956,-0.20150396738913656,-0.13720492706254106,-0.19583512900491407,-0.14287376544676356,677,6812,,91,3.26,False,False,False
xgb_trees,trees 4000,st,49,immigrant,hicov,-0.16394736545378696,-0.04832160472869873,-0.11611706018447876,-0.06825953722000122,-0.09617912769317627,677,6812,,91,3.69,False,False,False
xgb_trees,trees 4000,st,5,sex_female,pincp,-0.2661997987464133,-0.02177585220295164,-0.2449703537600758,-0.016236948219527036,-0.2505092577435004,3295,4129,,92,3.12,False,False,False
xgb_trees,trees 4000,st,5,sex_female,hicov,0.0323388622831734,-0.0023363828659057617,0.03500044345855713,0.017240583896636963,0.015423476696014404,3295,4129,,92,3.59,True,False,True
xgb_trees,trees 4000,st,5,race_bw,pincp,-0.2823326565036659,-0.12420625587125933,-0.15756046224750264,-0.1178504668101592,-0.16391625130860277,802,6230,,91,3.14,False,False,False
xgb_trees,trees 4000,st,5,immigrant,pincp,-0.24308967053588226,-0.0980818753021051,-0.14489703352651695,-0.0977451228139774,-0.14523378601464465,391,7033,,92,3.08,False,False,False
xgb_trees,trees 4000,st,5,immigrant,hicov,-0.14289813131590456,-0.019090890884399414,-0.12372785806655884,-0.027321696281433105,-0.11549705266952515,391,7033,,92,3.58,False,False,False
xgb_trees,trees 4000,st,50,sex_female,pincp,-0.14022086869054817,0.03560042722749479,-0.17753099189194188,0.10317832967474239,-0.24510889433918948,852,1028,,86,1.57,False,False,False
xgb_trees,trees 4000,st,50,sex_female,hicov,0.029192013298989794,-0.009090602397918701,0.03762626647949219,0.008602738380432129,0.019932925701141357,852,1028,,86,1.85,True,False,True
xgb_trees,trees 4000,st,50,immigrant,pincp,0.08646994507348538,0.09239631913221125,-0.0054618464255469235,-0.01071069278365755,0.09764516549032187,61,1819,,86,1.59,True,True,True
xgb_trees,trees 4000,st,50,immigrant,hicov,-0.033039230706837674,0.02974236011505127,-0.06356155872344971,0.030058741569519043,-0.06387794017791748,61,1819,,86,1.65,False,False,False
xgb_trees,trees 4000,st,51,sex_female,pincp,-0.27302751178342,-0.07156089584767145,-0.20088023889521267,-0.08488731266153948,-0.18755382208134463,11165,13892,,92,7.98,False,False,False
xgb_trees,trees 4000,st,51,sex_female,hicov,0.018292008635743984,-0.005568861961364746,0.023772716522216797,0.004066407680511475,0.014137446880340576,11165,13892,,92,9.21,True,False,True
xgb_trees,trees 4000,st,51,race_bw,pincp,-0.3105158451780081,-0.16002506309454212,-0.15095692651319048,-0.17151841029687986,-0.13946357931085274,3571,18633,,91,7.73,False,False,False
xgb_trees,trees 4000,st,51,race_bw,hicov,-0.012815493743969841,-0.02445775270462036,0.011964678764343262,-0.017019152641296387,0.004526078701019287,3571,18633,,91,8.45,False,False,False
xgb_trees,trees 4000,st,51,immigrant,pincp,-0.08827680242906055,-0.04781040723725205,-0.04021542985074511,-0.02265743973452139,-0.06536839735347577,3568,21489,,92,8.12,False,False,False
xgb_trees,trees 4000,st,51,immigrant,hicov,-0.08259353987972162,-0.03575199842453003,-0.04668611288070679,-0.0124320387840271,-0.07000607252120972,3568,21489,,92,9.17,False,False,False
xgb_trees,trees 4000,st,53,sex_female,pincp,-0.2748983811241228,-0.05266953026804977,-0.22240484611610256,-0.0695103997191655,-0.20556397666498682,8203,11854,,92,6.54,False,False,False
xgb_trees,trees 4000,st,53,sex_female,hicov,0.02300643443582484,-0.001986265182495117,0.025021791458129883,0.0056302547454833984,0.017405271530151367,8203,11854,,92,7.49,True,False,True
xgb_trees,trees 4000,st,53,race_bw,pincp,-0.2401969338879315,-0.1064165732809279,-0.13535584778179377,-0.0947891154495224,-0.14698330561319928,498,16076,,91,5.86,False,False,False
xgb_trees,trees 4000,st,53,immigrant,pincp,-0.06386455533668745,-0.03929287666832337,-0.024631648299047626,-0.036185201969926695,-0.027739322997444305,3142,16915,,92,6.53,False,False,False
xgb_trees,trees 4000,st,53,immigrant,hicov,-0.08703524361614123,-0.04483294486999512,-0.042028605937957764,-0.007833600044250488,-0.07902795076370239,3142,16915,,92,7.48,False,False,False
xgb_trees,trees 4000,st,54,sex_female,pincp,-0.2653994856022521,-0.0023606087634693296,-0.2634727150754621,-0.08305679011031586,-0.18277653372861558,1870,2372,,91,2.26,False,False,False
xgb_trees,trees 4000,st,54,sex_female,hicov,0.019418618282818212,-0.004769325256347656,0.023990392684936523,0.010505259037017822,0.008715808391571045,1870,2372,,91,2.6,True,False,True
xgb_trees,trees 4000,st,54,race_bw,pincp,-0.10287333642424024,-0.0967562503879531,-0.006794027749986498,-0.04124091261445173,-0.06230936552348787,95,4041,,90,2.11,False,False,False
xgb_trees,trees 4000,st,54,immigrant,pincp,0.09627748981801787,0.018572731157943778,0.07339949757219877,0.08486104216358292,0.007111186566559624,92,4150,,91,2.25,False,False,False
xgb_trees,trees 4000,st,54,immigrant,hicov,-0.03514929282346779,-0.0361517071723938,0.000990748405456543,0.002020895481109619,-0.037181854248046875,92,4150,,91,2.45,True,True,True
xgb_trees,trees 4000,st,55,sex_female,pincp,-0.24014252727026175,0.0033723599919621705,-0.24365826841285276,-0.0018856831880125213,-0.23840022523287807,7379,10129,,92,5.79,True,False,True
xgb_trees,trees 4000,st,55,sex_female,hicov,0.020999134207080772,-0.0031673312187194824,0.024058282375335693,0.0057593584060668945,0.015131592750549316,7379,10129,,92,6.7,True,False,True
xgb_trees,trees 4000,st,55,race_bw,pincp,-0.23597190532807133,-0.08440766799905042,-0.1507555044141231,-0.10676530295044628,-0.12839786946272724,357,16436,,91,6.01,False,False,False
xgb_trees,trees 4000,st,55,race_bw,hicov,-0.03011085183647566,-0.031278133392333984,0.0011175870895385742,-0.023010969161987305,-0.0071495771408081055,357,16436,,91,6.6,False,True,True
xgb_trees,trees 4000,st,55,immigrant,pincp,-0.08377285580072602,-0.03454345496614586,-0.0497913541185806,-0.01834983390953049,-0.06598497517519597,662,16846,,92,5.73,False,False,False
xgb_trees,trees 4000,st,55,immigrant,hicov,-0.1264630042973257,-0.0335390567779541,-0.09338092803955078,-0.022328853607177734,-0.10459113121032715,662,16846,,92,6.72,False,False,False
xgb_trees,trees 4000,st,56,sex_female,pincp,-0.36346992208175166,-0.03048650614307924,-0.3341374257618419,-0.07026726296979646,-0.2943566689351247,647,956,,85,1.42,False,False,False
xgb_trees,trees 4000,st,56,sex_female,hicov,0.03127243214579034,-0.021760225296020508,0.05293571949005127,-0.0048863887786865234,0.036061882972717285,647,956,,85,1.62,False,False,False
xgb_trees,trees 4000,st,56,immigrant,pincp,-0.18877279319069018,-0.09771649401814919,-0.09182291792840047,-0.17012409882423007,-0.01941531312231959,51,1552,,85,1.49,False,False,False
xgb_trees,trees 4000,st,56,immigrant,hicov,-0.07889882757226607,-0.07745951414108276,0.0001742243766784668,-0.022233188152313232,-0.055052101612091064,51,1552,,85,1.52,False,True,True
xgb_trees,trees 4000,st,6,sex_female,pincp,-0.18146729971729947,0.004433662359224044,-0.1858814595923537,-0.008990068908961035,-0.1724577283241686,41076,58207,,92,24.14,True,False,True
xgb_trees,trees 4000,st,6,sex_female,hicov,0.03384123084023194,0.0011470317840576172,0.03263610601425171,0.010145783424377441,0.023637354373931885,41076,58207,,92,26.18,False,False,False
xgb_trees,trees 4000,st,6,race_bw,pincp,-0.18246297664314604,-0.09002862716641857,-0.09297727614925044,-0.08700306665529034,-0.09600283666037868,4119,61748,,91,18.31,False,False,False
xgb_trees,trees 4000,st,6,race_bw,hicov,0.015345646834364346,0.013632237911224365,0.0018497705459594727,0.010663986206054688,0.00481802225112915,4119,61748,,91,20.04,False,False,False
xgb_trees,trees 4000,st,6,immigrant,pincp,-0.26875090094567966,-0.13862924174105729,-0.13004149770983808,-0.12142179992497759,-0.14724893952591778,35042,64241,,92,23.79,False,False,False
xgb_trees,trees 4000,st,6,immigrant,hicov,-0.080050513778545,-0.040572404861450195,-0.03939336538314819,-0.020236730575561523,-0.059729039669036865,35042,64241,,92,25.81,False,False,False
xgb_trees,trees 4000,st,8,sex_female,pincp,-0.21981364393633918,-0.02067332781712672,-0.19833937313418382,-0.030255926740149874,-0.18875677421116066,6943,9596,,92,5.72,False,False,False
xgb_trees,trees 4000,st,8,sex_female,hicov,0.03742758652198985,0.0007034540176391602,0.036683499813079834,0.012911319732666016,0.02447563409805298,6943,9596,,92,6.48,False,False,False
xgb_trees,trees 4000,st,8,race_bw,pincp,-0.22475618247098517,-0.11326861956716527,-0.11294763661588725,-0.07644280792219149,-0.14977344826086103,402,14662,,91,5.69,False,False,False
xgb_trees,trees 4000,st,8,immigrant,pincp,-0.23250097022780913,-0.18165488786254258,-0.05188324481869344,-0.14229534766408314,-0.09124278501715288,1649,14890,,92,5.88,False,False,False
xgb_trees,trees 4000,st,8,immigrant,hicov,-0.15452220671420613,-0.08659738302230835,-0.067341148853302,-0.029382050037384033,-0.12455648183822632,1649,14890,,92,6.46,False,False,False
xgb_trees,trees 4000,st,9,sex_female,pincp,-0.32591543934684,-0.0402130552008817,-0.2852741585361578,-0.0682549318913761,-0.2572322818456634,4662,6012,,92,4.2,False,False,False
xgb_trees,trees 4000,st,9,sex_female,hicov,0.01643880835497602,-0.004262030124664307,0.020613253116607666,0.0016083121299743652,0.014742910861968994,4662,6012,,92,5.1,True,False,True
xgb_trees,trees 4000,st,9,race_bw,pincp,-0.4323223792453419,-0.09655842856594354,-0.3351525112017306,-0.24675123587122805,-0.18495970389644611,757,8886,,91,4.06,False,False,False
xgb_trees,trees 4000,st,9,race_bw,hicov,-0.02647716518436527,-0.030805349349975586,0.004619717597961426,-0.025339901447296143,-0.0008457303047180176,757,8886,,91,4.51,False,True,True
xgb_trees,trees 4000,st,9,immigrant,pincp,-0.12330295028208837,-0.09612031588057945,-0.02661783126340289,-0.08859592375924485,-0.03414222338473749,1722,8952,,92,4.06,False,False,False
xgb_trees,trees 4000,st,9,immigrant,hicov,-0.07303061157765922,-0.026529371738433838,-0.046645283699035645,-0.011561334133148193,-0.06161332130432129,1722,8952,,92,4.62,False,False,False
xgb_trees,trees 10000,naics_2,11,sex_female,pincp,-0.17442832844735356,0.023761423622053357,-0.19840476420992914,0.013691971431084582,-0.18833531201896037,1770,10168,,63,7.76,False,False,False
xgb_trees,trees 10000,naics_2,11,sex_female,hicov,0.06072557308405235,-0.023199856281280518,0.0839272141456604,0.001448214054107666,0.05927914381027222,1770,10168,,63,8.63,True,False,True
xgb_trees,trees 10000,naics_2,11,race_bw,pincp,-0.3082373735363646,-0.1799907889628809,-0.12910474291585494,-0.12654129651669166,-0.18255423536204418,198,10459,,62,7.11,False,False,False
xgb_trees,trees 10000,naics_2,11,race_bw,hicov,-0.08277004677234145,-0.03185093402862549,-0.049804627895355225,-0.12506675720214844,0.043411195278167725,198,10459,,62,7.6,False,True,True
xgb_trees,trees 10000,naics_2,11,immigrant,pincp,-0.5044989627739547,-0.3036909187147714,-0.2007935500657787,-0.20221366110859584,-0.30227080767195424,2454,9484,,63,7.89,False,False,False
xgb_trees,trees 10000,naics_2,11,immigrant,hicov,-0.29192622963498427,-0.07598549127578735,-0.21590650081634521,-0.06399279832839966,-0.2278991937637329,2454,9484,,63,8.72,False,False,False
xgb_trees,trees 10000,naics_2,21,sex_female,pincp,-0.1566003960737774,0.1473257563799173,-0.303451713294951,0.13253884533390625,-0.28866480224894,858,4828,,60,4.72,False,False,False
xgb_trees,trees 10000,naics_2,21,sex_female,hicov,0.029791252657864087,-0.009691476821899414,0.03981512784957886,0.0004836916923522949,0.02963995933532715,858,4828,,60,5.23,True,False,True
xgb_trees,trees 10000,naics_2,21,race_bw,pincp,-0.3229724667527538,-0.1391185373428918,-0.18347289096240615,-0.1008736172070126,-0.22171781109828537,204,5009,,59,4.4,False,False,False
xgb_trees,trees 10000,naics_2,21,race_bw,hicov,-0.03411114895149525,-0.05159264802932739,0.017494380474090576,-0.049841344356536865,0.01574307680130005,204,5009,,59,4.84,False,False,False
xgb_trees,trees 10000,naics_2,21,immigrant,pincp,0.04340662820095709,0.2319726037071046,-0.1895797026648296,0.11980081063412129,-0.07740790959184629,538,5148,,60,4.83,False,False,False
xgb_trees,trees 10000,naics_2,21,immigrant,hicov,-0.029199631430114614,-0.03117072582244873,0.0020845532417297363,-0.01127713918685913,-0.017809033393859863,538,5148,,60,5.23,False,True,True
xgb_trees,trees 10000,naics_2,22,sex_female,pincp,-0.16498741705883546,0.09590302821205654,-0.261416144307276,0.05512271423531878,-0.22063583033053824,2383,8526,,63,7.69,False,False,False
xgb_trees,trees 10000,naics_2,22,race_bw,pincp,-0.20612530453511546,-0.05937856713723022,-0.14695733297615377,-0.07422720072666955,-0.13210869938671443,778,9258,,62,7.24,False,False,False
xgb_trees,trees 10000,naics_2,22,race_bw,hicov,-0.010228352495528115,-0.017819762229919434,0.007597804069519043,-0.011943221092224121,0.0017212629318237305,778,9258,,62,8.04,False,False,False
xgb_trees,trees 10000,naics_2,22,immigrant,pincp,0.05236980693181259,0.17148856218910602,-0.1191358185493101,0.08704098550437323,-0.03468824186457731,791,10118,,63,7.81,False,False,False
xgb_trees,trees 10000,naics_2,22,immigrant,hicov,-0.04415682556453315,-0.024880647659301758,-0.019201457500457764,0.0001990795135498047,-0.044281184673309326,791,10118,,63,8.84,True,False,True
xgb_trees,trees 10000,naics_2,23,sex_female,pincp,-0.0626446456082057,0.105852873984988,-0.16835744453880253,0.10894836858712686,-0.1714529391409414,5486,50901,,58,30.66,False,False,False
xgb_trees,trees 10000,naics_2,23,sex_female,hicov,0.10012223552223276,0.015002131462097168,0.08502811193466187,0.03281199932098389,0.06721824407577515,5486,50901,,58,33.58,False,False,False
xgb_trees,trees 10000,naics_2,23,race_bw,pincp,-0.2200815585744582,-0.12326263803942261,-0.09625413118273407,-0.058809488621973216,-0.16070728060018347,2207,47852,,57,26.93,False,False,False
xgb_trees,trees 10000,naics_2,23,immigrant,pincp,-0.32078281195261127,-0.14032420309396798,-0.1804595490993961,-0.10198057174699215,-0.21880318044637193,11081,45306,,58,30.39,False,False,False
xgb_trees,trees 10000,naics_2,23,immigrant,hicov,-0.3059844323527965,-0.1015591025352478,-0.20404952764511108,-0.06652188301086426,-0.23908674716949463,11081,45306,,58,33.61,False,False,False
xgb_trees,trees 10000,naics_2,31,sex_female,pincp,-0.2629578528630354,-0.04347735033562472,-0.21941852165441134,-0.051581208855912664,-0.2113146631341234,6080,10147,,65,11.25,False,False,False
xgb_trees,trees 10000,naics_2,31,race_bw,pincp,-0.303773085054587,-0.1291585706045666,-0.1738644195197665,-0.1411395463904359,-0.16188344373389718,1704,11987,,64,9.75,False,False,False
xgb_trees,trees 10000,naics_2,31,race_bw,hicov,-0.015489638422845342,-0.028036952018737793,0.012514293193817139,-0.02279287576675415,0.007270216941833496,1704,11987,,64,10.99,False,False,False
xgb_trees,trees 10000,naics_2,31,immigrant,pincp,-0.34096890087177734,-0.17248664428612592,-0.16809028235414836,-0.0901722875379285,-0.2504046391023458,3768,12459,,65,11.34,False,False,False
xgb_trees,trees 10000,naics_2,31,immigrant,hicov,-0.12329223291887836,-0.0384448766708374,-0.08478039503097534,-0.034618079662323,-0.08860719203948975,3768,12459,,65,12.51,False,False,False
xgb_trees,trees 10000,naics_2,32,sex_female,pincp,-0.14835792196557485,0.06902580910515965,-0.21711979497307432,0.04659229846647328,-0.19468628433438795,8451,21977,,67,20.02,False,False,False
xgb_trees,trees 10000,naics_2,32,sex_female,hicov,0.013688911235591239,-0.009411931037902832,0.0229949951171875,-0.005909979343414307,0.019493043422698975,8451,21977,,67,22.03,False,False,False
xgb_trees,trees 10000,naics_2,32,race_bw,pincp,-0.2647300616488355,-0.08144294141151498,-0.18359169335206182,-0.09691740578401387,-0.16811722897956294,2081,25276,,66,17.9,False,False,False
xgb_trees,trees 10000,naics_2,32,race_bw,hicov,-0.011317819176341226,-0.024091482162475586,0.01289433240890503,-0.023849904537200928,0.012652754783630371,2081,25276,,66,20.11,False,False,False
xgb_trees,trees 10000,naics_2,32,immigrant,pincp,-0.08673017505501157,0.015501268799329893,-0.10218131986531276,0.04938719163689065,-0.13606724270287351,4028,26400,,67,20.15,False,False,False
xgb_trees,trees 10000,naics_2,32,immigrant,hicov,-0.07233731305106683,-0.024223387241363525,-0.04798656702041626,-0.012994587421417236,-0.05921536684036255,4028,26400,,67,22.22,False,False,False
xgb_trees,trees 10000,naics_2,33,sex_female,pincp,-0.2637016416912381,-0.02928752220478259,-0.23472818544355079,-0.042131241934464825,-0.22188446571386855,16238,50594,,69,41.94,False,False,False
xgb_trees,trees 10000,naics_2,33,race_bw,pincp,-0.32554110402042724,-0.111994625301028,-0.21379901018952552,-0.1418357653380209,-0.18395787015253262,3920,54728,,68,40.01,False,False,False
xgb_trees,trees 10000,naics_2,33,race_bw,hicov,-0.017633588298643477,-0.020948410034179688,0.0032889842987060547,-0.023596525192260742,0.005937099456787109,3920,54728,,68,43.74,False,False,False
xgb_trees,trees 10000,naics_2,33,immigrant,pincp,-0.031002990109508133,0.03165837891586776,-0.062384115277403396,0.07515838181062762,-0.10588411817216326,10156,56676,,69,41.96,False,False,False
xgb_trees,trees 10000,naics_2,33,immigrant,hicov,-0.04499232538424991,-0.008623182773590088,-0.036540448665618896,-0.011433780193328857,-0.03372985124588013,10156,56676,,69,46.64,False,False,False
xgb_trees,trees 10000,naics_2,3M,sex_female,pincp,-0.3035433700709156,-0.03574191350959488,-0.26647687967746414,-0.04945820874315032,-0.2527605844439087,879,1984,,57,3.59,False,False,False
xgb_trees,trees 10000,naics_2,3M,race_bw,pincp,-0.2366623367706051,-0.14824317070597637,-0.08688828580095453,-0.08563586223425901,-0.1494955942726719,323,2116,,56,3.26,False,False,False
xgb_trees,trees 10000,naics_2,3M,race_bw,hicov,-0.028134455453656892,-0.029976248741149902,0.0027132034301757812,-0.009683847427368164,-0.017579197883605957,323,2116,,56,3.46,False,True,True
xgb_trees,trees 10000,naics_2,3M,immigrant,pincp,-0.26129086957903347,-0.019291871909173253,-0.2411916314819713,-0.057050133201636655,-0.2034333701895079,595,2268,,57,3.51,False,False,False
xgb_trees,trees 10000,naics_2,3M,immigrant,hicov,-0.10675381263616557,-0.054203569889068604,-0.05260312557220459,-6.502866744995117e-05,-0.10674166679382324,595,2268,,57,3.91,False,False,False
xgb_trees,trees 10000,naics_2,42,sex_female,pincp,-0.2022436858462644,0.035035819841780835,-0.23751223846763558,0.003381309967604551,-0.2058577285934593,7903,20186,,63,18.73,False,False,False
xgb_trees,trees 10000,naics_2,42,race_bw,pincp,-0.37749029566436754,-0.08608606725671208,-0.29160062127023956,-0.10619933456967878,-0.27148735395727286,1496,23358,,62,16.51,False,False,False
xgb_trees,trees 10000,naics_2,42,race_bw,hicov,-0.03178101331838812,-0.04062998294830322,0.009270131587982178,-0.04521256685256958,0.013852715492248535,1496,23358,,62,17.98,False,False,False
xgb_trees,trees 10000,naics_2,42,immigrant,pincp,-0.2093096720413552,-0.06816732319085084,-0.140632828916182,-0.03888676465074248,-0.16991338745629037,4233,23856,,63,18.6,False,False,False
xgb_trees,trees 10000,naics_2,42,immigrant,hicov,-0.08411581584950278,-0.02230018377304077,-0.06207054853439331,-0.009632647037506104,-0.07473808526992798,4233,23856,,63,20.76,False,False,False
xgb_trees,trees 10000,naics_2,44,sex_female,pincp,-0.25509860736859835,-0.01546028774871644,-0.23922669962740528,-0.03449403636347448,-0.22019295101264724,20205,31547,,63,31.6,False,False,False
xgb_trees,trees 10000,naics_2,44,sex_female,hicov,0.014269738289013567,-0.01542353630065918,0.029656946659088135,-0.017212271690368652,0.03144568204879761,20205,31547,,63,34.76,False,False,False
xgb_trees,trees 10000,naics_2,44,race_bw,pincp,-0.21868542569681537,-0.07588061624051612,-0.14247056771034572,-0.07564416370020588,-0.14270702025065596,3611,41916,,62,27.23,False,False,False
xgb_trees,trees 10000,naics_2,44,race_bw,hicov,-0.02434017062887106,-0.029944539070129395,0.0057288408279418945,-0.038762569427490234,0.014546871185302734,3611,41916,,62,29.89,False,False,False
xgb_trees,trees 10000,naics_2,44,immigrant,pincp,-0.09665531045817133,-0.019242729292116678,-0.07742373473396214,0.013313202402800428,-0.10997966642887924,7415,44337,,63,31.23,True,False,True
xgb_trees,trees 10000,naics_2,44,immigrant,hicov,-0.09476766488920885,-0.003034830093383789,-0.09162962436676025,-0.00896906852722168,-0.08569538593292236,7415,44337,,63,34.16,False,False,False
xgb_trees,trees 10000,naics_2,45,sex_female,pincp,-0.25316293341938767,-0.054160903656596204,-0.19852048153691726,-0.07504997282951287,-0.1776314123640006,10711,10829,,62,14.37,False,False,False
xgb_trees,trees 10000,naics_2,45,sex_female,hicov,0.012157341696831914,-0.008712947368621826,0.02084803581237793,-0.007377743721008301,0.019512832164764404,10711,10829,,62,15.58,False,False,False
xgb_trees,trees 10000,naics_2,45,race_bw,pincp,-0.2128505955917941,-0.13112604025299568,-0.08147538130534393,-0.12186777151586092,-0.09073365004247869,2034,17052,,61,12.66,False,False,False
xgb_trees,trees 10000,naics_2,45,race_bw,hicov,-0.023157172542498827,-0.021161675453186035,-0.0017743706703186035,-0.022900521755218506,-3.552436828613281e-05,2034,17052,,61,13.82,False,False,False
xgb_trees,trees 10000,naics_2,45,immigrant,hicov,-0.04191854009015972,0.006097972393035889,-0.04808390140533447,0.005038440227508545,-0.04702436923980713,2784,18756,,62,15.76,False,False,False
xgb_trees,trees 10000,naics_2,48,sex_female,pincp,-0.21276262819450054,0.05338983231452232,-0.265700821458859,0.027608892963133513,-0.23991988210747017,5254,23016,,60,17.5,False,False,False
xgb_trees,trees 10000,naics_2,48,sex_female,hicov,0.030014488853288057,-0.0007556676864624023,0.03051435947418213,-0.0006851553916931152,0.030443847179412842,5254,23016,,60,18.73,False,False,False
xgb_trees,trees 10000,naics_2,48,race_bw,pincp,-0.19750902181684893,-0.053152740862127956,-0.1445125883214491,-0.09045492170417191,-0.10721040747940513,3689,21206,,59,15.31,False,False,False
xgb_trees,trees 10000,naics_2,48,immigrant,pincp,-0.19393861612739371,-0.09641353804450326,-0.09752528418416873,-0.06234648208950411,-0.13159234013916787,4910,23360,,60,17.3,False,False,False
xgb_trees,trees 10000,naics_2,48,immigrant,hicov,-0.0972118858633485,-0.011570870876312256,-0.0858616828918457,-0.018803834915161133,-0.07862871885299683,4910,23360,,60,18.92,False,False,False
xgb_trees,trees 10000,naics_2,49,sex_female,pincp,-0.12368417112049634,-0.012911917535550543,-0.11078256630580618,-0.02353674435634545,-0.10015773948501128,3808,8351,,58,8.47,False,False,False
xgb_trees,trees 10000,naics_2,49,sex_female,hicov,0.014366675001937002,-0.010296881198883057,0.02467578649520874,-0.009742677211761475,0.024121582508087158,3808,8351,,58,9.74,False,False,False
xgb_trees,trees 10000,naics_2,49,race_bw,pincp,-0.16454436798651528,-0.04843690707950543,-0.1164288505777833,-0.01727361864280752,-0.1475921390144812,1973,8563,,57,7.44,False,False,False
xgb_trees,trees 10000,naics_2,49,race_bw,hicov,-0.016498035874827455,-0.023028075695037842,0.006260931491851807,-0.025631964206695557,0.008864820003509521,1973,8563,,57,8.49,False,False,False
xgb_trees,trees 10000,naics_2,49,immigrant,pincp,-0.17166827475629098,0.026327378739798846,-0.19804341980367646,-0.038292037404627166,-0.13342400365925045,1836,10323,,58,8.26,True,False,True
xgb_trees,trees 10000,naics_2,49,immigrant,hicov,-0.0865438493521985,-0.02440965175628662,-0.06236672401428223,-0.006709098815917969,-0.08006727695465088,1836,10323,,58,9.27,False,False,False
xgb_trees,trees 10000,naics_2,4M,sex_female,pincp,-0.2786318676631705,-0.0487140875558385,-0.22970053830097648,-0.033505973866555294,-0.24490865199025968,998,1164,,58,3.03,False,False,False
xgb_trees,trees 10000,naics_2,4M,sex_female,hicov,0.010045864925727788,-0.022771835327148438,0.03322327136993408,0.0013843774795532227,0.009067058563232422,998,1164,,58,3.37,True,False,True
xgb_trees,trees 10000,naics_2,4M,race_bw,pincp,-0.15479391581975044,-0.08206901793370491,-0.07133927691907616,-0.018712056416100964,-0.1346962384366801,247,1637,,57,2.84,False,False,False
xgb_trees,trees 10000,naics_2,4M,race_bw,hicov,-0.030964116743623538,-0.03346329927444458,0.001592099666595459,0.00035518407821655273,-0.032226383686065674,247,1637,,57,3.11,True,True,True
xgb_trees,trees 10000,naics_2,4M,immigrant,pincp,-0.0850289573043419,-0.13867886197338208,0.0531076135288675,-0.04761410182084802,-0.03795714662366656,319,1843,,58,3.07,False,True,True
xgb_trees,trees 10000,naics_2,4M,immigrant,hicov,-0.13497313396278732,-0.09893733263015747,-0.035430192947387695,0.020560085773468018,-0.15492761135101318,319,1843,,58,3.41,True,False,True
xgb_trees,trees 10000,naics_2,51,sex_female,pincp,-0.2458908158496964,-0.05666135915592818,-0.18952455076974672,-0.06796465171436772,-0.1782212582113072,7812,12919,,61,13.46,False,False,False
xgb_trees,trees 10000,naics_2,51,race_bw,pincp,-0.27989747972265633,-0.13339672789807544,-0.14773613163561095,-0.10484827170139077,-0.17628458783229561,1646,16501,,60,12.05,False,False,False
xgb_trees,trees 10000,naics_2,51,race_bw,hicov,-0.016109226562578738,-0.01723027229309082,0.0013353228569030762,-0.008981585502624512,-0.006913363933563232,1646,16501,,60,13.85,False,True,True
xgb_trees,trees 10000,naics_2,51,immigrant,pincp,0.20968129890285958,0.18598573024074838,0.024127162039006222,0.1719012647449496,0.038211627534805004,2744,17987,,61,13.63,False,False,False
xgb_trees,trees 10000,naics_2,51,immigrant,hicov,-0.012184536904771393,0.009443342685699463,-0.02151048183441162,0.004298806190490723,-0.01636594533920288,2744,17987,,61,15.46,False,False,False
xgb_trees,trees 10000,naics_2,52,sex_female,pincp,-0.5682567617236298,-0.20280345263149435,-0.3659165405917584,-0.24473379854275734,-0.3239861946804954,29688,23262,,59,31.71,False,False,False
xgb_trees,trees 10000,naics_2,52,race_bw,pincp,-0.36008972810087947,-0.114296594771087,-0.24533126176103792,-0.1366260725214179,-0.22300178401070703,4183,42821,,58,28.38,False,False,False
xgb_trees,trees 10000,naics_2,52,race_bw,hicov,-0.014619821613350514,-0.010836362838745117,-0.0038373470306396484,-0.012988805770874023,-0.0016849040985107422,4183,42821,,58,32.11,False,False,False
xgb_trees,trees 10000,naics_2,52,immigrant,pincp,0.12872852116941047,0.16043944431506674,-0.03217692122921356,0.13201799615320553,-0.003755473067352355,6431,46519,,59,32.13,False,False,False
xgb_trees,trees 10000,naics_2,52,immigrant,hicov,-0.013713639558709967,0.006250441074371338,-0.02006131410598755,-3.635883331298828e-05,-0.013774514198303223,6431,46519,,59,36.46,True,False,True
xgb_trees,trees 10000,naics_2,53,sex_female,pincp,-0.20368571994394458,-0.007243181065479831,-0.19677054515650383,-0.03093552164644464,-0.17307820457553902,7356,9663,,59,11.38,False,False,False
xgb_trees,trees 10000,naics_2,53,sex_female,hicov,0.016528081163935893,-0.007850110530853271,0.024100661277770996,-0.009432315826416016,0.02568286657333374,7356,9663,,59,12.56,False,False,False
xgb_trees,trees 10000,naics_2,53,race_bw,pincp,-0.36522123116522387,-0.056243344230376024,-0.3095885268414911,-0.11965723716587107,-0.24617463390599603,1331,13771,,58,11.15,False,False,False
xgb_trees,trees 10000,naics_2,53,race_bw,hicov,-0.022543426742933304,-0.024756550788879395,0.0021973848342895508,-0.0240781307220459,0.0015189647674560547,1331,13771,,58,12.23,False,False,False
xgb_trees,trees 10000,naics_2,53,immigrant,pincp,-0.16413766013544517,-0.04734493789746175,-0.11552295978070681,-0.021177660151304067,-0.1416902375268645,2515,14504,,59,12.66,False,False,False
xgb_trees,trees 10000,naics_2,53,immigrant,hicov,-0.06069583601534756,-0.007473409175872803,-0.05308949947357178,-0.010919451713562012,-0.04964345693588257,2515,14504,,59,13.79,False,False,False
xgb_trees,trees 10000,naics_2,54,sex_female,pincp,-0.3899332779490621,-0.10529372119737701,-0.2846472249776735,-0.12544975155327442,-0.26449119462177606,29018,43958,,60,45.23,False,False,False
xgb_trees,trees 10000,naics_2,54,race_bw,pincp,-0.2660095394753377,-0.10560761040762046,-0.16020283686638592,-0.11005782055144664,-0.15575262672255974,3444,58849,,59,38.6,False,False,False
xgb_trees,trees 10000,naics_2,54,race_bw,hicov,-0.01714595588240375,-0.013342499732971191,-0.003907501697540283,-0.016445577144622803,-0.0008044242858886719,3444,58849,,59,43.92,False,False,False
xgb_trees,trees 10000,naics_2,54,immigrant,pincp,0.0722182219525429,0.09587964836467222,-0.023770525808584964,0.09668105954011885,-0.024571936984031595,12006,60970,,60,45.42,False,False,False
xgb_trees,trees 10000,naics_2,54,immigrant,hicov,-0.01085133722024234,0.011023163795471191,-0.021913468837738037,0.0029191970825195312,-0.013809502124786377,12006,60970,,60,50.53,False,False,False
xgb_trees,trees 10000,naics_2,55,sex_female,pincp,-0.41916513373735675,-0.1490749140054035,-0.2719117137115905,-0.17318488577230617,-0.24780174194468785,689,659,,57,2.84,False,False,False
xgb_trees,trees 10000,naics_2,55,race_bw,pincp,-0.39175907995863213,-0.009838534629047047,-0.38587960452898074,-0.06065285482535643,-0.33506528433267135,77,1128,,55,2.82,False,False,False
xgb_trees,trees 10000,naics_2,55,race_bw,hicov,-0.0421962788984066,-0.00923609733581543,-0.03134024143218994,0.004651904106140137,-0.04522824287414551,77,1128,,55,2.72,True,False,True
xgb_trees,trees 10000,naics_2,55,immigrant,pincp,0.08036547274432237,-0.08337996326348929,0.16541942746721183,0.0040452898617218125,0.07799417434200073,155,1193,,57,2.81,True,False,True
xgb_trees,trees 10000,naics_2,55,immigrant,hicov,-0.013233107103263642,-0.005700290203094482,-0.00731736421585083,0.009150922298431396,-0.02216857671737671,155,1193,,57,2.73,True,False,True
xgb_trees,trees 10000,naics_2,56,sex_female,pincp,-0.1285776356521673,0.011103436613828066,-0.140350488353306,0.03326342176377928,-0.1625104735032572,10600,18487,,60,19.12,False,False,False
xgb_trees,trees 10000,naics_2,56,sex_female,hicov,0.04997762323550159,-0.011384367942810059,0.061208486557006836,0.0036512017250061035,0.046172916889190674,10600,18487,,60,21.54,True,False,True
xgb_trees,trees 10000,naics_2,56,race_bw,pincp,-0.2488064758317332,-0.11842040911254337,-0.1302828141330874,-0.06958088366321569,-0.17912233958241508,3326,21705,,59,16.72,False,False,False
xgb_trees,trees 10000,naics_2,56,immigrant,pincp,-0.2986422731817857,-0.12593371222709848,-0.17321381452280704,-0.07342780393095438,-0.22571972281895114,6273,22814,,60,19.3,False,False,False
xgb_trees,trees 10000,naics_2,56,immigrant,hicov,-0.20222463599230545,-0.059668898582458496,-0.1421944499015808,-0.03121328353881836,-0.17065006494522095,6273,22814,,60,21.56,False,False,False
xgb_trees,trees 10000,naics_2,61,sex_female,pincp,-0.19832442884073664,0.0025185068949316047,-0.20087019156980013,-0.006648733396286133,-0.1917029512785824,51590,26189,,58,45.7,True,False,True
xgb_trees,trees 10000,naics_2,61,race_bw,pincp,-0.1508946986242261,-0.15223447230821385,0.0012617211214731583,-0.10345240460730665,-0.04752034657943405,6910,63986,,57,42.77,False,True,True
xgb_trees,trees 10000,naics_2,61,race_bw,hicov,-0.020329754659157317,-0.012059152126312256,-0.008370935916900635,-0.009978055953979492,-0.010452032089233398,6910,63986,,57,47.5,False,False,False
xgb_trees,trees 10000,naics_2,61,immigrant,pincp,0.0230344050453688,-0.0008809115531693834,0.024189267581055773,0.04533798082756135,-0.022029624799674963,7723,70056,,58,46.95,True,True,True
xgb_trees,trees 10000,naics_2,61,immigrant,hicov,-0.017128937570610958,-0.0022644996643066406,-0.014887809753417969,-0.004857003688812256,-0.012295305728912354,7723,70056,,58,51.99,False,False,False
xgb_trees,trees 10000,naics_2,62,sex_female,pincp,-0.44504958913086057,-0.1669541765285345,-0.27786491596321916,-0.2343648795098776,-0.21045421298187605,90900,29476,,63,75.32,False,False,False
xgb_trees,trees 10000,naics_2,62,race_bw,pincp,-0.2858392759919255,-0.16457465621928158,-0.12092282040231339,-0.16632454951878906,-0.11917292710280591,15995,88854,,62,65.1,False,False,False
xgb_trees,trees 10000,naics_2,62,race_bw,hicov,-0.030612993952736645,-0.017361462116241455,-0.01329195499420166,-0.027215242385864258,-0.0034381747245788574,15995,88854,,62,72.01,False,False,False
xgb_trees,trees 10000,naics_2,62,immigrant,pincp,0.08046984533417856,0.0958913843238367,-0.015614203292413364,0.10651865040279951,-0.02624146937137617,18087,102289,,63,74.79,False,False,False
xgb_trees,trees 10000,naics_2,62,immigrant,hicov,-0.023957826396521553,0.003672957420349121,-0.027593016624450684,-0.002572953701019287,-0.021347105503082275,18087,102289,,63,83.03,True,False,True
xgb_trees,trees 10000,naics_2,71,sex_female,pincp,-0.17333409352919382,0.013030186293837787,-0.18657668740049083,0.005434780543954076,-0.17898128165060712,5061,7575,,58,9.57,False,False,False
xgb_trees,trees 10000,naics_2,71,sex_female,hicov,0.025007150389016353,-0.006620347499847412,0.031824469566345215,-0.00304335355758667,0.028247475624084473,5061,7575,,58,11.08,False,False,False
xgb_trees,trees 10000,naics_2,71,race_bw,pincp,-0.23704578398977638,-0.11915622554955263,-0.11750699412805865,-0.07725979013393491,-0.15940342954367637,968,9874,,57,8.8,False,False,False
xgb_trees,trees 10000,naics_2,71,race_bw,hicov,-0.017584791513566844,-0.02775782346725464,0.010410845279693604,-0.023744702339172363,0.006397724151611328,968,9874,,57,9.61,False,False,False
xgb_trees,trees 10000,naics_2,71,immigrant,pincp,-0.12326965074971952,-0.07964429330902334,-0.0441496677910056,-0.03119953740621817,-0.09259442369381077,1670,10966,,58,9.56,False,False,False
xgb_trees,trees 10000,naics_2,71,immigrant,hicov,-0.05514562703882775,-0.007043600082397461,-0.048030734062194824,-0.004788815975189209,-0.050285518169403076,1670,10966,,58,10.55,False,False,False
xgb_trees,trees 10000,naics_2,72,sex_female,pincp,-0.18401379581246324,-0.010422419036666852,-0.17370140435343018,-0.009173161413594144,-0.17495066197650289,14143,17193,,58,20.04,False,False,False
xgb_trees,trees 10000,naics_2,72,sex_female,hicov,0.04015889515060789,-0.01858419179916382,0.05880892276763916,-0.022456467151641846,0.06268119812011719,14143,17193,,58,21.67,False,False,False
xgb_trees,trees 10000,naics_2,72,race_bw,pincp,-0.1928744781570586,-0.10628408442014603,-0.08633344260285547,-0.054846386416707915,-0.13777114060629359,3165,21329,,57,15.87,False,False,False
xgb_trees,trees 10000,naics_2,72,immigrant,pincp,-0.1366419172241944,-0.050379735525638125,-0.08659873496627846,-0.016277367324734726,-0.12070110316718186,9698,21638,,58,19.78,False,False,False
xgb_trees,trees 10000,naics_2,72,immigrant,hicov,-0.14235072495587275,0.021434009075164795,-0.16370397806167603,-0.0047432780265808105,-0.13752669095993042,9698,21638,,58,21.47,True,False,True
xgb_trees,trees 10000,naics_2,81,sex_female,pincp,-0.19443770611913358,-0.0020124236548380026,-0.19251303565011213,-0.050868723328651555,-0.14365673597629858,14329,19378,,63,22.57,False,False,False
xgb_trees,trees 10000,naics_2,81,sex_female,hicov,0.028035678892645688,-0.0167122483253479,0.04478752613067627,-0.008659899234771729,0.0367351770401001,14329,19378,,63,24.5,False,False,False
xgb_trees,trees 10000,naics_2,81,race_bw,pincp,-0.1435280769370042,-0.037748420139156025,-0.10667887340932047,-0.03923702857827038,-0.10519026497020612,2516,26304,,62,19.65,False,False,False
xgb_trees,trees 10000,naics_2,81,race_bw,hicov,-0.025556209118091866,-0.026938319206237793,0.0014643669128417969,-0.029088139533996582,0.003614187240600586,2516,26304,,62,21.1,False,False,False
xgb_trees,trees 10000,naics_2,81,immigrant,pincp,-0.28521872580984997,-0.18935569116651152,-0.09541173322501884,-0.10412029506842124,-0.1806471293231091,6640,27067,,63,22.59,False,False,False
xgb_trees,trees 10000,naics_2,81,immigrant,hicov,-0.13345759362866183,-0.04865175485610962,-0.08475315570831299,-0.0355372428894043,-0.09786766767501831,6640,27067,,63,25.18,False,False,False
xgb_trees,trees 10000,naics_2,92,sex_female,pincp,-0.2414473940877997,-0.015099159294246434,-0.22646367123441458,-0.05107100660518249,-0.19049182392347852,24767,31895,,60,35.35,False,False,False
xgb_trees,trees 10000,naics_2,92,race_bw,pincp,-0.10552062676527818,-0.048678542597269114,-0.05634910090941325,-0.03620456226302693,-0.06882308124365544,7382,43626,,59,31.86,False,False,False
xgb_trees,trees 10000,naics_2,92,immigrant,pincp,0.04760441151955597,0.08894109274074147,-0.04159149346005009,0.09365860047802776,-0.046309001197336386,4213,52449,,60,35.69,False,False,False
xgb_trees,trees 10000,naics_2,92,immigrant,hicov,-0.014170391838873697,-0.00023365020751953125,-0.01385277509689331,-0.003224968910217285,-0.010861456394195557,4213,52449,,60,39.65,False,False,False
xgb_trees,trees 10000,st,1,sex_female,pincp,-0.31555702394613583,-0.02889598719105102,-0.28672812929089453,-0.037364926163455436,-0.2782591903184901,5293,6854,,92,12.67,False,False,False
xgb_trees,trees 10000,st,1,sex_female,hicov,0.021982361759625313,-0.0034238100051879883,0.02505648136138916,0.002338409423828125,0.019294261932373047,5293,6854,,92,14.25,True,False,True
xgb_trees,trees 10000,st,1,race_bw,pincp,-0.28298982130619343,-0.14179996142841667,-0.1413425209175827,-0.15937085402409856,-0.1237716283219008,2338,9360,,91,12.92,False,False,False
xgb_trees,trees 10000,st,1,race_bw,hicov,-0.03265821836181115,-0.019458651542663574,-0.01330721378326416,-0.01402294635772705,-0.018742918968200684,2338,9360,,91,14.36,False,False,False
xgb_trees,trees 10000,st,1,immigrant,pincp,-0.10406233370699525,-0.05025997015036765,-0.05500203091491862,-0.032880340883989945,-0.07238166018129633,463,11684,,92,12.66,False,False,False
xgb_trees,trees 10000,st,1,immigrant,hicov,-0.19473714954566734,-0.08779042959213257,-0.1063847541809082,-0.05259734392166138,-0.1415778398513794,463,11684,,92,14.11,False,False,False
xgb_trees,trees 10000,st,10,sex_female,pincp,-0.23852588673327801,-0.023219060043361495,-0.2143472748517805,-0.01686709564430089,-0.22069923925084112,1208,1387,,88,4.91,False,False,False
xgb_trees,trees 10000,st,10,sex_female,hicov,0.018984825985857268,-0.008669137954711914,0.027673959732055664,0.012601196765899658,0.006403625011444092,1208,1387,,88,5.55,True,False,True
xgb_trees,trees 10000,st,10,race_bw,pincp,-0.26441259231673087,-0.1548446469137641,-0.10806794226924055,-0.08604093098172072,-0.17687165820128392,431,1975,,87,4.57,False,False,False
xgb_trees,trees 10000,st,10,immigrant,hicov,-0.056482306259616144,-0.04190230369567871,-0.015027225017547607,-0.008543193340301514,-0.048386335372924805,265,2330,,88,5.41,False,False,False
xgb_trees,trees 10000,st,11,sex_female,pincp,-0.1948040157321529,-0.037672047016634735,-0.15765327831074494,-0.06822581917544746,-0.12709950615193222,1214,1142,,68,3.97,False,False,False
xgb_trees,trees 10000,st,11,sex_female,hicov,0.01159848469548208,0.0005039572715759277,0.010881364345550537,-0.0008810162544250488,0.012266337871551514,1214,1142,,68,4.52,True,False,True
xgb_trees,trees 10000,st,11,race_bw,pincp,-0.5086204482738559,-0.3125669550157255,-0.19669818287053253,-0.21988523665388016,-0.2893799012323779,642,1452,,66,3.65,False,False,False
xgb_trees,trees 10000,st,11,race_bw,hicov,-0.030167863855204535,-0.030113041400909424,0.00012749433517456055,-0.03978455066680908,0.009799003601074219,642,1452,,66,4.11,False,False,False
xgb_trees,trees 10000,st,11,immigrant,pincp,-0.20919592588855096,-0.11117243286278544,-0.09638039785273023,-0.08530703006947071,-0.12224580064604496,316,2040,,68,4.06,False,False,False
xgb_trees,trees 10000,st,11,immigrant,hicov,-0.046624472573839615,-0.036996662616729736,-0.009745240211486816,-0.01717984676361084,-0.029562056064605713,316,2040,,68,4.66,False,False,False
xgb_trees,trees 10000,st,12,sex_female,pincp,-0.22696732350444826,-0.014369039324948929,-0.21249247701111074,-0.016396711719783852,-0.2104648046162758,22979,28252,,92,41.88,False,False,False
xgb_trees,trees 10000,st,12,sex_female,hicov,0.04205411755614552,0.0025998950004577637,0.0393405556678772,0.00840085744857788,0.03353959321975708,22979,28252,,92,46.92,False,False,False
xgb_trees,trees 10000,st,12,race_bw,pincp,-0.31454446007065684,-0.10574398013363329,-0.2091010600712444,-0.1536706056217927,-0.161174434583085,6198,41213,,91,41.04,False,False,False
xgb_trees,trees 10000,st,12,race_bw,hicov,-0.010981150374180237,-0.023271918296813965,0.012025296688079834,-0.028167128562927246,0.016920506954193115,6198,41213,,91,44.72,False,False,False
xgb_trees,trees 10000,st,12,immigrant,pincp,-0.19235966803892168,-0.06984593079418744,-0.12243461051680526,-0.07272597404129932,-0.11955456726969338,12037,39194,,92,42.23,False,False,False
xgb_trees,trees 10000,st,12,immigrant,hicov,-0.08944399925169921,-0.04225081205368042,-0.04719722270965576,-0.0284268856048584,-0.06102114915847778,12037,39194,,92,47.19,False,False,False
xgb_trees,trees 10000,st,13,sex_female,pincp,-0.2577587064321296,-0.03262581975239165,-0.2243066908823259,-0.04142674372425326,-0.2155057669104643,11957,14978,,92,23.47,False,False,False
xgb_trees,trees 10000,st,13,sex_female,hicov,0.040407528990723085,0.005261659622192383,0.03526836633682251,0.0179712176322937,0.02255880832672119,11957,14978,,92,26.22,False,False,False
xgb_trees,trees 10000,st,13,race_bw,pincp,-0.3001484008017652,-0.11926770847507129,-0.18128085721434495,-0.1357064870006024,-0.16484207868881384,6248,18543,,91,23.18,False,False,False
xgb_trees,trees 10000,st,13,immigrant,pincp,-0.13744674471266727,-0.04723576875229085,-0.09035460897726644,-0.02352751210672821,-0.11406286562282908,3334,23601,,92,23.22,False,False,False
xgb_trees,trees 10000,st,13,immigrant,hicov,-0.1524436310144861,-0.07877731323242188,-0.07379001379013062,-0.04557085037231445,-0.10699647665023804,3334,23601,,92,26.14,False,False,False
xgb_trees,trees 10000,st,15,sex_female,pincp,-0.20822507750450292,-0.01379545260534698,-0.19436164506911346,-0.02923535049244208,-0.17892174718201836,1861,2153,,87,5.96,False,False,False
xgb_trees,trees 10000,st,15,immigrant,pincp,-0.22547582941900401,-0.18780836435426984,-0.037246806823274525,-0.08205329845752019,-0.14300187272002418,811,3203,,87,5.81,False,False,False
xgb_trees,trees 10000,st,15,immigrant,hicov,-0.016183964401437767,0.003979861736297607,-0.020347774028778076,-0.0028450489044189453,-0.013522863388061523,811,3203,,87,6.75,True,False,True
xgb_trees,trees 10000,st,16,sex_female,pincp,-0.2783884125134932,-0.0486844254043266,-0.2295141822289093,-0.07675927138932437,-0.20143933624391153,1482,2423,,92,5.66,False,False,False
xgb_trees,trees 10000,st,16,sex_female,hicov,0.02785997661858386,-0.020845890045166016,0.04886269569396973,0.010039150714874268,0.017977654933929443,1482,2423,,92,6.51,True,False,True
xgb_trees,trees 10000,st,16,immigrant,pincp,-0.23283176258720495,-0.20202717781795698,-0.029692217211611194,-0.11972393112847257,-0.1119954639010956,270,3635,,92,5.87,False,False,False
xgb_trees,trees 10000,st,16,immigrant,hicov,-0.21530898160884404,-0.09727561473846436,-0.11807084083557129,-0.02340930700302124,-0.1919371485710144,270,3635,,92,6.34,False,False,False
xgb_trees,trees 10000,st,17,sex_female,pincp,-0.2669812951341086,-0.023065831927894465,-0.24435394211843509,-0.04147356767864174,-0.2259462063676878,16072,20780,,92,34.24,False,False,False
xgb_trees,trees 10000,st,17,sex_female,hicov,0.021942164973691503,-0.0021234750747680664,0.023997068405151367,0.0019939541816711426,0.019879639148712158,16072,20780,,92,38.77,True,False,True
xgb_trees,trees 10000,st,17,race_bw,pincp,-0.2526898601930849,-0.1420154546173169,-0.11105201610913618,-0.15035549112880098,-0.1027119795976521,2889,29991,,91,32.41,False,False,False
xgb_trees,trees 10000,st,17,race_bw,hicov,-0.010611837064445684,-0.011513352394104004,0.0008587241172790527,-0.009990811347961426,-0.0006638169288635254,2889,29991,,91,35.95,False,True,True
xgb_trees,trees 10000,st,17,immigrant,pincp,-0.15593137100749743,-0.09493518917307853,-0.0607497042136842,-0.06133966806389424,-0.09434522532286849,5317,31535,,92,34.65,False,False,False
xgb_trees,trees 10000,st,17,immigrant,hicov,-0.10988308425168858,-0.04293864965438843,-0.06685978174209595,-0.020229697227478027,-0.08956873416900635,5317,31535,,92,37.55,False,False,False
xgb_trees,trees 10000,st,18,sex_female,pincp,-0.27875708923041387,-0.0208860095905532,-0.25741295073886405,-0.04136410875939056,-0.2369348515700267,7777,10797,,92,19.15,False,False,False
xgb_trees,trees 10000,st,18,sex_female,hicov,0.0213776825624451,-0.010105788707733154,0.03146237134933472,-0.006399869918823242,0.027756452560424805,7777,10797,,92,22.22,False,False,False
xgb_trees,trees 10000,st,18,race_bw,pincp,-0.2081506916689495,-0.09486762589582476,-0.11263707085865171,-0.13927344369149885,-0.06823125306297761,952,16842,,91,20.0,False,False,False
xgb_trees,trees 10000,st,18,race_bw,hicov,-0.02568159433349404,-0.025239884853363037,-0.000735163688659668,-0.026671767234802246,0.000696718692779541,952,16842,,91,21.59,False,True,True
xgb_trees,trees 10000,st,18,immigrant,pincp,-0.06084523232568806,-0.015463047253744477,-0.04535669684679888,0.00904426993503904,-0.0698640140355824,902,17672,,92,19.37,True,False,True
xgb_trees,trees 10000,st,18,immigrant,hicov,-0.12342297535078728,-0.05956906080245972,-0.0639238953590393,-0.02544403076171875,-0.09804892539978027,902,17672,,92,21.21,False,False,False
xgb_trees,trees 10000,st,19,sex_female,pincp,-0.2736595145704044,-0.007611930230146058,-0.2667797492936099,-0.01335288111322086,-0.2610387984105351,4140,5444,,91,11.45,False,False,False
xgb_trees,trees 10000,st,19,sex_female,hicov,0.016002371089743006,-0.0030407309532165527,0.01908254623413086,5.960464477539062e-07,0.016041219234466553,4140,5444,,91,13.06,True,False,True
xgb_trees,trees 10000,st,19,race_bw,pincp,-0.24415269307218423,0.012999982444084068,-0.2577948774054626,-0.06813861011360345,-0.17665628484777507,111,9195,,90,10.37,True,False,True
xgb_trees,trees 10000,st,19,race_bw,hicov,-0.03685316638008318,0.0013430118560791016,-0.038816213607788086,-0.03576415777206421,-0.0017090439796447754,111,9195,,90,11.18,True,False,True
xgb_trees,trees 10000,st,19,immigrant,pincp,-0.17885441342499675,-0.0749633984969389,-0.10387705560244775,-0.0727330847245824,-0.10610736937480425,337,9247,,91,10.97,False,False,False
xgb_trees,trees 10000,st,19,immigrant,hicov,-0.09074592802413417,-0.048917293548583984,-0.042150259017944336,-0.0120391845703125,-0.07902836799621582,337,9247,,91,12.18,False,False,False
xgb_trees,trees 10000,st,2,sex_female,pincp,-0.2467624061895748,0.004647539688201974,-0.2509815416704324,-0.051803862945012824,-0.1945301390372176,633,751,,78,3.76,True,False,True
xgb_trees,trees 10000,st,2,sex_female,hicov,0.016433065549251835,-0.03915715217590332,0.056081950664520264,0.027623414993286133,-0.01069861650466919,633,751,,78,4.02,True,True,True
xgb_trees,trees 10000,st,2,immigrant,pincp,-0.4029133360731656,-0.27891343559554294,-0.12374158693928905,-0.07317220453945694,-0.32948281799537504,138,1246,,78,3.65,False,False,False
xgb_trees,trees 10000,st,2,immigrant,hicov,-0.051969199990694825,-0.05227845907211304,-0.00011616945266723633,-0.05217599868774414,-0.0002186298370361328,138,1246,,78,3.83,False,False,False
xgb_trees,trees 10000,st,20,sex_female,pincp,-0.2804944645361651,-0.008257521344736674,-0.2730420445884221,-0.010729243012002954,-0.2705703229211558,3580,4753,,92,9.09,False,False,False
xgb_trees,trees 10000,st,20,sex_female,hicov,0.028491913957312542,-0.00690990686416626,0.03547900915145874,0.011597156524658203,0.016971945762634277,3580,4753,,92,10.93,True,False,True
xgb_trees,trees 10000,st,20,race_bw,pincp,-0.17290278528006198,-0.142496497303652,-0.03065065791013133,-0.11602098012469675,-0.05712617508908657,235,7590,,91,9.23,False,False,False
xgb_trees,trees 10000,st,20,race_bw,hicov,-0.07053233537969883,-0.0096169114112854,-0.060411691665649414,-0.0087127685546875,-0.061315834522247314,235,7590,,91,10.14,False,False,False
xgb_trees,trees 10000,st,20,immigrant,pincp,-0.16134057531916035,-0.10909376359775003,-0.0524946156114634,-0.07708641462639854,-0.08450196458281489,556,7777,,92,8.96,False,False,False
xgb_trees,trees 10000,st,20,immigrant,hicov,-0.12007737258823514,-0.03673475980758667,-0.08347856998443604,-0.038804590702056885,-0.08140873908996582,556,7777,,92,10.46,False,False,False
xgb_trees,trees 10000,st,21,sex_female,pincp,-0.27344839490346473,-0.013127895277081691,-0.2607450233956783,-0.033116134796134844,-0.24075678387662514,5168,6566,,92,11.6,False,False,False
xgb_trees,trees 10000,st,21,sex_female,hicov,0.018908447118046068,-0.004352986812591553,0.023161768913269043,0.004255950450897217,0.014552831649780273,5168,6566,,92,13.73,True,False,True
xgb_trees,trees 10000,st,21,race_bw,pincp,-0.26856783080580726,-0.16496968154611835,-0.10409005133660365,-0.14850303860432845,-0.12055669427839355,647,10738,,91,11.79,False,False,False
xgb_trees,trees 10000,st,21,immigrant,pincp,-0.07145706307004751,0.0010198682230910805,-0.07259197819696439,0.007446199972937606,-0.07901830994681092,445,11289,,92,11.46,False,False,False
xgb_trees,trees 10000,st,21,immigrant,hicov,-0.12914371253313106,-0.06421434879302979,-0.06454437971115112,-0.01492762565612793,-0.11383110284805298,445,11289,,92,13.15,False,False,False
xgb_trees,trees 10000,st,22,sex_female,pincp,-0.3786737215261695,-0.060481668718029624,-0.31853370205745435,-0.10971727597613778,-0.2692980947993462,5065,5961,,92,11.15,False,False,False
xgb_trees,trees 10000,st,22,sex_female,hicov,0.02384849994857985,-0.00011664628982543945,0.024573147296905518,0.00812441110610962,0.01633208990097046,5065,5961,,92,12.66,True,False,True
xgb_trees,trees 10000,st,22,race_bw,pincp,-0.3835029925119162,-0.19360273834237418,-0.19023425686605933,-0.1824289142923501,-0.20140808091608342,2477,8026,,91,11.2,False,False,False
xgb_trees,trees 10000,st,22,race_bw,hicov,-0.029161130645144806,-0.033074378967285156,0.0038722753524780273,-0.037681758403778076,0.008479654788970947,2477,8026,,91,12.79,False,False,False
xgb_trees,trees 10000,st,22,immigrant,pincp,-0.12196761308323723,-0.06536686303910777,-0.056307728408599544,-0.009878627576394905,-0.11179596387131241,503,10523,,92,11.4,False,False,False
xgb_trees,trees 10000,st,22,immigrant,hicov,-0.16816652116191944,-0.11311256885528564,-0.054845213890075684,-0.056831955909729004,-0.11112582683563232,503,10523,,92,12.48,False,False,False
xgb_trees,trees 10000,st,23,sex_female,pincp,-0.19825235908339245,-0.015508485907716363,-0.18241908812303365,-0.010429420104340892,-0.18749815392640912,1463,1847,,89,5.42,False,False,False
xgb_trees,trees 10000,st,23,sex_female,hicov,0.02401966426130797,0.024550318717956543,-0.0006268024444580078,0.004066050052642822,0.019857466220855713,1463,1847,,89,6.21,False,True,True
xgb_trees,trees 10000,st,23,immigrant,pincp,0.01777096885950158,-0.13785973116512018,0.15205196729136006,0.03534053814893312,-0.021148302022693244,103,3207,,89,5.41,True,True,True
xgb_trees,trees 10000,st,23,immigrant,hicov,0.013819890349084707,0.010106503963470459,0.004656434059143066,-0.015011966228485107,0.029774904251098633,103,3207,,89,5.96,True,False,True
xgb_trees,trees 10000,st,24,sex_female,pincp,-0.21181734877639613,-0.026506730000923184,-0.18571054937782172,-0.03283849775415604,-0.17937878162458887,8713,10246,,92,17.27,False,False,False
xgb_trees,trees 10000,st,24,sex_female,hicov,0.020371533298194855,0.007672488689422607,0.012736141681671143,0.00907588005065918,0.01133275032043457,8713,10246,,92,20.13,False,False,False
xgb_trees,trees 10000,st,24,race_bw,pincp,-0.24287667447884864,-0.10512689236825778,-0.13762192636696646,-0.1434442558376361,-0.09930456289758816,4610,12209,,91,16.51,False,False,False
xgb_trees,trees 10000,st,24,immigrant,pincp,-0.15568432450642078,-0.07581302496507192,-0.07985212819864884,-0.039367886738707725,-0.11629726642501304,3231,15728,,92,17.05,False,False,False
xgb_trees,trees 10000,st,24,immigrant,hicov,-0.09323396376594617,-0.04195922613143921,-0.05138057470321655,-0.017936766147613525,-0.07540303468704224,3231,15728,,92,20.34,False,False,False
xgb_trees,trees 10000,st,25,sex_female,pincp,-0.24144678808740672,-0.022910517127620267,-0.21933034048565148,-0.07095965384426961,-0.17128120376900213,9062,11429,,92,18.68,False,False,False
xgb_trees,trees 10000,st,25,race_bw,pincp,-0.3719536144677207,-0.21826576964418898,-0.15362066529274365,-0.2486160772344661,-0.12327035770246653,1013,17304,,91,17.5,False,False,False
xgb_trees,trees 10000,st,25,race_bw,hicov,-0.02695569022038513,-0.024917960166931152,-0.0019636154174804688,-0.01289135217666626,-0.013990223407745361,1013,17304,,91,21.13,False,False,False
xgb_trees,trees 10000,st,25,immigrant,pincp,-0.14461822017134907,-0.08699433055133987,-0.057087913350644115,-0.09921285539098079,-0.044869388511003194,3687,16804,,92,18.67,False,False,False
xgb_trees,trees 10000,st,25,immigrant,hicov,-0.027022590162996685,-0.011110961437225342,-0.015983879566192627,-0.0042275190353393555,-0.022867321968078613,3687,16804,,92,22.63,False,False,False
xgb_trees,trees 10000,st,26,sex_female,pincp,-0.24651994082032935,-0.012023860993174651,-0.2339324366859561,-0.03303962190291543,-0.21291667577621531,10790,14934,,92,22.12,False,False,False
xgb_trees,trees 10000,st,26,sex_female,hicov,0.019076658955257342,-0.005154669284820557,0.02406907081604004,-0.0011203885078430176,0.0200347900390625,10790,14934,,92,25.42,False,False,False
xgb_trees,trees 10000,st,26,race_bw,pincp,-0.2167167997666084,-0.08264082563021624,-0.13289901324855258,-0.11662718795179039,-0.09891265092697843,1695,22671,,91,22.24,False,False,False
xgb_trees,trees 10000,st,26,race_bw,hicov,-0.01643165823712256,-0.02890145778656006,0.012606978416442871,-0.018448352813720703,0.0021538734436035156,1695,22671,,91,24.9,False,False,False
xgb_trees,trees 10000,st,26,immigrant,pincp,0.11652478612974271,0.11693406682357654,-0.001323554483480649,0.13952274626928762,-0.02391223392919173,1631,24093,,92,21.88,False,False,False
xgb_trees,trees 10000,st,26,immigrant,hicov,-0.03729620884818308,0.012757956981658936,-0.050209641456604004,0.0015591979026794434,-0.03901088237762451,1631,24093,,92,24.82,False,False,False
xgb_trees,trees 10000,st,27,sex_female,pincp,-0.22993728022987447,-0.0017307273112781019,-0.22787606346247102,-0.0074315445772139554,-0.22217524619653517,7010,9668,,92,15.12,False,False,False
xgb_trees,trees 10000,st,27,sex_female,hicov,0.017500090006769664,-0.0004642605781555176,0.018078625202178955,0.0047724246978759766,0.012841939926147461,7010,9668,,92,17.93,True,False,True
xgb_trees,trees 10000,st,27,race_bw,pincp,-0.270576940371841,-0.25151776646029056,-0.01794484712126554,-0.10143241837641348,-0.16803019520514262,307,15438,,91,15.56,False,False,False
xgb_trees,trees 10000,st,27,race_bw,hicov,-0.05278400562426233,-0.05833548307418823,0.005751967430114746,-0.042114317417144775,-0.010469198226928711,307,15438,,91,17.24,False,True,True
xgb_trees,trees 10000,st,27,immigrant,pincp,-0.13052885294286476,-0.05849108071515019,-0.07245325900492716,-0.035298761202607665,-0.09564557851746969,860,15818,,92,15.38,False,False,False
xgb_trees,trees 10000,st,27,immigrant,hicov,-0.07335990496549405,9.47713851928711e-05,-0.07338124513626099,-0.022307515144348145,-0.05097895860671997,860,15818,,92,17.38,True,False,True
xgb_trees,trees 10000,st,28,sex_female,pincp,-0.31134078456686076,-0.011206894036467574,-0.29954495015790883,-0.04063042269615913,-0.2701214214982173,3262,3776,,92,7.99,False,False,False
xgb_trees,trees 10000,st,28,sex_female,hicov,0.03289857397458151,-0.0035237669944763184,0.03605121374130249,0.0157049298286438,0.016822516918182373,3262,3776,,92,9.18,True,False,True
xgb_trees,trees 10000,st,28,race_bw,pincp,-0.3900275817952199,-0.14256888852192873,-0.24790945518750007,-0.14234608672880178,-0.24813225698062702,2102,4731,,91,8.54,False,False,False
xgb_trees,trees 10000,st,28,race_bw,hicov,-0.022910712407444356,-0.0373234748840332,0.014726996421813965,-0.04420346021652222,0.02160698175430298,2102,4731,,91,9.22,False,False,False
xgb_trees,trees 10000,st,28,immigrant,pincp,-0.13604796160766774,0.07745065878656021,-0.21628007528154924,-0.08237783598315929,-0.056451580511829746,189,6849,,92,8.14,True,False,True
xgb_trees,trees 10000,st,28,immigrant,hicov,-0.20993679994994052,-0.11914080381393433,-0.09002429246902466,-0.03927212953567505,-0.16989296674728394,189,6849,,92,8.92,False,False,False
xgb_trees,trees 10000,st,29,sex_female,pincp,-0.27515273629759385,-0.018673386236468303,-0.2567672980590743,-0.03143928294810827,-0.2440014013474343,7601,9533,,92,15.2,False,False,False
xgb_trees,trees 10000,st,29,sex_female,hicov,0.01863879096443022,-0.007188141345977783,0.02571803331375122,-0.0010287761688232422,0.01955866813659668,7601,9533,,92,17.25,False,False,False
xgb_trees,trees 10000,st,29,race_bw,pincp,-0.1991943295278631,-0.1048071954739811,-0.09331360564851998,-0.1266949000056492,-0.07142590111685188,1153,15279,,91,15.4,False,False,False
xgb_trees,trees 10000,st,29,immigrant,hicov,-0.07705422012447072,-0.03675037622451782,-0.04044228792190552,-0.01662379503250122,-0.06056886911392212,742,16392,,92,17.1,False,False,False
xgb_trees,trees 10000,st,30,sex_female,pincp,-0.28979446174989043,0.03464341980750696,-0.3238730623915398,-0.014278343552458495,-0.27495129903157434,1065,1480,,90,4.59,True,False,True
xgb_trees,trees 10000,st,31,sex_female,pincp,-0.281439103191774,0.009873380595234238,-0.2903699279904153,-0.03222938310418755,-0.2482671642909935,2516,3334,,92,7.17,True,False,True
xgb_trees,trees 10000,st,31,race_bw,pincp,-0.2017146058405448,-0.07444774543508537,-0.1266070616541981,-0.11973091095368105,-0.08132389613560242,119,5464,,91,7.22,False,False,False
xgb_trees,trees 10000,st,31,race_bw,hicov,-0.06312363891383777,0.0008577108383178711,-0.0636562705039978,-0.029840528964996338,-0.032958030700683594,119,5464,,91,7.77,True,False,True
xgb_trees,trees 10000,st,31,immigrant,pincp,-0.30890042652009875,-0.08577750739408785,-0.22320660008162818,-0.1598500882373486,-0.14913401923836744,283,5567,,92,7.09,False,False,False
xgb_trees,trees 10000,st,31,immigrant,hicov,-0.1141031101372868,-0.03767848014831543,-0.07620173692703247,-0.03232616186141968,-0.08155405521392822,283,5567,,92,7.99,False,False,False
xgb_trees,trees 10000,st,32,sex_female,pincp,-0.22430918693346769,0.020123898778047433,-0.24502297892373015,-0.0266071241257535,-0.19829195601992922,3203,4225,,91,8.72,True,False,True
xgb_trees,trees 10000,st,32,sex_female,hicov,0.04386575455333108,0.0005161166191101074,0.043217241764068604,0.008077859878540039,0.03565549850463867,3203,4225,,91,9.86,False,False,False
xgb_trees,trees 10000,st,32,race_bw,pincp,-0.22144703617116335,-0.10205592557253595,-0.11910303958083723,-0.11621942930651308,-0.10493953584686011,508,5229,,90,6.96,False,False,False
xgb_trees,trees 10000,st,32,race_bw,hicov,0.01350433605437873,-0.02998882532119751,0.04319697618484497,0.0014753341674804688,0.011732816696166992,508,5229,,90,7.82,True,False,True
xgb_trees,trees 10000,st,32,immigrant,pincp,-0.30383233352831596,-0.14221288516345254,-0.161234575522899,-0.1608526805183903,-0.14259478016796123,1872,5556,,91,8.87,False,False,False
xgb_trees,trees 10000,st,32,immigrant,hicov,-0.1171244761957504,-0.052482783794403076,-0.06437903642654419,-0.029594898223876953,-0.08726692199707031,1872,5556,,91,10.21,False,False,False
xgb_trees,trees 10000,st,33,sex_female,pincp,-0.2749833742141927,-0.022988196569530217,-0.2518305113774737,-0.0087042833623876,-0.2661144245846163,1775,2482,,92,6.1,False,False,False
xgb_trees,trees 10000,st,33,sex_female,hicov,0.02131947202959905,-0.009272158145904541,0.031009972095489502,0.008920609951019287,0.012817203998565674,1775,2482,,92,7.13,True,False,True
xgb_trees,trees 10000,st,33,immigrant,pincp,-0.01960434517791043,0.0159201889719931,-0.03587651747978171,0.17297396020999045,-0.19293028871777906,213,4044,,92,5.98,False,False,False
xgb_trees,trees 10000,st,34,sex_female,pincp,-0.27959417182269064,-0.02355743882375272,-0.25612392873439305,-0.0663568372711616,-0.21332453028698417,11310,14947,,92,22.41,False,False,False
xgb_trees,trees 10000,st,34,sex_female,hicov,0.026453037100081955,0.0007185935974121094,0.02579587697982788,0.002590477466583252,0.02392399311065674,11310,14947,,92,25.88,False,False,False
xgb_trees,trees 10000,st,34,race_bw,pincp,-0.3485279411658162,-0.14990040416408057,-0.19918434593314238,-0.2043899636361921,-0.14469478646103084,2450,19368,,91,19.96,False,False,False
xgb_trees,trees 10000,st,34,immigrant,pincp,-0.18133677494972034,-0.07602765247362342,-0.10537755295181306,-0.08473729544112452,-0.09666790998431196,6979,19278,,92,22.52,False,False,False
xgb_trees,trees 10000,st,34,immigrant,hicov,-0.1122939833089891,-0.046657681465148926,-0.06568551063537598,-0.020888030529022217,-0.09145516157150269,6979,19278,,92,25.69,False,False,False
xgb_trees,trees 10000,st,35,sex_female,pincp,-0.19025334313377584,0.0007653564823524306,-0.19102706068264474,-0.07031465007290194,-0.11994705412739037,2064,2495,,90,6.42,True,False,True
xgb_trees,trees 10000,st,35,sex_female,hicov,0.027719392272917864,-0.01583927869796753,0.043373167514801025,0.02342987060546875,0.004104018211364746,2064,2495,,90,7.27,True,False,True
xgb_trees,trees 10000,st,35,race_bw,pincp,-0.15214511430401068,-0.15121940967978809,-0.0008100642293111804,0.015791100723232532,-0.1678205746323318,67,3264,,88,5.69,True,False,True
xgb_trees,trees 10000,st,35,immigrant,pincp,-0.22003643556194064,-0.09676838436864621,-0.12238553197883739,-0.06928759034625642,-0.14986632600122718,490,4069,,90,6.4,False,False,False
xgb_trees,trees 10000,st,35,immigrant,hicov,-0.16557044051338898,-0.09158682823181152,-0.07421493530273438,-0.03530442714691162,-0.13049733638763428,490,4069,,90,7.1,False,False,False
xgb_trees,trees 10000,st,36,sex_female,pincp,-0.2004874804493344,0.015458918543306055,-0.21608105173060288,-0.01609124323441158,-0.18453088995288525,24821,30289,,92,44.64,True,False,True
xgb_trees,trees 10000,st,36,sex_female,hicov,0.03008149330087584,0.007155358791351318,0.022829830646514893,0.013947725296020508,0.016037464141845703,24821,30289,,92,49.88,False,False,False
xgb_trees,trees 10000,st,36,race_bw,pincp,-0.27242488117953023,-0.13592534445646542,-0.1366758554824159,-0.18432174982122795,-0.08827945011765337,6432,39884,,91,40.09,False,False,False
xgb_trees,trees 10000,st,36,race_bw,hicov,-0.021661153788773424,-0.01730412244796753,-0.004415929317474365,-0.02728980779647827,0.005569756031036377,6432,39884,,91,44.17,False,True,True
xgb_trees,trees 10000,st,36,immigrant,pincp,-0.16921449805576216,-0.1584730455814487,-0.010197635498377267,-0.10875268847950359,-0.05991799260032238,13520,41590,,92,44.7,False,False,False
xgb_trees,trees 10000,st,36,immigrant,hicov,-0.08273276675236285,-0.02761179208755493,-0.05514413118362427,-0.02020859718322754,-0.06254732608795166,13520,41590,,92,49.35,False,False,False
xgb_trees,trees 10000,st,37,sex_female,pincp,-0.2513797037125798,-0.028487059744222165,-0.22272593589737788,-0.04817438035631305,-0.203038615285287,11762,14924,,92,22.21,False,False,False
xgb_trees,trees 10000,st,37,sex_female,hicov,0.026121671345438635,0.0018603205680847168,0.024315595626831055,0.013905584812164307,0.012270331382751465,11762,14924,,92,26.52,False,False,False
xgb_trees,trees 10000,st,37,race_bw,pincp,-0.3428412819155735,-0.12666450839340904,-0.21633831145572913,-0.15542050481114522,-0.18758231503799294,4251,20487,,91,23.27,False,False,False
xgb_trees,trees 10000,st,37,race_bw,hicov,-0.020227158183069305,-0.024389207363128662,0.0041124820709228516,-0.01831221580505371,-0.0019645094871520996,4251,20487,,91,25.63,False,True,True
xgb_trees,trees 10000,st,37,immigrant,pincp,-0.10334814145842763,-0.06491913462665266,-0.0383493680577871,-0.024270157213164723,-0.07899834547127504,2369,24317,,92,23.82,False,False,False
xgb_trees,trees 10000,st,37,immigrant,hicov,-0.16151536030195512,-0.10156446695327759,-0.059950411319732666,-0.05238938331604004,-0.10912549495697021,2369,24317,,92,26.46,False,False,False
xgb_trees,trees 10000,st,38,sex_female,pincp,-0.40017355186717296,-0.050475720124785184,-0.3504667443744207,-0.021417984757571062,-0.37952447974163483,943,1416,,88,4.57,False,False,False
xgb_trees,trees 10000,st,38,sex_female,hicov,0.016556727836991025,-0.016821682453155518,0.03293853998184204,0.014964103698730469,0.0011527538299560547,943,1416,,88,6.46,True,False,True
xgb_trees,trees 10000,st,38,immigrant,pincp,-0.05300269840215499,-0.2525660399705494,0.20035333367126285,-0.06925266007198871,0.017039953772702177,67,2292,,88,4.8,False,False,False
xgb_trees,trees 10000,st,38,immigrant,hicov,-0.01301737386366586,0.020720243453979492,-0.03203427791595459,-0.00028204917907714844,-0.01103198528289795,67,2292,,88,5.04,True,False,True
xgb_trees,trees 10000,st,39,sex_female,pincp,-0.26401311233596125,-0.02092618420105552,-0.24308961745264313,-0.04139796304346888,-0.22261783861022977,14095,18698,,92,27.67,False,False,False
xgb_trees,trees 10000,st,39,sex_female,hicov,0.017501789330388817,-0.004033327102661133,0.021705150604248047,-0.003887355327606201,0.021559178829193115,14095,18698,,92,31.0,False,False,False
xgb_trees,trees 10000,st,39,race_bw,pincp,-0.24536897415986836,-0.10661363615725783,-0.1391002474030465,-0.12801171084981,-0.11770217271049432,2358,29190,,91,28.07,False,False,False
xgb_trees,trees 10000,st,39,race_bw,hicov,-0.01722050930684027,-0.0201646089553833,0.0031090378761291504,-0.01895362138748169,0.001898050308227539,2358,29190,,91,30.7,False,False,False
xgb_trees,trees 10000,st,39,immigrant,pincp,0.048812748806545514,0.06608711772391374,-0.018657858601835997,0.11122470898220627,-0.06379544986012853,1377,31416,,92,27.32,False,False,False
xgb_trees,trees 10000,st,39,immigrant,hicov,-0.04787251600977094,4.8220157623291016e-05,-0.04765886068344116,-0.006509184837341309,-0.04110145568847656,1377,31416,,92,30.25,True,False,True
xgb_trees,trees 10000,st,4,sex_female,pincp,-0.23532286018952853,-0.029399912001736084,-0.20595589094587474,-0.06225291658613408,-0.17310288636147675,7274,9525,,92,15.45,False,False,False
xgb_trees,trees 10000,st,4,sex_female,hicov,0.028002182295263744,-0.005444049835205078,0.033548593521118164,0.01411503553390503,0.013989508152008057,7274,9525,,92,17.72,True,False,True
xgb_trees,trees 10000,st,4,race_bw,pincp,-0.23746491036643214,-0.1117365101941914,-0.12464392593179063,-0.08456195678533085,-0.15181847934065118,580,13266,,91,13.85,False,False,False
xgb_trees,trees 10000,st,4,immigrant,pincp,-0.22653950430917114,-0.09834822409206545,-0.12836377345999672,-0.10815576099635571,-0.11855623655570646,2617,14182,,92,15.53,False,False,False
xgb_trees,trees 10000,st,4,immigrant,hicov,-0.12441581133134316,-0.05618208646774292,-0.06780833005905151,-0.041927218437194824,-0.08206319808959961,2617,14182,,92,17.63,False,False,False
xgb_trees,trees 10000,st,40,sex_female,pincp,-0.29664627375391106,-0.023122064584137902,-0.27355763084664275,-0.02294732898960916,-0.2737323664411715,4029,5523,,92,10.34,False,False,False
xgb_trees,trees 10000,st,40,sex_female,hicov,0.0268521712963955,-0.004647314548492432,0.03164041042327881,0.030354082584381104,-0.0033609867095947266,4029,5523,,92,11.75,True,True,True
xgb_trees,trees 10000,st,40,race_bw,pincp,-0.2351882977597448,-0.07578766371789492,-0.1610436978456793,-0.12333018271948148,-0.11350117884409272,446,7317,,91,9.27,False,False,False
xgb_trees,trees 10000,st,40,immigrant,pincp,-0.21193833439191856,-0.057532306604619166,-0.15513900684324433,-0.07494817972949619,-0.1377231337183673,556,8996,,92,10.17,False,False,False
xgb_trees,trees 10000,st,40,immigrant,hicov,-0.21967477152115567,-0.0844760537147522,-0.13477683067321777,-0.1017676591873169,-0.11748522520065308,556,8996,,92,11.1,False,False,False
xgb_trees,trees 10000,st,41,sex_female,pincp,-0.2149141704901094,-0.015433195694468438,-0.19887044362903694,-0.022462438550823194,-0.19184120077268219,4421,6132,,91,11.01,False,False,False
xgb_trees,trees 10000,st,41,sex_female,hicov,0.019092850303944253,0.0020385384559631348,0.016899943351745605,0.00931483507156372,0.00962364673614502,4421,6132,,91,12.62,False,False,False
xgb_trees,trees 10000,st,41,race_bw,pincp,-0.25634392603690337,-0.01763044591006313,-0.23838580227927686,-0.06315178647981412,-0.19286446170952587,131,9171,,90,9.57,False,False,False
xgb_trees,trees 10000,st,41,race_bw,hicov,0.014280827134320662,-0.008283495903015137,0.021514832973480225,0.0010152459144592285,0.01221609115600586,131,9171,,90,10.23,True,False,True
xgb_trees,trees 10000,st,41,immigrant,pincp,-0.14781387524339173,-0.07173670873209659,-0.07612777608963128,-0.037918079517103465,-0.1099464053046244,1186,9367,,91,11.15,False,False,False
xgb_trees,trees 10000,st,41,immigrant,hicov,-0.06071924489673575,-0.039092957973480225,-0.021632671356201172,-0.024800002574920654,-0.03592562675476074,1186,9367,,91,12.38,False,False,False
xgb_trees,trees 10000,st,42,sex_female,pincp,-0.2608191999909497,-0.006654429410712481,-0.2544017958989073,-0.03798063909926874,-0.22307558621035106,15681,20483,,92,29.46,False,False,False
xgb_trees,trees 10000,st,42,sex_female,hicov,0.02210470837581824,-0.005357027053833008,0.02736419439315796,0.0011730790138244629,0.02083408832550049,15681,20483,,92,33.88,True,False,True
xgb_trees,trees 10000,st,42,race_bw,pincp,-0.18461695160788594,-0.10745995990418855,-0.07717265277301344,-0.12906285003088946,-0.055569762646312526,1775,32726,,91,29.7,False,False,False
xgb_trees,trees 10000,st,42,race_bw,hicov,-0.02623379954603866,-0.028413832187652588,0.002357184886932373,-0.007826924324035645,-0.01822972297668457,1775,32726,,91,32.56,False,True,True
xgb_trees,trees 10000,st,42,immigrant,pincp,0.01895036834457109,-0.016688644990512813,0.036179156415203195,0.05355220860015386,-0.03406169717546348,2085,34079,,92,29.35,True,True,True
xgb_trees,trees 10000,st,42,immigrant,hicov,-0.05231362901110781,-0.01918661594390869,-0.03293490409851074,-0.0067348480224609375,-0.045386672019958496,2085,34079,,92,33.39,False,False,False
xgb_trees,trees 10000,st,44,sex_female,pincp,-0.2343378528442699,0.03218286790469982,-0.2674379701292242,0.052712942042129285,-0.2879680442666537,1329,1569,,88,5.07,False,False,False
xgb_trees,trees 10000,st,44,sex_female,hicov,0.019553510668755658,-0.008364737033843994,0.0280572772026062,-0.010508418083190918,0.030200958251953125,1329,1569,,88,5.78,False,False,False
xgb_trees,trees 10000,st,44,race_bw,pincp,-0.2926052160795276,-0.06076624806068409,-0.23329561813688215,-0.13565095649833658,-0.15841090969922966,123,2515,,87,4.57,False,False,False
xgb_trees,trees 10000,st,44,immigrant,pincp,-0.24674267801177407,-0.20102037932808514,-0.04520529251568561,-0.13147347293032752,-0.11475219891344324,463,2435,,88,4.97,False,False,False
xgb_trees,trees 10000,st,44,immigrant,hicov,-0.05373667847845276,-0.03885543346405029,-0.015012383460998535,-0.00632631778717041,-0.04754149913787842,463,2435,,88,5.72,False,False,False
xgb_trees,trees 10000,st,45,sex_female,pincp,-0.2785360372270027,-0.0583760691552353,-0.21988657459328564,-0.06314569043916052,-0.21511695330936043,5691,7032,,92,12.21,False,False,False
xgb_trees,trees 10000,st,45,sex_female,hicov,0.032366685197812495,-0.00077056884765625,0.03289520740509033,0.006133615970611572,0.02599102258682251,5691,7032,,92,14.14,True,False,True
xgb_trees,trees 10000,st,45,race_bw,pincp,-0.3830184381611712,-0.1538661436818316,-0.22859886032700416,-0.16167505448738417,-0.2207899495214516,2541,9653,,91,12.53,False,False,False
xgb_trees,trees 10000,st,45,race_bw,hicov,-0.01027585594795033,-0.03374636173248291,0.023447394371032715,-0.02882087230682373,0.018521904945373535,2541,9653,,91,14.05,False,False,False
xgb_trees,trees 10000,st,45,immigrant,pincp,-0.08057504916947344,-0.08944990497068872,0.009179496638706652,-0.019088795996404784,-0.061181612335577285,654,12069,,92,12.44,False,True,True
xgb_trees,trees 10000,st,45,immigrant,hicov,-0.20226282970777365,-0.13085877895355225,-0.07151031494140625,-0.06266063451766968,-0.13970845937728882,654,12069,,92,13.97,False,False,False
xgb_trees,trees 10000,st,46,sex_female,pincp,-0.2908753073247148,-0.019245063805135132,-0.27306098950797875,-0.002719218163708348,-0.28958683514940553,1104,1489,,87,4.73,False,False,False
xgb_trees,trees 10000,st,46,sex_female,hicov,0.02619511684721776,-0.006584763526916504,0.03251224756240845,0.014399230480194092,0.011528253555297852,1104,1489,,87,5.29,True,False,True
xgb_trees,trees 10000,st,46,immigrant,pincp,-0.23296569506982934,0.024066966088938102,-0.257006173293048,-0.19000304314081617,-0.0429361640632937,77,2516,,87,4.72,True,False,True
xgb_trees,trees 10000,st,46,immigrant,hicov,-0.05143187496128676,-0.06757771968841553,0.014104127883911133,-0.17260098457336426,0.11912739276885986,77,2516,,87,5.11,False,False,False
xgb_trees,trees 10000,st,47,sex_female,pincp,-0.2515418813310255,-0.010425283337148983,-0.241018710517384,-0.016293373653937238,-0.23515062020059574,7731,9938,,92,17.22,False,False,False
xgb_trees,trees 10000,st,47,sex_female,hicov,0.03620466553737811,0.00671231746673584,0.029564857482910156,0.016901910305023193,0.019375264644622803,7731,9938,,92,19.68,False,False,False
xgb_trees,trees 10000,st,47,race_bw,pincp,-0.24291613774690468,-0.12560792378240748,-0.11677501181567429,-0.12837648400780388,-0.11400645159027789,2084,14855,,91,17.9,False,False,False
xgb_trees,trees 10000,st,47,race_bw,hicov,-0.019212108604546363,-0.02315998077392578,0.0035384297370910645,-0.020213186740875244,0.0005916357040405273,2084,14855,,91,19.65,False,False,False
xgb_trees,trees 10000,st,47,immigrant,pincp,-0.12017643285205182,-0.06410844809475158,-0.0565716083435408,-0.059314347152906066,-0.061365709285386316,982,16687,,92,17.42,False,False,False
xgb_trees,trees 10000,st,47,immigrant,hicov,-0.22928094933956544,-0.10990267992019653,-0.11913585662841797,-0.04518610239028931,-0.1838524341583252,982,16687,,92,19.11,False,False,False
xgb_trees,trees 10000,st,48,sex_female,pincp,-0.280056055773656,-0.032759321007375775,-0.24741622654690332,-0.04772573670219771,-0.23244981085208138,31110,42184,,92,60.18,False,False,False
xgb_trees,trees 10000,st,48,sex_female,hicov,0.05040712336269337,0.00024193525314331055,0.05022108554840088,0.02773118019104004,0.02273184061050415,31110,42184,,92,67.61,False,False,False
xgb_trees,trees 10000,st,48,race_bw,pincp,-0.2224747386930428,-0.07938755100425432,-0.14299254069272038,-0.1000638343271536,-0.1223162573698211,6632,57703,,91,57.17,False,False,False
xgb_trees,trees 10000,st,48,race_bw,hicov,0.020478520087899965,-0.0057201385498046875,0.026159942150115967,0.0010499358177185059,0.019389867782592773,6632,57703,,91,61.74,True,False,True
xgb_trees,trees 10000,st,48,immigrant,pincp,-0.24244797762234072,-0.09283693564200846,-0.14990451700522556,-0.09010758724733137,-0.15263386539990265,14045,59249,,92,61.28,False,False,False
xgb_trees,trees 10000,st,48,immigrant,hicov,-0.18640997892927536,-0.10496532917022705,-0.08152186870574951,-0.066611647605896,-0.11987555027008057,14045,59249,,92,66.21,False,False,False
xgb_trees,trees 10000,st,49,sex_female,pincp,-0.3688677720811935,-0.07848857038374035,-0.2904330870407321,-0.07525308410222742,-0.29366857332224505,2631,4858,,91,8.97,False,False,False
xgb_trees,trees 10000,st,49,sex_female,hicov,0.016111383121001355,-0.017842590808868408,0.033700644969940186,-0.013402760028839111,0.02926081418991089,2631,4858,,91,10.49,False,False,False
xgb_trees,trees 10000,st,49,race_bw,pincp,-0.3013406887576444,-0.41219344114537826,0.11207534391446572,-0.1375257038502884,-0.16259239338062415,54,6795,,90,7.97,False,True,True
xgb_trees,trees 10000,st,49,immigrant,pincp,-0.33821703312701956,-0.1893527466987841,-0.1488349265514639,-0.20197721193941476,-0.13621046131083325,677,6812,,91,9.17,False,False,False
xgb_trees,trees 10000,st,49,immigrant,hicov,-0.16394736545378696,-0.055722832679748535,-0.108670175075531,-0.07209813594818115,-0.09229487180709839,677,6812,,91,10.52,False,False,False
xgb_trees,trees 10000,st,5,sex_female,pincp,-0.2661997987464133,-0.01975312066611501,-0.24543609420506662,-0.016677767340947725,-0.2485114475302339,3295,4129,,92,8.53,False,False,False
xgb_trees,trees 10000,st,5,sex_female,hicov,0.0323388622831734,-0.0031110644340515137,0.03565746545791626,0.018340587615966797,0.01420581340789795,3295,4129,,92,10.08,True,False,True
xgb_trees,trees 10000,st,5,race_bw,pincp,-0.2823326565036659,-0.12586646681238456,-0.15634898863864422,-0.11815218727944732,-0.16406326817158146,802,6230,,91,8.57,False,False,False
xgb_trees,trees 10000,st,5,immigrant,pincp,-0.24308967053588226,-0.09638696548832826,-0.14680739763059947,-0.1031661534814301,-0.14002820963749762,391,7033,,92,8.65,False,False,False
xgb_trees,trees 10000,st,5,immigrant,hicov,-0.14289813131590456,-0.024728238582611084,-0.11869841814041138,-0.022741734981536865,-0.1206849217414856,391,7033,,92,10.04,False,False,False
xgb_trees,trees 10000,st,50,sex_female,pincp,-0.14022086869054817,0.03648773083499002,-0.1771247034406862,0.10126903788325237,-0.24190601048894855,852,1028,,86,4.53,False,False,False
xgb_trees,trees 10000,st,50,sex_female,hicov,0.029192013298989794,-0.010459721088409424,0.04010099172592163,0.011967778205871582,0.017673492431640625,852,1028,,86,5.01,True,False,True
xgb_trees,trees 10000,st,50,immigrant,pincp,0.08646994507348538,0.08685707816692201,9.66382983484948e-05,-0.005677389051506054,0.09263110551677656,61,1819,,86,4.16,True,False,True
xgb_trees,trees 10000,st,50,immigrant,hicov,-0.033039230706837674,0.02973330020904541,-0.06275933980941772,0.03281271457672119,-0.0658387541770935,61,1819,,86,4.85,False,False,False
xgb_trees,trees 10000,st,51,sex_female,pincp,-0.27302751178342,-0.07392749740839655,-0.1984830562367481,-0.08641167690863583,-0.18599887673650883,11165,13892,,92,23.46,False,False,False
xgb_trees,trees 10000,st,51,sex_female,hicov,0.018292008635743984,-0.006861329078674316,0.02504366636276245,0.0002200603485107422,0.017962276935577393,11165,13892,,92,26.2,True,False,True
xgb_trees,trees 10000,st,51,race_bw,pincp,-0.3105158451780081,-0.15886318697281432,-0.15122667462175876,-0.17105316731119302,-0.13903669428338006,3571,18633,,91,22.01,False,False,False
xgb_trees,trees 10000,st,51,race_bw,hicov,-0.012815493743969841,-0.025934696197509766,0.013108134269714355,-0.01730293035507202,0.004476368427276611,3571,18633,,91,24.34,False,False,False
xgb_trees,trees 10000,st,51,immigrant,pincp,-0.08827680242906055,-0.048892538753916526,-0.03920771106068521,-0.026567607807193028,-0.06153264200740871,3568,21489,,92,23.02,False,False,False
xgb_trees,trees 10000,st,51,immigrant,hicov,-0.08259353987972162,-0.037804484367370605,-0.04462915658950806,-0.010679543018341064,-0.0717540979385376,3568,21489,,92,25.84,False,False,False
xgb_trees,trees 10000,st,53,sex_female,pincp,-0.2748983811241228,-0.0541607908102133,-0.22066550289416043,-0.07073065216978414,-0.2040956415345896,8203,11854,,92,18.19,False,False,False
xgb_trees,trees 10000,st,53,sex_female,hicov,0.02300643443582484,-0.0018295645713806152,0.024853944778442383,0.006668150424957275,0.016356229782104492,8203,11854,,92,21.05,True,False,True
xgb_trees,trees 10000,st,53,race_bw,pincp,-0.2401969338879315,-0.09715403239783349,-0.14356557526200397,-0.09686276817727268,-0.14385683948256478,498,16076,,91,16.46,False,False,False
xgb_trees,trees 10000,st,53,immigrant,pincp,-0.06386455533668745,-0.03927255765616344,-0.024795514466738666,-0.036312313875015434,-0.027755758247886675,3142,16915,,92,18.02,False,False,False
xgb_trees,trees 10000,st,53,immigrant,hicov,-0.08703524361614123,-0.04647928476333618,-0.0402379035949707,-0.0083504319190979,-0.07836675643920898,3142,16915,,92,20.29,False,False,False
xgb_trees,trees 10000,st,54,sex_female,pincp,-0.2653994856022521,-0.008037020101861359,-0.2569015492476261,-0.0910530510051597,-0.17388551834432775,1870,2372,,91,7.49,False,False,False
xgb_trees,trees 10000,st,54,sex_female,hicov,0.019418618282818212,-0.005550384521484375,0.02478766441345215,0.012012779712677002,0.0072245001792907715,1870,2372,,91,8.25,True,False,True
xgb_trees,trees 10000,st,54,race_bw,pincp,-0.10287333642424024,-0.09219158966162233,-0.010504879770937947,-0.042138832970799456,-0.06055763646176082,95,4041,,90,7.0,False,False,False
xgb_trees,trees 10000,st,54,immigrant,pincp,0.09627748981801787,0.04329390559788493,0.05080063210912478,0.07362957835509576,0.020464959351913947,92,4150,,91,6.47,False,False,False
xgb_trees,trees 10000,st,54,immigrant,hicov,-0.03514929282346779,-0.037099599838256836,0.0016606450080871582,0.006805896759033203,-0.04224485158920288,92,4150,,91,6.54,True,True,True
xgb_trees,trees 10000,st,55,sex_female,pincp,-0.24014252727026175,0.002929455793857727,-0.24202489612815548,-0.003666055993909012,-0.23542938434038874,7379,10129,,92,14.82,True,False,True
xgb_trees,trees 10000,st,55,sex_female,hicov,0.020999134207080772,-0.004160165786743164,0.025142669677734375,0.006116211414337158,0.014866292476654053,7379,10129,,92,17.39,True,False,True
xgb_trees,trees 10000,st,55,race_bw,pincp,-0.23597190532807133,-0.07815242224602592,-0.1567947797805438,-0.10631119447718795,-0.12863600754938176,357,16436,,91,15.03,False,False,False
xgb_trees,trees 10000,st,55,race_bw,hicov,-0.03011085183647566,-0.03308236598968506,0.003028690814971924,-0.024183273315429688,-0.005870401859283447,357,16436,,91,16.61,False,True,True
xgb_trees,trees 10000,st,55,immigrant,pincp,-0.08377285580072602,-0.031003331200452067,-0.050505871814092274,-0.013529116679301012,-0.06798008633524333,662,16846,,92,14.74,False,False,False
xgb_trees,trees 10000,st,55,immigrant,hicov,-0.1264630042973257,-0.03199291229248047,-0.09474784135818481,-0.023451387882232666,-0.10328936576843262,662,16846,,92,16.43,False,False,False
xgb_trees,trees 10000,st,56,sex_female,pincp,-0.36346992208175166,-0.025304541782068313,-0.3383552599152768,-0.08018454197247316,-0.283475259724872,647,956,,85,3.58,False,False,False
xgb_trees,trees 10000,st,56,sex_female,hicov,0.03127243214579034,-0.024656295776367188,0.05599457025527954,0.0025212764739990234,0.02881699800491333,647,956,,85,4.01,True,False,True
xgb_trees,trees 10000,st,56,immigrant,pincp,-0.18877279319069018,-0.12983134703995702,-0.059738964764113334,-0.19293575366868154,0.003365441864611185,51,1552,,85,3.47,False,True,True
xgb_trees,trees 10000,st,56,immigrant,hicov,-0.07889882757226607,-0.07918870449066162,0.003046572208404541,-0.018975675106048584,-0.057166457176208496,51,1552,,85,3.73,False,True,True
xgb_trees,trees 10000,st,6,sex_female,pincp,-0.18146729971729947,0.0041613206733508434,-0.18567935043390804,-0.009301698216214405,-0.1722163315443428,41076,58207,,92,60.62,True,False,True
xgb_trees,trees 10000,st,6,sex_female,hicov,0.03384123084023194,0.0010359883308410645,0.032902419567108154,0.010209500789642334,0.023728907108306885,41076,58207,,92,65.84,False,False,False
xgb_trees,trees 10000,st,6,race_bw,pincp,-0.18246297664314604,-0.08701432442809143,-0.09473786383718696,-0.0866144881776929,-0.09513770008758549,4119,61748,,91,47.13,False,False,False
xgb_trees,trees 10000,st,6,race_bw,hicov,0.015345646834364346,0.013889729976654053,0.001301407814025879,0.010178029537200928,0.005013108253479004,4119,61748,,91,50.83,False,False,False
xgb_trees,trees 10000,st,6,immigrant,pincp,-0.26875090094567966,-0.13998587391795425,-0.1289764453642519,-0.12248081502097286,-0.1464815042612333,35042,64241,,92,59.77,False,False,False
xgb_trees,trees 10000,st,6,immigrant,hicov,-0.080050513778545,-0.041187822818756104,-0.038716256618499756,-0.020536720752716064,-0.059367358684539795,35042,64241,,92,64.54,False,False,False
xgb_trees,trees 10000,st,8,sex_female,pincp,-0.21981364393633918,-0.020869415411748804,-0.19950570052442274,-0.029141413544824246,-0.1912337023913473,6943,9596,,92,13.97,False,False,False
xgb_trees,trees 10000,st,8,sex_female,hicov,0.03742758652198985,0.0005380511283874512,0.03685373067855835,0.012978434562683105,0.024413347244262695,6943,9596,,92,16.45,False,False,False
xgb_trees,trees 10000,st,8,race_bw,pincp,-0.22475618247098517,-0.11042283708953526,-0.11484054237087982,-0.0719917778926007,-0.1532716015678144,402,14662,,91,13.77,False,False,False
xgb_trees,trees 10000,st,8,immigrant,pincp,-0.23250097022780913,-0.18372288455455532,-0.048796464101510395,-0.1479229246805147,-0.084596423975551,1649,14890,,92,14.4,False,False,False
xgb_trees,trees 10000,st,8,immigrant,hicov,-0.15452220671420613,-0.09068113565444946,-0.06412118673324585,-0.028185904026031494,-0.12661641836166382,1649,14890,,92,17.18,False,False,False
xgb_trees,trees 10000,st,9,sex_female,pincp,-0.32591543934684,-0.04624336696546827,-0.28021519372880377,-0.06829222317984751,-0.2581663375144245,4662,6012,,92,10.18,False,False,False
xgb_trees,trees 10000,st,9,sex_female,hicov,0.01643880835497602,-0.004082918167114258,0.020351529121398926,0.0020328164100646973,0.01423579454421997,4662,6012,,92,13.84,True,False,True
xgb_trees,trees 10000,st,9,race_bw,pincp,-0.4323223792453419,-0.09722033062747037,-0.3354132642838259,-0.2447356601299404,-0.18789793478135586,757,8886,,91,11.27,False,False,False
xgb_trees,trees 10000,st,9,race_bw,hicov,-0.02647716518436527,-0.029727399349212646,0.0030951499938964844,-0.02233368158340454,-0.004298567771911621,757,8886,,91,12.67,False,True,True
xgb_trees,trees 10000,st,9,immigrant,pincp,-0.12330295028208837,-0.09651699031507732,-0.02632658549778455,-0.08959255664626298,-0.033251019166598894,1722,8952,,92,11.32,False,False,False
xgb_trees,trees 10000,st,9,immigrant,hicov,-0.07303061157765922,-0.02544879913330078,-0.047701120376586914,-0.011063635349273682,-0.062086284160614014,1722,8952,,92,12.51,False,False,False
