setting,subset,n,difference,explained_menref,explained_womenref,unexplained_menref,unexplained_womenref,explained_flip,unexplained_flip,any_flip,error,arch,n_params
2,All Patients,3429,0.0078818040435458,0.0116039367660766,0.0080435724348436,-0.0037221327225307,-0.0001617683912978,False,False,False,,2,17
2,ICUType 1.0,490,0.0294939989088925,0.0257421021490674,0.014366959357243,0.003751896759825,0.0151270395516494,False,False,False,,2,17
2,ICUType 2.0,643,-0.000975689080413,-0.0040701221619505,0.0050829590984417,0.0030944330815375,-0.0060586481788547,True,True,True,,2,17
2,ICUType 3.0,1357,-0.0217764843549488,0.0113051113753724,-0.0078868055824302,-0.0330815957303213,-0.0138896787725186,True,False,True,,2,17
2,ICUType 4.0,939,0.0202084035501629,0.0261165381186767,0.0089703967767473,-0.0059081345685138,0.0112380067734155,False,True,True,,2,17
2,Age decile 0,374,0.046026807780653,0.0170128621837236,0.0178776766781893,0.0290139455969293,0.0281491311024636,False,False,False,,2,17
2,Age decile 1,344,0.0273634472301562,0.0290420061467743,0.0009573362848438,-0.0016785589166181,0.0264061109453124,False,True,True,,2,17
2,Age decile 2,347,0.0042864169770219,0.003245004433291,0.0025415281062958,0.0010414125437309,0.0017448888707261,False,False,False,,2,17
2,Age decile 3,325,0.0096292729898892,0.0154100350819861,-0.0213058894927122,-0.0057807620920968,0.0309351624826014,True,True,True,,2,17
2,Age decile 4,372,-0.0152359717577108,0.0062740536282836,-0.0008793402575459,-0.0215100253859945,-0.0143566315001649,True,False,True,,2,17
2,Age decile 5,344,-0.0250497851378262,0.0163576329989477,-0.0317174130513518,-0.0414074181367739,0.0066676279135256,True,True,True,,2,17
2,Age decile 6,397,-0.0004719207173194,0.0258162098978129,-0.0064869612722116,-0.0262881306151324,0.0060150405548921,True,True,True,,2,17
2,Age decile 7,247,0.0173747705218987,0.0326178211580674,0.0019607389764885,-0.0152430506361686,0.0154140315454102,False,True,True,,2,17
2,Age decile 8,354,-0.0216450216450216,0.0356570359696199,-0.0478044797978296,-0.0573020576146416,0.0261594581528079,True,True,True,,2,17
2,Age decile 9,325,-0.0771864301276066,0.0440082623011496,-0.0846062245569735,-0.1211946924287562,0.0074197944293668,True,True,True,,2,17
2,HR quartile 0,877,0.0371049136786188,0.0267881031709299,-0.0016769641187908,0.0103168105076889,0.0387818777974097,True,False,True,,2,17
2,HR quartile 1,917,-0.0169849537037037,0.0123057626682251,0.0104518467529799,-0.0292907163719288,-0.0274368004566836,False,False,False,,2,17
2,HR quartile 2,816,0.034861311019492,-2.493184818355698e-05,0.0031463611927612,0.0348862428676756,0.0317149498267308,True,False,True,,2,17
2,HR quartile 3,819,-0.0232600311906863,0.0194615495791541,-0.0177654885430851,-0.0427215807698404,-0.0054945426476011,True,False,True,,2,17
2,MAP quartile 0,877,-0.0141240285818599,0.011840727865444,-0.0099857927073445,-0.0259647564473039,-0.0041382358745153,True,False,True,,2,17
2,MAP quartile 1,840,0.02392179413456,0.0107224651374938,0.0074450758108038,0.0131993289970662,0.0164767183237562,False,False,False,,2,17
2,MAP quartile 2,866,0.0104058609958506,0.0132315447297239,0.0005702009667901,-0.0028256837338732,0.0098356600290605,False,True,True,,2,17
2,MAP quartile 3,846,0.0090927756430939,0.0211246488480714,0.0042691460233289,-0.0120318732049775,0.0048236296197649,False,True,True,,2,17
2,Temp quartile 0,902,0.0068727157158747,0.0153015332982752,-0.0109505651952451,-0.0084288175824004,0.0178232809111199,True,True,True,,2,17
2,Temp quartile 1,864,0.0305627470437901,0.0181643810660864,0.0125517731246392,0.0123983659777037,0.0180109739191509,False,False,False,,2,17
2,Temp quartile 2,838,-0.0036346905912123,0.004030612326749,0.0033067191416164,-0.0076653029179614,-0.0069414097328288,False,False,False,,2,17
2,Temp quartile 3,825,-0.0023612750885478,0.0041691101745907,-0.000763180488213,-0.0065303852631385,-0.0015980946003348,True,False,True,,2,17
2,Urine quartile 0,859,-0.0313289760348584,0.0096997625087853,-0.012400202427102,-0.0410287385436437,-0.0189287736077563,True,False,True,,2,17
2,Urine quartile 1,913,-0.0210526315789473,0.0120666025063759,0.0090726524098325,-0.0331192340853232,-0.0301252839887799,False,False,False,,2,17
2,Urine quartile 2,802,0.0149901230333403,0.0155348380869818,0.0065317075435098,-0.0005447150536414,0.0084584154898305,False,True,True,,2,17
2,Urine quartile 3,855,0.0601118199903958,0.0152247939520795,-0.0081511777121402,0.0448870260383162,0.068262997702536,True,False,True,,2,17
2,SAPS quartile 0,1025,0.0026756349262149,0.0012930118868828,0.0007156777042499,0.001382623039332,0.0019599572219649,False,False,False,,2,17
2,SAPS quartile 1,946,0.0452124666297511,0.008727958756562,0.0108244354397221,0.0364845078731891,0.0343880311900289,False,False,False,,2,17
2,SAPS quartile 2,660,0.0015384615384615,0.0108846819647999,-0.0155940685439327,-0.0093462204263383,0.0171325300823942,True,True,True,,2,17
2,SAPS quartile 3,798,-0.0389986891196934,0.0285797462088902,-0.0222311316970476,-0.0675784353285836,-0.0167675574226457,True,False,True,,2,17
2,HR > 100,945,-0.0351262896411669,0.0106418733827382,-0.018532047260672,-0.0457681630239052,-0.0165942423804949,True,False,True,,2,17
2,MAP < 65,697,-0.0279136809159047,0.020849947175598,-0.0256080464515262,-0.0487636280915028,-0.0023056344643785,True,False,True,,2,17
2,Temp > 38C,267,-0.0430204913392958,0.019243525494702,-0.0237007536769958,-0.0622640168339978,-0.0193197376622999,True,False,True,,2,17
2,Urine > 1000,210,0.0458952811893988,0.0207604591681041,-0.0026954384261863,0.0251348220212947,0.0485907196155851,True,False,True,,2,17
2,Random 50% #1,1714,0.0148182289884191,0.0087745642893392,0.0018881064302542,0.0060436646990799,0.0129301225581649,False,False,False,,2,17
2,Random 50% #2,1714,0.0038708396744524,0.0115448681223613,0.0016161679797807,-0.0076740284479088,0.0022546716946717,False,True,True,,2,17
2,Random 50% #3,1714,0.0221853388658367,0.0131745802618615,0.0040442316069848,0.0090107586039752,0.0181411072588519,False,False,False,,2,17
2,Random 50% #4,1714,0.0209444740819774,0.0114927296091139,0.0028395159992856,0.0094517444728634,0.0181049580826918,False,False,False,,2,17
2,Random 50% #5,1714,0.025145147627017,0.010672432037825,0.0031118212656428,0.014472715589192,0.0220333263613742,False,False,False,,2,17
2,Random 50% #6,1714,-0.0032358828377694,0.0085647219066145,0.0048137204857156,-0.011800604744384,-0.008049603323485,False,False,False,,2,17
2,Random 50% #7,1714,0.0203886964648963,0.0133844932259189,0.0047740938264282,0.0070042032389773,0.0156146026384681,False,False,False,,2,17
2,Random 50% #8,1714,-0.0080211409064465,0.0137621755688752,0.0093080314452467,-0.0217833164753217,-0.0173291723516933,False,False,False,,2,17
2,Random 50% #9,1714,-0.0018808498325041,0.0119886779037368,0.0028481916259735,-0.013869527736241,-0.0047290414584777,False,False,False,,2,17
2,Random 50% #10,1714,0.0032849222618878,0.0118218891054425,0.0032593014976623,-0.0085369668435547,2.562076422549242e-05,False,True,True,,2,17
2,Random 50% #11,1714,0.0064028840624585,0.0106232508806577,0.0080264648616057,-0.0042203668181991,-0.0016235807991472,False,False,False,,2,17
2,Random 50% #12,1714,-0.0033234372422892,0.0137801866817806,0.0031446251519283,-0.0171036239240699,-0.0064680623942176,False,False,False,,2,17
2,Random 50% #13,1714,0.0032517955657333,0.0116059060094329,0.0048296477307639,-0.0083541104436996,-0.0015778521650306,False,False,False,,2,17
2,Random 50% #14,1714,0.0062157191184681,0.0078888024983816,0.0089145708549995,-0.0016730833799134,-0.0026988517365313,False,False,False,,2,17
2,Random 50% #15,1714,0.0026854501430772,0.0131368386466784,0.0055787158420253,-0.0104513885036011,-0.0028932656989481,False,False,False,,2,17
2,Random 50% #16,1714,0.0188052608311229,0.0136414200499387,0.0013013328457542,0.0051638407811841,0.0175039279853687,False,False,False,,2,17
2,Random 50% #17,1714,0.0073507410721795,0.0102618879681189,0.0082515664784064,-0.0029111468959394,-0.0009008254062268,False,False,False,,2,17
2,Random 50% #18,1714,0.0251803786741562,0.016942473753034,0.0051828340353597,0.0082379049211221,0.0199975446387964,False,False,False,,2,17
2,Random 50% #19,1714,0.0087463233253787,0.0109526172619764,0.0020963280738257,-0.0022062939365976,0.006649995251553,False,True,True,,2,17
2,Random 50% #20,1714,0.0239488541873964,0.0105690884066311,0.006592825316451,0.0133797657807652,0.0173560288709453,False,False,False,,2,17
2,Random 50% #21,1714,0.0016605879752431,0.0091731971740877,0.0049283597585937,-0.0075126091988445,-0.0032677717833505,False,False,False,,2,17
2,Random 50% #22,1714,0.0178287222426975,0.0156726291194126,0.007332470420474,0.0021560931232849,0.0104962518222235,False,False,False,,2,17
2,Random 50% #23,1714,-0.0051929851771431,0.0111128245308479,0.0047801111552824,-0.016305809707991,-0.0099730963324256,False,False,False,,2,17
2,Random 50% #24,1714,0.0201698382197979,0.0149453664094885,0.0052835731081,0.0052244718103094,0.0148862651116978,False,False,False,,2,17
2,Random 50% #25,1714,0.0024135223603308,0.0110397989229877,0.0034162829236537,-0.0086262765626569,-0.0010027605633228,False,False,False,,2,17
2,Random 50% #26,1714,-0.0063986093578627,0.0087912720970422,-1.5931680011016525e-05,-0.0151898814549049,-0.0063826776778516,True,False,True,,2,17
2,Random 50% #27,1714,-0.0048317683881064,0.0158197734900779,0.0031099767666817,-0.0206515418781843,-0.0079417451547882,False,False,False,,2,17
2,Random 50% #28,1714,0.0098094573797898,0.0114831428141258,0.0033956057492239,-0.0016736854343359,0.0064138516305659,False,True,True,,2,17
2,Random 50% #29,1714,0.0125552608311229,0.0075195788251236,0.0055671006138021,0.0050356820059992,0.0069881602173207,False,False,False,,2,17
2,Random 50% #30,1714,0.0022139615866539,0.0072746727785991,-0.0010936663200136,-0.0050607111919452,0.0033076279066676,True,True,True,,2,17
2,Random 50% #31,1714,0.0081502190717898,0.0041503846456721,-0.0003831313089883,0.0039998344261177,0.0085333503807782,True,False,True,,2,17
2,Random 50% #32,1714,-0.0092920029904661,0.008181172878125,0.0007219015612325,-0.0174731758685912,-0.0100139045516987,False,False,False,,2,17
2,Random 50% #33,1714,-0.002514181228832,0.0108818217606377,0.0065193132621048,-0.0133960029894697,-0.0090334944909369,False,False,False,,2,17
2,Random 50% #34,1714,0.0070180513371488,0.0058932567861567,-0.0016132362408574,0.001124794550992,0.0086312875780062,True,False,True,,2,17
2,Random 50% #35,1714,0.0093248828878478,0.0111050692522107,0.0045587358094967,-0.0017801863643628,0.0047661470783511,False,True,True,,2,17
2,Random 50% #36,1714,0.016912667846362,0.0119202107349701,0.0047531522466708,0.0049924571113918,0.0121595155996911,False,False,False,,2,17
2,Random 50% #37,1714,0.0036653828805384,0.0113320762627457,0.0054960886331998,-0.0076666933822072,-0.0018307057526613,False,False,False,,2,17
2,Random 50% #38,1714,0.0021576191788371,0.0134343608827086,0.0069908981229802,-0.0112767417038715,-0.0048332789441431,False,False,False,,2,17
2,Random 50% #39,1714,0.0170086158804934,0.0111571132790211,0.006543090017875,0.0058515026014722,0.0104655258626183,False,False,False,,2,17
2,Random 50% #40,1714,0.018520937100027,0.0144621647731121,0.0076964039628698,0.0040587723269149,0.0108245331371572,False,False,False,,2,17
2,Random 50% #41,1714,0.0027199322354597,0.0097926735478297,0.0029693740856309,-0.00707274131237,-0.0002494418501711,False,False,False,,2,17
2,Random 50% #42,1714,0.0178900300253214,0.0104377250119375,0.001637489680321,0.0074523050133838,0.0162525403450003,False,False,False,,2,17
2,Random 50% #43,1714,0.0169958506224066,0.0191199245640758,0.0054092554253193,-0.0021240739416692,0.0115865951970872,False,True,True,,2,17
2,Random 50% #44,1714,-0.0080414937759336,0.0066443923143242,3.71360959359468e-05,-0.0146858860902578,-0.0080786298718695,False,False,False,,2,17
2,Random 50% #45,1714,-0.0006684003732017,0.0121237046493032,0.0019946251077581,-0.0127921050225049,-0.0026630254809598,False,False,False,,2,17
2,Random 50% #46,1714,-0.0127567411871579,0.0039735820207341,0.002807163752309,-0.0167303232078921,-0.0155639049394669,False,False,False,,2,17
2,Random 50% #47,1714,-0.0023071888899981,0.0116981719827905,0.006914644718069,-0.0140053608727886,-0.0092218336080671,False,False,False,,2,17
2,Random 50% #48,1714,0.0007707867678387,0.0153928110076215,0.0108297820960251,-0.0146220242397827,-0.0100589953281864,False,False,False,,2,17
2,Random 50% #49,1714,-0.0052585890287469,0.0100608920517811,0.0006969431044061,-0.0153194810805281,-0.0059555321331531,False,False,False,,2,17
2,Random 50% #50,1714,-0.009935439192208,0.0074367072780328,-0.0006036407007247,-0.0173721464702408,-0.0093317984914833,True,False,True,,2,17
2,Random 30% #1,1028,0.0177032019704433,0.0045276209863875,0.0033225569779413,0.0131755809840557,0.014380644992502,False,False,False,,2,17
2,Random 30% #2,1028,-0.0188812287552644,-0.0017396084001349,-0.0056914655584826,-0.0171416203551295,-0.0131897631967818,False,False,False,,2,17
2,Random 30% #3,1028,-0.0136963318843895,0.0086337453823211,-0.0012830649884875,-0.0223300772667106,-0.012413266895902,True,False,True,,2,17
2,Random 30% #4,1028,0.012612065619632,0.016495889407654,-0.0049382573613294,-0.0038838237880219,0.0175503229809615,True,True,True,,2,17
2,Random 30% #5,1028,0.012955140579904,0.0154466777953266,0.0056105008214407,-0.0024915372154226,0.0073446397584632,False,True,True,,2,17
2,Random 30% #6,1028,0.011061887501678,0.0064724931352577,0.0011236543375642,0.0045893943664203,0.0099382331641138,False,False,False,,2,17
2,Random 30% #7,1028,-0.0019795447047178,0.0091996343284255,0.0101457225774952,-0.0111791790331434,-0.0121252672822131,False,False,False,,2,17
2,Random 30% #8,1028,-0.0013757582957458,0.0140791200933255,0.0089294830392826,-0.0154548783890714,-0.0103052413350284,False,False,False,,2,17
2,Random 30% #9,1028,0.0167924069116573,0.0095061635575409,0.0002363516955165,0.0072862433541164,0.0165560552161408,False,False,False,,2,17
2,Random 30% #10,1028,0.0218614718614718,0.0106252207217642,-0.0041707029237104,0.0112362511397076,0.0260321747851822,True,False,True,,2,17
2,Random 30% #11,1028,0.0036992125742528,0.0074681404528404,0.0003964655127103,-0.0037689278785876,0.0033027470615425,False,True,True,,2,17
2,Random 30% #12,1028,-0.0176439165409753,0.0035206770345787,-0.0044771019672387,-0.0211645935755541,-0.0131668145737366,True,False,True,,2,17
2,Random 30% #13,1028,0.0061871080085679,0.0076234185170008,0.0047079367761485,-0.0014363105084329,0.0014791712324193,False,True,True,,2,17
2,Random 30% #14,1028,-0.0024039572835282,0.0137593979475248,0.0031766161290317,-0.0161633552310531,-0.0055805734125599,False,False,False,,2,17
2,Random 30% #15,1028,-0.0014797507788162,0.0118498034441249,0.0010560144191893,-0.0133295542229411,-0.0025357651980055,False,False,False,,2,17
2,Random 30% #16,1028,0.006823838043474,0.0108981658729601,0.0019829343612543,-0.0040743278294861,0.0048409036822197,False,True,True,,2,17
2,Random 30% #17,1028,0.0030261642698374,0.022247709866906,0.0082302205680486,-0.0192215455970686,-0.0052040562982111,False,False,False,,2,17
2,Random 30% #18,1028,0.008237689744539,0.0051813486319126,-0.0009555938023239,0.0030563411126264,0.009193283546863,True,False,True,,2,17
2,Random 30% #19,1028,0.0066883064376393,0.0034423933967099,0.0009536628513746,0.0032459130409294,0.0057346435862646,False,False,False,,2,17
2,Random 30% #20,1028,-0.0099963316214233,0.0102065139040191,0.0089200377374601,-0.0202028455254424,-0.0189163693588834,False,False,False,,2,17
2,Random 30% #21,1028,0.002277451699682,0.0103956993857474,-0.0029358651355691,-0.0081182476860654,0.0052133168352512,True,True,True,,2,17
2,Random 30% #22,1028,0.0271739130434782,0.0152117013060119,0.002306112968127,0.0119622117374663,0.0248678000753512,False,False,False,,2,17
2,Random 30% #23,1028,0.0053719593676173,0.016199039942283,0.0018195027779251,-0.0108270805746657,0.0035524565896921,False,True,True,,2,17
2,Random 30% #24,1028,0.0374355138753044,0.0119433042809615,0.0004411263658584,0.0254922095943428,0.0369943875094459,False,False,False,,2,17
2,Random 30% #25,1028,0.0207335170659317,0.0115098635647444,0.0069758014512068,0.0092236535011873,0.0137577156147248,False,False,False,,2,17
2,Random 30% #26,1028,0.000322640117994,0.0127766148018231,-0.0051765396775842,-0.012453974683829,0.0054991797955783,True,True,True,,2,17
2,Random 30% #27,1028,-0.0133699862551543,0.0128556244478945,-0.0038431441362401,-0.0262256107030488,-0.0095268421189141,True,False,True,,2,17
2,Random 30% #28,1028,0.0048546691403834,0.0016041975660127,0.0006113813503378,0.0032504715743706,0.0042432877900455,False,False,False,,2,17
2,Random 30% #29,1028,0.0132264436461088,0.0065858052008127,-0.0002230417171043,0.0066406384452961,0.0134494853632132,True,False,True,,2,17
2,Random 30% #30,1028,0.0073191060456281,0.0130993769866949,9.4556113616015e-05,-0.0057802709410668,0.0072245499320121,False,True,True,,2,17
2,Random 30% #31,1028,0.0186572318838355,0.0097994967125066,-0.0006602792290141,0.0088577351713289,0.0193175111128496,True,False,True,,2,17
2,Random 30% #32,1028,0.0146773132638857,0.0235748583827978,0.0027513352934799,-0.0088975451189121,0.0119259779704058,False,True,True,,2,17
2,Random 30% #33,1028,0.0107989019115876,0.0115381464413545,0.0071652386965845,-0.0007392445297668,0.0036336632150031,False,True,True,,2,17
2,Random 30% #34,1028,0.0036708111308466,0.0106553407297791,0.0038809990210167,-0.0069845295989324,-0.00021018789017,False,False,False,,2,17
2,Random 30% #35,1028,-0.0021279853031231,0.0069087140647347,0.0038339880124934,-0.0090366993678578,-0.0059619733156165,False,False,False,,2,17
2,Random 30% #36,1028,-0.0048226599270606,0.0118696254780346,-0.0027198683906378,-0.0166922854050953,-0.0021027915364227,True,False,True,,2,17
2,Random 30% #37,1028,-0.0037446257685728,0.0175253538581358,-0.0015083250486327,-0.0212699796267087,-0.0022363007199401,True,False,True,,2,17
2,Random 30% #38,1028,0.0108722741433021,0.0028618343801063,0.0023813527555642,0.0080104397631958,0.0084909213877379,False,False,False,,2,17
2,Random 30% #39,1028,0.0380230468256006,0.0085069240777962,-0.0051717069458295,0.0295161227478043,0.0431947537714301,True,False,True,,2,17
2,Random 30% #40,1028,-0.0156995008383602,0.0093872172376269,-0.0025429926002478,-0.0250867180759872,-0.0131565082381124,True,False,True,,2,17
2,Random 30% #41,1028,0.0003191021554961,0.0220680538806633,0.0009766131118565,-0.0217489517251672,-0.0006575109563604,False,False,False,,2,17
2,Random 30% #42,1028,0.0039796984507742,0.0158865137203377,-0.0032509582562187,-0.0119068152695634,0.007230656706993,True,True,True,,2,17
2,Random 30% #43,1028,0.0320665445665445,0.0104476024550914,0.0126708521959115,0.021618942111453,0.019395692370633,False,False,False,,2,17
2,Random 30% #44,1028,0.014617494198646,0.0074586125698486,0.0054453494706331,0.0071588816287973,0.0091721447280129,False,False,False,,2,17
2,Random 30% #45,1028,-0.010677190889205,0.0052972628853189,-0.0029749687160541,-0.0159744537745239,-0.0077022221731508,True,False,True,,2,17
2,Random 30% #46,1028,-0.0211341559464426,0.0099289378588744,0.003410356607687,-0.031063093805317,-0.0245445125541296,False,False,False,,2,17
2,Random 30% #47,1028,0.0021068472535741,0.0121380526955196,0.0029334249211035,-0.0100312054419455,-0.0008265776675293,False,False,False,,2,17
2,Random 30% #48,1028,0.0099373113536103,0.0140263769303913,0.0022864104893009,-0.0040890655767809,0.0076509008643094,False,True,True,,2,17
2,Random 30% #49,1028,-0.0033935788911766,0.0149629112439124,-0.0018558950055397,-0.0183564901350891,-0.0015376838856369,True,False,True,,2,17
2,Random 30% #50,1028,-0.0149638584774062,0.0114405736082012,0.0019645843635023,-0.0264044320856075,-0.0169284428409086,False,False,False,,2,17
4,All Patients,3429,0.0078818040435458,0.00745474970768,0.0166689544878169,0.0004270543358658,-0.008787150444271,False,True,True,,4,33
4,ICUType 1.0,490,0.0294939989088925,0.016166168727148,0.0550853279167872,0.0133278301817444,-0.0255913290078947,False,True,True,,4,33
4,ICUType 2.0,643,-0.000975689080413,-0.0251311842488781,0.0132020794660594,0.024155495168465,-0.0141777685464724,True,True,True,,4,33
4,ICUType 3.0,1357,-0.0217764843549488,-0.0008412911403159,0.0237075001795267,-0.0209351932146329,-0.0454839845344756,True,False,True,,4,33
4,ICUType 4.0,939,0.0202084035501629,0.0147815647046259,0.0354081325650231,0.0054268388455369,-0.0151997290148602,False,True,True,,4,33
4,Age decile 0,374,0.046026807780653,-0.0008557641451804,0.0228787085895721,0.0468825719258334,0.0231480991910809,True,False,True,,4,33
4,Age decile 1,344,0.0273634472301562,0.0194943241439378,0.0383109472684583,0.0078691230862184,-0.0109475000383021,False,True,True,,4,33
4,Age decile 2,347,0.0042864169770219,-0.0274912793897711,0.0293840350791771,0.0317776963667931,-0.0250976181021551,True,True,True,,4,33
4,Age decile 3,325,0.0096292729898892,-0.0102019197725519,0.0680739269942243,0.0198311927624412,-0.0584446540043351,True,True,True,,4,33
4,Age decile 4,372,-0.0152359717577108,-0.0274747241998168,0.0278261737026155,0.0122387524421059,-0.0430621454603264,True,True,True,,4,33
4,Age decile 5,344,-0.0250497851378262,-0.0408672751524773,0.006882734257791,0.0158174900146511,-0.0319325193956173,True,True,True,,4,33
4,Age decile 6,397,-0.0004719207173194,-0.0173169300083524,0.026609267147016,0.0168450092910329,-0.0270811878643355,True,True,True,,4,33
4,Age decile 7,247,0.0173747705218987,-0.0305680554284292,0.0615926714528551,0.047942825950328,-0.0442179009309563,True,True,True,,4,33
4,Age decile 8,354,-0.0216450216450216,-0.0358062962304849,0.0110213837336263,0.0141612745854632,-0.0326664053786479,True,True,True,,4,33
4,Age decile 9,325,-0.0771864301276066,-0.0465276122849965,-0.0048930751988053,-0.03065881784261,-0.0722933549288012,False,False,False,,4,33
4,HR quartile 0,877,0.0371049136786188,0.0175993065556152,0.0260536006141793,0.0195056071230036,0.0110513130644394,False,False,False,,4,33
4,HR quartile 1,917,-0.0169849537037037,-0.0116189757958229,0.0189364331886121,-0.0053659779078807,-0.0359213868923158,True,False,True,,4,33
4,HR quartile 2,816,0.034861311019492,-0.008373447146853,0.0299952510894404,0.0432347581663451,0.0048660599300516,True,False,True,,4,33
4,HR quartile 3,819,-0.0232600311906863,-0.0147672809754678,0.0355522991465721,-0.0084927502152185,-0.0588123303372584,True,False,True,,4,33
4,MAP quartile 0,877,-0.0141240285818599,-0.0108637180160439,0.012098739085272,-0.0032603105658159,-0.0262227676671319,True,False,True,,4,33
4,MAP quartile 1,840,0.02392179413456,-0.0194420186150473,0.0285992352030204,0.0433638127496074,-0.0046774410684603,True,True,True,,4,33
4,MAP quartile 2,866,0.0104058609958506,-0.0044932810293917,0.0155501675894009,0.0148991420252423,-0.0051443065935502,True,True,True,,4,33
4,MAP quartile 3,846,0.0090927756430939,0.0062851860990324,0.023246973726269,0.0028075895440614,-0.0141541980831751,False,True,True,,4,33
4,Temp quartile 0,902,0.0068727157158747,-0.0220989675960862,0.0152004954996139,0.028971683311961,-0.0083277797837392,True,True,True,,4,33
4,Temp quartile 1,864,0.0305627470437901,-0.0112843283955995,0.0335103107448044,0.0418470754393897,-0.0029475637010143,True,True,True,,4,33
4,Temp quartile 2,838,-0.0036346905912123,-0.0179598536353511,0.0173470494146741,0.0143251630441388,-0.0209817400058864,True,True,True,,4,33
4,Temp quartile 3,825,-0.0023612750885478,-0.0111428506749439,0.0349817465681534,0.0087815755863961,-0.0373430216567012,True,True,True,,4,33
4,Urine quartile 0,859,-0.0313289760348584,-0.0274705255123214,0.0087828664662933,-0.0038584505225369,-0.0401118425011517,True,False,True,,4,33
4,Urine quartile 1,913,-0.0210526315789473,-0.0194156417295926,0.0155071669997781,-0.0016369898493547,-0.0365597985787255,True,False,True,,4,33
4,Urine quartile 2,802,0.0149901230333403,-0.0118281595650109,0.0184835784137465,0.0268182825983512,-0.0034934553804062,True,True,True,,4,33
4,Urine quartile 3,855,0.0601118199903958,0.0054473363659081,0.0080316992406896,0.0546644836244877,0.0520801207497061,False,False,False,,4,33
4,SAPS quartile 0,1025,0.0026756349262149,-0.0149491518518571,0.0175680845283736,0.017624786778072,-0.0148924496021586,True,True,True,,4,33
4,SAPS quartile 1,946,0.0452124666297511,-0.0101906205087533,0.0269214121785666,0.0554030871385045,0.0182910544511845,True,False,True,,4,33
4,SAPS quartile 2,660,0.0015384615384615,-0.0053690015141129,0.0074158662955751,0.0069074630525744,-0.0058774047571136,True,True,True,,4,33
4,SAPS quartile 3,798,-0.0389986891196934,-0.0196000999948,0.018882561737602,-0.0193985891248934,-0.0578812508572955,True,False,True,,4,33
4,HR > 100,945,-0.0351262896411669,-0.0180201190377652,0.0327075887679717,-0.0171061706034017,-0.0678338784091387,True,False,True,,4,33
4,MAP < 65,697,-0.0279136809159047,-0.0102122526996366,0.0047545611603466,-0.0177014282162681,-0.0326682420762514,True,False,True,,4,33
4,Temp > 38C,267,-0.0430204913392958,-0.0177389629698625,0.0287259244350216,-0.0252815283694332,-0.0717464157743174,True,False,True,,4,33
4,Urine > 1000,210,0.0458952811893988,0.0244166415776119,0.0194180322259221,0.0214786396117868,0.0264772489634767,False,False,False,,4,33
4,Random 50% #1,1714,0.0148182289884191,0.0003199493871382,0.0222588701793125,0.0144982796012809,-0.0074406411908933,False,True,True,,4,33
4,Random 50% #2,1714,0.0038708396744524,0.0022526262963596,0.0157695729814532,0.0016182133780928,-0.0118987333070007,False,True,True,,4,33
4,Random 50% #3,1714,0.0221853388658367,-0.0001435558349835,0.0203552357729265,0.0223288947008203,0.0018301030929102,True,False,True,,4,33
4,Random 50% #4,1714,0.0209444740819774,0.0046094590437511,0.0237100935736648,0.0163350150382262,-0.0027656194916874,False,True,True,,4,33
4,Random 50% #5,1714,0.025145147627017,0.0012607593137858,0.0241859621588438,0.0238843883132312,0.0009591854681732,False,False,False,,4,33
4,Random 50% #6,1714,-0.0032358828377694,0.00038259991551,0.0216644498768913,-0.0036184827532795,-0.0249003327146608,False,False,False,,4,33
4,Random 50% #7,1714,0.0203886964648963,0.0083333837372735,0.0287865084208312,0.0120553127276228,-0.0083978119559348,False,True,True,,4,33
4,Random 50% #8,1714,-0.0080211409064465,0.0066630740432288,0.0227431163281286,-0.0146842149496753,-0.0307642572345751,False,False,False,,4,33
4,Random 50% #9,1714,-0.0018808498325041,-0.0002469213122258,0.0233729078454538,-0.0016339285202782,-0.025253757677958,True,False,True,,4,33
4,Random 50% #10,1714,0.0032849222618878,0.0062105062146071,0.0184502093312032,-0.0029255839527192,-0.0151652870693153,False,False,False,,4,33
4,Random 50% #11,1714,0.0064028840624585,0.0033840769253784,0.0204819938418306,0.00301880713708,-0.0140791097793721,False,True,True,,4,33
4,Random 50% #12,1714,-0.0033234372422892,0.0020160000561914,0.0187211166545319,-0.0053394372984806,-0.0220445538968212,False,False,False,,4,33
4,Random 50% #13,1714,0.0032517955657333,-0.0007287970769952,0.0190273252699627,0.0039805926427285,-0.0157755297042294,True,True,True,,4,33
4,Random 50% #14,1714,0.0062157191184681,0.0020174960474253,0.0176461618495705,0.0041982230710428,-0.0114304427311023,False,True,True,,4,33
4,Random 50% #15,1714,0.0026854501430772,0.0027053109627278,0.0231037821856175,-1.9860819650580064e-05,-0.0204183320425403,False,False,False,,4,33
4,Random 50% #16,1714,0.0188052608311229,0.0072794340102593,0.0182741286556161,0.0115258268208635,0.0005311321755067,False,False,False,,4,33
4,Random 50% #17,1714,0.0073507410721795,0.0029910119344783,0.0281392934447445,0.0043597291377012,-0.020788552372565,False,True,True,,4,33
4,Random 50% #18,1714,0.0251803786741562,0.0103420373872289,0.021943248034104,0.0148383412869272,0.0032371306400521,False,False,False,,4,33
4,Random 50% #19,1714,0.0087463233253787,0.0003383401455627,0.0219225435244156,0.008407983179816,-0.0131762201990369,False,True,True,,4,33
4,Random 50% #20,1714,0.0239488541873964,-0.0022102615074388,0.0221524884098737,0.0261591156948352,0.0017963657775226,True,False,True,,4,33
4,Random 50% #21,1714,0.0016605879752431,0.0028173637348065,0.0212516551649208,-0.0011567757595634,-0.0195910671896777,False,False,False,,4,33
4,Random 50% #22,1714,0.0178287222426975,0.0070497059718961,0.0243335712886687,0.0107790162708013,-0.0065048490459711,False,True,True,,4,33
4,Random 50% #23,1714,-0.0051929851771431,0.0051721950189711,0.0191077297599721,-0.0103651801961142,-0.0243007149371153,False,False,False,,4,33
4,Random 50% #24,1714,0.0201698382197979,0.003878141759307,0.0314338046411567,0.0162916964604909,-0.0112639664213587,False,True,True,,4,33
4,Random 50% #25,1714,0.0024135223603308,0.0029204776594483,0.0197154116263037,-0.0005069552991175,-0.0173018892659729,False,False,False,,4,33
4,Random 50% #26,1714,-0.0063986093578627,-0.0036993660306913,0.01893628062987,-0.0026992433271713,-0.0253348899877327,True,False,True,,4,33
4,Random 50% #27,1714,-0.0048317683881064,0.0068464522767291,0.0210416628156866,-0.0116782206648355,-0.025873431203793,False,False,False,,4,33
4,Random 50% #28,1714,0.0098094573797898,0.0019119027547434,0.0194640771839905,0.0078975546250464,-0.0096546198042007,False,True,True,,4,33
4,Random 50% #29,1714,0.0125552608311229,0.0020859446497236,0.0242307913270983,0.0104693161813992,-0.0116755304959754,False,True,True,,4,33
4,Random 50% #30,1714,0.0022139615866539,0.0006714693606938,0.0197324526725602,0.00154249222596,-0.0175184910859063,False,True,True,,4,33
4,Random 50% #31,1714,0.0081502190717898,-0.0090764105044633,0.0140266667253954,0.0172266295762531,-0.0058764476536055,True,True,True,,4,33
4,Random 50% #32,1714,-0.0092920029904661,0.0009902612207405,0.0181155703706737,-0.0102822642112066,-0.0274075733611398,False,False,False,,4,33
4,Random 50% #33,1714,-0.002514181228832,-0.0087289989208892,0.0197127143580909,0.0062148176920571,-0.022226895586923,True,True,True,,4,33
4,Random 50% #34,1714,0.0070180513371488,-0.0010006802507808,0.016071705678476,0.0080187315879297,-0.0090536543413271,True,True,True,,4,33
4,Random 50% #35,1714,0.0093248828878478,0.0014246193822178,0.0180306153284344,0.00790026350563,-0.0087057324405865,False,True,True,,4,33
4,Random 50% #36,1714,0.016912667846362,0.0023143170327254,0.0202318863449109,0.0145983508136365,-0.0033192184985488,False,True,True,,4,33
4,Random 50% #37,1714,0.0036653828805384,-2.8988895718617957e-05,0.0196179282000406,0.0036943717762571,-0.0159525453195021,True,True,True,,4,33
4,Random 50% #38,1714,0.0021576191788371,0.0031606098719176,0.0267974167893644,-0.0010029906930804,-0.0246397976105273,False,False,False,,4,33
4,Random 50% #39,1714,0.0170086158804934,-0.0013945673572317,0.0251543869970524,0.0184031832377251,-0.008145771116559,True,True,True,,4,33
4,Random 50% #40,1714,0.018520937100027,0.0047139769431494,0.0279722335012788,0.0138069601568776,-0.0094512964012517,False,True,True,,4,33
4,Random 50% #41,1714,0.0027199322354597,-0.0014043686542726,0.0183889591093004,0.0041243008897324,-0.0156690268738406,True,True,True,,4,33
4,Random 50% #42,1714,0.0178900300253214,0.0013261901893685,0.0154793152755605,0.0165638398359528,0.0024107147497608,False,False,False,,4,33
4,Random 50% #43,1714,0.0169958506224066,0.0069424404542816,0.0222744302112227,0.010053410168125,-0.0052785795888161,False,True,True,,4,33
4,Random 50% #44,1714,-0.0080414937759336,-0.0032040827108317,0.0148926191312284,-0.0048374110651018,-0.0229341129071621,True,False,True,,4,33
4,Random 50% #45,1714,-0.0006684003732017,0.0087181647326836,0.0198384843050977,-0.0093865651058853,-0.0205068846782994,False,False,False,,4,33
4,Random 50% #46,1714,-0.0127567411871579,0.0025021809225856,0.0197737191386358,-0.0152589221097435,-0.0325304603257937,False,False,False,,4,33
4,Random 50% #47,1714,-0.0023071888899981,0.0002929219759253,0.0264666401903146,-0.0026001108659234,-0.0287738290803127,False,False,False,,4,33
4,Random 50% #48,1714,0.0007707867678387,0.0065502726488941,0.0209047818470436,-0.0057794858810554,-0.0201339950792048,False,False,False,,4,33
4,Random 50% #49,1714,-0.0052585890287469,-0.0048684341707037,0.0174479655486041,-0.0003901548580432,-0.022706554577351,True,False,True,,4,33
4,Random 50% #50,1714,-0.009935439192208,-0.0044675690894656,0.0114403906497805,-0.0054678701027423,-0.0213758298419885,True,False,True,,4,33
4,Random 30% #1,1028,0.0177032019704433,-0.0107324454093936,0.0309911201066117,0.028435647379837,-0.0132879181361683,True,True,True,,4,33
4,Random 30% #2,1028,-0.0188812287552644,-0.0243312448793006,0.0208356449077759,0.0054500161240361,-0.0397168736630404,True,True,True,,4,33
4,Random 30% #3,1028,-0.0136963318843895,-0.0073947943379635,0.0255050898390004,-0.0063015375464259,-0.03920142172339,True,False,True,,4,33
4,Random 30% #4,1028,0.012612065619632,-0.001188917785152,0.0138223369355197,0.013800983404784,-0.0012102713158876,True,True,True,,4,33
4,Random 30% #5,1028,0.012955140579904,0.0084852838412906,0.0276407593032527,0.0044698567386133,-0.0146856187233487,False,True,True,,4,33
4,Random 30% #6,1028,0.011061887501678,-0.0098100726421229,0.0322917617683664,0.020871960143801,-0.0212298742666883,True,True,True,,4,33
4,Random 30% #7,1028,-0.0019795447047178,0.0021131827046078,0.0380850524315815,-0.0040927274093257,-0.0400645971362993,False,False,False,,4,33
4,Random 30% #8,1028,-0.0013757582957458,-0.0046461094671099,0.0378876860961999,0.003270351171364,-0.0392634443919458,True,True,True,,4,33
4,Random 30% #9,1028,0.0167924069116573,-0.0039212048296597,0.0236096939376889,0.0207136117413171,-0.0068172870260315,True,True,True,,4,33
4,Random 30% #10,1028,0.0218614718614718,-0.0060065692557932,0.0172957075842732,0.0278680411172651,0.0045657642771985,True,False,True,,4,33
4,Random 30% #11,1028,0.0036992125742528,0.0027320591400988,0.0287713235920223,0.000967153434154,-0.0250721110177694,False,True,True,,4,33
4,Random 30% #12,1028,-0.0176439165409753,-0.0076825441170277,0.0141629495741622,-0.0099613724239475,-0.0318068661151375,True,False,True,,4,33
4,Random 30% #13,1028,0.0061871080085679,0.0023314142806629,0.0327675209267885,0.0038556937279049,-0.0265804129182206,False,True,True,,4,33
4,Random 30% #14,1028,-0.0024039572835282,0.0028172802706814,0.0214694698864596,-0.0052212375542097,-0.0238734271699878,False,False,False,,4,33
4,Random 30% #15,1028,-0.0014797507788162,0.0026349533468898,0.0245202241941519,-0.004114704125706,-0.0259999749729681,False,False,False,,4,33
4,Random 30% #16,1028,0.006823838043474,0.0008243452943985,0.0188975680288304,0.0059994927490754,-0.0120737299853564,False,True,True,,4,33
4,Random 30% #17,1028,0.0030261642698374,0.0006701638669333,0.0338910461315492,0.0023560004029041,-0.0308648818617117,False,True,True,,4,33
4,Random 30% #18,1028,0.008237689744539,0.0009059762144422,0.0280978123345783,0.0073317135300968,-0.0198601225900392,False,True,True,,4,33
4,Random 30% #19,1028,0.0066883064376393,-0.0191663081785902,0.0285809887665755,0.0258546146162295,-0.0218926823289362,True,True,True,,4,33
4,Random 30% #20,1028,-0.0099963316214233,0.0014618108298416,0.0337217870780461,-0.011458142451265,-0.0437181186994695,False,False,False,,4,33
4,Random 30% #21,1028,0.002277451699682,-0.0034479414189464,0.0109744556645158,0.0057253931186285,-0.0086970039648337,True,True,True,,4,33
4,Random 30% #22,1028,0.0271739130434782,0.0076344023242677,0.0233118823777707,0.0195395107192105,0.0038620306657075,False,False,False,,4,33
4,Random 30% #23,1028,0.0053719593676173,0.0072085934069802,0.0234122705469446,-0.0018366340393628,-0.0180403111793272,False,False,False,,4,33
4,Random 30% #24,1028,0.0374355138753044,-0.0033346902676271,0.0076926350395788,0.0407702041429315,0.0297428788357256,True,False,True,,4,33
4,Random 30% #25,1028,0.0207335170659317,-0.0119570079287759,0.0221655000432125,0.0326905249947076,-0.0014319829772807,True,True,True,,4,33
4,Random 30% #26,1028,0.000322640117994,-4.3548112001245975e-05,0.0175733464032602,0.0003661882299953,-0.0172507062852661,True,True,True,,4,33
4,Random 30% #27,1028,-0.0133699862551543,-0.0020988894619038,0.0189620747859304,-0.0112710967932504,-0.0323320610410847,True,False,True,,4,33
4,Random 30% #28,1028,0.0048546691403834,-0.0094466452225948,0.018260345310021,0.0143013143629782,-0.0134056761696376,True,True,True,,4,33
4,Random 30% #29,1028,0.0132264436461088,-0.0068262758135637,0.0246491693675574,0.0200527194596726,-0.0114227257214485,True,True,True,,4,33
4,Random 30% #30,1028,0.0073191060456281,-0.0025111686366669,0.0234337486948897,0.009830274682295,-0.0161146426492616,True,True,True,,4,33
4,Random 30% #31,1028,0.0186572318838355,0.0062948377210688,0.0270729688914065,0.0123623941627666,-0.008415737007571,False,True,True,,4,33
4,Random 30% #32,1028,0.0146773132638857,0.0157445151588806,0.0232396758561161,-0.0010672018949949,-0.0085623625922304,False,False,False,,4,33
4,Random 30% #33,1028,0.0107989019115876,0.002562178701071,0.0130611449512817,0.0082367232105166,-0.0022622430396941,False,True,True,,4,33
4,Random 30% #34,1028,0.0036708111308466,-0.0065545910605242,0.0305720595637857,0.0102254021913709,-0.026901248432939,True,True,True,,4,33
4,Random 30% #35,1028,-0.0021279853031231,-0.015759087570447,0.0278179124933923,0.0136311022673238,-0.0299458977965154,True,True,True,,4,33
4,Random 30% #36,1028,-0.0048226599270606,0.0072905522305029,0.022380153003825,-0.0121132121575636,-0.0272028129308856,False,False,False,,4,33
4,Random 30% #37,1028,-0.0037446257685728,0.0037708876821396,0.0276721384591485,-0.0075155134507125,-0.0314167642277214,False,False,False,,4,33
4,Random 30% #38,1028,0.0108722741433021,-0.0119905495012596,0.0332342251519784,0.0228628236445617,-0.0223619510086763,True,True,True,,4,33
4,Random 30% #39,1028,0.0380230468256006,0.0015291700956257,0.0156661401980768,0.0364938767299748,0.0223569066275238,False,False,False,,4,33
4,Random 30% #40,1028,-0.0156995008383602,-0.0136670104725379,0.0164286384335545,-0.0020324903658223,-0.0321281392719148,True,False,True,,4,33
4,Random 30% #41,1028,0.0003191021554961,0.0031936869215031,0.0281372902503694,-0.002874584766007,-0.0278181880948733,False,False,False,,4,33
4,Random 30% #42,1028,0.0039796984507742,-0.0066712831153694,0.0298442757194012,0.0106509815661436,-0.025864577268627,True,True,True,,4,33
4,Random 30% #43,1028,0.0320665445665445,0.0081656060667376,0.0388897916385337,0.0239009384998069,-0.0068232470719892,False,True,True,,4,33
4,Random 30% #44,1028,0.014617494198646,0.0012923527619257,0.0270886333744145,0.0133251414367203,-0.0124711391757685,False,True,True,,4,33
4,Random 30% #45,1028,-0.010677190889205,-0.0101334133773978,0.0151774710355734,-0.0005437775118071,-0.0258546619247784,True,False,True,,4,33
4,Random 30% #46,1028,-0.0211341559464426,-0.0085043504803491,0.0298155289455187,-0.0126298054660934,-0.0509496848919613,True,False,True,,4,33
4,Random 30% #47,1028,0.0021068472535741,-0.0029587928911212,0.0264005628998327,0.0050656401446953,-0.0242937156462585,True,True,True,,4,33
4,Random 30% #48,1028,0.0099373113536103,0.0077050750115168,0.0271875367220721,0.0022322363420935,-0.0172502253684617,False,True,True,,4,33
4,Random 30% #49,1028,-0.0033935788911766,0.0039245918021371,0.0252212797415227,-0.0073181706933138,-0.0286148586326994,False,False,False,,4,33
4,Random 30% #50,1028,-0.0149638584774062,-0.0036789763276947,0.0266673654838733,-0.0112848821497115,-0.0416312239612796,True,False,True,,4,33
8,All Patients,3429,0.0078818040435458,0.0129172320652571,0.0161282888227488,-0.0050354280217112,-0.0082464847792029,False,False,False,,8,65
8,ICUType 1.0,490,0.0294939989088925,0.025860493450303,0.0343625817484468,0.0036335054585895,-0.0048685828395543,False,True,True,,8,65
8,ICUType 2.0,643,-0.000975689080413,-0.0107056313720777,0.0091846502379933,0.0097299422916646,-0.0101603393184063,True,True,True,,8,65
8,ICUType 3.0,1357,-0.0217764843549488,0.002683446514629,0.0148523358340429,-0.0244599308695779,-0.0366288201889917,False,False,False,,8,65
8,ICUType 4.0,939,0.0202084035501629,0.0191500954169197,0.0198060087612946,0.0010583081332432,0.0004023947888682,False,False,False,,8,65
8,Age decile 0,374,0.046026807780653,0.0445516517873127,0.0141012164343487,0.0014751559933403,0.0319255913463042,False,False,False,,8,65
8,Age decile 1,344,0.0273634472301562,0.0471523642407749,0.023537077315087,-0.0197889170106187,0.0038263699150691,False,True,True,,8,65
8,Age decile 2,347,0.0042864169770219,0.0200496508359212,0.0225484650737092,-0.0157632338588992,-0.0182620480966872,False,False,False,,8,65
8,Age decile 3,325,0.0096292729898892,0.0116390159328205,0.0389366193280493,-0.0020097429429313,-0.02930734633816,False,False,False,,8,65
8,Age decile 4,372,-0.0152359717577108,0.0060553863183516,0.0018741817245602,-0.0212913580760625,-0.0171101534822711,False,False,False,,8,65
8,Age decile 5,344,-0.0250497851378262,0.0042174266149459,0.0082183692145521,-0.0292672117527721,-0.0332681543523784,False,False,False,,8,65
8,Age decile 6,397,-0.0004719207173194,0.0341391263106665,0.0015666757590206,-0.034611047027986,-0.0020385964763401,False,False,False,,8,65
8,Age decile 7,247,0.0173747705218987,0.027450136748086,0.0299411117854996,-0.0100753662261872,-0.0125663412636009,False,False,False,,8,65
8,Age decile 8,354,-0.0216450216450216,0.0089454890443299,0.0032354599871802,-0.0305905106893516,-0.0248804816322018,False,False,False,,8,65
8,Age decile 9,325,-0.0771864301276066,-0.0086976428073621,-0.0154611972774167,-0.0684887873202445,-0.0617252328501898,False,False,False,,8,65
8,HR quartile 0,877,0.0371049136786188,0.0288389012709729,0.0172991300185274,0.0082660124076458,0.0198057836600914,False,False,False,,8,65
8,HR quartile 1,917,-0.0169849537037037,0.0108508675091684,0.0082109710585702,-0.0278358212128721,-0.0251959247622739,False,False,False,,8,65
8,HR quartile 2,816,0.034861311019492,-0.0009138534355303,0.0257731922263863,0.0357751644550224,0.0090881187931057,True,False,True,,8,65
8,HR quartile 3,819,-0.0232600311906863,0.0112152955868995,0.0046829983912446,-0.0344753267775858,-0.0279430295819309,False,False,False,,8,65
8,MAP quartile 0,877,-0.0141240285818599,-0.0003608350345843,0.0046793370057494,-0.0137631935472755,-0.0188033655876093,True,False,True,,8,65
8,MAP quartile 1,840,0.02392179413456,0.005320491481988,0.0150511612596444,0.018601302652572,0.0088706328749156,False,False,False,,8,65
8,MAP quartile 2,866,0.0104058609958506,0.0088527234907554,0.0033933850386978,0.0015531375050952,0.0070124759571527,False,False,False,,8,65
8,MAP quartile 3,846,0.0090927756430939,0.0266155545911331,0.0198796563005317,-0.0175227789480392,-0.0107868806574378,False,False,False,,8,65
8,Temp quartile 0,902,0.0068727157158747,0.0051988775164497,0.0207118356732002,0.0016738381994249,-0.0138391199573254,False,True,True,,8,65
8,Temp quartile 1,864,0.0305627470437901,0.0121905179594182,0.0161893348618462,0.0183722290843719,0.0143734121819439,False,False,False,,8,65
8,Temp quartile 2,838,-0.0036346905912123,0.0080269010477958,0.0171382339926632,-0.0116615916390081,-0.0207729245838755,False,False,False,,8,65
8,Temp quartile 3,825,-0.0023612750885478,-0.0007206443148462,0.0023596763845458,-0.0016406307737015,-0.0047209514730936,True,False,True,,8,65
8,Urine quartile 0,859,-0.0313289760348584,-0.0156625595711022,0.0236495001272742,-0.0156664164637561,-0.0549784761621326,True,False,True,,8,65
8,Urine quartile 1,913,-0.0210526315789473,0.0005795303926335,0.011262487122116,-0.0216321619715809,-0.0323151187010634,False,False,False,,8,65
8,Urine quartile 2,802,0.0149901230333403,0.0055815384356046,0.008831913116834,0.0094085845977356,0.0061582099165062,False,False,False,,8,65
8,Urine quartile 3,855,0.0601118199903958,0.0171680588596973,0.0008691676017743,0.0429437611306985,0.0592426523886214,False,False,False,,8,65
8,SAPS quartile 0,1025,0.0026756349262149,0.0010226625068403,0.0078536476439098,0.0016529724193745,-0.0051780127176948,False,True,True,,8,65
8,SAPS quartile 1,946,0.0452124666297511,-0.0018632951577078,0.0093418579904084,0.0470757617874589,0.0358706086393427,True,False,True,,8,65
8,SAPS quartile 2,660,0.0015384615384615,0.0258298784330522,0.0137277331301861,-0.0242914168945906,-0.0121892715917245,False,False,False,,8,65
8,SAPS quartile 3,798,-0.0389986891196934,0.0211336179682027,0.0149021568221573,-0.0601323070878962,-0.0539008459418508,False,False,False,,8,65
8,HR > 100,945,-0.0351262896411669,0.0055333498614729,0.0063971603250095,-0.0406596395026399,-0.0415234499661765,False,False,False,,8,65
8,MAP < 65,697,-0.0279136809159047,0.0006226716415952,0.0010479715988562,-0.0285363525575,-0.028961652514761,False,False,False,,8,65
8,Temp > 38C,267,-0.0430204913392958,0.0167475459429403,-0.0034383854712687,-0.0597680372822361,-0.0395821058680271,True,False,True,,8,65
8,Urine > 1000,210,0.0458952811893988,0.0546773643621191,-0.0042081619862025,-0.0087820831727202,0.0501034431756013,True,True,True,,8,65
8,Random 50% #1,1714,0.0148182289884191,0.0072899150045547,0.0105246441906069,0.0075283139838644,0.0042935847978122,False,False,False,,8,65
8,Random 50% #2,1714,0.0038708396744524,0.0057854871980757,0.0124816799835878,-0.0019146475236232,-0.0086108403091353,False,False,False,,8,65
8,Random 50% #3,1714,0.0221853388658367,0.0134748321476018,0.0148075851290312,0.0087105067182349,0.0073777537368055,False,False,False,,8,65
8,Random 50% #4,1714,0.0209444740819774,0.0078320986138468,0.0136628461392092,0.0131123754681305,0.0072816279427681,False,False,False,,8,65
8,Random 50% #5,1714,0.025145147627017,0.0042313943405065,0.0118431994631103,0.0209137532865104,0.0133019481639067,False,False,False,,8,65
8,Random 50% #6,1714,-0.0032358828377694,0.0047994697272742,0.0145975732253228,-0.0080353525650437,-0.0178334560630923,False,False,False,,8,65
8,Random 50% #7,1714,0.0203886964648963,0.0063013523167689,0.017712786301563,0.0140873441481274,0.0026759101633333,False,False,False,,8,65
8,Random 50% #8,1714,-0.0080211409064465,0.0113080896434178,0.0158504553768939,-0.0193292305498644,-0.0238715962833405,False,False,False,,8,65
8,Random 50% #9,1714,-0.0018808498325041,0.0146154794868828,0.0193473961065228,-0.016496329319387,-0.021228245939027,False,False,False,,8,65
8,Random 50% #10,1714,0.0032849222618878,0.0103899874875772,0.0110131613061848,-0.0071050652256893,-0.007728239044297,False,False,False,,8,65
8,Random 50% #11,1714,0.0064028840624585,0.0116425458648005,0.0199502373845133,-0.005239661802342,-0.0135473533220548,False,False,False,,8,65
8,Random 50% #12,1714,-0.0033234372422892,0.0075706397711624,0.012584752662506,-0.0108940770134517,-0.0159081899047953,False,False,False,,8,65
8,Random 50% #13,1714,0.0032517955657333,0.0082834044043458,0.0136102146323111,-0.0050316088386125,-0.0103584190665778,False,False,False,,8,65
8,Random 50% #14,1714,0.0062157191184681,0.0074527128444222,0.0140776509444782,-0.001236993725954,-0.0078619318260101,False,False,False,,8,65
8,Random 50% #15,1714,0.0026854501430772,0.0130557332380205,0.0151356314597193,-0.0103702830949432,-0.012450181316642,False,False,False,,8,65
8,Random 50% #16,1714,0.0188052608311229,0.0128262830339286,0.0108808898399395,0.0059789777971942,0.0079243709911834,False,False,False,,8,65
8,Random 50% #17,1714,0.0073507410721795,0.0056352697614574,0.0197107034478241,0.0017154713107221,-0.0123599623756445,False,True,True,,8,65
8,Random 50% #18,1714,0.0251803786741562,0.0171682153754516,0.0231735456225165,0.0080121632987045,0.0020068330516396,False,False,False,,8,65
8,Random 50% #19,1714,0.0087463233253787,0.0088362742178583,0.0127560186478092,-8.995089247959553e-05,-0.0040096953224304,False,False,False,,8,65
8,Random 50% #20,1714,0.0239488541873964,0.0033508268529547,0.0255622269656994,0.0205980273344416,-0.001613372778303,False,True,True,,8,65
8,Random 50% #21,1714,0.0016605879752431,0.0073024622560602,0.0147891722390971,-0.0056418742808171,-0.0131285842638539,False,False,False,,8,65
8,Random 50% #22,1714,0.0178287222426975,0.0101553946469615,0.0147246472045389,0.007673327595736,0.0031040750381585,False,False,False,,8,65
8,Random 50% #23,1714,-0.0051929851771431,0.0101695325279529,0.0167610130034807,-0.0153625177050961,-0.0219539981806238,False,False,False,,8,65
8,Random 50% #24,1714,0.0201698382197979,0.0100294396866756,0.0215982772172744,0.0101403985331223,-0.0014284389974764,False,True,True,,8,65
8,Random 50% #25,1714,0.0024135223603308,0.0110544755768344,0.0109982734879396,-0.0086409532165035,-0.0085847511276087,False,False,False,,8,65
8,Random 50% #26,1714,-0.0063986093578627,0.0069882863268271,0.0088098255243793,-0.0133868956846898,-0.015208434882242,False,False,False,,8,65
8,Random 50% #27,1714,-0.0048317683881064,0.0134494534088046,0.0127474077576958,-0.018281221796911,-0.0175791761458023,False,False,False,,8,65
8,Random 50% #28,1714,0.0098094573797898,0.0073994444792452,0.0142589655201295,0.0024100129005446,-0.0044495081403397,False,True,True,,8,65
8,Random 50% #29,1714,0.0125552608311229,0.0083503330640437,0.0117340220737282,0.0042049277670791,0.0008212387573946,False,False,False,,8,65
8,Random 50% #30,1714,0.0022139615866539,0.009375344236867,0.0203076581110134,-0.0071613826502131,-0.0180936965243594,False,False,False,,8,65
8,Random 50% #31,1714,0.0081502190717898,0.0049188363188774,0.0056314548309721,0.0032313827529123,0.0025187642408177,False,False,False,,8,65
8,Random 50% #32,1714,-0.0092920029904661,0.0069991192166445,0.0134013743033239,-0.0162911222071107,-0.02269337729379,False,False,False,,8,65
8,Random 50% #33,1714,-0.002514181228832,0.0018082277719677,0.0188385114336851,-0.0043224090007998,-0.0213526926625172,False,False,False,,8,65
8,Random 50% #34,1714,0.0070180513371488,0.0078077437078897,0.0121051670809826,-0.0007896923707409,-0.0050871157438337,False,False,False,,8,65
8,Random 50% #35,1714,0.0093248828878478,0.0155850268941984,0.0143471755408554,-0.0062601440063506,-0.0050222926530075,False,False,False,,8,65
8,Random 50% #36,1714,0.016912667846362,0.0080252654439754,0.0127233175701208,0.0088874024023865,0.0041893502762412,False,False,False,,8,65
8,Random 50% #37,1714,0.0036653828805384,0.0049183714983996,0.016186454654984,-0.0012529886178611,-0.0125210717744455,False,False,False,,8,65
8,Random 50% #38,1714,0.0021576191788371,0.0116223511331796,0.0220287597566766,-0.0094647319543424,-0.0198711405778395,False,False,False,,8,65
8,Random 50% #39,1714,0.0170086158804934,0.0079192040811849,0.0142737063978184,0.0090894117993085,0.0027349094826749,False,False,False,,8,65
8,Random 50% #40,1714,0.018520937100027,0.0122173267240489,0.0147955280035779,0.0063036103759781,0.0037254090964491,False,False,False,,8,65
8,Random 50% #41,1714,0.0027199322354597,0.0095256347262583,0.0125574223430788,-0.0068057024907985,-0.009837490107619,False,False,False,,8,65
8,Random 50% #42,1714,0.0178900300253214,0.0115561732390294,0.0094425768114727,0.006333856786292,0.0084474532138486,False,False,False,,8,65
8,Random 50% #43,1714,0.0169958506224066,0.0200260694564178,0.0151143669586275,-0.0030302188340112,0.0018814836637791,False,True,True,,8,65
8,Random 50% #44,1714,-0.0080414937759336,0.0075714234887806,0.0090174741343751,-0.0156129172647142,-0.0170589679103087,False,False,False,,8,65
8,Random 50% #45,1714,-0.0006684003732017,0.0144424253015619,0.0091175884614141,-0.0151108256747636,-0.0097859888346158,False,False,False,,8,65
8,Random 50% #46,1714,-0.0127567411871579,0.0111520092361567,0.0247481867682997,-0.0239087504233146,-0.0375049279554576,False,False,False,,8,65
8,Random 50% #47,1714,-0.0023071888899981,0.0110687458772867,0.0220481656775827,-0.0133759347672848,-0.0243553545675808,False,False,False,,8,65
8,Random 50% #48,1714,0.0007707867678387,0.0090752720317131,0.0175613309995418,-0.0083044852638744,-0.0167905442317031,False,False,False,,8,65
8,Random 50% #49,1714,-0.0052585890287469,0.0085952720634619,0.012823706995565,-0.0138538610922089,-0.018082296024312,False,False,False,,8,65
8,Random 50% #50,1714,-0.009935439192208,2.3292603024083203e-05,0.0069518808575632,-0.0099587317952321,-0.0168873200497712,False,False,False,,8,65
8,Random 30% #1,1028,0.0177032019704433,0.0128103835646752,0.0228603837020915,0.0048928184057681,-0.0051571817316482,False,True,True,,8,65
8,Random 30% #2,1028,-0.0188812287552644,-0.0067388641327348,0.0203776423707964,-0.0121423646225296,-0.0392588711260609,True,False,True,,8,65
8,Random 30% #3,1028,-0.0136963318843895,-0.0007216396794693,0.0121431702116019,-0.0129746922049201,-0.0258395020959914,True,False,True,,8,65
8,Random 30% #4,1028,0.012612065619632,0.0098727746953039,0.0127563864598697,0.0027392909243281,-0.0001443208402376,False,True,True,,8,65
8,Random 30% #5,1028,0.012955140579904,0.0148955084865086,0.0161303153186712,-0.0019403679066046,-0.0031751747387671,False,False,False,,8,65
8,Random 30% #6,1028,0.011061887501678,0.0130695122896523,0.0183355866685618,-0.0020076247879742,-0.0072736991668837,False,False,False,,8,65
8,Random 30% #7,1028,-0.0019795447047178,0.013061749504092,0.0200352956500793,-0.0150412942088099,-0.0220148403547972,False,False,False,,8,65
8,Random 30% #8,1028,-0.0013757582957458,0.0139767204563558,0.0186873723569237,-0.0153524787521017,-0.0200631306526696,False,False,False,,8,65
8,Random 30% #9,1028,0.0167924069116573,0.0019727791418309,0.0036487187656312,0.0148196277698264,0.0131436881460261,False,False,False,,8,65
8,Random 30% #10,1028,0.0218614718614718,0.0014705874814399,0.0047875089871785,0.0203908843800319,0.0170739628742933,False,False,False,,8,65
8,Random 30% #11,1028,0.0036992125742528,0.0050321532224439,0.0141440070386658,-0.001332940648191,-0.0104447944644129,False,False,False,,8,65
8,Random 30% #12,1028,-0.0176439165409753,0.0061137267849502,0.0011939793613383,-0.0237576433259256,-0.0188378959023136,False,False,False,,8,65
8,Random 30% #13,1028,0.0061871080085679,0.0117167221373047,0.0143575441442769,-0.0055296141287367,-0.008170436135709,False,False,False,,8,65
8,Random 30% #14,1028,-0.0024039572835282,0.0056713495458149,0.0210673757563679,-0.0080753068293432,-0.0234713330398962,False,False,False,,8,65
8,Random 30% #15,1028,-0.0014797507788162,0.014713905581986,0.0133154218198801,-0.0161936563608023,-0.0147951725986963,False,False,False,,8,65
8,Random 30% #16,1028,0.006823838043474,0.011286936775895,0.0122217449707231,-0.0044630987324209,-0.0053979069272491,False,False,False,,8,65
8,Random 30% #17,1028,0.0030261642698374,0.0204478714606026,0.0165578828728394,-0.0174217071907652,-0.0135317186030019,False,False,False,,8,65
8,Random 30% #18,1028,0.008237689744539,0.000696442921537,0.0088165668404375,0.007541246823002,-0.0005788770958984,False,True,True,,8,65
8,Random 30% #19,1028,0.0066883064376393,-0.0105454745237568,0.0197694558590024,0.0172337809613961,-0.0130811494213631,True,True,True,,8,65
8,Random 30% #20,1028,-0.0099963316214233,0.0043684319538339,0.0304635759938447,-0.0143647635752572,-0.0404599076152681,False,False,False,,8,65
8,Random 30% #21,1028,0.002277451699682,0.0041192223593419,0.0041942115295819,-0.0018417706596598,-0.0019167598298999,False,False,False,,8,65
8,Random 30% #22,1028,0.0271739130434782,0.0133194548563597,0.0142942204078407,0.0138544581871184,0.0128796926356375,False,False,False,,8,65
8,Random 30% #23,1028,0.0053719593676173,0.0161567213277136,0.014797841314085,-0.0107847619600963,-0.0094258819464676,False,False,False,,8,65
8,Random 30% #24,1028,0.0374355138753044,0.0120898193281343,0.0012478495491344,0.02534569454717,0.03618766432617,False,False,False,,8,65
8,Random 30% #25,1028,0.0207335170659317,0.0079066488076779,0.01503402339723,0.0128268682582537,0.0056994936687016,False,False,False,,8,65
8,Random 30% #26,1028,0.000322640117994,0.0110902497727654,0.0007276203059165,-0.0107676096547713,-0.0004049801879224,False,False,False,,8,65
8,Random 30% #27,1028,-0.0133699862551543,0.0088590141276162,0.0140129692479934,-0.0222290003827705,-0.0273829555031477,False,False,False,,8,65
8,Random 30% #28,1028,0.0048546691403834,0.0070317949769901,0.0091696045079936,-0.0021771258366067,-0.0043149353676102,False,False,False,,8,65
8,Random 30% #29,1028,0.0132264436461088,-0.0075859432056623,0.0109990952534653,0.0208123868517712,0.0022273483926435,True,False,True,,8,65
8,Random 30% #30,1028,0.0073191060456281,0.0084039795605549,0.0058053663248003,-0.0010848735149268,0.0015137397208277,False,True,True,,8,65
8,Random 30% #31,1028,0.0186572318838355,0.0082153307819831,0.0139305025931216,0.0104419011018524,0.0047267292907139,False,False,False,,8,65
8,Random 30% #32,1028,0.0146773132638857,0.0206778624261089,0.0097968681102021,-0.0060005491622232,0.0048804451536835,False,True,True,,8,65
8,Random 30% #33,1028,0.0107989019115876,0.0026066932739948,0.0147302562396304,0.0081922086375927,-0.0039313543280428,False,True,True,,8,65
8,Random 30% #34,1028,0.0036708111308466,0.0026541913972405,0.0185911986000378,0.0010166197336061,-0.0149203874691911,False,True,True,,8,65
8,Random 30% #35,1028,-0.0021279853031231,0.0101015552835914,0.017880610567571,-0.0122295405867145,-0.0200085958706942,False,False,False,,8,65
8,Random 30% #36,1028,-0.0048226599270606,0.0153808684095925,0.0104659229438606,-0.0202035283366531,-0.0152885828709212,False,False,False,,8,65
8,Random 30% #37,1028,-0.0037446257685728,0.0174457662729339,0.0164698067578405,-0.0211903920415068,-0.0202144325264134,False,False,False,,8,65
8,Random 30% #38,1028,0.0108722741433021,0.0015683964273073,0.0182580155263565,0.0093038777159947,-0.0073857413830543,False,True,True,,8,65
8,Random 30% #39,1028,0.0380230468256006,0.0018274900742716,0.0040131820295941,0.036195556751329,0.0340098647960065,False,False,False,,8,65
8,Random 30% #40,1028,-0.0156995008383602,0.0062339575961934,0.0151047005099035,-0.0219334584345537,-0.0308042013482638,False,False,False,,8,65
8,Random 30% #41,1028,0.0003191021554961,0.0131110414899468,0.0148633027448546,-0.0127919393344507,-0.0145442005893584,False,False,False,,8,65
8,Random 30% #42,1028,0.0039796984507742,0.0106460600116395,0.0084248520632735,-0.0066663615608653,-0.0044451536124993,False,False,False,,8,65
8,Random 30% #43,1028,0.0320665445665445,0.0190869556657377,0.0187661757948516,0.0129795889008068,0.0133003687716929,False,False,False,,8,65
8,Random 30% #44,1028,0.014617494198646,0.0037605226206693,0.012853255561138,0.0108569715779767,0.001764238637508,False,False,False,,8,65
8,Random 30% #45,1028,-0.010677190889205,0.0005299971853058,0.0032308068274347,-0.0112071880745108,-0.0139079977166397,False,False,False,,8,65
8,Random 30% #46,1028,-0.0211341559464426,0.0060695015558173,0.0097346453889972,-0.02720365750226,-0.0308688013354398,False,False,False,,8,65
8,Random 30% #47,1028,0.0021068472535741,0.0096261747004856,0.0171203646162185,-0.0075193274469115,-0.0150135173626443,False,False,False,,8,65
8,Random 30% #48,1028,0.0099373113536103,0.0209313860338425,0.0210580267087653,-0.0109940746802321,-0.0111207153551549,False,False,False,,8,65
8,Random 30% #49,1028,-0.0033935788911766,0.0057239730533528,0.0108328499170211,-0.0091175519445295,-0.0142264288081978,False,False,False,,8,65
8,Random 30% #50,1028,-0.0149638584774062,0.0158127309572728,0.0163867823618495,-0.0307765894346791,-0.0313506408392558,False,False,False,,8,65
16,All Patients,3429,0.0078818040435458,0.0119078353618714,0.020133448875461,-0.0040260313183255,-0.0122516448319151,False,False,False,,16,129
16,ICUType 1.0,490,0.0294939989088925,0.0318774015729591,0.0547202052216284,-0.0023834026640665,-0.0252262063127359,False,False,False,,16,129
16,ICUType 2.0,643,-0.000975689080413,-0.0161729462669181,0.0124231844794352,0.0151972571865051,-0.0133988735598482,True,True,True,,16,129
16,ICUType 3.0,1357,-0.0217764843549488,-0.0025816116070853,0.01694000074855,-0.0191948727478635,-0.0387164851034989,True,False,True,,16,129
16,ICUType 4.0,939,0.0202084035501629,0.0057376540467524,0.02830707944227,0.0144707495034104,-0.0080986758921071,False,True,True,,16,129
16,Age decile 0,374,0.046026807780653,0.0212305851287335,0.0191239216339354,0.0247962226519195,0.0269028861467176,False,False,False,,16,129
16,Age decile 1,344,0.0273634472301562,0.022183653866444,0.0125371234861205,0.0051797933637122,0.0148263237440356,False,False,False,,16,129
16,Age decile 2,347,0.0042864169770219,-0.0047763548369475,0.0290119346330673,0.0090627718139695,-0.0247255176560454,True,True,True,,16,129
16,Age decile 3,325,0.0096292729898892,0.007531261469836,0.0352201245205315,0.0020980115200531,-0.0255908515306423,False,True,True,,16,129
16,Age decile 4,372,-0.0152359717577108,-0.004930434767392,0.0110630681489288,-0.0103055369903188,-0.0262990399066397,True,False,True,,16,129
16,Age decile 5,344,-0.0250497851378262,-0.0091527407993348,0.0496090308642129,-0.0158970443384913,-0.0746588160020391,True,False,True,,16,129
16,Age decile 6,397,-0.0004719207173194,0.0031631794222901,0.0190405216495163,-0.0036351001396096,-0.0195124423668358,False,False,False,,16,129
16,Age decile 7,247,0.0173747705218987,0.0009096103163962,0.0372243252938263,0.0164651602055025,-0.0198495547719275,False,True,True,,16,129
16,Age decile 8,354,-0.0216450216450216,-0.0086628960458784,-0.011865967063584,-0.0129821255991431,-0.0097790545814375,False,False,False,,16,129
16,Age decile 9,325,-0.0771864301276066,-0.0074002936726132,0.0041242526129147,-0.0697861364549933,-0.0813106827405213,True,False,True,,16,129
16,HR quartile 0,877,0.0371049136786188,0.0154070101220732,0.0229778331842184,0.0216979035565455,0.0141270804944004,False,False,False,,16,129
16,HR quartile 1,917,-0.0169849537037037,-0.0005744034343546,0.0102936445638557,-0.016410550269349,-0.0272785982675594,True,False,True,,16,129
16,HR quartile 2,816,0.034861311019492,0.0053983256980046,0.0228601139099719,0.0294629853214874,0.0120011971095201,False,False,False,,16,129
16,HR quartile 3,819,-0.0232600311906863,-0.0028264430512357,0.0192646506574148,-0.0204335881394505,-0.0425246818481011,True,False,True,,16,129
16,MAP quartile 0,877,-0.0141240285818599,-0.0009668473971164,0.0101509863490845,-0.0131571811847434,-0.0242750149309445,True,False,True,,16,129
16,MAP quartile 1,840,0.02392179413456,0.0010496335836725,0.0286953742757518,0.0228721605508875,-0.0047735801411917,False,True,True,,16,129
16,MAP quartile 2,866,0.0104058609958506,-0.0010425138908862,0.0097278852949761,0.0114483748867368,0.0006779757008745,True,False,True,,16,129
16,MAP quartile 3,846,0.0090927756430939,0.0275165213799599,0.034614338867031,-0.018423745736866,-0.025521563223937,False,False,False,,16,129
16,Temp quartile 0,902,0.0068727157158747,-0.0055896668011501,0.0158318510603887,0.0124623825170248,-0.0089591353445139,True,True,True,,16,129
16,Temp quartile 1,864,0.0305627470437901,0.0060024770482209,0.0209759015981514,0.0245602699955692,0.0095868454456387,False,False,False,,16,129
16,Temp quartile 2,838,-0.0036346905912123,-0.003545718813394,0.0258685234795207,-8.89717778182475e-05,-0.029503214070733,True,False,True,,16,129
16,Temp quartile 3,825,-0.0023612750885478,-0.0108901524930077,0.0255338933157519,0.0085288774044599,-0.0278951684042997,True,True,True,,16,129
16,Urine quartile 0,859,-0.0313289760348584,-0.0092547466025421,0.041273888227601,-0.0220742294323162,-0.0726028642624594,True,False,True,,16,129
16,Urine quartile 1,913,-0.0210526315789473,-0.0049026645832549,0.0104427173885655,-0.0161499669956924,-0.0314953489675129,True,False,True,,16,129
16,Urine quartile 2,802,0.0149901230333403,0.0027190317278517,0.0237784515110546,0.0122710913054885,-0.0087883284777143,False,True,True,,16,129
16,Urine quartile 3,855,0.0601118199903958,0.0162513369846203,0.0075238651512876,0.0438604830057754,0.0525879548391082,False,False,False,,16,129
16,SAPS quartile 0,1025,0.0026756349262149,-0.0076205214274821,0.0100620660131303,0.0102961563536971,-0.0073864310869153,True,True,True,,16,129
16,SAPS quartile 1,946,0.0452124666297511,-0.0010081609576599,0.0232689143649346,0.0462206275874111,0.0219435522648165,True,False,True,,16,129
16,SAPS quartile 2,660,0.0015384615384615,0.0071464026736065,0.0019848152210623,-0.005607941135145,-0.0004463536826008,False,False,False,,16,129
16,SAPS quartile 3,798,-0.0389986891196934,0.0078517793351831,0.0420830841249817,-0.0468504684548765,-0.0810817732446752,False,False,False,,16,129
16,HR > 100,945,-0.0351262896411669,-0.0018298264952905,0.019348899906573,-0.0332964631458763,-0.05447518954774,True,False,True,,16,129
16,MAP < 65,697,-0.0279136809159047,0.0013523844168578,0.0128014620438569,-0.0292660653327626,-0.0407151429597617,False,False,False,,16,129
16,Temp > 38C,267,-0.0430204913392958,0.0027604331843615,0.0218760745074861,-0.0457809245236573,-0.0648965658467819,False,False,False,,16,129
16,Urine > 1000,210,0.0458952811893988,0.0350360680838043,0.0121308207417331,0.0108592131055945,0.0337644604476656,False,False,False,,16,129
16,Random 50% #1,1714,0.0148182289884191,0.0032969704845707,0.0118756384275245,0.0115212585038484,0.0029425905608946,False,False,False,,16,129
16,Random 50% #2,1714,0.0038708396744524,0.0076446655261141,0.0141426800910063,-0.0037738258516617,-0.0102718404165538,False,False,False,,16,129
16,Random 50% #3,1714,0.0221853388658367,0.0102414823869122,0.0185947897840846,0.0119438564789245,0.0035905490817521,False,False,False,,16,129
16,Random 50% #4,1714,0.0209444740819774,0.0039043443853361,0.0163026939593071,0.0170401296966413,0.0046417801226702,False,False,False,,16,129
16,Random 50% #5,1714,0.025145147627017,0.0050310083604775,0.019079075432283,0.0201141392665395,0.006066072194734,False,False,False,,16,129
16,Random 50% #6,1714,-0.0032358828377694,0.0010911394789028,0.0205846107421425,-0.0043270223166723,-0.023820493579912,False,False,False,,16,129
16,Random 50% #7,1714,0.0203886964648963,0.0072017732186338,0.0226592573396996,0.0131869232462625,-0.0022705608748032,False,True,True,,16,129
16,Random 50% #8,1714,-0.0080211409064465,0.0086285050977417,0.0197521576149159,-0.0166496460041883,-0.0277732985213625,False,False,False,,16,129
16,Random 50% #9,1714,-0.0018808498325041,0.0062110805932559,0.0206263386852403,-0.0080919304257601,-0.0225071885177445,False,False,False,,16,129
16,Random 50% #10,1714,0.0032849222618878,0.0048423466957536,0.016902445737828,-0.0015574244338657,-0.0136175234759401,False,False,False,,16,129
16,Random 50% #11,1714,0.0064028840624585,0.0119943212493082,0.0274293203703909,-0.0055914371868497,-0.0210264363079323,False,False,False,,16,129
16,Random 50% #12,1714,-0.0033234372422892,0.0076765692391968,0.0167578574972044,-0.0110000064814861,-0.0200812947394937,False,False,False,,16,129
16,Random 50% #13,1714,0.0032517955657333,0.0050289513226474,0.0154575475814973,-0.0017771557569141,-0.012205752015764,False,False,False,,16,129
16,Random 50% #14,1714,0.0062157191184681,0.0036640491676994,0.0155710909611923,0.0025516699507687,-0.0093553718427241,False,True,True,,16,129
16,Random 50% #15,1714,0.0026854501430772,0.0097009552774205,0.0213605920998992,-0.0070155051343433,-0.0186751419568219,False,False,False,,16,129
16,Random 50% #16,1714,0.0188052608311229,0.0125814877948081,0.0186045398189443,0.0062237730363147,0.0002007210121785,False,False,False,,16,129
16,Random 50% #17,1714,0.0073507410721795,0.0017054884523352,0.0265765811076182,0.0056452526198443,-0.0192258400354387,False,True,True,,16,129
16,Random 50% #18,1714,0.0251803786741562,0.0125299725127147,0.0288664476407581,0.0126504061614415,-0.0036860689666019,False,True,True,,16,129
16,Random 50% #19,1714,0.0087463233253787,0.0050384141345347,0.0165553567591608,0.003707909190844,-0.007809033433782,False,True,True,,16,129
16,Random 50% #20,1714,0.0239488541873964,0.0019283799555498,0.0250168047270887,0.0220204742318465,-0.0010679505396923,False,True,True,,16,129
16,Random 50% #21,1714,0.0016605879752431,0.0057886521576032,0.0216660180706783,-0.0041280641823601,-0.0200054300954351,False,False,False,,16,129
16,Random 50% #22,1714,0.0178287222426975,0.0059781148396503,0.0225062070254506,0.0118506074030472,-0.0046774847827531,False,True,True,,16,129
16,Random 50% #23,1714,-0.0051929851771431,0.0049561632229915,0.0194098925419001,-0.0101491484001346,-0.0246028777190432,False,False,False,,16,129
16,Random 50% #24,1714,0.0201698382197979,0.0038427630574136,0.0249381015032827,0.0163270751623842,-0.0047682632834847,False,True,True,,16,129
16,Random 50% #25,1714,0.0024135223603308,0.0128365725208791,0.0185158694492095,-0.0104230501605483,-0.0161023470888786,False,False,False,,16,129
16,Random 50% #26,1714,-0.0063986093578627,0.0031817935373927,0.0144816131272638,-0.0095804028952554,-0.0208802224851266,False,False,False,,16,129
16,Random 50% #27,1714,-0.0048317683881064,0.0119214631981502,0.0203727228870844,-0.0167532315862567,-0.0252044912751908,False,False,False,,16,129
16,Random 50% #28,1714,0.0098094573797898,0.0052870601152418,0.0186455530183114,0.004522397264548,-0.0088360956385216,False,True,True,,16,129
16,Random 50% #29,1714,0.0125552608311229,0.005210860906139,0.0116700560549572,0.0073443999249838,0.0008852047761656,False,False,False,,16,129
16,Random 50% #30,1714,0.0022139615866539,0.0004700683807501,0.0207611046686138,0.0017438932059037,-0.0185471430819598,False,True,True,,16,129
16,Random 50% #31,1714,0.0081502190717898,0.0073126929857792,0.0121315060357309,0.0008375260860105,-0.0039812869639411,False,True,True,,16,129
16,Random 50% #32,1714,-0.0092920029904661,0.0018306891808325,0.0161410735156743,-0.0111226921712987,-0.0254330765061405,False,False,False,,16,129
16,Random 50% #33,1714,-0.002514181228832,0.005032193761191,0.0210986270379124,-0.007546374990023,-0.0236128082667445,False,False,False,,16,129
16,Random 50% #34,1714,0.0070180513371488,0.0041390319091037,0.0138018093427163,0.0028790194280451,-0.0067837580055675,False,True,True,,16,129
16,Random 50% #35,1714,0.0093248828878478,0.0107546904234505,0.0169122987394591,-0.0014298075356026,-0.0075874158516112,False,False,False,,16,129
16,Random 50% #36,1714,0.016912667846362,-0.0008500467677994,0.0185590128432529,0.0177627146141615,-0.0016463449968909,True,True,True,,16,129
16,Random 50% #37,1714,0.0036653828805384,0.0037154662165517,0.019785704290449,-5.008333601325132e-05,-0.0161203214099105,False,False,False,,16,129
16,Random 50% #38,1714,0.0021576191788371,0.0068401106077916,0.0209973200791426,-0.0046824914289545,-0.0188397009003055,False,False,False,,16,129
16,Random 50% #39,1714,0.0170086158804934,0.0042845037176797,0.0179962520099082,0.0127241121628136,-0.0009876361294148,False,True,True,,16,129
16,Random 50% #40,1714,0.018520937100027,0.0111469566281268,0.0246750648720326,0.0073739804719002,-0.0061541277720055,False,True,True,,16,129
16,Random 50% #41,1714,0.0027199322354597,0.0052371061996145,0.0135545299363901,-0.0025171739641548,-0.0108345977009304,False,False,False,,16,129
16,Random 50% #42,1714,0.0178900300253214,0.0096768183892053,0.0135430580495983,0.008213211636116,0.004346971975723,False,False,False,,16,129
16,Random 50% #43,1714,0.0169958506224066,0.015313930041649,0.0239435671521971,0.0016819205807575,-0.0069477165297905,False,True,True,,16,129
16,Random 50% #44,1714,-0.0080414937759336,0.0049944763935337,0.0140832103231947,-0.0130359701694673,-0.0221247040991283,False,False,False,,16,129
16,Random 50% #45,1714,-0.0006684003732017,0.0102747903455353,0.0132463822785759,-0.010943190718737,-0.0139147826517777,False,False,False,,16,129
16,Random 50% #46,1714,-0.0127567411871579,0.0011304440965672,0.0217998928801125,-0.0138871852837251,-0.0345566340672705,False,False,False,,16,129
16,Random 50% #47,1714,-0.0023071888899981,0.0053112785292038,0.0239067942734528,-0.0076184674192019,-0.0262139831634509,False,False,False,,16,129
16,Random 50% #48,1714,0.0007707867678387,0.0118983652038824,0.0229321802707342,-0.0111275784360436,-0.0221613935028954,False,False,False,,16,129
16,Random 50% #49,1714,-0.0052585890287469,0.0032668218011446,0.0160526196324396,-0.0085254108298916,-0.0213112086611865,False,False,False,,16,129
16,Random 50% #50,1714,-0.009935439192208,0.0013189682844227,0.0080067021764391,-0.0112544074766307,-0.0179421413686471,False,False,False,,16,129
16,Random 30% #1,1028,0.0177032019704433,0.0086945923016533,0.0287329650840423,0.00900860966879,-0.011029763113599,False,True,True,,16,129
16,Random 30% #2,1028,-0.0188812287552644,-0.0116956766581095,0.0181444213719565,-0.0071855520971548,-0.037025650127221,True,False,True,,16,129
16,Random 30% #3,1028,-0.0136963318843895,-0.0074764366665234,0.0128172917622439,-0.006219895217866,-0.0265136236466335,True,False,True,,16,129
16,Random 30% #4,1028,0.012612065619632,0.0047845825778195,0.0136675357520798,0.0078274830418124,-0.0010554701324478,False,True,True,,16,129
16,Random 30% #5,1028,0.012955140579904,0.0115801526239052,0.0179293292422043,0.0013749879559988,-0.0049741886623003,False,True,True,,16,129
16,Random 30% #6,1028,0.011061887501678,0.0054747907924627,0.0202669983211703,0.0055870967092153,-0.0092051108194922,False,True,True,,16,129
16,Random 30% #7,1028,-0.0019795447047178,0.006310080299967,0.0256687231834825,-0.0082896250046849,-0.0276482678882004,False,False,False,,16,129
16,Random 30% #8,1028,-0.0013757582957458,0.0086992770811552,0.0281836660062904,-0.0100750353769011,-0.0295594243020363,False,False,False,,16,129
16,Random 30% #9,1028,0.0167924069116573,0.005040654942048,0.0186717227829857,0.0117517519696092,-0.0018793158713284,False,True,True,,16,129
16,Random 30% #10,1028,0.0218614718614718,-0.0038362662154851,0.009201782365156,0.025697738076957,0.0126596894963157,True,False,True,,16,129
16,Random 30% #11,1028,0.0036992125742528,0.005218088027385,0.0166825204427555,-0.0015188754531321,-0.0129833078685026,False,False,False,,16,129
16,Random 30% #12,1028,-0.0176439165409753,0.0006494592327692,0.0197600545095691,-0.0182933757737445,-0.0374039710505444,False,False,False,,16,129
16,Random 30% #13,1028,0.0061871080085679,0.0100001610898779,0.0176069448019276,-0.0038130530813099,-0.0114198367933597,False,False,False,,16,129
16,Random 30% #14,1028,-0.0024039572835282,0.0052411725238607,0.0220271179123963,-0.0076451298073889,-0.0244310751959246,False,False,False,,16,129
16,Random 30% #15,1028,-0.0014797507788162,0.0042950112934054,0.0219172841900202,-0.0057747620722216,-0.0233970349688364,False,False,False,,16,129
16,Random 30% #16,1028,0.006823838043474,0.0064965660183796,0.0210121246275173,0.0003272720250944,-0.0141882865840433,False,True,True,,16,129
16,Random 30% #17,1028,0.0030261642698374,0.0180543520754303,0.0208707728977903,-0.0150281878055928,-0.0178446086279529,False,False,False,,16,129
16,Random 30% #18,1028,0.008237689744539,0.0061122167221596,0.0176349085731163,0.0021254730223793,-0.0093972188285773,False,True,True,,16,129
16,Random 30% #19,1028,0.0066883064376393,-0.0049439756202919,0.0268482478851048,0.0116322820579312,-0.0201599414474655,True,True,True,,16,129
16,Random 30% #20,1028,-0.0099963316214233,0.0076657183368723,0.0333611065902108,-0.0176620499582956,-0.0433574382116341,False,False,False,,16,129
16,Random 30% #21,1028,0.002277451699682,0.0008522955534698,0.0089032661926231,0.0014251561462122,-0.006625814492941,False,True,True,,16,129
16,Random 30% #22,1028,0.0271739130434782,0.003127327166998,0.021221439262497,0.0240465858764801,0.0059524737809812,False,False,False,,16,129
16,Random 30% #23,1028,0.0053719593676173,0.0115404323796914,0.0222189915713834,-0.006168473012074,-0.016847032203766,False,False,False,,16,129
16,Random 30% #24,1028,0.0374355138753044,0.0051882587862759,0.0099863157095862,0.0322472550890284,0.0274491981657182,False,False,False,,16,129
16,Random 30% #25,1028,0.0207335170659317,-0.0054646753319422,0.0228068878209515,0.0261981923978739,-0.0020733707550197,True,True,True,,16,129
16,Random 30% #26,1028,0.000322640117994,0.01924745962333,0.006260047641697,-0.0189248195053359,-0.0059374075237029,False,False,False,,16,129
16,Random 30% #27,1028,-0.0133699862551543,0.0080975907821697,0.0081060774435341,-0.021467577037324,-0.0214760636986884,False,False,False,,16,129
16,Random 30% #28,1028,0.0048546691403834,0.0070678499279036,0.0132191259196497,-0.0022131807875202,-0.0083644567792663,False,False,False,,16,129
16,Random 30% #29,1028,0.0132264436461088,-0.0056444944468244,0.0141988229638045,0.0188709380929333,-0.0009723793176956,True,True,True,,16,129
16,Random 30% #30,1028,0.0073191060456281,0.0097693684563169,0.0098210140337712,-0.0024502624106888,-0.0025019079881431,False,False,False,,16,129
16,Random 30% #31,1028,0.0186572318838355,-0.0006420830847855,0.0152212397270941,0.0192993149686211,0.0034359921567414,True,False,True,,16,129
16,Random 30% #32,1028,0.0146773132638857,0.0163715785994549,0.0167811543481859,-0.0016942653355691,-0.0021038410843002,False,False,False,,16,129
16,Random 30% #33,1028,0.0107989019115876,0.005317868293613,0.0197824922182641,0.0054810336179745,-0.0089835903066765,False,True,True,,16,129
16,Random 30% #34,1028,0.0036708111308466,0.0001236462588294,0.0298102161642898,0.0035471648720171,-0.0261394050334431,False,True,True,,16,129
16,Random 30% #35,1028,-0.0021279853031231,0.0033805288514386,0.0208396481703309,-0.0055085141545617,-0.022967633473454,False,False,False,,16,129
16,Random 30% #36,1028,-0.0048226599270606,0.0077235504335302,0.0164703220110143,-0.0125462103605909,-0.0212929819380749,False,False,False,,16,129
16,Random 30% #37,1028,-0.0037446257685728,0.0100421195265025,0.0225338982781019,-0.0137867452950754,-0.0262785240466747,False,False,False,,16,129
16,Random 30% #38,1028,0.0108722741433021,-0.0143496304917177,0.0281366574699736,0.0252219046350199,-0.0172643833266714,True,True,True,,16,129
16,Random 30% #39,1028,0.0380230468256006,-0.0053595042619298,0.0093081406851567,0.0433825510875304,0.0287149061404438,True,False,True,,16,129
16,Random 30% #40,1028,-0.0156995008383602,0.0012266757811247,0.0174356569436247,-0.016926176619485,-0.033135157781985,False,False,False,,16,129
16,Random 30% #41,1028,0.0003191021554961,0.0036727354632975,0.0152532213818328,-0.0033536333078014,-0.0149341192263367,False,False,False,,16,129
16,Random 30% #42,1028,0.0039796984507742,0.0054416513710422,0.0106086849203562,-0.001461952920268,-0.0066289864695819,False,False,False,,16,129
16,Random 30% #43,1028,0.0320665445665445,0.0050413819596148,0.0261177962850195,0.0270251626069297,0.0059487482815249,False,False,False,,16,129
16,Random 30% #44,1028,0.014617494198646,0.0025890199999216,0.023912169960969,0.0120284741987243,-0.009294675762323,False,True,True,,16,129
16,Random 30% #45,1028,-0.010677190889205,-0.0076909124868856,0.0126311545052318,-0.0029862784023194,-0.0233083453944368,True,False,True,,16,129
16,Random 30% #46,1028,-0.0211341559464426,-0.0024152024989554,0.0127147385342528,-0.0187189534474872,-0.0338488944806955,True,False,True,,16,129
16,Random 30% #47,1028,0.0021068472535741,0.0151021451103369,0.0281057693492744,-0.0129952978567628,-0.0259989220957003,False,False,False,,16,129
16,Random 30% #48,1028,0.0099373113536103,0.0221356191079749,0.0285673059541605,-0.0121983077543645,-0.0186299946005501,False,False,False,,16,129
16,Random 30% #49,1028,-0.0033935788911766,0.0054233061098455,0.0206658822942159,-0.0088168850010222,-0.0240594611853926,False,False,False,,16,129
16,Random 30% #50,1028,-0.0149638584774062,0.0113504164761649,0.0178187020375955,-0.0263142749535712,-0.0327825605150018,False,False,False,,16,129
32,All Patients,3429,0.0078818040435458,0.0184471891564147,0.0198752706813465,-0.0105653851128688,-0.0119934666378006,False,False,False,,32,257
32,ICUType 1.0,490,0.0294939989088925,0.0350939426355978,0.0430312277512571,-0.0055999437267053,-0.0135372288423646,False,False,False,,32,257
32,ICUType 2.0,643,-0.000975689080413,-0.0016378182545629,0.0092559568464095,0.0006621291741499,-0.0102316459268226,True,True,True,,32,257
32,ICUType 3.0,1357,-0.0217764843549488,0.0047755941963827,0.0148559111683577,-0.0265520785513316,-0.0366323955233066,False,False,False,,32,257
32,ICUType 4.0,939,0.0202084035501629,0.0288125654272019,0.0257226262244789,-0.008604161877039,-0.005514222674316,False,False,False,,32,257
32,Age decile 0,374,0.046026807780653,0.0360460142212891,0.000757602911092,0.0099807935593639,0.0452692048695609,False,False,False,,32,257
32,Age decile 1,344,0.0273634472301562,0.0495933574209868,-0.0038502445795126,-0.0222299101908306,0.0312136918096688,True,True,True,,32,257
32,Age decile 2,347,0.0042864169770219,-0.019667438370476,0.0451066889261378,0.023953855347498,-0.0408202719491158,True,True,True,,32,257
32,Age decile 3,325,0.0096292729898892,0.0332245077792169,0.0567032711684458,-0.0235952347893276,-0.0470739981785565,False,False,False,,32,257
32,Age decile 4,372,-0.0152359717577108,0.0289318373599994,-0.0157120907369087,-0.0441678091177103,0.0004761189791978,True,True,True,,32,257
32,Age decile 5,344,-0.0250497851378262,0.0118171976479077,0.0030425807940704,-0.0368669827857339,-0.0280923659318966,False,False,False,,32,257
32,Age decile 6,397,-0.0004719207173194,0.037359785551961,0.0159935036575715,-0.0378317062692805,-0.016465424374891,False,False,False,,32,257
32,Age decile 7,247,0.0173747705218987,0.0462771339500426,-0.0007374217970942,-0.0289023634281438,0.018112192318993,True,True,True,,32,257
32,Age decile 8,354,-0.0216450216450216,0.0294814387444203,-0.0121934108544509,-0.0511264603894419,-0.0094516107905707,True,False,True,,32,257
32,Age decile 9,325,-0.0771864301276066,0.0380409823023673,-0.0119110002124172,-0.1152274124299739,-0.0652754299151893,True,False,True,,32,257
32,HR quartile 0,877,0.0371049136786188,0.0451849002020255,0.0170277280568496,-0.0080799865234067,0.0200771856217692,False,True,True,,32,257
32,HR quartile 1,917,-0.0169849537037037,0.0046544134993287,0.0121065304018073,-0.0216393672030324,-0.029091484105511,False,False,False,,32,257
32,HR quartile 2,816,0.034861311019492,0.0148894487347169,0.0322018985885944,0.0199718622847751,0.0026594124308976,False,False,False,,32,257
32,HR quartile 3,819,-0.0232600311906863,0.0136448268565177,0.0135685731587588,-0.036904858047204,-0.0368286043494452,False,False,False,,32,257
32,MAP quartile 0,877,-0.0141240285818599,0.0223227094929736,0.0108023006163557,-0.0364467380748335,-0.0249263291982156,False,False,False,,32,257
32,MAP quartile 1,840,0.02392179413456,-0.0024875574841625,0.0452275743776194,0.0264093516187226,-0.0213057802430593,True,True,True,,32,257
32,MAP quartile 2,866,0.0104058609958506,0.0126778552981021,0.0049268720521426,-0.0022719943022515,0.0054789889437079,False,True,True,,32,257
32,MAP quartile 3,846,0.0090927756430939,0.0329077141832923,0.027413411315201,-0.0238149385401984,-0.0183206356721071,False,False,False,,32,257
32,Temp quartile 0,902,0.0068727157158747,0.0218544882357351,0.0225422349374366,-0.0149817725198603,-0.0156695192215618,False,False,False,,32,257
32,Temp quartile 1,864,0.0305627470437901,0.0176319600304273,0.0113035971986027,0.0129307870133628,0.0192591498451873,False,False,False,,32,257
32,Temp quartile 2,838,-0.0036346905912123,0.0293220651568347,0.020698714154068,-0.032956755748047,-0.0243334047452803,False,False,False,,32,257
32,Temp quartile 3,825,-0.0023612750885478,-0.0014230498729066,0.0045851078858155,-0.0009382252156411,-0.0069463829743633,True,False,True,,32,257
32,Urine quartile 0,859,-0.0313289760348584,0.0165375328266551,0.0283467861672173,-0.0478665088615135,-0.0596757622020757,False,False,False,,32,257
32,Urine quartile 1,913,-0.0210526315789473,0.0004162353149394,-0.0118115270596015,-0.0214688668938867,-0.0092411045193458,True,False,True,,32,257
32,Urine quartile 2,802,0.0149901230333403,0.022157683176875,0.0194873201810827,-0.0071675601435347,-0.0044971971477424,False,False,False,,32,257
32,Urine quartile 3,855,0.0601118199903958,0.0246621559276129,-0.0007484957980232,0.0354496640627828,0.0608603157884191,True,False,True,,32,257
32,SAPS quartile 0,1025,0.0026756349262149,0.0043708467169653,0.0011184462538377,-0.0016952117907504,0.0015571886723772,False,True,True,,32,257
32,SAPS quartile 1,946,0.0452124666297511,0.0089770619214584,0.0233719400785489,0.0362354047082927,0.0218405265512021,False,False,False,,32,257
32,SAPS quartile 2,660,0.0015384615384615,0.018425280905981,0.0052255795975672,-0.0168868193675195,-0.0036871180591056,False,False,False,,32,257
32,SAPS quartile 3,798,-0.0389986891196934,0.0294493006074756,0.0244064591987658,-0.068447989727169,-0.0634051483184593,False,False,False,,32,257
32,HR > 100,945,-0.0351262896411669,-0.0082348618987629,0.018211871531422,-0.0268914277424039,-0.053338161172589,True,False,True,,32,257
32,MAP < 65,697,-0.0279136809159047,0.0248876366731835,0.0083341781092118,-0.0528013175890883,-0.0362478590251166,False,False,False,,32,257
32,Temp > 38C,267,-0.0430204913392958,0.0073031741292701,6.907027255473319e-05,-0.0503236654685659,-0.0430895616118505,False,False,False,,32,257
32,Urine > 1000,210,0.0458952811893988,0.0621190107857645,-0.0199146176579591,-0.0162237295963656,0.0658098988473579,True,True,True,,32,257
32,Random 50% #1,1714,0.0148182289884191,0.0208648954752764,0.0135308871458509,-0.0060466664868572,0.0012873418425682,False,True,True,,32,257
32,Random 50% #2,1714,0.0038708396744524,0.0165552543666122,0.0110104127276925,-0.0126844146921597,-0.0071395730532401,False,False,False,,32,257
32,Random 50% #3,1714,0.0221853388658367,0.0187405355768948,0.0195504935591324,0.0034448032889419,0.0026348453067043,False,False,False,,32,257
32,Random 50% #4,1714,0.0209444740819774,0.0149981159967716,0.0177400182448528,0.0059463580852057,0.0032044558371245,False,False,False,,32,257
32,Random 50% #5,1714,0.025145147627017,0.0157438064221951,0.0235599685816046,0.0094013412048219,0.0015851790454124,False,False,False,,32,257
32,Random 50% #6,1714,-0.0032358828377694,0.0111623843136065,0.0147689646458264,-0.014398267151376,-0.0180048474835959,False,False,False,,32,257
32,Random 50% #7,1714,0.0203886964648963,0.0258951945023419,0.0215990586722777,-0.0055064980374455,-0.0012103622073814,False,False,False,,32,257
32,Random 50% #8,1714,-0.0080211409064465,0.0171007933878074,0.0194334747603282,-0.025121934294254,-0.0274546156667748,False,False,False,,32,257
32,Random 50% #9,1714,-0.0018808498325041,0.0126161067733359,0.0164955720986554,-0.0144969566058401,-0.0183764219311595,False,False,False,,32,257
32,Random 50% #10,1714,0.0032849222618878,0.0132903683888349,0.0210262125007577,-0.010005446126947,-0.0177412902388698,False,False,False,,32,257
32,Random 50% #11,1714,0.0064028840624585,0.0187353637833543,0.0230979780613863,-0.0123324797208958,-0.0166950939989278,False,False,False,,32,257
32,Random 50% #12,1714,-0.0033234372422892,0.0218830306590989,0.0160197955814975,-0.0252064679013882,-0.0193432328237868,False,False,False,,32,257
32,Random 50% #13,1714,0.0032517955657333,0.0143017085380136,0.0195686844421989,-0.0110499129722803,-0.0163168888764656,False,False,False,,32,257
32,Random 50% #14,1714,0.0062157191184681,0.0189818050449934,0.0064958243604873,-0.0127660859265252,-0.0002801052420191,False,False,False,,32,257
32,Random 50% #15,1714,0.0026854501430772,0.0181086348085739,0.0221625137114549,-0.0154231846654966,-0.0194770635683777,False,False,False,,32,257
32,Random 50% #16,1714,0.0188052608311229,0.025177288798906,0.0165877237785018,-0.0063720279677831,0.002217537052621,False,True,True,,32,257
32,Random 50% #17,1714,0.0073507410721795,0.008724534085069,0.0222261887531791,-0.0013737930128895,-0.0148754476809995,False,False,False,,32,257
32,Random 50% #18,1714,0.0251803786741562,0.0237187290007349,0.0289693389541063,0.0014616496734212,-0.00378896027995,False,True,True,,32,257
32,Random 50% #19,1714,0.0087463233253787,0.0148970558257462,0.0164709907854277,-0.0061507325003674,-0.0077246674600489,False,False,False,,32,257
32,Random 50% #20,1714,0.0239488541873964,0.0158691258081783,0.0279835291038253,0.008079728379218,-0.0040346749164289,False,True,True,,32,257
32,Random 50% #21,1714,0.0016605879752431,0.0130213361861691,0.0244987545409047,-0.0113607482109259,-0.0228381665656615,False,False,False,,32,257
32,Random 50% #22,1714,0.0178287222426975,0.0120743289116967,0.0200669466146058,0.0057543933310007,-0.0022382243719082,False,True,True,,32,257
32,Random 50% #23,1714,-0.0051929851771431,0.0123670697534716,0.0223240655524724,-0.0175600549306147,-0.0275170507296156,False,False,False,,32,257
32,Random 50% #24,1714,0.0201698382197979,0.0138946726663579,0.0295180287703579,0.0062751655534399,-0.0093481905505599,False,True,True,,32,257
32,Random 50% #25,1714,0.0024135223603308,0.0248372953427916,0.0206065616496688,-0.0224237729824608,-0.018193039289338,False,False,False,,32,257
32,Random 50% #26,1714,-0.0063986093578627,0.0156218581850395,0.0138800537849463,-0.0220204675429022,-0.0202786631428091,False,False,False,,32,257
32,Random 50% #27,1714,-0.0048317683881064,0.0175679266820006,0.0131155395168457,-0.022399695070107,-0.0179473079049521,False,False,False,,32,257
32,Random 50% #28,1714,0.0098094573797898,0.0097552697992502,0.0161256636056857,5.418758053957195e-05,-0.0063162062258958,False,True,True,,32,257
32,Random 50% #29,1714,0.0125552608311229,0.0169570735170092,0.0114940264736784,-0.0044018126858863,0.0010612343574444,False,True,True,,32,257
32,Random 50% #30,1714,0.0022139615866539,0.0134746405324477,0.0256104740304503,-0.0112606789457938,-0.0233965124437963,False,False,False,,32,257
32,Random 50% #31,1714,0.0081502190717898,0.0118099978796731,0.0109560861794005,-0.0036597788078833,-0.0028058671076107,False,False,False,,32,257
32,Random 50% #32,1714,-0.0092920029904661,0.0067848336372796,0.0147116271987124,-0.0160768366277457,-0.0240036301891786,False,False,False,,32,257
32,Random 50% #33,1714,-0.002514181228832,0.0130825151054256,0.0211744321153877,-0.0155966963342576,-0.0236886133442197,False,False,False,,32,257
32,Random 50% #34,1714,0.0070180513371488,0.0133370356587477,0.0147429873660263,-0.0063189843215988,-0.0077249360288774,False,False,False,,32,257
32,Random 50% #35,1714,0.0093248828878478,0.0210415881606328,0.0220620054957774,-0.0117167052727849,-0.0127371226079295,False,False,False,,32,257
32,Random 50% #36,1714,0.016912667846362,0.0126213966269066,0.0225014024415432,0.0042912712194553,-0.0055887345951811,False,True,True,,32,257
32,Random 50% #37,1714,0.0036653828805384,0.0175462663240681,0.0148727640910421,-0.0138808834435296,-0.0112073812105036,False,False,False,,32,257
32,Random 50% #38,1714,0.0021576191788371,0.0161924533171351,0.0183624062818051,-0.014034834138298,-0.016204787102968,False,False,False,,32,257
32,Random 50% #39,1714,0.0170086158804934,0.0075048513820703,0.0191030175390159,0.009503764498423,-0.0020944016585225,False,True,True,,32,257
32,Random 50% #40,1714,0.018520937100027,0.0186304488157534,0.0276081503601562,-0.0001095117157263,-0.0090872132601291,False,False,False,,32,257
32,Random 50% #41,1714,0.0027199322354597,0.0092154938318353,0.0091138479904733,-0.0064955615963755,-0.0063939157550136,False,False,False,,32,257
32,Random 50% #42,1714,0.0178900300253214,0.0236675947660453,0.0104839833947594,-0.0057775647407239,0.0074060466305619,False,True,True,,32,257
32,Random 50% #43,1714,0.0169958506224066,0.0169404687474812,0.0156857760130979,5.538187492540314e-05,0.0013100746093087,False,False,False,,32,257
32,Random 50% #44,1714,-0.0080414937759336,0.0196392185785688,0.0190107500199177,-0.0276807123545024,-0.0270522437958513,False,False,False,,32,257
32,Random 50% #45,1714,-0.0006684003732017,0.0199830787577434,0.0088140069106365,-0.0206514791309451,-0.0094824072838382,False,False,False,,32,257
32,Random 50% #46,1714,-0.0127567411871579,0.0143682334398004,0.0162759168529899,-0.0271249746269583,-0.0290326580401479,False,False,False,,32,257
32,Random 50% #47,1714,-0.0023071888899981,0.0144942263993062,0.0315551800019047,-0.0168014152893043,-0.0338623688919028,False,False,False,,32,257
32,Random 50% #48,1714,0.0007707867678387,0.025240150842654,0.0204653120278666,-0.0244693640748152,-0.0196945252600279,False,False,False,,32,257
32,Random 50% #49,1714,-0.0052585890287469,0.0134802492012222,0.0101906256638948,-0.0187388382299692,-0.0154492146926418,False,False,False,,32,257
32,Random 50% #50,1714,-0.009935439192208,0.0085621258533498,-0.0026666470174403,-0.0184975650455578,-0.0072687921747676,True,False,True,,32,257
32,Random 30% #1,1028,0.0177032019704433,0.0240838498430861,0.0342139344540641,-0.0063806478726427,-0.0165107324836207,False,False,False,,32,257
32,Random 30% #2,1028,-0.0188812287552644,-0.0049344298753467,0.010109915784213,-0.0139467988799177,-0.0289911445394775,True,False,True,,32,257
32,Random 30% #3,1028,-0.0136963318843895,-0.0115281702630672,0.0044147873542867,-0.0021681616213223,-0.0181111192386763,True,False,True,,32,257
32,Random 30% #4,1028,0.012612065619632,0.0146652558089959,0.0110575573576204,-0.0020531901893638,0.0015545082620116,False,True,True,,32,257
32,Random 30% #5,1028,0.012955140579904,0.0245306525414084,0.0154546133294498,-0.0115755119615043,-0.0024994727495457,False,False,False,,32,257
32,Random 30% #6,1028,0.011061887501678,0.0050448722612345,0.0182174803061144,0.0060170152404434,-0.0071555928044363,False,True,True,,32,257
32,Random 30% #7,1028,-0.0019795447047178,0.0192363738112837,0.0337466799004333,-0.0212159185160016,-0.0357262246051512,False,False,False,,32,257
32,Random 30% #8,1028,-0.0013757582957458,0.0181230978896261,0.0177333988183406,-0.019498856185372,-0.0191091571140865,False,False,False,,32,257
32,Random 30% #9,1028,0.0167924069116573,0.0075791472164773,0.0111436800532528,0.00921325969518,0.0056487268584045,False,False,False,,32,257
32,Random 30% #10,1028,0.0218614718614718,0.0035036333872407,-0.0004677076964657,0.0183578384742311,0.0223291795579375,True,False,True,,32,257
32,Random 30% #11,1028,0.0036992125742528,0.0190415586997696,0.0157791330775625,-0.0153423461255167,-0.0120799205033096,False,False,False,,32,257
32,Random 30% #12,1028,-0.0176439165409753,0.0193241288681439,0.0019039653433089,-0.0369680454091193,-0.0195478818842843,False,False,False,,32,257
32,Random 30% #13,1028,0.0061871080085679,0.025913460648371,0.0147974108748696,-0.019726352639803,-0.0086103028663016,False,False,False,,32,257
32,Random 30% #14,1028,-0.0024039572835282,0.0114081748346951,0.0198356230235592,-0.0138121321182234,-0.0222395803070875,False,False,False,,32,257
32,Random 30% #15,1028,-0.0014797507788162,0.0110605033761991,0.0148072577011304,-0.0125402541550153,-0.0162870084799466,False,False,False,,32,257
32,Random 30% #16,1028,0.006823838043474,0.0025417883058055,0.0165523738455685,0.0042820497376685,-0.0097285358020944,False,True,True,,32,257
32,Random 30% #17,1028,0.0030261642698374,0.0135354493439406,0.0140166509565357,-0.0105092850741031,-0.0109904866866982,False,False,False,,32,257
32,Random 30% #18,1028,0.008237689744539,0.0303820827779124,0.0093611813437355,-0.0221443930333734,-0.0011234915991964,False,False,False,,32,257
32,Random 30% #19,1028,0.0066883064376393,0.0135349964596087,0.027703247828258,-0.0068466900219694,-0.0210149413906187,False,False,False,,32,257
32,Random 30% #20,1028,-0.0099963316214233,0.0228996657665441,0.0334910177213682,-0.0328959973879674,-0.0434873493427916,False,False,False,,32,257
32,Random 30% #21,1028,0.002277451699682,0.0156408224762248,0.0024688950188658,-0.0133633707765428,-0.0001914433191837,False,False,False,,32,257
32,Random 30% #22,1028,0.0271739130434782,0.0095958462752657,0.0132232385968323,0.0175780667682124,0.0139506744466459,False,False,False,,32,257
32,Random 30% #23,1028,0.0053719593676173,0.0215830594813949,0.0255607789584232,-0.0162111001137775,-0.0201888195908058,False,False,False,,32,257
32,Random 30% #24,1028,0.0374355138753044,0.027657849110764,0.0045410455800903,0.0097776647645403,0.032894468295214,False,False,False,,32,257
32,Random 30% #25,1028,0.0207335170659317,0.0062082326716778,0.0247335821813996,0.0145252843942538,-0.0040000651154679,False,True,True,,32,257
32,Random 30% #26,1028,0.000322640117994,0.0231234718996915,0.0056635294481541,-0.0228008317816974,-0.00534088933016,False,False,False,,32,257
32,Random 30% #27,1028,-0.0133699862551543,0.0129344386180317,0.034113387155097,-0.0263044248731861,-0.0474833734102513,False,False,False,,32,257
32,Random 30% #28,1028,0.0048546691403834,0.0126423129833263,0.0076776493826958,-0.0077876438429429,-0.0028229802423124,False,False,False,,32,257
32,Random 30% #29,1028,0.0132264436461088,0.0147573089271241,0.0200165273206883,-0.0015308652810152,-0.0067900836745794,False,False,False,,32,257
32,Random 30% #30,1028,0.0073191060456281,0.0198218022108027,0.0104555916897483,-0.0125026961651746,-0.0031364856441202,False,False,False,,32,257
32,Random 30% #31,1028,0.0186572318838355,0.031785018433828,0.0266265551442201,-0.0131277865499925,-0.0079693232603846,False,False,False,,32,257
32,Random 30% #32,1028,0.0146773132638857,0.0312798091746616,0.0144895432990257,-0.0166024959107759,0.0001877699648599,False,True,True,,32,257
32,Random 30% #33,1028,0.0107989019115876,0.0115415785924364,0.0192497966058085,-0.0007426766808488,-0.0084508946942209,False,False,False,,32,257
32,Random 30% #34,1028,0.0036708111308466,0.0122715090763725,0.0253345821422274,-0.0086006979455259,-0.0216637710113807,False,False,False,,32,257
32,Random 30% #35,1028,-0.0021279853031231,0.0213892478617907,0.0189149285262482,-0.0235172331649139,-0.0210429138293713,False,False,False,,32,257
32,Random 30% #36,1028,-0.0048226599270606,0.0072406228032302,0.0128456358787628,-0.0120632827302908,-0.0176682958058234,False,False,False,,32,257
32,Random 30% #37,1028,-0.0037446257685728,0.0075652866193627,0.0313946532318181,-0.0113099123879356,-0.035139279000391,False,False,False,,32,257
32,Random 30% #38,1028,0.0108722741433021,-0.0093354956977931,0.0174875803722878,0.0202077698410952,-0.0066153062289856,True,True,True,,32,257
32,Random 30% #39,1028,0.0380230468256006,0.0093012461073824,0.006931917951834,0.0287218007182182,0.0310911288737666,False,False,False,,32,257
32,Random 30% #40,1028,-0.0156995008383602,0.0150791895916304,0.0186626326017464,-0.0307786904299907,-0.0343621334401066,False,False,False,,32,257
32,Random 30% #41,1028,0.0003191021554961,0.0130865867022458,0.0101878014757884,-0.0127674845467497,-0.0098686993202923,False,False,False,,32,257
32,Random 30% #42,1028,0.0039796984507742,0.0169350697303012,0.0109411983161231,-0.012955371279527,-0.0069614998653489,False,False,False,,32,257
32,Random 30% #43,1028,0.0320665445665445,0.0303077695120515,0.0268318243398882,0.0017587750544929,0.0052347202266563,False,False,False,,32,257
32,Random 30% #44,1028,0.014617494198646,0.0206835077198604,0.0239349176253234,-0.0060660135212144,-0.0093174234266774,False,False,False,,32,257
32,Random 30% #45,1028,-0.010677190889205,0.0113733778063801,0.0098450369921969,-0.0220505686955851,-0.0205222278814019,False,False,False,,32,257
32,Random 30% #46,1028,-0.0211341559464426,0.0090675793022702,0.010448826961778,-0.0302017352487129,-0.0315829829082206,False,False,False,,32,257
32,Random 30% #47,1028,0.0021068472535741,0.0396810480530318,0.0197862144474028,-0.0375742007994577,-0.0176793671938287,False,False,False,,32,257
32,Random 30% #48,1028,0.0099373113536103,0.0342867238212979,0.0265710158970114,-0.0243494124676875,-0.016633704543401,False,False,False,,32,257
32,Random 30% #49,1028,-0.0033935788911766,0.0278946190892725,0.0187471450470667,-0.0312881979804492,-0.0221407239382434,False,False,False,,32,257
32,Random 30% #50,1028,-0.0149638584774062,0.0174336994199437,0.0169990333219265,-0.03239755789735,-0.0319628917993328,False,False,False,,32,257
8-4,All Patients,3429,0.0078818040435458,0.0156331841709378,0.018610731321291,-0.0077513801273919,-0.0107289272777451,False,False,False,,8-4,97
8-4,ICUType 1.0,490,0.0294939989088925,0.0335999220202166,0.049432460842534,-0.004105923111324,-0.0199384619336414,False,False,False,,8-4,97
8-4,ICUType 2.0,643,-0.000975689080413,-0.0046662090140937,0.002767674716824,0.0036905199336806,-0.0037433637972371,True,True,True,,8-4,97
8-4,ICUType 3.0,1357,-0.0217764843549488,0.0021051493892373,0.0121140247136923,-0.0238816337441861,-0.0338905090686411,False,False,False,,8-4,97
8-4,ICUType 4.0,939,0.0202084035501629,0.0283663887524363,0.0142048318420663,-0.0081579852022734,0.0060035717080965,False,True,True,,8-4,97
8-4,Age decile 0,374,0.046026807780653,0.0300872718106044,0.0005097770327914,0.0159395359700485,0.0455170307478616,False,False,False,,8-4,97
8-4,Age decile 1,344,0.0273634472301562,0.0503285063678941,-0.0009555001595554,-0.0229650591377378,0.0283189473897117,True,True,True,,8-4,97
8-4,Age decile 2,347,0.0042864169770219,0.0042407137351819,0.0107294995706399,4.5703241840028275e-05,-0.006443082593618,False,True,True,,8-4,97
8-4,Age decile 3,325,0.0096292729898892,0.0366020639201833,0.030354565342913,-0.026972790930294,-0.0207252923530237,False,False,False,,8-4,97
8-4,Age decile 4,372,-0.0152359717577108,0.0437852898551769,-0.0175688553376744,-0.0590212616128878,0.0023328835799635,True,True,True,,8-4,97
8-4,Age decile 5,344,-0.0250497851378262,0.0361408235945521,0.0289488453545895,-0.0611906087323783,-0.0539986304924158,False,False,False,,8-4,97
8-4,Age decile 6,397,-0.0004719207173194,0.0451029524712027,0.0054761431927966,-0.0455748731885222,-0.0059480639101161,False,False,False,,8-4,97
8-4,Age decile 7,247,0.0173747705218987,0.0559006118102875,-0.0061750259224512,-0.0385258412883887,0.02354979644435,True,True,True,,8-4,97
8-4,Age decile 8,354,-0.0216450216450216,0.0155148082795439,-0.0431492923770825,-0.0371598299245656,0.0215042707320608,True,True,True,,8-4,97
8-4,Age decile 9,325,-0.0771864301276066,0.014478803200215,-0.0353296051820475,-0.0916652333278216,-0.041856824945559,True,False,True,,8-4,97
8-4,HR quartile 0,877,0.0371049136786188,0.0339265812997438,0.0136769680734451,0.003178332378875,0.0234279456051737,False,False,False,,8-4,97
8-4,HR quartile 1,917,-0.0169849537037037,-0.0090260052524165,0.009454735971502,-0.0079589484512871,-0.0264396896752057,True,False,True,,8-4,97
8-4,HR quartile 2,816,0.034861311019492,0.0214993404829736,0.0190509390997359,0.0133619705365184,0.0158103719197561,False,False,False,,8-4,97
8-4,HR quartile 3,819,-0.0232600311906863,0.0082003850913633,0.0266778157149263,-0.0314604162820496,-0.0499378469056126,False,False,False,,8-4,97
8-4,MAP quartile 0,877,-0.0141240285818599,0.0159669446462047,0.0086034764744763,-0.0300909732280646,-0.0227275050563362,False,False,False,,8-4,97
8-4,MAP quartile 1,840,0.02392179413456,0.0136746292807703,0.0160740867875527,0.0102471648537897,0.0078477073470073,False,False,False,,8-4,97
8-4,MAP quartile 2,866,0.0104058609958506,0.0211549663749478,0.0094382630620074,-0.0107491053790972,0.0009675979338431,False,True,True,,8-4,97
8-4,MAP quartile 3,846,0.0090927756430939,0.0315477479284049,0.028431347602931,-0.022454972285311,-0.0193385719598371,False,False,False,,8-4,97
8-4,Temp quartile 0,902,0.0068727157158747,0.0198341547745845,0.0090349178887495,-0.0129614390587097,-0.0021622021728747,False,False,False,,8-4,97
8-4,Temp quartile 1,864,0.0305627470437901,0.0197262110422321,0.0164717951723254,0.010836536001558,0.0140909518714647,False,False,False,,8-4,97
8-4,Temp quartile 2,838,-0.0036346905912123,0.0165629706644221,0.0125666803309425,-0.0201976612556344,-0.0162013709221548,False,False,False,,8-4,97
8-4,Temp quartile 3,825,-0.0023612750885478,0.0085793113038476,0.0061990996119535,-0.0109405863923954,-0.0085603747005013,False,False,False,,8-4,97
8-4,Urine quartile 0,859,-0.0313289760348584,-0.0023345535560916,0.0022647033910452,-0.0289944224787667,-0.0335936794259036,True,False,True,,8-4,97
8-4,Urine quartile 1,913,-0.0210526315789473,0.0041191958234225,-0.0110103582331444,-0.0251718274023699,-0.0100422733458029,True,False,True,,8-4,97
8-4,Urine quartile 2,802,0.0149901230333403,0.0088579518275932,-9.98225103250594e-05,0.006132171205747,0.0150899455436653,True,False,True,,8-4,97
8-4,Urine quartile 3,855,0.0601118199903958,0.0169071031138027,0.0049916524139983,0.043204716876593,0.0551201675763975,False,False,False,,8-4,97
8-4,SAPS quartile 0,1025,0.0026756349262149,0.0051586312129206,0.0002940832577801,-0.0024829962867056,0.0023815516684347,False,True,True,,8-4,97
8-4,SAPS quartile 1,946,0.0452124666297511,0.0028766935950153,0.0203130128624761,0.0423357730347358,0.024899453767275,False,False,False,,8-4,97
8-4,SAPS quartile 2,660,0.0015384615384615,0.0198984153602144,-0.0064982988377316,-0.0183599538217528,0.0080367603761932,True,True,True,,8-4,97
8-4,SAPS quartile 3,798,-0.0389986891196934,0.0138858123137881,-0.0092360896136318,-0.0528845014334816,-0.0297625995060616,True,False,True,,8-4,97
8-4,HR > 100,945,-0.0351262896411669,0.0009369296791429,0.0257638382894076,-0.0360632193203099,-0.0608901279305746,False,False,False,,8-4,97
8-4,MAP < 65,697,-0.0279136809159047,0.0145775930440371,-0.0022219586409723,-0.0424912739599419,-0.0256917222749324,True,False,True,,8-4,97
8-4,Temp > 38C,267,-0.0430204913392958,0.009150466355125,-0.0033302501676446,-0.0521709576944208,-0.0396902411716511,True,False,True,,8-4,97
8-4,Urine > 1000,210,0.0458952811893988,0.0602021397038112,-0.0173060031437193,-0.0143068585144123,0.0632012843331181,True,True,True,,8-4,97
8-4,Random 50% #1,1714,0.0148182289884191,0.0139428622742844,0.0100608221534012,0.0008753667141347,0.0047574068350179,False,False,False,,8-4,97
8-4,Random 50% #2,1714,0.0038708396744524,0.0124498314507275,0.0128326009595507,-0.0085789917762751,-0.0089617612850982,False,False,False,,8-4,97
8-4,Random 50% #3,1714,0.0221853388658367,0.013120640539339,0.0120077572165684,0.0090646983264977,0.0101775816492682,False,False,False,,8-4,97
8-4,Random 50% #4,1714,0.0209444740819774,0.0115141424857621,0.0195712019468686,0.0094303315962152,0.0013732721351087,False,False,False,,8-4,97
8-4,Random 50% #5,1714,0.025145147627017,0.0098221879159273,0.0132301721923104,0.0153229597110897,0.0119149754347066,False,False,False,,8-4,97
8-4,Random 50% #6,1714,-0.0032358828377694,0.0050941433370233,0.0086337126096326,-0.0083300261747927,-0.0118695954474021,False,False,False,,8-4,97
8-4,Random 50% #7,1714,0.0203886964648963,0.0108183256395846,0.0210045276971688,0.0095703708253116,-0.0006158312322724,False,True,True,,8-4,97
8-4,Random 50% #8,1714,-0.0080211409064465,0.0159003895587148,0.0251121916412731,-0.0239215304651614,-0.0331333325477197,False,False,False,,8-4,97
8-4,Random 50% #9,1714,-0.0018808498325041,0.0137845060217164,0.0199331077106643,-0.0156653558542206,-0.0218139575431685,False,False,False,,8-4,97
8-4,Random 50% #10,1714,0.0032849222618878,0.0094102659827843,0.0077783557405956,-0.0061253437208965,-0.0044934334787078,False,False,False,,8-4,97
8-4,Random 50% #11,1714,0.0064028840624585,0.0153793972667328,0.0133401453471845,-0.0089765132042743,-0.006937261284726,False,False,False,,8-4,97
8-4,Random 50% #12,1714,-0.0033234372422892,0.0068003130248392,0.012220576682398,-0.0101237502671284,-0.0155440139246873,False,False,False,,8-4,97
8-4,Random 50% #13,1714,0.0032517955657333,0.0082594157768265,0.0164941789394741,-0.0050076202110932,-0.0132423833737407,False,False,False,,8-4,97
8-4,Random 50% #14,1714,0.0062157191184681,0.0089349180492786,0.0225709088905229,-0.0027191989308104,-0.0163551897720548,False,False,False,,8-4,97
8-4,Random 50% #15,1714,0.0026854501430772,0.0116678846094726,0.0224627996806106,-0.0089824344663954,-0.0197773495375333,False,False,False,,8-4,97
8-4,Random 50% #16,1714,0.0188052608311229,0.0235588592886843,0.011100468170617,-0.0047535984575614,0.0077047926605058,False,True,True,,8-4,97
8-4,Random 50% #17,1714,0.0073507410721795,0.008553782339176,0.0194285790998994,-0.0012030412669964,-0.0120778380277198,False,False,False,,8-4,97
8-4,Random 50% #18,1714,0.0251803786741562,0.0136476622339727,0.0239220028934153,0.0115327164401834,0.0012583757807408,False,False,False,,8-4,97
8-4,Random 50% #19,1714,0.0087463233253787,0.0034094133713131,0.0083688646271315,0.0053369099540656,0.0003774586982472,False,False,False,,8-4,97
8-4,Random 50% #20,1714,0.0239488541873964,0.0140148736872062,0.0227190245310808,0.0099339805001901,0.0012298296563155,False,False,False,,8-4,97
8-4,Random 50% #21,1714,0.0016605879752431,0.0067034859584308,0.0122626017002795,-0.0050428979831876,-0.0106020137250364,False,False,False,,8-4,97
8-4,Random 50% #22,1714,0.0178287222426975,0.0157317929454608,0.0176942587050973,0.0020969292972367,0.0001344635376001,False,False,False,,8-4,97
8-4,Random 50% #23,1714,-0.0051929851771431,0.0097060260242104,0.0083231142228202,-0.0148990112013535,-0.0135160993999633,False,False,False,,8-4,97
8-4,Random 50% #24,1714,0.0201698382197979,0.0150907224558615,0.0204704874178742,0.0050791157639363,-0.0003006491980762,False,True,True,,8-4,97
8-4,Random 50% #25,1714,0.0024135223603308,0.0127960923685411,0.0081575351271671,-0.0103825700082102,-0.0057440127668362,False,False,False,,8-4,97
8-4,Random 50% #26,1714,-0.0063986093578627,0.0129539458614628,0.0110026156772848,-0.0193525552193256,-0.0174012250351475,False,False,False,,8-4,97
8-4,Random 50% #27,1714,-0.0048317683881064,0.01642179340397,0.0137589108893385,-0.0212535617920764,-0.0185906792774449,False,False,False,,8-4,97
8-4,Random 50% #28,1714,0.0098094573797898,0.0083144910212471,0.0133488250245008,0.0014949663585427,-0.0035393676447109,False,True,True,,8-4,97
8-4,Random 50% #29,1714,0.0125552608311229,0.0086205950641956,0.0125888853437577,0.0039346657669272,-3.362451263483335e-05,False,True,True,,8-4,97
8-4,Random 50% #30,1714,0.0022139615866539,0.0055767872948797,0.0229711765859307,-0.0033628257082257,-0.0207572149992767,False,False,False,,8-4,97
8-4,Random 50% #31,1714,0.0081502190717898,0.0014190741648337,0.0084758904662985,0.0067311449069561,-0.0003256713945087,False,True,True,,8-4,97
8-4,Random 50% #32,1714,-0.0092920029904661,0.0038268495526797,0.0132113957396279,-0.0131188525431459,-0.0225033987300941,False,False,False,,8-4,97
8-4,Random 50% #33,1714,-0.002514181228832,0.0066137306923697,0.0175867488464089,-0.0091279119212018,-0.0201009300752409,False,False,False,,8-4,97
8-4,Random 50% #34,1714,0.0070180513371488,0.0101800883566518,0.0082811812832642,-0.003162037019503,-0.0012631299461154,False,False,False,,8-4,97
8-4,Random 50% #35,1714,0.0093248828878478,0.0168738219466619,0.0148782362498504,-0.0075489390588141,-0.0055533533620025,False,False,False,,8-4,97
8-4,Random 50% #36,1714,0.016912667846362,0.0030817482674079,0.012905539914763,0.013830919578954,0.0040071279315989,False,False,False,,8-4,97
8-4,Random 50% #37,1714,0.0036653828805384,0.0062217072802811,0.0142851688313004,-0.0025563243997426,-0.0106197859507619,False,False,False,,8-4,97
8-4,Random 50% #38,1714,0.0021576191788371,0.0091654760252062,0.0209835183600189,-0.0070078568463691,-0.0188258991811818,False,False,False,,8-4,97
8-4,Random 50% #39,1714,0.0170086158804934,0.0112835639012629,0.01764390064669,0.0057250519792304,-0.0006352847661966,False,True,True,,8-4,97
8-4,Random 50% #40,1714,0.018520937100027,0.0134146670493843,0.020748940180574,0.0051062700506427,-0.0022280030805469,False,True,True,,8-4,97
8-4,Random 50% #41,1714,0.0027199322354597,0.0067603725159337,0.0106788372073788,-0.0040404402804739,-0.007958904971919,False,False,False,,8-4,97
8-4,Random 50% #42,1714,0.0178900300253214,0.0129104676471337,0.0081040606120267,0.0049795623781876,0.0097859694132946,False,False,False,,8-4,97
8-4,Random 50% #43,1714,0.0169958506224066,0.017985014616747,0.0169994478466997,-0.0009891639943403,-3.5972242931059384e-06,False,False,False,,8-4,97
8-4,Random 50% #44,1714,-0.0080414937759336,0.0108343616475017,0.0103294956030841,-0.0188758554234353,-0.0183709893790177,False,False,False,,8-4,97
8-4,Random 50% #45,1714,-0.0006684003732017,0.0108512399851883,0.0129413832233194,-0.01151964035839,-0.0136097835965211,False,False,False,,8-4,97
8-4,Random 50% #46,1714,-0.0127567411871579,0.0115587888762163,0.014072556559155,-0.0243155300633743,-0.026829297746313,False,False,False,,8-4,97
8-4,Random 50% #47,1714,-0.0023071888899981,0.0107574808275271,0.0320648283335578,-0.0130646697175252,-0.0343720172235559,False,False,False,,8-4,97
8-4,Random 50% #48,1714,0.0007707867678387,0.0105986293047768,0.0157093975599275,-0.0098278425369381,-0.0149386107920888,False,False,False,,8-4,97
8-4,Random 50% #49,1714,-0.0052585890287469,0.0076785914354218,0.0087543912407307,-0.0129371804641687,-0.0140129802694776,False,False,False,,8-4,97
8-4,Random 50% #50,1714,-0.009935439192208,0.0013282904338513,0.0039513343562261,-0.0112637296260593,-0.0138867735484341,False,False,False,,8-4,97
8-4,Random 30% #1,1028,0.0177032019704433,0.0186732664906789,0.017293927498622,-0.0009700645202355,0.0004092744718213,False,True,True,,8-4,97
8-4,Random 30% #2,1028,-0.0188812287552644,0.0097886257918026,0.0070202965879999,-0.0286698545470671,-0.0259015253432644,False,False,False,,8-4,97
8-4,Random 30% #3,1028,-0.0136963318843895,0.0019803969769064,0.0085779872691399,-0.015676728861296,-0.0222743191535295,False,False,False,,8-4,97
8-4,Random 30% #4,1028,0.012612065619632,0.0106846462753423,0.0017948618587121,0.0019274193442897,0.0108172037609198,False,False,False,,8-4,97
8-4,Random 30% #5,1028,0.012955140579904,0.0197831923434186,0.0114704145414902,-0.0068280517635146,0.0014847260384138,False,True,True,,8-4,97
8-4,Random 30% #6,1028,0.011061887501678,0.0169844240862346,0.0060659219792028,-0.0059225365845565,0.0049959655224752,False,True,True,,8-4,97
8-4,Random 30% #7,1028,-0.0019795447047178,0.0196599588315287,0.0143508184954317,-0.0216395035362466,-0.0163303632001496,False,False,False,,8-4,97
8-4,Random 30% #8,1028,-0.0013757582957458,0.0217089112985252,0.0228712343227826,-0.023084669594271,-0.0242469926185285,False,False,False,,8-4,97
8-4,Random 30% #9,1028,0.0167924069116573,0.0139240787762418,0.0137060285551921,0.0028683281354155,0.0030863783564651,False,False,False,,8-4,97
8-4,Random 30% #10,1028,0.0218614718614718,0.0072128985780711,0.0024733213923848,0.0146485732834006,0.0193881504690869,False,False,False,,8-4,97
8-4,Random 30% #11,1028,0.0036992125742528,0.0086690019277191,0.0060040320556109,-0.0049697893534663,-0.0023048194813581,False,False,False,,8-4,97
8-4,Random 30% #12,1028,-0.0176439165409753,-0.0027126592159939,-0.0037463149858599,-0.0149312573249813,-0.0138976015551154,False,False,False,,8-4,97
8-4,Random 30% #13,1028,0.0061871080085679,0.0114261083379136,0.0082450634266829,-0.0052390003293456,-0.0020579554181149,False,False,False,,8-4,97
8-4,Random 30% #14,1028,-0.0024039572835282,0.019882506306505,0.007246027114317,-0.0222864635900333,-0.0096499843978453,False,False,False,,8-4,97
8-4,Random 30% #15,1028,-0.0014797507788162,0.0225995293214656,0.0120123569579924,-0.0240792801002818,-0.0134921077368086,False,False,False,,8-4,97
8-4,Random 30% #16,1028,0.006823838043474,0.0064739526002739,0.0089712327261901,0.0003498854432001,-0.002147394682716,False,True,True,,8-4,97
8-4,Random 30% #17,1028,0.0030261642698374,0.0142237578243626,0.0054120815680899,-0.0111975935545251,-0.0023859172982525,False,False,False,,8-4,97
8-4,Random 30% #18,1028,0.008237689744539,0.0043851626672746,-0.0010253208889318,0.0038525270772644,0.0092630106334709,True,False,True,,8-4,97
8-4,Random 30% #19,1028,0.0066883064376393,0.0010286735865311,0.0190590894296576,0.0056596328511081,-0.0123707829920182,False,True,True,,8-4,97
8-4,Random 30% #20,1028,-0.0099963316214233,0.0166494614402587,0.0146519102072421,-0.026645793061682,-0.0246482418286654,False,False,False,,8-4,97
8-4,Random 30% #21,1028,0.002277451699682,0.0162958488442613,-0.0009755329077417,-0.0140183971445792,0.0032529846074238,True,True,True,,8-4,97
8-4,Random 30% #22,1028,0.0271739130434782,0.0087137889365983,0.0138248408075547,0.0184601241068799,0.0133490722359235,False,False,False,,8-4,97
8-4,Random 30% #23,1028,0.0053719593676173,0.0155103137614172,0.0113255667230075,-0.0101383543937998,-0.0059536073553901,False,False,False,,8-4,97
8-4,Random 30% #24,1028,0.0374355138753044,0.0132406553512456,-0.0026144514046048,0.0241948585240588,0.0400499652799093,True,False,True,,8-4,97
8-4,Random 30% #25,1028,0.0207335170659317,0.0063462718420383,0.0084019790880161,0.0143872452238933,0.0123315379779155,False,False,False,,8-4,97
8-4,Random 30% #26,1028,0.000322640117994,0.0271284088874134,-0.0094710911028386,-0.0268057687694193,0.0097937312208327,True,True,True,,8-4,97
8-4,Random 30% #27,1028,-0.0133699862551543,0.0159015830839562,0.036966837510099,-0.0292715693391105,-0.0503368237652533,False,False,False,,8-4,97
8-4,Random 30% #28,1028,0.0048546691403834,0.0083757552864537,0.00813460710315,-0.0035210861460703,-0.0032799379627666,False,False,False,,8-4,97
8-4,Random 30% #29,1028,0.0132264436461088,0.0059845613441408,0.0076070264500288,0.007241882301968,0.00561941719608,False,False,False,,8-4,97
8-4,Random 30% #30,1028,0.0073191060456281,0.0096616396280014,-0.0003602296447968,-0.0023425335823733,0.0076793356904249,True,True,True,,8-4,97
8-4,Random 30% #31,1028,0.0186572318838355,0.01305430674077,0.009746233294725,0.0056029251430654,0.0089109985891104,False,False,False,,8-4,97
8-4,Random 30% #32,1028,0.0146773132638857,0.0285423926249143,0.0095652996024158,-0.0138650793610286,0.0051120136614698,False,True,True,,8-4,97
8-4,Random 30% #33,1028,0.0107989019115876,0.0185670163017295,0.0163162322609999,-0.0077681143901418,-0.0055173303494122,False,False,False,,8-4,97
8-4,Random 30% #34,1028,0.0036708111308466,0.0161256366413367,0.0144679307581542,-0.0124548255104901,-0.0107971196273075,False,False,False,,8-4,97
8-4,Random 30% #35,1028,-0.0021279853031231,0.0149033044229089,0.0142086339325523,-0.017031289726032,-0.0163366192356754,False,False,False,,8-4,97
8-4,Random 30% #36,1028,-0.0048226599270606,0.0130943832953946,0.0128680771566521,-0.0179170432224552,-0.0176907370837128,False,False,False,,8-4,97
8-4,Random 30% #37,1028,-0.0037446257685728,0.0219542529771769,0.0154605048737342,-0.0256988787457498,-0.0192051306423071,False,False,False,,8-4,97
8-4,Random 30% #38,1028,0.0108722741433021,-0.0050149302149795,0.0186996525443049,0.0158872043582816,-0.0078273784010027,True,True,True,,8-4,97
8-4,Random 30% #39,1028,0.0380230468256006,0.0024686538992365,0.0013731945393897,0.035554392926364,0.0366498522862109,False,False,False,,8-4,97
8-4,Random 30% #40,1028,-0.0156995008383602,0.0077846837173702,0.0166874808739952,-0.0234841845557304,-0.0323869817123555,False,False,False,,8-4,97
8-4,Random 30% #41,1028,0.0003191021554961,0.0135838773122146,0.0155791564415778,-0.0132647751567184,-0.0152600542860817,False,False,False,,8-4,97
8-4,Random 30% #42,1028,0.0039796984507742,0.0101705213684089,0.0036929569023626,-0.0061908229176347,0.0002867415484116,False,True,True,,8-4,97
8-4,Random 30% #43,1028,0.0320665445665445,0.0292791259544878,0.0227958067016686,0.0027874186120566,0.0092707378648758,False,False,False,,8-4,97
8-4,Random 30% #44,1028,0.014617494198646,0.005573984836372,0.020218760252697,0.009043509362274,-0.005601266054051,False,True,True,,8-4,97
8-4,Random 30% #45,1028,-0.010677190889205,0.0002723577995463,0.0020654317145287,-0.0109495486887513,-0.0127426226037337,False,False,False,,8-4,97
8-4,Random 30% #46,1028,-0.0211341559464426,-0.0003595790009598,0.0122931630851696,-0.0207745769454828,-0.0334273190316123,True,False,True,,8-4,97
8-4,Random 30% #47,1028,0.0021068472535741,0.0177443221519857,0.0109461842373979,-0.0156374748984115,-0.0088393369838238,False,False,False,,8-4,97
8-4,Random 30% #48,1028,0.0099373113536103,0.0213670068004222,0.013758158579757,-0.0114296954468118,-0.0038208472261466,False,False,False,,8-4,97
8-4,Random 30% #49,1028,-0.0033935788911766,0.0156709840156117,0.0100417719651247,-0.0190645629067884,-0.0134353508563014,False,False,False,,8-4,97
8-4,Random 30% #50,1028,-0.0149638584774062,0.0163404773929379,0.0123127425269946,-0.0313043358703442,-0.0272766010044009,False,False,False,,8-4,97
16-8,All Patients,3429,0.0078818040435458,0.0210012665801814,0.0323135488887306,-0.0131194625366355,-0.0244317448451847,False,False,False,,16-8,257
16-8,ICUType 1.0,490,0.0294939989088925,0.0271674912596447,0.0310714208018571,0.0023265076492478,-0.0015774218929646,False,True,True,,16-8,257
16-8,ICUType 2.0,643,-0.000975689080413,0.0050428437182192,0.0039093391968021,-0.0060185327986323,-0.0048850282772151,False,False,False,,16-8,257
16-8,ICUType 3.0,1357,-0.0217764843549488,0.0044150994875893,0.0305490576292511,-0.0261915838425381,-0.0523255419841999,False,False,False,,16-8,257
16-8,ICUType 4.0,939,0.0202084035501629,0.0291050798733601,0.0312015484974354,-0.0088966763231971,-0.0109931449472725,False,False,False,,16-8,257
16-8,Age decile 0,374,0.046026807780653,0.0495544439636578,-0.0004527159273595,-0.0035276361830048,0.0464795237080125,True,True,True,,16-8,257
16-8,Age decile 1,344,0.0273634472301562,0.0691226046078339,0.0269122497301036,-0.0417591573776777,0.0004511975000525,False,True,True,,16-8,257
16-8,Age decile 2,347,0.0042864169770219,-0.0066333328166473,0.0331744215899661,0.0109197497936693,-0.0288880046129441,True,True,True,,16-8,257
16-8,Age decile 3,325,0.0096292729898892,0.0596636043921142,0.0085729842300749,-0.050034331402225,0.0010562887598143,False,True,True,,16-8,257
16-8,Age decile 4,372,-0.0152359717577108,0.030551401360353,-0.051544555444853,-0.0457873731180639,0.0363085836871421,True,True,True,,16-8,257
16-8,Age decile 5,344,-0.0250497851378262,0.0122461798728983,0.0022452360267397,-0.0372959650107245,-0.027295021164566,False,False,False,,16-8,257
16-8,Age decile 6,397,-0.0004719207173194,0.0538917278220232,-0.0438757881079544,-0.0543636485393426,0.0434038673906349,True,True,True,,16-8,257
16-8,Age decile 7,247,0.0173747705218987,0.086177084782586,0.0061787380444205,-0.0688023142606872,0.0111960324774782,False,True,True,,16-8,257
16-8,Age decile 8,354,-0.0216450216450216,0.0153714844433522,-0.0353921134449885,-0.0370165060883739,0.0137470917999669,True,True,True,,16-8,257
16-8,Age decile 9,325,-0.0771864301276066,0.0760679530071841,0.0521125151079124,-0.1532543831347908,-0.1292989452355191,False,False,False,,16-8,257
16-8,HR quartile 0,877,0.0371049136786188,0.0681648308463146,0.0251870509938846,-0.0310599171676957,0.0119178626847342,False,True,True,,16-8,257
16-8,HR quartile 1,917,-0.0169849537037037,0.0110425385785021,0.005639644025404,-0.0280274922822058,-0.0226245977291077,False,False,False,,16-8,257
16-8,HR quartile 2,816,0.034861311019492,0.0324643906697023,0.0289607247282136,0.0023969203497897,0.0059005862912784,False,False,False,,16-8,257
16-8,HR quartile 3,819,-0.0232600311906863,0.043337607908827,0.0266327335955686,-0.0665976390995133,-0.0498927647862549,False,False,False,,16-8,257
16-8,MAP quartile 0,877,-0.0141240285818599,0.0245679366672849,0.021667166374733,-0.0386919652491448,-0.035791194956593,False,False,False,,16-8,257
16-8,MAP quartile 1,840,0.02392179413456,0.0098516676533416,0.0102836167232544,0.0140701264812184,0.0136381774113056,False,False,False,,16-8,257
16-8,MAP quartile 2,866,0.0104058609958506,0.0041429657453966,-0.010933909355296,0.0062628952504539,0.0213397703511466,True,False,True,,16-8,257
16-8,MAP quartile 3,846,0.0090927756430939,0.0603533916974833,0.0220677681651189,-0.0512606160543894,-0.0129749925220249,False,False,False,,16-8,257
16-8,Temp quartile 0,902,0.0068727157158747,0.0279942358459904,0.0321034358743636,-0.0211215201301157,-0.0252307201584889,False,False,False,,16-8,257
16-8,Temp quartile 1,864,0.0305627470437901,0.0333982766799105,-0.0303803253541712,-0.0028355296361203,0.0609430723979614,True,True,True,,16-8,257
16-8,Temp quartile 2,838,-0.0036346905912123,0.0490530486389567,0.0501673076506303,-0.052687739230169,-0.0538019982418427,False,False,False,,16-8,257
16-8,Temp quartile 3,825,-0.0023612750885478,-0.0040759776337311,0.0142575419113604,0.0017147025451833,-0.0166188169999082,True,True,True,,16-8,257
16-8,Urine quartile 0,859,-0.0313289760348584,0.0295950488528893,0.0312146307252273,-0.0609240248877477,-0.0625436067600857,False,False,False,,16-8,257
16-8,Urine quartile 1,913,-0.0210526315789473,0.0218020200388199,-0.0238324098070404,-0.0428546516177672,0.002779778228093,True,True,True,,16-8,257
16-8,Urine quartile 2,802,0.0149901230333403,0.0335239428904563,0.0052027475216784,-0.0185338198571159,0.0097873755116618,False,True,True,,16-8,257
16-8,Urine quartile 3,855,0.0601118199903958,0.0237981236043359,0.0015075489083799,0.0363136963860599,0.0586042710820158,False,False,False,,16-8,257
16-8,SAPS quartile 0,1025,0.0026756349262149,0.0089581034203794,-0.0134442802796651,-0.0062824684941645,0.0161199152058801,True,True,True,,16-8,257
16-8,SAPS quartile 1,946,0.0452124666297511,-0.0038984785006041,0.0151500354889006,0.0491109451303553,0.0300624311408505,True,False,True,,16-8,257
16-8,SAPS quartile 2,660,0.0015384615384615,0.022654069034832,-0.0061230318483248,-0.0211156074963704,0.0076614933867864,True,True,True,,16-8,257
16-8,SAPS quartile 3,798,-0.0389986891196934,0.0198075981196579,0.019915150941723,-0.0588062872393514,-0.0589138400614164,False,False,False,,16-8,257
16-8,HR > 100,945,-0.0351262896411669,0.001949219097053,0.0057464058099936,-0.03707550873822,-0.0408726954511606,False,False,False,,16-8,257
16-8,MAP < 65,697,-0.0279136809159047,0.0168936574021941,0.0134245993212634,-0.0448073383180989,-0.0413382802371682,False,False,False,,16-8,257
16-8,Temp > 38C,267,-0.0430204913392958,0.0532782812705047,0.0114967629520419,-0.0962987726098005,-0.0545172542913377,False,False,False,,16-8,257
16-8,Urine > 1000,210,0.0458952811893988,0.0719047423712159,-0.0286437320215814,-0.026009461181817,0.0745390132109802,True,True,True,,16-8,257
16-8,Random 50% #1,1714,0.0148182289884191,0.0228293884434809,0.0106181044270683,-0.0080111594550617,0.0042001245613508,False,True,True,,16-8,257
16-8,Random 50% #2,1714,0.0038708396744524,0.0338421950326128,0.0094936014718697,-0.0299713553581604,-0.0056227617974172,False,False,False,,16-8,257
16-8,Random 50% #3,1714,0.0221853388658367,0.0314438830133096,0.0146712823898678,-0.0092585441474728,0.0075140564759689,False,True,True,,16-8,257
16-8,Random 50% #4,1714,0.0209444740819774,0.0209370688369049,0.0214758945118208,7.405245072450439e-06,-0.0005314204298433,False,True,True,,16-8,257
16-8,Random 50% #5,1714,0.025145147627017,0.0265234459042129,0.0281403043761152,-0.0013782982771959,-0.0029951567490981,False,False,False,,16-8,257
16-8,Random 50% #6,1714,-0.0032358828377694,0.0152896010065005,0.0129699274729768,-0.01852548384427,-0.0162058103107463,False,False,False,,16-8,257
16-8,Random 50% #7,1714,0.0203886964648963,0.0444172139349549,0.0260194782792809,-0.0240285174700585,-0.0056307818143846,False,False,False,,16-8,257
16-8,Random 50% #8,1714,-0.0080211409064465,0.0288441141591786,0.0313408521049863,-0.0368652550656251,-0.0393619930114328,False,False,False,,16-8,257
16-8,Random 50% #9,1714,-0.0018808498325041,0.0162712263854112,0.0228112336890589,-0.0181520762179154,-0.0246920835215631,False,False,False,,16-8,257
16-8,Random 50% #10,1714,0.0032849222618878,0.0042476204216657,0.0296093514566525,-0.0009626981597778,-0.0263244291947646,False,False,False,,16-8,257
16-8,Random 50% #11,1714,0.0064028840624585,0.0309530708911199,0.0217066817258508,-0.0245501868286613,-0.0153037976633923,False,False,False,,16-8,257
16-8,Random 50% #12,1714,-0.0033234372422892,0.0345516630253435,0.0137832103163587,-0.0378751002676328,-0.017106647558648,False,False,False,,16-8,257
16-8,Random 50% #13,1714,0.0032517955657333,0.0089314716555978,0.0294764173902499,-0.0056796760898645,-0.0262246218245166,False,False,False,,16-8,257
16-8,Random 50% #14,1714,0.0062157191184681,0.0271290758064599,0.0101274703413646,-0.0209133566879918,-0.0039117512228964,False,False,False,,16-8,257
16-8,Random 50% #15,1714,0.0026854501430772,0.0250287967161357,0.0211248421035962,-0.0223433465730585,-0.0184393919605189,False,False,False,,16-8,257
16-8,Random 50% #16,1714,0.0188052608311229,0.0430185095897531,0.0173401292177206,-0.0242132487586302,0.0014651316134022,False,True,True,,16-8,257
16-8,Random 50% #17,1714,0.0073507410721795,0.021366794252048,0.0284346490790634,-0.0140160531798684,-0.0210839080068838,False,False,False,,16-8,257
16-8,Random 50% #18,1714,0.0251803786741562,0.0503243628029967,0.0379566575877635,-0.0251439841288405,-0.0127762789136073,False,False,False,,16-8,257
16-8,Random 50% #19,1714,0.0087463233253787,0.0095632698076326,0.0225028343701964,-0.0008169464822538,-0.0137565110448176,False,False,False,,16-8,257
16-8,Random 50% #20,1714,0.0239488541873964,0.026815407382631,0.0275145022794337,-0.0028665531952346,-0.0035656480920373,False,False,False,,16-8,257
16-8,Random 50% #21,1714,0.0016605879752431,0.0204050920110318,0.0272335978512723,-0.0187445040357886,-0.0255730098760292,False,False,False,,16-8,257
16-8,Random 50% #22,1714,0.0178287222426975,0.0221248087564923,0.0185411882529743,-0.0042960865137948,-0.0007124660102767,False,False,False,,16-8,257
16-8,Random 50% #23,1714,-0.0051929851771431,0.0339779031890192,0.0200328423830303,-0.0391708883661623,-0.0252258275601734,False,False,False,,16-8,257
16-8,Random 50% #24,1714,0.0201698382197979,0.0161198732701272,0.0259950842961897,0.0040499649496707,-0.0058252460763917,False,True,True,,16-8,257
16-8,Random 50% #25,1714,0.0024135223603308,0.0261006980338304,0.0113943750044431,-0.0236871756734996,-0.0089808526441122,False,False,False,,16-8,257
16-8,Random 50% #26,1714,-0.0063986093578627,0.0245969947251025,0.0231786087123341,-0.0309956040829652,-0.0295772180701968,False,False,False,,16-8,257
16-8,Random 50% #27,1714,-0.0048317683881064,0.0299859153649213,0.0029795917514114,-0.0348176837530277,-0.0078113601395178,False,False,False,,16-8,257
16-8,Random 50% #28,1714,0.0098094573797898,0.0140670905045361,0.0302088317717631,-0.0042576331247463,-0.0203993743919732,False,False,False,,16-8,257
16-8,Random 50% #29,1714,0.0125552608311229,0.0223025741743479,0.0148110002315243,-0.009747313343225,-0.0022557394004014,False,False,False,,16-8,257
16-8,Random 50% #30,1714,0.0022139615866539,0.0273268789705052,0.0146560921062092,-0.0251129173838513,-0.0124421305195552,False,False,False,,16-8,257
16-8,Random 50% #31,1714,0.0081502190717898,0.0330310235655307,0.0236475830638437,-0.0248808044937409,-0.0154973639920539,False,False,False,,16-8,257
16-8,Random 50% #32,1714,-0.0092920029904661,0.0142171488352479,0.0205654083544137,-0.0235091518257141,-0.0298574113448799,False,False,False,,16-8,257
16-8,Random 50% #33,1714,-0.002514181228832,0.0160496803477754,0.0263847140210328,-0.0185638615766074,-0.0288988952498648,False,False,False,,16-8,257
16-8,Random 50% #34,1714,0.0070180513371488,0.0249419567966503,0.0131177899946786,-0.0179239054595014,-0.0060997386575298,False,False,False,,16-8,257
16-8,Random 50% #35,1714,0.0093248828878478,0.0353945187056466,0.0486862334936435,-0.0260696358177987,-0.0393613506057957,False,False,False,,16-8,257
16-8,Random 50% #36,1714,0.016912667846362,0.0247359353711587,0.0265549249124628,-0.0078232675247967,-0.0096422570661008,False,False,False,,16-8,257
16-8,Random 50% #37,1714,0.0036653828805384,0.0068901575992942,0.0311100858431204,-0.0032247747187557,-0.0274447029625819,False,False,False,,16-8,257
16-8,Random 50% #38,1714,0.0021576191788371,0.0128456800742526,0.013855379582831,-0.0106880608954155,-0.0116977604039939,False,False,False,,16-8,257
16-8,Random 50% #39,1714,0.0170086158804934,0.0213572880050832,0.0286356974851077,-0.0043486721245898,-0.0116270816046143,False,False,False,,16-8,257
16-8,Random 50% #40,1714,0.018520937100027,0.0242557464792578,0.0264780973984969,-0.0057348093792307,-0.0079571602984698,False,False,False,,16-8,257
16-8,Random 50% #41,1714,0.0027199322354597,0.0006278979589953,0.0050536004740884,0.0020920342764644,-0.0023336682386286,False,True,True,,16-8,257
16-8,Random 50% #42,1714,0.0178900300253214,0.0379457223046433,0.0135656292883018,-0.0200556922793219,0.0043244007370195,False,True,True,,16-8,257
16-8,Random 50% #43,1714,0.0169958506224066,0.0258317033765284,0.0304400623410866,-0.0088358527541217,-0.01344421171868,False,False,False,,16-8,257
16-8,Random 50% #44,1714,-0.0080414937759336,0.0247921535709038,0.0210102534444012,-0.0328336473468374,-0.0290517472203348,False,False,False,,16-8,257
16-8,Random 50% #45,1714,-0.0006684003732017,0.0351669408230631,0.0135737152296283,-0.0358353411962648,-0.01424211560283,False,False,False,,16-8,257
16-8,Random 50% #46,1714,-0.0127567411871579,0.0198308816207792,0.0212345325105832,-0.0325876228079371,-0.0339912736977411,False,False,False,,16-8,257
16-8,Random 50% #47,1714,-0.0023071888899981,0.0339828045232001,0.0404276244806709,-0.0362899934131982,-0.042734813370669,False,False,False,,16-8,257
16-8,Random 50% #48,1714,0.0007707867678387,0.0359737468799038,0.0247920371840574,-0.0352029601120651,-0.0240212504162186,False,False,False,,16-8,257
16-8,Random 50% #49,1714,-0.0052585890287469,0.0050313237323699,0.0260858157327828,-0.0102899127611169,-0.0313444047615298,False,False,False,,16-8,257
16-8,Random 50% #50,1714,-0.009935439192208,0.0222035759804537,0.0062170084182323,-0.0321390151726617,-0.0161524476104403,False,False,False,,16-8,257
16-8,Random 30% #1,1028,0.0177032019704433,0.028003889683321,0.0340419745483028,-0.0103006877128776,-0.0163387725778594,False,False,False,,16-8,257
16-8,Random 30% #2,1028,-0.0188812287552644,0.0117256770412954,0.0219301361178887,-0.0306069057965599,-0.0408113648731531,False,False,False,,16-8,257
16-8,Random 30% #3,1028,-0.0136963318843895,0.0123179119946114,0.0087995913381636,-0.0260142438790009,-0.0224959232225531,False,False,False,,16-8,257
16-8,Random 30% #4,1028,0.012612065619632,0.0191899609973196,0.0064622890716249,-0.0065778953776875,0.0061497765480071,False,True,True,,16-8,257
16-8,Random 30% #5,1028,0.012955140579904,0.0545486233870762,0.0412577097370983,-0.0415934828071721,-0.0283025691571942,False,False,False,,16-8,257
16-8,Random 30% #6,1028,0.011061887501678,0.0141159744809079,0.0221151863143307,-0.0030540869792298,-0.0110532988126527,False,False,False,,16-8,257
16-8,Random 30% #7,1028,-0.0019795447047178,0.0109648175571287,0.0277679859598037,-0.0129443622618466,-0.0297475306645216,False,False,False,,16-8,257
16-8,Random 30% #8,1028,-0.0013757582957458,0.0492285431911346,0.0425419746084616,-0.0506043014868805,-0.0439177329042074,False,False,False,,16-8,257
16-8,Random 30% #9,1028,0.0167924069116573,0.0127847857644638,-0.0023569778396647,0.0040076211471934,0.0191493847513221,True,False,True,,16-8,257
16-8,Random 30% #10,1028,0.0218614718614718,0.0159015365192653,-0.0071870091563946,0.0059599353422064,0.0290484810178664,True,False,True,,16-8,257
16-8,Random 30% #11,1028,0.0036992125742528,0.0295912507892643,0.0177194165043813,-0.0258920382150114,-0.0140202039301284,False,False,False,,16-8,257
16-8,Random 30% #12,1028,-0.0176439165409753,0.0278789537973733,-0.0098018248515359,-0.0455228703383486,-0.0078420916894394,True,False,True,,16-8,257
16-8,Random 30% #13,1028,0.0061871080085679,0.0439088968612902,0.0142011472272473,-0.0377217888527222,-0.0080140392186794,False,False,False,,16-8,257
16-8,Random 30% #14,1028,-0.0024039572835282,0.0335165756205021,0.0169823668957908,-0.0359205329040304,-0.0193863241793191,False,False,False,,16-8,257
16-8,Random 30% #15,1028,-0.0014797507788162,0.0312100068249578,0.0160278211221963,-0.032689757603774,-0.0175075719010125,False,False,False,,16-8,257
16-8,Random 30% #16,1028,0.006823838043474,0.0426044044808295,0.0073187802145673,-0.0357805664373554,-0.0004949421710933,False,False,False,,16-8,257
16-8,Random 30% #17,1028,0.0030261642698374,0.0286408077587817,-0.0006406929645237,-0.0256146434889442,0.0036668572343612,True,True,True,,16-8,257
16-8,Random 30% #18,1028,0.008237689744539,0.0499567494782247,0.0060591041279297,-0.0417190597336857,0.0021785856166092,False,True,True,,16-8,257
16-8,Random 30% #19,1028,0.0066883064376393,0.0057025788191381,0.0117069002291626,0.0009857276185012,-0.0050185937915233,False,True,True,,16-8,257
16-8,Random 30% #20,1028,-0.0099963316214233,0.0392111458887896,0.0288186893384111,-0.049207477510213,-0.0388150209598345,False,False,False,,16-8,257
16-8,Random 30% #21,1028,0.002277451699682,0.0181738071393269,-0.0061206211438991,-0.0158963554396448,0.0083980728435812,True,True,True,,16-8,257
16-8,Random 30% #22,1028,0.0271739130434782,0.037661809333239,0.0102075775573932,-0.0104878962897607,0.016966335486085,False,True,True,,16-8,257
16-8,Random 30% #23,1028,0.0053719593676173,0.0450288992772403,0.0335327007974805,-0.0396569399096229,-0.0281607414298631,False,False,False,,16-8,257
16-8,Random 30% #24,1028,0.0374355138753044,0.0270044100415901,0.0193375904778116,0.0104311038337142,0.0180979233974927,False,False,False,,16-8,257
16-8,Random 30% #25,1028,0.0207335170659317,0.0160184110640268,0.0086565071123566,0.0047151060019048,0.012077009953575,False,False,False,,16-8,257
16-8,Random 30% #26,1028,0.000322640117994,0.0362269851912354,-0.0021654320725632,-0.0359043450732413,0.0024880721905573,True,True,True,,16-8,257
16-8,Random 30% #27,1028,-0.0133699862551543,0.020580520807764,0.0400984977513518,-0.0339505070629183,-0.0534684840065061,False,False,False,,16-8,257
16-8,Random 30% #28,1028,0.0048546691403834,0.0565680106613075,-0.0038683775058369,-0.0517133415209241,0.0087230466462203,True,True,True,,16-8,257
16-8,Random 30% #29,1028,0.0132264436461088,0.0249114877144989,0.0264049276266893,-0.01168504406839,-0.0131784839805804,False,False,False,,16-8,257
16-8,Random 30% #30,1028,0.0073191060456281,0.0294286605154136,0.0045136030035293,-0.0221095544697855,0.0028055030420987,False,True,True,,16-8,257
16-8,Random 30% #31,1028,0.0186572318838355,0.0349589782199607,0.0143597895947498,-0.0163017463361252,0.0042974422890857,False,True,True,,16-8,257
16-8,Random 30% #32,1028,0.0146773132638857,0.0577791488148236,0.0055796694990972,-0.0431018355509378,0.0090976437647884,False,True,True,,16-8,257
16-8,Random 30% #33,1028,0.0107989019115876,0.0197845297133163,0.0209572739873513,-0.0089856278017287,-0.0101583720757636,False,False,False,,16-8,257
16-8,Random 30% #34,1028,0.0036708111308466,0.0250108989264345,0.0034934724113548,-0.0213400877955879,0.0001773387194917,False,True,True,,16-8,257
16-8,Random 30% #35,1028,-0.0021279853031231,0.029803991841879,0.0093974156529028,-0.0319319771450021,-0.0115254009560259,False,False,False,,16-8,257
16-8,Random 30% #36,1028,-0.0048226599270606,0.027838590510223,-0.0109760504632704,-0.0326612504372836,0.0061533905362098,True,True,True,,16-8,257
16-8,Random 30% #37,1028,-0.0037446257685728,0.0189958393744839,0.0238773891060065,-0.0227404651430567,-0.0276220148745794,False,False,False,,16-8,257
16-8,Random 30% #38,1028,0.0108722741433021,0.009825175411506,0.0364585254299347,0.0010470987317961,-0.0255862512866326,False,True,True,,16-8,257
16-8,Random 30% #39,1028,0.0380230468256006,0.0114925966318144,0.0011188556835026,0.0265304501937861,0.0369041911420979,False,False,False,,16-8,257
16-8,Random 30% #40,1028,-0.0156995008383602,0.0395685787940658,0.0212338732839444,-0.0552680796324261,-0.0369333741223047,False,False,False,,16-8,257
16-8,Random 30% #41,1028,0.0003191021554961,0.0415833202443765,0.0107251694176812,-0.0412642180888804,-0.010406067262185,False,False,False,,16-8,257
16-8,Random 30% #42,1028,0.0039796984507742,0.0139000919880491,0.0045173881463824,-0.0099203935372749,-0.0005376896956082,False,False,False,,16-8,257
16-8,Random 30% #43,1028,0.0320665445665445,0.0363893371251876,0.0090216057142044,-0.004322792558643,0.0230449388523401,False,True,True,,16-8,257
16-8,Random 30% #44,1028,0.014617494198646,0.0268266373902666,0.0370078563327088,-0.0122091431916206,-0.0223903621340628,False,False,False,,16-8,257
16-8,Random 30% #45,1028,-0.010677190889205,0.0157881685668272,0.0002113072878338,-0.0264653594560322,-0.0108884981770389,False,False,False,,16-8,257
16-8,Random 30% #46,1028,-0.0211341559464426,0.0172664526899306,0.0036600583875058,-0.0384006086363733,-0.0247942143339484,False,False,False,,16-8,257
16-8,Random 30% #47,1028,0.0021068472535741,0.0478235683660647,0.0155608873202424,-0.0457167211124905,-0.0134540400666683,False,False,False,,16-8,257
16-8,Random 30% #48,1028,0.0099373113536103,0.0336723213416926,0.0244003077646723,-0.0237350099880822,-0.0144629964110619,False,False,False,,16-8,257
16-8,Random 30% #49,1028,-0.0033935788911766,0.0018930897705298,0.0148334467543449,-0.0052866686617065,-0.0182270256455216,False,False,False,,16-8,257
16-8,Random 30% #50,1028,-0.0149638584774062,0.0136323542885701,0.0196735329853314,-0.0285962127659763,-0.0346373914627377,False,False,False,,16-8,257
32-16,All Patients,3429,0.0078818040435458,0.0210040211171337,0.0184836096622762,-0.0131222170735878,-0.0106018056187303,False,False,False,,32-16,769
32-16,ICUType 1.0,490,0.0294939989088925,0.0110377681252692,-0.0057746514659922,0.0184562307836233,0.0352686503748847,True,False,True,,32-16,769
32-16,ICUType 2.0,643,-0.000975689080413,0.006127372217203,0.0016880707979633,-0.007103061297616,-0.0026637598783764,False,False,False,,32-16,769
32-16,ICUType 3.0,1357,-0.0217764843549488,0.0189541061252415,0.0163467391709383,-0.0407305904801903,-0.0381232235258872,False,False,False,,32-16,769
32-16,ICUType 4.0,939,0.0202084035501629,0.0406151064508521,0.0262327559581189,-0.0204067029006892,-0.006024352407956,False,False,False,,32-16,769
32-16,Age decile 0,374,0.046026807780653,0.0410934955210469,-0.0090418610318725,0.0049333122596061,0.0550686688125256,True,False,True,,32-16,769
32-16,Age decile 1,344,0.0273634472301562,0.0678758587811226,-0.0147398942430493,-0.0405124115509664,0.0421033414732055,True,True,True,,32-16,769
32-16,Age decile 2,347,0.0042864169770219,0.0105203445533505,0.049233736366334,-0.0062339275763285,-0.044947319389312,False,False,False,,32-16,769
32-16,Age decile 3,325,0.0096292729898892,0.0556224113278911,0.0576492918078227,-0.0459931383380019,-0.0480200188179335,False,False,False,,32-16,769
32-16,Age decile 4,372,-0.0152359717577108,0.0571798411903852,-0.0162207603567739,-0.0724158129480961,0.000984788599063,True,True,True,,32-16,769
32-16,Age decile 5,344,-0.0250497851378262,0.0167845330789927,-0.0151103100656952,-0.041834318216819,-0.009939475072131,True,False,True,,32-16,769
32-16,Age decile 6,397,-0.0004719207173194,0.0456434094849245,-0.0582815890328085,-0.046115330202244,0.057809668315489,True,True,True,,32-16,769
32-16,Age decile 7,247,0.0173747705218987,0.0687654702527168,-0.0071741742346778,-0.051390699730818,0.0245489447565766,True,True,True,,32-16,769
32-16,Age decile 8,354,-0.0216450216450216,0.0606486539064128,-0.0171066949555749,-0.0822936755514345,-0.0045383266894467,True,False,True,,32-16,769
32-16,Age decile 9,325,-0.0771864301276066,0.0520437982871588,0.0051250364112422,-0.1292302284147654,-0.0823114665388489,False,False,False,,32-16,769
32-16,HR quartile 0,877,0.0371049136786188,0.0729782875644402,0.0287406662215932,-0.0358733738858213,0.0083642474570256,False,True,True,,32-16,769
32-16,HR quartile 1,917,-0.0169849537037037,-0.0088987173685911,0.0064080358632468,-0.0080862363351125,-0.0233929895669505,True,False,True,,32-16,769
32-16,HR quartile 2,816,0.034861311019492,0.0533135729114997,0.0014646211684656,-0.0184522618920076,0.0333966898510264,False,True,True,,32-16,769
32-16,HR quartile 3,819,-0.0232600311906863,0.0457002106970122,0.0194056379009067,-0.0689602418876985,-0.0426656690915931,False,False,False,,32-16,769
32-16,MAP quartile 0,877,-0.0141240285818599,0.0262964434717687,-0.0244184434782576,-0.0404204720536286,0.0102944148963977,True,True,True,,32-16,769
32-16,MAP quartile 1,840,0.02392179413456,0.0402318505222032,-0.0037406461661043,-0.0163100563876431,0.0276624403006644,True,True,True,,32-16,769
32-16,MAP quartile 2,866,0.0104058609958506,0.037931456789665,-0.0208233236490149,-0.0275255957938144,0.0312291846448655,True,True,True,,32-16,769
32-16,MAP quartile 3,846,0.0090927756430939,0.0579245385655139,0.0198296079323068,-0.04883176292242,-0.0107368322892129,False,False,False,,32-16,769
32-16,Temp quartile 0,902,0.0068727157158747,-0.0156291038358484,0.0231484994138496,0.0225018195517232,-0.0162757836979749,True,True,True,,32-16,769
32-16,Temp quartile 1,864,0.0305627470437901,0.0622914418745491,-0.0116062553779547,-0.0317286948307589,0.0421690024217448,True,True,True,,32-16,769
32-16,Temp quartile 2,838,-0.0036346905912123,0.0377191238735454,0.0212434213946679,-0.0413538144647578,-0.0248781119858802,False,False,False,,32-16,769
32-16,Temp quartile 3,825,-0.0023612750885478,0.0313984919489201,-0.0019312837858236,-0.0337597670374679,-0.0004299913027241,True,False,True,,32-16,769
32-16,Urine quartile 0,859,-0.0313289760348584,0.0309009218354429,0.0070562110249098,-0.0622298978703013,-0.0383851870597682,False,False,False,,32-16,769
32-16,Urine quartile 1,913,-0.0210526315789473,0.0250525221713674,-0.054724333241504,-0.0461051537503147,0.0336717016625566,True,True,True,,32-16,769
32-16,Urine quartile 2,802,0.0149901230333403,0.0438185891316246,0.0063865940311164,-0.0288284660982843,0.0086035290022239,False,True,True,,32-16,769
32-16,Urine quartile 3,855,0.0601118199903958,0.0454141257713275,-0.0172260655959817,0.0146976942190682,0.0773378855863775,True,False,True,,32-16,769
32-16,SAPS quartile 0,1025,0.0026756349262149,0.0339572050159463,-0.0020014334218071,-0.0312815700897313,0.0046770683480221,True,True,True,,32-16,769
32-16,SAPS quartile 1,946,0.0452124666297511,0.0423554006878102,0.0044787292944819,0.0028570659419409,0.0407337373352692,False,False,False,,32-16,769
32-16,SAPS quartile 2,660,0.0015384615384615,0.0351852751109901,0.0080901501553414,-0.0336468135725286,-0.0065516886168798,False,False,False,,32-16,769
32-16,SAPS quartile 3,798,-0.0389986891196934,0.0203784005125433,0.0359692523575602,-0.0593770896322368,-0.0749679414772537,False,False,False,,32-16,769
32-16,HR > 100,945,-0.0351262896411669,0.0255651425285675,0.012764236724634,-0.0606914321697345,-0.047890526365801,False,False,False,,32-16,769
32-16,MAP < 65,697,-0.0279136809159047,0.0291328982376725,-0.0062692248065197,-0.0570465791535773,-0.021644456109385,True,False,True,,32-16,769
32-16,Temp > 38C,267,-0.0430204913392958,0.0063641135305903,0.015867762507261,-0.0493846048698861,-0.0588882538465568,False,False,False,,32-16,769
32-16,Urine > 1000,210,0.0458952811893988,0.078938058677656,-0.0338485733718196,-0.0330427774882572,0.0797438545612185,True,True,True,,32-16,769
32-16,Random 50% #1,1714,0.0148182289884191,0.022310355108816,0.0006577272607566,-0.0074921261203968,0.0141605017276625,False,True,True,,32-16,769
32-16,Random 50% #2,1714,0.0038708396744524,0.0345677055857529,-0.0129902361224251,-0.0306968659113004,0.0168610757968775,True,True,True,,32-16,769
32-16,Random 50% #3,1714,0.0221853388658367,0.0285800691015079,0.0165834495356102,-0.0063947302356711,0.0056018893302265,False,True,True,,32-16,769
32-16,Random 50% #4,1714,0.0209444740819774,0.0277397173481434,0.0217365912041402,-0.006795243266166,-0.0007921171221628,False,False,False,,32-16,769
32-16,Random 50% #5,1714,0.025145147627017,0.0122325866213802,0.0108425388220606,0.0129125610056368,0.0143026088049564,False,False,False,,32-16,769
32-16,Random 50% #6,1714,-0.0032358828377694,0.047437823472569,0.0080349312834749,-0.0506737063103385,-0.0112708141212443,False,False,False,,32-16,769
32-16,Random 50% #7,1714,0.0203886964648963,0.0301501424010378,0.0188600200633058,-0.0097614459361415,0.0015286764015905,False,True,True,,32-16,769
32-16,Random 50% #8,1714,-0.0080211409064465,0.0303598687274877,0.0089434939550278,-0.0383810096339343,-0.0169646348614743,False,False,False,,32-16,769
32-16,Random 50% #9,1714,-0.0018808498325041,0.0413526553727343,0.0479145338862238,-0.0432335052052385,-0.0497953837187279,False,False,False,,32-16,769
32-16,Random 50% #10,1714,0.0032849222618878,0.0417285638124429,0.0197893041959476,-0.038443641550555,-0.0165043819340597,False,False,False,,32-16,769
32-16,Random 50% #11,1714,0.0064028840624585,0.0386914592450341,0.0260590840247056,-0.0322885751825755,-0.0196561999622471,False,False,False,,32-16,769
32-16,Random 50% #12,1714,-0.0033234372422892,0.0305271596507588,0.0063983707106788,-0.0338505968930481,-0.0097218079529681,False,False,False,,32-16,769
32-16,Random 50% #13,1714,0.0032517955657333,0.0223782591427339,0.0081554030966623,-0.0191264635770006,-0.004903607530929,False,False,False,,32-16,769
32-16,Random 50% #14,1714,0.0062157191184681,0.027806150839758,-0.000389401088466,-0.0215904317212898,0.0066051202069342,True,True,True,,32-16,769
32-16,Random 50% #15,1714,0.0026854501430772,0.0315178217108331,0.006844628812002,-0.0288323715677558,-0.0041591786689248,False,False,False,,32-16,769
32-16,Random 50% #16,1714,0.0188052608311229,0.0497194215355987,0.0126288032523587,-0.0309141607044758,0.0061764575787641,False,True,True,,32-16,769
32-16,Random 50% #17,1714,0.0073507410721795,-0.002310080159276,0.037875973049479,0.0096608212314556,-0.0305252319772994,True,True,True,,32-16,769
32-16,Random 50% #18,1714,0.0251803786741562,0.0373977705547317,0.0382033253595035,-0.0122173918805755,-0.0130229466853473,False,False,False,,32-16,769
32-16,Random 50% #19,1714,0.0087463233253787,0.0185533630399619,0.0003939125057711,-0.0098070397145831,0.0083524108196076,False,True,True,,32-16,769
32-16,Random 50% #20,1714,0.0239488541873964,0.0337855381135015,0.0533360220139652,-0.0098366839261051,-0.0293871678265688,False,False,False,,32-16,769
32-16,Random 50% #21,1714,0.0016605879752431,0.0172391743739174,0.0174315319459764,-0.0155785863986743,-0.0157709439707333,False,False,False,,32-16,769
32-16,Random 50% #22,1714,0.0178287222426975,0.0120187979369497,0.0307164005274944,0.0058099243057477,-0.0128876782847968,False,True,True,,32-16,769
32-16,Random 50% #23,1714,-0.0051929851771431,0.037272487308343,0.0165625930563649,-0.0424654724854862,-0.0217555782335081,False,False,False,,32-16,769
32-16,Random 50% #24,1714,0.0201698382197979,0.024940956039424,0.0152970887712966,-0.0047711178196261,0.0048727494485012,False,True,True,,32-16,769
32-16,Random 50% #25,1714,0.0024135223603308,0.0474767745611596,0.0100347455927132,-0.0450632522008287,-0.0076212232323824,False,False,False,,32-16,769
32-16,Random 50% #26,1714,-0.0063986093578627,0.0434950353718923,0.0215535536392252,-0.0498936447297551,-0.0279521629970879,False,False,False,,32-16,769
32-16,Random 50% #27,1714,-0.0048317683881064,0.0362325596547039,0.0083592199096885,-0.0410643280428103,-0.0131909882977949,False,False,False,,32-16,769
32-16,Random 50% #28,1714,0.0098094573797898,0.0331227579795126,0.0257776669738546,-0.0233133005997227,-0.0159682095940647,False,False,False,,32-16,769
32-16,Random 50% #29,1714,0.0125552608311229,0.0246946508509403,-0.0044434099228974,-0.0121393900198174,0.0169986707540203,True,True,True,,32-16,769
32-16,Random 50% #30,1714,0.0022139615866539,0.0126378903749426,0.0140089969790292,-0.0104239287882887,-0.0117950353923753,False,False,False,,32-16,769
32-16,Random 50% #31,1714,0.0081502190717898,0.0281227582652771,0.0032166843125453,-0.0199725391934872,0.0049335347592445,False,True,True,,32-16,769
32-16,Random 50% #32,1714,-0.0092920029904661,0.00888135652195,0.0170453008969951,-0.0181733595124162,-0.0263373038874613,False,False,False,,32-16,769
32-16,Random 50% #33,1714,-0.002514181228832,0.0267676998406665,0.0140323718350556,-0.0292818810694985,-0.0165465530638876,False,False,False,,32-16,769
32-16,Random 50% #34,1714,0.0070180513371488,0.0333664567241092,0.0113889496215096,-0.0263484053869604,-0.0043708982843608,False,False,False,,32-16,769
32-16,Random 50% #35,1714,0.0093248828878478,0.0443301965046073,0.0091038176241818,-0.0350053136167594,0.000221065263666,False,True,True,,32-16,769
32-16,Random 50% #36,1714,0.016912667846362,0.0442746313063555,0.0195810390620551,-0.0273619634599935,-0.0026683712156931,False,False,False,,32-16,769
32-16,Random 50% #37,1714,0.0036653828805384,0.0235767655600404,0.0073362257609631,-0.0199113826795019,-0.0036708428804246,False,False,False,,32-16,769
32-16,Random 50% #38,1714,0.0021576191788371,0.041172266929425,0.0059083917552153,-0.0390146477505879,-0.0037507725763781,False,False,False,,32-16,769
32-16,Random 50% #39,1714,0.0170086158804934,0.0354854547772404,0.0408167491750685,-0.018476838896747,-0.0238081332945751,False,False,False,,32-16,769
32-16,Random 50% #40,1714,0.018520937100027,0.0366586995372466,0.0306647222979319,-0.0181377624372195,-0.0121437851979048,False,False,False,,32-16,769
32-16,Random 50% #41,1714,0.0027199322354597,0.0329479881686793,0.0022628036878052,-0.0302280559332195,0.0004571285476545,False,True,True,,32-16,769
32-16,Random 50% #42,1714,0.0178900300253214,0.0394269187761145,-0.011563357385134,-0.0215368887507931,0.0294533874104554,True,True,True,,32-16,769
32-16,Random 50% #43,1714,0.0169958506224066,0.0128200284606766,0.0294658026043474,0.0041758221617299,-0.0124699519819408,False,True,True,,32-16,769
32-16,Random 50% #44,1714,-0.0080414937759336,0.0293181560052331,0.014674705602705,-0.0373596497811667,-0.0227161993786386,False,False,False,,32-16,769
32-16,Random 50% #45,1714,-0.0006684003732017,0.0348231583637246,0.0215163845723111,-0.0354915587369263,-0.0221847849455128,False,False,False,,32-16,769
32-16,Random 50% #46,1714,-0.0127567411871579,0.0504415421368477,-0.0018130106982418,-0.0631982833240057,-0.0109437304889161,True,False,True,,32-16,769
32-16,Random 50% #47,1714,-0.0023071888899981,0.0287555778567406,0.0325011306483503,-0.0310627667467387,-0.0348083195383484,False,False,False,,32-16,769
32-16,Random 50% #48,1714,0.0007707867678387,0.0309449629819036,0.0236570217089701,-0.0301741762140648,-0.0228862349411313,False,False,False,,32-16,769
32-16,Random 50% #49,1714,-0.0052585890287469,0.0304066017193953,0.0355102687526728,-0.0356651907481423,-0.0407688577814197,False,False,False,,32-16,769
32-16,Random 50% #50,1714,-0.009935439192208,0.0244623022482429,0.0009702207429728,-0.0343977414404509,-0.0109056599351809,False,False,False,,32-16,769
32-16,Random 30% #1,1028,0.0177032019704433,0.0618082061682376,0.0407938485449533,-0.0441050041977943,-0.0230906465745099,False,False,False,,32-16,769
32-16,Random 30% #2,1028,-0.0188812287552644,0.0132533147681383,-0.0028173568684927,-0.0321345435234028,-0.0160638718867717,True,False,True,,32-16,769
32-16,Random 30% #3,1028,-0.0136963318843895,0.0053719722800825,0.0197778983135677,-0.0190683041644721,-0.0334742301979573,False,False,False,,32-16,769
32-16,Random 30% #4,1028,0.012612065619632,0.0329326137834645,-0.0141617784159255,-0.0203205481638324,0.0267738440355575,True,True,True,,32-16,769
32-16,Random 30% #5,1028,0.012955140579904,0.0365448562985338,0.0070822953760641,-0.0235897157186298,0.0058728452038399,False,True,True,,32-16,769
32-16,Random 30% #6,1028,0.011061887501678,0.0319605155977194,0.0195220457884586,-0.0208986280960413,-0.0084601582867805,False,False,False,,32-16,769
32-16,Random 30% #7,1028,-0.0019795447047178,0.0310591059677349,0.0051521010664963,-0.0330386506724528,-0.0071316457712142,False,False,False,,32-16,769
32-16,Random 30% #8,1028,-0.0013757582957458,0.0556404112054564,0.0351795525348479,-0.0570161695012023,-0.0365553108305937,False,False,False,,32-16,769
32-16,Random 30% #9,1028,0.0167924069116573,0.0245260343622847,0.0141004519207815,-0.0077336274506274,0.0026919549908757,False,True,True,,32-16,769
32-16,Random 30% #10,1028,0.0218614718614718,0.0192650644254833,-0.0234356914751948,0.0025964074359885,0.0452971633366667,True,False,True,,32-16,769
32-16,Random 30% #11,1028,0.0036992125742528,0.0336306286439747,0.0077165299707193,-0.0299314160697218,-0.0040173173964665,False,False,False,,32-16,769
32-16,Random 30% #12,1028,-0.0176439165409753,0.0376365343167507,-0.0040102304892749,-0.055280450857726,-0.0136336860517003,True,False,True,,32-16,769
32-16,Random 30% #13,1028,0.0061871080085679,0.0484734911910069,0.0112812995072364,-0.042286383182439,-0.0050941914986685,False,False,False,,32-16,769
32-16,Random 30% #14,1028,-0.0024039572835282,0.0440965778575685,-0.0100827484751288,-0.0465005351410968,0.0076787911916005,True,True,True,,32-16,769
32-16,Random 30% #15,1028,-0.0014797507788162,0.0380644689929588,0.0064172411384688,-0.039544219771775,-0.007896991917285,False,False,False,,32-16,769
32-16,Random 30% #16,1028,0.006823838043474,0.0441935831736535,-0.0029427324456986,-0.0373697451301794,0.0097665704891727,True,True,True,,32-16,769
32-16,Random 30% #17,1028,0.0030261642698374,0.0530952912706291,0.028623128845584,-0.0500691270007916,-0.0255969645757465,False,False,False,,32-16,769
32-16,Random 30% #18,1028,0.008237689744539,0.0480918253440128,0.0098229189154264,-0.0398541355994737,-0.0015852291708873,False,False,False,,32-16,769
32-16,Random 30% #19,1028,0.0066883064376393,0.0229282532645924,-0.0186331629400722,-0.0162399468269531,0.0253214693777115,True,True,True,,32-16,769
32-16,Random 30% #20,1028,-0.0099963316214233,0.0340878505025832,0.0210279442808263,-0.0440841821240066,-0.0310242759022497,False,False,False,,32-16,769
32-16,Random 30% #21,1028,0.002277451699682,0.0530134982512539,-0.0320928684815007,-0.0507360465515718,0.0343703201811827,True,True,True,,32-16,769
32-16,Random 30% #22,1028,0.0271739130434782,0.0235275958245884,0.0325743614721619,0.0036463172188897,-0.0054004484286836,False,True,True,,32-16,769
32-16,Random 30% #23,1028,0.0053719593676173,0.0444122730295791,0.0300246395908826,-0.0390403136619617,-0.0246526802232653,False,False,False,,32-16,769
32-16,Random 30% #24,1028,0.0374355138753044,0.0626432144054453,0.0106185350921313,-0.0252077005301408,0.026816978783173,False,True,True,,32-16,769
32-16,Random 30% #25,1028,0.0207335170659317,0.0135442068077364,-0.0138172553228514,0.0071893102581953,0.0345507723887831,True,False,True,,32-16,769
32-16,Random 30% #26,1028,0.000322640117994,0.0199395757757645,0.0009953864156145,-0.0196169356577704,-0.0006727462976204,False,False,False,,32-16,769
32-16,Random 30% #27,1028,-0.0133699862551543,0.0443320341509457,0.0424560705109213,-0.0577020204061,-0.0558260567660756,False,False,False,,32-16,769
32-16,Random 30% #28,1028,0.0048546691403834,0.0439586760264775,0.0114773273447887,-0.0391040068860941,-0.0066226582044053,False,False,False,,32-16,769
32-16,Random 30% #29,1028,0.0132264436461088,0.0513626280914523,0.0383260011762849,-0.0381361844453434,-0.025099557530176,False,False,False,,32-16,769
32-16,Random 30% #30,1028,0.0073191060456281,0.0438110189692012,-0.0098240535152162,-0.036491912923573,0.0171431595608443,True,True,True,,32-16,769
32-16,Random 30% #31,1028,0.0186572318838355,0.0632065513549853,0.0532689299748616,-0.0445493194711498,-0.034611698091026,False,False,False,,32-16,769
32-16,Random 30% #32,1028,0.0146773132638857,0.0555007301933499,0.0054152088150264,-0.0408234169294642,0.0092621044488592,False,True,True,,32-16,769
32-16,Random 30% #33,1028,0.0107989019115876,0.0437413244922083,-0.0023804105216446,-0.0329424225806207,0.0131793124332322,True,True,True,,32-16,769
32-16,Random 30% #34,1028,0.0036708111308466,0.0209068208034546,0.0063024347738716,-0.0172360096726079,-0.0026316236430249,False,False,False,,32-16,769
32-16,Random 30% #35,1028,-0.0021279853031231,0.0263105737976659,-0.0041199039336168,-0.028438559100789,0.0019919186304936,True,True,True,,32-16,769
32-16,Random 30% #36,1028,-0.0048226599270606,0.0319019593900165,0.0137286204961381,-0.0367246193170771,-0.0185512804231987,False,False,False,,32-16,769
32-16,Random 30% #37,1028,-0.0037446257685728,0.0230392316689486,0.0251857458006876,-0.0267838574375214,-0.0289303715692605,False,False,False,,32-16,769
32-16,Random 30% #38,1028,0.0108722741433021,0.0270824889317239,0.0169464935232336,-0.0162102147884218,-0.0060742193799314,False,False,False,,32-16,769
32-16,Random 30% #39,1028,0.0380230468256006,0.0486445137590337,0.0139473148856137,-0.0106214669334331,0.0240757319399869,False,True,True,,32-16,769
32-16,Random 30% #40,1028,-0.0156995008383602,0.0344985223960762,0.0276212291229032,-0.0501980232344365,-0.0433207299612634,False,False,False,,32-16,769
32-16,Random 30% #41,1028,0.0003191021554961,0.0259364382014421,-0.0016228463294603,-0.025617336045946,0.0019419484849565,True,True,True,,32-16,769
32-16,Random 30% #42,1028,0.0039796984507742,0.0302336080869867,-0.0057648753172064,-0.0262539096362125,0.0097445737679806,True,True,True,,32-16,769
32-16,Random 30% #43,1028,0.0320665445665445,0.0371503657639274,-0.0007403157100933,-0.0050838211973829,0.0328068602766378,True,True,True,,32-16,769
32-16,Random 30% #44,1028,0.014617494198646,0.0357334915605754,0.0238894362149562,-0.0211159973619294,-0.0092719420163102,False,False,False,,32-16,769
32-16,Random 30% #45,1028,-0.010677190889205,0.025656426527925,0.0027132484596444,-0.03633361741713,-0.0133904393488494,False,False,False,,32-16,769
32-16,Random 30% #46,1028,-0.0211341559464426,0.0222995746926771,0.008729738133344,-0.0434337306391197,-0.0298638940797867,False,False,False,,32-16,769
32-16,Random 30% #47,1028,0.0021068472535741,0.0681076106981373,-0.0038372809218738,-0.0660007634445632,0.005944128175448,True,True,True,,32-16,769
32-16,Random 30% #48,1028,0.0099373113536103,0.0430263302249298,0.0165563289725639,-0.0330890188713194,-0.0066190176189535,False,False,False,,32-16,769
32-16,Random 30% #49,1028,-0.0033935788911766,0.0490691768992646,0.0067402206569939,-0.0524627557904413,-0.0101337995481706,False,False,False,,32-16,769
32-16,Random 30% #50,1028,-0.0149638584774062,0.0482692730563966,0.0362119048828616,-0.0632331315338028,-0.0511757633602679,False,False,False,,32-16,769
64-32,All Patients,3429,0.0078818040435458,0.0226552503317363,0.030114407951879,-0.0147734462881904,-0.0222326039083332,False,False,False,,64-32,2561
64-32,ICUType 1.0,490,0.0294939989088925,0.057396871726376,0.0110653418986925,-0.0279028728174835,0.0184286570101999,False,True,True,,64-32,2561
64-32,ICUType 2.0,643,-0.000975689080413,0.0260799844175228,-0.0088278522047375,-0.0270556734979359,0.0078521631243244,True,True,True,,64-32,2561
64-32,ICUType 3.0,1357,-0.0217764843549488,0.0540591820264652,0.0124375377080669,-0.0758356663814141,-0.0342140220630158,False,False,False,,64-32,2561
64-32,ICUType 4.0,939,0.0202084035501629,0.068076989172603,0.0212741977792229,-0.0478685856224401,-0.00106579422906,False,False,False,,64-32,2561
64-32,Age decile 0,374,0.046026807780653,0.0349905158030687,-0.0169048788328949,0.0110362919775843,0.062931686613548,True,False,True,,64-32,2561
64-32,Age decile 1,344,0.0273634472301562,0.057818532464765,-0.0055297551871345,-0.0304550852346088,0.0328932024172907,True,True,True,,64-32,2561
64-32,Age decile 2,347,0.0042864169770219,0.0141478076020335,0.0649078801209726,-0.0098613906250115,-0.0606214631439506,False,False,False,,64-32,2561
64-32,Age decile 3,325,0.0096292729898892,0.0594970772756109,0.0901953702577244,-0.0498678042857217,-0.0805660972678352,False,False,False,,64-32,2561
64-32,Age decile 4,372,-0.0152359717577108,0.0217971528565934,-0.0434389965820352,-0.0370331246143043,0.0282030248243243,True,True,True,,64-32,2561
64-32,Age decile 5,344,-0.0250497851378262,0.0404612617597442,0.0415276371122318,-0.0655110468975705,-0.066577422250058,False,False,False,,64-32,2561
64-32,Age decile 6,397,-0.0004719207173194,0.050172385335574,-0.0675532371410594,-0.0506443060528935,0.0670813164237399,True,True,True,,64-32,2561
64-32,Age decile 7,247,0.0173747705218987,0.0635754580382143,-0.0108127670072128,-0.0462006875163155,0.0281875375291116,True,True,True,,64-32,2561
64-32,Age decile 8,354,-0.0216450216450216,0.0416682968241231,-0.0330137959819969,-0.0633133184691448,0.0113687743369752,True,True,True,,64-32,2561
64-32,Age decile 9,325,-0.0771864301276066,0.0661995614761816,8.057965322527672e-05,-0.1433859916037882,-0.0772670097808319,False,False,False,,64-32,2561
64-32,HR quartile 0,877,0.0371049136786188,0.084391320726268,0.0105390068367821,-0.0472864070476491,0.0265659068418367,False,True,True,,64-32,2561
64-32,HR quartile 1,917,-0.0169849537037037,0.034162504011424,-0.019182742530166,-0.0511474577151277,0.0021977888264623,True,True,True,,64-32,2561
64-32,HR quartile 2,816,0.034861311019492,0.0609859921769744,0.0320804732321113,-0.0261246811574823,0.0027808377873807,False,True,True,,64-32,2561
64-32,HR quartile 3,819,-0.0232600311906863,0.0254371760002095,0.0346464260631879,-0.0486972071908958,-0.0579064572538742,False,False,False,,64-32,2561
64-32,MAP quartile 0,877,-0.0141240285818599,0.0162500654686649,0.0299396918872938,-0.0303740940505248,-0.0440637204691537,False,False,False,,64-32,2561
64-32,MAP quartile 1,840,0.02392179413456,0.0186582107651278,0.0082103317704138,0.0052635833694322,0.0157114623641462,False,False,False,,64-32,2561
64-32,MAP quartile 2,866,0.0104058609958506,0.0372260525828023,-0.0190043013775016,-0.0268201915869516,0.0294101623733522,True,True,True,,64-32,2561
64-32,MAP quartile 3,846,0.0090927756430939,0.0616436303233653,-0.0092631730661101,-0.0525508546802714,0.018355948709204,True,True,True,,64-32,2561
64-32,Temp quartile 0,902,0.0068727157158747,0.0344304843614024,0.0095702544793742,-0.0275577686455276,-0.0026975387634995,False,False,False,,64-32,2561
64-32,Temp quartile 1,864,0.0305627470437901,0.0399937636956149,-0.0194007332865478,-0.0094310166518247,0.049963480330338,True,True,True,,64-32,2561
64-32,Temp quartile 2,838,-0.0036346905912123,0.0599692382783261,0.0378816525036451,-0.0636039288695384,-0.0415163430948574,False,False,False,,64-32,2561
64-32,Temp quartile 3,825,-0.0023612750885478,0.0413511517733675,-0.009655971605252,-0.0437124268619153,0.0072946965167042,True,True,True,,64-32,2561
64-32,Urine quartile 0,859,-0.0313289760348584,0.0341564752351647,0.0059688089106179,-0.0654854512700231,-0.0372977849454763,False,False,False,,64-32,2561
64-32,Urine quartile 1,913,-0.0210526315789473,0.0341960713670942,-0.0332627034158535,-0.0552487029460415,0.0122100718369061,True,True,True,,64-32,2561
64-32,Urine quartile 2,802,0.0149901230333403,0.0531172272064162,-0.0109854235327062,-0.0381271041730758,0.0259755465660465,True,True,True,,64-32,2561
64-32,Urine quartile 3,855,0.0601118199903958,0.0590362530083211,-0.0120932664228097,0.0010755669820746,0.0722050864132056,True,False,True,,64-32,2561
64-32,SAPS quartile 0,1025,0.0026756349262149,0.0289627260439109,-0.0105866341835627,-0.0262870911176959,0.0132622691097777,True,True,True,,64-32,2561
64-32,SAPS quartile 1,946,0.0452124666297511,0.0384963533124688,0.0053587679467594,0.0067161133172823,0.0398536986829916,False,False,False,,64-32,2561
64-32,SAPS quartile 2,660,0.0015384615384615,0.0428302359745084,0.0190892832901888,-0.0412917744360469,-0.0175508217517272,False,False,False,,64-32,2561
64-32,SAPS quartile 3,798,-0.0389986891196934,0.0612402004854156,0.0300107713273209,-0.1002388896051091,-0.0690094604470143,False,False,False,,64-32,2561
64-32,HR > 100,945,-0.0351262896411669,-0.0051221503147084,0.0029381669846272,-0.0300041393264585,-0.0380644566257942,True,False,True,,64-32,2561
64-32,MAP < 65,697,-0.0279136809159047,0.0189108927853896,0.0123577101417796,-0.0468245737012943,-0.0402713910576844,False,False,False,,64-32,2561
64-32,Temp > 38C,267,-0.0430204913392958,0.0193694950631778,0.0100289156044957,-0.0623899864024736,-0.0530494069437915,False,False,False,,64-32,2561
64-32,Urine > 1000,210,0.0458952811893988,0.0749836997345097,-0.0329152576858798,-0.0290884185451109,0.0788105388752787,True,True,True,,64-32,2561
64-32,Random 50% #1,1714,0.0148182289884191,0.0273902321299548,0.0086497563973476,-0.0125720031415356,0.0061684725910715,False,True,True,,64-32,2561
64-32,Random 50% #2,1714,0.0038708396744524,0.034389056506391,0.0053897848023565,-0.0305182168319385,-0.001518945127904,False,False,False,,64-32,2561
64-32,Random 50% #3,1714,0.0221853388658367,0.0435459874799527,0.0045650547135095,-0.0213606486141159,0.0176202841523272,False,True,True,,64-32,2561
64-32,Random 50% #4,1714,0.0209444740819774,0.0425820176555129,0.0241908791254179,-0.0216375435735355,-0.0032464050434405,False,False,False,,64-32,2561
64-32,Random 50% #5,1714,0.025145147627017,0.0389795299776393,0.0459849982791087,-0.0138343823506222,-0.0208398506520916,False,False,False,,64-32,2561
64-32,Random 50% #6,1714,-0.0032358828377694,0.0575766476336752,0.0439074456676568,-0.0608125304714447,-0.0471433285054263,False,False,False,,64-32,2561
64-32,Random 50% #7,1714,0.0203886964648963,0.0492698577648335,0.0140821033302517,-0.0288811612999371,0.0063065931346446,False,True,True,,64-32,2561
64-32,Random 50% #8,1714,-0.0080211409064465,0.0300063466966652,0.0349160594825553,-0.0380274876031118,-0.0429372003890018,False,False,False,,64-32,2561
64-32,Random 50% #9,1714,-0.0018808498325041,0.0587768459852253,0.0243596420649117,-0.0606576958177295,-0.0262404918974159,False,False,False,,64-32,2561
64-32,Random 50% #10,1714,0.0032849222618878,0.0490031420197368,0.0112516175486352,-0.045718219757849,-0.0079666952867474,False,False,False,,64-32,2561
64-32,Random 50% #11,1714,0.0064028840624585,0.0437316621945779,0.003170715157158,-0.0373287781321193,0.0032321689053004,False,True,True,,64-32,2561
64-32,Random 50% #12,1714,-0.0033234372422892,0.0423651255017329,-0.001143443406576,-0.0456885627440222,-0.0021799938357132,True,False,True,,64-32,2561
64-32,Random 50% #13,1714,0.0032517955657333,0.0280743567436129,0.0195958781684083,-0.0248225611778796,-0.016344082602675,False,False,False,,64-32,2561
64-32,Random 50% #14,1714,0.0062157191184681,0.0402342063692858,-0.0238438369011115,-0.0340184872508177,0.0300595560195797,True,True,True,,64-32,2561
64-32,Random 50% #15,1714,0.0026854501430772,0.0309735185266509,0.0357234991862406,-0.0282880683835737,-0.0330380490431633,False,False,False,,64-32,2561
64-32,Random 50% #16,1714,0.0188052608311229,0.0410008837698849,0.0265369431555749,-0.022195622938762,-0.007731682324452,False,False,False,,64-32,2561
64-32,Random 50% #17,1714,0.0073507410721795,0.0436636158861053,0.0433644306815041,-0.0363128748139258,-0.0360136896093245,False,False,False,,64-32,2561
64-32,Random 50% #18,1714,0.0251803786741562,0.0515449749338152,0.0356235724854047,-0.026364596259659,-0.0104431938112485,False,False,False,,64-32,2561
64-32,Random 50% #19,1714,0.0087463233253787,0.0318711156613207,-0.0225838658965904,-0.0231247923359419,0.0313301892219691,True,True,True,,64-32,2561
64-32,Random 50% #20,1714,0.0239488541873964,0.0319298228432936,0.0261735373497345,-0.0079809686558972,-0.0022246831623381,False,False,False,,64-32,2561
64-32,Random 50% #21,1714,0.0016605879752431,0.0302451612686108,0.0228304711757922,-0.0285845732933677,-0.021169883200549,False,False,False,,64-32,2561
64-32,Random 50% #22,1714,0.0178287222426975,0.038801136247079,0.0256022288438642,-0.0209724140043814,-0.0077735066011666,False,False,False,,64-32,2561
64-32,Random 50% #23,1714,-0.0051929851771431,0.0379139367712806,0.0193262300398891,-0.0431069219484237,-0.0245192152170322,False,False,False,,64-32,2561
64-32,Random 50% #24,1714,0.0201698382197979,0.0356392650901348,0.016854411776475,-0.0154694268703369,0.0033154264433228,False,True,True,,64-32,2561
64-32,Random 50% #25,1714,0.0024135223603308,0.0553105412226747,0.0072887399228571,-0.0528970188623438,-0.0048752175625263,False,False,False,,64-32,2561
64-32,Random 50% #26,1714,-0.0063986093578627,0.0381677884001974,0.0352167717819356,-0.0445663977580601,-0.0416153811397983,False,False,False,,64-32,2561
64-32,Random 50% #27,1714,-0.0048317683881064,0.0250516106878998,0.0096381245990752,-0.0298833790760062,-0.0144698929871817,False,False,False,,64-32,2561
64-32,Random 50% #28,1714,0.0098094573797898,0.0427948223390413,0.0380457123637113,-0.0329853649592514,-0.0282362549839214,False,False,False,,64-32,2561
64-32,Random 50% #29,1714,0.0125552608311229,0.0148146084741528,-0.0025556274313421,-0.0022593476430299,0.015110888262465,True,True,True,,64-32,2561
64-32,Random 50% #30,1714,0.0022139615866539,0.0448522508946633,0.0199363114181691,-0.0426382893080093,-0.0177223498315151,False,False,False,,64-32,2561
64-32,Random 50% #31,1714,0.0081502190717898,0.0340059183454418,0.0036405560239688,-0.0258556992736519,0.0045096630478209,False,True,True,,64-32,2561
64-32,Random 50% #32,1714,-0.0092920029904661,0.028069129528697,0.012505363514369,-0.0373611325191632,-0.0217973665048352,False,False,False,,64-32,2561
64-32,Random 50% #33,1714,-0.002514181228832,0.0368264022919882,0.0081655145243964,-0.0393405835208203,-0.0106796957532285,False,False,False,,64-32,2561
64-32,Random 50% #34,1714,0.0070180513371488,0.0292223696627781,-0.0121501649854223,-0.0222043183256293,0.0191682163225712,True,True,True,,64-32,2561
64-32,Random 50% #35,1714,0.0093248828878478,0.0681194508964022,0.0144276544331283,-0.0587945680085544,-0.0051027715452804,False,False,False,,64-32,2561
64-32,Random 50% #36,1714,0.016912667846362,0.05434289192625,0.0096019144806542,-0.037430224079888,0.0073107533657077,False,True,True,,64-32,2561
64-32,Random 50% #37,1714,0.0036653828805384,0.0403579722578738,-0.0121506231965169,-0.0366925893773353,0.0158160060770554,True,True,True,,64-32,2561
64-32,Random 50% #38,1714,0.0021576191788371,0.043998084174466,0.0131195557656546,-0.0418404649956288,-0.0109619365868175,False,False,False,,64-32,2561
64-32,Random 50% #39,1714,0.0170086158804934,0.0304267232979349,0.0164491633337752,-0.0134181074174415,0.0005594525467181,False,True,True,,64-32,2561
64-32,Random 50% #40,1714,0.018520937100027,0.0369683209392689,0.0128884863038926,-0.0184473838392418,0.0056324507961344,False,True,True,,64-32,2561
64-32,Random 50% #41,1714,0.0027199322354597,0.0150519069408694,-0.0151454218795218,-0.0123319747054096,0.0178653541149816,True,True,True,,64-32,2561
64-32,Random 50% #42,1714,0.0178900300253214,0.0584407561402484,0.012106846318644,-0.040550726114927,0.0057831837066773,False,True,True,,64-32,2561
64-32,Random 50% #43,1714,0.0169958506224066,0.0373056752601582,0.0192690463878739,-0.0203098246377516,-0.0022731957654673,False,False,False,,64-32,2561
64-32,Random 50% #44,1714,-0.0080414937759336,0.0387688642072741,0.012280010062459,-0.0468103579832077,-0.0203215038383926,False,False,False,,64-32,2561
64-32,Random 50% #45,1714,-0.0006684003732017,0.0325062376258424,-0.0033166223061619,-0.0331746379990441,0.0026482219329602,True,True,True,,64-32,2561
64-32,Random 50% #46,1714,-0.0127567411871579,0.0336962970416117,0.0030324207112781,-0.0464530382287697,-0.015789161898436,False,False,False,,64-32,2561
64-32,Random 50% #47,1714,-0.0023071888899981,0.0308142765947296,0.0404880671288469,-0.0331214654847278,-0.042795256018845,False,False,False,,64-32,2561
64-32,Random 50% #48,1714,0.0007707867678387,0.0476187436780627,0.0207916931842724,-0.0468479569102239,-0.0200209064164337,False,False,False,,64-32,2561
64-32,Random 50% #49,1714,-0.0052585890287469,0.0410381295602352,0.0174223439998031,-0.0462967185889822,-0.02268093302855,False,False,False,,64-32,2561
64-32,Random 50% #50,1714,-0.009935439192208,0.0301849628337757,-0.0052166276718415,-0.0401204020259837,-0.0047188115203664,True,False,True,,64-32,2561
64-32,Random 30% #1,1028,0.0177032019704433,0.0669359922293091,0.0463989023977791,-0.0492327902588658,-0.0286957004273357,False,False,False,,64-32,2561
64-32,Random 30% #2,1028,-0.0188812287552644,0.0179443872277703,0.0231595052789474,-0.0368256159830348,-0.0420407340342118,False,False,False,,64-32,2561
64-32,Random 30% #3,1028,-0.0136963318843895,0.0049313557849023,0.0134338425687456,-0.0186276876692918,-0.0271301744531352,False,False,False,,64-32,2561
64-32,Random 30% #4,1028,0.012612065619632,0.035879239030922,0.008625242664444,-0.0232671734112899,0.003986822955188,False,True,True,,64-32,2561
64-32,Random 30% #5,1028,0.012955140579904,0.0406765267538621,0.008501027491923,-0.0277213861739581,0.004454113087981,False,True,True,,64-32,2561
64-32,Random 30% #6,1028,0.011061887501678,0.0420373836004093,0.024276600156831,-0.0309754960987312,-0.013214712655153,False,False,False,,64-32,2561
64-32,Random 30% #7,1028,-0.0019795447047178,0.0518996133192816,0.0157025416141288,-0.0538791580239995,-0.0176820863188467,False,False,False,,64-32,2561
64-32,Random 30% #8,1028,-0.0013757582957458,0.0460999944887608,-0.0011602172199187,-0.0474757527845066,-0.000215541075827,True,False,True,,64-32,2561
64-32,Random 30% #9,1028,0.0167924069116573,0.052166688897334,0.0034961855509058,-0.0353742819856766,0.0132962213607515,False,True,True,,64-32,2561
64-32,Random 30% #10,1028,0.0218614718614718,0.0683801814344456,-0.0146494875451949,-0.0465187095729738,0.0365109594066668,True,True,True,,64-32,2561
64-32,Random 30% #11,1028,0.0036992125742528,0.0463315093304105,0.0198820151010815,-0.0426322967561577,-0.0161828025268287,False,False,False,,64-32,2561
64-32,Random 30% #12,1028,-0.0176439165409753,0.0562863401475085,0.0355782929753311,-0.0739302566884839,-0.0532222095163064,False,False,False,,64-32,2561
64-32,Random 30% #13,1028,0.0061871080085679,0.0591222145750458,-0.0085711918360722,-0.0529351065664779,0.0147582998446402,True,True,True,,64-32,2561
64-32,Random 30% #14,1028,-0.0024039572835282,0.0515714029207289,-0.0033440261854243,-0.0539753602042571,0.000940068901896,True,True,True,,64-32,2561
64-32,Random 30% #15,1028,-0.0014797507788162,0.0556959542051093,0.0094085564238442,-0.0571757049839256,-0.0108883072026604,False,False,False,,64-32,2561
64-32,Random 30% #16,1028,0.006823838043474,0.0534557350179767,-0.0202636264652224,-0.0466318969745027,0.0270874645086965,True,True,True,,64-32,2561
64-32,Random 30% #17,1028,0.0030261642698374,0.0371436118757514,0.0105907282652887,-0.0341174476059139,-0.0075645639954512,False,False,False,,64-32,2561
64-32,Random 30% #18,1028,0.008237689744539,0.0476101166907496,0.0021782740941823,-0.0393724269462105,0.0060594156503567,False,True,True,,64-32,2561
64-32,Random 30% #19,1028,0.0066883064376393,0.0415523861537327,-0.0068208459575329,-0.0348640797160934,0.0135091523951722,True,True,True,,64-32,2561
64-32,Random 30% #20,1028,-0.0099963316214233,0.0358072636901061,0.0172536664818165,-0.0458035953115294,-0.0272499981032399,False,False,False,,64-32,2561
64-32,Random 30% #21,1028,0.002277451699682,0.0432910893235243,-0.0327005577790497,-0.0410136376238422,0.0349780094787318,True,True,True,,64-32,2561
64-32,Random 30% #22,1028,0.0271739130434782,0.0435661426434904,0.0306031960510498,-0.0163922296000121,-0.0034292830075715,False,False,False,,64-32,2561
64-32,Random 30% #23,1028,0.0053719593676173,0.0615052256777736,0.0137607338523741,-0.0561332663101562,-0.0083887744847568,False,False,False,,64-32,2561
64-32,Random 30% #24,1028,0.0374355138753044,0.0355599402327569,-0.0040147732477886,0.0018755736425475,0.041450287123093,True,False,True,,64-32,2561
64-32,Random 30% #25,1028,0.0207335170659317,0.0460781918618704,-0.0019311254697366,-0.0253446747959387,0.0226646425356684,True,True,True,,64-32,2561
64-32,Random 30% #26,1028,0.000322640117994,0.0472561592852768,-0.0187071341203825,-0.0469335191672827,0.0190297742383766,True,True,True,,64-32,2561
64-32,Random 30% #27,1028,-0.0133699862551543,0.0487091753377185,0.0563842080955269,-0.0620791615928728,-0.0697541943506812,False,False,False,,64-32,2561
64-32,Random 30% #28,1028,0.0048546691403834,0.0378412663481503,0.008980966691509,-0.0329865972077669,-0.0041262975511256,False,False,False,,64-32,2561
64-32,Random 30% #29,1028,0.0132264436461088,0.0372143244054802,-0.0004495712927789,-0.0239878807593713,0.0136760149388878,True,True,True,,64-32,2561
64-32,Random 30% #30,1028,0.0073191060456281,0.02170776201553,-0.0146917690622981,-0.0143886559699019,0.0220108751079262,True,True,True,,64-32,2561
64-32,Random 30% #31,1028,0.0186572318838355,0.058749391466502,0.0298112357304733,-0.0400921595826664,-0.0111540038466377,False,False,False,,64-32,2561
64-32,Random 30% #32,1028,0.0146773132638857,0.068204126414374,0.0122944833446674,-0.0535268131504882,0.0023828299192182,False,True,True,,64-32,2561
64-32,Random 30% #33,1028,0.0107989019115876,0.0536523425703002,0.0232568251091334,-0.0428534406587125,-0.0124579231975458,False,False,False,,64-32,2561
64-32,Random 30% #34,1028,0.0036708111308466,0.0405601133085693,-0.0135707405298266,-0.0368893021777226,0.0172415516606733,True,True,True,,64-32,2561
64-32,Random 30% #35,1028,-0.0021279853031231,0.0374227863913933,0.0235419308224782,-0.0395507716945164,-0.0256699161256013,False,False,False,,64-32,2561
64-32,Random 30% #36,1028,-0.0048226599270606,0.0424758187945369,-0.0235186799473661,-0.0472984787215975,0.0186960200203054,True,True,True,,64-32,2561
64-32,Random 30% #37,1028,-0.0037446257685728,0.0108840432406776,0.0323070888993643,-0.0146286690092505,-0.0360517146679372,False,False,False,,64-32,2561
64-32,Random 30% #38,1028,0.0108722741433021,0.0076439065483073,0.0212673563368192,0.0032283675949948,-0.010395082193517,False,True,True,,64-32,2561
64-32,Random 30% #39,1028,0.0380230468256006,0.0431106074086043,0.0069288255914305,-0.0050875605830037,0.03109422123417,False,True,True,,64-32,2561
64-32,Random 30% #40,1028,-0.0156995008383602,0.0313423670262178,0.018695465866459,-0.0470418678645781,-0.0343949667048193,False,False,False,,64-32,2561
64-32,Random 30% #41,1028,0.0003191021554961,0.0559651009463683,0.0034462116361446,-0.0556459987908722,-0.0031271094806485,False,False,False,,64-32,2561
64-32,Random 30% #42,1028,0.0039796984507742,0.0306272488245078,0.0394167989996337,-0.0266475503737336,-0.0354371005488594,False,False,False,,64-32,2561
64-32,Random 30% #43,1028,0.0320665445665445,0.0454740468569563,0.0087887911313675,-0.0134075022904117,0.0232777534351769,False,True,True,,64-32,2561
64-32,Random 30% #44,1028,0.014617494198646,0.0313148333783215,0.0115080958636935,-0.0166973391796755,0.0031093983349525,False,True,True,,64-32,2561
64-32,Random 30% #45,1028,-0.010677190889205,0.0424600908596245,-0.0253928828844786,-0.0531372817488295,0.0147156919952736,True,True,True,,64-32,2561
64-32,Random 30% #46,1028,-0.0211341559464426,0.0384812374591179,0.0058943337226339,-0.0596153934055605,-0.0270284896690766,False,False,False,,64-32,2561
64-32,Random 30% #47,1028,0.0021068472535741,0.0762513416820486,-0.007156963672368,-0.0741444944284745,0.0092638109259422,True,True,True,,64-32,2561
64-32,Random 30% #48,1028,0.0099373113536103,0.0593408097473296,0.0034157747973961,-0.0494034983937192,0.0065215365562142,False,True,True,,64-32,2561
64-32,Random 30% #49,1028,-0.0033935788911766,0.050654081871709,0.0030993726051289,-0.0540476607628856,-0.0064929514963056,False,False,False,,64-32,2561
64-32,Random 30% #50,1028,-0.0149638584774062,0.0425199573296921,0.030756233832004,-0.0574838158070984,-0.0457200923094103,False,False,False,,64-32,2561
32-16-8-4,All Patients,3429,0.0078818040435458,0.0285786017943626,0.0486723205441833,-0.0206967977508168,-0.0407905165006374,False,False,False,,32-16-8-4,929
32-16-8-4,ICUType 1.0,490,0.0294939989088925,0.0424649179512321,-0.0126714009663785,-0.0129709190423396,0.0421653998752711,True,True,True,,32-16-8-4,929
32-16-8-4,ICUType 2.0,643,-0.000975689080413,0.0198168716267091,-0.0163189309631603,-0.0207925607071221,0.0153432418827473,True,True,True,,32-16-8-4,929
32-16-8-4,ICUType 3.0,1357,-0.0217764843549488,0.0339005597843468,0.0198278621334967,-0.0556770441392956,-0.0416043464884456,False,False,False,,32-16-8-4,929
32-16-8-4,ICUType 4.0,939,0.0202084035501629,0.0225688174837118,0.0079538646103056,-0.0023604139335489,0.0122545389398572,False,True,True,,32-16-8-4,929
32-16-8-4,Age decile 0,374,0.046026807780653,0.0515364358749662,-0.0079643808371792,-0.0055096280943132,0.0539911886178322,True,True,True,,32-16-8-4,929
32-16-8-4,Age decile 1,344,0.0273634472301562,0.0775802664362182,-0.0110820778739153,-0.0502168192060619,0.0384455251040715,True,True,True,,32-16-8-4,929
32-16-8-4,Age decile 2,347,0.0042864169770219,0.027315378328925,-0.0014561864003329,-0.023028961351903,0.0057426033773548,True,True,True,,32-16-8-4,929
32-16-8-4,Age decile 3,325,0.0096292729898892,0.0511372109314487,0.0595976573621524,-0.0415079379415595,-0.0499683843722632,False,False,False,,32-16-8-4,929
32-16-8-4,Age decile 4,372,-0.0152359717577108,0.0711413683090447,-0.0447288856216342,-0.0863773400667556,0.0294929138639233,True,True,True,,32-16-8-4,929
32-16-8-4,Age decile 5,344,-0.0250497851378262,0.0322710267669946,0.028747366462016,-0.0573208119048208,-0.0537971515998423,False,False,False,,32-16-8-4,929
32-16-8-4,Age decile 6,397,-0.0004719207173194,0.0374545727238385,-0.0806735140847105,-0.037926493441158,0.080201593367391,True,True,True,,32-16-8-4,929
32-16-8-4,Age decile 7,247,0.0173747705218987,0.0245829574717809,-3.58696012167925e-05,-0.0072081869498821,0.0174106401231155,True,True,True,,32-16-8-4,929
32-16-8-4,Age decile 8,354,-0.0216450216450216,0.0549480950165527,0.0021451601069186,-0.0765931166615744,-0.0237901817519403,False,False,False,,32-16-8-4,929
32-16-8-4,Age decile 9,325,-0.0771864301276066,0.0563201561445096,-0.0193227001279152,-0.1335065862721162,-0.0578637299996913,True,False,True,,32-16-8-4,929
32-16-8-4,HR quartile 0,877,0.0371049136786188,0.076137014814011,0.029012149408255,-0.0390321011353921,0.0080927642703638,False,True,True,,32-16-8-4,929
32-16-8-4,HR quartile 1,917,-0.0169849537037037,0.0277525862428326,-0.0020011185891396,-0.0447375399465363,-0.014983835114564,True,False,True,,32-16-8-4,929
32-16-8-4,HR quartile 2,816,0.034861311019492,0.0647598355698276,-0.0079672317191705,-0.0298985245503355,0.0428285427386625,True,True,True,,32-16-8-4,929
32-16-8-4,HR quartile 3,819,-0.0232600311906863,0.02230623493125,-0.0205422129354719,-0.0455662661219363,-0.0027178182552144,True,False,True,,32-16-8-4,929
32-16-8-4,MAP quartile 0,877,-0.0141240285818599,0.0401329905363578,0.0166395757499068,-0.0542570191182177,-0.0307636043317667,False,False,False,,32-16-8-4,929
32-16-8-4,MAP quartile 1,840,0.02392179413456,0.0292552094839928,0.0020050496294911,-0.0053334153494327,0.0219167445050689,False,True,True,,32-16-8-4,929
32-16-8-4,MAP quartile 2,866,0.0104058609958506,0.0307186916415903,-0.0145507545093155,-0.0203128306457397,0.0249566155051661,True,True,True,,32-16-8-4,929
32-16-8-4,MAP quartile 3,846,0.0090927756430939,0.0682649990468671,-0.0406884337638354,-0.0591722234037732,0.0497812094069294,True,True,True,,32-16-8-4,929
32-16-8-4,Temp quartile 0,902,0.0068727157158747,0.032185703998421,0.0079100304260469,-0.0253129882825463,-0.0010373147101721,False,False,False,,32-16-8-4,929
32-16-8-4,Temp quartile 1,864,0.0305627470437901,0.0364603693580939,-0.0356388969058183,-0.0058976223143037,0.0662016439496085,True,True,True,,32-16-8-4,929
32-16-8-4,Temp quartile 2,838,-0.0036346905912123,0.0609601921186313,0.0396618229431593,-0.0645948827098436,-0.0432965135343716,False,False,False,,32-16-8-4,929
32-16-8-4,Temp quartile 3,825,-0.0023612750885478,0.0264907003312996,-0.0153150914021818,-0.0288519754198474,0.012953816313634,True,True,True,,32-16-8-4,929
32-16-8-4,Urine quartile 0,859,-0.0313289760348584,0.0454518955103521,-0.0412769718869705,-0.0767808715452105,0.0099479958521121,True,True,True,,32-16-8-4,929
32-16-8-4,Urine quartile 1,913,-0.0210526315789473,0.0221838146071891,-0.0448157186043657,-0.0432364461861365,0.0237630870254183,True,True,True,,32-16-8-4,929
32-16-8-4,Urine quartile 2,802,0.0149901230333403,0.0496665221850924,-0.0001925598703024,-0.0346763991517521,0.0151826829036427,True,True,True,,32-16-8-4,929
32-16-8-4,Urine quartile 3,855,0.0601118199903958,0.0546808954576259,-0.0114150478922743,0.0054309245327699,0.0715268678826702,True,False,True,,32-16-8-4,929
32-16-8-4,SAPS quartile 0,1025,0.0026756349262149,0.025843195576562,-0.0091465928272468,-0.0231675606503471,0.0118222277534618,True,True,True,,32-16-8-4,929
32-16-8-4,SAPS quartile 1,946,0.0452124666297511,0.052053879845521,0.0001915191065685,-0.0068414132157699,0.0450209475231826,False,True,True,,32-16-8-4,929
32-16-8-4,SAPS quartile 2,660,0.0015384615384615,0.0235051059287157,0.0093704214428125,-0.0219666443902542,-0.007831959904351,False,False,False,,32-16-8-4,929
32-16-8-4,SAPS quartile 3,798,-0.0389986891196934,0.0504957342597797,-0.0009150723516906,-0.0894944233794732,-0.0380836167680028,True,False,True,,32-16-8-4,929
32-16-8-4,HR > 100,945,-0.0351262896411669,0.0087575191453772,0.0041956038824135,-0.0438838087865442,-0.0393218935235805,False,False,False,,32-16-8-4,929
32-16-8-4,MAP < 65,697,-0.0279136809159047,0.0072961637822077,-0.0151498700698218,-0.0352098446981125,-0.0127638108460829,True,False,True,,32-16-8-4,929
32-16-8-4,Temp > 38C,267,-0.0430204913392958,0.0540657066841844,-0.0582609985653822,-0.0970861980234802,0.0152405072260864,True,True,True,,32-16-8-4,929
32-16-8-4,Urine > 1000,210,0.0458952811893988,0.0679009428556524,-0.0351659971835155,-0.0220056616662536,0.0810612783729144,True,True,True,,32-16-8-4,929
32-16-8-4,Random 50% #1,1714,0.0148182289884191,0.0082799174259068,0.0092298105578908,0.0065383115625123,0.0055884184305283,False,False,False,,32-16-8-4,929
32-16-8-4,Random 50% #2,1714,0.0038708396744524,0.0273224692536641,0.0116371928682795,-0.0234516295792117,-0.007766353193827,False,False,False,,32-16-8-4,929
32-16-8-4,Random 50% #3,1714,0.0221853388658367,0.0187598314968027,0.0111797077548848,0.003425507369034,0.0110056311109519,False,False,False,,32-16-8-4,929
32-16-8-4,Random 50% #4,1714,0.0209444740819774,0.0182823063327904,0.0184186445931181,0.0026621677491869,0.0025258294888592,False,False,False,,32-16-8-4,929
32-16-8-4,Random 50% #5,1714,0.025145147627017,0.0116953105189275,0.0104939347177354,0.0134498371080895,0.0146512129092815,False,False,False,,32-16-8-4,929
32-16-8-4,Random 50% #6,1714,-0.0032358828377694,0.027099785495494,0.014452379030593,-0.0303356683332635,-0.0176882618683625,False,False,False,,32-16-8-4,929
32-16-8-4,Random 50% #7,1714,0.0203886964648963,0.0478305634268387,0.0112605255595902,-0.0274418669619424,0.0091281709053061,False,True,True,,32-16-8-4,929
32-16-8-4,Random 50% #8,1714,-0.0080211409064465,0.0146230071904131,0.0297307688598595,-0.0226441480968597,-0.037751909766306,False,False,False,,32-16-8-4,929
32-16-8-4,Random 50% #9,1714,-0.0018808498325041,0.0443774528136824,0.016019480326502,-0.0462583026461866,-0.0179003301590062,False,False,False,,32-16-8-4,929
32-16-8-4,Random 50% #10,1714,0.0032849222618878,0.0341446729296277,-0.00839819762168,-0.0308597506677399,0.0116831198835678,True,True,True,,32-16-8-4,929
32-16-8-4,Random 50% #11,1714,0.0064028840624585,0.0453177577976971,0.0200380379325534,-0.0389148737352386,-0.0136351538700948,False,False,False,,32-16-8-4,929
32-16-8-4,Random 50% #12,1714,-0.0033234372422892,0.018581633574876,0.0168548137898956,-0.0219050708171653,-0.0201782510321849,False,False,False,,32-16-8-4,929
32-16-8-4,Random 50% #13,1714,0.0032517955657333,0.0011235342128717,0.0052308980273598,0.0021282613528616,-0.0019791024616265,False,True,True,,32-16-8-4,929
32-16-8-4,Random 50% #14,1714,0.0062157191184681,0.0279613474097279,-0.0121517781881366,-0.0217456282912597,0.0183674973066048,True,True,True,,32-16-8-4,929
32-16-8-4,Random 50% #15,1714,0.0026854501430772,0.0338772046257974,0.0226639818453928,-0.0311917544827202,-0.0199785317023156,False,False,False,,32-16-8-4,929
32-16-8-4,Random 50% #16,1714,0.0188052608311229,0.0349202858107272,0.0094578151656159,-0.0161150249796043,0.0093474456655069,False,True,True,,32-16-8-4,929
32-16-8-4,Random 50% #17,1714,0.0073507410721795,0.0305195572568554,0.0075920694057418,-0.0231688161846758,-0.0002413283335622,False,False,False,,32-16-8-4,929
32-16-8-4,Random 50% #18,1714,0.0251803786741562,0.0423497285792468,0.0343023443589963,-0.0171693499050906,-0.0091219656848401,False,False,False,,32-16-8-4,929
32-16-8-4,Random 50% #19,1714,0.0087463233253787,0.0263850798370883,0.0120313917577775,-0.0176387565117095,-0.0032850684323987,False,False,False,,32-16-8-4,929
32-16-8-4,Random 50% #20,1714,0.0239488541873964,0.0181537355167796,0.0226179187912199,0.0057951186706167,0.0013309353961764,False,False,False,,32-16-8-4,929
32-16-8-4,Random 50% #21,1714,0.0016605879752431,0.0119943603512404,0.0026804044794916,-0.0103337723759973,-0.0010198165042485,False,False,False,,32-16-8-4,929
32-16-8-4,Random 50% #22,1714,0.0178287222426975,0.0307458662182668,0.0050034079769251,-0.0129171439755692,0.0128253142657723,False,True,True,,32-16-8-4,929
32-16-8-4,Random 50% #23,1714,-0.0051929851771431,0.0374171953611584,-0.0063886835714077,-0.0426101805383015,0.0011956983942646,True,True,True,,32-16-8-4,929
32-16-8-4,Random 50% #24,1714,0.0201698382197979,0.0163765930892534,0.0089977996192832,0.0037932451305445,0.0111720386005146,False,False,False,,32-16-8-4,929
32-16-8-4,Random 50% #25,1714,0.0024135223603308,0.0160441922669272,0.0180802937208225,-0.0136306699065963,-0.0156667713604917,False,False,False,,32-16-8-4,929
32-16-8-4,Random 50% #26,1714,-0.0063986093578627,0.0514019875930809,-0.0055020294266457,-0.0578005969509436,-0.0008965799312169,True,False,True,,32-16-8-4,929
32-16-8-4,Random 50% #27,1714,-0.0048317683881064,0.0237385782708452,0.0221501516387757,-0.0285703466589516,-0.0269819200268821,False,False,False,,32-16-8-4,929
32-16-8-4,Random 50% #28,1714,0.0098094573797898,0.0151233895814202,0.0150115293574763,-0.0053139322016303,-0.0052020719776864,False,False,False,,32-16-8-4,929
32-16-8-4,Random 50% #29,1714,0.0125552608311229,0.0288507236820379,-0.0034742188889654,-0.016295462850915,0.0160294797200883,True,True,True,,32-16-8-4,929
32-16-8-4,Random 50% #30,1714,0.0022139615866539,0.0132416813449611,0.0178673778641683,-0.0110277197583072,-0.0156534162775143,False,False,False,,32-16-8-4,929
32-16-8-4,Random 50% #31,1714,0.0081502190717898,0.0285006469907202,0.0229701848653063,-0.0203504279189304,-0.0148199657935165,False,False,False,,32-16-8-4,929
32-16-8-4,Random 50% #32,1714,-0.0092920029904661,0.034534850356502,0.0184839884054501,-0.0438268533469682,-0.0277759913959163,False,False,False,,32-16-8-4,929
32-16-8-4,Random 50% #33,1714,-0.002514181228832,0.0260012561620043,0.0207928611743555,-0.0285154373908363,-0.0233070424031875,False,False,False,,32-16-8-4,929
32-16-8-4,Random 50% #34,1714,0.0070180513371488,0.0170303808733734,0.0531335653754009,-0.0100123295362245,-0.0461155140382521,False,False,False,,32-16-8-4,929
32-16-8-4,Random 50% #35,1714,0.0093248828878478,0.0237724828846077,0.0141209833964974,-0.0144475999967598,-0.0047961005086495,False,False,False,,32-16-8-4,929
32-16-8-4,Random 50% #36,1714,0.016912667846362,0.0382174525830106,0.0644316425561262,-0.0213047847366486,-0.0475189747097641,False,False,False,,32-16-8-4,929
32-16-8-4,Random 50% #37,1714,0.0036653828805384,0.0206173911709237,0.0028895179496916,-0.0169520082903852,0.0007758649308468,False,True,True,,32-16-8-4,929
32-16-8-4,Random 50% #38,1714,0.0021576191788371,0.0390210154243748,-0.0076901246889467,-0.0368633962455377,0.0098477438677839,True,True,True,,32-16-8-4,929
32-16-8-4,Random 50% #39,1714,0.0170086158804934,0.000125038170263,0.0027951703399389,0.0168835777102303,0.0142134455405544,False,False,False,,32-16-8-4,929
32-16-8-4,Random 50% #40,1714,0.018520937100027,0.0362906922710898,0.0499778538358272,-0.0177697551710627,-0.0314569167358001,False,False,False,,32-16-8-4,929
32-16-8-4,Random 50% #41,1714,0.0027199322354597,0.0450193063480409,0.0253237884443911,-0.0422993741125811,-0.0226038562089314,False,False,False,,32-16-8-4,929
32-16-8-4,Random 50% #42,1714,0.0178900300253214,0.0431681453520472,-0.0136083974008855,-0.0252781153267258,0.0314984274262069,True,True,True,,32-16-8-4,929
32-16-8-4,Random 50% #43,1714,0.0169958506224066,0.0164899200273585,0.026656573150704,0.0005059305950481,-0.0096607225282973,False,True,True,,32-16-8-4,929
32-16-8-4,Random 50% #44,1714,-0.0080414937759336,0.026226543024864,0.024341594490035,-0.0342680368007976,-0.0323830882659686,False,False,False,,32-16-8-4,929
32-16-8-4,Random 50% #45,1714,-0.0006684003732017,0.0232488572096842,0.0170779041801837,-0.0239172575828859,-0.0177463045533854,False,False,False,,32-16-8-4,929
32-16-8-4,Random 50% #46,1714,-0.0127567411871579,0.0297861488010608,0.0268636324246043,-0.0425428899882187,-0.0396203736117622,False,False,False,,32-16-8-4,929
32-16-8-4,Random 50% #47,1714,-0.0023071888899981,0.0223080909618519,0.0141595461624903,-0.02461527985185,-0.0164667350524884,False,False,False,,32-16-8-4,929
32-16-8-4,Random 50% #48,1714,0.0007707867678387,0.0192297174751555,0.0231679994195738,-0.0184589307073168,-0.0223972126517351,False,False,False,,32-16-8-4,929
32-16-8-4,Random 50% #49,1714,-0.0052585890287469,0.0142493124253349,0.0139461353264264,-0.0195079014540819,-0.0192047243551733,False,False,False,,32-16-8-4,929
32-16-8-4,Random 50% #50,1714,-0.009935439192208,0.0339039524304188,-0.003231713636217,-0.0438393916226268,-0.0067037255559909,True,False,True,,32-16-8-4,929
32-16-8-4,Random 30% #1,1028,0.0177032019704433,0.0420770014835452,0.0313095445561068,-0.0243737995131019,-0.0136063425856634,False,False,False,,32-16-8-4,929
32-16-8-4,Random 30% #2,1028,-0.0188812287552644,0.0326434051852045,0.0130974408391277,-0.051524633940469,-0.0319786695943921,False,False,False,,32-16-8-4,929
32-16-8-4,Random 30% #3,1028,-0.0136963318843895,-0.0217257713132785,-0.0190286279497012,0.008029439428889,0.0053322960653116,False,False,False,,32-16-8-4,929
32-16-8-4,Random 30% #4,1028,0.012612065619632,0.0288768584240029,0.0076042704580704,-0.0162647928043709,0.0050077951615616,False,True,True,,32-16-8-4,929
32-16-8-4,Random 30% #5,1028,0.012955140579904,-0.0018730314059456,0.0192782285945545,0.0148281719858497,-0.0063230880146505,True,True,True,,32-16-8-4,929
32-16-8-4,Random 30% #6,1028,0.011061887501678,0.0219126031753444,0.0020812552605885,-0.0108507156736663,0.0089806322410895,False,True,True,,32-16-8-4,929
32-16-8-4,Random 30% #7,1028,-0.0019795447047178,0.0295872167417569,0.0057684520726713,-0.0315667614464748,-0.0077479967773892,False,False,False,,32-16-8-4,929
32-16-8-4,Random 30% #8,1028,-0.0013757582957458,0.0418280679973699,0.0223120536275509,-0.0432038262931158,-0.0236878119232967,False,False,False,,32-16-8-4,929
32-16-8-4,Random 30% #9,1028,0.0167924069116573,0.0125576259456158,0.0324724361009385,0.0042347809660414,-0.0156800291892811,False,True,True,,32-16-8-4,929
32-16-8-4,Random 30% #10,1028,0.0218614718614718,0.0406527587785817,-0.0316992934975356,-0.0187912869171099,0.0535607653590074,True,True,True,,32-16-8-4,929
32-16-8-4,Random 30% #11,1028,0.0036992125742528,0.0181723064421757,0.0043655082686655,-0.0144730938679228,-0.0006662956944126,False,False,False,,32-16-8-4,929
32-16-8-4,Random 30% #12,1028,-0.0176439165409753,0.0250985891638854,-0.0357016743571141,-0.0427425057048608,0.0180577578161387,True,True,True,,32-16-8-4,929
32-16-8-4,Random 30% #13,1028,0.0061871080085679,0.052052522643915,0.0175911805000157,-0.0458654146353471,-0.0114040724914478,False,False,False,,32-16-8-4,929
32-16-8-4,Random 30% #14,1028,-0.0024039572835282,0.040942319250791,0.0291613438165582,-0.0433462765343193,-0.0315653011000865,False,False,False,,32-16-8-4,929
32-16-8-4,Random 30% #15,1028,-0.0014797507788162,0.0695022309470618,-0.0033019934442266,-0.070981981725878,0.0018222426654104,True,True,True,,32-16-8-4,929
32-16-8-4,Random 30% #16,1028,0.006823838043474,0.032383348751707,-0.0222516959681838,-0.025559510708233,0.0290755340116579,True,True,True,,32-16-8-4,929
32-16-8-4,Random 30% #17,1028,0.0030261642698374,0.0550247153910148,0.0067523761000647,-0.0519985511211774,-0.0037262118302272,False,False,False,,32-16-8-4,929
32-16-8-4,Random 30% #18,1028,0.008237689744539,0.0469258404289176,0.0048316480580012,-0.0386881506843786,0.0034060416865377,False,True,True,,32-16-8-4,929
32-16-8-4,Random 30% #19,1028,0.0066883064376393,0.0093252699177469,0.0217090020101782,-0.0026369634801076,-0.0150206955725389,False,False,False,,32-16-8-4,929
32-16-8-4,Random 30% #20,1028,-0.0099963316214233,0.029216124091737,0.0128703782074292,-0.0392124557131603,-0.0228667098288525,False,False,False,,32-16-8-4,929
32-16-8-4,Random 30% #21,1028,0.002277451699682,0.0491503802174901,0.0002703221074274,-0.046872928517808,0.0020071295922546,False,True,True,,32-16-8-4,929
32-16-8-4,Random 30% #22,1028,0.0271739130434782,0.0235038804212875,0.0072244372541349,0.0036700326221907,0.0199494757893433,False,False,False,,32-16-8-4,929
32-16-8-4,Random 30% #23,1028,0.0053719593676173,0.0131537570688536,0.0206021124336753,-0.0077817977012362,-0.015230153066058,False,False,False,,32-16-8-4,929
32-16-8-4,Random 30% #24,1028,0.0374355138753044,0.0430920796242962,0.0026737158329936,-0.0056565657489918,0.0347617980423108,False,True,True,,32-16-8-4,929
32-16-8-4,Random 30% #25,1028,0.0207335170659317,0.0294834336866572,-0.0057577547829962,-0.0087499166207255,0.0264912718489279,True,True,True,,32-16-8-4,929
32-16-8-4,Random 30% #26,1028,0.000322640117994,0.0286559079130014,-0.0184961936642886,-0.0283332677950073,0.0188188337822827,True,True,True,,32-16-8-4,929
32-16-8-4,Random 30% #27,1028,-0.0133699862551543,0.0460281531138204,-0.0111363323474114,-0.0593981393689748,-0.0022336539077428,True,False,True,,32-16-8-4,929
32-16-8-4,Random 30% #28,1028,0.0048546691403834,0.0326004405555824,0.0269184142228182,-0.027745771415199,-0.0220637450824348,False,False,False,,32-16-8-4,929
32-16-8-4,Random 30% #29,1028,0.0132264436461088,0.0391235400321738,-0.0098320025383243,-0.0258970963860649,0.0230584461844332,True,True,True,,32-16-8-4,929
32-16-8-4,Random 30% #30,1028,0.0073191060456281,0.0169607121768577,-0.0234097547759212,-0.0096416061312296,0.0307288608215493,True,True,True,,32-16-8-4,929
32-16-8-4,Random 30% #31,1028,0.0186572318838355,0.0347795862237993,0.0352727134328762,-0.0161223543399638,-0.0166154815490407,False,False,False,,32-16-8-4,929
32-16-8-4,Random 30% #32,1028,0.0146773132638857,0.0493492277307894,0.0161227159864729,-0.0346719144669037,-0.0014454027225872,False,False,False,,32-16-8-4,929
32-16-8-4,Random 30% #33,1028,0.0107989019115876,0.0448315170757142,0.0430445444136942,-0.0340326151641266,-0.0322456425021066,False,False,False,,32-16-8-4,929
32-16-8-4,Random 30% #34,1028,0.0036708111308466,0.0475076949016436,0.014593978733766,-0.0438368837707969,-0.0109231676029193,False,False,False,,32-16-8-4,929
32-16-8-4,Random 30% #35,1028,-0.0021279853031231,0.0137386493799019,0.0062104156922478,-0.015866634683025,-0.008338400995371,False,False,False,,32-16-8-4,929
32-16-8-4,Random 30% #36,1028,-0.0048226599270606,0.0324276279003215,-0.0107498288191779,-0.0372502878273821,0.0059271688921172,True,True,True,,32-16-8-4,929
32-16-8-4,Random 30% #37,1028,-0.0037446257685728,0.0390467613539855,0.0417424949689446,-0.0427913871225584,-0.0454871207375175,False,False,False,,32-16-8-4,929
32-16-8-4,Random 30% #38,1028,0.0108722741433021,-0.0005404549683726,0.0195428870527773,0.0114127291116748,-0.0086706129094751,True,True,True,,32-16-8-4,929
32-16-8-4,Random 30% #39,1028,0.0380230468256006,0.0348637263501059,0.006128649179878,0.0031593204754946,0.0318943976457225,False,False,False,,32-16-8-4,929
32-16-8-4,Random 30% #40,1028,-0.0156995008383602,0.035583176166383,0.0253615403420001,-0.0512826770047432,-0.0410610411803603,False,False,False,,32-16-8-4,929
32-16-8-4,Random 30% #41,1028,0.0003191021554961,0.0417388562880958,0.007944261600068,-0.0414197541325997,-0.0076251594445718,False,False,False,,32-16-8-4,929
32-16-8-4,Random 30% #42,1028,0.0039796984507742,0.0306009769042563,0.0106438036012156,-0.0266212784534821,-0.0066641051504414,False,False,False,,32-16-8-4,929
32-16-8-4,Random 30% #43,1028,0.0320665445665445,0.0451652737670988,0.0368107195543474,-0.0130987292005543,-0.0047441749878028,False,False,False,,32-16-8-4,929
32-16-8-4,Random 30% #44,1028,0.014617494198646,0.0126082222171995,0.007170358845834,0.0020092719814464,0.0074471353528119,False,False,False,,32-16-8-4,929
32-16-8-4,Random 30% #45,1028,-0.010677190889205,0.0107509920106215,0.0033285539307633,-0.0214281828998265,-0.0140057448199684,False,False,False,,32-16-8-4,929
32-16-8-4,Random 30% #46,1028,-0.0211341559464426,0.0474498085705321,0.0337451002748421,-0.0685839645169747,-0.0548792562212847,False,False,False,,32-16-8-4,929
32-16-8-4,Random 30% #47,1028,0.0021068472535741,0.0673278780752473,0.0104334601092793,-0.0652210308216731,-0.0083266128557052,False,False,False,,32-16-8-4,929
32-16-8-4,Random 30% #48,1028,0.0099373113536103,0.0399344179917371,0.023657229989707,-0.0299971066381267,-0.0137199186360966,False,False,False,,32-16-8-4,929
32-16-8-4,Random 30% #49,1028,-0.0033935788911766,0.0287662520619427,0.0298605167659213,-0.0321598309531194,-0.033254095657098,False,False,False,,32-16-8-4,929
32-16-8-4,Random 30% #50,1028,-0.0149638584774062,0.0542546467974856,0.019260493719154,-0.0692185052748919,-0.0342243521965603,False,False,False,,32-16-8-4,929
64-32-16-8,All Patients,3429,0.0078818040435458,-0.0330858179098794,0.0323197584945031,0.0409676219534253,-0.0244379544509573,True,True,True,,64-32-16-8,3201
64-32-16-8,ICUType 1.0,490,0.0294939989088925,-0.173865681482008,0.0386403897636459,0.2033596803909005,-0.0091463908547534,True,True,True,,64-32-16-8,3201
64-32-16-8,ICUType 2.0,643,-0.000975689080413,0.0258796106823311,-0.0110728424491674,-0.0268552997627441,0.0100971533687544,True,True,True,,64-32-16-8,3201
64-32-16-8,ICUType 3.0,1357,-0.0217764843549488,-0.0437425903590132,0.0421318980995393,0.0219661060040643,-0.0639083824544881,True,True,True,,64-32-16-8,3201
64-32-16-8,ICUType 4.0,939,0.0202084035501629,-0.0862411254435333,0.0950005534191143,0.1064495289936962,-0.0747921498689514,True,True,True,,64-32-16-8,3201
64-32-16-8,Age decile 0,374,0.046026807780653,-0.2479686293792458,0.1134457381065183,0.2939954371598988,-0.0674189303258653,True,True,True,,64-32-16-8,3201
64-32-16-8,Age decile 1,344,0.0273634472301562,-0.2029358042903452,0.0128669002645548,0.2302992515205014,0.0144965469656013,True,False,True,,64-32-16-8,3201
64-32-16-8,Age decile 2,347,0.0042864169770219,-0.2741046975511819,0.1540234037027932,0.2783911145282039,-0.1497369867257712,True,True,True,,64-32-16-8,3201
64-32-16-8,Age decile 3,325,0.0096292729898892,-0.168140694203361,0.1365343892159172,0.1777699671932502,-0.126905116226028,True,True,True,,64-32-16-8,3201
64-32-16-8,Age decile 4,372,-0.0152359717577108,0.0247786502831304,0.1000371039862449,-0.0400146220408413,-0.1152730757439558,False,False,False,,64-32-16-8,3201
64-32-16-8,Age decile 5,344,-0.0250497851378262,-0.1987329251517381,0.1131507004872869,0.1736831400139119,-0.1382004856251132,True,True,True,,64-32-16-8,3201
64-32-16-8,Age decile 6,397,-0.0004719207173194,-0.211703651834508,0.0980839268028911,0.2112317311171885,-0.0985558475202106,True,True,True,,64-32-16-8,3201
64-32-16-8,Age decile 7,247,0.0173747705218987,-0.1871770421262191,0.2422837937900898,0.2045518126481179,-0.224909023268191,True,True,True,,64-32-16-8,3201
64-32-16-8,Age decile 8,354,-0.0216450216450216,-0.2033735277373237,0.1995874235045131,0.181728506092302,-0.2212324451495348,True,True,True,,64-32-16-8,3201
64-32-16-8,Age decile 9,325,-0.0771864301276066,-0.2403147992526976,0.0419169938438138,0.163128369125091,-0.1191034239714204,True,True,True,,64-32-16-8,3201
64-32-16-8,HR quartile 0,877,0.0371049136786188,-0.097461480935282,0.0872432480323339,0.1345663946139009,-0.050138334353715,True,True,True,,64-32-16-8,3201
64-32-16-8,HR quartile 1,917,-0.0169849537037037,-0.0771904759228122,-0.0018287149212127,0.0602055222191085,-0.0151562387824909,False,True,True,,64-32-16-8,3201
64-32-16-8,HR quartile 2,816,0.034861311019492,-0.1164263903063153,0.1022196443641596,0.1512877013258074,-0.0673583333446675,True,True,True,,64-32-16-8,3201
64-32-16-8,HR quartile 3,819,-0.0232600311906863,-0.1311374161136566,0.1242828275664905,0.1078773849229703,-0.1475428587571768,True,True,True,,64-32-16-8,3201
64-32-16-8,MAP quartile 0,877,-0.0141240285818599,-0.0719192591279619,0.1123871185235652,0.057795230546102,-0.1265111471054252,True,True,True,,64-32-16-8,3201
64-32-16-8,MAP quartile 1,840,0.02392179413456,-0.1165588716315648,0.0760978194029344,0.140480665766125,-0.0521760252683743,True,True,True,,64-32-16-8,3201
64-32-16-8,MAP quartile 2,866,0.0104058609958506,0.0271804946817444,0.0925715664138288,-0.0167746336858938,-0.0821657054179781,False,False,False,,64-32-16-8,3201
64-32-16-8,MAP quartile 3,846,0.0090927756430939,-0.1213865499971132,0.0983695730596663,0.1304793256402072,-0.0892767974165724,True,True,True,,64-32-16-8,3201
64-32-16-8,Temp quartile 0,902,0.0068727157158747,-0.0700789910940836,0.0851224321518207,0.0769517068099584,-0.0782497164359459,True,True,True,,64-32-16-8,3201
64-32-16-8,Temp quartile 1,864,0.0305627470437901,-0.1238029917036544,0.0081869812181692,0.1543657387474446,0.0223757658256209,True,False,True,,64-32-16-8,3201
64-32-16-8,Temp quartile 2,838,-0.0036346905912123,-0.1000305810817143,0.0304603038330705,0.096395890490502,-0.0340949944242829,True,True,True,,64-32-16-8,3201
64-32-16-8,Temp quartile 3,825,-0.0023612750885478,-0.1159830832413342,0.0928370334114903,0.1136218081527864,-0.0951983085000381,True,True,True,,64-32-16-8,3201
64-32-16-8,Urine quartile 0,859,-0.0313289760348584,-0.1229607234227071,0.1135342907148059,0.0916317473878487,-0.1448632667496643,True,True,True,,64-32-16-8,3201
64-32-16-8,Urine quartile 1,913,-0.0210526315789473,-0.0734599681603297,0.1058311594754616,0.0524073365813823,-0.126883791054409,True,True,True,,64-32-16-8,3201
64-32-16-8,Urine quartile 2,802,0.0149901230333403,-0.1045999705936279,0.0921551522650836,0.1195900936269682,-0.0771650292317432,True,True,True,,64-32-16-8,3201
64-32-16-8,Urine quartile 3,855,0.0601118199903958,-0.0950409370731096,-0.0103970612189328,0.1551527570635055,0.0705088812093286,False,False,False,,64-32-16-8,3201
64-32-16-8,SAPS quartile 0,1025,0.0026756349262149,-0.0819287692154923,-0.0142466208355958,0.0846044041417073,0.0169222557618108,False,False,False,,64-32-16-8,3201
64-32-16-8,SAPS quartile 1,946,0.0452124666297511,-0.0732708149513643,-0.0093229455184256,0.1184832815811155,0.0545354121481768,False,False,False,,64-32-16-8,3201
64-32-16-8,SAPS quartile 2,660,0.0015384615384615,-0.1016055520224574,0.1733169143867585,0.1031440135609189,-0.171778452848297,True,True,True,,64-32-16-8,3201
64-32-16-8,SAPS quartile 3,798,-0.0389986891196934,-0.0971589141792557,0.1708954612256029,0.0581602250595622,-0.2098941503452964,True,True,True,,64-32-16-8,3201
64-32-16-8,HR > 100,945,-0.0351262896411669,-0.1337549363783539,0.0799231397945258,0.0986286467371869,-0.1150494294356928,True,True,True,,64-32-16-8,3201
64-32-16-8,MAP < 65,697,-0.0279136809159047,-0.0881195302475481,0.1532283538750778,0.0602058493316433,-0.1811420347909826,True,True,True,,64-32-16-8,3201
64-32-16-8,Temp > 38C,267,-0.0430204913392958,-0.2423339337001523,0.2359123060422777,0.1993134423608565,-0.2789327973815735,True,True,True,,64-32-16-8,3201
64-32-16-8,Urine > 1000,210,0.0458952811893988,-0.2141528368430274,-0.0390761926405856,0.2600481180324263,0.0849714738299845,False,False,False,,64-32-16-8,3201
64-32-16-8,Random 50% #1,1714,0.0148182289884191,0.0302154690650727,-0.0048829952073575,-0.0153972400766535,0.0197012241957767,True,True,True,,64-32-16-8,3201
64-32-16-8,Random 50% #2,1714,0.0038708396744524,-0.0371151188525089,0.0510722927254787,0.0409859585269613,-0.0472014530510262,True,True,True,,64-32-16-8,3201
64-32-16-8,Random 50% #3,1714,0.0221853388658367,0.0324042063910825,0.0469532371422689,-0.0102188675252457,-0.0247678982764321,False,False,False,,64-32-16-8,3201
64-32-16-8,Random 50% #4,1714,0.0209444740819774,-0.0434922651859138,0.0610216929657361,0.0644367392678912,-0.0400772188837587,True,True,True,,64-32-16-8,3201
64-32-16-8,Random 50% #5,1714,0.025145147627017,-0.0591521292773226,0.093142970007205,0.0842972769043397,-0.0679978223801879,True,True,True,,64-32-16-8,3201
64-32-16-8,Random 50% #6,1714,-0.0032358828377694,-0.0732648078800282,-0.0065806408863969,0.0700289250422587,0.0033447580486274,False,False,False,,64-32-16-8,3201
64-32-16-8,Random 50% #7,1714,0.0203886964648963,-0.0598549584397976,0.0522583735273097,0.0802436549046939,-0.0318696770624133,True,True,True,,64-32-16-8,3201
64-32-16-8,Random 50% #8,1714,-0.0080211409064465,-0.0568807956487867,0.0714412509015698,0.0488596547423402,-0.0794623918080164,True,True,True,,64-32-16-8,3201
64-32-16-8,Random 50% #9,1714,-0.0018808498325041,-0.0524017077425842,0.052374709471461,0.05052085791008,-0.0542555593039651,True,True,True,,64-32-16-8,3201
64-32-16-8,Random 50% #10,1714,0.0032849222618878,0.0574308299536297,0.050534168713234,-0.0541459076917418,-0.0472492464513461,False,False,False,,64-32-16-8,3201
64-32-16-8,Random 50% #11,1714,0.0064028840624585,0.024617419526914,0.0592059253349061,-0.0182145354644555,-0.0528030412724476,False,False,False,,64-32-16-8,3201
64-32-16-8,Random 50% #12,1714,-0.0033234372422892,-0.0669394761297277,0.0503844883433337,0.0636160388874385,-0.053707925585623,True,True,True,,64-32-16-8,3201
64-32-16-8,Random 50% #13,1714,0.0032517955657333,-0.0541630530231535,0.0538449626908257,0.0574148485888869,-0.0505931671250924,True,True,True,,64-32-16-8,3201
64-32-16-8,Random 50% #14,1714,0.0062157191184681,0.0181317402659288,0.0486619415998474,-0.0119160211474607,-0.0424462224813792,False,False,False,,64-32-16-8,3201
64-32-16-8,Random 50% #15,1714,0.0026854501430772,-0.0599720223675269,0.0758541208149381,0.0626574725106041,-0.0731686706718609,True,True,True,,64-32-16-8,3201
64-32-16-8,Random 50% #16,1714,0.0188052608311229,-0.052832992090516,0.0510161922462637,0.0716382529216389,-0.0322109314151408,True,True,True,,64-32-16-8,3201
64-32-16-8,Random 50% #17,1714,0.0073507410721795,-0.0691304467070864,0.0892867300106498,0.0764811877792659,-0.0819359889384702,True,True,True,,64-32-16-8,3201
64-32-16-8,Random 50% #18,1714,0.0251803786741562,-0.0561217538613292,0.0534015949221442,0.0813021325354854,-0.028221216247988,True,True,True,,64-32-16-8,3201
64-32-16-8,Random 50% #19,1714,0.0087463233253787,-0.0632556029844214,0.0587805572454209,0.0720019263098001,-0.0500342339200421,True,True,True,,64-32-16-8,3201
64-32-16-8,Random 50% #20,1714,0.0239488541873964,0.0425747797054511,0.0894722738650173,-0.0186259255180547,-0.0655234196776209,False,False,False,,64-32-16-8,3201
64-32-16-8,Random 50% #21,1714,0.0016605879752431,0.0286813863501697,0.0557266571326689,-0.0270207983749266,-0.0540660691574257,False,False,False,,64-32-16-8,3201
64-32-16-8,Random 50% #22,1714,0.0178287222426975,-0.0672139583389928,0.0696213904367529,0.0850426805816903,-0.0517926681940554,True,True,True,,64-32-16-8,3201
64-32-16-8,Random 50% #23,1714,-0.0051929851771431,0.0461363279651489,0.0993570796620015,-0.051329313142292,-0.1045500648391446,False,False,False,,64-32-16-8,3201
64-32-16-8,Random 50% #24,1714,0.0201698382197979,-0.0156674785858828,0.0511748675957929,0.0358373168056807,-0.031005029375995,True,True,True,,64-32-16-8,3201
64-32-16-8,Random 50% #25,1714,0.0024135223603308,0.0487491302009142,0.0613163841269905,-0.0463356078405834,-0.0589028617666597,False,False,False,,64-32-16-8,3201
64-32-16-8,Random 50% #26,1714,-0.0063986093578627,0.0451637003328863,0.0903943674250365,-0.051562309690749,-0.0967929767828993,False,False,False,,64-32-16-8,3201
64-32-16-8,Random 50% #27,1714,-0.0048317683881064,0.0523414248247331,-0.0442660221926441,-0.0571731932128395,0.0394342538045376,True,True,True,,64-32-16-8,3201
64-32-16-8,Random 50% #28,1714,0.0098094573797898,-0.0610144082065637,0.0494987014355904,0.0708238655863536,-0.0396892440558006,True,True,True,,64-32-16-8,3201
64-32-16-8,Random 50% #29,1714,0.0125552608311229,0.0223696871758161,0.0119598854808524,-0.0098144263446932,0.0005953753502704,False,True,True,,64-32-16-8,3201
64-32-16-8,Random 50% #30,1714,0.0022139615866539,-0.0644401728595484,0.0140799655669084,0.0666541344462024,-0.0118660039802545,True,True,True,,64-32-16-8,3201
64-32-16-8,Random 50% #31,1714,0.0081502190717898,0.0517507100899612,0.0502230682640475,-0.0436004910181714,-0.0420728491922577,False,False,False,,64-32-16-8,3201
64-32-16-8,Random 50% #32,1714,-0.0092920029904661,0.0242267742936338,0.0490617864464189,-0.0335187772841,-0.0583537894368851,False,False,False,,64-32-16-8,3201
64-32-16-8,Random 50% #33,1714,-0.002514181228832,0.0323240401720432,0.0801949913517058,-0.0348382214008752,-0.0827091725805378,False,False,False,,64-32-16-8,3201
64-32-16-8,Random 50% #34,1714,0.0070180513371488,-0.0450466623509625,0.067271194436256,0.0520647136881114,-0.0602531430991072,True,True,True,,64-32-16-8,3201
64-32-16-8,Random 50% #35,1714,0.0093248828878478,0.0451857298259228,0.0590858248409526,-0.0358608469380749,-0.0497609419531047,False,False,False,,64-32-16-8,3201
64-32-16-8,Random 50% #36,1714,0.016912667846362,-0.0674260318374784,0.0231722054842118,0.0843386996838405,-0.0062595376378498,True,True,True,,64-32-16-8,3201
64-32-16-8,Random 50% #37,1714,0.0036653828805384,-0.0489329361240711,0.0683017001152871,0.0525983190046095,-0.0646363172347486,True,True,True,,64-32-16-8,3201
64-32-16-8,Random 50% #38,1714,0.0021576191788371,-0.0613855105553655,0.0514272846322212,0.0635431297342026,-0.0492696654533841,True,True,True,,64-32-16-8,3201
64-32-16-8,Random 50% #39,1714,0.0170086158804934,-0.0426944125283259,0.039331626838959,0.0597030284088193,-0.0223230109584656,True,True,True,,64-32-16-8,3201
64-32-16-8,Random 50% #40,1714,0.018520937100027,-0.0614596742085549,0.0236807022100362,0.079980611308582,-0.0051597651100091,True,True,True,,64-32-16-8,3201
64-32-16-8,Random 50% #41,1714,0.0027199322354597,-0.0457993545037678,-0.0053056661323241,0.0485192867392276,0.0080255983677838,False,False,False,,64-32-16-8,3201
64-32-16-8,Random 50% #42,1714,0.0178900300253214,-0.060984479471804,0.0107152141750713,0.0788745094971254,0.00717481585025,True,False,True,,64-32-16-8,3201
64-32-16-8,Random 50% #43,1714,0.0169958506224066,-0.0550880807122905,0.065999748574507,0.0720839313346972,-0.0490038979521004,True,True,True,,64-32-16-8,3201
64-32-16-8,Random 50% #44,1714,-0.0080414937759336,-0.066507070778002,0.0228123981745881,0.0584655770020684,-0.0308538919505217,True,True,True,,64-32-16-8,3201
64-32-16-8,Random 50% #45,1714,-0.0006684003732017,-0.062393212827267,0.0515906838610245,0.0617248124540653,-0.0522590842342262,True,True,True,,64-32-16-8,3201
64-32-16-8,Random 50% #46,1714,-0.0127567411871579,-0.0656618517242438,0.0054520349255096,0.0529051105370859,-0.0182087761126675,True,True,True,,64-32-16-8,3201
64-32-16-8,Random 50% #47,1714,-0.0023071888899981,-0.051111103461403,0.0399531894651027,0.0488039145714049,-0.0422603783551008,True,True,True,,64-32-16-8,3201
64-32-16-8,Random 50% #48,1714,0.0007707867678387,-0.0426441692223817,0.070038326798662,0.0434149559902204,-0.0692675400308232,True,True,True,,64-32-16-8,3201
64-32-16-8,Random 50% #49,1714,-0.0052585890287469,-0.0711371503192088,0.0654960645249736,0.0658785612904618,-0.0707546535537206,True,True,True,,64-32-16-8,3201
64-32-16-8,Random 50% #50,1714,-0.009935439192208,-0.0786020499157128,0.0430543448967013,0.0686666107235048,-0.0529897840889093,True,True,True,,64-32-16-8,3201
64-32-16-8,Random 30% #1,1028,0.0177032019704433,0.0653415102525768,0.0727044293873188,-0.0476383082821335,-0.0550012274168755,False,False,False,,64-32-16-8,3201
64-32-16-8,Random 30% #2,1028,-0.0188812287552644,-0.0695974943243623,0.1156107710670372,0.0507162655690979,-0.1344919998223017,True,True,True,,64-32-16-8,3201
64-32-16-8,Random 30% #3,1028,-0.0136963318843895,0.002454612968645,0.0752975616203326,-0.0161509448530345,-0.0889938935047221,False,False,False,,64-32-16-8,3201
64-32-16-8,Random 30% #4,1028,0.012612065619632,-0.0960237321683219,0.090759080765149,0.1086357977879539,-0.0781470151455169,True,True,True,,64-32-16-8,3201
64-32-16-8,Random 30% #5,1028,0.012955140579904,-0.0715209553326217,0.1001084959244379,0.0844760959125258,-0.0871533553445338,True,True,True,,64-32-16-8,3201
64-32-16-8,Random 30% #6,1028,0.011061887501678,-0.0746749421005257,0.0709976328544668,0.0857368296022038,-0.0599357453527887,True,True,True,,64-32-16-8,3201
64-32-16-8,Random 30% #7,1028,-0.0019795447047178,-0.0855908244936231,0.1167122990980946,0.0836112797889052,-0.1186918438028125,True,True,True,,64-32-16-8,3201
64-32-16-8,Random 30% #8,1028,-0.0013757582957458,-0.0976142041834517,0.0762723111548641,0.0962384458877058,-0.07764806945061,True,True,True,,64-32-16-8,3201
64-32-16-8,Random 30% #9,1028,0.0167924069116573,-0.0024368570709421,0.0379720633805489,0.0192292639825995,-0.0211796564688915,True,True,True,,64-32-16-8,3201
64-32-16-8,Random 30% #10,1028,0.0218614718614718,0.0423236485390396,-0.017771086582321,-0.0204621766775678,0.0396325584437929,True,True,True,,64-32-16-8,3201
64-32-16-8,Random 30% #11,1028,0.0036992125742528,-0.0797070152297563,0.0817304421715287,0.0834062278040091,-0.0780312295972759,True,True,True,,64-32-16-8,3201
64-32-16-8,Random 30% #12,1028,-0.0176439165409753,-0.0709090229883324,0.0919593868253101,0.053265106447357,-0.1096033033662855,True,True,True,,64-32-16-8,3201
64-32-16-8,Random 30% #13,1028,0.0061871080085679,-0.0648263745536183,0.1153904026727821,0.0710134825621862,-0.1092032946642141,True,True,True,,64-32-16-8,3201
64-32-16-8,Random 30% #14,1028,-0.0024039572835282,0.0476688859093521,0.1033134245562726,-0.0500728431928803,-0.1057173818398009,False,False,False,,64-32-16-8,3201
64-32-16-8,Random 30% #15,1028,-0.0014797507788162,0.0594138022724053,-0.0122192622851274,-0.0608935530512215,0.0107395115063112,True,True,True,,64-32-16-8,3201
64-32-16-8,Random 30% #16,1028,0.006823838043474,0.0522077461727297,0.0970630055810594,-0.0453839081292556,-0.0902391675375853,False,False,False,,64-32-16-8,3201
64-32-16-8,Random 30% #17,1028,0.0030261642698374,-0.0971630377751712,0.1047312268459061,0.1001892020450086,-0.1017050625760686,True,True,True,,64-32-16-8,3201
64-32-16-8,Random 30% #18,1028,0.008237689744539,-0.0659917808637806,0.0962169079857625,0.0742294706083196,-0.0879792182412234,True,True,True,,64-32-16-8,3201
64-32-16-8,Random 30% #19,1028,0.0066883064376393,0.015113088907885,0.0732174125168924,-0.0084247824702456,-0.0665291060792531,False,False,False,,64-32-16-8,3201
64-32-16-8,Random 30% #20,1028,-0.0099963316214233,0.0243454157652343,0.1103193555535873,-0.0343417473866577,-0.1203156871750107,False,False,False,,64-32-16-8,3201
64-32-16-8,Random 30% #21,1028,0.002277451699682,-0.0821638001738006,-0.0298934897425896,0.0844412518734826,0.0321709414422716,False,False,False,,64-32-16-8,3201
64-32-16-8,Random 30% #22,1028,0.0271739130434782,-0.0781130100287149,0.1199251276407236,0.1052869230721932,-0.0927512145972454,True,True,True,,64-32-16-8,3201
64-32-16-8,Random 30% #23,1028,0.0053719593676173,-0.0829010314210961,0.013862467447414,0.0882729907887135,-0.0084905080797967,True,True,True,,64-32-16-8,3201
64-32-16-8,Random 30% #24,1028,0.0374355138753044,-0.0747513116007839,0.0831620052098424,0.1121868254760883,-0.045726491334538,True,True,True,,64-32-16-8,3201
64-32-16-8,Random 30% #25,1028,0.0207335170659317,-0.0926945170083708,0.01401806352785,0.1134280340743026,0.0067154535380816,True,False,True,,64-32-16-8,3201
64-32-16-8,Random 30% #26,1028,0.000322640117994,-0.0777749049194438,0.0878049354117641,0.0780975450374379,-0.08748229529377,True,True,True,,64-32-16-8,3201
64-32-16-8,Random 30% #27,1028,-0.0133699862551543,-0.0718633548738783,0.1019933009086501,0.0584933686187239,-0.1153632871638044,True,True,True,,64-32-16-8,3201
64-32-16-8,Random 30% #28,1028,0.0048546691403834,-0.0566435486633302,0.093836147903291,0.0614982178037136,-0.0889814787629076,True,True,True,,64-32-16-8,3201
64-32-16-8,Random 30% #29,1028,0.0132264436461088,0.0533926894648758,0.1140921669988458,-0.0401662458187669,-0.1008657233527369,False,False,False,,64-32-16-8,3201
64-32-16-8,Random 30% #30,1028,0.0073191060456281,-0.065550485139281,0.0923214824521967,0.0728695911849092,-0.0850023764065686,True,True,True,,64-32-16-8,3201
64-32-16-8,Random 30% #31,1028,0.0186572318838355,-0.0758050267205037,0.0742822765626708,0.0944622586043392,-0.0556250446788353,True,True,True,,64-32-16-8,3201
64-32-16-8,Random 30% #32,1028,0.0146773132638857,-0.0269337814216296,0.0755435847260804,0.0416110946855153,-0.0608662714621947,True,True,True,,64-32-16-8,3201
64-32-16-8,Random 30% #33,1028,0.0107989019115876,-0.0769277462956683,0.0219325909721139,0.0877266482072559,-0.0111336890605263,True,True,True,,64-32-16-8,3201
64-32-16-8,Random 30% #34,1028,0.0036708111308466,-0.0766553877757209,0.0748769715767636,0.0803261989065676,-0.071206160445917,True,True,True,,64-32-16-8,3201
64-32-16-8,Random 30% #35,1028,-0.0021279853031231,-0.0628965961757574,0.1017565598350069,0.0607686108726343,-0.10388454513813,True,True,True,,64-32-16-8,3201
64-32-16-8,Random 30% #36,1028,-0.0048226599270606,-0.0674696734459432,0.1140263105938349,0.0626470135188825,-0.1188489705208956,True,True,True,,64-32-16-8,3201
64-32-16-8,Random 30% #37,1028,-0.0037446257685728,-0.099854740168353,0.1237180158621679,0.0961101143997801,-0.1274626416307408,True,True,True,,64-32-16-8,3201
64-32-16-8,Random 30% #38,1028,0.0108722741433021,-0.0780765950977695,0.0995559466077841,0.0889488692410716,-0.088683672464482,True,True,True,,64-32-16-8,3201
64-32-16-8,Random 30% #39,1028,0.0380230468256006,-0.062146143635856,0.0190004246642029,0.1001691904614567,0.0190226221613977,True,False,True,,64-32-16-8,3201
64-32-16-8,Random 30% #40,1028,-0.0156995008383602,-0.1094607877661603,0.1018603343707605,0.0937612869278,-0.1175598352091208,True,True,True,,64-32-16-8,3201
64-32-16-8,Random 30% #41,1028,0.0003191021554961,0.0329889771346664,0.0776594163696403,-0.0326698749791702,-0.0773403142141442,False,False,False,,64-32-16-8,3201
64-32-16-8,Random 30% #42,1028,0.0039796984507742,-0.0758607376029122,0.0772435194426044,0.0798404360536865,-0.0732638209918301,True,True,True,,64-32-16-8,3201
64-32-16-8,Random 30% #43,1028,0.0320665445665445,-0.0721574405218687,-0.0174455475053715,0.1042239850884132,0.049512092071916,False,False,False,,64-32-16-8,3201
64-32-16-8,Random 30% #44,1028,0.014617494198646,-0.0621103493119617,0.0974133029712072,0.0767278435106078,-0.0827958087725612,True,True,True,,64-32-16-8,3201
64-32-16-8,Random 30% #45,1028,-0.010677190889205,-0.0747380671187825,0.0746514765186275,0.0640608762295775,-0.0853286674078325,True,True,True,,64-32-16-8,3201
64-32-16-8,Random 30% #46,1028,-0.0211341559464426,-0.0750007156194672,0.0312243308301742,0.0538665596730245,-0.0523584867766168,True,True,True,,64-32-16-8,3201
64-32-16-8,Random 30% #47,1028,0.0021068472535741,0.0872475547101122,0.1149697565615764,-0.0851407074565381,-0.1128629093080022,False,False,False,,64-32-16-8,3201
64-32-16-8,Random 30% #48,1028,0.0099373113536103,-0.0752443230994528,0.075908664697482,0.0851816344530632,-0.0659713533438716,True,True,True,,64-32-16-8,3201
64-32-16-8,Random 30% #49,1028,-0.0033935788911766,-0.0714731689111486,0.0747235894666397,0.0680795900199719,-0.0781171683578164,True,True,True,,64-32-16-8,3201
64-32-16-8,Random 30% #50,1028,-0.0149638584774062,-0.0862229606251487,0.0446886603145489,0.0712591021477424,-0.0596525187919552,True,True,True,,64-32-16-8,3201
128-64-32,All Patients,3429,0.0078818040435458,0.0417913857084269,0.0162036636745488,-0.033909581664881,-0.0083218596310029,False,False,False,,128-64-32,11265
128-64-32,ICUType 1.0,490,0.0294939989088925,0.0788527465029455,0.0168825367816745,-0.049358747594053,0.012611462127218,False,True,True,,128-64-32,11265
128-64-32,ICUType 2.0,643,-0.000975689080413,0.0216798530009104,-0.0009718782463364,-0.0226555420813234,-3.810834076613257e-06,True,False,True,,128-64-32,11265
128-64-32,ICUType 3.0,1357,-0.0217764843549488,0.027343279831447,-0.0157443928067256,-0.0491197641863958,-0.0060320915482232,True,False,True,,128-64-32,11265
128-64-32,ICUType 4.0,939,0.0202084035501629,0.0569766911692144,0.0186729742726194,-0.0367682876190515,0.0015354292775434,False,True,True,,128-64-32,11265
128-64-32,Age decile 0,374,0.046026807780653,0.044574607943284,-0.0175565308117167,0.0014521998373689,0.0635833385923698,True,False,True,,128-64-32,11265
128-64-32,Age decile 1,344,0.0273634472301562,0.0528456094523742,0.0005288222777164,-0.0254821622222179,0.0268346249524397,False,True,True,,128-64-32,11265
128-64-32,Age decile 2,347,0.0042864169770219,0.0087218864249281,0.032718795382025,-0.0044354694479061,-0.028432378405003,False,False,False,,128-64-32,11265
128-64-32,Age decile 3,325,0.0096292729898892,0.063407558723397,0.0817119914909407,-0.0537782857335077,-0.0720827185010514,False,False,False,,128-64-32,11265
128-64-32,Age decile 4,372,-0.0152359717577108,0.0376951631497996,-0.0522477035406248,-0.0529311349075105,0.0370117317829139,True,True,True,,128-64-32,11265
128-64-32,Age decile 5,344,-0.0250497851378262,0.0309679135041405,-0.0491044752739791,-0.0560176986419667,0.0240546901361529,True,True,True,,128-64-32,11265
128-64-32,Age decile 6,397,-0.0004719207173194,0.0512134633636292,-0.0618536181759567,-0.0516853840809487,0.0613816974586372,True,True,True,,128-64-32,11265
128-64-32,Age decile 7,247,0.0173747705218987,0.0661626993102045,0.0152307337371993,-0.0487879287883057,0.0021440367846994,False,True,True,,128-64-32,11265
128-64-32,Age decile 8,354,-0.0216450216450216,0.0509621607682117,-0.0202570971922357,-0.0726071824132334,-0.0013879244527858,True,False,True,,128-64-32,11265
128-64-32,Age decile 9,325,-0.0771864301276066,0.0839274623267388,0.0318918465144322,-0.1611138924543454,-0.1090782766420389,False,False,False,,128-64-32,11265
128-64-32,HR quartile 0,877,0.0371049136786188,0.082757983830493,0.0087658577730291,-0.0456530701518741,0.0283390559055897,False,True,True,,128-64-32,11265
128-64-32,HR quartile 1,917,-0.0169849537037037,-0.0028126330636882,-0.0093327920123815,-0.0141723206400154,-0.0076521616913221,False,False,False,,128-64-32,11265
128-64-32,HR quartile 2,816,0.034861311019492,0.0525411262410623,0.0089465024487673,-0.0176798152215703,0.0259148085707247,False,True,True,,128-64-32,11265
128-64-32,HR quartile 3,819,-0.0232600311906863,0.0390821211200967,0.0082650849605487,-0.062342152310783,-0.031525116151235,False,False,False,,128-64-32,11265
128-64-32,MAP quartile 0,877,-0.0141240285818599,0.0701081723976933,0.0044211369352841,-0.0842322009795532,-0.018545165517144,False,False,False,,128-64-32,11265
128-64-32,MAP quartile 1,840,0.02392179413456,0.0378739532181016,0.0114190675937232,-0.0139521590835415,0.0125027265408368,False,True,True,,128-64-32,11265
128-64-32,MAP quartile 2,866,0.0104058609958506,0.0373645369579775,-0.0325144118741313,-0.0269586759621268,0.042920272869982,True,True,True,,128-64-32,11265
128-64-32,MAP quartile 3,846,0.0090927756430939,0.0684518191586061,-0.0100837869919019,-0.0593590435155122,0.0191765626349958,True,True,True,,128-64-32,11265
128-64-32,Temp quartile 0,902,0.0068727157158747,0.0677011607426285,-0.0003064884696002,-0.0608284450267537,0.007179204185475,True,True,True,,128-64-32,11265
128-64-32,Temp quartile 1,864,0.0305627470437901,0.0587010243680484,-0.0328007882160948,-0.0281382773242583,0.063363535259885,True,True,True,,128-64-32,11265
128-64-32,Temp quartile 2,838,-0.0036346905912123,0.0610592507257798,0.0155075807946912,-0.0646939413169922,-0.0191422713859036,False,False,False,,128-64-32,11265
128-64-32,Temp quartile 3,825,-0.0023612750885478,0.0562793356389509,-0.0376580161043401,-0.0586406107274987,0.0352967410157923,True,True,True,,128-64-32,11265
128-64-32,Urine quartile 0,859,-0.0313289760348584,0.0276266941678368,0.0141208982717803,-0.0589556702026952,-0.0454498743066387,False,False,False,,128-64-32,11265
128-64-32,Urine quartile 1,913,-0.0210526315789473,0.0276667673821888,-0.0657126279596172,-0.0487193989611362,0.0446599963806698,True,True,True,,128-64-32,11265
128-64-32,Urine quartile 2,802,0.0149901230333403,0.0500732535527069,-0.0197440163207889,-0.0350831305193665,0.0347341393541292,True,True,True,,128-64-32,11265
128-64-32,Urine quartile 3,855,0.0601118199903958,0.055319479761661,-0.0177862157466874,0.0047923402287347,0.0778980357370832,True,False,True,,128-64-32,11265
128-64-32,SAPS quartile 0,1025,0.0026756349262149,0.034237856455071,-0.0222945198912211,-0.031562221528856,0.0249701548174361,True,True,True,,128-64-32,11265
128-64-32,SAPS quartile 1,946,0.0452124666297511,0.0433274690140495,-0.0097549300068078,0.0018849976157016,0.054967396636559,True,False,True,,128-64-32,11265
128-64-32,SAPS quartile 2,660,0.0015384615384615,0.0533533353920582,0.0105609041386798,-0.0518148738535967,-0.0090224426002182,False,False,False,,128-64-32,11265
128-64-32,SAPS quartile 3,798,-0.0389986891196934,0.0561180951451099,0.0131501140725347,-0.0951167842648034,-0.0521488031922282,False,False,False,,128-64-32,11265
128-64-32,HR > 100,945,-0.0351262896411669,0.0529112320693657,-0.0235296097435769,-0.0880375217105327,-0.01159667989759,True,False,True,,128-64-32,11265
128-64-32,MAP < 65,697,-0.0279136809159047,0.0184569170558526,0.0084951466954303,-0.0463705979717574,-0.0364088276113351,False,False,False,,128-64-32,11265
128-64-32,Temp > 38C,267,-0.0430204913392958,0.0422431841034485,-0.0080845799825842,-0.0852636754427443,-0.0349359113567115,True,False,True,,128-64-32,11265
128-64-32,Urine > 1000,210,0.0458952811893988,0.0766533270189442,-0.033210580667362,-0.0307580458295454,0.0791058618567609,True,True,True,,128-64-32,11265
128-64-32,Random 50% #1,1714,0.0148182289884191,0.0377374370140687,-0.0213156633728673,-0.0229192080256495,0.0361338923612865,True,True,True,,128-64-32,11265
128-64-32,Random 50% #2,1714,0.0038708396744524,0.0433218665458779,-0.0122324930929051,-0.0394510268714255,0.0161033327673575,True,True,True,,128-64-32,11265
128-64-32,Random 50% #3,1714,0.0221853388658367,0.0338603563689456,0.0119369523976467,-0.0116750175031088,0.01024838646819,False,True,True,,128-64-32,11265
128-64-32,Random 50% #4,1714,0.0209444740819774,0.0427602874902663,-0.0309976964116016,-0.0218158134082888,0.0519421704935791,True,True,True,,128-64-32,11265
128-64-32,Random 50% #5,1714,0.025145147627017,0.0278601580342938,-0.0174107071212964,-0.0027150104072767,0.0425558547483135,True,True,True,,128-64-32,11265
128-64-32,Random 50% #6,1714,-0.0032358828377694,0.0609093390315292,0.0731867737343643,-0.0641452218692987,-0.0764226565721338,False,False,False,,128-64-32,11265
128-64-32,Random 50% #7,1714,0.0203886964648963,0.0693331886474432,-0.0111860415379199,-0.0489444921825468,0.0315747380028163,True,True,True,,128-64-32,11265
128-64-32,Random 50% #8,1714,-0.0080211409064465,0.0519286887105512,0.0160620622365415,-0.0599498296169977,-0.0240832031429881,False,False,False,,128-64-32,11265
128-64-32,Random 50% #9,1714,-0.0018808498325041,0.0738241576471792,0.0178251466824589,-0.0757050074796834,-0.0197059965149631,False,False,False,,128-64-32,11265
128-64-32,Random 50% #10,1714,0.0032849222618878,0.0505250535798328,-0.0316808830915893,-0.0472401313179449,0.0349658053534772,True,True,True,,128-64-32,11265
128-64-32,Random 50% #11,1714,0.0064028840624585,0.0421465006411763,0.0286291294078155,-0.0357436165787178,-0.022226245345357,False,False,False,,128-64-32,11265
128-64-32,Random 50% #12,1714,-0.0033234372422892,0.0482479034353652,0.018077065073434,-0.0515713406776544,-0.0214005023157233,False,False,False,,128-64-32,11265
128-64-32,Random 50% #13,1714,0.0032517955657333,0.0248034732821678,0.0164981447499269,-0.0215516777164345,-0.0132463491841936,False,False,False,,128-64-32,11265
128-64-32,Random 50% #14,1714,0.0062157191184681,0.0413320753492621,-0.0179326925509088,-0.035116356230794,0.024148411669377,True,True,True,,128-64-32,11265
128-64-32,Random 50% #15,1714,0.0026854501430772,0.0384280086783244,0.0138796004786705,-0.0357425585352471,-0.0111941503355932,False,False,False,,128-64-32,11265
128-64-32,Random 50% #16,1714,0.0188052608311229,0.0668376744986895,0.0190975698413887,-0.0480324136675665,-0.0002923090102658,False,False,False,,128-64-32,11265
128-64-32,Random 50% #17,1714,0.0073507410721795,0.0204556999675076,-0.0001236265494715,-0.013104958895328,0.0074743676216511,True,True,True,,128-64-32,11265
128-64-32,Random 50% #18,1714,0.0251803786741562,0.0580831875557757,0.0062299653096228,-0.0329028088816195,0.0189504133645333,False,True,True,,128-64-32,11265
128-64-32,Random 50% #19,1714,0.0087463233253787,0.0449674438018641,-0.0313962504065093,-0.0362211204764854,0.0401425737318881,True,True,True,,128-64-32,11265
128-64-32,Random 50% #20,1714,0.0239488541873964,0.0500102118669506,0.0112338637719475,-0.0260613576795542,0.0127149904154489,False,True,True,,128-64-32,11265
128-64-32,Random 50% #21,1714,0.0016605879752431,0.0326235532663944,0.0533768381492759,-0.0309629652911513,-0.0517162501740328,False,False,False,,128-64-32,11265
128-64-32,Random 50% #22,1714,0.0178287222426975,0.0297515394515601,0.031857557387784,-0.0119228172088625,-0.0140288351450865,False,False,False,,128-64-32,11265
128-64-32,Random 50% #23,1714,-0.0051929851771431,0.0347130970920967,-0.0161578629582693,-0.0399060822692398,0.0109648777811262,True,True,True,,128-64-32,11265
128-64-32,Random 50% #24,1714,0.0201698382197979,0.0244653112446167,0.0050627243262685,-0.0042954730248188,0.0151071138935294,False,True,True,,128-64-32,11265
128-64-32,Random 50% #25,1714,0.0024135223603308,0.0513266694998545,-0.01505064871247,-0.0489131471395237,0.0174641710728008,True,True,True,,128-64-32,11265
128-64-32,Random 50% #26,1714,-0.0063986093578627,0.0513208876566729,0.0015252596766583,-0.0577194970145356,-0.0079238690345211,False,False,False,,128-64-32,11265
128-64-32,Random 50% #27,1714,-0.0048317683881064,0.0435912278744727,-0.0272573670712052,-0.0484229962625792,0.0224255986830988,True,True,True,,128-64-32,11265
128-64-32,Random 50% #28,1714,0.0098094573797898,0.0416603703731061,0.0242777870068387,-0.0318509129933162,-0.0144683296270489,False,False,False,,128-64-32,11265
128-64-32,Random 50% #29,1714,0.0125552608311229,0.034960865249608,0.0162644710211628,-0.0224056044184851,-0.0037092101900399,False,False,False,,128-64-32,11265
128-64-32,Random 50% #30,1714,0.0022139615866539,0.0484613253655818,0.0162421315174177,-0.0462473637789279,-0.0140281699307637,False,False,False,,128-64-32,11265
128-64-32,Random 50% #31,1714,0.0081502190717898,0.0404174998613666,-0.0022437252096662,-0.0322672807895767,0.010393944281456,True,True,True,,128-64-32,11265
128-64-32,Random 50% #32,1714,-0.0092920029904661,0.0385531862805158,0.0486312141059003,-0.047845189270982,-0.0579232170963665,False,False,False,,128-64-32,11265
128-64-32,Random 50% #33,1714,-0.002514181228832,0.0556769129680829,0.0111137468740054,-0.058191094196915,-0.0136279281028375,False,False,False,,128-64-32,11265
128-64-32,Random 50% #34,1714,0.0070180513371488,0.0415038551795552,0.0112361085360139,-0.0344858038424064,-0.004218057198865,False,False,False,,128-64-32,11265
128-64-32,Random 50% #35,1714,0.0093248828878478,0.0567240271558172,0.0155635053978073,-0.0473991442679693,-0.0062386225099594,False,False,False,,128-64-32,11265
128-64-32,Random 50% #36,1714,0.016912667846362,0.0468536024287433,-0.0324933123021931,-0.0299409345823813,0.0494059801485552,True,True,True,,128-64-32,11265
128-64-32,Random 50% #37,1714,0.0036653828805384,0.0451782633316191,-0.0185058576349964,-0.0415128804510806,0.0221712405155349,True,True,True,,128-64-32,11265
128-64-32,Random 50% #38,1714,0.0021576191788371,0.047751577433809,-0.0158303715234261,-0.0455939582549719,0.0179879907022633,True,True,True,,128-64-32,11265
128-64-32,Random 50% #39,1714,0.0170086158804934,0.0474745130589749,0.0352239056626359,-0.0304658971784815,-0.0182152897821425,False,False,False,,128-64-32,11265
128-64-32,Random 50% #40,1714,0.018520937100027,0.0510314748969512,0.0138418203208184,-0.0325105377969241,0.0046791167792085,False,True,True,,128-64-32,11265
128-64-32,Random 50% #41,1714,0.0027199322354597,0.0473169382395373,-0.0089536361080476,-0.0445970060040775,0.0116735683435073,True,True,True,,128-64-32,11265
128-64-32,Random 50% #42,1714,0.0178900300253214,0.0669901507416946,-0.0220582324529908,-0.0491001207163731,0.0399482624783122,True,True,True,,128-64-32,11265
128-64-32,Random 50% #43,1714,0.0169958506224066,0.045240466560226,0.00457391738973,-0.0282446159378194,0.0124219332326765,False,True,True,,128-64-32,11265
128-64-32,Random 50% #44,1714,-0.0080414937759336,0.0484972237934665,0.0143457212591208,-0.0565387175694001,-0.0223872150350545,False,False,False,,128-64-32,11265
128-64-32,Random 50% #45,1714,-0.0006684003732017,0.0479380764079755,-0.0017179162656787,-0.0486064767811772,0.001049515892477,True,True,True,,128-64-32,11265
128-64-32,Random 50% #46,1714,-0.0127567411871579,0.0796186779288324,0.0119905263687045,-0.0923754191159903,-0.0247472675558625,False,False,False,,128-64-32,11265
128-64-32,Random 50% #47,1714,-0.0023071888899981,0.0439121129125631,0.0112277000275317,-0.0462193018025612,-0.0135348889175298,False,False,False,,128-64-32,11265
128-64-32,Random 50% #48,1714,0.0007707867678387,0.0464990835292875,0.0034786879183727,-0.0457282967614488,-0.0027079011505339,False,False,False,,128-64-32,11265
128-64-32,Random 50% #49,1714,-0.0052585890287469,0.0307655929309638,0.0074645356347258,-0.0360241819597108,-0.0127231246634728,False,False,False,,128-64-32,11265
128-64-32,Random 50% #50,1714,-0.009935439192208,0.0401679326682371,-0.0187712579665937,-0.0501033718604452,0.0088358187743857,True,True,True,,128-64-32,11265
128-64-32,Random 30% #1,1028,0.0177032019704433,0.0565688268952728,0.0269731049461555,-0.0388656249248295,-0.0092699029757121,False,False,False,,128-64-32,11265
128-64-32,Random 30% #2,1028,-0.0188812287552644,0.0136893327562871,0.0126222344056491,-0.0325705615115515,-0.0315034631609136,False,False,False,,128-64-32,11265
128-64-32,Random 30% #3,1028,-0.0136963318843895,0.0289287434109184,-0.0085105614999357,-0.042625075295308,-0.0051857703844537,True,False,True,,128-64-32,11265
128-64-32,Random 30% #4,1028,0.012612065619632,0.0065099655487326,-0.0219977035282025,0.0061021000708994,0.0346097691478346,True,False,True,,128-64-32,11265
128-64-32,Random 30% #5,1028,0.012955140579904,0.0584096155969532,0.0036228126402181,-0.0454544750170491,0.0093323279396858,False,True,True,,128-64-32,11265
128-64-32,Random 30% #6,1028,0.011061887501678,0.0485206592312132,0.008078713368129,-0.0374587717295351,0.002983174133549,False,True,True,,128-64-32,11265
128-64-32,Random 30% #7,1028,-0.0019795447047178,0.040334351269119,0.0111782161653083,-0.0423138959738369,-0.0131577608700262,False,False,False,,128-64-32,11265
128-64-32,Random 30% #8,1028,-0.0013757582957458,0.0455986276256417,0.0102112656674838,-0.0469743859213876,-0.0115870239632297,False,False,False,,128-64-32,11265
128-64-32,Random 30% #9,1028,0.0167924069116573,0.0480800345217469,0.0143815992593047,-0.0312876276100896,0.0024108076523525,False,True,True,,128-64-32,11265
128-64-32,Random 30% #10,1028,0.0218614718614718,0.0482499778082576,-0.0305521795296185,-0.0263885059467858,0.0524136513910903,True,True,True,,128-64-32,11265
128-64-32,Random 30% #11,1028,0.0036992125742528,0.0507934853213825,0.0115250002201278,-0.0470942727471297,-0.0078257876458749,False,False,False,,128-64-32,11265
128-64-32,Random 30% #12,1028,-0.0176439165409753,0.0392625579403857,0.0187637320046667,-0.0569064744813611,-0.0364076485456421,False,False,False,,128-64-32,11265
128-64-32,Random 30% #13,1028,0.0061871080085679,0.0680114340347204,-0.011881250023345,-0.0618243260261525,0.018068358031913,True,True,True,,128-64-32,11265
128-64-32,Random 30% #14,1028,-0.0024039572835282,0.0480026876803191,0.0124528526736089,-0.0504066449638474,-0.0148568099571372,False,False,False,,128-64-32,11265
128-64-32,Random 30% #15,1028,-0.0014797507788162,0.0710187138601417,-0.0216855471949605,-0.0724984646389579,0.0202057964161443,True,True,True,,128-64-32,11265
128-64-32,Random 30% #16,1028,0.006823838043474,0.0630846629284581,-0.0209063042100153,-0.056260824884984,0.0277301422534894,True,True,True,,128-64-32,11265
128-64-32,Random 30% #17,1028,0.0030261642698374,0.0555693026476648,-0.0039624518762693,-0.0525431383778274,0.0069886161461068,True,True,True,,128-64-32,11265
128-64-32,Random 30% #18,1028,0.008237689744539,0.0596527935041174,-0.0205161491440253,-0.0514151037595783,0.0287538388885644,True,True,True,,128-64-32,11265
128-64-32,Random 30% #19,1028,0.0066883064376393,0.0450984809294298,-0.0111159824195265,-0.0384101744917905,0.0178042888571658,True,True,True,,128-64-32,11265
128-64-32,Random 30% #20,1028,-0.0099963316214233,0.0517188651959882,-0.0047340785282377,-0.0617151968174115,-0.0052622530931856,True,False,True,,128-64-32,11265
128-64-32,Random 30% #21,1028,0.002277451699682,0.0701855177847615,-0.0339087412595414,-0.0679080660850794,0.0361861929592235,True,True,True,,128-64-32,11265
128-64-32,Random 30% #22,1028,0.0271739130434782,0.0524119179454628,0.0383316695368601,-0.0252380049019846,-0.0111577564933819,False,False,False,,128-64-32,11265
128-64-32,Random 30% #23,1028,0.0053719593676173,0.0663972347961755,0.0092515690688426,-0.0610252754285582,-0.0038796097012253,False,False,False,,128-64-32,11265
128-64-32,Random 30% #24,1028,0.0374355138753044,0.0570972396247019,-0.0033790327588996,-0.0196617257493975,0.040814546634204,True,True,True,,128-64-32,11265
128-64-32,Random 30% #25,1028,0.0207335170659317,0.0629913953481816,-0.0223805162968586,-0.0422578782822499,0.0431140333627903,True,True,True,,128-64-32,11265
128-64-32,Random 30% #26,1028,0.000322640117994,0.0506463440560594,-0.0203027996387381,-0.0503237039380653,0.0206254397567322,True,True,True,,128-64-32,11265
128-64-32,Random 30% #27,1028,-0.0133699862551543,0.0616126041630054,0.041692939803953,-0.0749825904181597,-0.0550629260591073,False,False,False,,128-64-32,11265
128-64-32,Random 30% #28,1028,0.0048546691403834,0.0680282253217234,-0.0094515379745954,-0.06317355618134,0.0143062071149788,True,True,True,,128-64-32,11265
128-64-32,Random 30% #29,1028,0.0132264436461088,0.0641029690492922,-0.003595224201985,-0.0508765254031833,0.0168216678480939,True,True,True,,128-64-32,11265
128-64-32,Random 30% #30,1028,0.0073191060456281,0.0519504143414634,-0.0251675260644783,-0.0446313082958352,0.0324866321101064,True,True,True,,128-64-32,11265
128-64-32,Random 30% #31,1028,0.0186572318838355,0.0616832617972272,0.0402256511766168,-0.0430260299133917,-0.0215684192927812,False,False,False,,128-64-32,11265
128-64-32,Random 30% #32,1028,0.0146773132638857,0.0605056444372292,0.019482119446057,-0.0458283311733435,-0.0048048061821713,False,False,False,,128-64-32,11265
128-64-32,Random 30% #33,1028,0.0107989019115876,0.0468555586923644,0.0013762363997211,-0.0360566567807768,0.0094226655118664,False,True,True,,128-64-32,11265
128-64-32,Random 30% #34,1028,0.0036708111308466,0.05485126844785,0.0012857185497888,-0.0511804573170033,0.0023850925810577,False,True,True,,128-64-32,11265
128-64-32,Random 30% #35,1028,-0.0021279853031231,0.0334221854542001,0.0105398761301931,-0.0355501707573232,-0.0126678614333162,False,False,False,,128-64-32,11265
128-64-32,Random 30% #36,1028,-0.0048226599270606,0.0546966282237875,-0.0101497910568942,-0.0595192881508482,0.0053271311298336,True,True,True,,128-64-32,11265
128-64-32,Random 30% #37,1028,-0.0037446257685728,0.0487648194854904,0.0401594343442595,-0.0525094452540633,-0.0439040601128324,False,False,False,,128-64-32,11265
128-64-32,Random 30% #38,1028,0.0108722741433021,0.0006041195023898,0.0027833766485554,0.0102681546409122,0.0080888974947467,False,False,False,,128-64-32,11265
128-64-32,Random 30% #39,1028,0.0380230468256006,0.032352538316521,0.0038414421310313,0.0056705085090795,0.0341816046945692,False,False,False,,128-64-32,11265
128-64-32,Random 30% #40,1028,-0.0156995008383602,0.0429184807400336,0.0117299178523044,-0.0586179815783938,-0.0274294186906646,False,False,False,,128-64-32,11265
128-64-32,Random 30% #41,1028,0.0003191021554961,0.0484883309114429,0.0138071566717743,-0.0481692287559468,-0.0134880545162782,False,False,False,,128-64-32,11265
128-64-32,Random 30% #42,1028,0.0039796984507742,0.0211561089966936,0.0442977339106221,-0.0171764105459194,-0.0403180354598479,False,False,False,,128-64-32,11265
128-64-32,Random 30% #43,1028,0.0320665445665445,0.0361419263026557,0.0046824281682652,-0.0040753817361111,0.0273841163982793,False,True,True,,128-64-32,11265
128-64-32,Random 30% #44,1028,0.014617494198646,0.0285096836213282,0.0067932039656694,-0.0138921894226822,0.0078242902329765,False,True,True,,128-64-32,11265
128-64-32,Random 30% #45,1028,-0.010677190889205,0.0381286138682047,-0.0257601150704459,-0.0488058047574098,0.0150829241812409,True,True,True,,128-64-32,11265
128-64-32,Random 30% #46,1028,-0.0211341559464426,0.0444346320849762,-0.0093205755533469,-0.0655687880314189,-0.0118135803930956,True,False,True,,128-64-32,11265
128-64-32,Random 30% #47,1028,0.0021068472535741,0.0626743383883508,-0.0128163655843548,-0.0605674911347766,0.0149232128379289,True,True,True,,128-64-32,11265
128-64-32,Random 30% #48,1028,0.0099373113536103,0.0641802314944406,0.0081137510138924,-0.0542429201408302,0.0018235603397179,False,True,True,,128-64-32,11265
128-64-32,Random 30% #49,1028,-0.0033935788911766,0.0650734167003904,0.0041040738716249,-0.0684669955915671,-0.0074976527628016,False,False,False,,128-64-32,11265
128-64-32,Random 30% #50,1028,-0.0149638584774062,0.0353087628453968,0.0132266355230167,-0.0502726213228031,-0.0281904940004229,False,False,False,,128-64-32,11265
