setting,subset,n,difference,explained_menref,explained_womenref,unexplained_menref,unexplained_womenref,explained_flip,unexplained_flip,any_flip,error,depth,seed,n_params
d=1 s=0,All Patients,3429,0.0078818040435458,0.0184471891564147,0.0198752706813465,-0.0105653851128688,-0.0119934666378006,False,False,False,,1,0,257
d=1 s=0,ICUType 1.0,490,0.0294939989088925,0.0350939426355978,0.0430312277512571,-0.0055999437267053,-0.0135372288423646,False,False,False,,1,0,257
d=1 s=0,ICUType 2.0,643,-0.000975689080413,-0.0016378182545629,0.0092559568464095,0.0006621291741499,-0.0102316459268226,True,True,True,,1,0,257
d=1 s=0,ICUType 3.0,1357,-0.0217764843549488,0.0047755941963827,0.0148559111683577,-0.0265520785513316,-0.0366323955233066,False,False,False,,1,0,257
d=1 s=0,ICUType 4.0,939,0.0202084035501629,0.0288125654272019,0.0257226262244789,-0.008604161877039,-0.005514222674316,False,False,False,,1,0,257
d=1 s=0,Age decile 0,374,0.046026807780653,0.0360460142212891,0.000757602911092,0.0099807935593639,0.0452692048695609,False,False,False,,1,0,257
d=1 s=0,Age decile 1,344,0.0273634472301562,0.0495933574209868,-0.0038502445795126,-0.0222299101908306,0.0312136918096688,True,True,True,,1,0,257
d=1 s=0,Age decile 2,347,0.0042864169770219,-0.019667438370476,0.0451066889261378,0.023953855347498,-0.0408202719491158,True,True,True,,1,0,257
d=1 s=0,Age decile 3,325,0.0096292729898892,0.0332245077792169,0.0567032711684458,-0.0235952347893276,-0.0470739981785565,False,False,False,,1,0,257
d=1 s=0,Age decile 4,372,-0.0152359717577108,0.0289318373599994,-0.0157120907369087,-0.0441678091177103,0.0004761189791978,True,True,True,,1,0,257
d=1 s=0,Age decile 5,344,-0.0250497851378262,0.0118171976479077,0.0030425807940704,-0.0368669827857339,-0.0280923659318966,False,False,False,,1,0,257
d=1 s=0,Age decile 6,397,-0.0004719207173194,0.037359785551961,0.0159935036575715,-0.0378317062692805,-0.016465424374891,False,False,False,,1,0,257
d=1 s=0,Age decile 7,247,0.0173747705218987,0.0462771339500426,-0.0007374217970942,-0.0289023634281438,0.018112192318993,True,True,True,,1,0,257
d=1 s=0,Age decile 8,354,-0.0216450216450216,0.0294814387444203,-0.0121934108544509,-0.0511264603894419,-0.0094516107905707,True,False,True,,1,0,257
d=1 s=0,Age decile 9,325,-0.0771864301276066,0.0380409823023673,-0.0119110002124172,-0.1152274124299739,-0.0652754299151893,True,False,True,,1,0,257
d=1 s=0,HR quartile 0,877,0.0371049136786188,0.0451849002020255,0.0170277280568496,-0.0080799865234067,0.0200771856217692,False,True,True,,1,0,257
d=1 s=0,HR quartile 1,917,-0.0169849537037037,0.0046544134993287,0.0121065304018073,-0.0216393672030324,-0.029091484105511,False,False,False,,1,0,257
d=1 s=0,HR quartile 2,816,0.034861311019492,0.0148894487347169,0.0322018985885944,0.0199718622847751,0.0026594124308976,False,False,False,,1,0,257
d=1 s=0,HR quartile 3,819,-0.0232600311906863,0.0136448268565177,0.0135685731587588,-0.036904858047204,-0.0368286043494452,False,False,False,,1,0,257
d=1 s=0,MAP quartile 0,877,-0.0141240285818599,0.0223227094929736,0.0108023006163557,-0.0364467380748335,-0.0249263291982156,False,False,False,,1,0,257
d=1 s=0,MAP quartile 1,840,0.02392179413456,-0.0024875574841625,0.0452275743776194,0.0264093516187226,-0.0213057802430593,True,True,True,,1,0,257
d=1 s=0,MAP quartile 2,866,0.0104058609958506,0.0126778552981021,0.0049268720521426,-0.0022719943022515,0.0054789889437079,False,True,True,,1,0,257
d=1 s=0,MAP quartile 3,846,0.0090927756430939,0.0329077141832923,0.027413411315201,-0.0238149385401984,-0.0183206356721071,False,False,False,,1,0,257
d=1 s=0,Temp quartile 0,902,0.0068727157158747,0.0218544882357351,0.0225422349374366,-0.0149817725198603,-0.0156695192215618,False,False,False,,1,0,257
d=1 s=0,Temp quartile 1,864,0.0305627470437901,0.0176319600304273,0.0113035971986027,0.0129307870133628,0.0192591498451873,False,False,False,,1,0,257
d=1 s=0,Temp quartile 2,838,-0.0036346905912123,0.0293220651568347,0.020698714154068,-0.032956755748047,-0.0243334047452803,False,False,False,,1,0,257
d=1 s=0,Temp quartile 3,825,-0.0023612750885478,-0.0014230498729066,0.0045851078858155,-0.0009382252156411,-0.0069463829743633,True,False,True,,1,0,257
d=1 s=0,Urine quartile 0,859,-0.0313289760348584,0.0165375328266551,0.0283467861672173,-0.0478665088615135,-0.0596757622020757,False,False,False,,1,0,257
d=1 s=0,Urine quartile 1,913,-0.0210526315789473,0.0004162353149394,-0.0118115270596015,-0.0214688668938867,-0.0092411045193458,True,False,True,,1,0,257
d=1 s=0,Urine quartile 2,802,0.0149901230333403,0.022157683176875,0.0194873201810827,-0.0071675601435347,-0.0044971971477424,False,False,False,,1,0,257
d=1 s=0,Urine quartile 3,855,0.0601118199903958,0.0246621559276129,-0.0007484957980232,0.0354496640627828,0.0608603157884191,True,False,True,,1,0,257
d=1 s=0,SAPS quartile 0,1025,0.0026756349262149,0.0043708467169653,0.0011184462538377,-0.0016952117907504,0.0015571886723772,False,True,True,,1,0,257
d=1 s=0,SAPS quartile 1,946,0.0452124666297511,0.0089770619214584,0.0233719400785489,0.0362354047082927,0.0218405265512021,False,False,False,,1,0,257
d=1 s=0,SAPS quartile 2,660,0.0015384615384615,0.018425280905981,0.0052255795975672,-0.0168868193675195,-0.0036871180591056,False,False,False,,1,0,257
d=1 s=0,SAPS quartile 3,798,-0.0389986891196934,0.0294493006074756,0.0244064591987658,-0.068447989727169,-0.0634051483184593,False,False,False,,1,0,257
d=1 s=0,HR > 100,945,-0.0351262896411669,-0.0082348618987629,0.018211871531422,-0.0268914277424039,-0.053338161172589,True,False,True,,1,0,257
d=1 s=0,MAP < 65,697,-0.0279136809159047,0.0248876366731835,0.0083341781092118,-0.0528013175890883,-0.0362478590251166,False,False,False,,1,0,257
d=1 s=0,Temp > 38C,267,-0.0430204913392958,0.0073031741292701,6.907027255473319e-05,-0.0503236654685659,-0.0430895616118505,False,False,False,,1,0,257
d=1 s=0,Urine > 1000,210,0.0458952811893988,0.0621190107857645,-0.0199146176579591,-0.0162237295963656,0.0658098988473579,True,True,True,,1,0,257
d=1 s=0,Random 50% #1,1714,0.0148182289884191,0.0208648954752764,0.0135308871458509,-0.0060466664868572,0.0012873418425682,False,True,True,,1,0,257
d=1 s=0,Random 50% #2,1714,0.0038708396744524,0.0165552543666122,0.0110104127276925,-0.0126844146921597,-0.0071395730532401,False,False,False,,1,0,257
d=1 s=0,Random 50% #3,1714,0.0221853388658367,0.0187405355768948,0.0195504935591324,0.0034448032889419,0.0026348453067043,False,False,False,,1,0,257
d=1 s=0,Random 50% #4,1714,0.0209444740819774,0.0149981159967716,0.0177400182448528,0.0059463580852057,0.0032044558371245,False,False,False,,1,0,257
d=1 s=0,Random 50% #5,1714,0.025145147627017,0.0157438064221951,0.0235599685816046,0.0094013412048219,0.0015851790454124,False,False,False,,1,0,257
d=1 s=0,Random 50% #6,1714,-0.0032358828377694,0.0111623843136065,0.0147689646458264,-0.014398267151376,-0.0180048474835959,False,False,False,,1,0,257
d=1 s=0,Random 50% #7,1714,0.0203886964648963,0.0258951945023419,0.0215990586722777,-0.0055064980374455,-0.0012103622073814,False,False,False,,1,0,257
d=1 s=0,Random 50% #8,1714,-0.0080211409064465,0.0171007933878074,0.0194334747603282,-0.025121934294254,-0.0274546156667748,False,False,False,,1,0,257
d=1 s=0,Random 50% #9,1714,-0.0018808498325041,0.0126161067733359,0.0164955720986554,-0.0144969566058401,-0.0183764219311595,False,False,False,,1,0,257
d=1 s=0,Random 50% #10,1714,0.0032849222618878,0.0132903683888349,0.0210262125007577,-0.010005446126947,-0.0177412902388698,False,False,False,,1,0,257
d=1 s=0,Random 50% #11,1714,0.0064028840624585,0.0187353637833543,0.0230979780613863,-0.0123324797208958,-0.0166950939989278,False,False,False,,1,0,257
d=1 s=0,Random 50% #12,1714,-0.0033234372422892,0.0218830306590989,0.0160197955814975,-0.0252064679013882,-0.0193432328237868,False,False,False,,1,0,257
d=1 s=0,Random 50% #13,1714,0.0032517955657333,0.0143017085380136,0.0195686844421989,-0.0110499129722803,-0.0163168888764656,False,False,False,,1,0,257
d=1 s=0,Random 50% #14,1714,0.0062157191184681,0.0189818050449934,0.0064958243604873,-0.0127660859265252,-0.0002801052420191,False,False,False,,1,0,257
d=1 s=0,Random 50% #15,1714,0.0026854501430772,0.0181086348085739,0.0221625137114549,-0.0154231846654966,-0.0194770635683777,False,False,False,,1,0,257
d=1 s=0,Random 50% #16,1714,0.0188052608311229,0.025177288798906,0.0165877237785018,-0.0063720279677831,0.002217537052621,False,True,True,,1,0,257
d=1 s=0,Random 50% #17,1714,0.0073507410721795,0.008724534085069,0.0222261887531791,-0.0013737930128895,-0.0148754476809995,False,False,False,,1,0,257
d=1 s=0,Random 50% #18,1714,0.0251803786741562,0.0237187290007349,0.0289693389541063,0.0014616496734212,-0.00378896027995,False,True,True,,1,0,257
d=1 s=0,Random 50% #19,1714,0.0087463233253787,0.0148970558257462,0.0164709907854277,-0.0061507325003674,-0.0077246674600489,False,False,False,,1,0,257
d=1 s=0,Random 50% #20,1714,0.0239488541873964,0.0158691258081783,0.0279835291038253,0.008079728379218,-0.0040346749164289,False,True,True,,1,0,257
d=1 s=0,Random 50% #21,1714,0.0016605879752431,0.0130213361861691,0.0244987545409047,-0.0113607482109259,-0.0228381665656615,False,False,False,,1,0,257
d=1 s=0,Random 50% #22,1714,0.0178287222426975,0.0120743289116967,0.0200669466146058,0.0057543933310007,-0.0022382243719082,False,True,True,,1,0,257
d=1 s=0,Random 50% #23,1714,-0.0051929851771431,0.0123670697534716,0.0223240655524724,-0.0175600549306147,-0.0275170507296156,False,False,False,,1,0,257
d=1 s=0,Random 50% #24,1714,0.0201698382197979,0.0138946726663579,0.0295180287703579,0.0062751655534399,-0.0093481905505599,False,True,True,,1,0,257
d=1 s=0,Random 50% #25,1714,0.0024135223603308,0.0248372953427916,0.0206065616496688,-0.0224237729824608,-0.018193039289338,False,False,False,,1,0,257
d=1 s=0,Random 50% #26,1714,-0.0063986093578627,0.0156218581850395,0.0138800537849463,-0.0220204675429022,-0.0202786631428091,False,False,False,,1,0,257
d=1 s=0,Random 50% #27,1714,-0.0048317683881064,0.0175679266820006,0.0131155395168457,-0.022399695070107,-0.0179473079049521,False,False,False,,1,0,257
d=1 s=0,Random 50% #28,1714,0.0098094573797898,0.0097552697992502,0.0161256636056857,5.418758053957195e-05,-0.0063162062258958,False,True,True,,1,0,257
d=1 s=0,Random 50% #29,1714,0.0125552608311229,0.0169570735170092,0.0114940264736784,-0.0044018126858863,0.0010612343574444,False,True,True,,1,0,257
d=1 s=0,Random 50% #30,1714,0.0022139615866539,0.0134746405324477,0.0256104740304503,-0.0112606789457938,-0.0233965124437963,False,False,False,,1,0,257
d=1 s=0,Random 50% #31,1714,0.0081502190717898,0.0118099978796731,0.0109560861794005,-0.0036597788078833,-0.0028058671076107,False,False,False,,1,0,257
d=1 s=0,Random 50% #32,1714,-0.0092920029904661,0.0067848336372796,0.0147116271987124,-0.0160768366277457,-0.0240036301891786,False,False,False,,1,0,257
d=1 s=0,Random 50% #33,1714,-0.002514181228832,0.0130825151054256,0.0211744321153877,-0.0155966963342576,-0.0236886133442197,False,False,False,,1,0,257
d=1 s=0,Random 50% #34,1714,0.0070180513371488,0.0133370356587477,0.0147429873660263,-0.0063189843215988,-0.0077249360288774,False,False,False,,1,0,257
d=1 s=0,Random 50% #35,1714,0.0093248828878478,0.0210415881606328,0.0220620054957774,-0.0117167052727849,-0.0127371226079295,False,False,False,,1,0,257
d=1 s=0,Random 50% #36,1714,0.016912667846362,0.0126213966269066,0.0225014024415432,0.0042912712194553,-0.0055887345951811,False,True,True,,1,0,257
d=1 s=0,Random 50% #37,1714,0.0036653828805384,0.0175462663240681,0.0148727640910421,-0.0138808834435296,-0.0112073812105036,False,False,False,,1,0,257
d=1 s=0,Random 50% #38,1714,0.0021576191788371,0.0161924533171351,0.0183624062818051,-0.014034834138298,-0.016204787102968,False,False,False,,1,0,257
d=1 s=0,Random 50% #39,1714,0.0170086158804934,0.0075048513820703,0.0191030175390159,0.009503764498423,-0.0020944016585225,False,True,True,,1,0,257
d=1 s=0,Random 50% #40,1714,0.018520937100027,0.0186304488157534,0.0276081503601562,-0.0001095117157263,-0.0090872132601291,False,False,False,,1,0,257
d=1 s=0,Random 50% #41,1714,0.0027199322354597,0.0092154938318353,0.0091138479904733,-0.0064955615963755,-0.0063939157550136,False,False,False,,1,0,257
d=1 s=0,Random 50% #42,1714,0.0178900300253214,0.0236675947660453,0.0104839833947594,-0.0057775647407239,0.0074060466305619,False,True,True,,1,0,257
d=1 s=0,Random 50% #43,1714,0.0169958506224066,0.0169404687474812,0.0156857760130979,5.538187492540314e-05,0.0013100746093087,False,False,False,,1,0,257
d=1 s=0,Random 50% #44,1714,-0.0080414937759336,0.0196392185785688,0.0190107500199177,-0.0276807123545024,-0.0270522437958513,False,False,False,,1,0,257
d=1 s=0,Random 50% #45,1714,-0.0006684003732017,0.0199830787577434,0.0088140069106365,-0.0206514791309451,-0.0094824072838382,False,False,False,,1,0,257
d=1 s=0,Random 50% #46,1714,-0.0127567411871579,0.0143682334398004,0.0162759168529899,-0.0271249746269583,-0.0290326580401479,False,False,False,,1,0,257
d=1 s=0,Random 50% #47,1714,-0.0023071888899981,0.0144942263993062,0.0315551800019047,-0.0168014152893043,-0.0338623688919028,False,False,False,,1,0,257
d=1 s=0,Random 50% #48,1714,0.0007707867678387,0.025240150842654,0.0204653120278666,-0.0244693640748152,-0.0196945252600279,False,False,False,,1,0,257
d=1 s=0,Random 50% #49,1714,-0.0052585890287469,0.0134802492012222,0.0101906256638948,-0.0187388382299692,-0.0154492146926418,False,False,False,,1,0,257
d=1 s=0,Random 50% #50,1714,-0.009935439192208,0.0085621258533498,-0.0026666470174403,-0.0184975650455578,-0.0072687921747676,True,False,True,,1,0,257
d=1 s=0,Random 30% #1,1028,0.0177032019704433,0.0240838498430861,0.0342139344540641,-0.0063806478726427,-0.0165107324836207,False,False,False,,1,0,257
d=1 s=0,Random 30% #2,1028,-0.0188812287552644,-0.0049344298753467,0.010109915784213,-0.0139467988799177,-0.0289911445394775,True,False,True,,1,0,257
d=1 s=0,Random 30% #3,1028,-0.0136963318843895,-0.0115281702630672,0.0044147873542867,-0.0021681616213223,-0.0181111192386763,True,False,True,,1,0,257
d=1 s=0,Random 30% #4,1028,0.012612065619632,0.0146652558089959,0.0110575573576204,-0.0020531901893638,0.0015545082620116,False,True,True,,1,0,257
d=1 s=0,Random 30% #5,1028,0.012955140579904,0.0245306525414084,0.0154546133294498,-0.0115755119615043,-0.0024994727495457,False,False,False,,1,0,257
d=1 s=0,Random 30% #6,1028,0.011061887501678,0.0050448722612345,0.0182174803061144,0.0060170152404434,-0.0071555928044363,False,True,True,,1,0,257
d=1 s=0,Random 30% #7,1028,-0.0019795447047178,0.0192363738112837,0.0337466799004333,-0.0212159185160016,-0.0357262246051512,False,False,False,,1,0,257
d=1 s=0,Random 30% #8,1028,-0.0013757582957458,0.0181230978896261,0.0177333988183406,-0.019498856185372,-0.0191091571140865,False,False,False,,1,0,257
d=1 s=0,Random 30% #9,1028,0.0167924069116573,0.0075791472164773,0.0111436800532528,0.00921325969518,0.0056487268584045,False,False,False,,1,0,257
d=1 s=0,Random 30% #10,1028,0.0218614718614718,0.0035036333872407,-0.0004677076964657,0.0183578384742311,0.0223291795579375,True,False,True,,1,0,257
d=1 s=0,Random 30% #11,1028,0.0036992125742528,0.0190415586997696,0.0157791330775625,-0.0153423461255167,-0.0120799205033096,False,False,False,,1,0,257
d=1 s=0,Random 30% #12,1028,-0.0176439165409753,0.0193241288681439,0.0019039653433089,-0.0369680454091193,-0.0195478818842843,False,False,False,,1,0,257
d=1 s=0,Random 30% #13,1028,0.0061871080085679,0.025913460648371,0.0147974108748696,-0.019726352639803,-0.0086103028663016,False,False,False,,1,0,257
d=1 s=0,Random 30% #14,1028,-0.0024039572835282,0.0114081748346951,0.0198356230235592,-0.0138121321182234,-0.0222395803070875,False,False,False,,1,0,257
d=1 s=0,Random 30% #15,1028,-0.0014797507788162,0.0110605033761991,0.0148072577011304,-0.0125402541550153,-0.0162870084799466,False,False,False,,1,0,257
d=1 s=0,Random 30% #16,1028,0.006823838043474,0.0025417883058055,0.0165523738455685,0.0042820497376685,-0.0097285358020944,False,True,True,,1,0,257
d=1 s=0,Random 30% #17,1028,0.0030261642698374,0.0135354493439406,0.0140166509565357,-0.0105092850741031,-0.0109904866866982,False,False,False,,1,0,257
d=1 s=0,Random 30% #18,1028,0.008237689744539,0.0303820827779124,0.0093611813437355,-0.0221443930333734,-0.0011234915991964,False,False,False,,1,0,257
d=1 s=0,Random 30% #19,1028,0.0066883064376393,0.0135349964596087,0.027703247828258,-0.0068466900219694,-0.0210149413906187,False,False,False,,1,0,257
d=1 s=0,Random 30% #20,1028,-0.0099963316214233,0.0228996657665441,0.0334910177213682,-0.0328959973879674,-0.0434873493427916,False,False,False,,1,0,257
d=1 s=0,Random 30% #21,1028,0.002277451699682,0.0156408224762248,0.0024688950188658,-0.0133633707765428,-0.0001914433191837,False,False,False,,1,0,257
d=1 s=0,Random 30% #22,1028,0.0271739130434782,0.0095958462752657,0.0132232385968323,0.0175780667682124,0.0139506744466459,False,False,False,,1,0,257
d=1 s=0,Random 30% #23,1028,0.0053719593676173,0.0215830594813949,0.0255607789584232,-0.0162111001137775,-0.0201888195908058,False,False,False,,1,0,257
d=1 s=0,Random 30% #24,1028,0.0374355138753044,0.027657849110764,0.0045410455800903,0.0097776647645403,0.032894468295214,False,False,False,,1,0,257
d=1 s=0,Random 30% #25,1028,0.0207335170659317,0.0062082326716778,0.0247335821813996,0.0145252843942538,-0.0040000651154679,False,True,True,,1,0,257
d=1 s=0,Random 30% #26,1028,0.000322640117994,0.0231234718996915,0.0056635294481541,-0.0228008317816974,-0.00534088933016,False,False,False,,1,0,257
d=1 s=0,Random 30% #27,1028,-0.0133699862551543,0.0129344386180317,0.034113387155097,-0.0263044248731861,-0.0474833734102513,False,False,False,,1,0,257
d=1 s=0,Random 30% #28,1028,0.0048546691403834,0.0126423129833263,0.0076776493826958,-0.0077876438429429,-0.0028229802423124,False,False,False,,1,0,257
d=1 s=0,Random 30% #29,1028,0.0132264436461088,0.0147573089271241,0.0200165273206883,-0.0015308652810152,-0.0067900836745794,False,False,False,,1,0,257
d=1 s=0,Random 30% #30,1028,0.0073191060456281,0.0198218022108027,0.0104555916897483,-0.0125026961651746,-0.0031364856441202,False,False,False,,1,0,257
d=1 s=0,Random 30% #31,1028,0.0186572318838355,0.031785018433828,0.0266265551442201,-0.0131277865499925,-0.0079693232603846,False,False,False,,1,0,257
d=1 s=0,Random 30% #32,1028,0.0146773132638857,0.0312798091746616,0.0144895432990257,-0.0166024959107759,0.0001877699648599,False,True,True,,1,0,257
d=1 s=0,Random 30% #33,1028,0.0107989019115876,0.0115415785924364,0.0192497966058085,-0.0007426766808488,-0.0084508946942209,False,False,False,,1,0,257
d=1 s=0,Random 30% #34,1028,0.0036708111308466,0.0122715090763725,0.0253345821422274,-0.0086006979455259,-0.0216637710113807,False,False,False,,1,0,257
d=1 s=0,Random 30% #35,1028,-0.0021279853031231,0.0213892478617907,0.0189149285262482,-0.0235172331649139,-0.0210429138293713,False,False,False,,1,0,257
d=1 s=0,Random 30% #36,1028,-0.0048226599270606,0.0072406228032302,0.0128456358787628,-0.0120632827302908,-0.0176682958058234,False,False,False,,1,0,257
d=1 s=0,Random 30% #37,1028,-0.0037446257685728,0.0075652866193627,0.0313946532318181,-0.0113099123879356,-0.035139279000391,False,False,False,,1,0,257
d=1 s=0,Random 30% #38,1028,0.0108722741433021,-0.0093354956977931,0.0174875803722878,0.0202077698410952,-0.0066153062289856,True,True,True,,1,0,257
d=1 s=0,Random 30% #39,1028,0.0380230468256006,0.0093012461073824,0.006931917951834,0.0287218007182182,0.0310911288737666,False,False,False,,1,0,257
d=1 s=0,Random 30% #40,1028,-0.0156995008383602,0.0150791895916304,0.0186626326017464,-0.0307786904299907,-0.0343621334401066,False,False,False,,1,0,257
d=1 s=0,Random 30% #41,1028,0.0003191021554961,0.0130865867022458,0.0101878014757884,-0.0127674845467497,-0.0098686993202923,False,False,False,,1,0,257
d=1 s=0,Random 30% #42,1028,0.0039796984507742,0.0169350697303012,0.0109411983161231,-0.012955371279527,-0.0069614998653489,False,False,False,,1,0,257
d=1 s=0,Random 30% #43,1028,0.0320665445665445,0.0303077695120515,0.0268318243398882,0.0017587750544929,0.0052347202266563,False,False,False,,1,0,257
d=1 s=0,Random 30% #44,1028,0.014617494198646,0.0206835077198604,0.0239349176253234,-0.0060660135212144,-0.0093174234266774,False,False,False,,1,0,257
d=1 s=0,Random 30% #45,1028,-0.010677190889205,0.0113733778063801,0.0098450369921969,-0.0220505686955851,-0.0205222278814019,False,False,False,,1,0,257
d=1 s=0,Random 30% #46,1028,-0.0211341559464426,0.0090675793022702,0.010448826961778,-0.0302017352487129,-0.0315829829082206,False,False,False,,1,0,257
d=1 s=0,Random 30% #47,1028,0.0021068472535741,0.0396810480530318,0.0197862144474028,-0.0375742007994577,-0.0176793671938287,False,False,False,,1,0,257
d=1 s=0,Random 30% #48,1028,0.0099373113536103,0.0342867238212979,0.0265710158970114,-0.0243494124676875,-0.016633704543401,False,False,False,,1,0,257
d=1 s=0,Random 30% #49,1028,-0.0033935788911766,0.0278946190892725,0.0187471450470667,-0.0312881979804492,-0.0221407239382434,False,False,False,,1,0,257
d=1 s=0,Random 30% #50,1028,-0.0149638584774062,0.0174336994199437,0.0169990333219265,-0.03239755789735,-0.0319628917993328,False,False,False,,1,0,257
d=1 s=1,All Patients,3429,0.0078818040435458,0.0189251860052808,0.0257754176400269,-0.0110433819617349,-0.017893613596481,False,False,False,,1,1,257
d=1 s=1,ICUType 1.0,490,0.0294939989088925,0.0497653810874959,0.0412997426316714,-0.0202713821786034,-0.0118057437227789,False,False,False,,1,1,257
d=1 s=1,ICUType 2.0,643,-0.000975689080413,-0.0076985163022267,0.0121002938508341,0.0067228272218136,-0.0130759829312471,True,True,True,,1,1,257
d=1 s=1,ICUType 3.0,1357,-0.0217764843549488,0.0087271670043945,0.0178271165351787,-0.0305036513593434,-0.0396036008901276,False,False,False,,1,1,257
d=1 s=1,ICUType 4.0,939,0.0202084035501629,0.0254446155781698,0.0307549201093368,-0.0052362120280069,-0.0105465165591739,False,False,False,,1,1,257
d=1 s=1,Age decile 0,374,0.046026807780653,0.0267309343754317,0.0108179281238777,0.0192958734052212,0.0352088796567752,False,False,False,,1,1,257
d=1 s=1,Age decile 1,344,0.0273634472301562,0.0321706557866328,0.0079787752282975,-0.0048072085564766,0.0193846720018587,False,True,True,,1,1,257
d=1 s=1,Age decile 2,347,0.0042864169770219,-0.0025258682499951,0.0391954101284978,0.0068122852270171,-0.0349089931514758,True,True,True,,1,1,257
d=1 s=1,Age decile 3,325,0.0096292729898892,0.0166201290004795,0.0561552605111398,-0.0069908560105903,-0.0465259875212505,False,False,False,,1,1,257
d=1 s=1,Age decile 4,372,-0.0152359717577108,-0.0020433594476296,-0.0099573732749115,-0.0131926123100812,-0.0052785984827993,False,False,False,,1,1,257
d=1 s=1,Age decile 5,344,-0.0250497851378262,0.003730581554539,0.0218083378042573,-0.0287803666923653,-0.0468581229420835,False,False,False,,1,1,257
d=1 s=1,Age decile 6,397,-0.0004719207173194,0.0270063913881799,-4.9630240967851735e-05,-0.0274783121054994,-0.0004222904763516,True,False,True,,1,1,257
d=1 s=1,Age decile 7,247,0.0173747705218987,0.041374523751425,0.001186745254541,-0.0239997532295262,0.0161880252673577,False,True,True,,1,1,257
d=1 s=1,Age decile 8,354,-0.0216450216450216,0.0109998424347877,-0.0161249075898552,-0.0326448640798094,-0.0055201140551663,True,False,True,,1,1,257
d=1 s=1,Age decile 9,325,-0.0771864301276066,0.0571307151774109,0.030995204594946,-0.1343171453050175,-0.1081816347225526,False,False,False,,1,1,257
d=1 s=1,HR quartile 0,877,0.0371049136786188,0.0336023606398759,0.0201695845327675,0.0035025530387429,0.0169353291458512,False,False,False,,1,1,257
d=1 s=1,HR quartile 1,917,-0.0169849537037037,0.0154225782987026,0.0116604781017738,-0.0324075320024063,-0.0286454318054775,False,False,False,,1,1,257
d=1 s=1,HR quartile 2,816,0.034861311019492,0.0206340952861959,0.0173499530509336,0.0142272157332961,0.0175113579685584,False,False,False,,1,1,257
d=1 s=1,HR quartile 3,819,-0.0232600311906863,0.0173801658659419,0.0119563437606189,-0.0406401970566282,-0.0352163749513052,False,False,False,,1,1,257
d=1 s=1,MAP quartile 0,877,-0.0141240285818599,0.0189209478439368,0.0081519435645214,-0.0330449764257967,-0.0222759721463813,False,False,False,,1,1,257
d=1 s=1,MAP quartile 1,840,0.02392179413456,0.0047183602856676,0.0282793790803599,0.0192034338488924,-0.0043575849457998,False,True,True,,1,1,257
d=1 s=1,MAP quartile 2,866,0.0104058609958506,0.0175228152246108,0.010741220740817,-0.0071169542287602,-0.0003353597449663,False,False,False,,1,1,257
d=1 s=1,MAP quartile 3,846,0.0090927756430939,0.0323501468813592,0.0300810544673429,-0.0232573712382653,-0.020988278824249,False,False,False,,1,1,257
d=1 s=1,Temp quartile 0,902,0.0068727157158747,0.0223144724612915,0.0189350369899879,-0.0154417567454167,-0.0120623212741132,False,False,False,,1,1,257
d=1 s=1,Temp quartile 1,864,0.0305627470437901,0.0212089774618934,0.0169001193980223,0.0093537695818967,0.0136626276457678,False,False,False,,1,1,257
d=1 s=1,Temp quartile 2,838,-0.0036346905912123,0.00180882826904,0.0226079109982576,-0.0054435188602524,-0.0262426015894699,False,False,False,,1,1,257
d=1 s=1,Temp quartile 3,825,-0.0023612750885478,0.0004522833777262,0.0052449742350765,-0.002813558466274,-0.0076062493236243,False,False,False,,1,1,257
d=1 s=1,Urine quartile 0,859,-0.0313289760348584,0.0107971747667673,0.0378747383238427,-0.0421261508016257,-0.0692037143587011,False,False,False,,1,1,257
d=1 s=1,Urine quartile 1,913,-0.0210526315789473,-0.0060100219130737,-0.0018159050523621,-0.0150426096658736,-0.0192367265265852,False,False,False,,1,1,257
d=1 s=1,Urine quartile 2,802,0.0149901230333403,0.01587756539106,0.0185183105685741,-0.0008874423577197,-0.0035281875352337,False,False,False,,1,1,257
d=1 s=1,Urine quartile 3,855,0.0601118199903958,0.0219816612643823,0.0062001205141134,0.0381301587260135,0.0539116994762823,False,False,False,,1,1,257
d=1 s=1,SAPS quartile 0,1025,0.0026756349262149,0.0024867790289428,0.0035886937623648,0.0001888558972721,-0.0009130588361499,False,True,True,,1,1,257
d=1 s=1,SAPS quartile 1,946,0.0452124666297511,0.0126386273649597,0.0188071737845152,0.0325738392647914,0.0264052928452359,False,False,False,,1,1,257
d=1 s=1,SAPS quartile 2,660,0.0015384615384615,0.0223562684758382,0.005785241596272,-0.0208178069373766,-0.0042467800578105,False,False,False,,1,1,257
d=1 s=1,SAPS quartile 3,798,-0.0389986891196934,0.0300090589470249,0.0508421096248224,-0.0690077480667183,-0.0898407987445158,False,False,False,,1,1,257
d=1 s=1,HR > 100,945,-0.0351262896411669,0.0005851130365507,0.01424201197892,-0.0357114026777176,-0.049368301620087,False,False,False,,1,1,257
d=1 s=1,MAP < 65,697,-0.0279136809159047,0.017292221299074,0.0142591533079318,-0.0452059022149788,-0.0421728342238366,False,False,False,,1,1,257
d=1 s=1,Temp > 38C,267,-0.0430204913392958,0.0139670148948595,0.02082283160084,-0.0569875062341553,-0.0638433229401358,False,False,False,,1,1,257
d=1 s=1,Urine > 1000,210,0.0458952811893988,0.0522003877063659,-0.0068150877528983,-0.006305106516967,0.0527103689422972,True,True,True,,1,1,257
d=1 s=1,Random 50% #1,1714,0.0148182289884191,0.0228059509920688,0.0125684863567154,-0.0079877220036496,0.0022497426317037,False,True,True,,1,1,257
d=1 s=1,Random 50% #2,1714,0.0038708396744524,0.0178185353705244,0.0153210196220202,-0.013947695696072,-0.0114501799475677,False,False,False,,1,1,257
d=1 s=1,Random 50% #3,1714,0.0221853388658367,0.0142934420000918,0.0158085696621512,0.0078918968657449,0.0063767692036855,False,False,False,,1,1,257
d=1 s=1,Random 50% #4,1714,0.0209444740819774,0.0191407754620194,0.0166876946659472,0.0018036986199579,0.0042567794160301,False,False,False,,1,1,257
d=1 s=1,Random 50% #5,1714,0.025145147627017,0.0135418903410885,0.0230196960762501,0.0116032572859285,0.0021254515507669,False,False,False,,1,1,257
d=1 s=1,Random 50% #6,1714,-0.0032358828377694,0.0115586414306533,0.0172182876443763,-0.0147945242684228,-0.0204541704821458,False,False,False,,1,1,257
d=1 s=1,Random 50% #7,1714,0.0203886964648963,0.0298906809351776,0.0232944721346408,-0.0095019844702812,-0.0029057756697445,False,False,False,,1,1,257
d=1 s=1,Random 50% #8,1714,-0.0080211409064465,0.0186514518588528,0.0187586248631435,-0.0266725927652994,-0.0267797657695901,False,False,False,,1,1,257
d=1 s=1,Random 50% #9,1714,-0.0018808498325041,0.0128523155044789,0.0228648186613,-0.0147331653369831,-0.0247456684938042,False,False,False,,1,1,257
d=1 s=1,Random 50% #10,1714,0.0032849222618878,0.0145103299551018,0.0182062551353821,-0.0112254076932139,-0.0149213328734943,False,False,False,,1,1,257
d=1 s=1,Random 50% #11,1714,0.0064028840624585,0.022855347675167,0.0269048875482705,-0.0164524636127085,-0.020502003485812,False,False,False,,1,1,257
d=1 s=1,Random 50% #12,1714,-0.0033234372422892,0.0130459792795316,0.0134265113115343,-0.0163694165218209,-0.0167499485538235,False,False,False,,1,1,257
d=1 s=1,Random 50% #13,1714,0.0032517955657333,0.022050178716711,0.0179693088980596,-0.0187983831509777,-0.0147175133323262,False,False,False,,1,1,257
d=1 s=1,Random 50% #14,1714,0.0062157191184681,0.0148154598943671,0.0143510958552398,-0.0085997407758989,-0.0081353767367716,False,False,False,,1,1,257
d=1 s=1,Random 50% #15,1714,0.0026854501430772,0.0207663214956883,0.0348603651401477,-0.0180808713526111,-0.0321749149970704,False,False,False,,1,1,257
d=1 s=1,Random 50% #16,1714,0.0188052608311229,0.0157883486639279,0.0193941646392022,0.0030169121671949,-0.0005889038080793,False,True,True,,1,1,257
d=1 s=1,Random 50% #17,1714,0.0073507410721795,0.0109233978186968,0.021748142050226,-0.0035726567465173,-0.0143974009780465,False,False,False,,1,1,257
d=1 s=1,Random 50% #18,1714,0.0251803786741562,0.0202798704822035,0.0291457590689987,0.0049005081919527,-0.0039653803948425,False,True,True,,1,1,257
d=1 s=1,Random 50% #19,1714,0.0087463233253787,0.0161894434880112,0.0182379896541274,-0.0074431201626324,-0.0094916663287486,False,False,False,,1,1,257
d=1 s=1,Random 50% #20,1714,0.0239488541873964,0.0177446895032727,0.0279866886675072,0.0062041646841236,-0.0040378344801108,False,True,True,,1,1,257
d=1 s=1,Random 50% #21,1714,0.0016605879752431,0.0122864796974746,0.0184028407034388,-0.0106258917222315,-0.0167422527281956,False,False,False,,1,1,257
d=1 s=1,Random 50% #22,1714,0.0178287222426975,0.0127145600004673,0.0191407429803995,0.0051141622422301,-0.001312020737702,False,True,True,,1,1,257
d=1 s=1,Random 50% #23,1714,-0.0051929851771431,0.0115541670538414,0.0195825599611717,-0.0167471522309845,-0.0247755451383148,False,False,False,,1,1,257
d=1 s=1,Random 50% #24,1714,0.0201698382197979,0.0148685948997826,0.02753088383281,0.0053012433200152,-0.0073610456130121,False,True,True,,1,1,257
d=1 s=1,Random 50% #25,1714,0.0024135223603308,0.0198498370166304,0.0138187278675166,-0.0174363146562996,-0.0114052055071858,False,False,False,,1,1,257
d=1 s=1,Random 50% #26,1714,-0.0063986093578627,0.0130363289479428,0.0138176651565987,-0.0194349383058055,-0.0202162745144614,False,False,False,,1,1,257
d=1 s=1,Random 50% #27,1714,-0.0048317683881064,0.0182960383241565,0.0192154284173304,-0.0231278067122629,-0.0240471968054369,False,False,False,,1,1,257
d=1 s=1,Random 50% #28,1714,0.0098094573797898,0.0181747864276106,0.0159949768941112,-0.0083653290478208,-0.0061855195143213,False,False,False,,1,1,257
d=1 s=1,Random 50% #29,1714,0.0125552608311229,0.0158648471292588,0.012175355142197,-0.0033095862981359,0.0003799056889258,False,True,True,,1,1,257
d=1 s=1,Random 50% #30,1714,0.0022139615866539,0.0077905332007288,0.0302371891043443,-0.0055765716140749,-0.0280232275176903,False,False,False,,1,1,257
d=1 s=1,Random 50% #31,1714,0.0081502190717898,0.0089045923453357,0.0182791804989775,-0.0007543732735459,-0.0101289614271877,False,False,False,,1,1,257
d=1 s=1,Random 50% #32,1714,-0.0092920029904661,0.0082066568908554,0.0149547435162937,-0.0174986598813216,-0.0242467465067599,False,False,False,,1,1,257
d=1 s=1,Random 50% #33,1714,-0.002514181228832,0.0114136213377491,0.0219049078009844,-0.0139278025665811,-0.0244190890298164,False,False,False,,1,1,257
d=1 s=1,Random 50% #34,1714,0.0070180513371488,0.0153138126966626,0.0189178887177703,-0.0082957613595137,-0.0118998373806215,False,False,False,,1,1,257
d=1 s=1,Random 50% #35,1714,0.0093248828878478,0.01989401399968,0.0217347924562507,-0.0105691311118321,-0.0124099095684028,False,False,False,,1,1,257
d=1 s=1,Random 50% #36,1714,0.016912667846362,0.008493277628981,0.0217745103742769,0.0084193902173809,-0.0048618425279149,False,True,True,,1,1,257
d=1 s=1,Random 50% #37,1714,0.0036653828805384,0.0041191619747183,0.0144569945302797,-0.0004537790941798,-0.0107916116497412,False,False,False,,1,1,257
d=1 s=1,Random 50% #38,1714,0.0021576191788371,0.0166370467986106,0.0169331387745881,-0.0144794276197734,-0.0147755195957509,False,False,False,,1,1,257
d=1 s=1,Random 50% #39,1714,0.0170086158804934,0.0106231118278268,0.0179848659041755,0.0063855040526665,-0.0009762500236821,False,True,True,,1,1,257
d=1 s=1,Random 50% #40,1714,0.018520937100027,0.0159547790804026,0.0243011118383801,0.0025661580196243,-0.005780174738353,False,True,True,,1,1,257
d=1 s=1,Random 50% #41,1714,0.0027199322354597,0.0072469055797887,0.0118251992640923,-0.0045269733443289,-0.0091052670286325,False,False,False,,1,1,257
d=1 s=1,Random 50% #42,1714,0.0178900300253214,0.0298106898228721,0.0110179625348582,-0.0119206597975507,0.0068720674904631,False,True,True,,1,1,257
d=1 s=1,Random 50% #43,1714,0.0169958506224066,0.0148378267172707,0.0181299341057535,0.0021580239051359,-0.0011340834833468,False,True,True,,1,1,257
d=1 s=1,Random 50% #44,1714,-0.0080414937759336,0.0185345997895498,0.0156410040168488,-0.0265760935654834,-0.0236824977927825,False,False,False,,1,1,257
d=1 s=1,Random 50% #45,1714,-0.0006684003732017,0.018944676008446,0.012807034046754,-0.0196130763816477,-0.0134754344199557,False,False,False,,1,1,257
d=1 s=1,Random 50% #46,1714,-0.0127567411871579,0.0157823994037474,0.0196023040109292,-0.0285391405909053,-0.0323590451980871,False,False,False,,1,1,257
d=1 s=1,Random 50% #47,1714,-0.0023071888899981,0.0165112147947287,0.0421816129869126,-0.0188184036847268,-0.0444888018769107,False,False,False,,1,1,257
d=1 s=1,Random 50% #48,1714,0.0007707867678387,0.0215057509372693,0.0208133161698915,-0.0207349641694306,-0.0200425294020527,False,False,False,,1,1,257
d=1 s=1,Random 50% #49,1714,-0.0052585890287469,0.0089921741300401,0.0151570855403329,-0.0142507631587871,-0.0204156745690798,False,False,False,,1,1,257
d=1 s=1,Random 50% #50,1714,-0.009935439192208,0.0074302531682602,0.003357969151971,-0.0173656923604682,-0.013293408344179,False,False,False,,1,1,257
d=1 s=1,Random 30% #1,1028,0.0177032019704433,0.0150279156836286,0.037942316677503,0.0026752862868147,-0.0202391147070597,False,True,True,,1,1,257
d=1 s=1,Random 30% #2,1028,-0.0188812287552644,0.0017726195702599,0.0237208128946351,-0.0206538483255244,-0.0426020416498996,False,False,False,,1,1,257
d=1 s=1,Random 30% #3,1028,-0.0136963318843895,0.0001939201250204,0.0104707644506747,-0.0138902520094099,-0.0241670963350642,False,False,False,,1,1,257
d=1 s=1,Random 30% #4,1028,0.012612065619632,0.0096048680629987,0.0120993585791024,0.0030071975566333,0.0005127070405295,False,False,False,,1,1,257
d=1 s=1,Random 30% #5,1028,0.012955140579904,0.0278830072793026,0.0131984320718942,-0.0149278666993986,-0.0002432914919901,False,False,False,,1,1,257
d=1 s=1,Random 30% #6,1028,0.011061887501678,0.0100882501822923,0.0186754861211251,0.0009736373193857,-0.007613598619447,False,True,True,,1,1,257
d=1 s=1,Random 30% #7,1028,-0.0019795447047178,0.0249779593323652,0.0307051385549819,-0.0269575040370831,-0.0326846832596998,False,False,False,,1,1,257
d=1 s=1,Random 30% #8,1028,-0.0013757582957458,0.0144890130914671,0.0267465775724069,-0.015864771387213,-0.0281223358681528,False,False,False,,1,1,257
d=1 s=1,Random 30% #9,1028,0.0167924069116573,0.0137681678125486,0.0146855206417061,0.0030242390991086,0.0021068862699511,False,False,False,,1,1,257
d=1 s=1,Random 30% #10,1028,0.0218614718614718,0.0053878485205414,0.0052956333581248,0.0164736233409304,0.0165658385033469,False,False,False,,1,1,257
d=1 s=1,Random 30% #11,1028,0.0036992125742528,0.0189898752014794,0.0170265620572085,-0.0152906626272266,-0.0133273494829556,False,False,False,,1,1,257
d=1 s=1,Random 30% #12,1028,-0.0176439165409753,0.0142730716028692,0.0228116787670382,-0.0319169881438445,-0.0404555953080135,False,False,False,,1,1,257
d=1 s=1,Random 30% #13,1028,0.0061871080085679,0.0266722871334327,0.0154404486068486,-0.0204851791248647,-0.0092533405982806,False,False,False,,1,1,257
d=1 s=1,Random 30% #14,1028,-0.0024039572835282,0.0126894979305127,0.020062709429746,-0.015093455214041,-0.0224666667132743,False,False,False,,1,1,257
d=1 s=1,Random 30% #15,1028,-0.0014797507788162,0.0254804127224,0.017791624298663,-0.0269601635012162,-0.0192713750774792,False,False,False,,1,1,257
d=1 s=1,Random 30% #16,1028,0.006823838043474,0.0154548210457577,0.019017458372356,-0.0086309830022836,-0.012193620328882,False,False,False,,1,1,257
d=1 s=1,Random 30% #17,1028,0.0030261642698374,0.0182653871208656,0.0157652103941429,-0.0152392228510281,-0.0127390461243054,False,False,False,,1,1,257
d=1 s=1,Random 30% #18,1028,0.008237689744539,0.0198382482576798,0.0148671511210955,-0.0116005585131408,-0.0066294613765565,False,False,False,,1,1,257
d=1 s=1,Random 30% #19,1028,0.0066883064376393,0.005490944572783,0.0276265074360775,0.0011973618648562,-0.0209382009984381,False,True,True,,1,1,257
d=1 s=1,Random 30% #20,1028,-0.0099963316214233,0.0136208153418814,0.035027662540852,-0.0236171469633048,-0.0450239941622753,False,False,False,,1,1,257
d=1 s=1,Random 30% #21,1028,0.002277451699682,0.0171450533240637,0.0013535690303793,-0.0148676016243816,0.0009238826693026,False,True,True,,1,1,257
d=1 s=1,Random 30% #22,1028,0.0271739130434782,0.0174196432770583,0.0198665838790715,0.0097542697664199,0.0073073291644067,False,False,False,,1,1,257
d=1 s=1,Random 30% #23,1028,0.0053719593676173,0.0199726563382885,0.0198077442529744,-0.0146006969706712,-0.014435784885357,False,False,False,,1,1,257
d=1 s=1,Random 30% #24,1028,0.0374355138753044,0.0108559648511428,0.003285447279296,0.0265795490241615,0.0341500665960083,False,False,False,,1,1,257
d=1 s=1,Random 30% #25,1028,0.0207335170659317,0.0084521522564303,0.0237671069862498,0.0122813648095013,-0.0030335899203181,False,True,True,,1,1,257
d=1 s=1,Random 30% #26,1028,0.000322640117994,0.0236989820621206,0.0023363936213803,-0.0233763419441265,-0.0020137535033862,False,False,False,,1,1,257
d=1 s=1,Random 30% #27,1028,-0.0133699862551543,0.0182031269466356,0.0413674406650147,-0.03157311320179,-0.054737426920169,False,False,False,,1,1,257
d=1 s=1,Random 30% #28,1028,0.0048546691403834,0.0083421908406408,0.0057127326239586,-0.0034875217002574,-0.0008580634835752,False,False,False,,1,1,257
d=1 s=1,Random 30% #29,1028,0.0132264436461088,0.0097597401176579,0.0133044095003815,0.0034667035284509,-7.796585427266578e-05,False,True,True,,1,1,257
d=1 s=1,Random 30% #30,1028,0.0073191060456281,0.0244787166005675,0.0083793323122898,-0.0171596105549394,-0.0010602262666617,False,False,False,,1,1,257
d=1 s=1,Random 30% #31,1028,0.0186572318838355,0.0139388062527151,0.0207614954961865,0.0047184256311204,-0.0021042636123509,False,True,True,,1,1,257
d=1 s=1,Random 30% #32,1028,0.0146773132638857,0.0379688173214654,0.0141549505974147,-0.0232915040575797,0.0005223626664709,False,True,True,,1,1,257
d=1 s=1,Random 30% #33,1028,0.0107989019115876,0.0280584822994434,0.0168385785399941,-0.0172595803878558,-0.0060396766284064,False,False,False,,1,1,257
d=1 s=1,Random 30% #34,1028,0.0036708111308466,0.0132763585607842,0.0251051026523056,-0.0096055474299375,-0.021434291521459,False,False,False,,1,1,257
d=1 s=1,Random 30% #35,1028,-0.0021279853031231,0.0227505633279972,0.025466636150602,-0.0248785486311204,-0.0275946214537251,False,False,False,,1,1,257
d=1 s=1,Random 30% #36,1028,-0.0048226599270606,0.0183882351554582,0.0124953664675129,-0.0232108950825188,-0.0173180263945735,False,False,False,,1,1,257
d=1 s=1,Random 30% #37,1028,-0.0037446257685728,0.0230169588740981,0.0260960390373491,-0.0267615846426709,-0.0298406648059219,False,False,False,,1,1,257
d=1 s=1,Random 30% #38,1028,0.0108722741433021,-0.0066311123716919,0.025143658478043,0.017503386514994,-0.0142713843347409,True,True,True,,1,1,257
d=1 s=1,Random 30% #39,1028,0.0380230468256006,0.0006852491020913,0.0072677205983088,0.0373377977235092,0.0307553262272917,False,False,False,,1,1,257
d=1 s=1,Random 30% #40,1028,-0.0156995008383602,0.0052339667188782,0.0209985442546553,-0.0209334675572384,-0.0366980450930156,False,False,False,,1,1,257
d=1 s=1,Random 30% #41,1028,0.0003191021554961,0.0124885676940162,0.0146308939919225,-0.01216946553852,-0.0143117918364264,False,False,False,,1,1,257
d=1 s=1,Random 30% #42,1028,0.0039796984507742,0.0121298268580192,0.022752555992828,-0.008150128407245,-0.0187728575420538,False,False,False,,1,1,257
d=1 s=1,Random 30% #43,1028,0.0320665445665445,0.0277854986902917,0.0267343118159207,0.0042810458762528,0.0053322327506238,False,False,False,,1,1,257
d=1 s=1,Random 30% #44,1028,0.014617494198646,0.0171906090973792,0.0206580036019123,-0.0025731148987332,-0.0060405094032663,False,False,False,,1,1,257
d=1 s=1,Random 30% #45,1028,-0.010677190889205,0.0040492268449834,0.0102720805702141,-0.0147264177341884,-0.0209492714594191,False,False,False,,1,1,257
d=1 s=1,Random 30% #46,1028,-0.0211341559464426,0.0065925975885616,0.0111920025803595,-0.0277267535350042,-0.0323261585268021,False,False,False,,1,1,257
d=1 s=1,Random 30% #47,1028,0.0021068472535741,0.0394136678795603,0.0252733330499532,-0.0373068206259862,-0.0231664857963791,False,False,False,,1,1,257
d=1 s=1,Random 30% #48,1028,0.0099373113536103,0.0312974693832646,0.0244138753907156,-0.0213601580296542,-0.0144765640371052,False,False,False,,1,1,257
d=1 s=1,Random 30% #49,1028,-0.0033935788911766,0.0217876616606127,0.0151378598112197,-0.0251812405517894,-0.0185314387023964,False,False,False,,1,1,257
d=1 s=1,Random 30% #50,1028,-0.0149638584774062,0.019111257968318,0.0154182372827381,-0.0340751164457243,-0.0303820957601444,False,False,False,,1,1,257
d=1 s=2,All Patients,3429,0.0078818040435458,0.0168159857844379,0.0219928757027565,-0.0089341817408921,-0.0141110716592106,False,False,False,,1,2,257
d=1 s=2,ICUType 1.0,490,0.0294939989088925,0.0389007978956237,0.0448031774587513,-0.0094067989867312,-0.0153091785498588,False,False,False,,1,2,257
d=1 s=2,ICUType 2.0,643,-0.000975689080413,-0.0098227589541265,0.0096978181632051,0.0088470698737135,-0.0106735072436181,True,True,True,,1,2,257
d=1 s=2,ICUType 3.0,1357,-0.0217764843549488,0.0049029970844736,0.0162540255306173,-0.0266794814394225,-0.0380305098855662,False,False,False,,1,2,257
d=1 s=2,ICUType 4.0,939,0.0202084035501629,0.0270333675598459,0.0263254084184292,-0.006824964009683,-0.0061170048682663,False,False,False,,1,2,257
d=1 s=2,Age decile 0,374,0.046026807780653,0.0238631954903242,0.003639106702898,0.0221636122903287,0.042387701077755,False,False,False,,1,2,257
d=1 s=2,Age decile 1,344,0.0273634472301562,0.0533132148793753,0.0140913219929351,-0.025949767649219,0.013272125237221,False,True,True,,1,2,257
d=1 s=2,Age decile 2,347,0.0042864169770219,0.0052323768255635,0.0289122509606461,-0.0009459598485415,-0.0246258339836241,False,False,False,,1,2,257
d=1 s=2,Age decile 3,325,0.0096292729898892,0.0310336634154443,0.0247356687249532,-0.0214043904255551,-0.0151063957350639,False,False,False,,1,2,257
d=1 s=2,Age decile 4,372,-0.0152359717577108,0.0266027913891457,-0.0037356463648502,-0.0418387631468566,-0.0115003253928606,True,False,True,,1,2,257
d=1 s=2,Age decile 5,344,-0.0250497851378262,0.0142034334133651,0.0112052880419125,-0.0392532185511914,-0.0362550731797388,False,False,False,,1,2,257
d=1 s=2,Age decile 6,397,-0.0004719207173194,0.0296683316508574,-0.022775596961188,-0.0301402523681768,0.0223036762438685,True,True,True,,1,2,257
d=1 s=2,Age decile 7,247,0.0173747705218987,0.0469758465518599,0.0030589052785202,-0.0296010760299611,0.0143158652433784,False,True,True,,1,2,257
d=1 s=2,Age decile 8,354,-0.0216450216450216,0.0142255703548393,-0.0127889483829862,-0.035870591999861,-0.0088560732620354,True,False,True,,1,2,257
d=1 s=2,Age decile 9,325,-0.0771864301276066,0.0448903826002899,0.0227124751746251,-0.1220768127278965,-0.0998989053022317,False,False,False,,1,2,257
d=1 s=2,HR quartile 0,877,0.0371049136786188,0.0349152605297467,0.0232620774972292,0.002189653148872,0.0138428361813895,False,False,False,,1,2,257
d=1 s=2,HR quartile 1,917,-0.0169849537037037,0.0036990355681994,0.006998327904658,-0.0206839892719031,-0.0239832816083617,False,False,False,,1,2,257
d=1 s=2,HR quartile 2,816,0.034861311019492,0.0186634635634678,0.0206352185346211,0.0161978474560242,0.0142260924848709,False,False,False,,1,2,257
d=1 s=2,HR quartile 3,819,-0.0232600311906863,0.0064424531390797,0.0173144570472968,-0.0297024843297661,-0.0405744882379831,False,False,False,,1,2,257
d=1 s=2,MAP quartile 0,877,-0.0141240285818599,-0.0056907296770877,0.0084117457796447,-0.0084332989047721,-0.0225357743615046,True,False,True,,1,2,257
d=1 s=2,MAP quartile 1,840,0.02392179413456,0.0047447630238575,0.0363320456211727,0.0191770311107025,-0.0124102514866126,False,True,True,,1,2,257
d=1 s=2,MAP quartile 2,866,0.0104058609958506,0.0093197602297211,0.0072366362839351,0.0010861007661294,0.0031692247119154,False,False,False,,1,2,257
d=1 s=2,MAP quartile 3,846,0.0090927756430939,0.0367412980626959,0.027069780635535,-0.027648522419602,-0.017977004992441,False,False,False,,1,2,257
d=1 s=2,Temp quartile 0,902,0.0068727157158747,0.0253073385609929,0.0205774827285386,-0.0184346228451182,-0.0137047670126638,False,False,False,,1,2,257
d=1 s=2,Temp quartile 1,864,0.0305627470437901,0.0258937120834767,-0.0018072602395812,0.0046690349603134,0.0323700072833714,True,False,True,,1,2,257
d=1 s=2,Temp quartile 2,838,-0.0036346905912123,0.0040536654739044,0.0244189205404917,-0.0076883560651168,-0.0280536111317041,False,False,False,,1,2,257
d=1 s=2,Temp quartile 3,825,-0.0023612750885478,-0.0020673330340732,-0.0006483906597833,-0.0002939420544745,-0.0017128844287644,False,False,False,,1,2,257
d=1 s=2,Urine quartile 0,859,-0.0313289760348584,0.0091645526881865,0.0327127924372795,-0.0404935287230449,-0.0640417684721379,False,False,False,,1,2,257
d=1 s=2,Urine quartile 1,913,-0.0210526315789473,0.0094242735449119,-0.0061783923399063,-0.0304769051238592,-0.014874239239041,True,False,True,,1,2,257
d=1 s=2,Urine quartile 2,802,0.0149901230333403,0.0100455053398327,0.0094013589156133,0.0049446176935075,0.0055887641177269,False,False,False,,1,2,257
d=1 s=2,Urine quartile 3,855,0.0601118199903958,0.024551404387139,0.0037025267963104,0.0355604156032567,0.0564092931940853,False,False,False,,1,2,257
d=1 s=2,SAPS quartile 0,1025,0.0026756349262149,0.0027527131152527,0.0016827878581329,-7.707818903775199e-05,0.000992847068082,False,True,True,,1,2,257
d=1 s=2,SAPS quartile 1,946,0.0452124666297511,0.0043926422826705,0.0178973985023652,0.0408198243470805,0.0273150681273859,False,False,False,,1,2,257
d=1 s=2,SAPS quartile 2,660,0.0015384615384615,0.0183829758475043,0.009049621573036,-0.0168445143090427,-0.0075111600345744,False,False,False,,1,2,257
d=1 s=2,SAPS quartile 3,798,-0.0389986891196934,0.0288303065856802,0.0406499888919266,-0.0678289957053737,-0.07964867801162,False,False,False,,1,2,257
d=1 s=2,HR > 100,945,-0.0351262896411669,0.0130967358285305,0.0131126198344388,-0.0482230254696975,-0.0482389094756058,False,False,False,,1,2,257
d=1 s=2,MAP < 65,697,-0.0279136809159047,0.0116306364695114,0.019439279122686,-0.0395443173854162,-0.0473529600385908,False,False,False,,1,2,257
d=1 s=2,Temp > 38C,267,-0.0430204913392958,0.0121762450621386,-0.0013804070969267,-0.0551967364014344,-0.041640084242369,True,False,True,,1,2,257
d=1 s=2,Urine > 1000,210,0.0458952811893988,0.059232246673047,-0.0133783825557738,-0.0133369654836481,0.0592736637451726,True,True,True,,1,2,257
d=1 s=2,Random 50% #1,1714,0.0148182289884191,0.0174316083562729,0.017392829620585,-0.0026133793678537,-0.0025746006321658,False,False,False,,1,2,257
d=1 s=2,Random 50% #2,1714,0.0038708396744524,0.0171170988241295,0.0100559189467758,-0.0132462591496771,-0.0061850792723233,False,False,False,,1,2,257
d=1 s=2,Random 50% #3,1714,0.0221853388658367,0.0136221417395823,0.0203119284052965,0.0085631971262544,0.0018734104605402,False,False,False,,1,2,257
d=1 s=2,Random 50% #4,1714,0.0209444740819774,0.0173668748520624,0.0168398625922122,0.0035775992299149,0.0041046114897652,False,False,False,,1,2,257
d=1 s=2,Random 50% #5,1714,0.025145147627017,0.0126357325584398,0.0180539620480082,0.0125094150685772,0.0070911855790088,False,False,False,,1,2,257
d=1 s=2,Random 50% #6,1714,-0.0032358828377694,0.0232097844279633,0.0153207305831771,-0.0264456672657328,-0.0185566134209466,False,False,False,,1,2,257
d=1 s=2,Random 50% #7,1714,0.0203886964648963,0.0225357219330008,0.0308056367402006,-0.0021470254681045,-0.0104169402753042,False,False,False,,1,2,257
d=1 s=2,Random 50% #8,1714,-0.0080211409064465,0.0228974464587144,0.0197135032913055,-0.0309185873651609,-0.027734644197752,False,False,False,,1,2,257
d=1 s=2,Random 50% #9,1714,-0.0018808498325041,0.013312878580608,0.0246452681864695,-0.0151937284131122,-0.0265261180189737,False,False,False,,1,2,257
d=1 s=2,Random 50% #10,1714,0.0032849222618878,0.0159830660054585,0.0161661269547912,-0.0126981437435706,-0.0128812046929033,False,False,False,,1,2,257
d=1 s=2,Random 50% #11,1714,0.0064028840624585,0.0222799574098295,0.0240772611651738,-0.015877073347371,-0.0176743771027153,False,False,False,,1,2,257
d=1 s=2,Random 50% #12,1714,-0.0033234372422892,0.0163730830224102,0.0150280096846387,-0.0196965202646995,-0.018351446926928,False,False,False,,1,2,257
d=1 s=2,Random 50% #13,1714,0.0032517955657333,0.0125755248292696,0.0204432873262346,-0.0093237292635363,-0.0171914917605012,False,False,False,,1,2,257
d=1 s=2,Random 50% #14,1714,0.0062157191184681,0.018378995147357,0.0130040883680332,-0.0121632760288888,-0.0067883692495651,False,False,False,,1,2,257
d=1 s=2,Random 50% #15,1714,0.0026854501430772,0.0187868763703603,0.0285873471367253,-0.016101426227283,-0.0259018969936481,False,False,False,,1,2,257
d=1 s=2,Random 50% #16,1714,0.0188052608311229,0.0181311227347181,0.0167289346460709,0.0006741380964047,0.0020763261850519,False,False,False,,1,2,257
d=1 s=2,Random 50% #17,1714,0.0073507410721795,0.0140661615435911,0.021713284517706,-0.0067154204714115,-0.0143625434455264,False,False,False,,1,2,257
d=1 s=2,Random 50% #18,1714,0.0251803786741562,0.0233030658516689,0.0251526874131373,0.0018773128224872,2.769126101886954e-05,False,False,False,,1,2,257
d=1 s=2,Random 50% #19,1714,0.0087463233253787,0.0096891520795839,0.0164970956553516,-0.0009428287542051,-0.0077507723299728,False,False,False,,1,2,257
d=1 s=2,Random 50% #20,1714,0.0239488541873964,0.0139792596269167,0.0242282869327244,0.0099695945604796,-0.0002794327453279,False,True,True,,1,2,257
d=1 s=2,Random 50% #21,1714,0.0016605879752431,0.0108177723529449,0.0288719997328135,-0.0091571843777018,-0.0272114117575703,False,False,False,,1,2,257
d=1 s=2,Random 50% #22,1714,0.0178287222426975,0.0130068931875323,0.0198966457883702,0.0048218290551651,-0.0020679235456727,False,True,True,,1,2,257
d=1 s=2,Random 50% #23,1714,-0.0051929851771431,0.0113874576012851,0.021778495552933,-0.0165804427784282,-0.0269714807300762,False,False,False,,1,2,257
d=1 s=2,Random 50% #24,1714,0.0201698382197979,0.0124795702419421,0.0262994846067992,0.0076902679778558,-0.0061296463870013,False,True,True,,1,2,257
d=1 s=2,Random 50% #25,1714,0.0024135223603308,0.026021040402789,0.0209133491040039,-0.0236075180424581,-0.018499826743673,False,False,False,,1,2,257
d=1 s=2,Random 50% #26,1714,-0.0063986093578627,0.0162837322363089,0.0142811783505347,-0.0226823415941716,-0.0206797877083974,False,False,False,,1,2,257
d=1 s=2,Random 50% #27,1714,-0.0048317683881064,0.0154210997665331,0.0174262487116345,-0.0202528681546395,-0.0222580170997409,False,False,False,,1,2,257
d=1 s=2,Random 50% #28,1714,0.0098094573797898,0.0146396545063694,0.0159989728965083,-0.0048301971265795,-0.0061895155167185,False,False,False,,1,2,257
d=1 s=2,Random 50% #29,1714,0.0125552608311229,0.013877587686006,0.0079210594032607,-0.0013223268548831,0.0046342014278621,False,True,True,,1,2,257
d=1 s=2,Random 50% #30,1714,0.0022139615866539,0.0147225323787091,0.0221013865304083,-0.0125085707920552,-0.0198874249437544,False,False,False,,1,2,257
d=1 s=2,Random 50% #31,1714,0.0081502190717898,0.0122215665671925,0.0116872138399604,-0.0040713474954027,-0.0035369947681706,False,False,False,,1,2,257
d=1 s=2,Random 50% #32,1714,-0.0092920029904661,0.0111631256244463,0.0184434546797718,-0.0204551286149124,-0.027735457670238,False,False,False,,1,2,257
d=1 s=2,Random 50% #33,1714,-0.002514181228832,0.0131798228635367,0.0190605533709518,-0.0156940040923687,-0.0215747345997838,False,False,False,,1,2,257
d=1 s=2,Random 50% #34,1714,0.0070180513371488,0.0148088078315985,0.0125748796370027,-0.0077907564944497,-0.0055568282998539,False,False,False,,1,2,257
d=1 s=2,Random 50% #35,1714,0.0093248828878478,0.0211007790437983,0.0193777497742073,-0.0117758961559504,-0.0100528668863594,False,False,False,,1,2,257
d=1 s=2,Random 50% #36,1714,0.016912667846362,0.0087474186574273,0.0255721811520127,0.0081652491889346,-0.0086595133056507,False,True,True,,1,2,257
d=1 s=2,Random 50% #37,1714,0.0036653828805384,0.0085486861361513,0.0210165354304216,-0.0048833032556128,-0.0173511525498831,False,False,False,,1,2,257
d=1 s=2,Random 50% #38,1714,0.0021576191788371,0.0151775423847125,0.0152230366356714,-0.0130199232058753,-0.0130654174568343,False,False,False,,1,2,257
d=1 s=2,Random 50% #39,1714,0.0170086158804934,0.0115337036305472,0.0173442969983354,0.0054749122499461,-0.000335681117842,False,True,True,,1,2,257
d=1 s=2,Random 50% #40,1714,0.018520937100027,0.0169137782449909,0.0239796232204715,0.0016071588550361,-0.0054586861204444,False,True,True,,1,2,257
d=1 s=2,Random 50% #41,1714,0.0027199322354597,0.0068370341841846,0.0139840245131712,-0.0041171019487248,-0.0112640922777114,False,False,False,,1,2,257
d=1 s=2,Random 50% #42,1714,0.0178900300253214,0.0221377289952977,0.0116983257776593,-0.0042476989699763,0.006191704247662,False,True,True,,1,2,257
d=1 s=2,Random 50% #43,1714,0.0169958506224066,0.0173561421655803,0.0152165569451966,-0.0003602915431737,0.0017792936772099,False,True,True,,1,2,257
d=1 s=2,Random 50% #44,1714,-0.0080414937759336,0.0184255976724916,0.0139848203184704,-0.0264670914484252,-0.022026314094404,False,False,False,,1,2,257
d=1 s=2,Random 50% #45,1714,-0.0006684003732017,0.0185191941897595,0.0158499851199004,-0.0191875945629612,-0.0165183854931021,False,False,False,,1,2,257
d=1 s=2,Random 50% #46,1714,-0.0127567411871579,0.0153179757844517,0.0189466551910687,-0.0280747169716096,-0.0317033963782266,False,False,False,,1,2,257
d=1 s=2,Random 50% #47,1714,-0.0023071888899981,0.020223826566297,0.0291579979409658,-0.0225310154562951,-0.0314651868309639,False,False,False,,1,2,257
d=1 s=2,Random 50% #48,1714,0.0007707867678387,0.0252163310223016,0.0252485649074976,-0.0244455442544628,-0.0244777781396588,False,False,False,,1,2,257
d=1 s=2,Random 50% #49,1714,-0.0052585890287469,0.011068908038269,0.0153434553517271,-0.016327497067016,-0.0206020443804741,False,False,False,,1,2,257
d=1 s=2,Random 50% #50,1714,-0.009935439192208,0.0054466098107764,0.0028785466128828,-0.0153820490029844,-0.0128139858050909,False,False,False,,1,2,257
d=1 s=2,Random 30% #1,1028,0.0177032019704433,0.0093373807323597,0.0359308158402329,0.0083658212380836,-0.0182276138697896,False,True,True,,1,2,257
d=1 s=2,Random 30% #2,1028,-0.0188812287552644,-0.0040064523989654,0.0241184177498108,-0.014874776356299,-0.0429996465050752,True,False,True,,1,2,257
d=1 s=2,Random 30% #3,1028,-0.0136963318843895,-0.0031830797097605,0.0020564973141712,-0.0105132521746289,-0.0157528291985608,True,False,True,,1,2,257
d=1 s=2,Random 30% #4,1028,0.012612065619632,0.0032403727331686,0.0070071785019008,0.0093716928864634,0.0056048871177312,False,False,False,,1,2,257
d=1 s=2,Random 30% #5,1028,0.012955140579904,0.0192775484159404,0.0143526625771227,-0.0063224078360364,-0.0013975219972187,False,False,False,,1,2,257
d=1 s=2,Random 30% #6,1028,0.011061887501678,-0.0088242460970724,0.0181289923159225,0.0198861335987504,-0.0070671048142444,True,True,True,,1,2,257
d=1 s=2,Random 30% #7,1028,-0.0019795447047178,0.0212571546601947,0.0385747459360157,-0.0232366993649126,-0.0405542906407336,False,False,False,,1,2,257
d=1 s=2,Random 30% #8,1028,-0.0013757582957458,0.0142637930430113,0.0229476255213751,-0.0156395513387571,-0.0243233838171209,False,False,False,,1,2,257
d=1 s=2,Random 30% #9,1028,0.0167924069116573,0.0035868586992281,0.0097517641435292,0.0132055482124292,0.007040642768128,False,False,False,,1,2,257
d=1 s=2,Random 30% #10,1028,0.0218614718614718,0.0011467437492315,0.0050281444401263,0.0207147281122403,0.0168333274213454,False,False,False,,1,2,257
d=1 s=2,Random 30% #11,1028,0.0036992125742528,0.015634325992077,0.0130726189210571,-0.0119351134178241,-0.0093734063468043,False,False,False,,1,2,257
d=1 s=2,Random 30% #12,1028,-0.0176439165409753,0.0076642800498371,0.0043125775665059,-0.0253081965908125,-0.0219564941074812,False,False,False,,1,2,257
d=1 s=2,Random 30% #13,1028,0.0061871080085679,0.010441824812051,0.0166342776690725,-0.0042547168034831,-0.0104471696605045,False,False,False,,1,2,257
d=1 s=2,Random 30% #14,1028,-0.0024039572835282,0.0216142192144514,0.0218586047708229,-0.0240181764979796,-0.0242625620543511,False,False,False,,1,2,257
d=1 s=2,Random 30% #15,1028,-0.0014797507788162,0.0099217201608216,0.01478616346096,-0.0114014709396378,-0.0162659142397762,False,False,False,,1,2,257
d=1 s=2,Random 30% #16,1028,0.006823838043474,0.004157762363616,0.0153013753311598,0.002666075679858,-0.0084775372876857,False,True,True,,1,2,257
d=1 s=2,Random 30% #17,1028,0.0030261642698374,0.0194259580284903,0.0160036243203132,-0.0163997937586529,-0.0129774600504758,False,False,False,,1,2,257
d=1 s=2,Random 30% #18,1028,0.008237689744539,0.0170421601243104,0.0084114744272073,-0.0088044703797714,-0.0001737846826682,False,False,False,,1,2,257
d=1 s=2,Random 30% #19,1028,0.0066883064376393,0.0053419054982376,0.0224506609685858,0.0013464009394016,-0.0157623545309464,False,True,True,,1,2,257
d=1 s=2,Random 30% #20,1028,-0.0099963316214233,0.016944143343204,0.0342570600535849,-0.0269404749646274,-0.0442533916750083,False,False,False,,1,2,257
d=1 s=2,Random 30% #21,1028,0.002277451699682,0.0190446152747024,0.0031478476833092,-0.0167671635750203,-0.0008703959836272,False,False,False,,1,2,257
d=1 s=2,Random 30% #22,1028,0.0271739130434782,0.006657769245658,0.014753412607398,0.0205161437978202,0.0124205004360802,False,False,False,,1,2,257
d=1 s=2,Random 30% #23,1028,0.0053719593676173,0.0178758044208269,0.0262827190767545,-0.0125038450532095,-0.0209107597091371,False,False,False,,1,2,257
d=1 s=2,Random 30% #24,1028,0.0374355138753044,0.006360268206189,0.0011151720998911,0.0310752456691154,0.0363203417754132,False,False,False,,1,2,257
d=1 s=2,Random 30% #25,1028,0.0207335170659317,0.0028557674169623,0.0173463848772341,0.0178777496489694,0.0033871321886975,False,False,False,,1,2,257
d=1 s=2,Random 30% #26,1028,0.000322640117994,0.0333255940699167,0.0030987832702948,-0.0330029539519226,-0.0027761431523007,False,False,False,,1,2,257
d=1 s=2,Random 30% #27,1028,-0.0133699862551543,0.0203190147627249,0.0048869664866214,-0.0336890010178792,-0.0182569527417757,False,False,False,,1,2,257
d=1 s=2,Random 30% #28,1028,0.0048546691403834,0.0155981798606801,0.0060848462975278,-0.0107435107202967,-0.0012301771571444,False,False,False,,1,2,257
d=1 s=2,Random 30% #29,1028,0.0132264436461088,0.0173000309808132,0.0174877537655223,-0.0040735873347043,-0.0042613101194134,False,False,False,,1,2,257
d=1 s=2,Random 30% #30,1028,0.0073191060456281,0.0123859540828041,0.0097198814206918,-0.005066848037176,-0.0024007753750637,False,False,False,,1,2,257
d=1 s=2,Random 30% #31,1028,0.0186572318838355,0.0216731116642324,0.0217022077476322,-0.0030158797803969,-0.0030449758637967,False,False,False,,1,2,257
d=1 s=2,Random 30% #32,1028,0.0146773132638857,0.0324071607215627,0.0110094804879397,-0.017729847457677,0.003667832775946,False,True,True,,1,2,257
d=1 s=2,Random 30% #33,1028,0.0107989019115876,0.0209983150718738,0.0202341255274657,-0.0101994131602861,-0.009435223615878,False,False,False,,1,2,257
d=1 s=2,Random 30% #34,1028,0.0036708111308466,0.0109772267397826,0.0222667971044475,-0.0073064156089359,-0.0185959859736008,False,False,False,,1,2,257
d=1 s=2,Random 30% #35,1028,-0.0021279853031231,0.0137049563986885,0.0256317971584408,-0.0158329417018116,-0.0277597824615639,False,False,False,,1,2,257
d=1 s=2,Random 30% #36,1028,-0.0048226599270606,0.0116369808636162,0.0150042866379952,-0.0164596407906768,-0.0198269465650559,False,False,False,,1,2,257
d=1 s=2,Random 30% #37,1028,-0.0037446257685728,0.0226337561075631,0.029213230389948,-0.026378381876136,-0.0329578561585209,False,False,False,,1,2,257
d=1 s=2,Random 30% #38,1028,0.0108722741433021,-0.0065296779744607,0.0226683088302784,0.0174019521177628,-0.0117960346869762,True,True,True,,1,2,257
d=1 s=2,Random 30% #39,1028,0.0380230468256006,0.0121978314099317,0.0021092389664033,0.0258252154156688,0.0359138078591972,False,False,False,,1,2,257
d=1 s=2,Random 30% #40,1028,-0.0156995008383602,0.0142929594026847,0.0213480303778155,-0.0299924602410449,-0.0370475312161758,False,False,False,,1,2,257
d=1 s=2,Random 30% #41,1028,0.0003191021554961,0.0114427910059127,0.0114824636678045,-0.0111236888504166,-0.0111633615123083,False,False,False,,1,2,257
d=1 s=2,Random 30% #42,1028,0.0039796984507742,0.0026403396312167,0.0232408865534667,0.0013393588195574,-0.0192611881026925,False,True,True,,1,2,257
d=1 s=2,Random 30% #43,1028,0.0320665445665445,0.0226310572490839,0.0258020042226506,0.0094354873174606,0.0062645403438939,False,False,False,,1,2,257
d=1 s=2,Random 30% #44,1028,0.014617494198646,0.0157432008761479,0.025925524296541,-0.0011257066775018,-0.011308030097895,False,False,False,,1,2,257
d=1 s=2,Random 30% #45,1028,-0.010677190889205,0.0201229528256406,0.009598275755173,-0.0308001437148456,-0.0202754666443781,False,False,False,,1,2,257
d=1 s=2,Random 30% #46,1028,-0.0211341559464426,0.0089166451764923,0.0100929692410298,-0.0300508011229349,-0.0312271251874724,False,False,False,,1,2,257
d=1 s=2,Random 30% #47,1028,0.0021068472535741,0.0243478045850567,0.0241724772550173,-0.0222409573314826,-0.0220656300014431,False,False,False,,1,2,257
d=1 s=2,Random 30% #48,1028,0.0099373113536103,0.0238258063941325,0.0299266584603379,-0.0138884950405221,-0.0199893471067275,False,False,False,,1,2,257
d=1 s=2,Random 30% #49,1028,-0.0033935788911766,0.0231937687046455,0.0132442280379062,-0.0265873475958222,-0.0166378069290829,False,False,False,,1,2,257
d=1 s=2,Random 30% #50,1028,-0.0149638584774062,0.0173134719527421,0.0122128482398915,-0.0322773304301483,-0.0271767067172978,False,False,False,,1,2,257
d=2 s=0,All Patients,3429,0.0078818040435458,0.0231969734431699,0.029685872334418,-0.015315169399624,-0.0218040682908721,False,False,False,,2,0,1313
d=2 s=0,ICUType 1.0,490,0.0294939989088925,0.0263085243906546,0.0251214953108601,0.0031854745182378,0.0043725035980324,False,False,False,,2,0,1313
d=2 s=0,ICUType 2.0,643,-0.000975689080413,0.0237471609885202,-0.0012550211010841,-0.0247228500689333,0.000279332020671,True,True,True,,2,0,1313
d=2 s=0,ICUType 3.0,1357,-0.0217764843549488,0.0332936384246749,-0.010740403769729,-0.0550701227796237,-0.0110360805852198,True,False,True,,2,0,1313
d=2 s=0,ICUType 4.0,939,0.0202084035501629,0.0305434518008658,0.0315279389045708,-0.0103350482507029,-0.0113195353544079,False,False,False,,2,0,1313
d=2 s=0,Age decile 0,374,0.046026807780653,0.0501440679808125,0.0020653889595176,-0.0041172602001594,0.0439614188211353,False,True,True,,2,0,1313
d=2 s=0,Age decile 1,344,0.0273634472301562,0.0652242466853034,0.0110032044063286,-0.0378607994551472,0.0163602428238276,False,True,True,,2,0,1313
d=2 s=0,Age decile 2,347,0.0042864169770219,0.003009021938321,0.0433796389769551,0.0012773950387009,-0.0390932219999332,False,True,True,,2,0,1313
d=2 s=0,Age decile 3,325,0.0096292729898892,0.0511519960708772,0.0120586414465989,-0.041522723080988,-0.0024293684567096,False,False,False,,2,0,1313
d=2 s=0,Age decile 4,372,-0.0152359717577108,0.0417384313197838,-0.0034999352140739,-0.0569744030774947,-0.0117360365436369,True,False,True,,2,0,1313
d=2 s=0,Age decile 5,344,-0.0250497851378262,0.0223118693132846,-0.0171404485549875,-0.0473616544511109,-0.0079093365828386,True,False,True,,2,0,1313
d=2 s=0,Age decile 6,397,-0.0004719207173194,0.0562819961454771,-0.0557638568011266,-0.0567539168627966,0.0552919360838071,True,True,True,,2,0,1313
d=2 s=0,Age decile 7,247,0.0173747705218987,0.0569380400418607,-0.0065929586384622,-0.0395632695199619,0.023967729160361,True,True,True,,2,0,1313
d=2 s=0,Age decile 8,354,-0.0216450216450216,0.0001356788138493,-0.0132228278002347,-0.021780700458871,-0.0084221938447868,True,False,True,,2,0,1313
d=2 s=0,Age decile 9,325,-0.0771864301276066,0.0683074945738385,0.0408462956346469,-0.1454939247014451,-0.1180327257622535,False,False,False,,2,0,1313
d=2 s=0,HR quartile 0,877,0.0371049136786188,0.0705033090873708,0.0229709242490923,-0.033398395408752,0.0141339894295264,False,True,True,,2,0,1313
d=2 s=0,HR quartile 1,917,-0.0169849537037037,0.0057159570945015,0.0272493867185486,-0.0227009107982052,-0.0442343404222523,False,False,False,,2,0,1313
d=2 s=0,HR quartile 2,816,0.034861311019492,0.0322639903552009,-0.0043767115251253,0.0025973206642911,0.0392380225446174,True,False,True,,2,0,1313
d=2 s=0,HR quartile 3,819,-0.0232600311906863,0.0145849447338119,0.0159257482559823,-0.0378449759244982,-0.0391857794466687,False,False,False,,2,0,1313
d=2 s=0,MAP quartile 0,877,-0.0141240285818599,0.0251933682261611,0.0153591003952746,-0.039317396808021,-0.0294831289771345,False,False,False,,2,0,1313
d=2 s=0,MAP quartile 1,840,0.02392179413456,0.0092772202109093,0.0100398247096957,0.0146445739236507,0.0138819694248643,False,False,False,,2,0,1313
d=2 s=0,MAP quartile 2,866,0.0104058609958506,0.0225227409720118,-0.0169015230060075,-0.0121168799761611,0.0273073840018582,True,True,True,,2,0,1313
d=2 s=0,MAP quartile 3,846,0.0090927756430939,0.0696460380798527,0.0141080818755949,-0.0605532624367588,-0.005015306232501,False,False,False,,2,0,1313
d=2 s=0,Temp quartile 0,902,0.0068727157158747,0.0383146130354942,-0.0072742046842119,-0.0314418973196194,0.0141469204000867,True,True,True,,2,0,1313
d=2 s=0,Temp quartile 1,864,0.0305627470437901,0.0394629061719131,-0.0073350940471041,-0.0089001591281229,0.0378978410908943,True,True,True,,2,0,1313
d=2 s=0,Temp quartile 2,838,-0.0036346905912123,0.0596653611018696,0.0370338593349485,-0.0633000516930819,-0.0406685499261609,False,False,False,,2,0,1313
d=2 s=0,Temp quartile 3,825,-0.0023612750885478,0.033582800426835,0.0280946086074942,-0.0359440755153828,-0.030455883696042,False,False,False,,2,0,1313
d=2 s=0,Urine quartile 0,859,-0.0313289760348584,0.0310667812366406,5.658888559148534e-05,-0.0623957572714991,-0.0313855649204498,False,False,False,,2,0,1313
d=2 s=0,Urine quartile 1,913,-0.0210526315789473,0.0114662878532325,-0.0249620866383725,-0.0325189194321798,0.0039094550594251,True,True,True,,2,0,1313
d=2 s=0,Urine quartile 2,802,0.0149901230333403,0.0274099180246785,-0.0218954953144331,-0.0124197949913382,0.0368856183477734,True,True,True,,2,0,1313
d=2 s=0,Urine quartile 3,855,0.0601118199903958,0.0382160494852549,-0.0162060834057717,0.0218957705051408,0.0763179033961675,True,False,True,,2,0,1313
d=2 s=0,SAPS quartile 0,1025,0.0026756349262149,0.0111961273406249,-0.0168930064535102,-0.00852049241441,0.0195686413797252,True,True,True,,2,0,1313
d=2 s=0,SAPS quartile 1,946,0.0452124666297511,0.0381885993802034,0.0106831546438345,0.0070238672495476,0.0345293119859165,False,False,False,,2,0,1313
d=2 s=0,SAPS quartile 2,660,0.0015384615384615,0.0079181421293732,0.0013453907865921,-0.0063796805909116,0.0001930707518694,False,True,True,,2,0,1313
d=2 s=0,SAPS quartile 3,798,-0.0389986891196934,0.034876781929633,-0.0014026212279024,-0.0738754710493265,-0.037596067891791,True,False,True,,2,0,1313
d=2 s=0,HR > 100,945,-0.0351262896411669,0.0073482344149282,0.0012823754384098,-0.0424745240560952,-0.0364086650795768,False,False,False,,2,0,1313
d=2 s=0,MAP < 65,697,-0.0279136809159047,0.0275009510304064,0.0130512893533733,-0.0554146319463112,-0.0409649702692781,False,False,False,,2,0,1313
d=2 s=0,Temp > 38C,267,-0.0430204913392958,0.0131236513783204,0.0286699312292629,-0.0561441427176162,-0.0716904225685587,False,False,False,,2,0,1313
d=2 s=0,Urine > 1000,210,0.0458952811893988,0.0714645799790688,-0.0299399599731686,-0.02556929878967,0.0758352411625675,True,True,True,,2,0,1313
d=2 s=0,Random 50% #1,1714,0.0148182289884191,0.0162399585904297,-0.0026544261018268,-0.0014217296020105,0.017472655090246,True,True,True,,2,0,1313
d=2 s=0,Random 50% #2,1714,0.0038708396744524,0.0315803830223897,0.0167549042789482,-0.0277095433479373,-0.0128840646044958,False,False,False,,2,0,1313
d=2 s=0,Random 50% #3,1714,0.0221853388658367,0.0324181533327395,0.0219174402474129,-0.0102328144669027,0.0002678986184238,False,True,True,,2,0,1313
d=2 s=0,Random 50% #4,1714,0.0209444740819774,0.0082910686014931,0.0260753205636519,0.0126534054804842,-0.0051308464816745,False,True,True,,2,0,1313
d=2 s=0,Random 50% #5,1714,0.025145147627017,0.023956234102174,0.0119227616340752,0.001188913524843,0.0132223859929418,False,False,False,,2,0,1313
d=2 s=0,Random 50% #6,1714,-0.0032358828377694,0.0275605636057171,0.0133582157661848,-0.0307964464434866,-0.0165940986039543,False,False,False,,2,0,1313
d=2 s=0,Random 50% #7,1714,0.0203886964648963,0.0259540704701201,0.0128156534391947,-0.0055653740052237,0.0075730430257016,False,True,True,,2,0,1313
d=2 s=0,Random 50% #8,1714,-0.0080211409064465,0.0304120457236204,0.0164366313284205,-0.038433186630067,-0.024457772234867,False,False,False,,2,0,1313
d=2 s=0,Random 50% #9,1714,-0.0018808498325041,0.0574447998808263,0.032073871050376,-0.0593256497133305,-0.0339547208828802,False,False,False,,2,0,1313
d=2 s=0,Random 50% #10,1714,0.0032849222618878,0.0333018413837413,0.0017612386959346,-0.0300169191218535,0.0015236835659531,False,True,True,,2,0,1313
d=2 s=0,Random 50% #11,1714,0.0064028840624585,0.0399904841533189,0.0113209990213083,-0.0335876000908603,-0.0049181149588498,False,False,False,,2,0,1313
d=2 s=0,Random 50% #12,1714,-0.0033234372422892,0.0222851023758767,-0.0007559185119188,-0.0256085396181659,-0.0025675187303703,True,False,True,,2,0,1313
d=2 s=0,Random 50% #13,1714,0.0032517955657333,0.0080317759017454,0.0283760481993777,-0.0047799803360121,-0.0251242526336444,False,False,False,,2,0,1313
d=2 s=0,Random 50% #14,1714,0.0062157191184681,0.0451390793455883,0.0033334894706038,-0.0389233602271202,0.0028822296478643,False,True,True,,2,0,1313
d=2 s=0,Random 50% #15,1714,0.0026854501430772,0.0185024121382037,0.0275641191126017,-0.0158169619951265,-0.0248786689695244,False,False,False,,2,0,1313
d=2 s=0,Random 50% #16,1714,0.0188052608311229,0.0431371933463156,0.0386171364042101,-0.0243319325151927,-0.0198118755730872,False,False,False,,2,0,1313
d=2 s=0,Random 50% #17,1714,0.0073507410721795,0.010363803990037,0.0272606947675309,-0.0030130629178574,-0.0199099536953513,False,False,False,,2,0,1313
d=2 s=0,Random 50% #18,1714,0.0251803786741562,0.0406443486066863,0.0304014328265321,-0.0154639699325301,-0.0052210541523758,False,False,False,,2,0,1313
d=2 s=0,Random 50% #19,1714,0.0087463233253787,0.0091252687048157,-0.0082958588440413,-0.0003789453794369,0.0170421821694201,True,True,True,,2,0,1313
d=2 s=0,Random 50% #20,1714,0.0239488541873964,0.0501497004157549,0.046922324492412,-0.0262008462283585,-0.0229734703050155,False,False,False,,2,0,1313
d=2 s=0,Random 50% #21,1714,0.0016605879752431,0.0122190733706386,0.0199141239991005,-0.0105584853953954,-0.0182535360238573,False,False,False,,2,0,1313
d=2 s=0,Random 50% #22,1714,0.0178287222426975,0.0049542922223888,0.0452014368703315,0.0128744300203086,-0.0273727146276339,False,True,True,,2,0,1313
d=2 s=0,Random 50% #23,1714,-0.0051929851771431,0.034674483087581,0.0179863592443444,-0.0398674682647241,-0.0231793444214876,False,False,False,,2,0,1313
d=2 s=0,Random 50% #24,1714,0.0201698382197979,0.0121438754496064,0.0232087906894231,0.0080259627701915,-0.0030389524696251,False,True,True,,2,0,1313
d=2 s=0,Random 50% #25,1714,0.0024135223603308,0.0101674006960957,0.0119495685372871,-0.0077538783357649,-0.0095360461769563,False,False,False,,2,0,1313
d=2 s=0,Random 50% #26,1714,-0.0063986093578627,0.0427024369567451,0.0229909355841682,-0.0491010463146078,-0.0293895449420309,False,False,False,,2,0,1313
d=2 s=0,Random 50% #27,1714,-0.0048317683881064,0.0326319525487583,-0.0111755053384977,-0.0374637209368647,0.0063437369503913,True,True,True,,2,0,1313
d=2 s=0,Random 50% #28,1714,0.0098094573797898,0.0209844181236385,0.0299153792644551,-0.0111749607438486,-0.0201059218846652,False,False,False,,2,0,1313
d=2 s=0,Random 50% #29,1714,0.0125552608311229,0.0010803585105223,-0.0178860628907988,0.0114749023206005,0.0304413237219217,True,False,True,,2,0,1313
d=2 s=0,Random 50% #30,1714,0.0022139615866539,0.0160688724528515,0.0318465547583856,-0.0138549108661976,-0.0296325931717317,False,False,False,,2,0,1313
d=2 s=0,Random 50% #31,1714,0.0081502190717898,0.0340296384786899,-0.0084877887835571,-0.0258794194069,0.0166380078553469,True,True,True,,2,0,1313
d=2 s=0,Random 50% #32,1714,-0.0092920029904661,0.0335459293803868,0.0380468609793977,-0.042837932370853,-0.0473388639698639,False,False,False,,2,0,1313
d=2 s=0,Random 50% #33,1714,-0.002514181228832,0.0199868073782201,0.0079984071464414,-0.0225009886070521,-0.0105125883752735,False,False,False,,2,0,1313
d=2 s=0,Random 50% #34,1714,0.0070180513371488,0.0407956261074966,0.0159753912843549,-0.0337775747703477,-0.0089573399472061,False,False,False,,2,0,1313
d=2 s=0,Random 50% #35,1714,0.0093248828878478,0.0615184306447948,0.0043481408981882,-0.0521935477569469,0.0049767419896596,False,True,True,,2,0,1313
d=2 s=0,Random 50% #36,1714,0.016912667846362,0.0446477826988905,0.0191098316390978,-0.0277351148525285,-0.0021971637927358,False,False,False,,2,0,1313
d=2 s=0,Random 50% #37,1714,0.0036653828805384,0.0279177620338779,0.0124371521496107,-0.0242523791533394,-0.0087717692690722,False,False,False,,2,0,1313
d=2 s=0,Random 50% #38,1714,0.0021576191788371,0.0322072685514134,0.0012369873149192,-0.0300496493725763,0.0009206318639178,False,True,True,,2,0,1313
d=2 s=0,Random 50% #39,1714,0.0170086158804934,0.0206082685451405,0.017141102302532,-0.003599652664647,-0.0001324864220386,False,False,False,,2,0,1313
d=2 s=0,Random 50% #40,1714,0.018520937100027,0.0367263824273789,0.0491776706322842,-0.0182054453273518,-0.0306567335322572,False,False,False,,2,0,1313
d=2 s=0,Random 50% #41,1714,0.0027199322354597,0.036350075422011,-0.0170791796061314,-0.0336301431865512,0.0197991118415912,True,True,True,,2,0,1313
d=2 s=0,Random 50% #42,1714,0.0178900300253214,0.0464429787502688,0.0007192060716898,-0.0285529487249474,0.0171708239536316,False,True,True,,2,0,1313
d=2 s=0,Random 50% #43,1714,0.0169958506224066,0.0339243819940421,0.0265504319659257,-0.0169285313716355,-0.009554581343519,False,False,False,,2,0,1313
d=2 s=0,Random 50% #44,1714,-0.0080414937759336,0.0297272849853547,0.0252045279514541,-0.0377687787612883,-0.0332460217273877,False,False,False,,2,0,1313
d=2 s=0,Random 50% #45,1714,-0.0006684003732017,0.0302516741452396,0.023092153347808,-0.0309200745184413,-0.0237605537210097,False,False,False,,2,0,1313
d=2 s=0,Random 50% #46,1714,-0.0127567411871579,0.0281934994954212,0.0035526867154879,-0.0409502406825792,-0.0163094279026459,False,False,False,,2,0,1313
d=2 s=0,Random 50% #47,1714,-0.0023071888899981,0.0278663808331207,0.0438911955282809,-0.0301735697231188,-0.046198384418279,False,False,False,,2,0,1313
d=2 s=0,Random 50% #48,1714,0.0007707867678387,0.0347875500507231,0.0238285079255819,-0.0340167632828843,-0.0230577211577432,False,False,False,,2,0,1313
d=2 s=0,Random 50% #49,1714,-0.0052585890287469,0.0041353184814754,0.0195754522253306,-0.0093939075102224,-0.0248340412540775,False,False,False,,2,0,1313
d=2 s=0,Random 50% #50,1714,-0.009935439192208,0.0280031275622076,0.0089690419203647,-0.0379385667544156,-0.0189044811125727,False,False,False,,2,0,1313
d=2 s=0,Random 30% #1,1028,0.0177032019704433,0.0345359656250584,0.0443420447411205,-0.0168327636546151,-0.0266388427706771,False,False,False,,2,0,1313
d=2 s=0,Random 30% #2,1028,-0.0188812287552644,0.012304061767642,0.0044243148592637,-0.0311852905229065,-0.0233055436145282,False,False,False,,2,0,1313
d=2 s=0,Random 30% #3,1028,-0.0136963318843895,0.0020999962869716,0.014687277624581,-0.0157963281713611,-0.0283836095089705,False,False,False,,2,0,1313
d=2 s=0,Random 30% #4,1028,0.012612065619632,0.0548778344687968,-0.0117398623220525,-0.0422657688491647,0.0243519279416846,True,True,True,,2,0,1313
d=2 s=0,Random 30% #5,1028,0.012955140579904,0.0216783459543293,0.0230243336842515,-0.0087232053744253,-0.0100691931043475,False,False,False,,2,0,1313
d=2 s=0,Random 30% #6,1028,0.011061887501678,0.0412481040111978,0.0083451331137731,-0.0301862165095197,0.0027167543879049,False,True,True,,2,0,1313
d=2 s=0,Random 30% #7,1028,-0.0019795447047178,0.0370270567613511,-0.0056535549074523,-0.039006601466069,0.0036740102027344,True,True,True,,2,0,1313
d=2 s=0,Random 30% #8,1028,-0.0013757582957458,0.0369752959320784,0.0059924038814313,-0.0383510542278243,-0.0073681621771772,False,False,False,,2,0,1313
d=2 s=0,Random 30% #9,1028,0.0167924069116573,0.0216167192251298,0.0042529271353468,-0.0048243123134725,0.0125394797763104,False,True,True,,2,0,1313
d=2 s=0,Random 30% #10,1028,0.0218614718614718,0.0240669176607037,-0.0151543444399785,-0.0022054457992319,0.0370158163014504,True,True,True,,2,0,1313
d=2 s=0,Random 30% #11,1028,0.0036992125742528,0.0320877222300743,0.0083453286051785,-0.0283885096558215,-0.0046461160309257,False,False,False,,2,0,1313
d=2 s=0,Random 30% #12,1028,-0.0176439165409753,-0.0040741219780323,-0.016623864352272,-0.013569794562943,-0.0010200521887032,False,False,False,,2,0,1313
d=2 s=0,Random 30% #13,1028,0.0061871080085679,0.0558348799300889,0.0041502366731197,-0.049647771921521,0.0020368713354481,False,True,True,,2,0,1313
d=2 s=0,Random 30% #14,1028,-0.0024039572835282,0.0251258857469906,0.0125537162454255,-0.0275298430305189,-0.0149576735289538,False,False,False,,2,0,1313
d=2 s=0,Random 30% #15,1028,-0.0014797507788162,0.0634036090936077,0.0147366351342467,-0.064883359872424,-0.0162163859130629,False,False,False,,2,0,1313
d=2 s=0,Random 30% #16,1028,0.006823838043474,0.0524492427724497,-0.0168414144180227,-0.0456254047289756,0.0236652524614967,True,True,True,,2,0,1313
d=2 s=0,Random 30% #17,1028,0.0030261642698374,0.050724612063741,-0.0033715325805513,-0.0476984477939036,0.0063976968503887,True,True,True,,2,0,1313
d=2 s=0,Random 30% #18,1028,0.008237689744539,0.0653540069825204,0.0146671684312714,-0.0571163172379814,-0.0064294786867324,False,False,False,,2,0,1313
d=2 s=0,Random 30% #19,1028,0.0066883064376393,0.0296110793678843,0.0126272618460581,-0.022922772930245,-0.0059389554084188,False,False,False,,2,0,1313
d=2 s=0,Random 30% #20,1028,-0.0099963316214233,0.043387799784013,0.0276324165693496,-0.0533841314054364,-0.037628748190773,False,False,False,,2,0,1313
d=2 s=0,Random 30% #21,1028,0.002277451699682,0.0330915847350705,-0.0240956388436846,-0.0308141330353885,0.0263730905433666,True,True,True,,2,0,1313
d=2 s=0,Random 30% #22,1028,0.0271739130434782,0.0310393291487564,0.02077000584172,-0.0038654161052781,0.0064039072017582,False,True,True,,2,0,1313
d=2 s=0,Random 30% #23,1028,0.0053719593676173,-0.0003358663744165,0.0046848085480002,0.0057078257420339,0.0006871508196171,True,False,True,,2,0,1313
d=2 s=0,Random 30% #24,1028,0.0374355138753044,0.0515297782778309,0.0150649085437496,-0.0140942644025265,0.0223706053315547,False,True,True,,2,0,1313
d=2 s=0,Random 30% #25,1028,0.0207335170659317,0.0345753976639427,-0.0177153713769494,-0.0138418805980109,0.0384488884428811,True,True,True,,2,0,1313
d=2 s=0,Random 30% #26,1028,0.000322640117994,0.0195470738096147,-0.0040188954628689,-0.0192244336916206,0.004341535580863,True,True,True,,2,0,1313
d=2 s=0,Random 30% #27,1028,-0.0133699862551543,0.0454104013453982,-0.0120629123919344,-0.0587803876005525,-0.0013070738632198,True,False,True,,2,0,1313
d=2 s=0,Random 30% #28,1028,0.0048546691403834,0.037394958357781,-0.0138248098117447,-0.0325402892173976,0.0186794789521281,True,True,True,,2,0,1313
d=2 s=0,Random 30% #29,1028,0.0132264436461088,0.0435025306385156,1.9669948166711748e-05,-0.0302760869924067,0.0132067736979421,False,True,True,,2,0,1313
d=2 s=0,Random 30% #30,1028,0.0073191060456281,0.0461746234452994,-0.0117163638104055,-0.0388555173996713,0.0190354698560336,True,True,True,,2,0,1313
d=2 s=0,Random 30% #31,1028,0.0186572318838355,0.0313410146865915,0.0470662902541034,-0.012683782802756,-0.0284090583702679,False,False,False,,2,0,1313
d=2 s=0,Random 30% #32,1028,0.0146773132638857,0.0478028916696357,0.0145324052283052,-0.0331255784057499,0.0001449080355805,False,True,True,,2,0,1313
d=2 s=0,Random 30% #33,1028,0.0107989019115876,0.0447754483485593,0.0256663878619331,-0.0339765464369717,-0.0148674859503454,False,False,False,,2,0,1313
d=2 s=0,Random 30% #34,1028,0.0036708111308466,0.0296422212230769,0.0029698835063293,-0.0259714100922302,0.0007009276245173,False,True,True,,2,0,1313
d=2 s=0,Random 30% #35,1028,-0.0021279853031231,0.0310275971539013,-0.0113031461408317,-0.0331555824570245,0.0091751608377086,True,True,True,,2,0,1313
d=2 s=0,Random 30% #36,1028,-0.0048226599270606,0.0490031571363855,0.0125692065864983,-0.0538258170634462,-0.017391866513559,False,False,False,,2,0,1313
d=2 s=0,Random 30% #37,1028,-0.0037446257685728,0.0413476105782977,0.0169622861049756,-0.0450922363468705,-0.0207069118735485,False,False,False,,2,0,1313
d=2 s=0,Random 30% #38,1028,0.0108722741433021,0.0006482273790491,0.0036328589898572,0.010224046764253,0.0072394151534448,False,False,False,,2,0,1313
d=2 s=0,Random 30% #39,1028,0.0380230468256006,0.0482588915168681,0.0015121956583835,-0.0102358446912675,0.036510851167217,False,True,True,,2,0,1313
d=2 s=0,Random 30% #40,1028,-0.0156995008383602,0.0240525310623037,0.0285235949303561,-0.039752031900664,-0.0442230957687164,False,False,False,,2,0,1313
d=2 s=0,Random 30% #41,1028,0.0003191021554961,0.0154811186871702,-0.0119692785445825,-0.0151620165316741,0.0122883807000786,True,True,True,,2,0,1313
d=2 s=0,Random 30% #42,1028,0.0039796984507742,0.0200123686906176,0.0317828515412293,-0.0160326702398434,-0.0278031530904551,False,False,False,,2,0,1313
d=2 s=0,Random 30% #43,1028,0.0320665445665445,0.0384080253297468,0.008817706552895,-0.0063414807632022,0.0232488380136495,False,True,True,,2,0,1313
d=2 s=0,Random 30% #44,1028,0.014617494198646,0.031485331506204,0.0223047648119026,-0.016867837307558,-0.0076872706132565,False,False,False,,2,0,1313
d=2 s=0,Random 30% #45,1028,-0.010677190889205,0.0155068059847968,-0.0231402430266052,-0.0261839968740018,0.0124630521374002,True,True,True,,2,0,1313
d=2 s=0,Random 30% #46,1028,-0.0211341559464426,0.043452537220266,0.0066324536425667,-0.0645866931667087,-0.0277666095890094,False,False,False,,2,0,1313
d=2 s=0,Random 30% #47,1028,0.0021068472535741,0.0743919620941281,-0.0053577998198915,-0.072285114840554,0.0074646470734656,True,True,True,,2,0,1313
d=2 s=0,Random 30% #48,1028,0.0099373113536103,0.0509629266068635,0.0358134096000201,-0.0410256152532531,-0.0258760982464097,False,False,False,,2,0,1313
d=2 s=0,Random 30% #49,1028,-0.0033935788911766,0.0407730174033422,0.0030144405462548,-0.0441665962945189,-0.0064080194374315,False,False,False,,2,0,1313
d=2 s=0,Random 30% #50,1028,-0.0149638584774062,0.0225073198368909,0.0561210636612982,-0.0374711783142972,-0.0710849221387045,False,False,False,,2,0,1313
d=2 s=1,All Patients,3429,0.0078818040435458,0.0278411289096972,0.0252520832543879,-0.0199593248661513,-0.017370279210842,False,False,False,,2,1,1313
d=2 s=1,ICUType 1.0,490,0.0294939989088925,0.0225546044059079,-0.0018223095142613,0.0069393945029845,0.0313163084231539,True,False,True,,2,1,1313
d=2 s=1,ICUType 2.0,643,-0.000975689080413,0.024969794909587,-0.0001118540817154,-0.0259454839900001,-0.0008638349986976,True,False,True,,2,1,1313
d=2 s=1,ICUType 3.0,1357,-0.0217764843549488,0.0172693216786591,0.0240426222865184,-0.0390458060336079,-0.0458191066414673,False,False,False,,2,1,1313
d=2 s=1,ICUType 4.0,939,0.0202084035501629,0.052243397700505,0.0081844882073368,-0.0320349941503421,0.012023915342826,False,True,True,,2,1,1313
d=2 s=1,Age decile 0,374,0.046026807780653,0.0527234153689655,-0.0127811279418693,-0.0066966075883124,0.0588079357225224,True,True,True,,2,1,1313
d=2 s=1,Age decile 1,344,0.0273634472301562,0.0529473634395537,0.0023293415550116,-0.0255839162093974,0.0250341056751445,False,True,True,,2,1,1313
d=2 s=1,Age decile 2,347,0.0042864169770219,0.0247138124135174,0.0333490990182725,-0.0204273954364954,-0.0290626820412505,False,False,False,,2,1,1313
d=2 s=1,Age decile 3,325,0.0096292729898892,0.060186254419855,0.0812988083594866,-0.0505569814299657,-0.0716695353695973,False,False,False,,2,1,1313
d=2 s=1,Age decile 4,372,-0.0152359717577108,0.0386571539220423,-0.0180110741321313,-0.0538931256797532,0.0027751023744204,True,True,True,,2,1,1313
d=2 s=1,Age decile 5,344,-0.0250497851378262,0.0382808593098622,0.0395994110504107,-0.0633306444476884,-0.0646491961882369,False,False,False,,2,1,1313
d=2 s=1,Age decile 6,397,-0.0004719207173194,0.0514026740832375,-0.0694096759386846,-0.051874594800557,0.0689377552213651,True,True,True,,2,1,1313
d=2 s=1,Age decile 7,247,0.0173747705218987,0.0495786309132275,-0.0147873254867045,-0.0322038603913287,0.0321620960086033,True,True,True,,2,1,1313
d=2 s=1,Age decile 8,354,-0.0216450216450216,0.0505324189152962,0.0120409122925674,-0.0721774405603179,-0.0336859339375891,False,False,False,,2,1,1313
d=2 s=1,Age decile 9,325,-0.0771864301276066,0.0708710477695687,0.0299420497525877,-0.1480574778971753,-0.1071284798801944,False,False,False,,2,1,1313
d=2 s=1,HR quartile 0,877,0.0371049136786188,0.070163988490301,0.0308080756199328,-0.0330590748116822,0.006296838058686,False,True,True,,2,1,1313
d=2 s=1,HR quartile 1,917,-0.0169849537037037,-0.0069787668438892,-0.0100529464786653,-0.0100061868598144,-0.0069320072250383,False,False,False,,2,1,1313
d=2 s=1,HR quartile 2,816,0.034861311019492,0.0396589792990433,0.0040941967273007,-0.0047976682795513,0.0307671142921913,False,True,True,,2,1,1313
d=2 s=1,HR quartile 3,819,-0.0232600311906863,0.0474529906064886,0.0056587538177113,-0.070713021797175,-0.0289187850083976,False,False,False,,2,1,1313
d=2 s=1,MAP quartile 0,877,-0.0141240285818599,0.046671248875517,0.0089163402291246,-0.0607952774573769,-0.0230403688109845,False,False,False,,2,1,1313
d=2 s=1,MAP quartile 1,840,0.02392179413456,-0.0066035509091791,0.012244663713183,0.0305253450437392,0.011677130421377,True,False,True,,2,1,1313
d=2 s=1,MAP quartile 2,866,0.0104058609958506,0.0343579504437135,-0.015139393302403,-0.0239520894478628,0.0255452542982537,True,True,True,,2,1,1313
d=2 s=1,MAP quartile 3,846,0.0090927756430939,0.0693874368493225,0.0253442344782801,-0.0602946612062286,-0.0162514588351862,False,False,False,,2,1,1313
d=2 s=1,Temp quartile 0,902,0.0068727157158747,0.0355075076574488,0.0377156850259693,-0.028634791941574,-0.0308429693100945,False,False,False,,2,1,1313
d=2 s=1,Temp quartile 1,864,0.0305627470437901,0.0429967910035604,-0.0227815492756,-0.0124340439597702,0.0533442963193902,True,True,True,,2,1,1313
d=2 s=1,Temp quartile 2,838,-0.0036346905912123,0.0533661971050973,0.0407947085691542,-0.0570008876963097,-0.0444293991603666,False,False,False,,2,1,1313
d=2 s=1,Temp quartile 3,825,-0.0023612750885478,0.0254294767912163,0.013240776973325,-0.0277907518797641,-0.0156020520618728,False,False,False,,2,1,1313
d=2 s=1,Urine quartile 0,859,-0.0313289760348584,0.0374008449185153,0.0149729288233241,-0.0687298209533738,-0.0463019048581825,False,False,False,,2,1,1313
d=2 s=1,Urine quartile 1,913,-0.0210526315789473,0.0365695896590251,-0.0282746696180279,-0.0576222212379724,0.0072220380390805,True,True,True,,2,1,1313
d=2 s=1,Urine quartile 2,802,0.0149901230333403,0.0399479530469395,-0.0058865853509688,-0.0249578300135991,0.0208767083843091,True,True,True,,2,1,1313
d=2 s=1,Urine quartile 3,855,0.0601118199903958,0.0599756610950512,0.0007713257242983,0.0001361588953446,0.0593404942660974,False,False,False,,2,1,1313
d=2 s=1,SAPS quartile 0,1025,0.0026756349262149,0.0292207488708091,-0.0153991225852491,-0.0265451139445941,0.018074757511464,True,True,True,,2,1,1313
d=2 s=1,SAPS quartile 1,946,0.0452124666297511,0.0260707897298038,0.014062587060825,0.0191416768999472,0.031149879568926,False,False,False,,2,1,1313
d=2 s=1,SAPS quartile 2,660,0.0015384615384615,0.0450412971461895,0.0137549774484116,-0.0435028356077279,-0.01221651590995,False,False,False,,2,1,1313
d=2 s=1,SAPS quartile 3,798,-0.0389986891196934,0.0474032137804708,0.0368627807009419,-0.0864019029001643,-0.0758614698206354,False,False,False,,2,1,1313
d=2 s=1,HR > 100,945,-0.0351262896411669,-0.0088796791148977,0.0258213089902131,-0.0262466105262692,-0.0609475986313801,True,False,True,,2,1,1313
d=2 s=1,MAP < 65,697,-0.0279136809159047,0.0342809071845208,0.007734344374503,-0.0621945881004256,-0.0356480252904078,False,False,False,,2,1,1313
d=2 s=1,Temp > 38C,267,-0.0430204913392958,0.0453963020156055,-0.0020003867077938,-0.0884167933549013,-0.0410201046315019,True,False,True,,2,1,1313
d=2 s=1,Urine > 1000,210,0.0458952811893988,0.0770380550176729,-0.0339869803565262,-0.0311427738282741,0.079882261545925,True,True,True,,2,1,1313
d=2 s=1,Random 50% #1,1714,0.0148182289884191,0.0194895207591245,0.0098124491846895,-0.0046712917707053,0.0050057798037296,False,True,True,,2,1,1313
d=2 s=1,Random 50% #2,1714,0.0038708396744524,0.0412639983171875,0.0116240091502119,-0.037393158642735,-0.0077531694757594,False,False,False,,2,1,1313
d=2 s=1,Random 50% #3,1714,0.0221853388658367,0.0167368673848943,0.0302851494001376,0.0054484714809424,-0.0080998105343008,False,True,True,,2,1,1313
d=2 s=1,Random 50% #4,1714,0.0209444740819774,0.0152962263194326,0.0221788678683933,0.0056482477625447,-0.0012343937864159,False,True,True,,2,1,1313
d=2 s=1,Random 50% #5,1714,0.025145147627017,0.0082316839776831,0.0079630319908916,0.0169134636493339,0.0171821156361254,False,False,False,,2,1,1313
d=2 s=1,Random 50% #6,1714,-0.0032358828377694,0.0247195506934099,0.0493637160910861,-0.0279554335311794,-0.0525995989288556,False,False,False,,2,1,1313
d=2 s=1,Random 50% #7,1714,0.0203886964648963,0.0450096039672485,0.0066711419979901,-0.0246209075023521,0.0137175544669062,False,True,True,,2,1,1313
d=2 s=1,Random 50% #8,1714,-0.0080211409064465,0.0217395278329989,0.0032325256888101,-0.0297606687394455,-0.0112536665952567,False,False,False,,2,1,1313
d=2 s=1,Random 50% #9,1714,-0.0018808498325041,0.0421434551706593,0.0190605650464135,-0.0440243050031635,-0.0209414148789177,False,False,False,,2,1,1313
d=2 s=1,Random 50% #10,1714,0.0032849222618878,0.0327146546196738,0.0060365599163607,-0.0294297323577859,-0.0027516376544728,False,False,False,,2,1,1313
d=2 s=1,Random 50% #11,1714,0.0064028840624585,0.0243690967163172,0.016743925072958,-0.0179662126538587,-0.0103410410104994,False,False,False,,2,1,1313
d=2 s=1,Random 50% #12,1714,-0.0033234372422892,0.0335462514739997,-7.494614376679642e-05,-0.0368696887162889,-0.0032484910985224,True,False,True,,2,1,1313
d=2 s=1,Random 50% #13,1714,0.0032517955657333,0.014535745338927,0.0288180032382715,-0.0112839497731937,-0.0255662076725382,False,False,False,,2,1,1313
d=2 s=1,Random 50% #14,1714,0.0062157191184681,0.0295852225577123,0.0079985048760411,-0.0233695034392441,-0.001782785757573,False,False,False,,2,1,1313
d=2 s=1,Random 50% #15,1714,0.0026854501430772,0.0312905592076965,0.0518588921281067,-0.0286051090646193,-0.0491734419850295,False,False,False,,2,1,1313
d=2 s=1,Random 50% #16,1714,0.0188052608311229,0.0464628912278612,0.0228419989105581,-0.0276576303967383,-0.0040367380794352,False,False,False,,2,1,1313
d=2 s=1,Random 50% #17,1714,0.0073507410721795,0.0171676349025801,0.0167818069712335,-0.0098168938304005,-0.0094310658990539,False,False,False,,2,1,1313
d=2 s=1,Random 50% #18,1714,0.0251803786741562,0.0632178930212245,0.0333513112585505,-0.0380375143470683,-0.0081709325843943,False,False,False,,2,1,1313
d=2 s=1,Random 50% #19,1714,0.0087463233253787,0.0282221892971373,0.0085245203737084,-0.0194758659717585,0.0002218029516703,False,True,True,,2,1,1313
d=2 s=1,Random 50% #20,1714,0.0239488541873964,0.0351154010730029,0.0582633884997911,-0.0111665468856065,-0.0343145343123947,False,False,False,,2,1,1313
d=2 s=1,Random 50% #21,1714,0.0016605879752431,0.0145141754941297,-0.00107586303168,-0.0128535875188865,0.0027364510069232,True,True,True,,2,1,1313
d=2 s=1,Random 50% #22,1714,0.0178287222426975,0.0199679504007375,0.055672758256852,-0.00213922815804,-0.0378440360141544,False,False,False,,2,1,1313
d=2 s=1,Random 50% #23,1714,-0.0051929851771431,0.0397181019695696,0.0132738208278848,-0.0449110871467127,-0.018466806005028,False,False,False,,2,1,1313
d=2 s=1,Random 50% #24,1714,0.0201698382197979,0.0215428946845343,0.0164191554588065,-0.0013730564647364,0.0037506827609914,False,True,True,,2,1,1313
d=2 s=1,Random 50% #25,1714,0.0024135223603308,0.0354175284698563,0.0158103756057599,-0.0330040061095255,-0.013396853245429,False,False,False,,2,1,1313
d=2 s=1,Random 50% #26,1714,-0.0063986093578627,0.0484268626790262,-0.0019965692129515,-0.0548254720368889,-0.0044020401449111,True,False,True,,2,1,1313
d=2 s=1,Random 50% #27,1714,-0.0048317683881064,0.017718411173599,0.0228874593617136,-0.0225501795617054,-0.02771922774982,False,False,False,,2,1,1313
d=2 s=1,Random 50% #28,1714,0.0098094573797898,0.0352863506657206,0.0339394985085091,-0.0254768932859307,-0.0241300411287192,False,False,False,,2,1,1313
d=2 s=1,Random 50% #29,1714,0.0125552608311229,0.0123293170002329,0.0223666190869127,0.0002259438308899,-0.0098113582557898,False,True,True,,2,1,1313
d=2 s=1,Random 50% #30,1714,0.0022139615866539,0.007235279328603,0.0216747652268746,-0.0050213177419491,-0.0194608036402207,False,False,False,,2,1,1313
d=2 s=1,Random 50% #31,1714,0.0081502190717898,0.0394894079355734,0.0015622043547493,-0.0313391888637835,0.0065880147170405,False,True,True,,2,1,1313
d=2 s=1,Random 50% #32,1714,-0.0092920029904661,0.022610721984513,0.0451711935780902,-0.0319027249749792,-0.0544631965685564,False,False,False,,2,1,1313
d=2 s=1,Random 50% #33,1714,-0.002514181228832,0.0130861799631159,0.0035847360444342,-0.0156003611919479,-0.0060989172732662,False,False,False,,2,1,1313
d=2 s=1,Random 50% #34,1714,0.0070180513371488,0.0087864984824517,0.0084558304835937,-0.0017684471453029,-0.0014377791464449,False,False,False,,2,1,1313
d=2 s=1,Random 50% #35,1714,0.0093248828878478,0.0590252042679531,0.0186838715496455,-0.0497003213801052,-0.0093589886617977,False,False,False,,2,1,1313
d=2 s=1,Random 50% #36,1714,0.016912667846362,0.0188655708304991,0.0126700335704603,-0.0019529029841371,0.0042426342759016,False,True,True,,2,1,1313
d=2 s=1,Random 50% #37,1714,0.0036653828805384,0.0153043196486559,0.0110896509196939,-0.0116389367681174,-0.0074242680391554,False,False,False,,2,1,1313
d=2 s=1,Random 50% #38,1714,0.0021576191788371,0.0447938470663515,0.0110413384948442,-0.0426362278875144,-0.008883719316007,False,False,False,,2,1,1313
d=2 s=1,Random 50% #39,1714,0.0170086158804934,0.0280235333162161,0.0398029794122328,-0.0110149174357227,-0.0227943635317394,False,False,False,,2,1,1313
d=2 s=1,Random 50% #40,1714,0.018520937100027,0.032935990519768,0.0317611370552031,-0.0144150534197409,-0.013240199955176,False,False,False,,2,1,1313
d=2 s=1,Random 50% #41,1714,0.0027199322354597,0.029477373961593,0.0132098700847913,-0.0267574417261332,-0.0104899378493315,False,False,False,,2,1,1313
d=2 s=1,Random 50% #42,1714,0.0178900300253214,0.0642490086145972,0.002125400354596,-0.0463589785892757,0.0157646296707254,False,True,True,,2,1,1313
d=2 s=1,Random 50% #43,1714,0.0169958506224066,0.0281272197446301,0.0212321876889471,-0.0111313691222234,-0.0042363370665405,False,False,False,,2,1,1313
d=2 s=1,Random 50% #44,1714,-0.0080414937759336,0.0290922501877642,0.0323495603346987,-0.0371337439636978,-0.0403910541106323,False,False,False,,2,1,1313
d=2 s=1,Random 50% #45,1714,-0.0006684003732017,0.0353003462681009,0.0278682699853106,-0.0359687466413026,-0.0285366703585123,False,False,False,,2,1,1313
d=2 s=1,Random 50% #46,1714,-0.0127567411871579,0.029082881891838,0.0303172259528162,-0.041839623078996,-0.0430739671399742,False,False,False,,2,1,1313
d=2 s=1,Random 50% #47,1714,-0.0023071888899981,0.0379038468692596,0.055869630813079,-0.0402110357592577,-0.0581768197030771,False,False,False,,2,1,1313
d=2 s=1,Random 50% #48,1714,0.0007707867678387,0.0387911684869337,0.0169452958127243,-0.0380203817190949,-0.0161745090448855,False,False,False,,2,1,1313
d=2 s=1,Random 50% #49,1714,-0.0052585890287469,0.0340130883654777,0.0099613805547473,-0.0392716773942246,-0.0152199695834942,False,False,False,,2,1,1313
d=2 s=1,Random 50% #50,1714,-0.009935439192208,0.0240875470843406,-0.0095197253211215,-0.0340229862765486,-0.0004157138710864,True,False,True,,2,1,1313
d=2 s=1,Random 30% #1,1028,0.0177032019704433,0.0438808815892624,0.021409470627752,-0.0261776796188191,-0.0037062686573086,False,False,False,,2,1,1313
d=2 s=1,Random 30% #2,1028,-0.0188812287552644,0.0261597725775392,0.0367068256493373,-0.0450410013328037,-0.0555880544046017,False,False,False,,2,1,1313
d=2 s=1,Random 30% #3,1028,-0.0136963318843895,0.0048707087102572,0.01109220353226,-0.0185670405946467,-0.0247885354166495,False,False,False,,2,1,1313
d=2 s=1,Random 30% #4,1028,0.012612065619632,0.0151106100494944,0.0117866014612166,-0.0024985444298624,0.0008254641584154,False,True,True,,2,1,1313
d=2 s=1,Random 30% #5,1028,0.012955140579904,0.0348731213363851,0.0374004327219761,-0.0219179807564811,-0.0244452921420721,False,False,False,,2,1,1313
d=2 s=1,Random 30% #6,1028,0.011061887501678,0.0391099024079145,0.046190632711042,-0.0280480149062365,-0.035128745209364,False,False,False,,2,1,1313
d=2 s=1,Random 30% #7,1028,-0.0019795447047178,0.0281496687830349,0.0336302987525652,-0.0301292134877528,-0.0356098434572831,False,False,False,,2,1,1313
d=2 s=1,Random 30% #8,1028,-0.0013757582957458,0.0395539013236835,0.0114563293878377,-0.0409296596194293,-0.0128320876835836,False,False,False,,2,1,1313
d=2 s=1,Random 30% #9,1028,0.0167924069116573,0.0335160405296195,0.0254913597425995,-0.0167236336179621,-0.0086989528309422,False,False,False,,2,1,1313
d=2 s=1,Random 30% #10,1028,0.0218614718614718,0.043844083304763,-0.0132474727811398,-0.0219826114432911,0.0351089446426117,True,True,True,,2,1,1313
d=2 s=1,Random 30% #11,1028,0.0036992125742528,0.0211699970933385,0.0100809587529623,-0.0174707845190856,-0.0063817461787094,False,False,False,,2,1,1313
d=2 s=1,Random 30% #12,1028,-0.0176439165409753,0.0270421576598187,0.0063081087934449,-0.044686074200794,-0.0239520253344203,False,False,False,,2,1,1313
d=2 s=1,Random 30% #13,1028,0.0061871080085679,0.0590728265707945,0.010385170262558,-0.0528857185622265,-0.0041980622539901,False,False,False,,2,1,1313
d=2 s=1,Random 30% #14,1028,-0.0024039572835282,0.0302449530405262,0.0121781730714619,-0.0326489103240545,-0.0145821303549902,False,False,False,,2,1,1313
d=2 s=1,Random 30% #15,1028,-0.0014797507788162,0.0577791116043217,0.0051240258050759,-0.059258862383138,-0.0066037765838921,False,False,False,,2,1,1313
d=2 s=1,Random 30% #16,1028,0.006823838043474,0.0135456664709509,0.0049475644077601,-0.0067218284274769,0.0018762736357139,False,True,True,,2,1,1313
d=2 s=1,Random 30% #17,1028,0.0030261642698374,0.0507269635661613,0.0370861162145446,-0.0477007992963239,-0.0340599519447071,False,False,False,,2,1,1313
d=2 s=1,Random 30% #18,1028,0.008237689744539,0.0457894537374954,0.0112805214015629,-0.0375517639929563,-0.0030428316570239,False,False,False,,2,1,1313
d=2 s=1,Random 30% #19,1028,0.0066883064376393,0.032984046802945,0.0153802991554383,-0.0262957403653057,-0.008691992717799,False,False,False,,2,1,1313
d=2 s=1,Random 30% #20,1028,-0.0099963316214233,0.0411335176942476,0.0249247402715604,-0.051129849315671,-0.0349210718929837,False,False,False,,2,1,1313
d=2 s=1,Random 30% #21,1028,0.002277451699682,0.0371427940254659,-0.0220892194863882,-0.0348653423257838,0.0243666711860702,True,True,True,,2,1,1313
d=2 s=1,Random 30% #22,1028,0.0271739130434782,0.0311793567578577,0.0288276593150462,-0.0040054437143794,-0.0016537462715679,False,False,False,,2,1,1313
d=2 s=1,Random 30% #23,1028,0.0053719593676173,0.071384675651886,0.0396832823035853,-0.0660127162842687,-0.034311322935968,False,False,False,,2,1,1313
d=2 s=1,Random 30% #24,1028,0.0374355138753044,0.0382620261176158,0.0042425747049531,-0.0008265122423113,0.0331929391703512,False,True,True,,2,1,1313
d=2 s=1,Random 30% #25,1028,0.0207335170659317,0.0451925680818661,-0.0119226094500332,-0.0244590510159344,0.032656126515965,True,True,True,,2,1,1313
d=2 s=1,Random 30% #26,1028,0.000322640117994,0.027917518406041,-0.0180185675473732,-0.0275948782880469,0.0183412076653673,True,True,True,,2,1,1313
d=2 s=1,Random 30% #27,1028,-0.0133699862551543,0.0398339710571487,0.0387625494631528,-0.053203957312303,-0.0521325357183071,False,False,False,,2,1,1313
d=2 s=1,Random 30% #28,1028,0.0048546691403834,0.0590627216616736,0.009922798240938,-0.0542080525212902,-0.0050681291005546,False,False,False,,2,1,1313
d=2 s=1,Random 30% #29,1028,0.0132264436461088,0.046674500819191,0.0044528064605611,-0.0334480571730821,0.0087736371855477,False,True,True,,2,1,1313
d=2 s=1,Random 30% #30,1028,0.0073191060456281,0.0219614352829448,-0.0030543990241252,-0.0146423292373167,0.0103735050697533,True,True,True,,2,1,1313
d=2 s=1,Random 30% #31,1028,0.0186572318838355,0.0452857417563286,0.0385988963586328,-0.0266285098724931,-0.0199416644747973,False,False,False,,2,1,1313
d=2 s=1,Random 30% #32,1028,0.0146773132638857,0.0618369876063315,0.0219550471199737,-0.0471596743424458,-0.007277733856088,False,False,False,,2,1,1313
d=2 s=1,Random 30% #33,1028,0.0107989019115876,0.0422138022501571,0.0263421827215458,-0.0314149003385695,-0.0155432808099582,False,False,False,,2,1,1313
d=2 s=1,Random 30% #34,1028,0.0036708111308466,0.0412401325710984,0.0296951694674119,-0.0375693214402518,-0.0260243583365653,False,False,False,,2,1,1313
d=2 s=1,Random 30% #35,1028,-0.0021279853031231,0.0532616435504246,0.0060983814167631,-0.0553896288535477,-0.0082263667198862,False,False,False,,2,1,1313
d=2 s=1,Random 30% #36,1028,-0.0048226599270606,0.0293641304812797,0.0082189700884658,-0.0341867904083403,-0.0130416300155265,False,False,False,,2,1,1313
d=2 s=1,Random 30% #37,1028,-0.0037446257685728,0.0227027797154988,0.0602438975222788,-0.0264474054840717,-0.0639885232908517,False,False,False,,2,1,1313
d=2 s=1,Random 30% #38,1028,0.0108722741433021,2.2848341163783648e-06,0.0192579654977536,0.0108699893091857,-0.0083856913544514,False,True,True,,2,1,1313
d=2 s=1,Random 30% #39,1028,0.0380230468256006,0.0405085409573163,0.0230832096566471,-0.0024854941317157,0.0149398371689534,False,True,True,,2,1,1313
d=2 s=1,Random 30% #40,1028,-0.0156995008383602,0.0366169726442538,0.0218389638881679,-0.052316473482614,-0.0375384647265282,False,False,False,,2,1,1313
d=2 s=1,Random 30% #41,1028,0.0003191021554961,0.0410556624207515,0.0040117863232167,-0.0407365602652553,-0.0036926841677205,False,False,False,,2,1,1313
d=2 s=1,Random 30% #42,1028,0.0039796984507742,0.0190211163959567,0.03230009418238,-0.0150414179451824,-0.0283203957316058,False,False,False,,2,1,1313
d=2 s=1,Random 30% #43,1028,0.0320665445665445,0.0419699937809359,0.0110314406727991,-0.0099034492143913,0.0210351038937453,False,True,True,,2,1,1313
d=2 s=1,Random 30% #44,1028,0.014617494198646,0.0306064854080712,0.0077413569836398,-0.0159889912094251,0.0068761372150062,False,True,True,,2,1,1313
d=2 s=1,Random 30% #45,1028,-0.010677190889205,0.0478138854967388,-0.0099458637586188,-0.0584910763859438,-0.0007313271305862,True,False,True,,2,1,1313
d=2 s=1,Random 30% #46,1028,-0.0211341559464426,0.0276758520581472,-0.0062596521359856,-0.0488100080045898,-0.0148745038104569,True,False,True,,2,1,1313
d=2 s=1,Random 30% #47,1028,0.0021068472535741,0.0567555773556978,-0.0167027192613658,-0.0546487301021237,0.0188095665149399,True,True,True,,2,1,1313
d=2 s=1,Random 30% #48,1028,0.0099373113536103,0.0537310481904701,0.0189942735058531,-0.0437937368368597,-0.0090569621522427,False,False,False,,2,1,1313
d=2 s=1,Random 30% #49,1028,-0.0033935788911766,0.0445588405556569,0.0214069171591545,-0.0479524194468336,-0.0248004960503312,False,False,False,,2,1,1313
d=2 s=1,Random 30% #50,1028,-0.0149638584774062,0.0410502068019671,0.0213897566310323,-0.0560140652793734,-0.0363536151084386,False,False,False,,2,1,1313
d=2 s=2,All Patients,3429,0.0078818040435458,0.0380060748303185,0.0285731508884546,-0.0301242707867726,-0.0206913468449088,False,False,False,,2,2,1313
d=2 s=2,ICUType 1.0,490,0.0294939989088925,0.0788677937016532,0.0246659639354346,-0.0493737947927607,0.0048280349734579,False,True,True,,2,2,1313
d=2 s=2,ICUType 2.0,643,-0.000975689080413,0.0223193703316694,-0.0001445211530216,-0.0232950594120824,-0.0008311679273914,True,False,True,,2,2,1313
d=2 s=2,ICUType 3.0,1357,-0.0217764843549488,0.0168048071294592,-0.0063258492857763,-0.038581291484408,-0.0154506350691725,True,False,True,,2,2,1313
d=2 s=2,ICUType 4.0,939,0.0202084035501629,0.0466691797689897,0.0259884636420376,-0.0264607762188268,-0.0057800600918747,False,False,False,,2,2,1313
d=2 s=2,Age decile 0,374,0.046026807780653,0.057337161458031,-0.0112015936958848,-0.011310353677378,0.0572284014765378,True,True,True,,2,2,1313
d=2 s=2,Age decile 1,344,0.0273634472301562,0.0538670266497788,0.0065737541210411,-0.0265035794196226,0.020789693109115,False,True,True,,2,2,1313
d=2 s=2,Age decile 2,347,0.0042864169770219,0.0279785623903759,0.0172279924777847,-0.0236921454133539,-0.0129415755007628,False,False,False,,2,2,1313
d=2 s=2,Age decile 3,325,0.0096292729898892,0.0281046656644459,0.0473260301104613,-0.0184753926745566,-0.0376967571205721,False,False,False,,2,2,1313
d=2 s=2,Age decile 4,372,-0.0152359717577108,0.0499656007029765,-0.0411130079719504,-0.0652015724606874,0.0258770362142395,True,True,True,,2,2,1313
d=2 s=2,Age decile 5,344,-0.0250497851378262,0.0284005811758912,-0.0124627410198237,-0.0534503663137174,-0.0125870441180024,True,False,True,,2,2,1313
d=2 s=2,Age decile 6,397,-0.0004719207173194,0.0410910696565575,-0.0471701406272875,-0.041562990373877,0.046698219909968,True,True,True,,2,2,1313
d=2 s=2,Age decile 7,247,0.0173747705218987,0.0673032695415175,0.0036067455925641,-0.0499284990196187,0.0137680249293346,False,True,True,,2,2,1313
d=2 s=2,Age decile 8,354,-0.0216450216450216,0.0293277246852081,-0.0123504983403228,-0.0509727463302298,-0.0092945233046987,True,False,True,,2,2,1313
d=2 s=2,Age decile 9,325,-0.0771864301276066,0.0586185912668337,0.0704297167325019,-0.1358050213944403,-0.1476161468601086,False,False,False,,2,2,1313
d=2 s=2,HR quartile 0,877,0.0371049136786188,0.0801544136131789,0.0199900156635081,-0.04304949993456,0.0171148980151106,False,True,True,,2,2,1313
d=2 s=2,HR quartile 1,917,-0.0169849537037037,0.0315077648169581,-0.0056148254494703,-0.0484927185206618,-0.0113701282542333,True,False,True,,2,2,1313
d=2 s=2,HR quartile 2,816,0.034861311019492,0.0429777926477549,0.0035682366132278,-0.0081164816282628,0.0312930744062642,False,True,True,,2,2,1313
d=2 s=2,HR quartile 3,819,-0.0232600311906863,0.0342559442412928,0.0001152748175687,-0.0575159754319791,-0.023375306008255,False,False,False,,2,2,1313
d=2 s=2,MAP quartile 0,877,-0.0141240285818599,0.0296647273356552,-0.0130642978066004,-0.0437887559175151,-0.0010597307752594,True,False,True,,2,2,1313
d=2 s=2,MAP quartile 1,840,0.02392179413456,0.0233272692240749,0.0182772858145211,0.0005945249104851,0.0056445083200389,False,False,False,,2,2,1313
d=2 s=2,MAP quartile 2,866,0.0104058609958506,0.0343065420496084,0.0034743550280875,-0.0239006810537577,0.0069315059677631,False,True,True,,2,2,1313
d=2 s=2,MAP quartile 3,846,0.0090927756430939,0.0630037435707154,-0.001404159090046,-0.0539109679276215,0.0104969347331399,True,True,True,,2,2,1313
d=2 s=2,Temp quartile 0,902,0.0068727157158747,0.0585005545679487,0.030329764764252,-0.0516278388520739,-0.0234570490483773,False,False,False,,2,2,1313
d=2 s=2,Temp quartile 1,864,0.0305627470437901,0.0465638374659947,-0.0028558676539057,-0.0160010904222045,0.0334186146976959,True,True,True,,2,2,1313
d=2 s=2,Temp quartile 2,838,-0.0036346905912123,0.0691379536249871,0.0291024198006289,-0.0727726442161995,-0.0327371103918413,False,False,False,,2,2,1313
d=2 s=2,Temp quartile 3,825,-0.0023612750885478,0.0153432008072029,0.0080278738893764,-0.0177044758957507,-0.0103891489779242,False,False,False,,2,2,1313
d=2 s=2,Urine quartile 0,859,-0.0313289760348584,0.0109199535942666,0.0142131095506475,-0.042248929629125,-0.0455420855855059,False,False,False,,2,2,1313
d=2 s=2,Urine quartile 1,913,-0.0210526315789473,0.0137770829999452,-0.0191960357031751,-0.0348297145788926,-0.0018565958757722,True,False,True,,2,2,1313
d=2 s=2,Urine quartile 2,802,0.0149901230333403,0.032142794023408,-0.0031238066610896,-0.0171526709900677,0.01811392969443,True,True,True,,2,2,1313
d=2 s=2,Urine quartile 3,855,0.0601118199903958,0.0440335653533429,-0.0005548380064679,0.0160782546370528,0.0606666579968638,True,False,True,,2,2,1313
d=2 s=2,SAPS quartile 0,1025,0.0026756349262149,0.0231804034542819,-0.0237234684144123,-0.0205047685280669,0.0263991033406273,True,True,True,,2,2,1313
d=2 s=2,SAPS quartile 1,946,0.0452124666297511,0.0546844625098758,-0.0001247699135956,-0.0094719958801246,0.0453372365433468,True,True,True,,2,2,1313
d=2 s=2,SAPS quartile 2,660,0.0015384615384615,0.0311145582747704,-0.0035165859861068,-0.0295760967363088,0.0050550475245684,True,True,True,,2,2,1313
d=2 s=2,SAPS quartile 3,798,-0.0389986891196934,0.067629757316495,0.0261446739656583,-0.1066284464361885,-0.0651433630853517,False,False,False,,2,2,1313
d=2 s=2,HR > 100,945,-0.0351262896411669,-0.0111911848586269,-0.0204631617068173,-0.02393510478254,-0.0146631279343496,False,False,False,,2,2,1313
d=2 s=2,MAP < 65,697,-0.0279136809159047,0.0314755163718805,0.0126629515662513,-0.0593891972877853,-0.0405766324821561,False,False,False,,2,2,1313
d=2 s=2,Temp > 38C,267,-0.0430204913392958,0.0411228707717368,0.0049641924794075,-0.0841433621110326,-0.0479846838187033,False,False,False,,2,2,1313
d=2 s=2,Urine > 1000,210,0.0458952811893988,0.0724238587941047,-0.0355118960326439,-0.0265285776047059,0.0814071772220427,True,True,True,,2,2,1313
d=2 s=2,Random 50% #1,1714,0.0148182289884191,0.0133595012894814,0.0147850225210238,0.0014587276989377,3.320646739535249e-05,False,False,False,,2,2,1313
d=2 s=2,Random 50% #2,1714,0.0038708396744524,0.0358382177279268,-0.006729284954062,-0.0319673780534743,0.0106001246285145,True,True,True,,2,2,1313
d=2 s=2,Random 50% #3,1714,0.0221853388658367,0.041756269014488,0.0181459658980309,-0.0195709301486512,0.0040393729678058,False,True,True,,2,2,1313
d=2 s=2,Random 50% #4,1714,0.0209444740819774,0.0419273353863928,0.0085409988750097,-0.0209828613044153,0.0124034752069676,False,True,True,,2,2,1313
d=2 s=2,Random 50% #5,1714,0.025145147627017,0.0292426836087765,0.035184100260855,-0.0040975359817594,-0.0100389526338379,False,False,False,,2,2,1313
d=2 s=2,Random 50% #6,1714,-0.0032358828377694,0.0466189476809748,0.0271863932424887,-0.0498548305187443,-0.0304222760802582,False,False,False,,2,2,1313
d=2 s=2,Random 50% #7,1714,0.0203886964648963,0.0446021771327584,0.0303871899839424,-0.024213480667862,-0.0099984935190461,False,False,False,,2,2,1313
d=2 s=2,Random 50% #8,1714,-0.0080211409064465,0.0203516748298364,0.0179956269918661,-0.028372815736283,-0.0260167678983126,False,False,False,,2,2,1313
d=2 s=2,Random 50% #9,1714,-0.0018808498325041,0.0477203437330259,0.0178119551248861,-0.0496011935655301,-0.0196928049573903,False,False,False,,2,2,1313
d=2 s=2,Random 50% #10,1714,0.0032849222618878,0.0202761111015904,0.0008911680581329,-0.0169911888397025,0.0023937542037549,False,True,True,,2,2,1313
d=2 s=2,Random 50% #11,1714,0.0064028840624585,0.0330760979852408,0.012472674613354,-0.0266732139227823,-0.0060697905508955,False,False,False,,2,2,1313
d=2 s=2,Random 50% #12,1714,-0.0033234372422892,0.0295988552536177,0.0109660848407471,-0.032922292495907,-0.0142895220830364,False,False,False,,2,2,1313
d=2 s=2,Random 50% #13,1714,0.0032517955657333,0.0188626890112733,0.0260963289689423,-0.01561089344554,-0.0228445334032089,False,False,False,,2,2,1313
d=2 s=2,Random 50% #14,1714,0.0062157191184681,0.0404276831635789,0.0086209580515973,-0.0342119640451107,-0.0024052389331292,False,False,False,,2,2,1313
d=2 s=2,Random 50% #15,1714,0.0026854501430772,0.0348524637930854,0.0173260168462595,-0.0321670136500082,-0.0146405667031822,False,False,False,,2,2,1313
d=2 s=2,Random 50% #16,1714,0.0188052608311229,0.0214145639218443,0.0285721696740815,-0.0026093030907214,-0.0097669088429586,False,False,False,,2,2,1313
d=2 s=2,Random 50% #17,1714,0.0073507410721795,0.0374645591847857,0.0334674263595628,-0.0301138181126062,-0.0261166852873833,False,False,False,,2,2,1313
d=2 s=2,Random 50% #18,1714,0.0251803786741562,0.0405089652481991,0.0261435818365571,-0.0153285865740429,-0.0009632031624008,False,False,False,,2,2,1313
d=2 s=2,Random 50% #19,1714,0.0087463233253787,0.0184233925266216,0.0135005526189946,-0.0096770692012428,-0.0047542292936158,False,False,False,,2,2,1313
d=2 s=2,Random 50% #20,1714,0.0239488541873964,0.0199880597548583,0.0357364033015327,0.003960794432538,-0.0117875491141362,False,True,True,,2,2,1313
d=2 s=2,Random 50% #21,1714,0.0016605879752431,0.0138337210415619,0.0132859261505267,-0.0121731330663187,-0.0116253381752836,False,False,False,,2,2,1313
d=2 s=2,Random 50% #22,1714,0.0178287222426975,0.0059351925041219,0.0350126626705538,0.0118935297385756,-0.0171839404278563,False,True,True,,2,2,1313
d=2 s=2,Random 50% #23,1714,-0.0051929851771431,0.037234161045963,0.0094312869213086,-0.0424271462231061,-0.0146242720984517,False,False,False,,2,2,1313
d=2 s=2,Random 50% #24,1714,0.0201698382197979,0.0093646723474742,0.0266813354522161,0.0108051658723236,-0.0065114972324182,False,True,True,,2,2,1313
d=2 s=2,Random 50% #25,1714,0.0024135223603308,0.0335547054494211,0.0123735551720418,-0.0311411830890903,-0.009960032811711,False,False,False,,2,2,1313
d=2 s=2,Random 50% #26,1714,-0.0063986093578627,0.0497490534526078,0.0116504789645101,-0.0561476628104705,-0.0180490883223728,False,False,False,,2,2,1313
d=2 s=2,Random 50% #27,1714,-0.0048317683881064,0.0399798875007792,0.0319212191946694,-0.0448116558888856,-0.0367529875827758,False,False,False,,2,2,1313
d=2 s=2,Random 50% #28,1714,0.0098094573797898,0.0312869505579615,0.0203469651101887,-0.0214774931781716,-0.0105375077303988,False,False,False,,2,2,1313
d=2 s=2,Random 50% #29,1714,0.0125552608311229,0.0254235906133281,0.0035085091737564,-0.0128683297822052,0.0090467516573664,False,True,True,,2,2,1313
d=2 s=2,Random 50% #30,1714,0.0022139615866539,0.0414315276653365,0.0086146498605824,-0.0392175660786826,-0.0064006882739285,False,False,False,,2,2,1313
d=2 s=2,Random 50% #31,1714,0.0081502190717898,0.0248343183424047,0.0383592991580799,-0.0166840992706149,-0.03020908008629,False,False,False,,2,2,1313
d=2 s=2,Random 50% #32,1714,-0.0092920029904661,0.0265283261516166,0.0212678957646555,-0.0358203291420828,-0.0305598987551216,False,False,False,,2,2,1313
d=2 s=2,Random 50% #33,1714,-0.002514181228832,0.0347970350538797,0.030668334799314,-0.0373112162827117,-0.033182516028146,False,False,False,,2,2,1313
d=2 s=2,Random 50% #34,1714,0.0070180513371488,0.0209803615769147,0.014482068728469,-0.0139623102397658,-0.0074640173913202,False,False,False,,2,2,1313
d=2 s=2,Random 50% #35,1714,0.0093248828878478,0.0521589565208213,0.0280761311435143,-0.0428340736329734,-0.0187512482556664,False,False,False,,2,2,1313
d=2 s=2,Random 50% #36,1714,0.016912667846362,0.0379962337373773,0.026911760174779,-0.0210835658910153,-0.009999092328417,False,False,False,,2,2,1313
d=2 s=2,Random 50% #37,1714,0.0036653828805384,0.0348010528703553,-0.0038248571446337,-0.0311356699898168,0.0074902400251722,True,True,True,,2,2,1313
d=2 s=2,Random 50% #38,1714,0.0021576191788371,0.0471659083801579,0.0100873625303823,-0.0450082892013208,-0.0079297433515452,False,False,False,,2,2,1313
d=2 s=2,Random 50% #39,1714,0.0170086158804934,0.0396836579081733,0.0488468649585106,-0.0226750420276798,-0.0318382490780172,False,False,False,,2,2,1313
d=2 s=2,Random 50% #40,1714,0.018520937100027,0.0405109092606769,0.0428810297963745,-0.0219899721606498,-0.0243600926963475,False,False,False,,2,2,1313
d=2 s=2,Random 50% #41,1714,0.0027199322354597,0.0339940081681525,0.0005141589543519,-0.0312740759326928,0.0022057732811077,False,True,True,,2,2,1313
d=2 s=2,Random 50% #42,1714,0.0178900300253214,0.0421370769986538,0.0157413061111993,-0.0242470469733324,0.002148723914122,False,True,True,,2,2,1313
d=2 s=2,Random 50% #43,1714,0.0169958506224066,0.0216408938736879,0.0182944072457659,-0.0046450432512813,-0.0012985566233593,False,False,False,,2,2,1313
d=2 s=2,Random 50% #44,1714,-0.0080414937759336,0.0411482639201124,0.017741057211536,-0.049189757696046,-0.0257825509874696,False,False,False,,2,2,1313
d=2 s=2,Random 50% #45,1714,-0.0006684003732017,0.0395362265962082,0.0301086749047909,-0.0402046269694099,-0.0307770752779926,False,False,False,,2,2,1313
d=2 s=2,Random 50% #46,1714,-0.0127567411871579,0.0358989756062354,0.0223855993531309,-0.0486557167933933,-0.0351423405402888,False,False,False,,2,2,1313
d=2 s=2,Random 50% #47,1714,-0.0023071888899981,0.0366405686862183,0.0607049778110976,-0.0389477575762164,-0.0630121667010957,False,False,False,,2,2,1313
d=2 s=2,Random 50% #48,1714,0.0007707867678387,0.0289112934224126,0.0157597286424407,-0.0281405066545738,-0.014988941874602,False,False,False,,2,2,1313
d=2 s=2,Random 50% #49,1714,-0.0052585890287469,0.0132484283025531,0.004078859686303,-0.0185070173313,-0.0093374487150499,False,False,False,,2,2,1313
d=2 s=2,Random 50% #50,1714,-0.009935439192208,0.0176316960086319,-0.0027234845755834,-0.02756713520084,-0.0072119546166245,True,False,True,,2,2,1313
d=2 s=2,Random 30% #1,1028,0.0177032019704433,0.0450053081677944,0.0247147942570165,-0.0273021061973511,-0.0070115922865732,False,False,False,,2,2,1313
d=2 s=2,Random 30% #2,1028,-0.0188812287552644,0.021457126012687,0.0197581894208089,-0.0403383547679514,-0.0386394181760734,False,False,False,,2,2,1313
d=2 s=2,Random 30% #3,1028,-0.0136963318843895,-0.0038257570896984,-0.0069090548008368,-0.009870574794691,-0.0067872770835527,False,False,False,,2,2,1313
d=2 s=2,Random 30% #4,1028,0.012612065619632,0.044908618225816,-0.0049599142889948,-0.0322965526061839,0.0175719799086269,True,True,True,,2,2,1313
d=2 s=2,Random 30% #5,1028,0.012955140579904,0.033713925531395,0.0465535369515121,-0.0207587849514909,-0.033598396371608,False,False,False,,2,2,1313
d=2 s=2,Random 30% #6,1028,0.011061887501678,0.023156183434819,0.0007906619407294,-0.0120942959331409,0.0102712255609486,False,True,True,,2,2,1313
d=2 s=2,Random 30% #7,1028,-0.0019795447047178,0.0528405438235022,0.0092417730099352,-0.0548200885282201,-0.0112213177146531,False,False,False,,2,2,1313
d=2 s=2,Random 30% #8,1028,-0.0013757582957458,0.0321508129508338,0.0229482398508274,-0.0335265712465797,-0.0243239981465732,False,False,False,,2,2,1313
d=2 s=2,Random 30% #9,1028,0.0167924069116573,0.0369596271502804,0.0251144213161667,-0.020167220238623,-0.0083220144045094,False,False,False,,2,2,1313
d=2 s=2,Random 30% #10,1028,0.0218614718614718,0.0094093122713009,-0.0123284224560911,0.0124521595901709,0.034189894317563,True,False,True,,2,2,1313
d=2 s=2,Random 30% #11,1028,0.0036992125742528,0.0325711647777465,0.0090957097474708,-0.0288719522034936,-0.0053964971732179,False,False,False,,2,2,1313
d=2 s=2,Random 30% #12,1028,-0.0176439165409753,0.0448224108379168,0.0099622546549407,-0.0624663273788922,-0.027606171195916,False,False,False,,2,2,1313
d=2 s=2,Random 30% #13,1028,0.0061871080085679,0.0652311931572352,0.0200119680217453,-0.0590440851486672,-0.0138248600131773,False,False,False,,2,2,1313
d=2 s=2,Random 30% #14,1028,-0.0024039572835282,0.0471847717328766,-0.0009899554988527,-0.0495887290164049,-0.0014140017846755,True,False,True,,2,2,1313
d=2 s=2,Random 30% #15,1028,-0.0014797507788162,0.0499693345044368,-0.0111259668036676,-0.051449085283253,0.0096462160248514,True,True,True,,2,2,1313
d=2 s=2,Random 30% #16,1028,0.006823838043474,0.0154963238402351,-0.0038342971830786,-0.0086724857967611,0.0106581352265526,True,True,True,,2,2,1313
d=2 s=2,Random 30% #17,1028,0.0030261642698374,0.0693006112562029,0.0112288205327855,-0.0662744469863654,-0.0082026562629481,False,False,False,,2,2,1313
d=2 s=2,Random 30% #18,1028,0.008237689744539,0.0425033973514896,0.004364162737921,-0.0342657076069506,0.003873527006618,False,True,True,,2,2,1313
d=2 s=2,Random 30% #19,1028,0.0066883064376393,0.0328432177381393,0.0204782972017213,-0.0261549113005,-0.013789990764082,False,False,False,,2,2,1313
d=2 s=2,Random 30% #20,1028,-0.0099963316214233,0.0380084553290186,0.0059350864759923,-0.0480047869504419,-0.0159314180974156,False,False,False,,2,2,1313
d=2 s=2,Random 30% #21,1028,0.002277451699682,0.0290532217209561,-0.0113176156787211,-0.0267757700212741,0.0135950673784032,True,True,True,,2,2,1313
d=2 s=2,Random 30% #22,1028,0.0271739130434782,0.0108670217192401,0.0336433704006288,0.0163068913242381,-0.0064694573571505,False,True,True,,2,2,1313
d=2 s=2,Random 30% #23,1028,0.0053719593676173,0.0496770464795654,0.0092797736371679,-0.044305087111948,-0.0039078142695505,False,False,False,,2,2,1313
d=2 s=2,Random 30% #24,1028,0.0374355138753044,0.0293740547233926,0.0260987443451793,0.0080614591519118,0.0113367695301251,False,False,False,,2,2,1313
d=2 s=2,Random 30% #25,1028,0.0207335170659317,0.0507147320689995,-0.0068322604408599,-0.0299812150030678,0.0275657775067917,True,True,True,,2,2,1313
d=2 s=2,Random 30% #26,1028,0.000322640117994,0.0254650167060175,-0.0122693155466367,-0.0251423765880234,0.0125919556646308,True,True,True,,2,2,1313
d=2 s=2,Random 30% #27,1028,-0.0133699862551543,0.0711275213054176,0.0402876177295877,-0.0844975075605719,-0.053657603984742,False,False,False,,2,2,1313
d=2 s=2,Random 30% #28,1028,0.0048546691403834,0.0542733863811149,0.0014946371597292,-0.0494187172407315,0.0033600319806541,False,True,True,,2,2,1313
d=2 s=2,Random 30% #29,1028,0.0132264436461088,0.0445517196408274,0.0069929536282213,-0.0313252759947185,0.0062334900178875,False,True,True,,2,2,1313
d=2 s=2,Random 30% #30,1028,0.0073191060456281,0.0285534946226579,0.0019971785677123,-0.0212343885770298,0.0053219274779157,False,True,True,,2,2,1313
d=2 s=2,Random 30% #31,1028,0.0186572318838355,0.0367669784125781,0.0293816640124268,-0.0181097465287426,-0.0107244321285913,False,False,False,,2,2,1313
d=2 s=2,Random 30% #32,1028,0.0146773132638857,0.0633504277797209,0.0202145611336966,-0.0486731145158352,-0.0055372478698109,False,False,False,,2,2,1313
d=2 s=2,Random 30% #33,1028,0.0107989019115876,0.0399606015984332,0.0190985227603051,-0.0291616996868456,-0.0082996208487174,False,False,False,,2,2,1313
d=2 s=2,Random 30% #34,1028,0.0036708111308466,0.0276678629698158,0.0241970732923246,-0.0239970518389691,-0.0205262621614779,False,False,False,,2,2,1313
d=2 s=2,Random 30% #35,1028,-0.0021279853031231,0.0053571881220348,-0.0116884868582367,-0.0074851734251579,0.0095605015551136,True,True,True,,2,2,1313
d=2 s=2,Random 30% #36,1028,-0.0048226599270606,0.0374674163656039,-0.0005021407151161,-0.0422900762926645,-0.0043205192119445,True,False,True,,2,2,1313
d=2 s=2,Random 30% #37,1028,-0.0037446257685728,0.0266909239483475,0.0471968490562494,-0.0304355497169204,-0.0509414748248223,False,False,False,,2,2,1313
d=2 s=2,Random 30% #38,1028,0.0108722741433021,0.0242042491578882,0.0074366584973206,-0.013331975014586,0.0034356156459815,False,True,True,,2,2,1313
d=2 s=2,Random 30% #39,1028,0.0380230468256006,0.0505413603191777,-0.0101112795627489,-0.012518313493577,0.0481343263883495,True,True,True,,2,2,1313
d=2 s=2,Random 30% #40,1028,-0.0156995008383602,0.0279433161383935,0.0044520253589926,-0.0436428169767537,-0.0201515261973529,False,False,False,,2,2,1313
d=2 s=2,Random 30% #41,1028,0.0003191021554961,0.0306937362607352,0.0216225923115126,-0.0303746341052391,-0.0213034901560164,False,False,False,,2,2,1313
d=2 s=2,Random 30% #42,1028,0.0039796984507742,0.0215158676050233,0.0045191436352668,-0.017536169154249,-0.0005394451844926,False,False,False,,2,2,1313
d=2 s=2,Random 30% #43,1028,0.0320665445665445,0.0559438052852278,0.0305348962692346,-0.0238772607186832,0.0015316482973098,False,True,True,,2,2,1313
d=2 s=2,Random 30% #44,1028,0.014617494198646,0.0357819737088123,0.0238759878022265,-0.0211644795101663,-0.0092584936035804,False,False,False,,2,2,1313
d=2 s=2,Random 30% #45,1028,-0.010677190889205,0.0206445047327602,-0.0091087395188128,-0.0313216956219652,-0.0015684513703921,True,False,True,,2,2,1313
d=2 s=2,Random 30% #46,1028,-0.0211341559464426,0.0462299932055032,0.0057452772546539,-0.0673641491519458,-0.0268794332010966,False,False,False,,2,2,1313
d=2 s=2,Random 30% #47,1028,0.0021068472535741,0.0551068859785942,-0.0130973595093169,-0.0530000387250201,0.0152042067628911,True,True,True,,2,2,1313
d=2 s=2,Random 30% #48,1028,0.0099373113536103,0.0316324845930782,0.0114960117768391,-0.0216951732394678,-0.0015587004232287,False,False,False,,2,2,1313
d=2 s=2,Random 30% #49,1028,-0.0033935788911766,0.0418140548435118,0.0255980500208575,-0.0452076337346885,-0.0289916289120342,False,False,False,,2,2,1313
d=2 s=2,Random 30% #50,1028,-0.0149638584774062,0.0425075150369003,0.0353106972382877,-0.0574713735143066,-0.050274555715694,False,False,False,,2,2,1313
d=3 s=0,All Patients,3429,0.0078818040435458,0.0232862981638588,0.0175284416158249,-0.0154044941203129,-0.009646637572279,False,False,False,,3,0,2369
d=3 s=0,ICUType 1.0,490,0.0294939989088925,0.0586992811485603,0.0296013468182088,-0.0292052822396678,-0.0001073479093163,False,False,False,,3,0,2369
d=3 s=0,ICUType 2.0,643,-0.000975689080413,0.0288787702894922,-0.0096356130127565,-0.0298544593699053,0.0086599239323434,True,True,True,,3,0,2369
d=3 s=0,ICUType 3.0,1357,-0.0217764843549488,0.0264879701007972,-0.0129506306776842,-0.048264454455746,-0.0088258536772645,True,False,True,,3,0,2369
d=3 s=0,ICUType 4.0,939,0.0202084035501629,0.0586626506311865,0.0429492579322743,-0.0384542470810236,-0.0227408543821114,False,False,False,,3,0,2369
d=3 s=0,Age decile 0,374,0.046026807780653,0.0333746031624326,-0.0281932423944421,0.0126522046182204,0.0742200501750952,True,False,True,,3,0,2369
d=3 s=0,Age decile 1,344,0.0273634472301562,0.0664336234465497,-0.0118775120635704,-0.0390701762163935,0.0392409592937266,True,True,True,,3,0,2369
d=3 s=0,Age decile 2,347,0.0042864169770219,0.0178969660237007,-0.0028026924227032,-0.0136105490466788,0.0070891093997252,True,True,True,,3,0,2369
d=3 s=0,Age decile 3,325,0.0096292729898892,0.0279426902532941,-0.0204624307908024,-0.0183134172634048,0.0300917037806916,True,True,True,,3,0,2369
d=3 s=0,Age decile 4,372,-0.0152359717577108,0.0449492054950024,-0.0274186103332695,-0.0601851772527133,0.0121826385755586,True,True,True,,3,0,2369
d=3 s=0,Age decile 5,344,-0.0250497851378262,0.0465005934531061,0.0121287121693923,-0.0715503785909324,-0.0371784973072185,False,False,False,,3,0,2369
d=3 s=0,Age decile 6,397,-0.0004719207173194,0.0337468974226493,-0.0473223321977019,-0.0342188181399688,0.0468504114803824,True,True,True,,3,0,2369
d=3 s=0,Age decile 7,247,0.0173747705218987,0.061234485708045,-0.0016385758173704,-0.0438597151861462,0.0190133463392692,True,True,True,,3,0,2369
d=3 s=0,Age decile 8,354,-0.0216450216450216,0.0473455744832043,-0.0241750849705255,-0.068990596128226,0.0025300633255038,True,True,True,,3,0,2369
d=3 s=0,Age decile 9,325,-0.0771864301276066,0.0306501623845609,-0.0109285896760384,-0.1078365925121675,-0.0662578404515681,True,False,True,,3,0,2369
d=3 s=0,HR quartile 0,877,0.0371049136786188,0.0702410350712905,0.0258280703181713,-0.0331361213926717,0.0112768433604475,False,True,True,,3,0,2369
d=3 s=0,HR quartile 1,917,-0.0169849537037037,-0.0040470822816794,0.0019154207141774,-0.0129378714220242,-0.0189003744178811,True,False,True,,3,0,2369
d=3 s=0,HR quartile 2,816,0.034861311019492,0.0371594945562109,0.0038859004797977,-0.0022981835367188,0.0309754105396943,False,True,True,,3,0,2369
d=3 s=0,HR quartile 3,819,-0.0232600311906863,-0.0124088829918748,0.0520544596652945,-0.0108511481988114,-0.0753144908559809,True,False,True,,3,0,2369
d=3 s=0,MAP quartile 0,877,-0.0141240285818599,0.0250244421504287,0.0075712746973209,-0.0391484707322886,-0.0216953032791808,False,False,False,,3,0,2369
d=3 s=0,MAP quartile 1,840,0.02392179413456,0.006736584913693,0.0045281982921709,0.017185209220867,0.0193935958423891,False,False,False,,3,0,2369
d=3 s=0,MAP quartile 2,866,0.0104058609958506,0.0400526156183617,-0.0198522197559715,-0.029646754622511,0.0302580807518221,True,True,True,,3,0,2369
d=3 s=0,MAP quartile 3,846,0.0090927756430939,0.0672734903928932,-0.0221301120778648,-0.0581807147497993,0.0312228877209587,True,True,True,,3,0,2369
d=3 s=0,Temp quartile 0,902,0.0068727157158747,0.0665672625180121,-0.0056490283065451,-0.0596945468021373,0.0125217440224199,True,True,True,,3,0,2369
d=3 s=0,Temp quartile 1,864,0.0305627470437901,0.0435212563064212,-0.0200340481056042,-0.0129585092626311,0.0505967951493944,True,True,True,,3,0,2369
d=3 s=0,Temp quartile 2,838,-0.0036346905912123,0.0524347936609893,0.0272657860369006,-0.0560694842522016,-0.0309004766281129,False,False,False,,3,0,2369
d=3 s=0,Temp quartile 3,825,-0.0023612750885478,0.0352284503468201,0.0211816246285869,-0.0375897254353679,-0.0235428997171348,False,False,False,,3,0,2369
d=3 s=0,Urine quartile 0,859,-0.0313289760348584,0.0089618694801039,0.0291631104052698,-0.0402908455149623,-0.0604920864401282,False,False,False,,3,0,2369
d=3 s=0,Urine quartile 1,913,-0.0210526315789473,0.0104313169567025,-0.0343907293201246,-0.0314839485356499,0.0133380977411772,True,True,True,,3,0,2369
d=3 s=0,Urine quartile 2,802,0.0149901230333403,0.0358422682461098,-0.0133953938605945,-0.0208521452127695,0.0283855168939348,True,True,True,,3,0,2369
d=3 s=0,Urine quartile 3,855,0.0601118199903958,0.0563966563875054,-0.0044212149017899,0.0037151636028904,0.0645330348921858,True,False,True,,3,0,2369
d=3 s=0,SAPS quartile 0,1025,0.0026756349262149,0.0184439438424582,-0.0038433659445169,-0.0157683089162433,0.0065190008707318,True,True,True,,3,0,2369
d=3 s=0,SAPS quartile 1,946,0.0452124666297511,0.0674302608460005,-0.0078274768868126,-0.0222177942162494,0.0530399435165638,True,True,True,,3,0,2369
d=3 s=0,SAPS quartile 2,660,0.0015384615384615,0.0222098775389179,0.0402539922482926,-0.0206714160004563,-0.0387155307098311,False,False,False,,3,0,2369
d=3 s=0,SAPS quartile 3,798,-0.0389986891196934,0.0279328999795607,0.0085782922624609,-0.0669315890992542,-0.0475769813821544,False,False,False,,3,0,2369
d=3 s=0,HR > 100,945,-0.0351262896411669,-0.0265063055064978,-0.0014619473785917,-0.0086199841346691,-0.0336643422625752,False,False,False,,3,0,2369
d=3 s=0,MAP < 65,697,-0.0279136809159047,0.0514471319862345,0.0263668590130111,-0.0793608129021393,-0.0542805399289159,False,False,False,,3,0,2369
d=3 s=0,Temp > 38C,267,-0.0430204913392958,0.0306413829368007,0.0385076860299949,-0.0736618742760965,-0.0815281773692907,False,False,False,,3,0,2369
d=3 s=0,Urine > 1000,210,0.0458952811893988,0.0760792178272077,-0.0367900483830007,-0.0301839366378088,0.0826853295723996,True,True,True,,3,0,2369
d=3 s=0,Random 50% #1,1714,0.0148182289884191,0.0123350478202012,-0.0017941403729169,0.0024831811682179,0.0166123693613361,True,False,True,,3,0,2369
d=3 s=0,Random 50% #2,1714,0.0038708396744524,0.0171179723053787,-0.0015803950250911,-0.0132471326309262,0.0054512346995436,True,True,True,,3,0,2369
d=3 s=0,Random 50% #3,1714,0.0221853388658367,0.0297630949523694,0.0162352225159766,-0.0075777560865326,0.0059501163498601,False,True,True,,3,0,2369
d=3 s=0,Random 50% #4,1714,0.0209444740819774,0.0132845114521149,0.0038468444900238,0.0076599626298624,0.0170976295919535,False,False,False,,3,0,2369
d=3 s=0,Random 50% #5,1714,0.025145147627017,0.0064243311417866,0.009910905845743,0.0187208164852303,0.015234241781274,False,False,False,,3,0,2369
d=3 s=0,Random 50% #6,1714,-0.0032358828377694,0.0343323946665124,0.0594577177674057,-0.0375682775042819,-0.0626936006051752,False,False,False,,3,0,2369
d=3 s=0,Random 50% #7,1714,0.0203886964648963,0.0324841901524931,0.0205283807068898,-0.0120954936875967,-0.0001396842419935,False,False,False,,3,0,2369
d=3 s=0,Random 50% #8,1714,-0.0080211409064465,0.0368387315642694,0.0245409515600844,-0.0448598724707159,-0.032562092466531,False,False,False,,3,0,2369
d=3 s=0,Random 50% #9,1714,-0.0018808498325041,0.0599135613129431,0.0276601642496779,-0.0617944111454473,-0.0295410140821821,False,False,False,,3,0,2369
d=3 s=0,Random 50% #10,1714,0.0032849222618878,0.0410073134269094,-0.0186532344469613,-0.0377223911650215,0.0219381567088492,True,True,True,,3,0,2369
d=3 s=0,Random 50% #11,1714,0.0064028840624585,0.0334605405092628,0.0006593098320704,-0.0270576564468042,0.005743574230388,False,True,True,,3,0,2369
d=3 s=0,Random 50% #12,1714,-0.0033234372422892,0.0372886319589444,-0.0051070432398024,-0.0406120692012337,0.0017836059975131,True,True,True,,3,0,2369
d=3 s=0,Random 50% #13,1714,0.0032517955657333,0.0429525368715917,-0.0024651243824876,-0.0397007413058584,0.0057169199482209,True,True,True,,3,0,2369
d=3 s=0,Random 50% #14,1714,0.0062157191184681,0.0370596831059322,0.0018428754739119,-0.030843963987464,0.0043728436445562,False,True,True,,3,0,2369
d=3 s=0,Random 50% #15,1714,0.0026854501430772,0.0410471189288774,0.0406992363660076,-0.0383616687858001,-0.0380137862229303,False,False,False,,3,0,2369
d=3 s=0,Random 50% #16,1714,0.0188052608311229,0.0468097414051544,0.0426844356492469,-0.0280044805740315,-0.0238791748181239,False,False,False,,3,0,2369
d=3 s=0,Random 50% #17,1714,0.0073507410721795,0.0190418964869765,0.0326055198587384,-0.0116911554147969,-0.0252547787865589,False,False,False,,3,0,2369
d=3 s=0,Random 50% #18,1714,0.0251803786741562,0.0311454709699259,0.0466051185430549,-0.0059650922957697,-0.0214247398688987,False,False,False,,3,0,2369
d=3 s=0,Random 50% #19,1714,0.0087463233253787,0.0094411384285151,-0.0176942423486414,-0.0006948151031363,0.0264405656740202,True,True,True,,3,0,2369
d=3 s=0,Random 50% #20,1714,0.0239488541873964,0.0215134362995597,0.0350848075061704,0.0024354178878366,-0.011135953318774,False,True,True,,3,0,2369
d=3 s=0,Random 50% #21,1714,0.0016605879752431,0.0342700118084404,0.030685443758332,-0.0326094238331972,-0.0290248557830889,False,False,False,,3,0,2369
d=3 s=0,Random 50% #22,1714,0.0178287222426975,0.0267255462798149,0.0470128116271182,-0.0088968240371173,-0.0291840893844206,False,False,False,,3,0,2369
d=3 s=0,Random 50% #23,1714,-0.0051929851771431,0.0528513429036687,0.0288112874030614,-0.0580443280808118,-0.0340042725802045,False,False,False,,3,0,2369
d=3 s=0,Random 50% #24,1714,0.0201698382197979,0.0258046300875978,0.0180870707876358,-0.0056347918677999,0.0020827674321621,False,True,True,,3,0,2369
d=3 s=0,Random 50% #25,1714,0.0024135223603308,0.0372203161135933,-0.0054337420134561,-0.0348067937532625,0.0078472643737869,True,True,True,,3,0,2369
d=3 s=0,Random 50% #26,1714,-0.0063986093578627,0.0425786309499291,-0.0156774584060741,-0.0489772403077918,0.0092788490482114,True,True,True,,3,0,2369
d=3 s=0,Random 50% #27,1714,-0.0048317683881064,0.0312276727956226,-0.0181052457643184,-0.036059441183729,0.0132734773762119,True,True,True,,3,0,2369
d=3 s=0,Random 50% #28,1714,0.0098094573797898,0.0255461738818119,0.0478326508426565,-0.015736716502022,-0.0380231934628666,False,False,False,,3,0,2369
d=3 s=0,Random 50% #29,1714,0.0125552608311229,0.0367738909460736,-0.0208726494010043,-0.0242186301149507,0.0334279102321272,True,True,True,,3,0,2369
d=3 s=0,Random 50% #30,1714,0.0022139615866539,0.0215899258834008,0.0091365534702592,-0.0193759642967469,-0.0069225918836052,False,False,False,,3,0,2369
d=3 s=0,Random 50% #31,1714,0.0081502190717898,0.0416311654120823,-0.0277774088742747,-0.0334809463402924,0.0359276279460646,True,True,True,,3,0,2369
d=3 s=0,Random 50% #32,1714,-0.0092920029904661,0.0023697431173022,0.0265612290782298,-0.0116617461077684,-0.0358532320686959,False,False,False,,3,0,2369
d=3 s=0,Random 50% #33,1714,-0.002514181228832,0.0379020127880141,0.0273836895837342,-0.0404161940168461,-0.0298978708125662,False,False,False,,3,0,2369
d=3 s=0,Random 50% #34,1714,0.0070180513371488,0.0230951619222368,-0.0001702487625098,-0.016077110585088,0.0071883000996587,True,True,True,,3,0,2369
d=3 s=0,Random 50% #35,1714,0.0093248828878478,0.0368441699606782,0.0173444459615938,-0.0275192870728303,-0.0080195630737459,False,False,False,,3,0,2369
d=3 s=0,Random 50% #36,1714,0.016912667846362,0.0341434261956784,0.0288423087889378,-0.0172307583493164,-0.0119296409425758,False,False,False,,3,0,2369
d=3 s=0,Random 50% #37,1714,0.0036653828805384,0.0471517886880156,0.0044754134834059,-0.0434864058074771,-0.0008100306028674,False,False,False,,3,0,2369
d=3 s=0,Random 50% #38,1714,0.0021576191788371,0.0264506985875712,0.0014094576025014,-0.024293079408734,0.0007481615763357,False,True,True,,3,0,2369
d=3 s=0,Random 50% #39,1714,0.0170086158804934,0.0204674258265797,0.0317139567601114,-0.0034588099460862,-0.014705340879618,False,False,False,,3,0,2369
d=3 s=0,Random 50% #40,1714,0.018520937100027,0.0362590919550499,0.0263546066328707,-0.0177381548550228,-0.0078336695328437,False,False,False,,3,0,2369
d=3 s=0,Random 50% #41,1714,0.0027199322354597,0.0417815092316136,-0.0117533052954796,-0.0390615769961539,0.0144732375309394,True,True,True,,3,0,2369
d=3 s=0,Random 50% #42,1714,0.0178900300253214,0.0615777518910536,-0.0014365909011969,-0.0436877218657322,0.0193266209265183,True,True,True,,3,0,2369
d=3 s=0,Random 50% #43,1714,0.0169958506224066,0.030991417138236,0.0128796340354236,-0.0139955665158294,0.0041162165869829,False,True,True,,3,0,2369
d=3 s=0,Random 50% #44,1714,-0.0080414937759336,0.0393629278542495,0.0252211785556252,-0.0474044216301831,-0.0332626723315588,False,False,False,,3,0,2369
d=3 s=0,Random 50% #45,1714,-0.0006684003732017,0.0472609165436008,0.0019116519572056,-0.0479293169168025,-0.0025800523304073,False,False,False,,3,0,2369
d=3 s=0,Random 50% #46,1714,-0.0127567411871579,0.0420708050709439,-0.0023138856993234,-0.0548275462581019,-0.0104428554878344,True,False,True,,3,0,2369
d=3 s=0,Random 50% #47,1714,-0.0023071888899981,0.0423276162260873,0.0093319142205406,-0.0446348051160854,-0.0116391031105387,False,False,False,,3,0,2369
d=3 s=0,Random 50% #48,1714,0.0007707867678387,0.0519482643062034,0.0256284938448199,-0.0511774775383647,-0.0248577070769812,False,False,False,,3,0,2369
d=3 s=0,Random 50% #49,1714,-0.0052585890287469,0.0261355951016269,0.022000181207141,-0.0313941841303739,-0.0272587702358879,False,False,False,,3,0,2369
d=3 s=0,Random 50% #50,1714,-0.009935439192208,0.0209253804686257,-0.020175472794352,-0.0308608196608337,0.010240033602144,True,True,True,,3,0,2369
d=3 s=0,Random 30% #1,1028,0.0177032019704433,0.0580088295945425,0.0304917990104512,-0.0403056276240991,-0.0127885970400079,False,False,False,,3,0,2369
d=3 s=0,Random 30% #2,1028,-0.0188812287552644,0.045721484096043,0.0126858147983059,-0.0646027128513075,-0.0315670435535704,False,False,False,,3,0,2369
d=3 s=0,Random 30% #3,1028,-0.0136963318843895,-0.0063180507277351,-0.0094477348578255,-0.0073782811566543,-0.0042485970265639,False,False,False,,3,0,2369
d=3 s=0,Random 30% #4,1028,0.012612065619632,0.0195814143824489,-0.0116480414726296,-0.0069693487628168,0.0242601070922617,True,True,True,,3,0,2369
d=3 s=0,Random 30% #5,1028,0.012955140579904,0.0321286316903323,0.0290147066853434,-0.0191734911104283,-0.0160595661054393,False,False,False,,3,0,2369
d=3 s=0,Random 30% #6,1028,0.011061887501678,0.048000279053319,0.0290405215353111,-0.0369383915516409,-0.017978634033633,False,False,False,,3,0,2369
d=3 s=0,Random 30% #7,1028,-0.0019795447047178,0.0398648251011161,0.0102164153818541,-0.041844369805834,-0.012195960086572,False,False,False,,3,0,2369
d=3 s=0,Random 30% #8,1028,-0.0013757582957458,0.0352824550082888,0.0166166050500685,-0.0366582133040347,-0.0179923633458144,False,False,False,,3,0,2369
d=3 s=0,Random 30% #9,1028,0.0167924069116573,0.040435823796745,0.0103879435600787,-0.0236434168850876,0.0064044633515785,False,True,True,,3,0,2369
d=3 s=0,Random 30% #10,1028,0.0218614718614718,0.0275942525815833,-0.0129877786612514,-0.0057327807201115,0.0348492505227232,True,True,True,,3,0,2369
d=3 s=0,Random 30% #11,1028,0.0036992125742528,0.0424351343165398,0.0195680760547369,-0.0387359217422869,-0.0158688634804841,False,False,False,,3,0,2369
d=3 s=0,Random 30% #12,1028,-0.0176439165409753,-0.0047542338224538,-0.0112429497925178,-0.0128896827185214,-0.0064009667484574,False,False,False,,3,0,2369
d=3 s=0,Random 30% #13,1028,0.0061871080085679,0.0474589039552274,-0.0084741999803679,-0.0412717959466594,0.0146613079889359,True,True,True,,3,0,2369
d=3 s=0,Random 30% #14,1028,-0.0024039572835282,0.0493900793398789,0.0080007169435325,-0.0517940366234071,-0.0104046742270607,False,False,False,,3,0,2369
d=3 s=0,Random 30% #15,1028,-0.0014797507788162,0.0462917081339225,0.0092270528235033,-0.0477714589127387,-0.0107068036023195,False,False,False,,3,0,2369
d=3 s=0,Random 30% #16,1028,0.006823838043474,0.0282409272185536,-0.0109117709391515,-0.0214170891750795,0.0177356089826256,True,True,True,,3,0,2369
d=3 s=0,Random 30% #17,1028,0.0030261642698374,0.0541284333973035,0.0073323797015485,-0.051102269127466,-0.0043062154317111,False,False,False,,3,0,2369
d=3 s=0,Random 30% #18,1028,0.008237689744539,0.0578292702277058,-0.008256819253167,-0.0495915804831667,0.0164945089977061,True,True,True,,3,0,2369
d=3 s=0,Random 30% #19,1028,0.0066883064376393,0.0100612562880248,-0.0039836107813487,-0.0033729498503855,0.010671917218988,True,True,True,,3,0,2369
d=3 s=0,Random 30% #20,1028,-0.0099963316214233,0.0265756170060128,-0.0012471902420267,-0.0365719486274362,-0.0087491413793965,True,False,True,,3,0,2369
d=3 s=0,Random 30% #21,1028,0.002277451699682,0.0473347133813092,-0.0307858890980673,-0.0450572616816271,0.0330633407977494,True,True,True,,3,0,2369
d=3 s=0,Random 30% #22,1028,0.0271739130434782,0.0215598424178041,0.0171507825546949,0.005614070625674,0.0100231304887833,False,False,False,,3,0,2369
d=3 s=0,Random 30% #23,1028,0.0053719593676173,0.0548367407713105,0.0188463718614272,-0.0494647814036931,-0.0134744124938098,False,False,False,,3,0,2369
d=3 s=0,Random 30% #24,1028,0.0374355138753044,0.0352791710576156,0.0108922919640142,0.0021563428176888,0.0265432219112902,False,False,False,,3,0,2369
d=3 s=0,Random 30% #25,1028,0.0207335170659317,0.0592953603782618,0.0190416919729788,-0.0385618433123301,0.0016918250929529,False,True,True,,3,0,2369
d=3 s=0,Random 30% #26,1028,0.000322640117994,0.0301109374449903,-0.0019139575783014,-0.0297882973269962,0.0022365976962955,True,True,True,,3,0,2369
d=3 s=0,Random 30% #27,1028,-0.0133699862551543,0.0372112206792211,0.0526156998820688,-0.0505812069343754,-0.0659856861372231,False,False,False,,3,0,2369
d=3 s=0,Random 30% #28,1028,0.0048546691403834,0.0540572439974414,0.0140639707391777,-0.049202574857058,-0.0092093015987943,False,False,False,,3,0,2369
d=3 s=0,Random 30% #29,1028,0.0132264436461088,0.0315813649141916,0.0114401579463334,-0.0183549212680827,0.0017862856997754,False,True,True,,3,0,2369
d=3 s=0,Random 30% #30,1028,0.0073191060456281,0.0571363153147009,-0.0353309085320019,-0.0498172092690728,0.04265001457763,True,True,True,,3,0,2369
d=3 s=0,Random 30% #31,1028,0.0186572318838355,0.0558345659572704,0.0069771844622052,-0.0371773340734348,0.0116800474216303,False,True,True,,3,0,2369
d=3 s=0,Random 30% #32,1028,0.0146773132638857,0.0542205237734429,0.0120144387990854,-0.0395432105095572,0.0026628744648002,False,True,True,,3,0,2369
d=3 s=0,Random 30% #33,1028,0.0107989019115876,0.042641224120913,-0.0038866164590209,-0.0318423222093254,0.0146855183706086,True,True,True,,3,0,2369
d=3 s=0,Random 30% #34,1028,0.0036708111308466,0.0475249222957572,-0.0046708337768534,-0.0438541111649106,0.0083416449077,True,True,True,,3,0,2369
d=3 s=0,Random 30% #35,1028,-0.0021279853031231,0.0250594292962693,-0.0061593114313922,-0.0271874145993924,0.004031326128269,True,True,True,,3,0,2369
d=3 s=0,Random 30% #36,1028,-0.0048226599270606,0.0592692122341595,0.0161347527864515,-0.0640918721612202,-0.0209574127135122,False,False,False,,3,0,2369
d=3 s=0,Random 30% #37,1028,-0.0037446257685728,0.0373014141641778,-0.0042056780543154,-0.0410460399327507,0.0004610522857425,True,True,True,,3,0,2369
d=3 s=0,Random 30% #38,1028,0.0108722741433021,-0.0010153782479318,0.044058990932035,0.0118876523912339,-0.0331867167887329,True,True,True,,3,0,2369
d=3 s=0,Random 30% #39,1028,0.0380230468256006,0.0205514117146895,-0.0071281087935962,0.017471635110911,0.0451511556191968,True,False,True,,3,0,2369
d=3 s=0,Random 30% #40,1028,-0.0156995008383602,0.022210113224411,0.0077918627691321,-0.0379096140627712,-0.0234913636074924,False,False,False,,3,0,2369
d=3 s=0,Random 30% #41,1028,0.0003191021554961,0.0132819435367262,0.0006136264734149,-0.0129628413812301,-0.0002945243179187,False,False,False,,3,0,2369
d=3 s=0,Random 30% #42,1028,0.0039796984507742,8.744860345619165e-05,-0.003161806901848,0.003892249847318,0.0071415053526223,True,False,True,,3,0,2369
d=3 s=0,Random 30% #43,1028,0.0320665445665445,0.0486746634445762,0.0013577127509557,-0.0166081188780317,0.0307088318155887,False,True,True,,3,0,2369
d=3 s=0,Random 30% #44,1028,0.014617494198646,0.030760888723162,0.0043906973315259,-0.016143394524516,0.01022679686712,False,True,True,,3,0,2369
d=3 s=0,Random 30% #45,1028,-0.010677190889205,0.036111782036193,-0.0314041343125906,-0.046788972925398,0.0207269434233856,True,True,True,,3,0,2369
d=3 s=0,Random 30% #46,1028,-0.0211341559464426,0.0308056599212442,-0.0149590926541341,-0.0519398158676869,-0.0061750632923084,True,False,True,,3,0,2369
d=3 s=0,Random 30% #47,1028,0.0021068472535741,0.0550014976998635,0.011834281280386,-0.0528946504462894,-0.0097274340268119,False,False,False,,3,0,2369
d=3 s=0,Random 30% #48,1028,0.0099373113536103,0.0484283875894974,-0.0077581506641499,-0.038491076235887,0.0176954620177603,True,True,True,,3,0,2369
d=3 s=0,Random 30% #49,1028,-0.0033935788911766,0.0462503185182212,-0.0037700205477983,-0.0496438974093979,0.0003764416566216,True,True,True,,3,0,2369
d=3 s=0,Random 30% #50,1028,-0.0149638584774062,0.0430168571170271,0.0581405066382353,-0.0579807155944333,-0.0731043651156416,False,False,False,,3,0,2369
d=3 s=1,All Patients,3429,0.0078818040435458,0.0487269630313213,0.0112444399721104,-0.0408451589877754,-0.0033626359285645,False,False,False,,3,1,2369
d=3 s=1,ICUType 1.0,490,0.0294939989088925,0.0838163566185781,0.0029259157405121,-0.0543223577096855,0.0265680831683803,False,True,True,,3,1,2369
d=3 s=1,ICUType 2.0,643,-0.000975689080413,0.023372496580736,-0.0087872194744062,-0.0243481856611491,0.0078115303939931,True,True,True,,3,1,2369
d=3 s=1,ICUType 3.0,1357,-0.0217764843549488,0.0074185333898533,-0.0206541565521693,-0.0291950177448021,-0.0011223278027794,True,False,True,,3,1,2369
d=3 s=1,ICUType 4.0,939,0.0202084035501629,0.0617191933950689,0.0169524183329169,-0.041510789844906,0.0032559852172459,False,True,True,,3,1,2369
d=3 s=1,Age decile 0,374,0.046026807780653,0.044871453156415,-0.021199726007899,0.001155354624238,0.067226533788552,True,False,True,,3,1,2369
d=3 s=1,Age decile 1,344,0.0273634472301562,0.0483155463248438,-0.0222184994139499,-0.0209520990946876,0.0495819466441061,True,True,True,,3,1,2369
d=3 s=1,Age decile 2,347,0.0042864169770219,0.0353935842973186,-0.0002827528265179,-0.0311071673202966,0.0045691698035399,True,True,True,,3,1,2369
d=3 s=1,Age decile 3,325,0.0096292729898892,0.0652514142824011,-0.0233520064910226,-0.0556221412925119,0.0329812794809118,True,True,True,,3,1,2369
d=3 s=1,Age decile 4,372,-0.0152359717577108,0.0295182364961712,-0.0179102839940504,-0.0447542082538821,0.0026743122363395,True,True,True,,3,1,2369
d=3 s=1,Age decile 5,344,-0.0250497851378262,0.0307316009013507,-0.037437162645459,-0.055781386039177,0.0123873775076328,True,True,True,,3,1,2369
d=3 s=1,Age decile 6,397,-0.0004719207173194,0.048551771081973,-0.035679802407156,-0.0490236917992925,0.0352078816898365,True,True,True,,3,1,2369
d=3 s=1,Age decile 7,247,0.0173747705218987,0.0482597018784489,0.0103495867699743,-0.0308849313565501,0.0070251837519244,False,True,True,,3,1,2369
d=3 s=1,Age decile 8,354,-0.0216450216450216,0.0579125870140012,-0.0214079757453529,-0.0795576086590228,-0.0002370458996687,True,False,True,,3,1,2369
d=3 s=1,Age decile 9,325,-0.0771864301276066,0.0496827695776204,0.0080960770849903,-0.1268691997052271,-0.085282507212597,False,False,False,,3,1,2369
d=3 s=1,HR quartile 0,877,0.0371049136786188,0.0833260234667079,0.038751060280063,-0.046221109788089,-0.0016461466014441,False,False,False,,3,1,2369
d=3 s=1,HR quartile 1,917,-0.0169849537037037,0.0430913935649925,-0.0245514462249582,-0.0600763472686962,0.0075664925212545,True,True,True,,3,1,2369
d=3 s=1,HR quartile 2,816,0.034861311019492,0.0427698622029907,0.037857607447453,-0.0079085511834986,-0.002996296427961,False,False,False,,3,1,2369
d=3 s=1,HR quartile 3,819,-0.0232600311906863,0.0365001339615717,-0.0123342384816917,-0.059760165152258,-0.0109257927089945,True,False,True,,3,1,2369
d=3 s=1,MAP quartile 0,877,-0.0141240285818599,0.0383216205917063,0.011102804402777,-0.0524456491735662,-0.0252268329846369,False,False,False,,3,1,2369
d=3 s=1,MAP quartile 1,840,0.02392179413456,0.0068810987050248,0.0044106733057358,0.0170406954295352,0.0195111208288242,False,False,False,,3,1,2369
d=3 s=1,MAP quartile 2,866,0.0104058609958506,0.0291447417259418,-0.0005305174086269,-0.0187388807300911,0.0109363784044775,True,True,True,,3,1,2369
d=3 s=1,MAP quartile 3,846,0.0090927756430939,0.0747636926362907,0.0056386120303761,-0.0656709169931967,0.0034541636127177,False,True,True,,3,1,2369
d=3 s=1,Temp quartile 0,902,0.0068727157158747,0.0506293739109556,0.02375993814242,-0.0437566581950808,-0.0168872224265452,False,False,False,,3,1,2369
d=3 s=1,Temp quartile 1,864,0.0305627470437901,0.0455049781937257,-0.0227100726070562,-0.0149422311499356,0.0532728196508464,True,True,True,,3,1,2369
d=3 s=1,Temp quartile 2,838,-0.0036346905912123,0.0487677710475919,0.0314650775117589,-0.0524024616388043,-0.0350997681029713,False,False,False,,3,1,2369
d=3 s=1,Temp quartile 3,825,-0.0023612750885478,0.0430532603643339,-0.0016976766186474,-0.0454145354528817,-0.0006635984699003,True,False,True,,3,1,2369
d=3 s=1,Urine quartile 0,859,-0.0313289760348584,0.02443619840994,0.0445789804169656,-0.0557651744447984,-0.075907956451824,False,False,False,,3,1,2369
d=3 s=1,Urine quartile 1,913,-0.0210526315789473,0.0282034999438592,-0.0140300580626037,-0.0492561315228066,-0.0070225735163436,True,False,True,,3,1,2369
d=3 s=1,Urine quartile 2,802,0.0149901230333403,0.0391617201290351,-0.0052062607407487,-0.0241715970956948,0.020196383774089,True,True,True,,3,1,2369
d=3 s=1,Urine quartile 3,855,0.0601118199903958,0.0484730532603827,-0.0364553189585774,0.011638766730013,0.0965671389489732,True,False,True,,3,1,2369
d=3 s=1,SAPS quartile 0,1025,0.0026756349262149,0.0280802939044407,-0.0288473230548844,-0.0254046589782258,0.0315229579810994,True,True,True,,3,1,2369
d=3 s=1,SAPS quartile 1,946,0.0452124666297511,-0.0049705998131715,0.0023355490437193,0.0501830664429227,0.0428769175860317,True,False,True,,3,1,2369
d=3 s=1,SAPS quartile 2,660,0.0015384615384615,0.0444656358855565,0.0075710705494354,-0.042927174347095,-0.0060326090109739,False,False,False,,3,1,2369
d=3 s=1,SAPS quartile 3,798,-0.0389986891196934,0.0522310650420409,0.0462610356986756,-0.0912297541617344,-0.0852597248183691,False,False,False,,3,1,2369
d=3 s=1,HR > 100,945,-0.0351262896411669,0.0330691511861221,0.0033009111081286,-0.0681954408272891,-0.0384272007492955,False,False,False,,3,1,2369
d=3 s=1,MAP < 65,697,-0.0279136809159047,0.0296327758721036,-0.0168094479443835,-0.0575464567880084,-0.0111042329715212,True,False,True,,3,1,2369
d=3 s=1,Temp > 38C,267,-0.0430204913392958,0.0673060863071461,-0.0060289714689393,-0.1103265776464419,-0.0369915198703564,True,False,True,,3,1,2369
d=3 s=1,Urine > 1000,210,0.0458952811893988,0.07241016024951,-0.038666266159546,-0.0265148790601112,0.0845615473489449,True,True,True,,3,1,2369
d=3 s=1,Random 50% #1,1714,0.0148182289884191,0.0218766483844888,0.0158626747112941,-0.0070584193960696,-0.0010444457228749,False,False,False,,3,1,2369
d=3 s=1,Random 50% #2,1714,0.0038708396744524,0.0254323755949775,0.0164779263791732,-0.0215615359205251,-0.0126070867047207,False,False,False,,3,1,2369
d=3 s=1,Random 50% #3,1714,0.0221853388658367,0.0374921004116493,0.0311784763957128,-0.0153067615458125,-0.0089931375298761,False,False,False,,3,1,2369
d=3 s=1,Random 50% #4,1714,0.0209444740819774,0.0160546847521247,0.0283910269454398,0.0048897893298527,-0.0074465528634624,False,True,True,,3,1,2369
d=3 s=1,Random 50% #5,1714,0.025145147627017,0.0253801853962352,0.0297577250626576,-0.0002350377692181,-0.0046125774356405,False,False,False,,3,1,2369
d=3 s=1,Random 50% #6,1714,-0.0032358828377694,0.0269781405164294,0.0205543900732975,-0.0302140233541989,-0.023790272911067,False,False,False,,3,1,2369
d=3 s=1,Random 50% #7,1714,0.0203886964648963,0.041370154645162,0.0310311133779941,-0.0209814581802657,-0.0106424169130978,False,False,False,,3,1,2369
d=3 s=1,Random 50% #8,1714,-0.0080211409064465,0.0336905510981472,0.0076015993650441,-0.0417116920045938,-0.0156227402714906,False,False,False,,3,1,2369
d=3 s=1,Random 50% #9,1714,-0.0018808498325041,0.0420199061497142,0.0451799027241895,-0.0439007559822184,-0.0470607525566937,False,False,False,,3,1,2369
d=3 s=1,Random 50% #10,1714,0.0032849222618878,0.0396001328536896,0.0198536757986778,-0.0363152105918018,-0.0165687535367899,False,False,False,,3,1,2369
d=3 s=1,Random 50% #11,1714,0.0064028840624585,0.0312617483857654,0.0190470714183276,-0.0248588643233069,-0.012644187355869,False,False,False,,3,1,2369
d=3 s=1,Random 50% #12,1714,-0.0033234372422892,0.0207408803760646,0.0261866816204785,-0.0240643176183539,-0.0295101188627678,False,False,False,,3,1,2369
d=3 s=1,Random 50% #13,1714,0.0032517955657333,0.0137779874881083,0.0042574237410512,-0.010526191922375,-0.0010056281753179,False,False,False,,3,1,2369
d=3 s=1,Random 50% #14,1714,0.0062157191184681,0.0345433173188301,-0.0103676537972329,-0.028327598200362,0.016583372915701,True,True,True,,3,1,2369
d=3 s=1,Random 50% #15,1714,0.0026854501430772,0.0456129415479631,0.0204704643983115,-0.0429274914048859,-0.0177850142552342,False,False,False,,3,1,2369
d=3 s=1,Random 50% #16,1714,0.0188052608311229,0.0506036014400535,0.0228201540535515,-0.0317983406089305,-0.0040148932224285,False,False,False,,3,1,2369
d=3 s=1,Random 50% #17,1714,0.0073507410721795,0.0302096200338429,0.0451837176366959,-0.0228588789616634,-0.0378329765645163,False,False,False,,3,1,2369
d=3 s=1,Random 50% #18,1714,0.0251803786741562,0.0426255961011688,0.0208586159571428,-0.0174452174270126,0.0043217627170133,False,True,True,,3,1,2369
d=3 s=1,Random 50% #19,1714,0.0087463233253787,0.019847456471961,-0.0171347880804639,-0.0111011331465823,0.0258811114058427,True,True,True,,3,1,2369
d=3 s=1,Random 50% #20,1714,0.0239488541873964,0.0278268471642822,0.0341542167286682,-0.0038779929768858,-0.0102053625412718,False,False,False,,3,1,2369
d=3 s=1,Random 50% #21,1714,0.0016605879752431,0.0236076335866281,0.0033081427221863,-0.0219470456113849,-0.0016475547469431,False,False,False,,3,1,2369
d=3 s=1,Random 50% #22,1714,0.0178287222426975,0.0233895385531686,0.0375889148914192,-0.0055608163104711,-0.0197601926487216,False,False,False,,3,1,2369
d=3 s=1,Random 50% #23,1714,-0.0051929851771431,0.0500190357795145,0.009946540101459,-0.0552120209566576,-0.0151395252786021,False,False,False,,3,1,2369
d=3 s=1,Random 50% #24,1714,0.0201698382197979,0.0120081437012489,0.0365150178464853,0.0081616945185489,-0.0163451796266874,False,True,True,,3,1,2369
d=3 s=1,Random 50% #25,1714,0.0024135223603308,0.0323659282567342,0.0004482768874961,-0.0299524058964034,0.0019652454728346,False,True,True,,3,1,2369
d=3 s=1,Random 50% #26,1714,-0.0063986093578627,0.0253338800425,0.0049100739758293,-0.0317324894003627,-0.011308683333692,False,False,False,,3,1,2369
d=3 s=1,Random 50% #27,1714,-0.0048317683881064,0.0226785329220316,-0.0031705747870554,-0.0275103013101381,-0.0016611936010509,True,False,True,,3,1,2369
d=3 s=1,Random 50% #28,1714,0.0098094573797898,0.0179059363496104,0.0488161493299696,-0.0080964789698206,-0.0390066919501798,False,False,False,,3,1,2369
d=3 s=1,Random 50% #29,1714,0.0125552608311229,0.022005533402997,0.0434312828909737,-0.0094502725718741,-0.0308760220598507,False,False,False,,3,1,2369
d=3 s=1,Random 50% #30,1714,0.0022139615866539,0.0339643915938367,0.0118096211913807,-0.0317504300071828,-0.0095956596047268,False,False,False,,3,1,2369
d=3 s=1,Random 50% #31,1714,0.0081502190717898,0.0344415160369994,0.0274376938601085,-0.0262912969652096,-0.0192874747883187,False,False,False,,3,1,2369
d=3 s=1,Random 50% #32,1714,-0.0092920029904661,0.0115790887186222,0.0150933092079082,-0.0208710917090884,-0.0243853121983744,False,False,False,,3,1,2369
d=3 s=1,Random 50% #33,1714,-0.002514181228832,0.0424989432896818,-0.0047508483979269,-0.0450131245185139,0.0022366671690948,True,True,True,,3,1,2369
d=3 s=1,Random 50% #34,1714,0.0070180513371488,0.0316994677232653,0.0068073282768973,-0.0246814163861165,0.0002107230602514,False,True,True,,3,1,2369
d=3 s=1,Random 50% #35,1714,0.0093248828878478,0.0352840487160958,0.0213512693012347,-0.0259591658282479,-0.0120263864133869,False,False,False,,3,1,2369
d=3 s=1,Random 50% #36,1714,0.016912667846362,0.0170447955480062,0.0223589346055105,-0.0001321277016442,-0.0054462667591485,False,False,False,,3,1,2369
d=3 s=1,Random 50% #37,1714,0.0036653828805384,0.0382069389713149,0.0021287097964172,-0.0345415560907764,0.0015366730841212,False,True,True,,3,1,2369
d=3 s=1,Random 50% #38,1714,0.0021576191788371,0.0300098249803184,0.00950805934154,-0.0278522058014812,-0.0073504401627028,False,False,False,,3,1,2369
d=3 s=1,Random 50% #39,1714,0.0170086158804934,0.0213828480949378,0.0356628238839125,-0.0043742322144444,-0.0186542080034191,False,False,False,,3,1,2369
d=3 s=1,Random 50% #40,1714,0.018520937100027,0.0459841196776859,0.0398310866588245,-0.0274631825776588,-0.0213101495587974,False,False,False,,3,1,2369
d=3 s=1,Random 50% #41,1714,0.0027199322354597,0.0135944738053951,0.009556323985911,-0.0108745415699354,-0.0068363917504513,False,False,False,,3,1,2369
d=3 s=1,Random 50% #42,1714,0.0178900300253214,0.0624701928277618,0.0063453271536059,-0.0445801628024404,0.0115447028717154,False,True,True,,3,1,2369
d=3 s=1,Random 50% #43,1714,0.0169958506224066,0.0208801023691744,0.0188946296774737,-0.0038842517467677,-0.001898779055067,False,False,False,,3,1,2369
d=3 s=1,Random 50% #44,1714,-0.0080414937759336,0.0332691184384244,0.0144307649357003,-0.041310612214358,-0.0224722587116339,False,False,False,,3,1,2369
d=3 s=1,Random 50% #45,1714,-0.0006684003732017,0.0513810295760319,0.0103713905400314,-0.0520494299492336,-0.0110397909132331,False,False,False,,3,1,2369
d=3 s=1,Random 50% #46,1714,-0.0127567411871579,0.0145787459070879,0.0019688725380602,-0.0273354870942459,-0.0147256137252182,False,False,False,,3,1,2369
d=3 s=1,Random 50% #47,1714,-0.0023071888899981,0.0501355615755145,0.0233862818775008,-0.0524427504655126,-0.0256934707674989,False,False,False,,3,1,2369
d=3 s=1,Random 50% #48,1714,0.0007707867678387,0.0303390407367505,0.0231840360887195,-0.0295682539689118,-0.0224132493208807,False,False,False,,3,1,2369
d=3 s=1,Random 50% #49,1714,-0.0052585890287469,0.0492494095671753,0.0163291436522223,-0.0545079985959223,-0.0215877326809693,False,False,False,,3,1,2369
d=3 s=1,Random 50% #50,1714,-0.009935439192208,0.0049322549686252,-0.0064115685956364,-0.0148676941608332,-0.0035238705965716,True,False,True,,3,1,2369
d=3 s=1,Random 30% #1,1028,0.0177032019704433,0.0311646359958693,0.0450750511234237,-0.0134614340254259,-0.0273718491529804,False,False,False,,3,1,2369
d=3 s=1,Random 30% #2,1028,-0.0188812287552644,0.0197049655064621,0.0204474445014586,-0.0385861942617266,-0.039328673256723,False,False,False,,3,1,2369
d=3 s=1,Random 30% #3,1028,-0.0136963318843895,-0.003041893549592,0.0169695888383042,-0.0106544383347975,-0.0306659207226937,True,False,True,,3,1,2369
d=3 s=1,Random 30% #4,1028,0.012612065619632,0.0403394989722837,0.0076501588821921,-0.0277274333526516,0.0049619067374398,False,True,True,,3,1,2369
d=3 s=1,Random 30% #5,1028,0.012955140579904,0.0282086713560291,0.0169398494836115,-0.0152535307761251,-0.0039847089037074,False,False,False,,3,1,2369
d=3 s=1,Random 30% #6,1028,0.011061887501678,0.0181431828967515,0.0304281053613634,-0.0070812953950734,-0.0193662178596853,False,False,False,,3,1,2369
d=3 s=1,Random 30% #7,1028,-0.0019795447047178,0.0574415579016435,0.0003806464709437,-0.0594211026063614,-0.0023601911756616,False,False,False,,3,1,2369
d=3 s=1,Random 30% #8,1028,-0.0013757582957458,0.0420170427440723,0.0169050279869689,-0.0433928010398182,-0.0182807862827148,False,False,False,,3,1,2369
d=3 s=1,Random 30% #9,1028,0.0167924069116573,0.034380485589682,0.0392099593105548,-0.0175880786780246,-0.0224175523988974,False,False,False,,3,1,2369
d=3 s=1,Random 30% #10,1028,0.0218614718614718,0.0085500828268655,-0.0310925800338595,0.0133113890346062,0.0529540518953314,True,False,True,,3,1,2369
d=3 s=1,Random 30% #11,1028,0.0036992125742528,0.0378707050310568,0.0024252130620116,-0.0341714924568039,0.0012739995122411,False,True,True,,3,1,2369
d=3 s=1,Random 30% #12,1028,-0.0176439165409753,0.0399163179799981,0.025467784666099,-0.0575602345209735,-0.0431117012070744,False,False,False,,3,1,2369
d=3 s=1,Random 30% #13,1028,0.0061871080085679,0.0547363281993609,0.0004905583860997,-0.048549220190793,0.0056965496224681,False,True,True,,3,1,2369
d=3 s=1,Random 30% #14,1028,-0.0024039572835282,0.039108304667805,0.0060914863498196,-0.0415122619513332,-0.0084954436333478,False,False,False,,3,1,2369
d=3 s=1,Random 30% #15,1028,-0.0014797507788162,0.0605118483970459,0.0088833449543344,-0.0619915991758621,-0.0103630957331506,False,False,False,,3,1,2369
d=3 s=1,Random 30% #16,1028,0.006823838043474,0.0207713086778468,-0.0251205828167757,-0.0139474706343727,0.0319444208602497,True,True,True,,3,1,2369
d=3 s=1,Random 30% #17,1028,0.0030261642698374,0.0280061871304945,0.0059465887681198,-0.0249800228606571,-0.0029204244982824,False,False,False,,3,1,2369
d=3 s=1,Random 30% #18,1028,0.008237689744539,0.0523332829341556,-0.0269674696626154,-0.0440955931896165,0.0352051594071545,True,True,True,,3,1,2369
d=3 s=1,Random 30% #19,1028,0.0066883064376393,0.0223958326873331,0.0019766764931916,-0.0157075262496938,0.0047116299444477,False,True,True,,3,1,2369
d=3 s=1,Random 30% #20,1028,-0.0099963316214233,0.0330583482871781,0.0030858567150879,-0.0430546799086015,-0.0130821883365112,False,False,False,,3,1,2369
d=3 s=1,Random 30% #21,1028,0.002277451699682,0.0353562049347125,-0.0360928221279336,-0.0330787532350304,0.0383702738276157,True,True,True,,3,1,2369
d=3 s=1,Random 30% #22,1028,0.0271739130434782,0.0252293788269388,0.0292704707882191,0.0019445342165393,-0.0020965577447409,False,True,True,,3,1,2369
d=3 s=1,Random 30% #23,1028,0.0053719593676173,0.0398699954017691,0.0443282362060517,-0.0344980360341517,-0.0389562768384344,False,False,False,,3,1,2369
d=3 s=1,Random 30% #24,1028,0.0374355138753044,0.0269422768373556,0.0049441576973037,0.0104932370379488,0.0324913561780006,False,False,False,,3,1,2369
d=3 s=1,Random 30% #25,1028,0.0207335170659317,0.0491635083244462,0.0040312094291758,-0.0284299912585144,0.0167023076367558,False,True,True,,3,1,2369
d=3 s=1,Random 30% #26,1028,0.000322640117994,0.0259040858950828,-0.0110516464001447,-0.0255814457770887,0.0113742865181388,True,True,True,,3,1,2369
d=3 s=1,Random 30% #27,1028,-0.0133699862551543,0.0367768376983927,0.0686037770607944,-0.050146823953547,-0.0819737633159487,False,False,False,,3,1,2369
d=3 s=1,Random 30% #28,1028,0.0048546691403834,0.0526310607288791,0.028044029211302,-0.0477763915884957,-0.0231893600709186,False,False,False,,3,1,2369
d=3 s=1,Random 30% #29,1028,0.0132264436461088,0.0308930499285076,-0.0023738739768836,-0.0176666062823987,0.0156003176229925,True,True,True,,3,1,2369
d=3 s=1,Random 30% #30,1028,0.0073191060456281,0.018587491889179,-0.0239153929073979,-0.0112683858435509,0.031234498953026,True,True,True,,3,1,2369
d=3 s=1,Random 30% #31,1028,0.0186572318838355,0.035330954887234,0.0438038371707301,-0.0166737230033985,-0.0251466052868946,False,False,False,,3,1,2369
d=3 s=1,Random 30% #32,1028,0.0146773132638857,0.0620031510158792,0.0196445108750066,-0.0473258377519935,-0.0049671976111209,False,False,False,,3,1,2369
d=3 s=1,Random 30% #33,1028,0.0107989019115876,0.0255435568384733,0.0001857324192093,-0.0147446549268857,0.0106131694923782,False,True,True,,3,1,2369
d=3 s=1,Random 30% #34,1028,0.0036708111308466,0.0096648033464513,0.0125697970076066,-0.0059939922156047,-0.0088989858767599,False,False,False,,3,1,2369
d=3 s=1,Random 30% #35,1028,-0.0021279853031231,0.0190829777661006,0.0045694775423556,-0.0212109630692238,-0.0066974628454787,False,False,False,,3,1,2369
d=3 s=1,Random 30% #36,1028,-0.0048226599270606,0.0353830588971319,0.006940262448966,-0.0402057188241926,-0.0117629223760266,False,False,False,,3,1,2369
d=3 s=1,Random 30% #37,1028,-0.0037446257685728,0.0402861428850788,0.0524486787100378,-0.0440307686536517,-0.0561933044786107,False,False,False,,3,1,2369
d=3 s=1,Random 30% #38,1028,0.0108722741433021,-0.0129217697325151,0.0385323511316255,0.0237940438758172,-0.0276600769883234,True,True,True,,3,1,2369
d=3 s=1,Random 30% #39,1028,0.0380230468256006,0.0367788277626685,0.0408377543635602,0.001244219062932,-0.0028147075379595,False,True,True,,3,1,2369
d=3 s=1,Random 30% #40,1028,-0.0156995008383602,0.053416263952779,0.0040684673714504,-0.0691157647911392,-0.0197679682098107,False,False,False,,3,1,2369
d=3 s=1,Random 30% #41,1028,0.0003191021554961,0.0133296228930812,0.042779231034159,-0.013010520737585,-0.0424601288786629,False,False,False,,3,1,2369
d=3 s=1,Random 30% #42,1028,0.0039796984507742,0.0115473452313431,0.0347741735216492,-0.0075676467805688,-0.030794475070875,False,False,False,,3,1,2369
d=3 s=1,Random 30% #43,1028,0.0320665445665445,0.0473731811265399,0.0054529049551105,-0.0153066365599954,0.0266136396114339,False,True,True,,3,1,2369
d=3 s=1,Random 30% #44,1028,0.014617494198646,0.0140704277496309,0.0177586920845134,0.000547066449015,-0.0031411978858674,False,True,True,,3,1,2369
d=3 s=1,Random 30% #45,1028,-0.010677190889205,0.0300433151116352,-0.0136729497948255,-0.0407205060008402,0.0029957589056204,True,True,True,,3,1,2369
d=3 s=1,Random 30% #46,1028,-0.0211341559464426,0.0248308766856552,0.0105560152312969,-0.0459650326320978,-0.0316901711777396,False,False,False,,3,1,2369
d=3 s=1,Random 30% #47,1028,0.0021068472535741,0.0794107685213548,-0.0012605413676642,-0.0773039212677806,0.0033673886212383,True,True,True,,3,1,2369
d=3 s=1,Random 30% #48,1028,0.0099373113536103,0.0448073261381225,-0.005660604536882,-0.0348700147845121,0.0155979158904924,True,True,True,,3,1,2369
d=3 s=1,Random 30% #49,1028,-0.0033935788911766,0.0530137032917646,0.0056287032575647,-0.0564072821829413,-0.0090222821487414,False,False,False,,3,1,2369
d=3 s=1,Random 30% #50,1028,-0.0149638584774062,0.048586303235486,0.0279996988913183,-0.0635501617128923,-0.0429635573687246,False,False,False,,3,1,2369
d=3 s=2,All Patients,3429,0.0078818040435458,0.0441694977644792,0.0364655737781443,-0.0362876937209334,-0.0285837697345985,False,False,False,,3,2,2369
d=3 s=2,ICUType 1.0,490,0.0294939989088925,0.0724712305341147,-0.0108274602243157,-0.0429772316252221,0.0403214591332082,True,True,True,,3,2,2369
d=3 s=2,ICUType 2.0,643,-0.000975689080413,0.0230042751606202,-0.012166383425285,-0.0239799642410332,0.011190694344872,True,True,True,,3,2,2369
d=3 s=2,ICUType 3.0,1357,-0.0217764843549488,0.0139895962603105,0.0397156789840469,-0.0357660806152594,-0.0614921633389957,False,False,False,,3,2,2369
d=3 s=2,ICUType 4.0,939,0.0202084035501629,0.0497022888858394,0.0312471566224062,-0.0294938853356765,-0.0110387530722433,False,False,False,,3,2,2369
d=3 s=2,Age decile 0,374,0.046026807780653,0.0509283630630504,-0.0107357272142055,-0.0049015552823973,0.0567625349948585,True,True,True,,3,2,2369
d=3 s=2,Age decile 1,344,0.0273634472301562,0.0457163226112034,-0.037722840100283,-0.0183528753810472,0.0650862873304392,True,True,True,,3,2,2369
d=3 s=2,Age decile 2,347,0.0042864169770219,0.0147943766903192,0.0534895113517815,-0.0105079597132972,-0.0492030943747595,False,False,False,,3,2,2369
d=3 s=2,Age decile 3,325,0.0096292729898892,0.0422532940899975,-0.0230481001742985,-0.0326240211001083,0.0326773731641878,True,True,True,,3,2,2369
d=3 s=2,Age decile 4,372,-0.0152359717577108,0.0365572918384505,-0.0295231703875168,-0.0517932635961614,0.014287198629806,True,True,True,,3,2,2369
d=3 s=2,Age decile 5,344,-0.0250497851378262,0.0253832005372725,-0.02444640613222,-0.0504329856750987,-0.0006033790056062,True,False,True,,3,2,2369
d=3 s=2,Age decile 6,397,-0.0004719207173194,0.0273888716824719,-0.0585538739171849,-0.0278607923997914,0.0580819531998654,True,True,True,,3,2,2369
d=3 s=2,Age decile 7,247,0.0173747705218987,0.0703434728997322,-0.0065625424926528,-0.0529687023778335,0.0239373130145515,True,True,True,,3,2,2369
d=3 s=2,Age decile 8,354,-0.0216450216450216,0.0518937601722191,-0.0236638024685384,-0.0735387818172408,0.0020187808235168,True,True,True,,3,2,2369
d=3 s=2,Age decile 9,325,-0.0771864301276066,0.08789841070321,0.0302838565542138,-0.1650848408308167,-0.1074702866818205,False,False,False,,3,2,2369
d=3 s=2,HR quartile 0,877,0.0371049136786188,0.0772840798058574,0.0050156871419169,-0.0401791661272386,0.0320892265367019,False,True,True,,3,2,2369
d=3 s=2,HR quartile 1,917,-0.0169849537037037,0.0102365922559317,-0.013832027645876,-0.0272215459596354,-0.0031529260578277,True,False,True,,3,2,2369
d=3 s=2,HR quartile 2,816,0.034861311019492,0.0405501815463909,-0.006198065617789,-0.0056888705268988,0.0410593766372811,True,True,True,,3,2,2369
d=3 s=2,HR quartile 3,819,-0.0232600311906863,0.0052293526971131,0.0036091598764885,-0.0284893838877994,-0.0268691910671748,False,False,False,,3,2,2369
d=3 s=2,MAP quartile 0,877,-0.0141240285818599,0.0495348258991508,0.0260350369003275,-0.0636588544810107,-0.0401590654821874,False,False,False,,3,2,2369
d=3 s=2,MAP quartile 1,840,0.02392179413456,0.03677270241162,0.0214351996366689,-0.0128509082770599,0.0024865944978911,False,True,True,,3,2,2369
d=3 s=2,MAP quartile 2,866,0.0104058609958506,0.0166665561860734,-0.0010042135128231,-0.0062606951902228,0.0114100745086737,True,True,True,,3,2,2369
d=3 s=2,MAP quartile 3,846,0.0090927756430939,0.0638044576223364,0.0081670872715913,-0.0547116819792424,0.0009256883715025,False,True,True,,3,2,2369
d=3 s=2,Temp quartile 0,902,0.0068727157158747,0.0104033869894367,0.0087337326355902,-0.0035306712735619,-0.0018610169197154,False,False,False,,3,2,2369
d=3 s=2,Temp quartile 1,864,0.0305627470437901,0.0446599918329266,-0.0138564216597673,-0.0140972447891365,0.0444191687035575,True,True,True,,3,2,2369
d=3 s=2,Temp quartile 2,838,-0.0036346905912123,0.0623741043227534,0.0498278906459061,-0.0660087949139658,-0.0534625812371184,False,False,False,,3,2,2369
d=3 s=2,Temp quartile 3,825,-0.0023612750885478,0.0044754036034903,0.0090169997812947,-0.0068366786920381,-0.0113782748698425,False,False,False,,3,2,2369
d=3 s=2,Urine quartile 0,859,-0.0313289760348584,0.0288717747862886,0.0151979892115785,-0.060200750821147,-0.0465269652464369,False,False,False,,3,2,2369
d=3 s=2,Urine quartile 1,913,-0.0210526315789473,0.0257519294817255,-0.0251259494508195,-0.0468045610606729,0.0040733178718722,True,True,True,,3,2,2369
d=3 s=2,Urine quartile 2,802,0.0149901230333403,0.019578739787549,0.002165942563066,-0.0045886167542087,0.0128241804702742,False,True,True,,3,2,2369
d=3 s=2,Urine quartile 3,855,0.0601118199903958,0.0519445641132196,-0.0138097703164648,0.0081672558771762,0.0739215903068607,True,False,True,,3,2,2369
d=3 s=2,SAPS quartile 0,1025,0.0026756349262149,0.0232090664721149,-0.0203310649439475,-0.0205334315458999,0.0230066998701624,True,True,True,,3,2,2369
d=3 s=2,SAPS quartile 1,946,0.0452124666297511,0.0033081896687079,-0.0252900611122798,0.0419042769610431,0.070502527742031,True,False,True,,3,2,2369
d=3 s=2,SAPS quartile 2,660,0.0015384615384615,0.0410069917580113,-0.0081420459456333,-0.0394685302195498,0.0096805074840949,True,True,True,,3,2,2369
d=3 s=2,SAPS quartile 3,798,-0.0389986891196934,0.0656054820719594,0.0544080143855817,-0.1046041711916528,-0.0934067035052752,False,False,False,,3,2,2369
d=3 s=2,HR > 100,945,-0.0351262896411669,0.0179063911300585,-0.014159145334907,-0.0530326807712255,-0.0209671443062599,True,False,True,,3,2,2369
d=3 s=2,MAP < 65,697,-0.0279136809159047,0.041165705295873,0.0025276406624154,-0.0690793862117778,-0.0304413215783202,False,False,False,,3,2,2369
d=3 s=2,Temp > 38C,267,-0.0430204913392958,0.03017133831949,-0.0157607987918051,-0.0731918296587858,-0.0272596925474906,True,False,True,,3,2,2369
d=3 s=2,Urine > 1000,210,0.0458952811893988,0.0762597652536108,-0.0409343138241184,-0.030364484064212,0.0868295950135173,True,True,True,,3,2,2369
d=3 s=2,Random 50% #1,1714,0.0148182289884191,0.0382891715454632,-0.0089109282223246,-0.023470942557044,0.0237291572107438,True,True,True,,3,2,2369
d=3 s=2,Random 50% #2,1714,0.0038708396744524,0.0314862939084412,-0.0148195734622327,-0.0276154542339888,0.0186904131366851,True,True,True,,3,2,2369
d=3 s=2,Random 50% #3,1714,0.0221853388658367,0.0365076803660391,0.020482932746843,-0.0143223415002023,0.0017024061189937,False,True,True,,3,2,2369
d=3 s=2,Random 50% #4,1714,0.0209444740819774,0.0197506208946547,0.0053595796234686,0.0011938531873226,0.0155848944585087,False,False,False,,3,2,2369
d=3 s=2,Random 50% #5,1714,0.025145147627017,0.0125974054777442,0.0427528231442087,0.0125477421492728,-0.0176076755171916,False,True,True,,3,2,2369
d=3 s=2,Random 50% #6,1714,-0.0032358828377694,0.0430055476345598,0.0277903813921003,-0.0462414304723293,-0.0310262642298698,False,False,False,,3,2,2369
d=3 s=2,Random 50% #7,1714,0.0203886964648963,0.0451023594475248,-0.0040478302517658,-0.0247136629826284,0.0244365267166622,True,True,True,,3,2,2369
d=3 s=2,Random 50% #8,1714,-0.0080211409064465,0.0232740804439198,0.0252365231977101,-0.0312952213503664,-0.0332576641041566,False,False,False,,3,2,2369
d=3 s=2,Random 50% #9,1714,-0.0018808498325041,0.0519601474535686,0.0218864171580125,-0.0538409972860728,-0.0237672669905167,False,False,False,,3,2,2369
d=3 s=2,Random 50% #10,1714,0.0032849222618878,0.0292216985646579,-0.0110116665525703,-0.02593677630277,0.0142965888144581,True,True,True,,3,2,2369
d=3 s=2,Random 50% #11,1714,0.0064028840624585,0.0409428545391292,0.0013995431691128,-0.0345399704766707,0.0050033408933456,False,True,True,,3,2,2369
d=3 s=2,Random 50% #12,1714,-0.0033234372422892,0.0239637853151924,0.0267883346310197,-0.0272872225574817,-0.030111771873309,False,False,False,,3,2,2369
d=3 s=2,Random 50% #13,1714,0.0032517955657333,0.0153547844227763,0.0322816535964174,-0.012102988857043,-0.029029858030684,False,False,False,,3,2,2369
d=3 s=2,Random 50% #14,1714,0.0062157191184681,0.0303895843202537,-0.0053227439991901,-0.0241738652017855,0.0115384631176582,True,True,True,,3,2,2369
d=3 s=2,Random 50% #15,1714,0.0026854501430772,0.0296068925064819,0.0267217266828241,-0.0269214423634047,-0.0240362765397468,False,False,False,,3,2,2369
d=3 s=2,Random 50% #16,1714,0.0188052608311229,0.0249486054772721,0.0220227334977569,-0.0061433446461492,-0.003217472666634,False,False,False,,3,2,2369
d=3 s=2,Random 50% #17,1714,0.0073507410721795,0.0086559008819192,0.0566994464672376,-0.0013051598097396,-0.049348705395058,False,False,False,,3,2,2369
d=3 s=2,Random 50% #18,1714,0.0251803786741562,0.0401148409103673,0.0103327327023896,-0.0149344622362111,0.0148476459717666,False,True,True,,3,2,2369
d=3 s=2,Random 50% #19,1714,0.0087463233253787,0.0378450052966859,0.0053093428369488,-0.0290986819713072,0.0034369804884299,False,True,True,,3,2,2369
d=3 s=2,Random 50% #20,1714,0.0239488541873964,0.0312900267475478,0.0308784127324816,-0.0073411725601514,-0.0069295585450852,False,False,False,,3,2,2369
d=3 s=2,Random 50% #21,1714,0.0016605879752431,0.0278359809700376,0.007969184743165,-0.0261753929947944,-0.0063085967679219,False,False,False,,3,2,2369
d=3 s=2,Random 50% #22,1714,0.0178287222426975,0.0228467346429908,0.0179333685136883,-0.0050180124002933,-0.0001046462709908,False,False,False,,3,2,2369
d=3 s=2,Random 50% #23,1714,-0.0051929851771431,0.0328410463872464,0.0242886421569545,-0.0380340315643895,-0.0294816273340976,False,False,False,,3,2,2369
d=3 s=2,Random 50% #24,1714,0.0201698382197979,0.0008679064884186,0.0089793040844,0.0193019317313792,0.0111905341353979,False,False,False,,3,2,2369
d=3 s=2,Random 50% #25,1714,0.0024135223603308,0.0376411246349856,0.0315967780113708,-0.0352276022746547,-0.0291832556510399,False,False,False,,3,2,2369
d=3 s=2,Random 50% #26,1714,-0.0063986093578627,0.0461182160744023,0.0137300353754194,-0.052516825432265,-0.0201286447332821,False,False,False,,3,2,2369
d=3 s=2,Random 50% #27,1714,-0.0048317683881064,0.0444499174175456,-0.002377895824497,-0.049281685805652,-0.0024538725636093,True,False,True,,3,2,2369
d=3 s=2,Random 50% #28,1714,0.0098094573797898,0.0254851058928228,0.0213569867299132,-0.0156756485130329,-0.0115475293501234,False,False,False,,3,2,2369
d=3 s=2,Random 50% #29,1714,0.0125552608311229,0.0094225868585861,0.0195549358032927,0.0031326739725367,-0.0069996749721698,False,True,True,,3,2,2369
d=3 s=2,Random 50% #30,1714,0.0022139615866539,0.0158033668045767,0.024307986883173,-0.0135894052179228,-0.022094025296519,False,False,False,,3,2,2369
d=3 s=2,Random 50% #31,1714,0.0081502190717898,0.0261559165331811,0.0388903012618955,-0.0180056974613913,-0.0307400821901056,False,False,False,,3,2,2369
d=3 s=2,Random 50% #32,1714,-0.0092920029904661,0.0388428277886949,0.0260323641287495,-0.0481348307791611,-0.0353243671192157,False,False,False,,3,2,2369
d=3 s=2,Random 50% #33,1714,-0.002514181228832,0.0288867832501435,0.0287006738798104,-0.0314009644789755,-0.0312148551086424,False,False,False,,3,2,2369
d=3 s=2,Random 50% #34,1714,0.0070180513371488,0.0280882037525483,0.003708458357502,-0.0210701524153994,0.0033095929796468,False,True,True,,3,2,2369
d=3 s=2,Random 50% #35,1714,0.0093248828878478,0.0368468365919692,0.015414185953063,-0.0275219537041213,-0.0060893030652151,False,False,False,,3,2,2369
d=3 s=2,Random 50% #36,1714,0.016912667846362,0.0310117476213135,0.0134485147998813,-0.0140990797749515,0.0034641530464806,False,True,True,,3,2,2369
d=3 s=2,Random 50% #37,1714,0.0036653828805384,0.0374364835985805,0.0131927864310585,-0.033771100718042,-0.00952740355052,False,False,False,,3,2,2369
d=3 s=2,Random 50% #38,1714,0.0021576191788371,0.0276452265892045,0.0097696515058399,-0.0254876074103673,-0.0076120323270028,False,False,False,,3,2,2369
d=3 s=2,Random 50% #39,1714,0.0170086158804934,0.0365555145986201,0.0329895250582903,-0.0195468987181267,-0.0159809091777969,False,False,False,,3,2,2369
d=3 s=2,Random 50% #40,1714,0.018520937100027,0.0394874307382383,0.0528814541758418,-0.0209664936382112,-0.0343605170758147,False,False,False,,3,2,2369
d=3 s=2,Random 50% #41,1714,0.0027199322354597,0.0362092795655455,-0.0012806821775053,-0.0334893473300857,0.004000614412965,True,True,True,,3,2,2369
d=3 s=2,Random 50% #42,1714,0.0178900300253214,0.0555793623866898,-0.0027885152412523,-0.0376893323613684,0.0206785452665737,True,True,True,,3,2,2369
d=3 s=2,Random 50% #43,1714,0.0169958506224066,0.0232056905414246,-0.0060406513910949,-0.006209839919018,0.0230365020135015,True,True,True,,3,2,2369
d=3 s=2,Random 50% #44,1714,-0.0080414937759336,0.0346061847808628,0.0010492941334278,-0.0426476785567964,-0.0090907879093614,False,False,False,,3,2,2369
d=3 s=2,Random 50% #45,1714,-0.0006684003732017,0.0371327044207257,0.0110549523609573,-0.0378011047939274,-0.011723352734159,False,False,False,,3,2,2369
d=3 s=2,Random 50% #46,1714,-0.0127567411871579,0.0386748402455291,0.0162212597945742,-0.0514315814326871,-0.0289780009817321,False,False,False,,3,2,2369
d=3 s=2,Random 50% #47,1714,-0.0023071888899981,0.0383358494882917,0.0517630664787694,-0.0406430383782898,-0.0540702553687675,False,False,False,,3,2,2369
d=3 s=2,Random 50% #48,1714,0.0007707867678387,0.0307639509578343,0.018038392156267,-0.0299931641899955,-0.0172676053884282,False,False,False,,3,2,2369
d=3 s=2,Random 50% #49,1714,-0.0052585890287469,0.0159085544905956,0.0175692817013711,-0.0211671435193425,-0.022827870730118,False,False,False,,3,2,2369
d=3 s=2,Random 50% #50,1714,-0.009935439192208,0.0227902145965281,-0.0098622125364547,-0.0327256537887361,-7.322665575326681e-05,True,False,True,,3,2,2369
d=3 s=2,Random 30% #1,1028,0.0177032019704433,0.0484930052956529,0.0170196222008399,-0.0307898033252095,0.0006835797696033,False,True,True,,3,2,2369
d=3 s=2,Random 30% #2,1028,-0.0188812287552644,0.0402525227922049,0.0079768247056506,-0.0591337515474693,-0.0268580534609151,False,False,False,,3,2,2369
d=3 s=2,Random 30% #3,1028,-0.0136963318843895,-0.0001003154482885,0.0161365238177946,-0.0135960164361009,-0.0298328557021842,True,False,True,,3,2,2369
d=3 s=2,Random 30% #4,1028,0.012612065619632,0.0440949712728048,0.0070280214921199,-0.0314829056531727,0.0055840441275121,False,True,True,,3,2,2369
d=3 s=2,Random 30% #5,1028,0.012955140579904,0.0355870995168715,0.0090118070707524,-0.0226319589369675,0.0039433335091516,False,True,True,,3,2,2369
d=3 s=2,Random 30% #6,1028,0.011061887501678,0.0450739585844719,-0.0049713520444694,-0.0340120710827938,0.0160332395461475,True,True,True,,3,2,2369
d=3 s=2,Random 30% #7,1028,-0.0019795447047178,0.0462600988476682,0.0117147753577593,-0.048239643552386,-0.0136943200624772,False,False,False,,3,2,2369
d=3 s=2,Random 30% #8,1028,-0.0013757582957458,0.0303423197914736,-0.0144922028189987,-0.0317180780872194,0.0131164445232528,True,True,True,,3,2,2369
d=3 s=2,Random 30% #9,1028,0.0167924069116573,0.0384861817445951,0.0120171184056645,-0.0216937748329378,0.0047752885059927,False,True,True,,3,2,2369
d=3 s=2,Random 30% #10,1028,0.0218614718614718,0.0245262175555346,-0.0139851231999597,-0.0026647456940627,0.0358465950614316,True,True,True,,3,2,2369
d=3 s=2,Random 30% #11,1028,0.0036992125742528,0.0323129957307761,-0.0043185271544522,-0.0286137831565232,0.0080177397287051,True,True,True,,3,2,2369
d=3 s=2,Random 30% #12,1028,-0.0176439165409753,0.04545804265542,0.0041886048544856,-0.0631019591963953,-0.0218325213954609,False,False,False,,3,2,2369
d=3 s=2,Random 30% #13,1028,0.0061871080085679,0.0573185337640727,-0.0052556925210502,-0.0511314257555048,0.0114428005296181,True,True,True,,3,2,2369
d=3 s=2,Random 30% #14,1028,-0.0024039572835282,0.0492620044545095,0.0146232217494133,-0.0516659617380378,-0.0170271790329415,False,False,False,,3,2,2369
d=3 s=2,Random 30% #15,1028,-0.0014797507788162,0.0618440706926376,0.0014824942145577,-0.0633238214714538,-0.0029622449933739,False,False,False,,3,2,2369
d=3 s=2,Random 30% #16,1028,0.006823838043474,0.0204546445798746,-0.0050307471792877,-0.0136308065364005,0.0118545852227618,True,True,True,,3,2,2369
d=3 s=2,Random 30% #17,1028,0.0030261642698374,0.0551930098727167,0.0221895160186005,-0.0521668456028793,-0.019163351748763,False,False,False,,3,2,2369
d=3 s=2,Random 30% #18,1028,0.008237689744539,0.0404170850574764,-0.0159629471091476,-0.0321793953129374,0.0242006368536867,True,True,True,,3,2,2369
d=3 s=2,Random 30% #19,1028,0.0066883064376393,0.0003966607973169,-0.0214447372557088,0.0062916456403223,0.0281330436933481,True,False,True,,3,2,2369
d=3 s=2,Random 30% #20,1028,-0.0099963316214233,0.0486721036224234,0.0215333621137384,-0.0586684352438467,-0.0315296937351617,False,False,False,,3,2,2369
d=3 s=2,Random 30% #21,1028,0.002277451699682,0.0332052392606441,-0.0203135852867834,-0.030927787560962,0.0225910369864655,True,True,True,,3,2,2369
d=3 s=2,Random 30% #22,1028,0.0271739130434782,0.0279506458820286,0.0070416540555049,-0.0007767328385503,0.0201322589879732,False,True,True,,3,2,2369
d=3 s=2,Random 30% #23,1028,0.0053719593676173,0.0214269317641391,0.0222532484848381,-0.0160549723965217,-0.0168812891172208,False,False,False,,3,2,2369
d=3 s=2,Random 30% #24,1028,0.0374355138753044,0.0589609730450339,0.0144324635355495,-0.0215254591697295,0.0230030503397548,False,True,True,,3,2,2369
d=3 s=2,Random 30% #25,1028,0.0207335170659317,0.0502228643363477,-0.0034330028745554,-0.029489347270416,0.0241665199404871,True,True,True,,3,2,2369
d=3 s=2,Random 30% #26,1028,0.000322640117994,0.0256659308957059,-0.0086029945700298,-0.0253432907777118,0.0089256346880239,True,True,True,,3,2,2369
d=3 s=2,Random 30% #27,1028,-0.0133699862551543,0.0701737194024886,-0.0224430831528452,-0.0835437056576429,0.0090730968976909,True,True,True,,3,2,2369
d=3 s=2,Random 30% #28,1028,0.0048546691403834,0.0635909141628954,0.0147679040662326,-0.058736245022512,-0.0099132349258492,False,False,False,,3,2,2369
d=3 s=2,Random 30% #29,1028,0.0132264436461088,0.0365782931820785,0.0044978606141547,-0.0233518495359696,0.0087285830319541,False,True,True,,3,2,2369
d=3 s=2,Random 30% #30,1028,0.0073191060456281,0.0252307787587059,-0.0146865826150729,-0.0179116727130778,0.022005688660701,True,True,True,,3,2,2369
d=3 s=2,Random 30% #31,1028,0.0186572318838355,0.032490951123633,0.0195646728438023,-0.0138337192397975,-0.0009074409599667,False,False,False,,3,2,2369
d=3 s=2,Random 30% #32,1028,0.0146773132638857,0.0551332838321794,0.0170448741149014,-0.0404559705682937,-0.0023675608510156,False,False,False,,3,2,2369
d=3 s=2,Random 30% #33,1028,0.0107989019115876,0.0547957301151207,0.0102076216808277,-0.0439968282035331,0.0005912802307598,False,True,True,,3,2,2369
d=3 s=2,Random 30% #34,1028,0.0036708111308466,0.0527942283375854,0.0175085153063314,-0.0491234172067387,-0.0138377041754847,False,False,False,,3,2,2369
d=3 s=2,Random 30% #35,1028,-0.0021279853031231,0.0364689461968343,-0.010775186827277,-0.0385969314999574,0.0086472015241539,True,True,True,,3,2,2369
d=3 s=2,Random 30% #36,1028,-0.0048226599270606,0.0191955747716242,-0.0142831412934556,-0.0240182346986848,0.009460481366395,True,True,True,,3,2,2369
d=3 s=2,Random 30% #37,1028,-0.0037446257685728,0.0053504159000573,0.0490884306337789,-0.0090950416686302,-0.0528330564023517,False,False,False,,3,2,2369
d=3 s=2,Random 30% #38,1028,0.0108722741433021,0.015293288459208,0.0138300847115805,-0.0044210143159059,-0.0029578105682784,False,False,False,,3,2,2369
d=3 s=2,Random 30% #39,1028,0.0380230468256006,0.0519601273789737,0.01362711364054,-0.013937080553373,0.0243959331850605,False,True,True,,3,2,2369
d=3 s=2,Random 30% #40,1028,-0.0156995008383602,0.029503336798235,0.0030253404613582,-0.0452028376365953,-0.0187248412997185,False,False,False,,3,2,2369
d=3 s=2,Random 30% #41,1028,0.0003191021554961,0.0504014938988768,0.0317939494518299,-0.0500823917433807,-0.0314748472963338,False,False,False,,3,2,2369
d=3 s=2,Random 30% #42,1028,0.0039796984507742,0.0280915070965847,0.0458013511666939,-0.0241118086458104,-0.0418216527159196,False,False,False,,3,2,2369
d=3 s=2,Random 30% #43,1028,0.0320665445665445,0.0520710680975353,0.0144976680770278,-0.0200045235309908,0.0175688764895167,False,True,True,,3,2,2369
d=3 s=2,Random 30% #44,1028,0.014617494198646,0.0145425645838614,0.0080822690545926,7.49296147845302e-05,0.0065352251440534,False,False,False,,3,2,2369
d=3 s=2,Random 30% #45,1028,-0.010677190889205,0.0459140276184317,-0.0024562142571569,-0.0565912185076367,-0.0082209766320481,True,False,True,,3,2,2369
d=3 s=2,Random 30% #46,1028,-0.0211341559464426,0.0390647424473556,0.0160326746417178,-0.0601988983937983,-0.0371668305881605,False,False,False,,3,2,2369
d=3 s=2,Random 30% #47,1028,0.0021068472535741,0.0547791042638971,-0.0171669816702456,-0.052672257010323,0.0192738289238198,True,True,True,,3,2,2369
d=3 s=2,Random 30% #48,1028,0.0099373113536103,0.0394329556083081,0.030665362993846,-0.0294956442546977,-0.0207280516402356,False,False,False,,3,2,2369
d=3 s=2,Random 30% #49,1028,-0.0033935788911766,0.0452472055556868,0.0432617705675322,-0.0486407844468635,-0.0466553494587089,False,False,False,,3,2,2369
d=3 s=2,Random 30% #50,1028,-0.0149638584774062,0.0466440756892959,0.0414445215973268,-0.0616079341667022,-0.0564083800747331,False,False,False,,3,2,2369
d=4 s=0,All Patients,3429,0.0078818040435458,0.0294413938004108,0.0006204606622412,-0.0215595897568649,0.0072613433813046,False,True,True,,4,0,3425
d=4 s=0,ICUType 1.0,490,0.0294939989088925,0.0785896093476143,0.0435766424892869,-0.0490956104387218,-0.0140826435803944,False,False,False,,4,0,3425
d=4 s=0,ICUType 2.0,643,-0.000975689080413,0.0273524562650578,-0.0042480566385567,-0.0283281453454708,0.0032723675581437,True,True,True,,4,0,3425
d=4 s=0,ICUType 3.0,1357,-0.0217764843549488,0.0299637756577936,-0.01299480878048,-0.0517402600127424,-0.0087816755744688,True,False,True,,4,0,3425
d=4 s=0,ICUType 4.0,939,0.0202084035501629,0.062522963654668,0.0088879687028007,-0.0423145601045051,0.0113204348473621,False,True,True,,4,0,3425
d=4 s=0,Age decile 0,374,0.046026807780653,0.043691014372405,-0.0481109039217478,0.0023357934082479,0.0941377117024009,True,False,True,,4,0,3425
d=4 s=0,Age decile 1,344,0.0273634472301562,0.0667847463135681,-0.0399178665339812,-0.0394212990834119,0.0672813137641374,True,True,True,,4,0,3425
d=4 s=0,Age decile 2,347,0.0042864169770219,0.041646018729082,0.0645208287093812,-0.03735960175206,-0.0602344117323592,False,False,False,,4,0,3425
d=4 s=0,Age decile 3,325,0.0096292729898892,0.0630313571657686,-0.0256373504107961,-0.0534020841758794,0.0352666234006853,True,True,True,,4,0,3425
d=4 s=0,Age decile 4,372,-0.0152359717577108,0.0520527241367545,-0.0322035385739399,-0.0672886958944654,0.0169675668162291,True,True,True,,4,0,3425
d=4 s=0,Age decile 5,344,-0.0250497851378262,0.0283138834128535,-0.0516386804651177,-0.0533636685506797,0.0265888953272915,True,True,True,,4,0,3425
d=4 s=0,Age decile 6,397,-0.0004719207173194,0.0453189160954606,-0.0401075928358875,-0.0457908368127801,0.039635672118568,True,True,True,,4,0,3425
d=4 s=0,Age decile 7,247,0.0173747705218987,0.0562835997727486,-0.0092791574130383,-0.0389088292508498,0.0266539279349371,True,True,True,,4,0,3425
d=4 s=0,Age decile 8,354,-0.0216450216450216,0.032208963188104,-0.0405658512933501,-0.0538539848331257,0.0189208296483284,True,True,True,,4,0,3425
d=4 s=0,Age decile 9,325,-0.0771864301276066,0.0110572138496659,-0.0169777554754937,-0.0882436439772726,-0.0602086746521128,True,False,True,,4,0,3425
d=4 s=0,HR quartile 0,877,0.0371049136786188,0.069828560979259,-0.004506387381106,-0.0327236473006402,0.0416113010597248,True,True,True,,4,0,3425
d=4 s=0,HR quartile 1,917,-0.0169849537037037,8.754211326876538e-05,-0.0083688241586375,-0.0170724958169724,-0.0086161295450661,True,False,True,,4,0,3425
d=4 s=0,HR quartile 2,816,0.034861311019492,0.0435953574190211,0.003199193069317,-0.008734046399529,0.031662117950175,False,True,True,,4,0,3425
d=4 s=0,HR quartile 3,819,-0.0232600311906863,0.0359250836397989,0.0109968137107457,-0.0591851148304853,-0.034256844901432,False,False,False,,4,0,3425
d=4 s=0,MAP quartile 0,877,-0.0141240285818599,0.0064288807997015,0.0365961115344947,-0.0205529093815614,-0.0507201401163546,False,False,False,,4,0,3425
d=4 s=0,MAP quartile 1,840,0.02392179413456,0.0321265828017686,0.0150350257628417,-0.0082047886672085,0.0088867683717183,False,True,True,,4,0,3425
d=4 s=0,MAP quartile 2,866,0.0104058609958506,0.0399082578951088,-0.0058487777071385,-0.0295023968992581,0.0162546387029892,True,True,True,,4,0,3425
d=4 s=0,MAP quartile 3,846,0.0090927756430939,0.0783579583808204,-0.0165941784576705,-0.0692651827377265,0.0256869541007644,True,True,True,,4,0,3425
d=4 s=0,Temp quartile 0,902,0.0068727157158747,0.0572352432464998,0.0147983095785225,-0.050362527530625,-0.0079255938626477,False,False,False,,4,0,3425
d=4 s=0,Temp quartile 1,864,0.0305627470437901,0.037217946021074,-0.0026704595956155,-0.0066551989772839,0.0332332066394057,True,True,True,,4,0,3425
d=4 s=0,Temp quartile 2,838,-0.0036346905912123,0.0437600718162754,0.0251883332060947,-0.0473947624074878,-0.028823023797307,False,False,False,,4,0,3425
d=4 s=0,Temp quartile 3,825,-0.0023612750885478,0.0251004653050049,-0.0214065279141185,-0.0274617403935527,0.0190452528255707,True,True,True,,4,0,3425
d=4 s=0,Urine quartile 0,859,-0.0313289760348584,0.0225869816025131,-0.0071203106114056,-0.0539159576373715,-0.0242086654234527,True,False,True,,4,0,3425
d=4 s=0,Urine quartile 1,913,-0.0210526315789473,-0.0071877361767746,-0.0558396918555928,-0.0138648954021727,0.0347870602766454,False,True,True,,4,0,3425
d=4 s=0,Urine quartile 2,802,0.0149901230333403,0.0404147588802052,-0.0200329795175546,-0.0254246358468649,0.035023102550895,True,True,True,,4,0,3425
d=4 s=0,Urine quartile 3,855,0.0601118199903958,0.0570465773883867,-0.008995226371286,0.0030652426020091,0.0691070463616818,True,False,True,,4,0,3425
d=4 s=0,SAPS quartile 0,1025,0.0026756349262149,0.0195856095252177,0.0034842397938253,-0.0169099745990028,-0.0008086048676103,False,False,False,,4,0,3425
d=4 s=0,SAPS quartile 1,946,0.0452124666297511,0.0626679263189064,-0.0241847535378573,-0.0174554596891552,0.0693972201676085,True,True,True,,4,0,3425
d=4 s=0,SAPS quartile 2,660,0.0015384615384615,0.0353014867839662,0.0183722619699323,-0.0337630252455047,-0.0168338004314707,False,False,False,,4,0,3425
d=4 s=0,SAPS quartile 3,798,-0.0389986891196934,0.0312940968781294,0.039795219276684,-0.0702927859978229,-0.0787939083963775,False,False,False,,4,0,3425
d=4 s=0,HR > 100,945,-0.0351262896411669,-0.0115805923829391,-0.0106220926244807,-0.0235456972582278,-0.0245041970166862,False,False,False,,4,0,3425
d=4 s=0,MAP < 65,697,-0.0279136809159047,0.0344431550118834,0.0048469812549394,-0.0623568359277882,-0.0327606621708442,False,False,False,,4,0,3425
d=4 s=0,Temp > 38C,267,-0.0430204913392958,0.0536662077167301,-0.0034880096496375,-0.0966866990560259,-0.0395324816896582,True,False,True,,4,0,3425
d=4 s=0,Urine > 1000,210,0.0458952811893988,0.0785131479410372,-0.0378531574770492,-0.0326178667516383,0.0837484386664481,True,True,True,,4,0,3425
d=4 s=0,Random 50% #1,1714,0.0148182289884191,0.021648042905635,-0.0229605684844582,-0.0068298139172158,0.0377787974728774,True,True,True,,4,0,3425
d=4 s=0,Random 50% #2,1714,0.0038708396744524,0.0291551046419184,0.024437837762424,-0.0252842649674659,-0.0205669980879715,False,False,False,,4,0,3425
d=4 s=0,Random 50% #3,1714,0.0221853388658367,0.0002913708467865,0.0250444101937069,0.0218939680190502,-0.0028590713278701,False,True,True,,4,0,3425
d=4 s=0,Random 50% #4,1714,0.0209444740819774,0.0328625404465668,0.0032908049347195,-0.0119180663645894,0.0176536691472578,False,True,True,,4,0,3425
d=4 s=0,Random 50% #5,1714,0.025145147627017,0.0174538364406628,0.0510183051376375,0.0076913111863541,-0.0258731575106204,False,True,True,,4,0,3425
d=4 s=0,Random 50% #6,1714,-0.0032358828377694,0.0429774941729307,0.0542222224203381,-0.0462133770107001,-0.0574581052581076,False,False,False,,4,0,3425
d=4 s=0,Random 50% #7,1714,0.0203886964648963,0.0268163934425278,0.0061273305978443,-0.0064276969776315,0.014261365867052,False,True,True,,4,0,3425
d=4 s=0,Random 50% #8,1714,-0.0080211409064465,0.0432283293266417,-0.0157777399539323,-0.0512494702330883,0.0077565990474857,True,True,True,,4,0,3425
d=4 s=0,Random 50% #9,1714,-0.0018808498325041,0.0617304901241652,0.0010109209433005,-0.0636113399566694,-0.0028917707758047,False,False,False,,4,0,3425
d=4 s=0,Random 50% #10,1714,0.0032849222618878,0.0446745335375174,-0.0280767216618681,-0.0413896112756295,0.031361643923756,True,True,True,,4,0,3425
d=4 s=0,Random 50% #11,1714,0.0064028840624585,0.0482065421565423,0.0431403881049246,-0.0418036580940837,-0.0367375040424661,False,False,False,,4,0,3425
d=4 s=0,Random 50% #12,1714,-0.0033234372422892,0.0115310850605137,0.0371559435359024,-0.014854522302803,-0.0404793807781916,False,False,False,,4,0,3425
d=4 s=0,Random 50% #13,1714,0.0032517955657333,0.0385283150075664,-0.0179757908274774,-0.0352765194418331,0.0212275863932107,True,True,True,,4,0,3425
d=4 s=0,Random 50% #14,1714,0.0062157191184681,0.0432904854088856,-0.0120340488263518,-0.0370747662904174,0.0182497679448199,True,True,True,,4,0,3425
d=4 s=0,Random 50% #15,1714,0.0026854501430772,0.0514511676878266,0.017487384610105,-0.0487657175447493,-0.0148019344670277,False,False,False,,4,0,3425
d=4 s=0,Random 50% #16,1714,0.0188052608311229,0.0452644563001693,-0.0209096504130589,-0.0264591954690464,0.0397149112441818,True,True,True,,4,0,3425
d=4 s=0,Random 50% #17,1714,0.0073507410721795,0.0391063729321144,0.0979409867514102,-0.0317556318599348,-0.0905902456792307,False,False,False,,4,0,3425
d=4 s=0,Random 50% #18,1714,0.0251803786741562,0.0279247295208804,0.0090913943411706,-0.0027443508467242,0.0160889843329855,False,True,True,,4,0,3425
d=4 s=0,Random 50% #19,1714,0.0087463233253787,0.0305905114096947,-0.0320071678260967,-0.0218441880843159,0.0407534911514755,True,True,True,,4,0,3425
d=4 s=0,Random 50% #20,1714,0.0239488541873964,0.0396161232497434,0.0483612397632144,-0.015667269062347,-0.024412385575818,False,False,False,,4,0,3425
d=4 s=0,Random 50% #21,1714,0.0016605879752431,0.0123640905064168,0.0350693899876816,-0.0107035025311737,-0.0334088020124384,False,False,False,,4,0,3425
d=4 s=0,Random 50% #22,1714,0.0178287222426975,0.0404471558708125,0.0328096699131395,-0.0226184336281149,-0.0149809476704419,False,False,False,,4,0,3425
d=4 s=0,Random 50% #23,1714,-0.0051929851771431,0.0503336621287294,-0.0061167399245118,-0.0555266473058725,0.0009237547473687,True,True,True,,4,0,3425
d=4 s=0,Random 50% #24,1714,0.0201698382197979,0.0366417429135294,0.0746236014904759,-0.0164719046937314,-0.054453763270678,False,False,False,,4,0,3425
d=4 s=0,Random 50% #25,1714,0.0024135223603308,0.044504236607296,0.001228107969602,-0.0420907142469652,0.0011854143907287,False,True,True,,4,0,3425
d=4 s=0,Random 50% #26,1714,-0.0063986093578627,0.0365379211826309,0.0043900811261876,-0.0429365305404936,-0.0107886904840504,False,False,False,,4,0,3425
d=4 s=0,Random 50% #27,1714,-0.0048317683881064,0.0220890490725364,-0.0268410770386007,-0.0269208174606428,0.0220093086504943,True,True,True,,4,0,3425
d=4 s=0,Random 50% #28,1714,0.0098094573797898,0.0288668662764926,0.0122947776622539,-0.0190574088967028,-0.002485320282464,False,False,False,,4,0,3425
d=4 s=0,Random 50% #29,1714,0.0125552608311229,0.0377048480526926,0.0075730308234441,-0.0251495872215697,0.0049822300076787,False,True,True,,4,0,3425
d=4 s=0,Random 50% #30,1714,0.0022139615866539,0.0205068376125519,0.0330963016344174,-0.018292876025898,-0.0308823400477635,False,False,False,,4,0,3425
d=4 s=0,Random 50% #31,1714,0.0081502190717898,0.0340593427044845,-0.0209814869280632,-0.0259091236326946,0.029131705999853,True,True,True,,4,0,3425
d=4 s=0,Random 50% #32,1714,-0.0092920029904661,0.0538119174952194,0.0220738379158686,-0.0631039204856856,-0.0313658409063348,False,False,False,,4,0,3425
d=4 s=0,Random 50% #33,1714,-0.002514181228832,0.0375358063334608,0.0319818243199961,-0.0400499875622929,-0.0344960055488281,False,False,False,,4,0,3425
d=4 s=0,Random 50% #34,1714,0.0070180513371488,0.0262824961413474,0.0006475731430076,-0.0192644448041986,0.0063704781941411,False,True,True,,4,0,3425
d=4 s=0,Random 50% #35,1714,0.0093248828878478,0.0414111970998588,0.010906785457674,-0.0320863142120109,-0.0015819025698261,False,False,False,,4,0,3425
d=4 s=0,Random 50% #36,1714,0.016912667846362,0.0425872491189465,0.0116316582099803,-0.0256745812725845,0.0052810096363816,False,True,True,,4,0,3425
d=4 s=0,Random 50% #37,1714,0.0036653828805384,0.044055859079391,0.0090428247141422,-0.0403904761988525,-0.0053774418336037,False,False,False,,4,0,3425
d=4 s=0,Random 50% #38,1714,0.0021576191788371,0.0351509434365797,0.047328500150295,-0.0329933242577425,-0.0451708809714578,False,False,False,,4,0,3425
d=4 s=0,Random 50% #39,1714,0.0170086158804934,0.0174688989811327,-0.0006914635341876,-0.0004602831006393,0.017700079414681,True,True,True,,4,0,3425
d=4 s=0,Random 50% #40,1714,0.018520937100027,0.0465847134595599,0.0650838881352218,-0.0280637763595328,-0.0465629510351947,False,False,False,,4,0,3425
d=4 s=0,Random 50% #41,1714,0.0027199322354597,0.0306326205148743,0.0136568103754983,-0.0279126882794145,-0.0109368781400386,False,False,False,,4,0,3425
d=4 s=0,Random 50% #42,1714,0.0178900300253214,0.0688944619090121,-0.0177667062747401,-0.0510044318836907,0.0356567363000615,True,True,True,,4,0,3425
d=4 s=0,Random 50% #43,1714,0.0169958506224066,0.025293795836838,0.0208651474463183,-0.0082979452144314,-0.0038692968239117,False,False,False,,4,0,3425
d=4 s=0,Random 50% #44,1714,-0.0080414937759336,0.0591421385529732,-0.0106599999786662,-0.0671836323289068,0.0026185062027326,True,True,True,,4,0,3425
d=4 s=0,Random 50% #45,1714,-0.0006684003732017,0.0452434210571145,-0.0083498670741765,-0.0459118214303162,0.0076814667009748,True,True,True,,4,0,3425
d=4 s=0,Random 50% #46,1714,-0.0127567411871579,0.0268451390708902,-0.0007453443698088,-0.0396018802580481,-0.0120113968173491,True,False,True,,4,0,3425
d=4 s=0,Random 50% #47,1714,-0.0023071888899981,0.0519773371190667,-0.0027803828951318,-0.0542845260090648,0.0004731940051336,True,True,True,,4,0,3425
d=4 s=0,Random 50% #48,1714,0.0007707867678387,0.0387986327049669,-0.0020706277789254,-0.0380278459371281,0.0028414145467642,True,True,True,,4,0,3425
d=4 s=0,Random 50% #49,1714,-0.0052585890287469,0.0192870142059316,-0.0224068358102931,-0.0245456032346785,0.0171482467815461,True,True,True,,4,0,3425
d=4 s=0,Random 50% #50,1714,-0.009935439192208,0.0286420587828213,-0.0171099299328405,-0.0385774979750293,0.0071744907406325,True,True,True,,4,0,3425
d=4 s=0,Random 30% #1,1028,0.0177032019704433,0.0394235127808366,0.0061015385657588,-0.0217203108103933,0.0116016634046844,False,True,True,,4,0,3425
d=4 s=0,Random 30% #2,1028,-0.0188812287552644,0.0051596813587775,0.0133592442599024,-0.0240409101140419,-0.0322404730151669,False,False,False,,4,0,3425
d=4 s=0,Random 30% #3,1028,-0.0136963318843895,-0.0020305699841285,-0.0049186093103198,-0.011665761900261,-0.0087777225740696,False,False,False,,4,0,3425
d=4 s=0,Random 30% #4,1028,0.012612065619632,0.0420750202756892,-0.0128589578779684,-0.0294629546560571,0.0254710234976005,True,True,True,,4,0,3425
d=4 s=0,Random 30% #5,1028,0.012955140579904,0.0520117310797515,0.0061974257194756,-0.0390565904998474,0.0067577148604284,False,True,True,,4,0,3425
d=4 s=0,Random 30% #6,1028,0.011061887501678,0.0547497679285304,0.0248396389547591,-0.0436878804268523,-0.013777751453081,False,False,False,,4,0,3425
d=4 s=0,Random 30% #7,1028,-0.0019795447047178,0.0476802201743228,-0.0048959673966716,-0.0496597648790407,0.0029164226919538,True,True,True,,4,0,3425
d=4 s=0,Random 30% #8,1028,-0.0013757582957458,0.0492967302855275,0.0093641770949032,-0.0506724885812734,-0.0107399353906491,False,False,False,,4,0,3425
d=4 s=0,Random 30% #9,1028,0.0167924069116573,0.030314495536612,0.0327821847955488,-0.0135220886249546,-0.0159897778838915,False,False,False,,4,0,3425
d=4 s=0,Random 30% #10,1028,0.0218614718614718,0.0279784436532629,-0.0011761718370075,-0.0061169717917911,0.0230376436984794,True,True,True,,4,0,3425
d=4 s=0,Random 30% #11,1028,0.0036992125742528,0.0489441549047015,-0.0042948019254334,-0.0452449423304487,0.0079940144996862,True,True,True,,4,0,3425
d=4 s=0,Random 30% #12,1028,-0.0176439165409753,0.0241820542667919,-0.0223011357931712,-0.0418259708077673,0.0046572192521959,True,True,True,,4,0,3425
d=4 s=0,Random 30% #13,1028,0.0061871080085679,0.0704630739517754,0.0003150780260451,-0.0642759659432075,0.0058720299825227,False,True,True,,4,0,3425
d=4 s=0,Random 30% #14,1028,-0.0024039572835282,0.0398375275390545,-0.0049235234367621,-0.0422414848225828,0.0025195661532338,True,True,True,,4,0,3425
d=4 s=0,Random 30% #15,1028,-0.0014797507788162,0.0300413635980523,-0.0114009753475365,-0.0315211143768685,0.0099212245687203,True,True,True,,4,0,3425
d=4 s=0,Random 30% #16,1028,0.006823838043474,0.0414536431778503,-0.0073154174145411,-0.0346298051343762,0.0141392554580152,True,True,True,,4,0,3425
d=4 s=0,Random 30% #17,1028,0.0030261642698374,0.0591418213950935,0.0085597388118198,-0.0561156571252561,-0.0055335745419823,False,False,False,,4,0,3425
d=4 s=0,Random 30% #18,1028,0.008237689744539,0.0724169461120479,-0.0258561100171203,-0.0641792563675088,0.0340937997616593,True,True,True,,4,0,3425
d=4 s=0,Random 30% #19,1028,0.0066883064376393,0.051438597122241,0.0142472947626171,-0.0447502906846016,-0.0075589883249778,False,False,False,,4,0,3425
d=4 s=0,Random 30% #20,1028,-0.0099963316214233,0.0358424297823441,-0.0058478637016217,-0.0458387614037675,-0.0041484679198016,True,False,True,,4,0,3425
d=4 s=0,Random 30% #21,1028,0.002277451699682,0.0372629238458059,-0.0174877897955579,-0.0349854721461238,0.01976524149524,True,True,True,,4,0,3425
d=4 s=0,Random 30% #22,1028,0.0271739130434782,0.0299651661928645,0.0241940359622606,-0.0027912531493862,0.0029798770812175,False,True,True,,4,0,3425
d=4 s=0,Random 30% #23,1028,0.0053719593676173,0.014693137667497,0.0316631907140185,-0.0093211782998796,-0.0262912313464012,False,False,False,,4,0,3425
d=4 s=0,Random 30% #24,1028,0.0374355138753044,0.042534841669144,-0.000641576165925,-0.0050993277938396,0.0380770900412295,True,True,True,,4,0,3425
d=4 s=0,Random 30% #25,1028,0.0207335170659317,0.0279600394288481,-0.0066093675308024,-0.0072265223629164,0.0273428845967342,True,True,True,,4,0,3425
d=4 s=0,Random 30% #26,1028,0.000322640117994,0.0496848084880135,0.0074848223237211,-0.0493621683700194,-0.007162182205727,False,False,False,,4,0,3425
d=4 s=0,Random 30% #27,1028,-0.0133699862551543,0.044782853429227,0.0440226220874256,-0.0581528396843813,-0.05739260834258,False,False,False,,4,0,3425
d=4 s=0,Random 30% #28,1028,0.0048546691403834,0.0507712639436988,0.0024438090396298,-0.0459165948033154,0.0024108601007535,False,True,True,,4,0,3425
d=4 s=0,Random 30% #29,1028,0.0132264436461088,0.0540924248053344,0.0001388911774787,-0.0408659811592255,0.0130875524686301,False,True,True,,4,0,3425
d=4 s=0,Random 30% #30,1028,0.0073191060456281,0.0396305182671243,-0.0064748096064512,-0.0323114122214962,0.0137939156520793,True,True,True,,4,0,3425
d=4 s=0,Random 30% #31,1028,0.0186572318838355,0.0777924771778127,0.0549567183976087,-0.0591352452939772,-0.0362994865137732,False,False,False,,4,0,3425
d=4 s=0,Random 30% #32,1028,0.0146773132638857,0.0780573631932125,-0.0026336850690412,-0.0633800499293268,0.0173109983329269,True,True,True,,4,0,3425
d=4 s=0,Random 30% #33,1028,0.0107989019115876,0.0657401098819451,-0.0118809070842503,-0.0549412079703574,0.0226798089958379,True,True,True,,4,0,3425
d=4 s=0,Random 30% #34,1028,0.0036708111308466,0.0571353737133724,0.0056613904571222,-0.0534645625825258,-0.0019905793262755,False,False,False,,4,0,3425
d=4 s=0,Random 30% #35,1028,-0.0021279853031231,0.0664190728369374,-0.0002054580030311,-0.0685470581400605,-0.0019225273000919,True,False,True,,4,0,3425
d=4 s=0,Random 30% #36,1028,-0.0048226599270606,0.0474417982382754,0.0356220144834015,-0.0522644581653361,-0.0404446744104622,False,False,False,,4,0,3425
d=4 s=0,Random 30% #37,1028,-0.0037446257685728,0.043457469140303,0.030159775867374,-0.0472020949088759,-0.0339044016359468,False,False,False,,4,0,3425
d=4 s=0,Random 30% #38,1028,0.0108722741433021,0.0132558301181246,-0.006523645973878,-0.0023835559748225,0.0173959201171802,True,True,True,,4,0,3425
d=4 s=0,Random 30% #39,1028,0.0380230468256006,0.0227288289713333,-0.0141460781420588,0.0152942178542672,0.0521691249676594,True,False,True,,4,0,3425
d=4 s=0,Random 30% #40,1028,-0.0156995008383602,0.0312305052205051,-0.0082516075626166,-0.0469300060588654,-0.0074478932757435,True,False,True,,4,0,3425
d=4 s=0,Random 30% #41,1028,0.0003191021554961,0.0468515716626001,0.0091514213446706,-0.046532469507104,-0.0088323191891745,False,False,False,,4,0,3425
d=4 s=0,Random 30% #42,1028,0.0039796984507742,0.0020185997380277,-0.0014193481522224,0.0019610987127464,0.0053990466029966,True,False,True,,4,0,3425
d=4 s=0,Random 30% #43,1028,0.0320665445665445,0.020304083425929,0.0117453457694548,0.0117624611406154,0.0203211987970897,False,False,False,,4,0,3425
d=4 s=0,Random 30% #44,1028,0.014617494198646,0.0440110156162011,9.023253939310916e-06,-0.0293935214175551,0.0146084709447067,False,True,True,,4,0,3425
d=4 s=0,Random 30% #45,1028,-0.010677190889205,0.0414703268133944,-0.0319366516175258,-0.0521475177025994,0.0212594607283208,True,True,True,,4,0,3425
d=4 s=0,Random 30% #46,1028,-0.0211341559464426,0.0251398102687546,-0.0169749323426742,-0.0462739662151972,-0.0041592236037684,True,False,True,,4,0,3425
d=4 s=0,Random 30% #47,1028,0.0021068472535741,0.0672386495603344,0.0003912191317438,-0.0651318023067603,0.0017156281218302,False,True,True,,4,0,3425
d=4 s=0,Random 30% #48,1028,0.0099373113536103,0.0581697248849123,0.0222799508258692,-0.0482324135313019,-0.0123426394722588,False,False,False,,4,0,3425
d=4 s=0,Random 30% #49,1028,-0.0033935788911766,0.0574543408828329,-0.0083413333618589,-0.0608479197740096,0.0049477544706822,True,True,True,,4,0,3425
d=4 s=0,Random 30% #50,1028,-0.0149638584774062,0.0267572608356722,0.031429614758693,-0.0417211193130784,-0.0463934732360993,False,False,False,,4,0,3425
d=4 s=1,All Patients,3429,0.0078818040435458,0.0554821248352012,0.0155144468237459,-0.0476003207916553,-0.0076326427802,False,False,False,,4,1,3425
d=4 s=1,ICUType 1.0,490,0.0294939989088925,0.0628334969092204,0.0110997033274873,-0.0333394980003279,0.0183942955814051,False,True,True,,4,1,3425
d=4 s=1,ICUType 2.0,643,-0.000975689080413,0.0283660592790771,-0.0136056441593402,-0.0293417483594902,0.0126299550789271,True,True,True,,4,1,3425
d=4 s=1,ICUType 3.0,1357,-0.0217764843549488,0.0233052432794367,-0.0017371200420899,-0.0450817276343855,-0.0200393643128589,True,False,True,,4,1,3425
d=4 s=1,ICUType 4.0,939,0.0202084035501629,0.0404369854656821,0.034410692411794,-0.0202285819155191,-0.0142022888616311,False,False,False,,4,1,3425
d=4 s=1,Age decile 0,374,0.046026807780653,0.0460548510499666,-0.0222640022128473,-2.8043269313576813e-05,0.0682908099935004,True,True,True,,4,1,3425
d=4 s=1,Age decile 1,344,0.0273634472301562,0.0475652597752498,-0.016729830984204,-0.0202018125450935,0.0440932782143602,True,True,True,,4,1,3425
d=4 s=1,Age decile 2,347,0.0042864169770219,-0.000319046528948,-0.0067522899844454,0.00460546350597,0.0110387069614674,False,False,False,,4,1,3425
d=4 s=1,Age decile 3,325,0.0096292729898892,0.0459290944938321,0.0792517154034208,-0.0362998215039428,-0.0696224424135315,False,False,False,,4,1,3425
d=4 s=1,Age decile 4,372,-0.0152359717577108,0.0449337203356581,-0.0623256535924948,-0.060169692093369,0.0470896818347839,True,True,True,,4,1,3425
d=4 s=1,Age decile 5,344,-0.0250497851378262,0.0018402702456831,0.0066496368475102,-0.0268900553835094,-0.0316994219853364,False,False,False,,4,1,3425
d=4 s=1,Age decile 6,397,-0.0004719207173194,0.0430028885387797,-0.0663033737361145,-0.0434748092560992,0.065831453018795,True,True,True,,4,1,3425
d=4 s=1,Age decile 7,247,0.0173747705218987,0.0399042234635461,0.0033745237949058,-0.0225294529416473,0.0140002467269929,False,True,True,,4,1,3425
d=4 s=1,Age decile 8,354,-0.0216450216450216,0.0198691703745411,-0.0296531723787189,-0.0415141920195627,0.0080081507336973,True,True,True,,4,1,3425
d=4 s=1,Age decile 9,325,-0.0771864301276066,0.0827411425322662,0.0436146839513942,-0.1599275726598728,-0.1208011140790008,False,False,False,,4,1,3425
d=4 s=1,HR quartile 0,877,0.0371049136786188,0.0638227034244736,0.0204937056120147,-0.0267177897458547,0.016611208066604,False,True,True,,4,1,3425
d=4 s=1,HR quartile 1,917,-0.0169849537037037,9.790828801670148e-05,0.0094363387481814,-0.0170828619917204,-0.0264212924518851,False,False,False,,4,1,3425
d=4 s=1,HR quartile 2,816,0.034861311019492,0.0438966075633422,0.0114903213763698,-0.0090352965438501,0.0233709896431222,False,True,True,,4,1,3425
d=4 s=1,HR quartile 3,819,-0.0232600311906863,0.0459810803132949,0.0164792325503108,-0.0692411115039812,-0.0397392637409971,False,False,False,,4,1,3425
d=4 s=1,MAP quartile 0,877,-0.0141240285818599,0.0504746301066684,0.0133055664419635,-0.0645986586885283,-0.0274295950238234,False,False,False,,4,1,3425
d=4 s=1,MAP quartile 1,840,0.02392179413456,0.0427189224112075,0.0075718255417174,-0.0187971282766474,0.0163499685928426,False,True,True,,4,1,3425
d=4 s=1,MAP quartile 2,866,0.0104058609958506,0.011272455354716,-0.0200320129584599,-0.0008665943588654,0.0304378739543105,True,True,True,,4,1,3425
d=4 s=1,MAP quartile 3,846,0.0090927756430939,0.0582790460514156,-0.0034999242995514,-0.0491862704083217,0.0125926999426453,True,True,True,,4,1,3425
d=4 s=1,Temp quartile 0,902,0.0068727157158747,0.0071741580674673,0.0168843238017359,-0.0003014423515926,-0.0100116080858611,False,False,False,,4,1,3425
d=4 s=1,Temp quartile 1,864,0.0305627470437901,0.049370283093046,-0.0050831160613926,-0.0188075360492558,0.0356458631051828,True,True,True,,4,1,3425
d=4 s=1,Temp quartile 2,838,-0.0036346905912123,0.0470631398276718,0.03048924985639,-0.0506978304188841,-0.0341239404476024,False,False,False,,4,1,3425
d=4 s=1,Temp quartile 3,825,-0.0023612750885478,0.0295426372382938,-0.007428884231205,-0.0319039123268417,0.0050676091426572,True,True,True,,4,1,3425
d=4 s=1,Urine quartile 0,859,-0.0313289760348584,0.0270637920426432,0.024528677414549,-0.0583927680775016,-0.0558576534494074,False,False,False,,4,1,3425
d=4 s=1,Urine quartile 1,913,-0.0210526315789473,0.0236790761608468,-0.0182056046196715,-0.0447317077397942,-0.0028470269592758,True,False,True,,4,1,3425
d=4 s=1,Urine quartile 2,802,0.0149901230333403,0.0485991930498362,0.0204488852865112,-0.0336090700164959,-0.0054587622531708,False,False,False,,4,1,3425
d=4 s=1,Urine quartile 3,855,0.0601118199903958,0.0488126343478706,-0.01578312334225,0.0112991856425251,0.0758949433326458,True,False,True,,4,1,3425
d=4 s=1,SAPS quartile 0,1025,0.0026756349262149,0.0406458938012614,-0.0134497867234919,-0.0379702588750464,0.0161254216497068,True,True,True,,4,1,3425
d=4 s=1,SAPS quartile 1,946,0.0452124666297511,0.0098694965443527,0.0068540919197779,0.0353429700853984,0.0383583747099732,False,False,False,,4,1,3425
d=4 s=1,SAPS quartile 2,660,0.0015384615384615,0.0422523558000376,0.0209961278262546,-0.0407138942615761,-0.0194576662877931,False,False,False,,4,1,3425
d=4 s=1,SAPS quartile 3,798,-0.0389986891196934,0.0442719178842102,0.0156781398820735,-0.0832706070039036,-0.0546768290017669,False,False,False,,4,1,3425
d=4 s=1,HR > 100,945,-0.0351262896411669,0.00585400265932,-0.0025849758966829,-0.040980292300487,-0.032541313744484,True,False,True,,4,1,3425
d=4 s=1,MAP < 65,697,-0.0279136809159047,0.0431914868677401,-0.0038134733216861,-0.0711051677836449,-0.0241002075942186,True,False,True,,4,1,3425
d=4 s=1,Temp > 38C,267,-0.0430204913392958,0.0371489302955335,-0.0330761868911017,-0.0801694216348294,-0.0099443044481941,True,False,True,,4,1,3425
d=4 s=1,Urine > 1000,210,0.0458952811893988,0.0780552604482726,-0.036437093674487,-0.0321599792588738,0.0823323748638858,True,True,True,,4,1,3425
d=4 s=1,Random 50% #1,1714,0.0148182289884191,0.0185718392259953,-0.0090412962514376,-0.0037536102375761,0.0238595252398568,True,True,True,,4,1,3425
d=4 s=1,Random 50% #2,1714,0.0038708396744524,0.0336686265657626,0.015991746028022,-0.0297977868913102,-0.0121209063535696,False,False,False,,4,1,3425
d=4 s=1,Random 50% #3,1714,0.0221853388658367,0.0553132545433251,0.0284472005314891,-0.0331279156774883,-0.0062618616656523,False,False,False,,4,1,3425
d=4 s=1,Random 50% #4,1714,0.0209444740819774,0.0415935938839301,0.0126884002345143,-0.0206491198019527,0.008256073847463,False,True,True,,4,1,3425
d=4 s=1,Random 50% #5,1714,0.025145147627017,0.0315299368047194,0.073257304588688,-0.0063847891777023,-0.0481121569616709,False,False,False,,4,1,3425
d=4 s=1,Random 50% #6,1714,-0.0032358828377694,0.044876455078891,0.0326232072560251,-0.0481123379166605,-0.0358590900937945,False,False,False,,4,1,3425
d=4 s=1,Random 50% #7,1714,0.0203886964648963,0.0622719817870216,0.0312335556920996,-0.0418832853221253,-0.0108448592272032,False,False,False,,4,1,3425
d=4 s=1,Random 50% #8,1714,-0.0080211409064465,0.029712393680435,0.0039480485462859,-0.0377335345868816,-0.0119691894527325,False,False,False,,4,1,3425
d=4 s=1,Random 50% #9,1714,-0.0018808498325041,0.038590697091553,-0.0209890778593485,-0.0404715469240572,0.0191082280268443,True,True,True,,4,1,3425
d=4 s=1,Random 50% #10,1714,0.0032849222618878,0.0054069105859436,0.0382014067475063,-0.0021219883240558,-0.0349164844856184,False,False,False,,4,1,3425
d=4 s=1,Random 50% #11,1714,0.0064028840624585,0.0579544954662013,0.0158089920383101,-0.0515516114037428,-0.0094061079758515,False,False,False,,4,1,3425
d=4 s=1,Random 50% #12,1714,-0.0033234372422892,0.0309365301309722,0.0293412253236345,-0.0342599673732615,-0.0326646625659237,False,False,False,,4,1,3425
d=4 s=1,Random 50% #13,1714,0.0032517955657333,0.026941522503951,0.0262158628229978,-0.0236897269382177,-0.0229640672572645,False,False,False,,4,1,3425
d=4 s=1,Random 50% #14,1714,0.0062157191184681,0.0182540229794124,0.0043631705901702,-0.0120383038609443,0.0018525485282979,False,True,True,,4,1,3425
d=4 s=1,Random 50% #15,1714,0.0026854501430772,0.0454509369285267,-0.0124562956464061,-0.0427654867854495,0.0151417457894834,True,True,True,,4,1,3425
d=4 s=1,Random 50% #16,1714,0.0188052608311229,0.0394446904067611,0.0248583420384655,-0.0206394295756382,-0.0060530812073426,False,False,False,,4,1,3425
d=4 s=1,Random 50% #17,1714,0.0073507410721795,0.027937654425448,0.0075855352277198,-0.0205869133532685,-0.0002347941555403,False,False,False,,4,1,3425
d=4 s=1,Random 50% #18,1714,0.0251803786741562,0.0243563209295075,0.0083033200644959,0.0008240577446486,0.0168770586096602,False,False,False,,4,1,3425
d=4 s=1,Random 50% #19,1714,0.0087463233253787,0.0367289820378558,0.0186030598952103,-0.027982658712477,-0.0098567365698315,False,False,False,,4,1,3425
d=4 s=1,Random 50% #20,1714,0.0239488541873964,0.0318355127913045,0.0311245214516642,-0.007886658603908,-0.0071756672642678,False,False,False,,4,1,3425
d=4 s=1,Random 50% #21,1714,0.0016605879752431,0.0560696013057778,-0.0159314720124801,-0.0544090133305347,0.0175920599877233,True,True,True,,4,1,3425
d=4 s=1,Random 50% #22,1714,0.0178287222426975,0.0135363113441014,0.0806867833111558,0.004292410898596,-0.0628580610684582,False,True,True,,4,1,3425
d=4 s=1,Random 50% #23,1714,-0.0051929851771431,0.0111619308876328,-0.0061950095122804,-0.0163549160647759,0.0010020243351373,True,True,True,,4,1,3425
d=4 s=1,Random 50% #24,1714,0.0201698382197979,0.0163225877176443,0.0261256516289013,0.0038472505021535,-0.0059558134091033,False,True,True,,4,1,3425
d=4 s=1,Random 50% #25,1714,0.0024135223603308,0.0206289859135117,0.0100643223600002,-0.0182154635531808,-0.0076507999996694,False,False,False,,4,1,3425
d=4 s=1,Random 50% #26,1714,-0.0063986093578627,0.0570542110896103,-0.0033116219083021,-0.0634528204474731,-0.0030869874495605,True,False,True,,4,1,3425
d=4 s=1,Random 50% #27,1714,-0.0048317683881064,0.0375412909537205,-0.0192713694098645,-0.042373059341827,0.0144396010217581,True,True,True,,4,1,3425
d=4 s=1,Random 50% #28,1714,0.0098094573797898,0.0099307055569665,0.035097835469521,-0.0001212481771766,-0.0252883780897312,False,False,False,,4,1,3425
d=4 s=1,Random 50% #29,1714,0.0125552608311229,0.018124062367864,0.0313620947534529,-0.0055688015367411,-0.01880683392233,False,False,False,,4,1,3425
d=4 s=1,Random 50% #30,1714,0.0022139615866539,0.0261104179387648,0.0588779203144743,-0.0238964563521109,-0.0566639587278204,False,False,False,,4,1,3425
d=4 s=1,Random 50% #31,1714,0.0081502190717898,0.0408163286656267,0.0226603363823705,-0.0326661095938369,-0.0145101173105807,False,False,False,,4,1,3425
d=4 s=1,Random 50% #32,1714,-0.0092920029904661,-0.0114624145323185,0.0483214320334222,0.0021704115418524,-0.0576134350238884,True,True,True,,4,1,3425
d=4 s=1,Random 50% #33,1714,-0.002514181228832,0.029150409706076,0.0003783075547572,-0.0316645909349081,-0.0028924887835892,False,False,False,,4,1,3425
d=4 s=1,Random 50% #34,1714,0.0070180513371488,0.0575776996015015,-0.0067575934393074,-0.0505596482643527,0.0137756447764562,True,True,True,,4,1,3425
d=4 s=1,Random 50% #35,1714,0.0093248828878478,0.0545148357565228,-0.0047781761016522,-0.0451899528686749,0.0141030589895001,True,True,True,,4,1,3425
d=4 s=1,Random 50% #36,1714,0.016912667846362,0.0522058080299565,0.00489823237006,-0.0352931401835944,0.0120144354763019,False,True,True,,4,1,3425
d=4 s=1,Random 50% #37,1714,0.0036653828805384,0.0374685616659965,0.0216230318836409,-0.033803178785458,-0.0179576490031024,False,False,False,,4,1,3425
d=4 s=1,Random 50% #38,1714,0.0021576191788371,0.0281356678740656,0.0071209536170536,-0.0259780486952285,-0.0049633344382165,False,False,False,,4,1,3425
d=4 s=1,Random 50% #39,1714,0.0170086158804934,0.0213275403664287,0.0675542446825475,-0.0043189244859353,-0.0505456288020541,False,False,False,,4,1,3425
d=4 s=1,Random 50% #40,1714,0.018520937100027,-0.0089634761756723,0.0734641663120173,0.0274844132756993,-0.0549432292119902,True,True,True,,4,1,3425
d=4 s=1,Random 50% #41,1714,0.0027199322354597,0.0226160295722376,-0.0248015399942183,-0.0198960973367778,0.0275214722296781,True,True,True,,4,1,3425
d=4 s=1,Random 50% #42,1714,0.0178900300253214,0.0642590195207473,0.0379138814642551,-0.0463689894954259,-0.0200238514389337,False,False,False,,4,1,3425
d=4 s=1,Random 50% #43,1714,0.0169958506224066,0.0253468235491798,0.0168708518000316,-0.0083509729267731,0.000124998822375,False,True,True,,4,1,3425
d=4 s=1,Random 50% #44,1714,-0.0080414937759336,0.0224561569630133,0.0713833109075346,-0.0304976507389469,-0.0794248046834682,False,False,False,,4,1,3425
d=4 s=1,Random 50% #45,1714,-0.0006684003732017,0.0367795548199694,-0.0069553072146183,-0.0374479551931711,0.0062869068414166,True,True,True,,4,1,3425
d=4 s=1,Random 50% #46,1714,-0.0127567411871579,0.0364722748989964,0.0023599704514439,-0.0492290160861544,-0.0151167116386018,False,False,False,,4,1,3425
d=4 s=1,Random 50% #47,1714,-0.0023071888899981,0.0259671696982658,0.017961679311405,-0.0282743585882639,-0.0202688682014031,False,False,False,,4,1,3425
d=4 s=1,Random 50% #48,1714,0.0007707867678387,0.0306304585871904,-0.0070305598125691,-0.0298596718193516,0.0078013465804079,True,True,True,,4,1,3425
d=4 s=1,Random 50% #49,1714,-0.0052585890287469,0.0074978626115849,0.0284586194385893,-0.0127564516403319,-0.0337172084673363,False,False,False,,4,1,3425
d=4 s=1,Random 50% #50,1714,-0.009935439192208,0.0085721622448891,-0.0185396172452818,-0.0185076014370971,0.0086041780530738,True,True,True,,4,1,3425
d=4 s=1,Random 30% #1,1028,0.0177032019704433,0.0583583261419504,0.0413810279193041,-0.0406551241715071,-0.0236778259488608,False,False,False,,4,1,3425
d=4 s=1,Random 30% #2,1028,-0.0188812287552644,0.0176792517008645,0.0050281998006093,-0.036560480456129,-0.0239094285558738,False,False,False,,4,1,3425
d=4 s=1,Random 30% #3,1028,-0.0136963318843895,0.008620355904914,-0.0170003309597856,-0.0223166877893035,0.0033039990753961,True,True,True,,4,1,3425
d=4 s=1,Random 30% #4,1028,0.012612065619632,0.052307175084967,-0.0022755234244981,-0.039695109465335,0.0148875890441301,True,True,True,,4,1,3425
d=4 s=1,Random 30% #5,1028,0.012955140579904,0.0413297379557532,0.0242379529227741,-0.0283745973758492,-0.0112828123428701,False,False,False,,4,1,3425
d=4 s=1,Random 30% #6,1028,0.011061887501678,0.0318269689742751,-0.0058473766929395,-0.020765081472597,0.0169092641946176,True,True,True,,4,1,3425
d=4 s=1,Random 30% #7,1028,-0.0019795447047178,0.0255139056956456,0.0273799755725032,-0.0274934504003635,-0.0293595202772211,False,False,False,,4,1,3425
d=4 s=1,Random 30% #8,1028,-0.0013757582957458,0.0290745312554226,0.0321444591442994,-0.0304502895511685,-0.0335202174400453,False,False,False,,4,1,3425
d=4 s=1,Random 30% #9,1028,0.0167924069116573,0.0002963902307393,0.0282233810177613,0.0164960166809179,-0.011430974106104,False,True,True,,4,1,3425
d=4 s=1,Random 30% #10,1028,0.0218614718614718,0.0336336250117129,-0.0254964587294745,-0.0117721531502411,0.0473579305909463,True,True,True,,4,1,3425
d=4 s=1,Random 30% #11,1028,0.0036992125742528,0.0187448212088773,0.0226290272442596,-0.0150456086346244,-0.0189298146700068,False,False,False,,4,1,3425
d=4 s=1,Random 30% #12,1028,-0.0176439165409753,0.0389280130352161,-0.0079497724387479,-0.0565719295761915,-0.0096941441022273,True,False,True,,4,1,3425
d=4 s=1,Random 30% #13,1028,0.0061871080085679,0.0399282579267305,0.0053179995128398,-0.0337411499181626,0.0008691084957281,False,True,True,,4,1,3425
d=4 s=1,Random 30% #14,1028,-0.0024039572835282,0.0420884559156628,0.0051616457730366,-0.0444924131991911,-0.0075656030565649,False,False,False,,4,1,3425
d=4 s=1,Random 30% #15,1028,-0.0014797507788162,0.0424298914890394,-0.0162727199037299,-0.0439096422678556,0.0147929691249137,True,True,True,,4,1,3425
d=4 s=1,Random 30% #16,1028,0.006823838043474,0.0283396739265402,-0.0123384327792819,-0.0215158358830662,0.019162270822756,True,True,True,,4,1,3425
d=4 s=1,Random 30% #17,1028,0.0030261642698374,0.058636011966399,-0.0124440979640216,-0.0556098476965616,0.0154702622338591,True,True,True,,4,1,3425
d=4 s=1,Random 30% #18,1028,0.008237689744539,0.0629357074853525,0.0069719020330501,-0.0546980177408134,0.0012657877114889,False,True,True,,4,1,3425
d=4 s=1,Random 30% #19,1028,0.0066883064376393,-0.0213431286651031,0.0083160819471382,0.0280314351027425,-0.0016277755094988,True,True,True,,4,1,3425
d=4 s=1,Random 30% #20,1028,-0.0099963316214233,0.0203913940155476,0.0327459029072879,-0.0303877256369709,-0.0427422345287112,False,False,False,,4,1,3425
d=4 s=1,Random 30% #21,1028,0.002277451699682,0.0523500741567631,-0.0129842953562755,-0.050072622457081,0.0152617470559576,True,True,True,,4,1,3425
d=4 s=1,Random 30% #22,1028,0.0271739130434782,0.0708599625521135,0.0245275674793692,-0.0436860495086352,0.002646345564109,False,True,True,,4,1,3425
d=4 s=1,Random 30% #23,1028,0.0053719593676173,0.0405903808553523,0.0323067594799644,-0.0352184214877349,-0.0269348001123471,False,False,False,,4,1,3425
d=4 s=1,Random 30% #24,1028,0.0374355138753044,0.0403151043658126,0.0122637792987559,-0.0028795904905082,0.0251717345765484,False,True,True,,4,1,3425
d=4 s=1,Random 30% #25,1028,0.0207335170659317,0.0234663947249313,0.0066803138777767,-0.0027328776589995,0.014053203188155,False,True,True,,4,1,3425
d=4 s=1,Random 30% #26,1028,0.000322640117994,0.0230429050859255,0.0033419506021669,-0.0227202649679314,-0.0030193104841728,False,False,False,,4,1,3425
d=4 s=1,Random 30% #27,1028,-0.0133699862551543,0.0523322437100415,0.0037698701191788,-0.0657022299651959,-0.0171398563743331,False,False,False,,4,1,3425
d=4 s=1,Random 30% #28,1028,0.0048546691403834,0.0557671732677328,0.0454099900938248,-0.0509125041273493,-0.0405553209534414,False,False,False,,4,1,3425
d=4 s=1,Random 30% #29,1028,0.0132264436461088,0.035345609909862,-0.0041142979358372,-0.0221191662637531,0.017340741581946,True,True,True,,4,1,3425
d=4 s=1,Random 30% #30,1028,0.0073191060456281,0.0386939523897397,-0.0206618745024126,-0.0313748463441115,0.0279809805480407,True,True,True,,4,1,3425
d=4 s=1,Random 30% #31,1028,0.0186572318838355,0.0482276073020717,0.0785532252375286,-0.0295703754182362,-0.0598959933536931,False,False,False,,4,1,3425
d=4 s=1,Random 30% #32,1028,0.0146773132638857,0.0653798734399913,0.0217068536555108,-0.0507025601761055,-0.0070295403916251,False,False,False,,4,1,3425
d=4 s=1,Random 30% #33,1028,0.0107989019115876,0.052529497607299,0.0098676422809033,-0.0417305956957114,0.0009312596306843,False,True,True,,4,1,3425
d=4 s=1,Random 30% #34,1028,0.0036708111308466,0.0410728281624687,0.0304782042408649,-0.037402017031622,-0.0268073931100182,False,False,False,,4,1,3425
d=4 s=1,Random 30% #35,1028,-0.0021279853031231,0.0466593352293595,0.0341819392128687,-0.0487873205324826,-0.0363099245159918,False,False,False,,4,1,3425
d=4 s=1,Random 30% #36,1028,-0.0048226599270606,0.0348124106634796,0.0095655502939441,-0.0396350705905403,-0.0143882102210047,False,False,False,,4,1,3425
d=4 s=1,Random 30% #37,1028,-0.0037446257685728,0.0252353145892245,0.0570786734708818,-0.0289799403577974,-0.0608232992394547,False,False,False,,4,1,3425
d=4 s=1,Random 30% #38,1028,0.0108722741433021,0.001099026405001,0.0405045252757319,0.0097732477383011,-0.0296322511324298,False,True,True,,4,1,3425
d=4 s=1,Random 30% #39,1028,0.0380230468256006,0.0573359015874958,0.0459153796061257,-0.0193128547618952,-0.0078923327805251,False,False,False,,4,1,3425
d=4 s=1,Random 30% #40,1028,-0.0156995008383602,0.0302717318287859,0.0118813532152337,-0.0459712326671461,-0.027580854053594,False,False,False,,4,1,3425
d=4 s=1,Random 30% #41,1028,0.0003191021554961,0.0504205147719781,0.0143016879244149,-0.050101412616482,-0.0139825857689187,False,False,False,,4,1,3425
d=4 s=1,Random 30% #42,1028,0.0039796984507742,0.0301271044468574,0.0207124390002772,-0.0261474059960832,-0.0167327405495029,False,False,False,,4,1,3425
d=4 s=1,Random 30% #43,1028,0.0320665445665445,0.0367677241635309,0.018080445553413,-0.0047011795969864,0.0139860990131314,False,True,True,,4,1,3425
d=4 s=1,Random 30% #44,1028,0.014617494198646,-0.0251178493185625,0.0316196706835525,0.0397353435172085,-0.0170021764849065,True,True,True,,4,1,3425
d=4 s=1,Random 30% #45,1028,-0.010677190889205,0.0236892907382046,-0.0185155167629408,-0.0343664816274096,0.0078383258737357,True,True,True,,4,1,3425
d=4 s=1,Random 30% #46,1028,-0.0211341559464426,0.0346875169586067,-0.0009094605710192,-0.0558216729050494,-0.0202246953754234,True,False,True,,4,1,3425
d=4 s=1,Random 30% #47,1028,0.0021068472535741,0.074599621433085,-0.0183510413338973,-0.0724927741795109,0.0204578885874714,True,True,True,,4,1,3425
d=4 s=1,Random 30% #48,1028,0.0099373113536103,0.0543447332336255,0.0182417416089728,-0.0444074218800151,-0.0083044302553624,False,False,False,,4,1,3425
d=4 s=1,Random 30% #49,1028,-0.0033935788911766,0.0456075275474965,0.0207823505221796,-0.0490011064386732,-0.0241759294133563,False,False,False,,4,1,3425
d=4 s=1,Random 30% #50,1028,-0.0149638584774062,0.0352415188683127,0.0436380528429042,-0.0502053773457189,-0.0586019113203105,False,False,False,,4,1,3425
d=4 s=2,All Patients,3429,0.0078818040435458,0.0388296443539746,0.0226882588521003,-0.0309478403104287,-0.0148064548085544,False,False,False,,4,2,3425
d=4 s=2,ICUType 1.0,490,0.0294939989088925,0.088274079331978,0.0008466015200868,-0.0587800804230854,0.0286473973888056,False,True,True,,4,2,3425
d=4 s=2,ICUType 2.0,643,-0.000975689080413,0.0224335183146816,-0.0073291206192797,-0.0234092073950946,0.0063534315388667,True,True,True,,4,2,3425
d=4 s=2,ICUType 3.0,1357,-0.0217764843549488,0.0029001776415293,-0.0128079383459185,-0.0246766619964782,-0.0089685460090303,True,False,True,,4,2,3425
d=4 s=2,ICUType 4.0,939,0.0202084035501629,0.0429693034726579,0.0171003278044138,-0.022760899922495,0.003108075745749,False,True,True,,4,2,3425
d=4 s=2,Age decile 0,374,0.046026807780653,0.0587141567482882,-0.0213134209851578,-0.0126873489676351,0.0673402287658109,True,True,True,,4,2,3425
d=4 s=2,Age decile 1,344,0.0273634472301562,0.0351991503142381,-0.0239294535856222,-0.0078357030840819,0.0512929008157784,True,True,True,,4,2,3425
d=4 s=2,Age decile 2,347,0.0042864169770219,0.0159487357119183,0.0611381040235804,-0.0116623187348963,-0.0568516870465584,False,False,False,,4,2,3425
d=4 s=2,Age decile 3,325,0.0096292729898892,0.0318871537101449,-0.0545997165445898,-0.0222578807202556,0.0642289895344791,True,True,True,,4,2,3425
d=4 s=2,Age decile 4,372,-0.0152359717577108,0.0466214658401816,-0.0377526586402441,-0.0618574375978925,0.0225166868825332,True,True,True,,4,2,3425
d=4 s=2,Age decile 5,344,-0.0250497851378262,0.0469914619152277,0.0750845788643023,-0.072041247053054,-0.1001343640021285,False,False,False,,4,2,3425
d=4 s=2,Age decile 6,397,-0.0004719207173194,0.0406961477439096,-0.0380269922512477,-0.0411680684612291,0.0375550715339282,True,True,True,,4,2,3425
d=4 s=2,Age decile 7,247,0.0173747705218987,0.0252515890396491,-0.0139277740858545,-0.0078768185177504,0.0313025446077533,True,True,True,,4,2,3425
d=4 s=2,Age decile 8,354,-0.0216450216450216,0.0581664558466631,-0.0155478292721082,-0.0798114774916848,-0.0060971923729134,True,False,True,,4,2,3425
d=4 s=2,Age decile 9,325,-0.0771864301276066,0.1016304513562295,0.0218611417164139,-0.1788168814838361,-0.0990475718440205,False,False,False,,4,2,3425
d=4 s=2,HR quartile 0,877,0.0371049136786188,0.0701401519582011,0.0254221563719017,-0.0330352382795822,0.011682757306717,False,True,True,,4,2,3425
d=4 s=2,HR quartile 1,917,-0.0169849537037037,0.0073622124327872,-0.0050208768054124,-0.0243471661364909,-0.0119640768982912,True,False,True,,4,2,3425
d=4 s=2,HR quartile 2,816,0.034861311019492,0.0459550986544739,0.0006174367071029,-0.0110937876349818,0.0342438743123891,False,True,True,,4,2,3425
d=4 s=2,HR quartile 3,819,-0.0232600311906863,0.005049595262235,0.0014268435452734,-0.0283096264529213,-0.0246868747359597,False,False,False,,4,2,3425
d=4 s=2,MAP quartile 0,877,-0.0141240285818599,0.0527814354716772,0.0029955793648604,-0.0669054640535371,-0.0171196079467203,False,False,False,,4,2,3425
d=4 s=2,MAP quartile 1,840,0.02392179413456,0.0260897771537844,0.017744107970604,-0.0021679830192243,0.006177686163956,False,True,True,,4,2,3425
d=4 s=2,MAP quartile 2,866,0.0104058609958506,0.0420856619666291,0.0146647072634715,-0.0316798009707785,-0.0042588462676209,False,False,False,,4,2,3425
d=4 s=2,MAP quartile 3,846,0.0090927756430939,0.0636007759707018,0.0117586996745829,-0.0545080003276079,-0.002665924031489,False,False,False,,4,2,3425
d=4 s=2,Temp quartile 0,902,0.0068727157158747,0.0816859907439334,0.0285463982603047,-0.0748132750280586,-0.02167368254443,False,False,False,,4,2,3425
d=4 s=2,Temp quartile 1,864,0.0305627470437901,0.0198508772336445,-0.0142958980800448,0.0107118698101456,0.044858645123835,True,False,True,,4,2,3425
d=4 s=2,Temp quartile 2,838,-0.0036346905912123,0.0586879417272805,0.016471615796775,-0.0623226323184928,-0.0201063063879873,False,False,False,,4,2,3425
d=4 s=2,Temp quartile 3,825,-0.0023612750885478,0.0073771624952933,-0.011278216203807,-0.0097384375838411,0.0089169411152592,True,True,True,,4,2,3425
d=4 s=2,Urine quartile 0,859,-0.0313289760348584,0.0141148205427038,-0.0043234488756051,-0.0454437965775622,-0.0270055271592532,True,False,True,,4,2,3425
d=4 s=2,Urine quartile 1,913,-0.0210526315789473,0.0247096661890796,-0.0286847425633082,-0.045762297768027,0.0076321109843609,True,True,True,,4,2,3425
d=4 s=2,Urine quartile 2,802,0.0149901230333403,0.0263799548702026,0.0055321744551573,-0.0113898318368623,0.0094579485781829,False,True,True,,4,2,3425
d=4 s=2,Urine quartile 3,855,0.0601118199903958,0.0450375108788238,-0.0201988187781522,0.0150743091115719,0.0803106387685481,True,False,True,,4,2,3425
d=4 s=2,SAPS quartile 0,1025,0.0026756349262149,0.0283177426282538,-0.0175431744142345,-0.0256421077020389,0.0202188093404495,True,True,True,,4,2,3425
d=4 s=2,SAPS quartile 1,946,0.0452124666297511,0.057950140175018,0.0088294544407609,-0.0127376735452668,0.0363830121889902,False,True,True,,4,2,3425
d=4 s=2,SAPS quartile 2,660,0.0015384615384615,0.0260414540858922,0.033454284798104,-0.0245029925474306,-0.0319158232596424,False,False,False,,4,2,3425
d=4 s=2,SAPS quartile 3,798,-0.0389986891196934,0.0690715078988627,0.089308777888308,-0.1080701970185561,-0.1283074670080015,False,False,False,,4,2,3425
d=4 s=2,HR > 100,945,-0.0351262896411669,0.0439288657876718,-0.0114503519209311,-0.0790551554288387,-0.0236759377202358,True,False,True,,4,2,3425
d=4 s=2,MAP < 65,697,-0.0279136809159047,0.0294067188539665,0.0163814688872725,-0.0573203997698713,-0.0442951498031773,False,False,False,,4,2,3425
d=4 s=2,Temp > 38C,267,-0.0430204913392958,0.0320534786871662,0.0416772379564212,-0.075073970026462,-0.084697729295717,False,False,False,,4,2,3425
d=4 s=2,Urine > 1000,210,0.0458952811893988,0.075069359340675,-0.0410005569196334,-0.0291740781512762,0.0868958381090322,True,True,True,,4,2,3425
d=4 s=2,Random 50% #1,1714,0.0148182289884191,0.0313485377395466,-0.0015130820475214,-0.0165303087511274,0.0163313110359406,True,True,True,,4,2,3425
d=4 s=2,Random 50% #2,1714,0.0038708396744524,0.0461290039925583,0.0197167455226384,-0.0422581643181059,-0.0158459058481859,False,False,False,,4,2,3425
d=4 s=2,Random 50% #3,1714,0.0221853388658367,0.0409283639286526,0.0192261561527822,-0.0187430250628158,0.0029591827130545,False,True,True,,4,2,3425
d=4 s=2,Random 50% #4,1714,0.0209444740819774,0.0388303142810416,-0.0226069859861802,-0.0178858401990641,0.0435514600681577,True,True,True,,4,2,3425
d=4 s=2,Random 50% #5,1714,0.025145147627017,0.0282402431775399,0.0264506781583406,-0.0030950955505228,-0.0013055305313235,False,False,False,,4,2,3425
d=4 s=2,Random 50% #6,1714,-0.0032358828377694,0.0430079511042346,-0.0023616558472719,-0.0462438339420041,-0.0008742269904975,True,False,True,,4,2,3425
d=4 s=2,Random 50% #7,1714,0.0203886964648963,0.0277928898952516,-0.0048619219972065,-0.0074041934303553,0.0252506184621028,True,True,True,,4,2,3425
d=4 s=2,Random 50% #8,1714,-0.0080211409064465,0.035521757389294,0.0193157094663408,-0.0435428982957406,-0.0273368503727873,False,False,False,,4,2,3425
d=4 s=2,Random 50% #9,1714,-0.0018808498325041,0.03714022450509,0.0336366937722951,-0.0390210743375942,-0.0355175436047993,False,False,False,,4,2,3425
d=4 s=2,Random 50% #10,1714,0.0032849222618878,0.0324638857794304,0.0176891313286681,-0.0291789635175425,-0.0144042090667802,False,False,False,,4,2,3425
d=4 s=2,Random 50% #11,1714,0.0064028840624585,0.0372489138847565,0.0410362110263758,-0.0308460298222979,-0.0346333269639172,False,False,False,,4,2,3425
d=4 s=2,Random 50% #12,1714,-0.0033234372422892,0.0320247754213748,0.0043883849770259,-0.0353482126636641,-0.0077118222193152,False,False,False,,4,2,3425
d=4 s=2,Random 50% #13,1714,0.0032517955657333,0.0247854114491326,0.0140332427580497,-0.0215336158833993,-0.0107814471923163,False,False,False,,4,2,3425
d=4 s=2,Random 50% #14,1714,0.0062157191184681,0.0509445242604059,-0.0015509646012378,-0.0447288051419378,0.007766683719706,True,True,True,,4,2,3425
d=4 s=2,Random 50% #15,1714,0.0026854501430772,0.0242653308123294,0.0140102258840852,-0.0215798806692522,-0.0113247757410079,False,False,False,,4,2,3425
d=4 s=2,Random 50% #16,1714,0.0188052608311229,0.0421410586261791,0.0558225883295465,-0.0233357977950562,-0.0370173274984236,False,False,False,,4,2,3425
d=4 s=2,Random 50% #17,1714,0.0073507410721795,0.0037011559163036,0.0468098497325632,0.0036495851558759,-0.0394591086603836,False,True,True,,4,2,3425
d=4 s=2,Random 50% #18,1714,0.0251803786741562,0.055824190460639,0.0200782406907247,-0.0306438117864828,0.0051021379834314,False,True,True,,4,2,3425
d=4 s=2,Random 50% #19,1714,0.0087463233253787,0.0231715170735793,0.0326138458946601,-0.0144251937482005,-0.0238675225692813,False,False,False,,4,2,3425
d=4 s=2,Random 50% #20,1714,0.0239488541873964,0.0304888256447931,0.0445169009754659,-0.0065399714573967,-0.0205680467880695,False,False,False,,4,2,3425
d=4 s=2,Random 50% #21,1714,0.0016605879752431,0.038225088806433,0.0130829301919405,-0.0365645008311898,-0.0114223422166973,False,False,False,,4,2,3425
d=4 s=2,Random 50% #22,1714,0.0178287222426975,0.0193085237849897,0.0263942486627931,-0.0014798015422922,-0.0085655264200956,False,False,False,,4,2,3425
d=4 s=2,Random 50% #23,1714,-0.0051929851771431,0.0236077796105649,0.0164284527112021,-0.028800764787708,-0.0216214378883452,False,False,False,,4,2,3425
d=4 s=2,Random 50% #24,1714,0.0201698382197979,0.0212976066089521,-0.0233840029251024,-0.0011277683891541,0.0435538411449004,True,True,True,,4,2,3425
d=4 s=2,Random 50% #25,1714,0.0024135223603308,0.0575471998426836,0.0315686782321442,-0.0551336774823528,-0.0291551558718133,False,False,False,,4,2,3425
d=4 s=2,Random 50% #26,1714,-0.0063986093578627,0.0409450372234694,-0.0274445279905226,-0.0473436465813321,0.0210459186326599,True,True,True,,4,2,3425
d=4 s=2,Random 50% #27,1714,-0.0048317683881064,0.029277707271938,0.0059958685083333,-0.0341094756600444,-0.0108276368964397,False,False,False,,4,2,3425
d=4 s=2,Random 50% #28,1714,0.0098094573797898,0.0247586799854212,0.0336863745678003,-0.0149492226056313,-0.0238769171880104,False,False,False,,4,2,3425
d=4 s=2,Random 50% #29,1714,0.0125552608311229,0.0305346592516581,0.0070315877669287,-0.0179793984205352,0.0055236730641941,False,True,True,,4,2,3425
d=4 s=2,Random 50% #30,1714,0.0022139615866539,0.038007142675091,0.0425842314138427,-0.0357931810884371,-0.0403702698271888,False,False,False,,4,2,3425
d=4 s=2,Random 50% #31,1714,0.0081502190717898,0.0165752213018643,-0.005713589257992,-0.0084250022300745,0.0138638083297818,True,True,True,,4,2,3425
d=4 s=2,Random 50% #32,1714,-0.0092920029904661,0.010753263063115,0.0118976794894204,-0.0200452660535812,-0.0211896824798866,False,False,False,,4,2,3425
d=4 s=2,Random 50% #33,1714,-0.002514181228832,0.0387001263491412,0.0373416329672624,-0.0412143075779732,-0.0398558141960944,False,False,False,,4,2,3425
d=4 s=2,Random 50% #34,1714,0.0070180513371488,0.0187443997612201,-0.026499348760611,-0.0117263484240713,0.0335174000977598,True,True,True,,4,2,3425
d=4 s=2,Random 50% #35,1714,0.0093248828878478,0.0447353432029752,0.0485998373926098,-0.0354104603151273,-0.0392749545047619,False,False,False,,4,2,3425
d=4 s=2,Random 50% #36,1714,0.016912667846362,0.0500746064347769,0.0054115091681678,-0.0331619385884149,0.0115011586781941,False,True,True,,4,2,3425
d=4 s=2,Random 50% #37,1714,0.0036653828805384,0.0498102083387143,-0.0143141117602594,-0.0461448254581758,0.0179794946407979,True,True,True,,4,2,3425
d=4 s=2,Random 50% #38,1714,0.0021576191788371,0.0345898169175954,-0.0051211309201302,-0.0324321977387582,0.0072787500989674,True,True,True,,4,2,3425
d=4 s=2,Random 50% #39,1714,0.0170086158804934,0.0559002874894727,0.0492838384535855,-0.0388916716089793,-0.032275222573092,False,False,False,,4,2,3425
d=4 s=2,Random 50% #40,1714,0.018520937100027,0.0475173828024034,0.0451569174163743,-0.0289964457023763,-0.0266359803163472,False,False,False,,4,2,3425
d=4 s=2,Random 50% #41,1714,0.0027199322354597,0.0252411113542661,0.0177233223964593,-0.0225211791188063,-0.0150033901609996,False,False,False,,4,2,3425
d=4 s=2,Random 50% #42,1714,0.0178900300253214,0.0353853974237143,0.0046916704502589,-0.0174953673983929,0.0131983595750624,False,True,True,,4,2,3425
d=4 s=2,Random 50% #43,1714,0.0169958506224066,0.0351483951057612,-0.0004436130513043,-0.0181525444833546,0.0174394636737109,True,True,True,,4,2,3425
d=4 s=2,Random 50% #44,1714,-0.0080414937759336,0.0283985408969347,0.0056572936827011,-0.0364400346728683,-0.0136987874586347,False,False,False,,4,2,3425
d=4 s=2,Random 50% #45,1714,-0.0006684003732017,0.0377862222297508,-0.0067343238644715,-0.0384546226029525,0.0060659234912698,True,True,True,,4,2,3425
d=4 s=2,Random 50% #46,1714,-0.0127567411871579,0.0518617337637569,0.0068168353066659,-0.0646184749509149,-0.0195735764938239,False,False,False,,4,2,3425
d=4 s=2,Random 50% #47,1714,-0.0023071888899981,0.0384392463651414,0.0271840241088584,-0.0407464352551395,-0.0294912129988565,False,False,False,,4,2,3425
d=4 s=2,Random 50% #48,1714,0.0007707867678387,0.0331933639819759,0.0144993315052972,-0.0324225772141371,-0.0137285447374584,False,False,False,,4,2,3425
d=4 s=2,Random 50% #49,1714,-0.0052585890287469,0.0224577330547117,0.0007632287328173,-0.0277163220834587,-0.0060218177615642,False,False,False,,4,2,3425
d=4 s=2,Random 50% #50,1714,-0.009935439192208,0.0225249546705181,0.0228230472060578,-0.0324603938627261,-0.0327584863982658,False,False,False,,4,2,3425
d=4 s=2,Random 30% #1,1028,0.0177032019704433,0.0609212879304396,0.0166902649551771,-0.0432180859599962,0.0010129370152662,False,True,True,,4,2,3425
d=4 s=2,Random 30% #2,1028,-0.0188812287552644,0.0329913912674986,0.0085460613998938,-0.0518726200227631,-0.0274272901551582,False,False,False,,4,2,3425
d=4 s=2,Random 30% #3,1028,-0.0136963318843895,-0.017807569719954,0.0085322011423562,0.0041112378355644,-0.0222285330267458,True,True,True,,4,2,3425
d=4 s=2,Random 30% #4,1028,0.012612065619632,0.0412161299623156,-0.0210284820512115,-0.0286040643426836,0.0336405476708436,True,True,True,,4,2,3425
d=4 s=2,Random 30% #5,1028,0.012955140579904,0.0525920105745593,0.0289159105584118,-0.0396368699946552,-0.0159607699785078,False,False,False,,4,2,3425
d=4 s=2,Random 30% #6,1028,0.011061887501678,0.0420129108328979,0.015671501593815,-0.0309510233312198,-0.0046096140921369,False,False,False,,4,2,3425
d=4 s=2,Random 30% #7,1028,-0.0019795447047178,0.0480942327337173,0.0244438414461753,-0.0500737774384352,-0.0264233861508932,False,False,False,,4,2,3425
d=4 s=2,Random 30% #8,1028,-0.0013757582957458,0.0334984776104879,-0.0001209887561112,-0.0348742359062338,-0.0012547695396346,True,False,True,,4,2,3425
d=4 s=2,Random 30% #9,1028,0.0167924069116573,0.0400970887986774,0.0301068533150141,-0.0233046818870201,-0.0133144464033568,False,False,False,,4,2,3425
d=4 s=2,Random 30% #10,1028,0.0218614718614718,0.0329756092172566,0.0110662158607299,-0.0111141373557847,0.0107952560007419,False,True,True,,4,2,3425
d=4 s=2,Random 30% #11,1028,0.0036992125742528,0.0183222280334267,0.004235704080186,-0.0146230154591738,-0.0005364915059332,False,False,False,,4,2,3425
d=4 s=2,Random 30% #12,1028,-0.0176439165409753,0.0479191750206653,-0.0125554628546151,-0.0655630915616407,-0.0050884536863601,True,False,True,,4,2,3425
d=4 s=2,Random 30% #13,1028,0.0061871080085679,0.0620892448120543,0.002181043112903,-0.0559021368034863,0.0040060648956649,False,True,True,,4,2,3425
d=4 s=2,Random 30% #14,1028,-0.0024039572835282,0.048579795428367,-0.0030860880601551,-0.0509837527118953,0.0006821307766268,True,True,True,,4,2,3425
d=4 s=2,Random 30% #15,1028,-0.0014797507788162,0.0499414437690725,-0.0181459731626763,-0.0514211945478887,0.0166662223838601,True,True,True,,4,2,3425
d=4 s=2,Random 30% #16,1028,0.006823838043474,0.0282582475188951,0.0052632101066885,-0.0214344094754211,0.0015606279367855,False,True,True,,4,2,3425
d=4 s=2,Random 30% #17,1028,0.0030261642698374,0.0573659512201761,-6.676501226793308e-06,-0.0543397869503387,0.0030328407710642,True,True,True,,4,2,3425
d=4 s=2,Random 30% #18,1028,0.008237689744539,0.0709539692377655,-0.0104685711047998,-0.0627162794932265,0.0187062608493389,True,True,True,,4,2,3425
d=4 s=2,Random 30% #19,1028,0.0066883064376393,0.0258966763951688,-0.0115896368271452,-0.0192083699575294,0.0182779432647845,True,True,True,,4,2,3425
d=4 s=2,Random 30% #20,1028,-0.0099963316214233,0.0405039044109319,0.0374901760626895,-0.0505002360323552,-0.0474865076841128,False,False,False,,4,2,3425
d=4 s=2,Random 30% #21,1028,0.002277451699682,0.0265080893813702,-0.0279572387431421,-0.0242306376816881,0.0302346904428242,True,True,True,,4,2,3425
d=4 s=2,Random 30% #22,1028,0.0271739130434782,0.0236182494518431,0.0235976831105376,0.0035556635916351,0.0035762299329406,False,False,False,,4,2,3425
d=4 s=2,Random 30% #23,1028,0.0053719593676173,0.0380820261841339,0.0207472297921171,-0.0327100668165165,-0.0153752704244997,False,False,False,,4,2,3425
d=4 s=2,Random 30% #24,1028,0.0374355138753044,0.0285430223920318,0.0115165192134553,0.0088924914832725,0.025918994661849,False,False,False,,4,2,3425
d=4 s=2,Random 30% #25,1028,0.0207335170659317,0.026918020174258,-0.0145359308169265,-0.0061845031083262,0.0352694478828582,True,True,True,,4,2,3425
d=4 s=2,Random 30% #26,1028,0.000322640117994,0.022755100529613,-0.0118158598372104,-0.0224324604116189,0.0121384999552045,True,True,True,,4,2,3425
d=4 s=2,Random 30% #27,1028,-0.0133699862551543,0.0389683172685018,-0.009309043704712,-0.0523383035236561,-0.0040609425504422,True,False,True,,4,2,3425
d=4 s=2,Random 30% #28,1028,0.0048546691403834,0.0572432080723387,0.0027590779626218,-0.0523885389319553,0.0020955911777615,False,True,True,,4,2,3425
d=4 s=2,Random 30% #29,1028,0.0132264436461088,0.043857636733287,-0.0114547968677234,-0.0306311930871781,0.0246812405138323,True,True,True,,4,2,3425
d=4 s=2,Random 30% #30,1028,0.0073191060456281,0.0302800583297055,-0.0125256335252778,-0.0229609522840774,0.019844739570906,True,True,True,,4,2,3425
d=4 s=2,Random 30% #31,1028,0.0186572318838355,0.0299680024600288,0.0523873358642948,-0.0113107705761933,-0.0337301039804593,False,False,False,,4,2,3425
d=4 s=2,Random 30% #32,1028,0.0146773132638857,0.0589130797320392,-0.005930969844752,-0.0442357664681535,0.0206082831086377,True,True,True,,4,2,3425
d=4 s=2,Random 30% #33,1028,0.0107989019115876,0.0617537329234746,0.0308607707001377,-0.050954831011887,-0.0200618687885501,False,False,False,,4,2,3425
d=4 s=2,Random 30% #34,1028,0.0036708111308466,0.0580265620534806,0.0144982904694765,-0.054355750922634,-0.0108274793386299,False,False,False,,4,2,3425
d=4 s=2,Random 30% #35,1028,-0.0021279853031231,0.0255244957528112,0.0138687786720827,-0.0276524810559343,-0.0159967639752058,False,False,False,,4,2,3425
d=4 s=2,Random 30% #36,1028,-0.0048226599270606,0.038210078716541,0.0076290345855419,-0.0430327386436017,-0.0124516945126026,False,False,False,,4,2,3425
d=4 s=2,Random 30% #37,1028,-0.0037446257685728,0.0155944912061822,0.0259204545199273,-0.0193391169747551,-0.0296650802885002,False,False,False,,4,2,3425
d=4 s=2,Random 30% #38,1028,0.0108722741433021,0.0192242368243419,0.0135477183654195,-0.0083519626810398,-0.0026754442221174,False,False,False,,4,2,3425
d=4 s=2,Random 30% #39,1028,0.0380230468256006,0.0396888804398834,-0.0118750744618784,-0.0016658336142828,0.049898121287479,True,True,True,,4,2,3425
d=4 s=2,Random 30% #40,1028,-0.0156995008383602,0.0379530114389317,-0.0018072330376691,-0.0536525122772919,-0.013892267800691,True,False,True,,4,2,3425
d=4 s=2,Random 30% #41,1028,0.0003191021554961,0.0450166476400026,0.024683402790305,-0.0446975454845064,-0.0243643006348089,False,False,False,,4,2,3425
d=4 s=2,Random 30% #42,1028,0.0039796984507742,0.0352665325074613,0.0130713446018159,-0.0312868340566871,-0.0090916461510416,False,False,False,,4,2,3425
d=4 s=2,Random 30% #43,1028,0.0320665445665445,0.0439775457324628,0.0316461982613126,-0.0119110011659182,0.0004203463052318,False,True,True,,4,2,3425
d=4 s=2,Random 30% #44,1028,0.014617494198646,0.0252931706688657,0.0210966811259216,-0.0106756764702197,-0.0064791869272756,False,False,False,,4,2,3425
d=4 s=2,Random 30% #45,1028,-0.010677190889205,0.0386336829664109,-0.0036525007624629,-0.0493108738556159,-0.0070246901267421,True,False,True,,4,2,3425
d=4 s=2,Random 30% #46,1028,-0.0211341559464426,0.0287436934806145,0.002282048463746,-0.0498778494270571,-0.0234162044101886,False,False,False,,4,2,3425
d=4 s=2,Random 30% #47,1028,0.0021068472535741,0.05162680027579,-0.0158674428587756,-0.0495199530222159,0.0179742901123497,True,True,True,,4,2,3425
d=4 s=2,Random 30% #48,1028,0.0099373113536103,0.0370850032489335,0.0191665532353806,-0.0271476918953231,-0.0092292418817702,False,False,False,,4,2,3425
d=4 s=2,Random 30% #49,1028,-0.0033935788911766,0.0275680102472922,0.0093531155308259,-0.0309615891384689,-0.0127466944220026,False,False,False,,4,2,3425
d=4 s=2,Random 30% #50,1028,-0.0149638584774062,0.0338376652152571,0.0311586100118459,-0.0488015236926634,-0.0461224684892522,False,False,False,,4,2,3425
d=6 s=0,All Patients,3429,0.0078818040435458,-0.0064520853768528,0.0044999510076987,0.0143338894203987,0.0033818530358471,True,False,True,,6,0,5537
d=6 s=0,ICUType 1.0,490,0.0294939989088925,0.048287019915781,-0.0148911933483603,-0.0187930210068884,0.0443851922572529,True,True,True,,6,0,5537
d=6 s=0,ICUType 2.0,643,-0.000975689080413,0.0204825252057181,-0.0155843439517247,-0.0214582142861311,0.0146086548713116,True,True,True,,6,0,5537
d=6 s=0,ICUType 3.0,1357,-0.0217764843549488,0.0043940138873486,-0.0590743089903211,-0.0261704982422975,0.0372978246353722,True,True,True,,6,0,5537
d=6 s=0,ICUType 4.0,939,0.0202084035501629,0.0598262018368158,0.0167018730466351,-0.0396177982866529,0.0035065305035277,False,True,True,,6,0,5537
d=6 s=0,Age decile 0,374,0.046026807780653,0.0421194856629672,-0.0332341550263833,0.0039073221176857,0.0792609628070363,True,False,True,,6,0,5537
d=6 s=0,Age decile 1,344,0.0273634472301562,0.0580578200364233,-0.0227048309156462,-0.030694372806267,0.0500682781458024,True,True,True,,6,0,5537
d=6 s=0,Age decile 2,347,0.0042864169770219,0.060990457822168,-0.0203592015984682,-0.056704040845146,0.0246456185754902,True,True,True,,6,0,5537
d=6 s=0,Age decile 3,325,0.0096292729898892,0.0564369459900566,-0.0296039261944811,-0.0468076730001674,0.0392331991843704,True,True,True,,6,0,5537
d=6 s=0,Age decile 4,372,-0.0152359717577108,0.0796537872116702,-0.0489208197637563,-0.0948897589693811,0.0336848480060454,True,True,True,,6,0,5537
d=6 s=0,Age decile 5,344,-0.0250497851378262,0.0492586990583608,0.0325213435728995,-0.074308484196187,-0.0575711287107257,False,False,False,,6,0,5537
d=6 s=0,Age decile 6,397,-0.0004719207173194,0.0415256471906458,-0.0544667820897009,-0.0419975679079653,0.0539948613723814,True,True,True,,6,0,5537
d=6 s=0,Age decile 7,247,0.0173747705218987,0.0539912886711598,0.0086003397787683,-0.036616518149261,0.0087744307431303,False,True,True,,6,0,5537
d=6 s=0,Age decile 8,354,-0.0216450216450216,0.0412165090708697,0.0168787500293688,-0.0628615307158914,-0.0385237716743905,False,False,False,,6,0,5537
d=6 s=0,Age decile 9,325,-0.0771864301276066,0.0843579184807336,0.0269519998688208,-0.1615443486083402,-0.1041384299964274,False,False,False,,6,0,5537
d=6 s=0,HR quartile 0,877,0.0371049136786188,0.0598373787871369,0.0021149745276269,-0.0227324651085181,0.0349899391509919,False,True,True,,6,0,5537
d=6 s=0,HR quartile 1,917,-0.0169849537037037,-0.0006362451474873,0.0160179011951567,-0.0163487085562163,-0.0330028548988604,True,False,True,,6,0,5537
d=6 s=0,HR quartile 2,816,0.034861311019492,0.0423621752329106,0.0070193875104827,-0.0075008642134186,0.0278419235090093,False,True,True,,6,0,5537
d=6 s=0,HR quartile 3,819,-0.0232600311906863,0.0229569050759631,-0.0016194239214444,-0.0462169362666494,-0.0216406072692418,True,False,True,,6,0,5537
d=6 s=0,MAP quartile 0,877,-0.0141240285818599,-0.037077847255337,0.0080545393311352,0.0229538186734771,-0.0221785679129951,True,True,True,,6,0,5537
d=6 s=0,MAP quartile 1,840,0.02392179413456,9.538769103750731e-05,0.0048631718736805,0.0238264064435225,0.0190586222608795,False,False,False,,6,0,5537
d=6 s=0,MAP quartile 2,866,0.0104058609958506,0.0410585696128136,0.0088051090377741,-0.030652708616963,0.0016007519580765,False,True,True,,6,0,5537
d=6 s=0,MAP quartile 3,846,0.0090927756430939,0.0839212577614916,-0.0057500690889776,-0.0748284821183977,0.0148428447320715,True,True,True,,6,0,5537
d=6 s=0,Temp quartile 0,902,0.0068727157158747,0.0850443067238461,-0.0144938364954739,-0.0781715910079713,0.0213665522113487,True,True,True,,6,0,5537
d=6 s=0,Temp quartile 1,864,0.0305627470437901,0.0357739666438062,-0.0202999224251751,-0.005211219600016,0.0508626694689652,True,True,True,,6,0,5537
d=6 s=0,Temp quartile 2,838,-0.0036346905912123,0.0594608790672143,0.007197901453509,-0.0630955696584266,-0.0108325920447213,False,False,False,,6,0,5537
d=6 s=0,Temp quartile 3,825,-0.0023612750885478,0.0403848502595105,-0.0344313479741842,-0.0427461253480583,0.0320700728856364,True,True,True,,6,0,5537
d=6 s=0,Urine quartile 0,859,-0.0313289760348584,0.0313290940582028,0.0180802027735783,-0.0626580700930612,-0.0494091788084367,False,False,False,,6,0,5537
d=6 s=0,Urine quartile 1,913,-0.0210526315789473,0.0177157112350568,-0.0462652019070032,-0.0387683428140041,0.0252125703280558,True,True,True,,6,0,5537
d=6 s=0,Urine quartile 2,802,0.0149901230333403,0.0438277578845867,-0.0095104884635139,-0.0288376348512464,0.0245006114968543,True,True,True,,6,0,5537
d=6 s=0,Urine quartile 3,855,0.0601118199903958,0.0612076706737348,-0.0169816903775726,-0.0010958506833389,0.0770935103679684,True,True,True,,6,0,5537
d=6 s=0,SAPS quartile 0,1025,0.0026756349262149,0.0183330953000547,0.0031102526761099,-0.0156574603738397,-0.0004346177498949,False,False,False,,6,0,5537
d=6 s=0,SAPS quartile 1,946,0.0452124666297511,0.0491610816452365,-0.0059504529378221,-0.0039486150154853,0.0511629195675732,True,True,True,,6,0,5537
d=6 s=0,SAPS quartile 2,660,0.0015384615384615,0.0140987388129321,0.0104426531199146,-0.0125602772744705,-0.0089041915814531,False,False,False,,6,0,5537
d=6 s=0,SAPS quartile 3,798,-0.0389986891196934,0.0801589540248935,0.0054087487779813,-0.1191576431445869,-0.0444074378976747,False,False,False,,6,0,5537
d=6 s=0,HR > 100,945,-0.0351262896411669,-0.0442300799189591,-0.0150361580950274,0.0091037902777921,-0.0200901315461395,False,True,True,,6,0,5537
d=6 s=0,MAP < 65,697,-0.0279136809159047,0.0387931777583939,0.0080439675275414,-0.0667068586742987,-0.0359576484434462,False,False,False,,6,0,5537
d=6 s=0,Temp > 38C,267,-0.0430204913392958,0.0398626985603547,0.014275730904165,-0.0828831898996505,-0.0572962222434608,False,False,False,,6,0,5537
d=6 s=0,Urine > 1000,210,0.0458952811893988,0.0775667071566676,-0.0307042153041704,-0.0316714259672688,0.0765994964935693,True,True,True,,6,0,5537
d=6 s=0,Random 50% #1,1714,0.0148182289884191,0.0370708202377972,-0.0543746431746905,-0.022252591249378,0.0691928721631097,True,True,True,,6,0,5537
d=6 s=0,Random 50% #2,1714,0.0038708396744524,0.0380955638423483,-0.0086260490441277,-0.0342247241678958,0.0124968887185802,True,True,True,,6,0,5537
d=6 s=0,Random 50% #3,1714,0.0221853388658367,0.0762272783981499,0.017304698137205,-0.0540419395323131,0.0048806407286317,False,True,True,,6,0,5537
d=6 s=0,Random 50% #4,1714,0.0209444740819774,0.0280710454334698,0.0264358829611364,-0.0071265713514923,-0.005491408879159,False,False,False,,6,0,5537
d=6 s=0,Random 50% #5,1714,0.025145147627017,0.026286830221477,0.0094370207798295,-0.0011416825944599,0.0157081268471875,False,True,True,,6,0,5537
d=6 s=0,Random 50% #6,1714,-0.0032358828377694,0.044356358721097,0.0328652794127047,-0.0475922415588664,-0.0361011622504741,False,False,False,,6,0,5537
d=6 s=0,Random 50% #7,1714,0.0203886964648963,0.0715995854185527,0.0088241429976945,-0.0512108889536563,0.0115645534672018,False,True,True,,6,0,5537
d=6 s=0,Random 50% #8,1714,-0.0080211409064465,0.0516267828385182,0.0255493401796254,-0.0596479237449648,-0.033570481086072,False,False,False,,6,0,5537
d=6 s=0,Random 50% #9,1714,-0.0018808498325041,0.0523502521232615,-0.0384036450585758,-0.0542311019557657,0.0365227952260716,True,True,True,,6,0,5537
d=6 s=0,Random 50% #10,1714,0.0032849222618878,0.0600769347082527,0.0310332539305364,-0.0567920124463649,-0.0277483316686485,False,False,False,,6,0,5537
d=6 s=0,Random 50% #11,1714,0.0064028840624585,0.0363757580127673,-0.0029553960704847,-0.0299728739503088,0.0093582801329432,True,True,True,,6,0,5537
d=6 s=0,Random 50% #12,1714,-0.0033234372422892,-0.0040575385538822,-0.0058018445733485,0.0007341013115929,0.0024784073310592,False,False,False,,6,0,5537
d=6 s=0,Random 50% #13,1714,0.0032517955657333,0.0459890363430649,-0.0277880950746695,-0.0427372407773316,0.0310398906404029,True,True,True,,6,0,5537
d=6 s=0,Random 50% #14,1714,0.0062157191184681,0.0390893976639799,-0.0179615143064348,-0.0328736785455117,0.0241772334249029,True,True,True,,6,0,5537
d=6 s=0,Random 50% #15,1714,0.0026854501430772,0.0328657014589243,0.0483813775596616,-0.0301802513158471,-0.0456959274165843,False,False,False,,6,0,5537
d=6 s=0,Random 50% #16,1714,0.0188052608311229,-0.0049697222377488,0.0439305777754397,0.0237749830688717,-0.0251253169443168,True,True,True,,6,0,5537
d=6 s=0,Random 50% #17,1714,0.0073507410721795,0.0243943109831241,0.0367430769159313,-0.0170435699109445,-0.0293923358437517,False,False,False,,6,0,5537
d=6 s=0,Random 50% #18,1714,0.0251803786741562,0.0408932040101445,0.0289812265328043,-0.0157128253359883,-0.0038008478586481,False,False,False,,6,0,5537
d=6 s=0,Random 50% #19,1714,0.0087463233253787,0.0404964367859604,0.0061207363344695,-0.0317501134605816,0.0026255869909092,False,True,True,,6,0,5537
d=6 s=0,Random 50% #20,1714,0.0239488541873964,0.0443646023637213,0.0637920520022984,-0.0204157481763249,-0.039843197814902,False,False,False,,6,0,5537
d=6 s=0,Random 50% #21,1714,0.0016605879752431,0.0504120950597027,-0.012371712337271,-0.0487515070844595,0.0140323003125141,True,True,True,,6,0,5537
d=6 s=0,Random 50% #22,1714,0.0178287222426975,-0.0034792171928729,0.122350108815548,0.0213079394355704,-0.1045213865728505,True,True,True,,6,0,5537
d=6 s=0,Random 50% #23,1714,-0.0051929851771431,0.0470856455687301,-0.0050954046446611,-0.0522786307458732,-9.758053248193344e-05,True,False,True,,6,0,5537
d=6 s=0,Random 50% #24,1714,0.0201698382197979,0.0204130463322942,0.0118856483554989,-0.0002432081124963,0.0082841898642989,False,True,True,,6,0,5537
d=6 s=0,Random 50% #25,1714,0.0024135223603308,0.0458791417104476,0.0068548891500857,-0.0434656193501168,-0.0044413667897548,False,False,False,,6,0,5537
d=6 s=0,Random 50% #26,1714,-0.0063986093578627,0.0007727204101543,0.0513611939658002,-0.007171329768017,-0.0577598033236629,False,False,False,,6,0,5537
d=6 s=0,Random 50% #27,1714,-0.0048317683881064,0.0308419748273712,0.0064332638012908,-0.0356737432154777,-0.0112650321893972,False,False,False,,6,0,5537
d=6 s=0,Random 50% #28,1714,0.0098094573797898,0.0259618746167854,0.0292201458848984,-0.0161524172369955,-0.0194106885051086,False,False,False,,6,0,5537
d=6 s=0,Random 50% #29,1714,0.0125552608311229,-0.0293532201591791,0.0130997283823246,0.041908480990302,-0.0005444675512017,True,True,True,,6,0,5537
d=6 s=0,Random 50% #30,1714,0.0022139615866539,0.0353991999362992,0.0643005986065845,-0.0331852383496453,-0.0620866370199306,False,False,False,,6,0,5537
d=6 s=0,Random 50% #31,1714,0.0081502190717898,0.050671480568928,-0.0162297844808484,-0.0425212614971381,0.0243800035526382,True,True,True,,6,0,5537
d=6 s=0,Random 50% #32,1714,-0.0092920029904661,0.0286536247431835,-0.0241917936560027,-0.0379456277336497,0.0148997906655365,True,True,True,,6,0,5537
d=6 s=0,Random 50% #33,1714,-0.002514181228832,0.0300537340712258,0.045092935351169,-0.0325679153000578,-0.0476071165800011,False,False,False,,6,0,5537
d=6 s=0,Random 50% #34,1714,0.0070180513371488,0.0487761305824464,0.0342046212242469,-0.0417580792452975,-0.0271865698870981,False,False,False,,6,0,5537
d=6 s=0,Random 50% #35,1714,0.0093248828878478,0.0477140388749439,0.0552216806191111,-0.038389155987096,-0.0458967977312632,False,False,False,,6,0,5537
d=6 s=0,Random 50% #36,1714,0.016912667846362,0.0470092508357059,0.0309224103114032,-0.0300965829893439,-0.0140097424650411,False,False,False,,6,0,5537
d=6 s=0,Random 50% #37,1714,0.0036653828805384,0.0591697642848216,0.0338411769146126,-0.0555043814042831,-0.0301757940340741,False,False,False,,6,0,5537
d=6 s=0,Random 50% #38,1714,0.0021576191788371,0.0230596980035691,-0.0075957849948894,-0.020902078824732,0.0097534041737266,True,True,True,,6,0,5537
d=6 s=0,Random 50% #39,1714,0.0170086158804934,0.0352765931586824,0.0082447632746571,-0.018267977278189,0.0087638526058362,False,True,True,,6,0,5537
d=6 s=0,Random 50% #40,1714,0.018520937100027,0.0465458941382177,0.0466798826691295,-0.0280249570381906,-0.0281589455691024,False,False,False,,6,0,5537
d=6 s=0,Random 50% #41,1714,0.0027199322354597,0.03232003430246,-0.0023394255481669,-0.0296001020670003,0.0050593577836267,True,True,True,,6,0,5537
d=6 s=0,Random 50% #42,1714,0.0178900300253214,0.0860239043475653,-0.0425054158946901,-0.0681338743222439,0.0603954459200116,True,True,True,,6,0,5537
d=6 s=0,Random 50% #43,1714,0.0169958506224066,0.0342421582182013,0.0550651492822766,-0.0172463075957947,-0.03806929865987,False,False,False,,6,0,5537
d=6 s=0,Random 50% #44,1714,-0.0080414937759336,0.0431653167388952,0.031607722396758,-0.0512068105148288,-0.0396492161726916,False,False,False,,6,0,5537
d=6 s=0,Random 50% #45,1714,-0.0006684003732017,0.0484192842592171,-0.0076774779392068,-0.0490876846324188,0.0070090775660051,True,True,True,,6,0,5537
d=6 s=0,Random 50% #46,1714,-0.0127567411871579,0.0478485583010292,0.0235772396842788,-0.0606052994881871,-0.0363339808714368,False,False,False,,6,0,5537
d=6 s=0,Random 50% #47,1714,-0.0023071888899981,0.0356042038444114,0.0166411028513126,-0.0379113927344096,-0.0189482917413107,False,False,False,,6,0,5537
d=6 s=0,Random 50% #48,1714,0.0007707867678387,0.0404144652390536,0.0483751102983067,-0.0396436784712148,-0.047604323530468,False,False,False,,6,0,5537
d=6 s=0,Random 50% #49,1714,-0.0052585890287469,0.0341892799794942,-0.003425913678195,-0.0394478690082411,-0.0018326753505519,True,False,True,,6,0,5537
d=6 s=0,Random 50% #50,1714,-0.009935439192208,-0.0114131982075002,-0.0357944753876161,0.0014777590152922,0.0258590361954081,False,False,False,,6,0,5537
d=6 s=0,Random 30% #1,1028,0.0177032019704433,0.0370159445031892,0.0308523520684435,-0.0193127425327459,-0.0131491500980002,False,False,False,,6,0,5537
d=6 s=0,Random 30% #2,1028,-0.0188812287552644,0.0246797759058695,0.0201047356592893,-0.043561004661134,-0.0389859644145537,False,False,False,,6,0,5537
d=6 s=0,Random 30% #3,1028,-0.0136963318843895,0.0043568472902024,0.0240097733644238,-0.0180531791745919,-0.0377061052488134,False,False,False,,6,0,5537
d=6 s=0,Random 30% #4,1028,0.012612065619632,0.0445170990339533,-0.0055941647281068,-0.0319050334143213,0.0182062303477388,True,True,True,,6,0,5537
d=6 s=0,Random 30% #5,1028,0.012955140579904,0.0512020918921257,0.0180264418163504,-0.0382469513122216,-0.0050713012364463,False,False,False,,6,0,5537
d=6 s=0,Random 30% #6,1028,0.011061887501678,0.0457438862655971,0.0024211680586485,-0.034681998763919,0.0086407194430294,False,True,True,,6,0,5537
d=6 s=0,Random 30% #7,1028,-0.0019795447047178,0.0314931462691474,0.004378154528927,-0.0334726909738653,-0.0063576992336449,False,False,False,,6,0,5537
d=6 s=0,Random 30% #8,1028,-0.0013757582957458,0.0512299549078042,0.0302393626397035,-0.0526057132035501,-0.0316151209354494,False,False,False,,6,0,5537
d=6 s=0,Random 30% #9,1028,0.0167924069116573,0.0139289672927676,0.000914710254092,0.0028634396188896,0.0158776966575652,False,False,False,,6,0,5537
d=6 s=0,Random 30% #10,1028,0.0218614718614718,0.0215533283208629,-0.0286397450477357,0.0003081435406089,0.0505012169092076,True,False,True,,6,0,5537
d=6 s=0,Random 30% #11,1028,0.0036992125742528,0.0001458486919589,0.0037223652679613,0.0035533638822939,-2.3152693708478056e-05,False,True,True,,6,0,5537
d=6 s=0,Random 30% #12,1028,-0.0176439165409753,0.0372401826489126,0.0177909246761316,-0.0548840991898879,-0.0354348412171069,False,False,False,,6,0,5537
d=6 s=0,Random 30% #13,1028,0.0061871080085679,0.0492861321293474,0.0164265085627101,-0.0430990241207795,-0.0102394005541421,False,False,False,,6,0,5537
d=6 s=0,Random 30% #14,1028,-0.0024039572835282,0.0383957398822325,0.0073214602528482,-0.0407996971657608,-0.0097254175363764,False,False,False,,6,0,5537
d=6 s=0,Random 30% #15,1028,-0.0014797507788162,0.0510460189028611,-0.0135196425728584,-0.0525257696816773,0.0120398917940422,True,True,True,,6,0,5537
d=6 s=0,Random 30% #16,1028,0.006823838043474,0.0258255200372722,-0.0304020978742949,-0.0190016819937981,0.0372259359177689,True,True,True,,6,0,5537
d=6 s=0,Random 30% #17,1028,0.0030261642698374,0.0511332915910204,-0.0099126391318003,-0.0481071273211829,0.0129388034016378,True,True,True,,6,0,5537
d=6 s=0,Random 30% #18,1028,0.008237689744539,0.0656719333102358,-0.0055630589297845,-0.0574342435656967,0.0138007486743235,True,True,True,,6,0,5537
d=6 s=0,Random 30% #19,1028,0.0066883064376393,0.0272302873706643,-0.0023678196360506,-0.020541980933025,0.0090561260736899,True,True,True,,6,0,5537
d=6 s=0,Random 30% #20,1028,-0.0099963316214233,0.0356635003477276,-0.0007654322370208,-0.0456598319691509,-0.0092308993844025,True,False,True,,6,0,5537
d=6 s=0,Random 30% #21,1028,0.002277451699682,0.0477328207716491,-0.0338015139075738,-0.0454553690719671,0.0360789656072559,True,True,True,,6,0,5537
d=6 s=0,Random 30% #22,1028,0.0271739130434782,0.0173044422166805,0.0197775494064331,0.0098694708267977,0.0073963636370451,False,False,False,,6,0,5537
d=6 s=0,Random 30% #23,1028,0.0053719593676173,0.0637354524706132,0.0602509337689076,-0.0583634931029958,-0.0548789744012902,False,False,False,,6,0,5537
d=6 s=0,Random 30% #24,1028,0.0374355138753044,0.0455920935342442,0.0079673063317667,-0.0081565796589398,0.0294682075435376,False,True,True,,6,0,5537
d=6 s=0,Random 30% #25,1028,0.0207335170659317,0.044487075694657,0.0150544430752191,-0.0237535586287253,0.0056790739907126,False,True,True,,6,0,5537
d=6 s=0,Random 30% #26,1028,0.000322640117994,0.0539121071732266,-0.017243068098069,-0.0535894670552325,0.0175657082160631,True,True,True,,6,0,5537
d=6 s=0,Random 30% #27,1028,-0.0133699862551543,0.0529895389272041,0.0081360732379015,-0.0663595251823584,-0.0215060594930558,False,False,False,,6,0,5537
d=6 s=0,Random 30% #28,1028,0.0048546691403834,0.033614782189169,0.017112277698434,-0.0287601130487856,-0.0122576085580506,False,False,False,,6,0,5537
d=6 s=0,Random 30% #29,1028,0.0132264436461088,0.0396530216562307,0.0048225135132961,-0.0264265780101218,0.0084039301328127,False,True,True,,6,0,5537
d=6 s=0,Random 30% #30,1028,0.0073191060456281,0.0083314857364394,-0.003507893749103,-0.0010123796908112,0.0108269997947312,True,True,True,,6,0,5537
d=6 s=0,Random 30% #31,1028,0.0186572318838355,0.0389347717339033,0.0431973360642038,-0.0202775398500678,-0.0245401041803683,False,False,False,,6,0,5537
d=6 s=0,Random 30% #32,1028,0.0146773132638857,0.0657141904578904,-0.0062965057405742,-0.0510368771940046,0.0209738190044599,True,True,True,,6,0,5537
d=6 s=0,Random 30% #33,1028,0.0107989019115876,0.0594627520884692,-0.0005831514069633,-0.0486638501768816,0.011382053318551,True,True,True,,6,0,5537
d=6 s=0,Random 30% #34,1028,0.0036708111308466,0.0441918986410197,-0.0098629521282057,-0.040521087510173,0.0135337632590524,True,True,True,,6,0,5537
d=6 s=0,Random 30% #35,1028,-0.0021279853031231,0.0752423785518366,0.014371427165287,-0.0773703638549597,-0.0164994124684101,False,False,False,,6,0,5537
d=6 s=0,Random 30% #36,1028,-0.0048226599270606,0.0609641849601581,-0.0188849239892216,-0.0657868448872188,0.0140622640621609,True,True,True,,6,0,5537
d=6 s=0,Random 30% #37,1028,-0.0037446257685728,0.0296532189914575,0.0455430286738323,-0.0333978447600304,-0.0492876544424052,False,False,False,,6,0,5537
d=6 s=0,Random 30% #38,1028,0.0108722741433021,0.0525178565417978,0.0074864394977589,-0.0416455823984957,0.0033858346455432,False,True,True,,6,0,5537
d=6 s=0,Random 30% #39,1028,0.0380230468256006,-0.0127817814343721,-0.0030545160570657,0.0508048282599728,0.0410775628826664,False,False,False,,6,0,5537
d=6 s=0,Random 30% #40,1028,-0.0156995008383602,0.0321346481018205,0.0358468779450872,-0.0478341489401808,-0.0515463787834474,False,False,False,,6,0,5537
d=6 s=0,Random 30% #41,1028,0.0003191021554961,0.0316526745076889,0.015243532081568,-0.0313335723521928,-0.0149244299260719,False,False,False,,6,0,5537
d=6 s=0,Random 30% #42,1028,0.0039796984507742,0.0412210830327046,-0.0143155161411736,-0.0372413845819303,0.0182952145919478,True,True,True,,6,0,5537
d=6 s=0,Random 30% #43,1028,0.0320665445665445,0.0380280689201116,0.024790942414455,-0.0059615243535671,0.0072756021520895,False,True,True,,6,0,5537
d=6 s=0,Random 30% #44,1028,0.014617494198646,0.0484490317468611,0.0495329884238901,-0.033831537548215,-0.0349154942252441,False,False,False,,6,0,5537
d=6 s=0,Random 30% #45,1028,-0.010677190889205,0.038397313647163,-0.0270790672524486,-0.049074504536368,0.0164018763632436,True,True,True,,6,0,5537
d=6 s=0,Random 30% #46,1028,-0.0211341559464426,0.0260357834122153,0.008806464500192,-0.0471699393586579,-0.0299406204466346,False,False,False,,6,0,5537
d=6 s=0,Random 30% #47,1028,0.0021068472535741,0.0505269898492247,0.0073135505939472,-0.0484201425956506,-0.0052067033403731,False,False,False,,6,0,5537
d=6 s=0,Random 30% #48,1028,0.0099373113536103,0.0376376174560707,0.0199324992588545,-0.0277003061024603,-0.0099951879052441,False,False,False,,6,0,5537
d=6 s=0,Random 30% #49,1028,-0.0033935788911766,0.0661146489918487,0.0030925332913836,-0.0695082278830254,-0.0064861121825603,False,False,False,,6,0,5537
d=6 s=0,Random 30% #50,1028,-0.0149638584774062,0.0356040623582488,0.0373442842367447,-0.0505679208356551,-0.052308142714151,False,False,False,,6,0,5537
d=6 s=1,All Patients,3429,0.0078818040435458,0.0355360526596593,0.0089889061917712,-0.0276542486161135,-0.0011071021482253,False,False,False,,6,1,5537
d=6 s=1,ICUType 1.0,490,0.0294939989088925,0.0513250973577409,0.0110037061492703,-0.0218310984488483,0.0184902927596221,False,True,True,,6,1,5537
d=6 s=1,ICUType 2.0,643,-0.000975689080413,0.0209887345144892,-0.0092074833723173,-0.0219644235949022,0.0082317942919042,True,True,True,,6,1,5537
d=6 s=1,ICUType 3.0,1357,-0.0217764843549488,0.0427935600326714,0.0062893412305786,-0.0645700443876203,-0.0280658255855274,False,False,False,,6,1,5537
d=6 s=1,ICUType 4.0,939,0.0202084035501629,0.1110086261077125,0.0085828431017361,-0.0908002225575496,0.0116255604484267,False,True,True,,6,1,5537
d=6 s=1,Age decile 0,374,0.046026807780653,0.0237424751654216,0.0227697234046975,0.0222843326152313,0.0232570843759555,False,False,False,,6,1,5537
d=6 s=1,Age decile 1,344,0.0273634472301562,0.0535648306294172,0.0252296594828314,-0.026201383399261,0.0021337877473247,False,True,True,,6,1,5537
d=6 s=1,Age decile 2,347,0.0042864169770219,-0.0009536168782384,-0.0013275581929874,0.0052400338552604,0.0056139751700094,False,False,False,,6,1,5537
d=6 s=1,Age decile 3,325,0.0096292729898892,0.0498830371899117,-0.0118829494258667,-0.0402537642000224,0.021512222415756,True,True,True,,6,1,5537
d=6 s=1,Age decile 4,372,-0.0152359717577108,0.0518446199358222,-0.0152921125140114,-0.0670805916935331,5.614075630053228e-05,True,True,True,,6,1,5537
d=6 s=1,Age decile 5,344,-0.0250497851378262,0.0115679536814062,-0.046654243739039,-0.0366177388192325,0.0216044586012127,True,True,True,,6,1,5537
d=6 s=1,Age decile 6,397,-0.0004719207173194,0.0391701727636773,-0.0331696461957082,-0.0396420934809968,0.0326977254783887,True,True,True,,6,1,5537
d=6 s=1,Age decile 7,247,0.0173747705218987,0.0473861482741634,0.0055141704491401,-0.0300113777522646,0.0118606000727586,False,True,True,,6,1,5537
d=6 s=1,Age decile 8,354,-0.0216450216450216,-0.0169570342950383,0.0121832021217194,-0.0046879873499832,-0.0338282237667411,True,False,True,,6,1,5537
d=6 s=1,Age decile 9,325,-0.0771864301276066,0.1155645106499487,0.0604659230897367,-0.1927509407775554,-0.1376523532173433,False,False,False,,6,1,5537
d=6 s=1,HR quartile 0,877,0.0371049136786188,0.0856023919763723,0.0149779643985411,-0.0484974782977535,0.0221269492800777,False,True,True,,6,1,5537
d=6 s=1,HR quartile 1,917,-0.0169849537037037,-0.0485516634907001,0.0072552554487125,0.0315667097869964,-0.0242402091524163,True,True,True,,6,1,5537
d=6 s=1,HR quartile 2,816,0.034861311019492,0.0499933749549249,0.0195887847204052,-0.0151320639354328,0.0152725262990868,False,True,True,,6,1,5537
d=6 s=1,HR quartile 3,819,-0.0232600311906863,0.0434158722380105,0.020938230846227,-0.0666759034286968,-0.0441982620369133,False,False,False,,6,1,5537
d=6 s=1,MAP quartile 0,877,-0.0141240285818599,0.0635294923606165,0.0093335351721135,-0.0776535209424764,-0.0234575637539734,False,False,False,,6,1,5537
d=6 s=1,MAP quartile 1,840,0.02392179413456,-0.0064982986579933,0.0758605703364323,0.0304200927925534,-0.0519387762018722,True,True,True,,6,1,5537
d=6 s=1,MAP quartile 2,866,0.0104058609958506,0.0371407008315683,0.0220315448903759,-0.0267348398357177,-0.0116256838945253,False,False,False,,6,1,5537
d=6 s=1,MAP quartile 3,846,0.0090927756430939,0.0504729203081846,0.0163998240326852,-0.0413801446650907,-0.0073070483895913,False,False,False,,6,1,5537
d=6 s=1,Temp quartile 0,902,0.0068727157158747,0.0328063300301513,-0.0487171888539243,-0.0259336143142765,0.0555899045697991,True,True,True,,6,1,5537
d=6 s=1,Temp quartile 1,864,0.0305627470437901,0.0629680128022792,-0.0001486691490572,-0.0324052657584891,0.0307114161928474,True,True,True,,6,1,5537
d=6 s=1,Temp quartile 2,838,-0.0036346905912123,0.0408653501791369,0.0661976342324864,-0.0445000407703493,-0.0698323248236987,False,False,False,,6,1,5537
d=6 s=1,Temp quartile 3,825,-0.0023612750885478,0.0440738187529963,0.005386318526331,-0.0464350938415441,-0.0077475936148788,False,False,False,,6,1,5537
d=6 s=1,Urine quartile 0,859,-0.0313289760348584,-0.0011292604907267,-0.0169348753240861,-0.0301997155441316,-0.0143941007107722,False,False,False,,6,1,5537
d=6 s=1,Urine quartile 1,913,-0.0210526315789473,0.0217957520816804,-0.0283442648374348,-0.0428483836606278,0.0072916332584875,True,True,True,,6,1,5537
d=6 s=1,Urine quartile 2,802,0.0149901230333403,0.0492032240491076,0.0333766929420508,-0.0342131010157673,-0.0183865699087105,False,False,False,,6,1,5537
d=6 s=1,Urine quartile 3,855,0.0601118199903958,0.0392625694655509,-0.0341376326771431,0.0208492505248449,0.094249452667539,True,False,True,,6,1,5537
d=6 s=1,SAPS quartile 0,1025,0.0026756349262149,0.0327874859392084,-0.0303801003049032,-0.0301118510129934,0.0330557352311181,True,True,True,,6,1,5537
d=6 s=1,SAPS quartile 1,946,0.0452124666297511,0.0501401304492136,0.0120993587671678,-0.0049276638194624,0.0331131078625833,False,True,True,,6,1,5537
d=6 s=1,SAPS quartile 2,660,0.0015384615384615,0.0405324431282197,0.0360377267498756,-0.0389939815897581,-0.0344992652114141,False,False,False,,6,1,5537
d=6 s=1,SAPS quartile 3,798,-0.0389986891196934,0.0456514384682478,-0.0135918700500257,-0.0846501275879412,-0.0254068190696676,True,False,True,,6,1,5537
d=6 s=1,HR > 100,945,-0.0351262896411669,0.0619651709637925,0.0142275268734924,-0.0970914606049595,-0.0493538165146593,False,False,False,,6,1,5537
d=6 s=1,MAP < 65,697,-0.0279136809159047,0.0401387492013368,0.0183691318426361,-0.0680524301172416,-0.0462828127585409,False,False,False,,6,1,5537
d=6 s=1,Temp > 38C,267,-0.0430204913392958,0.0915105132716324,0.0017383123289396,-0.1345310046109282,-0.0447588036682354,False,False,False,,6,1,5537
d=6 s=1,Urine > 1000,210,0.0458952811893988,0.0788970081747284,-0.0353309226289988,-0.0330017269853295,0.0812262038183977,True,True,True,,6,1,5537
d=6 s=1,Random 50% #1,1714,0.0148182289884191,0.0481562893536528,-0.0103647615686752,-0.0333380603652336,0.0251829905570944,True,True,True,,6,1,5537
d=6 s=1,Random 50% #2,1714,0.0038708396744524,0.0401273300891437,0.024252756285204,-0.0362564904146913,-0.0203819166107515,False,False,False,,6,1,5537
d=6 s=1,Random 50% #3,1714,0.0221853388658367,0.0529711342261665,0.0376112747487179,-0.0307857953603298,-0.0154259358828811,False,False,False,,6,1,5537
d=6 s=1,Random 50% #4,1714,0.0209444740819774,0.0071847222633086,-0.0018471574455015,0.0137597518186688,0.0227916315274789,True,False,True,,6,1,5537
d=6 s=1,Random 50% #5,1714,0.025145147627017,0.0119654496317997,0.0329380703290307,0.0131796979952173,-0.0077929227020136,False,True,True,,6,1,5537
d=6 s=1,Random 50% #6,1714,-0.0032358828377694,0.0679001683161439,0.0579574844960794,-0.0711360511539134,-0.0611933673338489,False,False,False,,6,1,5537
d=6 s=1,Random 50% #7,1714,0.0203886964648963,0.0914603155592049,-0.0104194037450736,-0.0710716190943086,0.03080810020997,True,True,True,,6,1,5537
d=6 s=1,Random 50% #8,1714,-0.0080211409064465,0.0086999642257674,0.0273484040325213,-0.016721105132214,-0.0353695449389679,False,False,False,,6,1,5537
d=6 s=1,Random 50% #9,1714,-0.0018808498325041,0.0278917270051626,0.0405965543167015,-0.0297725768376668,-0.0424774041492057,False,False,False,,6,1,5537
d=6 s=1,Random 50% #10,1714,0.0032849222618878,0.0496188296161662,0.0183003779484822,-0.0463339073542783,-0.0150154556865944,False,False,False,,6,1,5537
d=6 s=1,Random 50% #11,1714,0.0064028840624585,0.0330320881338287,0.0216452304861781,-0.0266292040713701,-0.0152423464237196,False,False,False,,6,1,5537
d=6 s=1,Random 50% #12,1714,-0.0033234372422892,-0.0147184886189867,0.0310642541174497,0.0113950513766974,-0.034387691359739,True,True,True,,6,1,5537
d=6 s=1,Random 50% #13,1714,0.0032517955657333,0.0077318908520345,-0.0046076986270596,-0.0044800952863012,0.0078594941927929,True,True,True,,6,1,5537
d=6 s=1,Random 50% #14,1714,0.0062157191184681,0.0218251433786975,0.014010525045675,-0.0156094242602293,-0.0077948059272069,False,False,False,,6,1,5537
d=6 s=1,Random 50% #15,1714,0.0026854501430772,-0.0004855563960875,-0.008958388118155,0.0031710065391648,0.0116438382612322,False,False,False,,6,1,5537
d=6 s=1,Random 50% #16,1714,0.0188052608311229,0.0482433450818488,0.0090871836032187,-0.0294380842507258,0.0097180772279041,False,True,True,,6,1,5537
d=6 s=1,Random 50% #17,1714,0.0073507410721795,0.0303113706458237,0.1090977372122981,-0.0229606295736441,-0.1017469961401185,False,False,False,,6,1,5537
d=6 s=1,Random 50% #18,1714,0.0251803786741562,0.054850958027141,0.072525985182219,-0.0296705793529848,-0.0473456065080628,False,False,False,,6,1,5537
d=6 s=1,Random 50% #19,1714,0.0087463233253787,0.0385942372889622,-0.0088382172064339,-0.0298479139635834,0.0175845405318127,True,True,True,,6,1,5537
d=6 s=1,Random 50% #20,1714,0.0239488541873964,0.0059648098244776,0.0118625609020951,0.0179840443629187,0.0120862932853012,False,False,False,,6,1,5537
d=6 s=1,Random 50% #21,1714,0.0016605879752431,0.0435672069866315,0.0039586052996181,-0.0419066190113883,-0.0022980173243749,False,False,False,,6,1,5537
d=6 s=1,Random 50% #22,1714,0.0178287222426975,0.016516654880526,0.044739560329266,0.0013120673621715,-0.0269108380865685,False,True,True,,6,1,5537
d=6 s=1,Random 50% #23,1714,-0.0051929851771431,0.0211354043167342,0.0280094773803857,-0.0263283894938774,-0.0332024625575288,False,False,False,,6,1,5537
d=6 s=1,Random 50% #24,1714,0.0201698382197979,0.0142356412607293,0.0275970362474477,0.0059341969590686,-0.0074271980276497,False,True,True,,6,1,5537
d=6 s=1,Random 50% #25,1714,0.0024135223603308,0.0275586212851332,0.0192750038873831,-0.0251450989248024,-0.0168614815270522,False,False,False,,6,1,5537
d=6 s=1,Random 50% #26,1714,-0.0063986093578627,0.0230580604502374,-0.0375978376377531,-0.0294566698081001,0.0311992282798904,True,True,True,,6,1,5537
d=6 s=1,Random 50% #27,1714,-0.0048317683881064,0.0627592301170758,0.0162352816255064,-0.0675909985051822,-0.0210670500136128,False,False,False,,6,1,5537
d=6 s=1,Random 50% #28,1714,0.0098094573797898,0.0601519802253841,-0.0133864932235668,-0.0503425228455942,0.0231959506033567,True,True,True,,6,1,5537
d=6 s=1,Random 50% #29,1714,0.0125552608311229,0.0018207617899926,0.013732379805388,0.0107344990411302,-0.0011771189742651,False,True,True,,6,1,5537
d=6 s=1,Random 50% #30,1714,0.0022139615866539,0.00957963555088,0.0123434673157861,-0.0073656739642261,-0.0101295057291322,False,False,False,,6,1,5537
d=6 s=1,Random 50% #31,1714,0.0081502190717898,0.0638973993973178,-0.0022713327573126,-0.055747180325528,0.0104215518291024,True,True,True,,6,1,5537
d=6 s=1,Random 50% #32,1714,-0.0092920029904661,0.0162209257611699,0.0124423647378923,-0.0255129287516361,-0.0217343677283585,False,False,False,,6,1,5537
d=6 s=1,Random 50% #33,1714,-0.002514181228832,0.0371321703425226,0.0690089297536853,-0.0396463515713547,-0.0715231109825173,False,False,False,,6,1,5537
d=6 s=1,Random 50% #34,1714,0.0070180513371488,0.032781596720166,0.0012486089320438,-0.0257635453830171,0.005769442405105,False,True,True,,6,1,5537
d=6 s=1,Random 50% #35,1714,0.0093248828878478,0.0394311999393006,0.040016214634706,-0.0301063170514527,-0.0306913317468581,False,False,False,,6,1,5537
d=6 s=1,Random 50% #36,1714,0.016912667846362,0.0470079937774726,0.024023985983004,-0.0300953259311106,-0.0071113181366419,False,False,False,,6,1,5537
d=6 s=1,Random 50% #37,1714,0.0036653828805384,0.003711636777038,-0.0291165070122083,-4.625389649953737e-05,0.0327818898927468,True,True,True,,6,1,5537
d=6 s=1,Random 50% #38,1714,0.0021576191788371,0.0065680123393972,0.0155332513343108,-0.0044103931605601,-0.0133756321554736,False,False,False,,6,1,5537
d=6 s=1,Random 50% #39,1714,0.0170086158804934,0.0391558887782781,0.0245915893842251,-0.0221472728977847,-0.0075829735037317,False,False,False,,6,1,5537
d=6 s=1,Random 50% #40,1714,0.018520937100027,0.0348444722940578,0.045958026068322,-0.0163235351940307,-0.0274370889682949,False,False,False,,6,1,5537
d=6 s=1,Random 50% #41,1714,0.0027199322354597,-0.013461353565085,-0.0040665751883927,0.0161812858005447,0.0067865074238525,False,False,False,,6,1,5537
d=6 s=1,Random 50% #42,1714,0.0178900300253214,0.0127116962147923,-0.0080150868359499,0.005178333810529,0.0259051168612713,True,False,True,,6,1,5537
d=6 s=1,Random 50% #43,1714,0.0169958506224066,-0.0167384485547154,0.0799580511076888,0.0337342991771221,-0.0629622004852822,True,True,True,,6,1,5537
d=6 s=1,Random 50% #44,1714,-0.0080414937759336,0.0605757583785578,0.0125280290135189,-0.0686172521544914,-0.0205695227894525,False,False,False,,6,1,5537
d=6 s=1,Random 50% #45,1714,-0.0006684003732017,0.0697664542649699,-0.0047196585054013,-0.0704348546381716,0.0040512581321996,True,True,True,,6,1,5537
d=6 s=1,Random 50% #46,1714,-0.0127567411871579,0.0581247005011786,0.0477156713719032,-0.0708814416883365,-0.0604724125590612,False,False,False,,6,1,5537
d=6 s=1,Random 50% #47,1714,-0.0023071888899981,0.0432272932511665,0.0606342469199584,-0.0455344821411646,-0.0629414358099565,False,False,False,,6,1,5537
d=6 s=1,Random 50% #48,1714,0.0007707867678387,0.0741955906257707,-0.0297744909107537,-0.0734248038579319,0.0305452776785925,True,True,True,,6,1,5537
d=6 s=1,Random 50% #49,1714,-0.0052585890287469,0.0230197691137748,0.0532271420098063,-0.0282783581425218,-0.0584857310385532,False,False,False,,6,1,5537
d=6 s=1,Random 50% #50,1714,-0.009935439192208,0.0191546801455803,-0.0018717584265298,-0.0290901193377883,-0.0080636807656781,True,False,True,,6,1,5537
d=6 s=1,Random 30% #1,1028,0.0177032019704433,0.0317209223120218,0.0379471665358404,-0.0140177203415785,-0.0202439645653971,False,False,False,,6,1,5537
d=6 s=1,Random 30% #2,1028,-0.0188812287552644,0.014527471919301,0.0091493333717457,-0.0334087006745655,-0.0280305621270102,False,False,False,,6,1,5537
d=6 s=1,Random 30% #3,1028,-0.0136963318843895,0.0081453496015983,0.0417626812358919,-0.0218416814859879,-0.0554590131202814,False,False,False,,6,1,5537
d=6 s=1,Random 30% #4,1028,0.012612065619632,0.0490134267169283,0.0334065099719868,-0.0364013610972962,-0.0207944443523548,False,False,False,,6,1,5537
d=6 s=1,Random 30% #5,1028,0.012955140579904,0.0502220768883479,0.0244207438372637,-0.0372669363084438,-0.0114656032573597,False,False,False,,6,1,5537
d=6 s=1,Random 30% #6,1028,0.011061887501678,0.0572492599984913,0.0083125715662504,-0.0461873724968132,0.0027493159354275,False,True,True,,6,1,5537
d=6 s=1,Random 30% #7,1028,-0.0019795447047178,0.0488245864394563,0.0293172193517357,-0.0508041311441742,-0.0312967640564535,False,False,False,,6,1,5537
d=6 s=1,Random 30% #8,1028,-0.0013757582957458,0.0512575128167594,0.0752135885994703,-0.0526332711125053,-0.0765893468952162,False,False,False,,6,1,5537
d=6 s=1,Random 30% #9,1028,0.0167924069116573,0.0525586231704267,0.0302219642173693,-0.0357662162587694,-0.013429557305712,False,False,False,,6,1,5537
d=6 s=1,Random 30% #10,1028,0.0218614718614718,0.058793601390775,0.0096584642158953,-0.0369321295293031,0.0122030076455765,False,True,True,,6,1,5537
d=6 s=1,Random 30% #11,1028,0.0036992125742528,0.0296644916421384,0.0201264079991221,-0.0259652790678855,-0.0164271954248692,False,False,False,,6,1,5537
d=6 s=1,Random 30% #12,1028,-0.0176439165409753,0.0276759281474817,-0.0007865144165581,-0.045319844688457,-0.0168574021244172,True,False,True,,6,1,5537
d=6 s=1,Random 30% #13,1028,0.0061871080085679,0.0807481141680685,0.0101066734928161,-0.0745610061595005,-0.0039195654842482,False,False,False,,6,1,5537
d=6 s=1,Random 30% #14,1028,-0.0024039572835282,0.0033360839261321,-0.0072169474776653,-0.0057400412096604,0.004812990194137,True,True,True,,6,1,5537
d=6 s=1,Random 30% #15,1028,-0.0014797507788162,0.0678272739563917,0.0262257676019969,-0.0693070247352079,-0.0277055183808131,False,False,False,,6,1,5537
d=6 s=1,Random 30% #16,1028,0.006823838043474,0.0104278761788961,-0.0083928651550165,-0.003604038135422,0.0152167031984905,True,True,True,,6,1,5537
d=6 s=1,Random 30% #17,1028,0.0030261642698374,0.0425938160097453,0.0184265746324695,-0.0395676517399079,-0.015400410362632,False,False,False,,6,1,5537
d=6 s=1,Random 30% #18,1028,0.008237689744539,0.0691410661933379,-0.0141798700217952,-0.0609033764487988,0.0224175597663343,True,True,True,,6,1,5537
d=6 s=1,Random 30% #19,1028,0.0066883064376393,-0.0060539263779859,0.0271339086304312,0.0127422328156253,-0.0204456021927919,True,True,True,,6,1,5537
d=6 s=1,Random 30% #20,1028,-0.0099963316214233,0.0184378002774745,0.0114228978911776,-0.0284341318988978,-0.021419229512601,False,False,False,,6,1,5537
d=6 s=1,Random 30% #21,1028,0.002277451699682,0.0553632756297781,-0.0089546625289135,-0.0530858239300961,0.0112321142285956,True,True,True,,6,1,5537
d=6 s=1,Random 30% #22,1028,0.0271739130434782,0.0347308601183787,0.0679074402717952,-0.0075569470749004,-0.0407335272283169,False,False,False,,6,1,5537
d=6 s=1,Random 30% #23,1028,0.0053719593676173,0.0569635656187349,0.0465473031193791,-0.0515916062511176,-0.0411753437517617,False,False,False,,6,1,5537
d=6 s=1,Random 30% #24,1028,0.0374355138753044,0.0187640109531671,-0.0096275494146177,0.0186715029221373,0.0470630632899221,True,False,True,,6,1,5537
d=6 s=1,Random 30% #25,1028,0.0207335170659317,0.0517719751737978,0.013354091747169,-0.031038458107866,0.0073794253187627,False,True,True,,6,1,5537
d=6 s=1,Random 30% #26,1028,0.000322640117994,0.0179848798371805,0.00138589515231,-0.0176622397191864,-0.0010632550343159,False,False,False,,6,1,5537
d=6 s=1,Random 30% #27,1028,-0.0133699862551543,0.0767707739110954,0.0354080266892483,-0.0901407601662497,-0.0487780129444026,False,False,False,,6,1,5537
d=6 s=1,Random 30% #28,1028,0.0048546691403834,0.0672993174822254,-0.014253328597178,-0.062444648341842,0.0191079977375614,True,True,True,,6,1,5537
d=6 s=1,Random 30% #29,1028,0.0132264436461088,0.0603166380171022,0.0351237359655473,-0.0470901943709933,-0.0218972923194384,False,False,False,,6,1,5537
d=6 s=1,Random 30% #30,1028,0.0073191060456281,0.012583211156867,0.0110718238307315,-0.0052641051112389,-0.0037527177851033,False,False,False,,6,1,5537
d=6 s=1,Random 30% #31,1028,0.0186572318838355,0.0158221121118607,0.0366593932253513,0.0028351197719747,-0.0180021613415158,False,True,True,,6,1,5537
d=6 s=1,Random 30% #32,1028,0.0146773132638857,0.0602982934382795,0.0241751739101535,-0.0456209801743937,-0.0094978606462677,False,False,False,,6,1,5537
d=6 s=1,Random 30% #33,1028,0.0107989019115876,0.0436302190713242,0.023471335772507,-0.0328313171597366,-0.0126724338609194,False,False,False,,6,1,5537
d=6 s=1,Random 30% #34,1028,0.0036708111308466,0.018110151933549,0.015676384769797,-0.0144393408027023,-0.0120055736389503,False,False,False,,6,1,5537
d=6 s=1,Random 30% #35,1028,-0.0021279853031231,0.0422178455814167,0.0034382114641338,-0.0443458308845398,-0.005566196767257,False,False,False,,6,1,5537
d=6 s=1,Random 30% #36,1028,-0.0048226599270606,0.0458580436253081,-0.0014457639478815,-0.0506807035523688,-0.003376895979179,True,False,True,,6,1,5537
d=6 s=1,Random 30% #37,1028,-0.0037446257685728,0.0447773774692102,0.0104881607547135,-0.0485220032377831,-0.0142327865232864,False,False,False,,6,1,5537
d=6 s=1,Random 30% #38,1028,0.0108722741433021,-0.0124835234142918,0.0551276362926128,0.0233557975575939,-0.0442553621493106,True,True,True,,6,1,5537
d=6 s=1,Random 30% #39,1028,0.0380230468256006,0.0740348317365146,0.0050067064095151,-0.036011784910914,0.0330163404160855,False,True,True,,6,1,5537
d=6 s=1,Random 30% #40,1028,-0.0156995008383602,0.0300064214002984,0.0442226698527538,-0.0457059222386587,-0.0599221706911141,False,False,False,,6,1,5537
d=6 s=1,Random 30% #41,1028,0.0003191021554961,0.0357650389861125,0.0260925855283548,-0.0354459368306163,-0.0257734833728587,False,False,False,,6,1,5537
d=6 s=1,Random 30% #42,1028,0.0039796984507742,0.0220568387372771,0.0559411624614119,-0.0180771402865028,-0.0519614640106377,False,False,False,,6,1,5537
d=6 s=1,Random 30% #43,1028,0.0320665445665445,0.0320003040824069,0.0107656198441926,6.624048413757244e-05,0.0213009247223518,False,False,False,,6,1,5537
d=6 s=1,Random 30% #44,1028,0.014617494198646,0.001414467616072,0.0130823103915301,0.0132030265825739,0.0015351838071158,False,False,False,,6,1,5537
d=6 s=1,Random 30% #45,1028,-0.010677190889205,0.0227074706475841,-0.0345021957841569,-0.0333846615367891,0.0238250048949519,True,True,True,,6,1,5537
d=6 s=1,Random 30% #46,1028,-0.0211341559464426,0.0331135638394737,0.0335406607009551,-0.0542477197859163,-0.0546748166473978,False,False,False,,6,1,5537
d=6 s=1,Random 30% #47,1028,0.0021068472535741,0.0723163609258907,0.0017499014753909,-0.0702095136723166,0.0003569457781832,False,True,True,,6,1,5537
d=6 s=1,Random 30% #48,1028,0.0099373113536103,0.0592928618936909,0.041245849895834,-0.0493555505400805,-0.0313085385422236,False,False,False,,6,1,5537
d=6 s=1,Random 30% #49,1028,-0.0033935788911766,0.0569837922738586,-0.017546217367155,-0.0603773711650353,0.0141526384759783,True,True,True,,6,1,5537
d=6 s=1,Random 30% #50,1028,-0.0149638584774062,0.0297811409709291,0.0303821813554,-0.0447449994483353,-0.0453460398328063,False,False,False,,6,1,5537
d=6 s=2,All Patients,3429,0.0078818040435458,0.0335508009916493,-0.0009595476529271,-0.0256689969481034,0.0088413516964729,True,True,True,,6,2,5537
d=6 s=2,ICUType 1.0,490,0.0294939989088925,0.0636600429384515,0.0041417779628395,-0.034166044029559,0.0253522209460529,False,True,True,,6,2,5537
d=6 s=2,ICUType 2.0,643,-0.000975689080413,0.0202019783409927,-0.0056900427735684,-0.0211776674214057,0.0047143536931554,True,True,True,,6,2,5537
d=6 s=2,ICUType 3.0,1357,-0.0217764843549488,-0.0093251240064956,0.0644385449654559,-0.0124513603484532,-0.0862150293204048,True,False,True,,6,2,5537
d=6 s=2,ICUType 4.0,939,0.0202084035501629,0.0862747817180966,0.0243285433086314,-0.0660663781679337,-0.0041201397584685,False,False,False,,6,2,5537
d=6 s=2,Age decile 0,374,0.046026807780653,0.0581702473711954,-0.0301916283919618,-0.0121434395905424,0.0762184361726149,True,True,True,,6,2,5537
d=6 s=2,Age decile 1,344,0.0273634472301562,0.042968864915235,-0.041043688870705,-0.0156054176850788,0.0684071361008612,True,True,True,,6,2,5537
d=6 s=2,Age decile 2,347,0.0042864169770219,0.0128406012457597,0.0319984056939328,-0.0085541842687377,-0.0277119887169108,False,False,False,,6,2,5537
d=6 s=2,Age decile 3,325,0.0096292729898892,0.0560234703083139,-0.0433851656252992,-0.0463941973184247,0.0530144386151884,True,True,True,,6,2,5537
d=6 s=2,Age decile 4,372,-0.0152359717577108,0.0475987393109118,-0.0388317798887337,-0.0628347110686226,0.0235958081310228,True,True,True,,6,2,5537
d=6 s=2,Age decile 5,344,-0.0250497851378262,0.0087435569964872,-0.0405939342693769,-0.0337933421343135,0.0155441491315506,True,True,True,,6,2,5537
d=6 s=2,Age decile 6,397,-0.0004719207173194,0.0067883285931759,-0.0741345876137598,-0.0072602493104954,0.0736626668964403,True,True,True,,6,2,5537
d=6 s=2,Age decile 7,247,0.0173747705218987,0.0546534473613651,0.0107228504972601,-0.0372786768394663,0.0066519200246386,False,True,True,,6,2,5537
d=6 s=2,Age decile 8,354,-0.0216450216450216,0.0008410348599941,-0.0108211309366425,-0.0224860565050158,-0.0108238907083791,True,False,True,,6,2,5537
d=6 s=2,Age decile 9,325,-0.0771864301276066,0.0982930675835516,0.0170311499606735,-0.1754794977111582,-0.0942175800882801,False,False,False,,6,2,5537
d=6 s=2,HR quartile 0,877,0.0371049136786188,0.073219827296131,-0.0073565358652316,-0.0361149136175121,0.0444614495438504,True,True,True,,6,2,5537
d=6 s=2,HR quartile 1,917,-0.0169849537037037,-0.0071250914452993,0.0195910642813269,-0.0098598622584043,-0.0365760179850306,True,False,True,,6,2,5537
d=6 s=2,HR quartile 2,816,0.034861311019492,0.04100097395473,-0.0072636467723227,-0.0061396629352379,0.0421249577918148,True,True,True,,6,2,5537
d=6 s=2,HR quartile 3,819,-0.0232600311906863,0.0022220327722611,-0.0017582766182192,-0.0254820639629474,-0.021501754572467,True,False,True,,6,2,5537
d=6 s=2,MAP quartile 0,877,-0.0141240285818599,0.0521053941973593,-0.0141591884470428,-0.0662294227792193,3.515986518295988e-05,True,True,True,,6,2,5537
d=6 s=2,MAP quartile 1,840,0.02392179413456,0.0242871581106787,-0.0018053581908935,-0.0003653639761186,0.0257271523254536,True,True,True,,6,2,5537
d=6 s=2,MAP quartile 2,866,0.0104058609958506,0.0171567973910635,-0.0129860243192313,-0.0067509363952129,0.023391885315082,True,True,True,,6,2,5537
d=6 s=2,MAP quartile 3,846,0.0090927756430939,0.0709730785337237,0.0243791761650026,-0.0618803028906298,-0.0152864005219087,False,False,False,,6,2,5537
d=6 s=2,Temp quartile 0,902,0.0068727157158747,0.0089507564657238,0.0259355708203929,-0.002078040749849,-0.0190628551045182,False,False,False,,6,2,5537
d=6 s=2,Temp quartile 1,864,0.0305627470437901,0.0257089098797339,-0.0052891670299543,0.0048538371640561,0.0358519140737445,True,False,True,,6,2,5537
d=6 s=2,Temp quartile 2,838,-0.0036346905912123,0.0489534982049308,0.0266384968238203,-0.0525881887961431,-0.0302731874150326,False,False,False,,6,2,5537
d=6 s=2,Temp quartile 3,825,-0.0023612750885478,0.0529122333561939,0.0101337224967542,-0.0552735084447418,-0.012494997585302,False,False,False,,6,2,5537
d=6 s=2,Urine quartile 0,859,-0.0313289760348584,0.0113221412772648,0.0047259915850756,-0.0426511173121232,-0.036054967619934,False,False,False,,6,2,5537
d=6 s=2,Urine quartile 1,913,-0.0210526315789473,0.0317329179052932,-0.0122129219576123,-0.0527855494842406,-0.0088397096213349,True,False,True,,6,2,5537
d=6 s=2,Urine quartile 2,802,0.0149901230333403,0.0503667448021291,0.004182129934709,-0.0353766217687888,0.0108079930986312,False,True,True,,6,2,5537
d=6 s=2,Urine quartile 3,855,0.0601118199903958,0.0588250519177579,-0.0280699382424091,0.0012867680726378,0.088181758232805,True,False,True,,6,2,5537
d=6 s=2,SAPS quartile 0,1025,0.0026756349262149,0.0251105684930085,-0.0146270851782735,-0.0224349335667935,0.0173027201044885,True,True,True,,6,2,5537
d=6 s=2,SAPS quartile 1,946,0.0452124666297511,0.041136702856762,-0.0137417786838574,0.004075763772989,0.0589542453136086,True,False,True,,6,2,5537
d=6 s=2,SAPS quartile 2,660,0.0015384615384615,0.0323148949423086,0.0243928299300079,-0.030776433403847,-0.0228543683915463,False,False,False,,6,2,5537
d=6 s=2,SAPS quartile 3,798,-0.0389986891196934,0.0368177579772218,0.0292055428828307,-0.0758164470969152,-0.0682042320025242,False,False,False,,6,2,5537
d=6 s=2,HR > 100,945,-0.0351262896411669,0.032724604322892,0.0138556245184965,-0.067850893964059,-0.0489819141596634,False,False,False,,6,2,5537
d=6 s=2,MAP < 65,697,-0.0279136809159047,0.0596464880398136,-0.0135614571024208,-0.0875601689557184,-0.0143522238134839,True,False,True,,6,2,5537
d=6 s=2,Temp > 38C,267,-0.0430204913392958,0.0675773040897856,0.0371550624436329,-0.1105977954290814,-0.0801755537829287,False,False,False,,6,2,5537
d=6 s=2,Urine > 1000,210,0.0458952811893988,0.0753904413289901,-0.0419341120590483,-0.0294951601395912,0.0878293932484472,True,True,True,,6,2,5537
d=6 s=2,Random 50% #1,1714,0.0148182289884191,0.0528223501780331,-0.0329263708245885,-0.0380041211896139,0.0477445998130077,True,True,True,,6,2,5537
d=6 s=2,Random 50% #2,1714,0.0038708396744524,0.0305160601261839,-0.0096710517008259,-0.0266452204517314,0.0135418913752784,True,True,True,,6,2,5537
d=6 s=2,Random 50% #3,1714,0.0221853388658367,0.0214396813428692,-0.0198417825026513,0.0007456575229675,0.0420271213684881,True,False,True,,6,2,5537
d=6 s=2,Random 50% #4,1714,0.0209444740819774,0.0515667115708292,0.0676326367600382,-0.0306222374888518,-0.0466881626780607,False,False,False,,6,2,5537
d=6 s=2,Random 50% #5,1714,0.025145147627017,0.009188656443091,0.007539296553761,0.015956491183926,0.017605851073256,False,False,False,,6,2,5537
d=6 s=2,Random 50% #6,1714,-0.0032358828377694,0.0529585278757772,0.0758073972413752,-0.0561944107135467,-0.0790432800791446,False,False,False,,6,2,5537
d=6 s=2,Random 50% #7,1714,0.0203886964648963,0.0422394821549483,-0.0203168556642635,-0.0218507856900519,0.0407055521291599,True,True,True,,6,2,5537
d=6 s=2,Random 50% #8,1714,-0.0080211409064465,0.0469605424962155,0.0288323787911073,-0.0549816834026621,-0.0368535196975539,False,False,False,,6,2,5537
d=6 s=2,Random 50% #9,1714,-0.0018808498325041,0.0370670259153751,0.0161659326915588,-0.0389478757478793,-0.018046782524063,False,False,False,,6,2,5537
d=6 s=2,Random 50% #10,1714,0.0032849222618878,0.0033344542904631,-0.0115368831770254,-4.95320285752443e-05,0.0148218054389132,True,True,True,,6,2,5537
d=6 s=2,Random 50% #11,1714,0.0064028840624585,0.0315468932430551,-0.0110772098323528,-0.0251440091805966,0.0174800938948113,True,True,True,,6,2,5537
d=6 s=2,Random 50% #12,1714,-0.0033234372422892,0.0346714415861666,0.041375352564369,-0.0379948788284559,-0.0446987898066583,False,False,False,,6,2,5537
d=6 s=2,Random 50% #13,1714,0.0032517955657333,0.0372073565539256,-0.0201537625354192,-0.0339555609881922,0.0234055581011525,True,True,True,,6,2,5537
d=6 s=2,Random 50% #14,1714,0.0062157191184681,0.0183198473910531,0.0089721551376547,-0.0121041282725849,-0.0027564360191865,False,False,False,,6,2,5537
d=6 s=2,Random 50% #15,1714,0.0026854501430772,0.0326319688508544,-0.0045442389029026,-0.0299465187077771,0.0072296890459798,True,True,True,,6,2,5537
d=6 s=2,Random 50% #16,1714,0.0188052608311229,0.0231403477977411,0.0373867001615442,-0.0043350869666181,-0.0185814393304213,False,False,False,,6,2,5537
d=6 s=2,Random 50% #17,1714,0.0073507410721795,0.0394536215064518,0.0336517379146422,-0.0321028804342722,-0.0263009968424627,False,False,False,,6,2,5537
d=6 s=2,Random 50% #18,1714,0.0251803786741562,0.0266411543685497,-0.0108761666600271,-0.0014607756943935,0.0360565453341833,True,True,True,,6,2,5537
d=6 s=2,Random 50% #19,1714,0.0087463233253787,-0.0264016268457138,-0.0073609773912524,0.0351479501710926,0.0161073007166312,False,False,False,,6,2,5537
d=6 s=2,Random 50% #20,1714,0.0239488541873964,0.0413789604650308,0.0524519421389392,-0.0174301062776344,-0.0285030879515428,False,False,False,,6,2,5537
d=6 s=2,Random 50% #21,1714,0.0016605879752431,0.0366891043643707,0.0242851003840959,-0.0350285163891276,-0.0226245124088528,False,False,False,,6,2,5537
d=6 s=2,Random 50% #22,1714,0.0178287222426975,0.03759671599083,0.0196056554499705,-0.0197679937481325,-0.0017769332072729,False,False,False,,6,2,5537
d=6 s=2,Random 50% #23,1714,-0.0051929851771431,0.0171684340683937,0.0220023357509631,-0.0223614192455368,-0.0271953209281062,False,False,False,,6,2,5537
d=6 s=2,Random 50% #24,1714,0.0201698382197979,0.0525585226828356,0.0415006805672853,-0.0323886844630377,-0.0213308423474873,False,False,False,,6,2,5537
d=6 s=2,Random 50% #25,1714,0.0024135223603308,0.0387946177176271,0.0080181680648936,-0.0363810953572962,-0.0056046457045628,False,False,False,,6,2,5537
d=6 s=2,Random 50% #26,1714,-0.0063986093578627,0.0610720801438356,0.0135461465807708,-0.0674706895016983,-0.0199447559386335,False,False,False,,6,2,5537
d=6 s=2,Random 50% #27,1714,-0.0048317683881064,0.0232272415859844,0.1256196001222649,-0.0280590099740909,-0.1304513685103713,False,False,False,,6,2,5537
d=6 s=2,Random 50% #28,1714,0.0098094573797898,0.0952858289860223,0.0142419258821324,-0.0854763716062324,-0.0044324685023426,False,False,False,,6,2,5537
d=6 s=2,Random 50% #29,1714,0.0125552608311229,0.0306643523950105,0.0513600197545871,-0.0181090915638876,-0.0388047589234642,False,False,False,,6,2,5537
d=6 s=2,Random 50% #30,1714,0.0022139615866539,0.0684630348603652,0.0439618751225013,-0.0662490732737113,-0.0417479135358473,False,False,False,,6,2,5537
d=6 s=2,Random 50% #31,1714,0.0081502190717898,0.0317872915555318,0.0041209571883781,-0.023637072483742,0.0040292618834116,False,True,True,,6,2,5537
d=6 s=2,Random 50% #32,1714,-0.0092920029904661,-0.0634727447152883,-0.017441719598558,0.0541807417248221,0.0081497166080918,False,False,False,,6,2,5537
d=6 s=2,Random 50% #33,1714,-0.002514181228832,0.0269111301572848,-0.0077816762508112,-0.0294253113861168,0.0052674950219792,True,True,True,,6,2,5537
d=6 s=2,Random 50% #34,1714,0.0070180513371488,0.0198141592707067,0.0059933277197151,-0.0127961079335578,0.0010247236174337,False,True,True,,6,2,5537
d=6 s=2,Random 50% #35,1714,0.0093248828878478,0.0639054081265781,-0.0288326910111022,-0.0545805252387302,0.0381575738989501,True,True,True,,6,2,5537
d=6 s=2,Random 50% #36,1714,0.016912667846362,0.0353604913738867,-0.0099653750944634,-0.0184478235275247,0.0268780429408255,True,True,True,,6,2,5537
d=6 s=2,Random 50% #37,1714,0.0036653828805384,0.0223481828617018,-0.0341613912287294,-0.0186827999811633,0.0378267741092679,True,True,True,,6,2,5537
d=6 s=2,Random 50% #38,1714,0.0021576191788371,0.0311659924876035,-0.0306299237277635,-0.0290083733087663,0.0327875429066006,True,True,True,,6,2,5537
d=6 s=2,Random 50% #39,1714,0.0170086158804934,0.0467210834273385,-0.016433717539098,-0.0297124675468451,0.0334423334195914,True,True,True,,6,2,5537
d=6 s=2,Random 50% #40,1714,0.018520937100027,0.0263782924226911,0.0044349554968638,-0.007857355322664,0.0140859816031632,False,True,True,,6,2,5537
d=6 s=2,Random 50% #41,1714,0.0027199322354597,0.0137829912765511,-0.0142124621297275,-0.0110630590410913,0.0169323943651872,True,True,True,,6,2,5537
d=6 s=2,Random 50% #42,1714,0.0178900300253214,0.0001842595076134,0.0015403584794282,0.0177057705177079,0.0163496715458931,False,False,False,,6,2,5537
d=6 s=2,Random 50% #43,1714,0.0169958506224066,-0.0164074550338852,-0.0355403744873413,0.0334033056562919,0.0525362251097479,False,False,False,,6,2,5537
d=6 s=2,Random 50% #44,1714,-0.0080414937759336,0.0525859907513641,-0.0172549543433936,-0.0606274845272977,0.00921346056746,True,True,True,,6,2,5537
d=6 s=2,Random 50% #45,1714,-0.0006684003732017,0.0151254771122171,0.0013786679857772,-0.0157938774854188,-0.0020470683589789,False,False,False,,6,2,5537
d=6 s=2,Random 50% #46,1714,-0.0127567411871579,-0.0004776035396631,0.0296640105664666,-0.0122791376474948,-0.0424207517536246,True,False,True,,6,2,5537
d=6 s=2,Random 50% #47,1714,-0.0023071888899981,-0.0066453869768368,0.1065401427324422,0.0043381980868387,-0.1088473316224403,True,True,True,,6,2,5537
d=6 s=2,Random 50% #48,1714,0.0007707867678387,0.0185561418497198,0.0315712378243682,-0.0177853550818811,-0.0308004510565294,False,False,False,,6,2,5537
d=6 s=2,Random 50% #49,1714,-0.0052585890287469,0.0354324056914135,0.0325655223050624,-0.0406909947201604,-0.0378241113338093,False,False,False,,6,2,5537
d=6 s=2,Random 50% #50,1714,-0.009935439192208,0.0047987481030046,0.036291074489629,-0.0147341872952126,-0.046226513681837,False,False,False,,6,2,5537
d=6 s=2,Random 30% #1,1028,0.0177032019704433,0.0531328039512203,0.0285550400719862,-0.0354296019807769,-0.0108518381015428,False,False,False,,6,2,5537
d=6 s=2,Random 30% #2,1028,-0.0188812287552644,0.0056244366476965,0.0195599231858198,-0.024505665402961,-0.0384411519410843,False,False,False,,6,2,5537
d=6 s=2,Random 30% #3,1028,-0.0136963318843895,0.0017752843204457,-0.0299899989454741,-0.0154716162048353,0.0162936670610845,True,True,True,,6,2,5537
d=6 s=2,Random 30% #4,1028,0.012612065619632,0.0558370068812517,-0.0042639387923158,-0.0432249412616196,0.0168760044119478,True,True,True,,6,2,5537
d=6 s=2,Random 30% #5,1028,0.012955140579904,0.06044574652575,0.0627263894954636,-0.0474906059458459,-0.0497712489155595,False,False,False,,6,2,5537
d=6 s=2,Random 30% #6,1028,0.011061887501678,0.0289979929251991,0.0098466666864922,-0.017936105423521,0.0012152208151858,False,True,True,,6,2,5537
d=6 s=2,Random 30% #7,1028,-0.0019795447047178,0.0187516432964971,0.0108842188351913,-0.020731188001215,-0.0128637635399092,False,False,False,,6,2,5537
d=6 s=2,Random 30% #8,1028,-0.0013757582957458,0.027486941963894,0.0090036348054235,-0.0288627002596399,-0.0103793931011693,False,False,False,,6,2,5537
d=6 s=2,Random 30% #9,1028,0.0167924069116573,0.0631616940761306,0.0233787789012109,-0.0463692871644733,-0.0065863719895535,False,False,False,,6,2,5537
d=6 s=2,Random 30% #10,1028,0.0218614718614718,0.0281650495880651,3.687626229008367e-05,-0.0063035777265932,0.0218245955991817,False,True,True,,6,2,5537
d=6 s=2,Random 30% #11,1028,0.0036992125742528,0.0129122100911388,0.0165845701187975,-0.0092129975168859,-0.0128853575445447,False,False,False,,6,2,5537
d=6 s=2,Random 30% #12,1028,-0.0176439165409753,0.0460661177528873,0.051097179646952,-0.0637100342938626,-0.0687410961879274,False,False,False,,6,2,5537
d=6 s=2,Random 30% #13,1028,0.0061871080085679,0.0614941743106217,-0.0231218655504742,-0.0553070663020537,0.0293089735590422,True,True,True,,6,2,5537
d=6 s=2,Random 30% #14,1028,-0.0024039572835282,0.0347253875520653,-0.0009843003303149,-0.0371293448355936,-0.0014196569532133,True,False,True,,6,2,5537
d=6 s=2,Random 30% #15,1028,-0.0014797507788162,-0.0370513793484525,0.0054816501505879,0.0355716285696363,-0.0069614009294041,True,True,True,,6,2,5537
d=6 s=2,Random 30% #16,1028,0.006823838043474,0.0179883968932361,-0.0066259975660358,-0.0111645588497621,0.0134498356095099,True,True,True,,6,2,5537
d=6 s=2,Random 30% #17,1028,0.0030261642698374,0.0530117237579901,0.0293412461716932,-0.0499855594881526,-0.0263150819018558,False,False,False,,6,2,5537
d=6 s=2,Random 30% #18,1028,0.008237689744539,0.0647862449663895,-0.00457239129031,-0.0565485552218504,0.012810081034849,True,True,True,,6,2,5537
d=6 s=2,Random 30% #19,1028,0.0066883064376393,0.0399365872520579,0.0256458602627548,-0.0332482808144186,-0.0189575538251155,False,False,False,,6,2,5537
d=6 s=2,Random 30% #20,1028,-0.0099963316214233,0.0287816689947851,0.0224075467979974,-0.0387780006162085,-0.0324038784194208,False,False,False,,6,2,5537
d=6 s=2,Random 30% #21,1028,0.002277451699682,0.0432831781226739,-0.0292011823200866,-0.0410057264229918,0.0314786340197687,True,True,True,,6,2,5537
d=6 s=2,Random 30% #22,1028,0.0271739130434782,-0.0080607254643781,0.0172781400885667,0.0352346385078564,0.0098957729549115,True,False,True,,6,2,5537
d=6 s=2,Random 30% #23,1028,0.0053719593676173,0.0625848117893123,0.0540809711495449,-0.0572128524216949,-0.0487090117819276,False,False,False,,6,2,5537
d=6 s=2,Random 30% #24,1028,0.0374355138753044,0.0390708767081632,0.0166839005332597,-0.0016353628328587,0.0207516133420446,False,True,True,,6,2,5537
d=6 s=2,Random 30% #25,1028,0.0207335170659317,0.0505184762208786,-0.0121313435694353,-0.0297849591549468,0.0328648606353671,True,True,True,,6,2,5537
d=6 s=2,Random 30% #26,1028,0.000322640117994,0.0615141548927781,-0.005191004847959,-0.061191514774784,0.0055136449659531,True,True,True,,6,2,5537
d=6 s=2,Random 30% #27,1028,-0.0133699862551543,0.0564886861024091,-0.0110464666502468,-0.0698586723575634,-0.0023235196049075,True,False,True,,6,2,5537
d=6 s=2,Random 30% #28,1028,0.0048546691403834,0.0752307388292349,0.0436860562116376,-0.0703760696888514,-0.0388313870712542,False,False,False,,6,2,5537
d=6 s=2,Random 30% #29,1028,0.0132264436461088,0.0427920485726217,0.0096827450339916,-0.0295656049265128,0.0035436986121172,False,True,True,,6,2,5537
d=6 s=2,Random 30% #30,1028,0.0073191060456281,0.0384946577114637,0.0024898729038831,-0.0311755516658356,0.0048292331417449,False,True,True,,6,2,5537
d=6 s=2,Random 30% #31,1028,0.0186572318838355,0.0536090141436001,0.0234320606243089,-0.0349517822597646,-0.0047748287404733,False,False,False,,6,2,5537
d=6 s=2,Random 30% #32,1028,0.0146773132638857,0.0661781955529559,-0.0060693771457334,-0.0515008822890702,0.0207466904096191,True,True,True,,6,2,5537
d=6 s=2,Random 30% #33,1028,0.0107989019115876,0.0585675265940294,0.0092870197119722,-0.0477686246824417,0.0015118821996153,False,True,True,,6,2,5537
d=6 s=2,Random 30% #34,1028,0.0036708111308466,0.0640235652359779,0.011757493530511,-0.0603527541051312,-0.0080866823996643,False,False,False,,6,2,5537
d=6 s=2,Random 30% #35,1028,-0.0021279853031231,0.0537779991404676,0.0144765206787273,-0.0559059844435907,-0.0166045059818504,False,False,False,,6,2,5537
d=6 s=2,Random 30% #36,1028,-0.0048226599270606,0.028885500496058,-0.0018893538533751,-0.0337081604231187,-0.0029333060736855,True,False,True,,6,2,5537
d=6 s=2,Random 30% #37,1028,-0.0037446257685728,0.0342861244531969,0.0121372132596308,-0.0380307502217698,-0.0158818390282036,False,False,False,,6,2,5537
d=6 s=2,Random 30% #38,1028,0.0108722741433021,0.0068380352311173,0.005245595798736,0.0040342389121848,0.005626678344566,False,False,False,,6,2,5537
d=6 s=2,Random 30% #39,1028,0.0380230468256006,0.036149689327308,-0.0053597695615222,0.0018733574982925,0.0433828163871228,True,False,True,,6,2,5537
d=6 s=2,Random 30% #40,1028,-0.0156995008383602,0.0229315547520503,0.0203164588863704,-0.0386310555904106,-0.0360159597247307,False,False,False,,6,2,5537
d=6 s=2,Random 30% #41,1028,0.0003191021554961,0.0423025571645383,0.0092139116501853,-0.0419834550090422,-0.0088948094946892,False,False,False,,6,2,5537
d=6 s=2,Random 30% #42,1028,0.0039796984507742,0.0721627927741813,-0.007675254976475,-0.068183094323407,0.0116549534272492,True,True,True,,6,2,5537
d=6 s=2,Random 30% #43,1028,0.0320665445665445,0.0330683586583429,0.051088849214192,-0.0010018140917983,-0.0190223046476474,False,False,False,,6,2,5537
d=6 s=2,Random 30% #44,1028,0.014617494198646,0.0314021151600203,0.018912069559132,-0.0167846209613743,-0.004294575360486,False,False,False,,6,2,5537
d=6 s=2,Random 30% #45,1028,-0.010677190889205,0.0260282738558949,-0.0343913003291987,-0.0367054647450999,0.0237141094399937,True,True,True,,6,2,5537
d=6 s=2,Random 30% #46,1028,-0.0211341559464426,0.054123653469504,-0.0112866114302509,-0.0752578094159467,-0.0098475445161916,True,False,True,,6,2,5537
d=6 s=2,Random 30% #47,1028,0.0021068472535741,0.0330694282341176,-0.0173997679732093,-0.0309625809805435,0.0195066152267834,True,True,True,,6,2,5537
d=6 s=2,Random 30% #48,1028,0.0099373113536103,0.0114560032031724,-0.0107366791179736,-0.0015186918495621,0.020673990471584,True,True,True,,6,2,5537
d=6 s=2,Random 30% #49,1028,-0.0033935788911766,0.053610256549499,0.0306191531514599,-0.0570038354406757,-0.0340127320426366,False,False,False,,6,2,5537
d=6 s=2,Random 30% #50,1028,-0.0149638584774062,0.0454707801012616,0.0559060281265771,-0.0604346385786679,-0.0708698866039834,False,False,False,,6,2,5537
d=8 s=0,All Patients,3429,0.0078818040435458,0.0473116154165255,0.0200687317733551,-0.0394298113729796,-0.0121869277298092,False,False,False,,8,0,7649
d=8 s=0,ICUType 1.0,490,0.0294939989088925,0.0157204267183752,0.004219781932259,0.0137735721905172,0.0252742169766335,False,False,False,,8,0,7649
d=8 s=0,ICUType 2.0,643,-0.000975689080413,0.0210937080709329,-0.0070911183100272,-0.022069397151346,0.0061154292296141,True,True,True,,8,0,7649
d=8 s=0,ICUType 3.0,1357,-0.0217764843549488,0.0160190615853263,-0.0139252176900227,-0.0377955459402752,-0.0078512666649261,True,False,True,,8,0,7649
d=8 s=0,ICUType 4.0,939,0.0202084035501629,0.0460923611127902,-0.018939481753469,-0.0258839575626273,0.0391478853036319,True,True,True,,8,0,7649
d=8 s=0,Age decile 0,374,0.046026807780653,0.0339200776250891,-0.0270346955476624,0.0121067301555638,0.0730615033283155,True,False,True,,8,0,7649
d=8 s=0,Age decile 1,344,0.0273634472301562,0.0607360094172514,-0.019023662573331,-0.0333725621870952,0.0463871098034872,True,True,True,,8,0,7649
d=8 s=0,Age decile 2,347,0.0042864169770219,0.0453827387374308,-0.0390973628573985,-0.0410963217604088,0.0433837798344205,True,True,True,,8,0,7649
d=8 s=0,Age decile 3,325,0.0096292729898892,0.0425233700022039,-0.0702689261095829,-0.0328940970123146,0.0798981990994722,True,True,True,,8,0,7649
d=8 s=0,Age decile 4,372,-0.0152359717577108,0.047943477979868,-0.0396470702986914,-0.0631794497375789,0.0244110985409805,True,True,True,,8,0,7649
d=8 s=0,Age decile 5,344,-0.0250497851378262,0.0529428462391211,0.0963296826118732,-0.0779926313769474,-0.1213794677496994,False,False,False,,8,0,7649
d=8 s=0,Age decile 6,397,-0.0004719207173194,0.0292566263881472,0.0334281514502816,-0.0297285471054667,-0.0339000721676011,False,False,False,,8,0,7649
d=8 s=0,Age decile 7,247,0.0173747705218987,0.0351133787293178,-0.028155540997618,-0.017738608207419,0.0455303115195167,True,True,True,,8,0,7649
d=8 s=0,Age decile 8,354,-0.0216450216450216,0.0319075707562755,-0.0282771415982456,-0.0535525924012972,0.0066321199532239,True,True,True,,8,0,7649
d=8 s=0,Age decile 9,325,-0.0771864301276066,0.0697858829705964,0.0061632016715328,-0.146972313098203,-0.0833496317991394,False,False,False,,8,0,7649
d=8 s=0,HR quartile 0,877,0.0371049136786188,0.0734666579157917,0.0125388411554196,-0.0363617442371728,0.0245660725231992,False,True,True,,8,0,7649
d=8 s=0,HR quartile 1,917,-0.0169849537037037,0.0284921024115159,-0.0250632286490232,-0.0454770561152196,0.0080782749453195,True,True,True,,8,0,7649
d=8 s=0,HR quartile 2,816,0.034861311019492,0.0236103607298567,0.0192095651408604,0.0112509502896353,0.0156517458786316,False,False,False,,8,0,7649
d=8 s=0,HR quartile 3,819,-0.0232600311906863,-0.000664940734608,0.0683855834607036,-0.0225950904560782,-0.0916456146513899,True,False,True,,8,0,7649
d=8 s=0,MAP quartile 0,877,-0.0141240285818599,-0.0413401692984778,-0.0096387139212572,0.0272161407166179,-0.0044853146606026,False,True,True,,8,0,7649
d=8 s=0,MAP quartile 1,840,0.02392179413456,0.0022832576454092,0.0146324038225499,0.0216385364891508,0.0092893903120101,False,False,False,,8,0,7649
d=8 s=0,MAP quartile 2,866,0.0104058609958506,0.0305800602785593,-0.0218734183321344,-0.0201741992827087,0.032279279327985,True,True,True,,8,0,7649
d=8 s=0,MAP quartile 3,846,0.0090927756430939,0.0834352882006471,0.005091793306963,-0.0743425125575532,0.0040009823361308,False,True,True,,8,0,7649
d=8 s=0,Temp quartile 0,902,0.0068727157158747,0.0884243553519343,0.0053500923556797,-0.0815516396360595,0.001522623360195,False,True,True,,8,0,7649
d=8 s=0,Temp quartile 1,864,0.0305627470437901,0.0522565557713861,-0.0577685284533804,-0.0216938087275959,0.0883312754971706,True,True,True,,8,0,7649
d=8 s=0,Temp quartile 2,838,-0.0036346905912123,0.0543353784824728,0.0174767370557091,-0.0579700690736852,-0.0211114276469215,False,False,False,,8,0,7649
d=8 s=0,Temp quartile 3,825,-0.0023612750885478,-0.0052038716085893,7.004158823081807e-05,0.0028425965200415,-0.0024313166767786,True,True,True,,8,0,7649
d=8 s=0,Urine quartile 0,859,-0.0313289760348584,0.0180910177549912,-0.0043648452332479,-0.0494199937898496,-0.0269641308016104,True,False,True,,8,0,7649
d=8 s=0,Urine quartile 1,913,-0.0210526315789473,0.034243205235457,-0.027254511329281,-0.0552958368144043,0.0062018797503336,True,True,True,,8,0,7649
d=8 s=0,Urine quartile 2,802,0.0149901230333403,0.0513191608812231,-0.0257151746826575,-0.0363290378478827,0.0407052977159978,True,True,True,,8,0,7649
d=8 s=0,Urine quartile 3,855,0.0601118199903958,0.0666214292788213,0.0126522613851793,-0.0065096092884254,0.0474595586052165,False,True,True,,8,0,7649
d=8 s=0,SAPS quartile 0,1025,0.0026756349262149,0.0155798563467553,0.0161239803318825,-0.0129042214205403,-0.0134483454056676,False,False,False,,8,0,7649
d=8 s=0,SAPS quartile 1,946,0.0452124666297511,0.0423509606246133,-0.0138881420852982,0.0028615060051378,0.0591006087150493,True,False,True,,8,0,7649
d=8 s=0,SAPS quartile 2,660,0.0015384615384615,0.0308328307367629,-0.0231104534504058,-0.0292943691983013,0.0246489149888673,True,True,True,,8,0,7649
d=8 s=0,SAPS quartile 3,798,-0.0389986891196934,0.0607854945041288,-0.0068745123238293,-0.0997841836238223,-0.0321241767958641,True,False,True,,8,0,7649
d=8 s=0,HR > 100,945,-0.0351262896411669,0.0292565593972503,0.0454043287120999,-0.0643828490384173,-0.0805306183532669,False,False,False,,8,0,7649
d=8 s=0,MAP < 65,697,-0.0279136809159047,0.0210893336885681,0.0019111435681992,-0.0490030146044729,-0.029824824484104,False,False,False,,8,0,7649
d=8 s=0,Temp > 38C,267,-0.0430204913392958,0.0369006390333637,0.0148963526531336,-0.0799211303726595,-0.0579168439924294,False,False,False,,8,0,7649
d=8 s=0,Urine > 1000,210,0.0458952811893988,0.0673814040998606,-0.0407271342752472,-0.0214861229104618,0.086622415464646,True,True,True,,8,0,7649
d=8 s=0,Random 50% #1,1714,0.0148182289884191,0.0537320027870732,0.0197313696366548,-0.038913773798654,-0.0049131406482356,False,False,False,,8,0,7649
d=8 s=0,Random 50% #2,1714,0.0038708396744524,0.0515805979635537,0.0104329856563031,-0.0477097582891012,-0.0065621459818506,False,False,False,,8,0,7649
d=8 s=0,Random 50% #3,1714,0.0221853388658367,0.0455886919768975,0.0509694756170434,-0.0234033531110607,-0.0287841367512066,False,False,False,,8,0,7649
d=8 s=0,Random 50% #4,1714,0.0209444740819774,0.0193154004265768,0.0243882166481929,0.0016290736554005,-0.0034437425662155,False,True,True,,8,0,7649
d=8 s=0,Random 50% #5,1714,0.025145147627017,-0.0298091376260767,0.0277235706762602,0.0549542852530937,-0.0025784230492431,True,True,True,,8,0,7649
d=8 s=0,Random 50% #6,1714,-0.0032358828377694,0.0464352517850489,0.0310870479797646,-0.0496711346228184,-0.0343229308175341,False,False,False,,8,0,7649
d=8 s=0,Random 50% #7,1714,0.0203886964648963,0.0022528989498228,-0.0052872154481857,0.0181357975150734,0.0256759119130821,True,False,True,,8,0,7649
d=8 s=0,Random 50% #8,1714,-0.0080211409064465,0.0305960271200301,0.0056183539852707,-0.0386171680264767,-0.0136394948917173,False,False,False,,8,0,7649
d=8 s=0,Random 50% #9,1714,-0.0018808498325041,0.0185804219919592,0.0546967744985473,-0.0204612718244634,-0.0565776243310515,False,False,False,,8,0,7649
d=8 s=0,Random 50% #10,1714,0.0032849222618878,0.097299451679262,0.0111182178218108,-0.0940145294173741,-0.007833295559923,False,False,False,,8,0,7649
d=8 s=0,Random 50% #11,1714,0.0064028840624585,0.0734066616298204,0.0224493434268422,-0.0670037775673619,-0.0160464593643836,False,False,False,,8,0,7649
d=8 s=0,Random 50% #12,1714,-0.0033234372422892,-0.0040077257432283,-0.0113787631052544,0.0006842885009391,0.0080553258629651,False,False,False,,8,0,7649
d=8 s=0,Random 50% #13,1714,0.0032517955657333,0.0051955314786953,0.0202606077454851,-0.0019437359129619,-0.0170088121797517,False,False,False,,8,0,7649
d=8 s=0,Random 50% #14,1714,0.0062157191184681,0.0351568759481792,0.0155651386759988,-0.0289411568297111,-0.0093494195575306,False,False,False,,8,0,7649
d=8 s=0,Random 50% #15,1714,0.0026854501430772,0.0640489568888371,0.0220794877718738,-0.0613635067457599,-0.0193940376287966,False,False,False,,8,0,7649
d=8 s=0,Random 50% #16,1714,0.0188052608311229,0.0512851465721524,0.0456611338846188,-0.0324798857410295,-0.0268558730534959,False,False,False,,8,0,7649
d=8 s=0,Random 50% #17,1714,0.0073507410721795,0.0366785754070272,0.0759389833129743,-0.0293278343348477,-0.0685882422407947,False,False,False,,8,0,7649
d=8 s=0,Random 50% #18,1714,0.0251803786741562,-0.0406090135300696,0.0114895923836403,0.0657893922042258,0.0136907862905158,True,False,True,,8,0,7649
d=8 s=0,Random 50% #19,1714,0.0087463233253787,0.0072067702726513,-0.0333559300303788,0.0015395530527274,0.0421022533557576,True,False,True,,8,0,7649
d=8 s=0,Random 50% #20,1714,0.0239488541873964,0.0385162443481505,-0.0283306685676219,-0.0145673901607541,0.0522795227550183,True,True,True,,8,0,7649
d=8 s=0,Random 50% #21,1714,0.0016605879752431,0.0444019486125208,-0.0219756714741431,-0.0427413606372777,0.0236362594493862,True,True,True,,8,0,7649
d=8 s=0,Random 50% #22,1714,0.0178287222426975,0.0381524616500774,0.0661797207500274,-0.0203237394073798,-0.0483509985073299,False,False,False,,8,0,7649
d=8 s=0,Random 50% #23,1714,-0.0051929851771431,0.0275391283616492,0.0908561168679383,-0.0327321135387923,-0.0960491020450814,False,False,False,,8,0,7649
d=8 s=0,Random 50% #24,1714,0.0201698382197979,-0.0119245549659378,0.0353082893776131,0.0320943931857357,-0.0151384511578151,True,True,True,,8,0,7649
d=8 s=0,Random 50% #25,1714,0.0024135223603308,0.0470569367278249,0.0047381740384616,-0.0446434143674941,-0.0023246516781307,False,False,False,,8,0,7649
d=8 s=0,Random 50% #26,1714,-0.0063986093578627,-0.0030414419888297,-0.0389237777283988,-0.0033571673690329,0.0325251683705361,False,True,True,,8,0,7649
d=8 s=0,Random 50% #27,1714,-0.0048317683881064,0.0198272185758942,0.0018681117038369,-0.0246589869640006,-0.0066998800919434,False,False,False,,8,0,7649
d=8 s=0,Random 50% #28,1714,0.0098094573797898,0.0293794611940167,0.0454360351430832,-0.0195700038142269,-0.0356265777632933,False,False,False,,8,0,7649
d=8 s=0,Random 50% #29,1714,0.0125552608311229,0.0174857940115176,0.0365145075505908,-0.0049305331803947,-0.0239592467194679,False,False,False,,8,0,7649
d=8 s=0,Random 50% #30,1714,0.0022139615866539,0.011976989777655,0.0077094063544451,-0.0097630281910011,-0.0054954447677912,False,False,False,,8,0,7649
d=8 s=0,Random 50% #31,1714,0.0081502190717898,0.0664376467883633,0.0108645856526808,-0.0582874277165735,-0.0027143665808909,False,False,False,,8,0,7649
d=8 s=0,Random 50% #32,1714,-0.0092920029904661,0.0471155214350684,0.0050851736217202,-0.0564075244255346,-0.0143771766121864,False,False,False,,8,0,7649
d=8 s=0,Random 50% #33,1714,-0.002514181228832,0.0276992288265769,-0.000208140865339,-0.0302134100554089,-0.0023060403634929,True,False,True,,8,0,7649
d=8 s=0,Random 50% #34,1714,0.0070180513371488,-0.0333440760567139,-0.0382717130109339,0.0403621273938628,0.0452897643480827,False,False,False,,8,0,7649
d=8 s=0,Random 50% #35,1714,0.0093248828878478,0.0530129287434866,0.0506879563252626,-0.0436880458556388,-0.0413630734374148,False,False,False,,8,0,7649
d=8 s=0,Random 50% #36,1714,0.016912667846362,-0.0533545269513538,0.0118224132321069,0.0702671947977158,0.005090254614255,True,False,True,,8,0,7649
d=8 s=0,Random 50% #37,1714,0.0036653828805384,0.0376053512610227,0.0204179052257467,-0.0339399683804842,-0.0167525223452082,False,False,False,,8,0,7649
d=8 s=0,Random 50% #38,1714,0.0021576191788371,-0.0420126255432701,0.0813234212794738,0.0441702447221072,-0.0791658021006367,True,True,True,,8,0,7649
d=8 s=0,Random 50% #39,1714,0.0170086158804934,0.0238317703737964,0.000555167689302,-0.006823154493303,0.0164534481911913,False,True,True,,8,0,7649
d=8 s=0,Random 50% #40,1714,0.018520937100027,-0.0273648014979024,0.0308649019245145,0.0458857385979295,-0.0123439648244874,True,True,True,,8,0,7649
d=8 s=0,Random 50% #41,1714,0.0027199322354597,0.0119073691864184,-0.0129285876896019,-0.0091874369509586,0.0156485199250616,True,True,True,,8,0,7649
d=8 s=0,Random 50% #42,1714,0.0178900300253214,0.0576644818204233,-0.0148322262410741,-0.0397744517951019,0.0327222562663955,True,True,True,,8,0,7649
d=8 s=0,Random 50% #43,1714,0.0169958506224066,0.011307797972902,0.0751425488476106,0.0056880526495046,-0.058146698225204,False,True,True,,8,0,7649
d=8 s=0,Random 50% #44,1714,-0.0080414937759336,-0.0057417687570658,0.0159367876064478,-0.0022997250188677,-0.0239782813823814,True,False,True,,8,0,7649
d=8 s=0,Random 50% #45,1714,-0.0006684003732017,0.0591936841182766,-0.038071369111169,-0.0598620844914783,0.0374029687379673,True,True,True,,8,0,7649
d=8 s=0,Random 50% #46,1714,-0.0127567411871579,-0.0403060158272026,-0.0339441018305479,0.0275492746400446,0.0211873606433899,False,False,False,,8,0,7649
d=8 s=0,Random 50% #47,1714,-0.0023071888899981,0.0230926834087311,0.0313874950053386,-0.0253998722987292,-0.0336946838953368,False,False,False,,8,0,7649
d=8 s=0,Random 50% #48,1714,0.0007707867678387,0.0721117541108643,-0.0089844162932305,-0.0713409673430255,0.0097552030610692,True,True,True,,8,0,7649
d=8 s=0,Random 50% #49,1714,-0.0052585890287469,-0.0167754839054014,-0.0178016044864964,0.0115168948766545,0.0125430154577494,False,False,False,,8,0,7649
d=8 s=0,Random 50% #50,1714,-0.009935439192208,-0.0027284945007474,0.0558159548276243,-0.0072069446914606,-0.0657513940198324,True,False,True,,8,0,7649
d=8 s=0,Random 30% #1,1028,0.0177032019704433,0.0539056337117695,0.0748848404426786,-0.0362024317413261,-0.0571816384722353,False,False,False,,8,0,7649
d=8 s=0,Random 30% #2,1028,-0.0188812287552644,0.0380959733421428,-0.0098440721605609,-0.0569772020974073,-0.0090371565947034,True,False,True,,8,0,7649
d=8 s=0,Random 30% #3,1028,-0.0136963318843895,-0.0137621398837891,0.0003149901990379,6.580799939961968e-05,-0.0140113220834275,True,True,True,,8,0,7649
d=8 s=0,Random 30% #4,1028,0.012612065619632,-0.0044595171532337,0.0171268744588349,0.0170715827728657,-0.0045148088392028,True,True,True,,8,0,7649
d=8 s=0,Random 30% #5,1028,0.012955140579904,0.0440102044563653,0.0437848430111161,-0.0310550638764613,-0.0308297024312121,False,False,False,,8,0,7649
d=8 s=0,Random 30% #6,1028,0.011061887501678,0.0591840312827624,0.0212892335184722,-0.0481221437810844,-0.0102273460167942,False,False,False,,8,0,7649
d=8 s=0,Random 30% #7,1028,-0.0019795447047178,0.0640659523104398,0.0112344733014921,-0.0660454970151577,-0.01321401800621,False,False,False,,8,0,7649
d=8 s=0,Random 30% #8,1028,-0.0013757582957458,-0.0008694332529219,0.1009403619621028,-0.0005063250428239,-0.1023161202578487,True,False,True,,8,0,7649
d=8 s=0,Random 30% #9,1028,0.0167924069116573,0.0321625219280356,0.0109890259094889,-0.0153701150163782,0.0058033810021683,False,True,True,,8,0,7649
d=8 s=0,Random 30% #10,1028,0.0218614718614718,-0.0667697243493201,-0.0169019470536664,0.0886311962107919,0.0387634189151383,False,False,False,,8,0,7649
d=8 s=0,Random 30% #11,1028,0.0036992125742528,0.0284568323504925,0.001877056511029,-0.0247576197762397,0.0018221560632237,False,True,True,,8,0,7649
d=8 s=0,Random 30% #12,1028,-0.0176439165409753,0.0188427845099318,0.0001094896202802,-0.0364867010509072,-0.0177534061612556,False,False,False,,8,0,7649
d=8 s=0,Random 30% #13,1028,0.0061871080085679,0.0591231913587245,0.0076666123045059,-0.0529360833501566,-0.001479504295938,False,False,False,,8,0,7649
d=8 s=0,Random 30% #14,1028,-0.0024039572835282,0.0700214819925576,-0.0003201776337385,-0.0724254392760859,-0.0020837796497897,True,False,True,,8,0,7649
d=8 s=0,Random 30% #15,1028,-0.0014797507788162,0.0208109025309657,0.0181663103100059,-0.0222906533097819,-0.0196460610888221,False,False,False,,8,0,7649
d=8 s=0,Random 30% #16,1028,0.006823838043474,0.0265259134426232,-0.0069097550715129,-0.0197020753991492,0.0137335931149869,True,True,True,,8,0,7649
d=8 s=0,Random 30% #17,1028,0.0030261642698374,0.0226391245515727,-0.0341325791883151,-0.0196129602817352,0.0371587434581526,True,True,True,,8,0,7649
d=8 s=0,Random 30% #18,1028,0.008237689744539,0.0392373152767437,0.0070074635618191,-0.0309996255322046,0.0012302261827198,False,True,True,,8,0,7649
d=8 s=0,Random 30% #19,1028,0.0066883064376393,0.0229345757625539,0.0187887850253647,-0.0162462693249145,-0.0121004785877254,False,False,False,,8,0,7649
d=8 s=0,Random 30% #20,1028,-0.0099963316214233,0.0408784833726121,-0.0549070641281584,-0.0508748149940354,0.044910732506735,True,True,True,,8,0,7649
d=8 s=0,Random 30% #21,1028,0.002277451699682,0.0412302122978193,-0.0259921353719744,-0.0389527605981372,0.0282695870716565,True,True,True,,8,0,7649
d=8 s=0,Random 30% #22,1028,0.0271739130434782,0.0119082993312631,0.0238021718978751,0.0152656137122151,0.003371741145603,False,False,False,,8,0,7649
d=8 s=0,Random 30% #23,1028,0.0053719593676173,0.0600989604155155,0.1165646706088482,-0.0547270010478982,-0.1111927112412308,False,False,False,,8,0,7649
d=8 s=0,Random 30% #24,1028,0.0374355138753044,0.0396182444744887,0.0041066626382826,-0.0021827305991842,0.0333288512370218,False,True,True,,8,0,7649
d=8 s=0,Random 30% #25,1028,0.0207335170659317,0.0603440554694338,0.0389149471962546,-0.0396105384035021,-0.0181814301303228,False,False,False,,8,0,7649
d=8 s=0,Random 30% #26,1028,0.000322640117994,0.0253873376438693,-0.0003572684178445,-0.0250646975258752,0.0006799085358386,True,True,True,,8,0,7649
d=8 s=0,Random 30% #27,1028,-0.0133699862551543,0.0876290025840039,0.0119372027498504,-0.1009989888391583,-0.0253071890050047,False,False,False,,8,0,7649
d=8 s=0,Random 30% #28,1028,0.0048546691403834,0.0773961882284387,0.0313495134164274,-0.0725415190880553,-0.026494844276044,False,False,False,,8,0,7649
d=8 s=0,Random 30% #29,1028,0.0132264436461088,0.0213306649279048,0.0039661219145009,-0.0081042212817959,0.0092603217316079,False,True,True,,8,0,7649
d=8 s=0,Random 30% #30,1028,0.0073191060456281,0.0472329222694845,0.0047507106091805,-0.0399138162238564,0.0025683954364475,False,True,True,,8,0,7649
d=8 s=0,Random 30% #31,1028,0.0186572318838355,0.036275155665439,0.0152008193327277,-0.0176179237816034,0.0034564125511077,False,True,True,,8,0,7649
d=8 s=0,Random 30% #32,1028,0.0146773132638857,0.0247229958512074,0.0103602826213787,-0.0100456825873217,0.0043170306425069,False,True,True,,8,0,7649
d=8 s=0,Random 30% #33,1028,0.0107989019115876,-0.0366964033405253,0.0082805184552097,0.047495305252113,0.0025183834563779,True,False,True,,8,0,7649
d=8 s=0,Random 30% #34,1028,0.0036708111308466,0.0309536419143583,0.006424178444649,-0.0272828307835116,-0.0027533673138024,False,False,False,,8,0,7649
d=8 s=0,Random 30% #35,1028,-0.0021279853031231,0.0284704610047328,-0.0555927335323216,-0.0305984463078559,0.0534647482291985,True,True,True,,8,0,7649
d=8 s=0,Random 30% #36,1028,-0.0048226599270606,0.0324071602117214,-0.0237254078856924,-0.0372298201387821,0.0189027479586317,True,True,True,,8,0,7649
d=8 s=0,Random 30% #37,1028,-0.0037446257685728,0.0309721067445318,0.0171302377845603,-0.0347167325131047,-0.0208748635531332,False,False,False,,8,0,7649
d=8 s=0,Random 30% #38,1028,0.0108722741433021,-0.0694553122659866,-0.0116043530862939,0.0803275864092888,0.0224766272295961,False,False,False,,8,0,7649
d=8 s=0,Random 30% #39,1028,0.0380230468256006,0.0201299133145082,-0.021595106018296,0.0178931335110923,0.0596181528438967,True,False,True,,8,0,7649
d=8 s=0,Random 30% #40,1028,-0.0156995008383602,0.0443078019419035,0.0350554386221927,-0.0600073027802637,-0.050754939460553,False,False,False,,8,0,7649
d=8 s=0,Random 30% #41,1028,0.0003191021554961,0.0841475195798488,0.0113739977629094,-0.0838284174243526,-0.0110548956074133,False,False,False,,8,0,7649
d=8 s=0,Random 30% #42,1028,0.0039796984507742,0.0381534204887427,0.0836661677572284,-0.0341737220379685,-0.0796864693064542,False,False,False,,8,0,7649
d=8 s=0,Random 30% #43,1028,0.0320665445665445,0.044118915302433,0.0250864246999075,-0.0120523707358884,0.006980119866637,False,True,True,,8,0,7649
d=8 s=0,Random 30% #44,1028,0.014617494198646,0.0538975110125155,-0.0040645388236565,-0.0392800168138694,0.0186820330223025,True,True,True,,8,0,7649
d=8 s=0,Random 30% #45,1028,-0.010677190889205,0.0319065677353192,-0.0208164949161269,-0.0425837586245243,0.0101393040269219,True,True,True,,8,0,7649
d=8 s=0,Random 30% #46,1028,-0.0211341559464426,0.0335600310532619,0.005949251653256,-0.0546941869997045,-0.0270834075996986,False,False,False,,8,0,7649
d=8 s=0,Random 30% #47,1028,0.0021068472535741,0.065268193119394,-0.0592223173455675,-0.0631613458658199,0.0613291645991416,True,True,True,,8,0,7649
d=8 s=0,Random 30% #48,1028,0.0099373113536103,0.0499582762438632,0.0642182673556608,-0.0400209648902528,-0.0542809560020504,False,False,False,,8,0,7649
d=8 s=0,Random 30% #49,1028,-0.0033935788911766,0.0483633590823062,0.0322778464992185,-0.0517569379734829,-0.0356714253903952,False,False,False,,8,0,7649
d=8 s=0,Random 30% #50,1028,-0.0149638584774062,0.0396128291678603,0.0092995790825042,-0.0545766876452666,-0.0242634375599105,False,False,False,,8,0,7649
d=8 s=1,All Patients,3429,0.0078818040435458,0.0219540861014632,0.0080121505416423,-0.0140722820579173,-0.0001303464980964,False,False,False,,8,1,7649
d=8 s=1,ICUType 1.0,490,0.0294939989088925,0.0197745202974237,-0.0017896055079685,0.0097194786114687,0.031283604416861,True,False,True,,8,1,7649
d=8 s=1,ICUType 2.0,643,-0.000975689080413,0.0097226900746277,-0.0094025821215008,-0.0106983791550408,0.0084268930410877,True,True,True,,8,1,7649
d=8 s=1,ICUType 3.0,1357,-0.0217764843549488,0.056734388979428,-0.0303955946494593,-0.0785108733343768,0.0086191102945105,True,True,True,,8,1,7649
d=8 s=1,ICUType 4.0,939,0.0202084035501629,0.1283206399554508,0.015037905021099,-0.1081122364052879,0.0051704985290638,False,True,True,,8,1,7649
d=8 s=1,Age decile 0,374,0.046026807780653,0.0257978682192417,-0.0090981534590572,0.0202289395614112,0.0551249612397102,True,False,True,,8,1,7649
d=8 s=1,Age decile 1,344,0.0273634472301562,0.0342819109773912,-0.0282798570103564,-0.006918463747235,0.0556433042405126,True,True,True,,8,1,7649
d=8 s=1,Age decile 2,347,0.0042864169770219,-0.0227840515427789,0.0379572769393125,0.0270704685198009,-0.0336708599622905,True,True,True,,8,1,7649
d=8 s=1,Age decile 3,325,0.0096292729898892,0.0272663235638254,-0.0599738624471755,-0.0176370505739362,0.0696031354370648,True,True,True,,8,1,7649
d=8 s=1,Age decile 4,372,-0.0152359717577108,0.0404307569906308,-0.0096757467705546,-0.0556667287483417,-0.0055602249871562,True,False,True,,8,1,7649
d=8 s=1,Age decile 5,344,-0.0250497851378262,-0.0333015768637221,0.0746231342798849,0.0082517917258959,-0.0996729194177112,True,True,True,,8,1,7649
d=8 s=1,Age decile 6,397,-0.0004719207173194,0.0337407001899655,-0.0668253179122795,-0.034212620907285,0.06635339719496,True,True,True,,8,1,7649
d=8 s=1,Age decile 7,247,0.0173747705218987,0.0327059802405328,0.0108688809608839,-0.0153312097186341,0.0065058895610148,False,True,True,,8,1,7649
d=8 s=1,Age decile 8,354,-0.0216450216450216,-0.0096789493372051,0.0188041575592887,-0.0119660723078165,-0.0404491792043104,True,False,True,,8,1,7649
d=8 s=1,Age decile 9,325,-0.0771864301276066,0.0699609600622746,0.0364809615187817,-0.1471473901898813,-0.1136673916463883,False,False,False,,8,1,7649
d=8 s=1,HR quartile 0,877,0.0371049136786188,0.0858145362085907,-0.0172131001336821,-0.0487096225299718,0.054318013812301,True,True,True,,8,1,7649
d=8 s=1,HR quartile 1,917,-0.0169849537037037,0.0403523535708959,0.0496568976310764,-0.0573373072745996,-0.0666418513347801,False,False,False,,8,1,7649
d=8 s=1,HR quartile 2,816,0.034861311019492,0.0332919753599139,0.0318384706580376,0.0015693356595781,0.0030228403614544,False,False,False,,8,1,7649
d=8 s=1,HR quartile 3,819,-0.0232600311906863,0.0596793685235754,-0.0276815527443911,-0.0829393997142617,0.0044215215537047,True,True,True,,8,1,7649
d=8 s=1,MAP quartile 0,877,-0.0141240285818599,0.0608849718822638,0.0179145990528564,-0.0750090004641237,-0.0320386276347163,False,False,False,,8,1,7649
d=8 s=1,MAP quartile 1,840,0.02392179413456,0.0115222085614295,0.0239877057451135,0.0123995855731305,-6.591161055344297e-05,False,True,True,,8,1,7649
d=8 s=1,MAP quartile 2,866,0.0104058609958506,0.0016812137129139,-0.0122048965439404,0.0087246472829366,0.022610757539791,True,False,True,,8,1,7649
d=8 s=1,MAP quartile 3,846,0.0090927756430939,0.0476048637392265,0.0517800374438128,-0.0385120880961326,-0.0426872618007189,False,False,False,,8,1,7649
d=8 s=1,Temp quartile 0,902,0.0068727157158747,0.0450276577807235,0.0146961132856765,-0.0381549420648487,-0.0078233975698017,False,False,False,,8,1,7649
d=8 s=1,Temp quartile 1,864,0.0305627470437901,0.0288210475044762,-0.0199720149318549,0.0017416995393138,0.050534761975645,True,False,True,,8,1,7649
d=8 s=1,Temp quartile 2,838,-0.0036346905912123,0.0338715713057125,-0.0088414565418825,-0.0375062618969248,0.0052067659506701,True,True,True,,8,1,7649
d=8 s=1,Temp quartile 3,825,-0.0023612750885478,0.0312037430469432,0.0182797023536115,-0.033565018135491,-0.0206409774421593,False,False,False,,8,1,7649
d=8 s=1,Urine quartile 0,859,-0.0313289760348584,0.0451047182978335,0.0075621707080261,-0.0764336943326919,-0.0388911467428845,False,False,False,,8,1,7649
d=8 s=1,Urine quartile 1,913,-0.0210526315789473,0.0555064889276076,-0.0864927171722136,-0.076559120506555,0.0654400855932662,True,True,True,,8,1,7649
d=8 s=1,Urine quartile 2,802,0.0149901230333403,0.020530075560474,0.0396350886175213,-0.0055399525271336,-0.024644965584181,False,False,False,,8,1,7649
d=8 s=1,Urine quartile 3,855,0.0601118199903958,0.0310252887624518,-0.0272318046157914,0.0290865312279439,0.0873436246061873,True,False,True,,8,1,7649
d=8 s=1,SAPS quartile 0,1025,0.0026756349262149,0.0248410956007967,0.0057622848118341,-0.0221654606745818,-0.0030866498856192,False,False,False,,8,1,7649
d=8 s=1,SAPS quartile 1,946,0.0452124666297511,0.015177336332382,-0.0078481013509513,0.030035130297369,0.0530605679807025,True,False,True,,8,1,7649
d=8 s=1,SAPS quartile 2,660,0.0015384615384615,-0.0117175616435975,0.0329151888186291,0.013256023182059,-0.0313767272801676,True,True,True,,8,1,7649
d=8 s=1,SAPS quartile 3,798,-0.0389986891196934,0.0738688600826908,0.0333245602996088,-0.1128675492023842,-0.0723232494193023,False,False,False,,8,1,7649
d=8 s=1,HR > 100,945,-0.0351262896411669,-0.030109309730033,-0.0740612942099704,-0.0050169799111339,0.0389350045688034,False,True,True,,8,1,7649
d=8 s=1,MAP < 65,697,-0.0279136809159047,0.0085889427924857,-0.0154899475522251,-0.0365026237083905,-0.0124237333636796,True,False,True,,8,1,7649
d=8 s=1,Temp > 38C,267,-0.0430204913392958,0.0628298300804086,-0.0059001829377961,-0.1058503214197044,-0.0371203084014996,True,False,True,,8,1,7649
d=8 s=1,Urine > 1000,210,0.0458952811893988,0.0721248818529901,-0.040815355286375,-0.0262296006635912,0.0867106364757738,True,True,True,,8,1,7649
d=8 s=1,Random 50% #1,1714,0.0148182289884191,0.0461272763756458,0.0204161874010287,-0.0313090473872266,-0.0055979584126095,False,False,False,,8,1,7649
d=8 s=1,Random 50% #2,1714,0.0038708396744524,0.0052304947334377,0.00152848844084,-0.0013596550589852,0.0023423512336124,False,True,True,,8,1,7649
d=8 s=1,Random 50% #3,1714,0.0221853388658367,0.0762499411192418,-0.0552332168449865,-0.054064602253405,0.0774185557108232,True,True,True,,8,1,7649
d=8 s=1,Random 50% #4,1714,0.0209444740819774,0.0917014773906348,0.0878901261172328,-0.0707570033086574,-0.0669456520352554,False,False,False,,8,1,7649
d=8 s=1,Random 50% #5,1714,0.025145147627017,-0.0421994453498224,0.0002170292749621,0.0673445929768395,0.0249281183520548,True,False,True,,8,1,7649
d=8 s=1,Random 50% #6,1714,-0.0032358828377694,0.0765987497514248,0.0349612535510908,-0.0798346325891943,-0.0381971363888603,False,False,False,,8,1,7649
d=8 s=1,Random 50% #7,1714,0.0203886964648963,0.0700793326217732,0.0931648607075149,-0.0496906361568768,-0.0727761642426186,False,False,False,,8,1,7649
d=8 s=1,Random 50% #8,1714,-0.0080211409064465,-0.0216568169551584,0.1301811748772624,0.0136356760487118,-0.138202315783709,True,True,True,,8,1,7649
d=8 s=1,Random 50% #9,1714,-0.0018808498325041,0.0303841101474077,0.0838056241395652,-0.0322649599799119,-0.0856864739720694,False,False,False,,8,1,7649
d=8 s=1,Random 50% #10,1714,0.0032849222618878,0.0676082803810316,0.0220345648538322,-0.0643233581191437,-0.0187496425919443,False,False,False,,8,1,7649
d=8 s=1,Random 50% #11,1714,0.0064028840624585,0.0751047559794007,0.0316659261072225,-0.0687018719169422,-0.025263042044764,False,False,False,,8,1,7649
d=8 s=1,Random 50% #12,1714,-0.0033234372422892,-0.0205909610321502,0.0398595862285969,0.0172675237898609,-0.0431830234708862,True,True,True,,8,1,7649
d=8 s=1,Random 50% #13,1714,0.0032517955657333,0.0400421019515429,0.0039355067654519,-0.0367903063858095,-0.0006837111997186,False,False,False,,8,1,7649
d=8 s=1,Random 50% #14,1714,0.0062157191184681,0.0122240212815368,0.0145934939395173,-0.0060083021630686,-0.0083777748210492,False,False,False,,8,1,7649
d=8 s=1,Random 50% #15,1714,0.0026854501430772,0.0591954339903962,0.0084595629772269,-0.0565099838473189,-0.0057741128341497,False,False,False,,8,1,7649
d=8 s=1,Random 50% #16,1714,0.0188052608311229,0.0091096196347037,-0.0171666705509431,0.0096956411964191,0.035971931382066,True,False,True,,8,1,7649
d=8 s=1,Random 50% #17,1714,0.0073507410721795,0.0945379609846564,0.0931587035438318,-0.0871872199124769,-0.0858079624716522,False,False,False,,8,1,7649
d=8 s=1,Random 50% #18,1714,0.0251803786741562,0.0194334670988607,-0.0085249448915901,0.0057469115752954,0.0337053235657463,True,False,True,,8,1,7649
d=8 s=1,Random 50% #19,1714,0.0087463233253787,-0.0692625318412127,-0.0184190630191805,0.0780088551665915,0.0271653863445592,False,False,False,,8,1,7649
d=8 s=1,Random 50% #20,1714,0.0239488541873964,0.045931026236993,0.0056451040316796,-0.0219821720495966,0.0183037501557167,False,True,True,,8,1,7649
d=8 s=1,Random 50% #21,1714,0.0016605879752431,0.0333082704429764,0.1100659662503455,-0.0316476824677333,-0.1084053782751023,False,False,False,,8,1,7649
d=8 s=1,Random 50% #22,1714,0.0178287222426975,0.065328574243376,-0.0088349035944353,-0.0474998520006785,0.0266636258371328,True,True,True,,8,1,7649
d=8 s=1,Random 50% #23,1714,-0.0051929851771431,0.0442964473379604,-0.0025708934641018,-0.0494894325151036,-0.0026220917130413,True,False,True,,8,1,7649
d=8 s=1,Random 50% #24,1714,0.0201698382197979,0.072596738163865,0.0217147825739709,-0.0524268999440671,-0.0015449443541729,False,False,False,,8,1,7649
d=8 s=1,Random 50% #25,1714,0.0024135223603308,0.0484727185813652,0.0780810444722534,-0.0460591962210344,-0.0756675221119225,False,False,False,,8,1,7649
d=8 s=1,Random 50% #26,1714,-0.0063986093578627,0.0643386944519051,0.0241319644699175,-0.0707373038097678,-0.0305305738277802,False,False,False,,8,1,7649
d=8 s=1,Random 50% #27,1714,-0.0048317683881064,0.0140015515450512,0.0604410124582051,-0.0188333199331576,-0.0652727808463116,False,False,False,,8,1,7649
d=8 s=1,Random 50% #28,1714,0.0098094573797898,-0.0491685902161567,0.0308016208219711,0.0589780475959465,-0.0209921634421813,True,True,True,,8,1,7649
d=8 s=1,Random 50% #29,1714,0.0125552608311229,0.0540706711847961,-0.0115373668315187,-0.0415154103536732,0.0240926276626416,True,True,True,,8,1,7649
d=8 s=1,Random 50% #30,1714,0.0022139615866539,0.0021765859926551,0.035900305700083,3.737559399874524e-05,-0.0336863441134291,False,True,True,,8,1,7649
d=8 s=1,Random 50% #31,1714,0.0081502190717898,-0.0101884099094927,0.036868059846928,0.0183386289812826,-0.0287178407751381,True,True,True,,8,1,7649
d=8 s=1,Random 50% #32,1714,-0.0092920029904661,0.0535073895509483,0.0537698780863999,-0.0627993925414145,-0.0630618810768661,False,False,False,,8,1,7649
d=8 s=1,Random 50% #33,1714,-0.002514181228832,-0.0073059592057994,0.0019743604586191,0.0047917779769674,-0.0044885416874512,True,True,True,,8,1,7649
d=8 s=1,Random 50% #34,1714,0.0070180513371488,0.0382144045868857,0.0601285053265424,-0.0311963532497369,-0.0531104539893936,False,False,False,,8,1,7649
d=8 s=1,Random 50% #35,1714,0.0093248828878478,-0.0012696128476587,0.0224087058249883,0.0105944957355066,-0.0130838229371404,True,True,True,,8,1,7649
d=8 s=1,Random 50% #36,1714,0.016912667846362,0.0607461200661947,0.0455630668272654,-0.0438334522198326,-0.0286503989809034,False,False,False,,8,1,7649
d=8 s=1,Random 50% #37,1714,0.0036653828805384,0.0461538236488972,0.040756793614955,-0.0424884407683587,-0.0370914107344165,False,False,False,,8,1,7649
d=8 s=1,Random 50% #38,1714,0.0021576191788371,0.0296408029210669,-0.0134404940972301,-0.0274831837422298,0.0155981132760672,True,True,True,,8,1,7649
d=8 s=1,Random 50% #39,1714,0.0170086158804934,0.0660013978703682,0.0554037478328729,-0.0489927819898747,-0.0383951319523795,False,False,False,,8,1,7649
d=8 s=1,Random 50% #40,1714,0.018520937100027,-0.0450840653281875,0.0489203795459316,0.0636050024282146,-0.0303994424459045,True,True,True,,8,1,7649
d=8 s=1,Random 50% #41,1714,0.0027199322354597,0.0622597714929508,0.0243285980146756,-0.0595398392574911,-0.0216086657792158,False,False,False,,8,1,7649
d=8 s=1,Random 50% #42,1714,0.0178900300253214,0.0348765854765438,-0.0149284373852666,-0.0169865554512223,0.032818467410588,True,True,True,,8,1,7649
d=8 s=1,Random 50% #43,1714,0.0169958506224066,0.0431173383550668,-0.0106422182665749,-0.0261214877326601,0.0276380688889816,True,True,True,,8,1,7649
d=8 s=1,Random 50% #44,1714,-0.0080414937759336,0.016756508373272,0.071119838379462,-0.0247980021492056,-0.0791613321553956,False,False,False,,8,1,7649
d=8 s=1,Random 50% #45,1714,-0.0006684003732017,0.0471749005643862,0.02174996704019,-0.0478433009375879,-0.0224183674133917,False,False,False,,8,1,7649
d=8 s=1,Random 50% #46,1714,-0.0127567411871579,-0.0166260956361636,-0.0117327615114156,0.0038693544490057,-0.0010239796757422,False,True,True,,8,1,7649
d=8 s=1,Random 50% #47,1714,-0.0023071888899981,0.0581782318181802,0.0553512565001869,-0.0604854207081783,-0.0576584453901851,False,False,False,,8,1,7649
d=8 s=1,Random 50% #48,1714,0.0007707867678387,0.0164310687785424,-0.0313240749650452,-0.0156602820107036,0.032094861732884,True,True,True,,8,1,7649
d=8 s=1,Random 50% #49,1714,-0.0052585890287469,-0.0173635262974574,0.0021869790988152,0.0121049372687105,-0.0074455681275622,True,True,True,,8,1,7649
d=8 s=1,Random 50% #50,1714,-0.009935439192208,0.0614025122716374,0.0127437705595439,-0.0713379514638454,-0.0226792097517519,False,False,False,,8,1,7649
d=8 s=1,Random 30% #1,1028,0.0177032019704433,0.077758485631071,0.082483733527989,-0.0600552836606276,-0.0647805315575456,False,False,False,,8,1,7649
d=8 s=1,Random 30% #2,1028,-0.0188812287552644,0.0288801644084894,-0.0029978683990535,-0.0477613931637539,-0.0158833603562109,True,False,True,,8,1,7649
d=8 s=1,Random 30% #3,1028,-0.0136963318843895,0.0493507482935127,0.0311238672002874,-0.0630470801779022,-0.0448201990846769,False,False,False,,8,1,7649
d=8 s=1,Random 30% #4,1028,0.012612065619632,0.0387339653735032,0.0247796899340539,-0.0261218997538711,-0.0121676243144218,False,False,False,,8,1,7649
d=8 s=1,Random 30% #5,1028,0.012955140579904,0.0358103552531375,0.0455891676323728,-0.0228552146732334,-0.0326340270524687,False,False,False,,8,1,7649
d=8 s=1,Random 30% #6,1028,0.011061887501678,0.0507889182579973,0.0244250274230068,-0.0397270307563192,-0.0133631399213287,False,False,False,,8,1,7649
d=8 s=1,Random 30% #7,1028,-0.0019795447047178,-0.046970959548143,0.061800835422869,0.0449914148434252,-0.0637803801275869,True,True,True,,8,1,7649
d=8 s=1,Random 30% #8,1028,-0.0013757582957458,0.079965187381029,0.0408804815348427,-0.0813409456767749,-0.0422562398305886,False,False,False,,8,1,7649
d=8 s=1,Random 30% #9,1028,0.0167924069116573,0.0274612708315857,0.0003467946664414,-0.0106688639199284,0.0164456122452159,False,True,True,,8,1,7649
d=8 s=1,Random 30% #10,1028,0.0218614718614718,0.0354379917786623,0.0229969955946391,-0.0135765199171904,-0.0011355237331672,False,False,False,,8,1,7649
d=8 s=1,Random 30% #11,1028,0.0036992125742528,0.0076973997661099,0.0207750392578485,-0.0039981871918571,-0.0170758266835957,False,False,False,,8,1,7649
d=8 s=1,Random 30% #12,1028,-0.0176439165409753,0.0016783170954564,0.0065839946412006,-0.0193222336364317,-0.024227911182176,False,False,False,,8,1,7649
d=8 s=1,Random 30% #13,1028,0.0061871080085679,0.0326122108472766,0.0230831225352987,-0.0264251028387086,-0.0168960145267307,False,False,False,,8,1,7649
d=8 s=1,Random 30% #14,1028,-0.0024039572835282,0.0115350832377631,0.104541723395598,-0.0139390405212913,-0.1069456806791262,False,False,False,,8,1,7649
d=8 s=1,Random 30% #15,1028,-0.0014797507788162,0.0020096973590143,0.0284267461304547,-0.0034894481378305,-0.0299064969092709,False,False,False,,8,1,7649
d=8 s=1,Random 30% #16,1028,0.006823838043474,0.038356988330238,0.0104183075938485,-0.031533150286764,-0.0035944695503744,False,False,False,,8,1,7649
d=8 s=1,Random 30% #17,1028,0.0030261642698374,0.0444722834146282,0.0158912433463808,-0.0414461191447907,-0.0128650790765433,False,False,False,,8,1,7649
d=8 s=1,Random 30% #18,1028,0.008237689744539,0.0256274544497651,-0.044167159006693,-0.017389764705226,0.0524048487512321,True,True,True,,8,1,7649
d=8 s=1,Random 30% #19,1028,0.0066883064376393,0.0051819292714841,0.0695352789869646,0.0015063771661551,-0.0628469725493253,False,True,True,,8,1,7649
d=8 s=1,Random 30% #20,1028,-0.0099963316214233,0.0421855562863768,0.0312791661109216,-0.0521818879078002,-0.0412754977323449,False,False,False,,8,1,7649
d=8 s=1,Random 30% #21,1028,0.002277451699682,0.0588471271177343,-0.0077112988886074,-0.0565696754180522,0.0099887505882895,True,True,True,,8,1,7649
d=8 s=1,Random 30% #22,1028,0.0271739130434782,0.0566806011942245,-0.0204975355572022,-0.0295066881507462,0.0476714486006805,True,True,True,,8,1,7649
d=8 s=1,Random 30% #23,1028,0.0053719593676173,0.0504013516540056,0.070676984455289,-0.0450293922863883,-0.0653050250876716,False,False,False,,8,1,7649
d=8 s=1,Random 30% #24,1028,0.0374355138753044,0.0102107168189638,-0.0201547590302428,0.0272247970563405,0.0575902729055472,True,False,True,,8,1,7649
d=8 s=1,Random 30% #25,1028,0.0207335170659317,0.0848383027698279,-0.0202306269356297,-0.0641047857038962,0.0409641440015615,True,True,True,,8,1,7649
d=8 s=1,Random 30% #26,1028,0.000322640117994,0.0294247934787019,0.0414678577759178,-0.0291021533607078,-0.0411452176579237,False,False,False,,8,1,7649
d=8 s=1,Random 30% #27,1028,-0.0133699862551543,0.0085058876534462,0.019451989616803,-0.0218758739086006,-0.0328219758719573,False,False,False,,8,1,7649
d=8 s=1,Random 30% #28,1028,0.0048546691403834,0.0754736276528538,0.0360558946322831,-0.0706189585124704,-0.0312012254918997,False,False,False,,8,1,7649
d=8 s=1,Random 30% #29,1028,0.0132264436461088,0.080179464800871,-0.0387295457701215,-0.0669530211547621,0.0519559894162304,True,True,True,,8,1,7649
d=8 s=1,Random 30% #30,1028,0.0073191060456281,0.0039103011201997,0.0135669314685315,0.0034088049254283,-0.0062478254229033,False,True,True,,8,1,7649
d=8 s=1,Random 30% #31,1028,0.0186572318838355,0.0606422429166805,0.0168154186100646,-0.041985011032845,0.0018418132737708,False,True,True,,8,1,7649
d=8 s=1,Random 30% #32,1028,0.0146773132638857,0.0703595902724512,0.0267748555227233,-0.0556822770085655,-0.0120975422588376,False,False,False,,8,1,7649
d=8 s=1,Random 30% #33,1028,0.0107989019115876,0.0388305526445669,-0.0105430693148813,-0.0280316507329793,0.0213419712264689,True,True,True,,8,1,7649
d=8 s=1,Random 30% #34,1028,0.0036708111308466,0.0398064510102426,0.0269716311976717,-0.0361356398793959,-0.0233008200668251,False,False,False,,8,1,7649
d=8 s=1,Random 30% #35,1028,-0.0021279853031231,0.0102125537276093,0.0698600779855434,-0.0123405390307324,-0.0719880632886665,False,False,False,,8,1,7649
d=8 s=1,Random 30% #36,1028,-0.0048226599270606,0.0311867495193077,0.004514627874593,-0.0360094094463683,-0.0093372878016537,False,False,False,,8,1,7649
d=8 s=1,Random 30% #37,1028,-0.0037446257685728,-0.0265374370465813,0.0038472717428107,0.0227928112780084,-0.0075918975113836,True,True,True,,8,1,7649
d=8 s=1,Random 30% #38,1028,0.0108722741433021,0.0545232645008027,0.0072336736817704,-0.0436509903575005,0.0036386004615316,False,True,True,,8,1,7649
d=8 s=1,Random 30% #39,1028,0.0380230468256006,0.0713601526099112,-0.0190481652454342,-0.0333371057843106,0.0570712120710349,True,True,True,,8,1,7649
d=8 s=1,Random 30% #40,1028,-0.0156995008383602,0.0720545065849716,0.0821078161138258,-0.0877540074233319,-0.097807316952186,False,False,False,,8,1,7649
d=8 s=1,Random 30% #41,1028,0.0003191021554961,0.0258388849452244,0.0193355239093586,-0.0255197827897283,-0.0190164217538625,False,False,False,,8,1,7649
d=8 s=1,Random 30% #42,1028,0.0039796984507742,-0.0065652984895404,0.0391421246638323,0.0105449969403146,-0.0351624262130581,True,True,True,,8,1,7649
d=8 s=1,Random 30% #43,1028,0.0320665445665445,0.042824202880136,0.0242310716691525,-0.0107576583135914,0.007835472897392,False,True,True,,8,1,7649
d=8 s=1,Random 30% #44,1028,0.014617494198646,-0.0446035253907097,0.0143703969452926,0.0592210195893557,0.0002470972533533,True,False,True,,8,1,7649
d=8 s=1,Random 30% #45,1028,-0.010677190889205,0.0073205205685079,-0.021322378758003,-0.0179977114577129,0.010645187868798,True,True,True,,8,1,7649
d=8 s=1,Random 30% #46,1028,-0.0211341559464426,0.0519888986405079,0.0409548184788891,-0.0731230545869505,-0.0620889744253318,False,False,False,,8,1,7649
d=8 s=1,Random 30% #47,1028,0.0021068472535741,0.0755387485515705,0.0509950682098961,-0.0734319012979964,-0.048888220956322,False,False,False,,8,1,7649
d=8 s=1,Random 30% #48,1028,0.0099373113536103,0.0861734361344279,-0.0160382642722503,-0.0762361247808175,0.0259755756258607,True,True,True,,8,1,7649
d=8 s=1,Random 30% #49,1028,-0.0033935788911766,0.0465017369116976,0.0114297216739316,-0.0498953158028743,-0.0148233005651083,False,False,False,,8,1,7649
d=8 s=1,Random 30% #50,1028,-0.0149638584774062,0.0455330225379109,0.0026654571307841,-0.0604968810153172,-0.0176293156081904,False,False,False,,8,1,7649
d=8 s=2,All Patients,3429,0.0078818040435458,0.028008557673893,0.047416120355956,-0.0201267536303471,-0.0395343163124101,False,False,False,,8,2,7649
d=8 s=2,ICUType 1.0,490,0.0294939989088925,0.0202804969382475,0.02730189749161,0.009213501970645,0.0021921014172824,False,False,False,,8,2,7649
d=8 s=2,ICUType 2.0,643,-0.000975689080413,0.0218280941020427,0.0036282290457197,-0.0228037831824557,-0.0046039181261328,False,False,False,,8,2,7649
d=8 s=2,ICUType 3.0,1357,-0.0217764843549488,0.0617362168767863,0.0095900837774487,-0.0835127012317352,-0.0313665681323976,False,False,False,,8,2,7649
d=8 s=2,ICUType 4.0,939,0.0202084035501629,0.0636188559660998,0.0243904172993839,-0.0434104524159369,-0.004182013749221,False,False,False,,8,2,7649
d=8 s=2,Age decile 0,374,0.046026807780653,0.0392701109809177,0.0290564501056434,0.0067566967997352,0.0169703576750095,False,False,False,,8,2,7649
d=8 s=2,Age decile 1,344,0.0273634472301562,0.0290968323664992,-0.044189172486332,-0.001733385136343,0.0715526197164883,True,True,True,,8,2,7649
d=8 s=2,Age decile 2,347,0.0042864169770219,0.0379410754496141,0.0334174263571056,-0.0336546584725922,-0.0291310093800837,False,False,False,,8,2,7649
d=8 s=2,Age decile 3,325,0.0096292729898892,0.055388139231347,-0.0567644367098788,-0.0457588662414577,0.0663937096997681,True,True,True,,8,2,7649
d=8 s=2,Age decile 4,372,-0.0152359717577108,0.0766650778994415,-0.0037665481295899,-0.0919010496571524,-0.0114694236281209,True,False,True,,8,2,7649
d=8 s=2,Age decile 5,344,-0.0250497851378262,-0.0051196933486706,-0.0445975119802788,-0.0199300917891555,0.0195477268424526,False,True,True,,8,2,7649
d=8 s=2,Age decile 6,397,-0.0004719207173194,0.0159279730198705,-0.0715245486310615,-0.01639989373719,0.071052627913742,True,True,True,,8,2,7649
d=8 s=2,Age decile 7,247,0.0173747705218987,0.0208761255928432,0.0047120340766878,-0.0035013550709445,0.0126627364452109,False,True,True,,8,2,7649
d=8 s=2,Age decile 8,354,-0.0216450216450216,0.0128811084064001,-0.0143340766153544,-0.0345261300514217,-0.0073109450296671,True,False,True,,8,2,7649
d=8 s=2,Age decile 9,325,-0.0771864301276066,0.0721112370489873,0.0564886379283657,-0.1492976671765939,-0.1336750680559724,False,False,False,,8,2,7649
d=8 s=2,HR quartile 0,877,0.0371049136786188,0.0768515231001199,0.0022395500598007,-0.0397466094215011,0.0348653636188181,False,True,True,,8,2,7649
d=8 s=2,HR quartile 1,917,-0.0169849537037037,0.028540055301487,0.0489599054802881,-0.0455250090051908,-0.0659448591839918,False,False,False,,8,2,7649
d=8 s=2,HR quartile 2,816,0.034861311019492,0.0405083363257052,0.0078683685176169,-0.0056470253062131,0.026992942501875,False,True,True,,8,2,7649
d=8 s=2,HR quartile 3,819,-0.0232600311906863,0.0350781723298084,-0.0297053936774782,-0.0583382035204947,0.0064453624867918,True,True,True,,8,2,7649
d=8 s=2,MAP quartile 0,877,-0.0141240285818599,0.0476197504578479,0.0262499246850088,-0.0617437790397078,-0.0403739532668687,False,False,False,,8,2,7649
d=8 s=2,MAP quartile 1,840,0.02392179413456,0.0450682004674594,0.0319901121363179,-0.0211464063328993,-0.0080683180017578,False,False,False,,8,2,7649
d=8 s=2,MAP quartile 2,866,0.0104058609958506,0.0436026573618816,0.0057484734384763,-0.0331967963660309,0.0046573875573742,False,True,True,,8,2,7649
d=8 s=2,MAP quartile 3,846,0.0090927756430939,0.0602616740475211,0.0249035445940821,-0.0511688984044271,-0.0158107689509882,False,False,False,,8,2,7649
d=8 s=2,Temp quartile 0,902,0.0068727157158747,0.0933323817487777,0.0185188038931323,-0.0864596660329029,-0.0116460881772575,False,False,False,,8,2,7649
d=8 s=2,Temp quartile 1,864,0.0305627470437901,0.0217724311571069,-0.0193543128394116,0.0087903158866832,0.0499170598832018,True,False,True,,8,2,7649
d=8 s=2,Temp quartile 2,838,-0.0036346905912123,0.0487366178639427,0.0385347657759967,-0.052371308455155,-0.0421694563672091,False,False,False,,8,2,7649
d=8 s=2,Temp quartile 3,825,-0.0023612750885478,0.0002076206139766,-0.0245886497011756,-0.0025688957025244,0.0222273746126278,True,True,True,,8,2,7649
d=8 s=2,Urine quartile 0,859,-0.0313289760348584,0.0055177038698714,0.0080352441582615,-0.0368466799047298,-0.0393642201931199,False,False,False,,8,2,7649
d=8 s=2,Urine quartile 1,913,-0.0210526315789473,-0.0141445758803989,-0.0519036694400167,-0.0069080556985484,0.0308510378610693,False,True,True,,8,2,7649
d=8 s=2,Urine quartile 2,802,0.0149901230333403,0.0271355927066546,0.0218086737648548,-0.0121454696733143,-0.0068185507315145,False,False,False,,8,2,7649
d=8 s=2,Urine quartile 3,855,0.0601118199903958,0.0668230741027496,0.0021005874328952,-0.0067112541123538,0.0580112325575006,False,True,True,,8,2,7649
d=8 s=2,SAPS quartile 0,1025,0.0026756349262149,0.0118483638908407,0.0298839602495537,-0.0091727289646258,-0.0272083253233388,False,False,False,,8,2,7649
d=8 s=2,SAPS quartile 1,946,0.0452124666297511,0.0036220477584031,-0.0172364186068586,0.041590418871348,0.0624488852366098,True,False,True,,8,2,7649
d=8 s=2,SAPS quartile 2,660,0.0015384615384615,0.0325555563458361,-0.0040443110859305,-0.0310170948073745,0.005582772624392,True,True,True,,8,2,7649
d=8 s=2,SAPS quartile 3,798,-0.0389986891196934,0.0113550603046845,0.0435953918109631,-0.050353749424378,-0.0825940809306565,False,False,False,,8,2,7649
d=8 s=2,HR > 100,945,-0.0351262896411669,0.0131525406939479,0.0824849577764127,-0.0482788303351149,-0.1176112474175797,False,False,False,,8,2,7649
d=8 s=2,MAP < 65,697,-0.0279136809159047,0.0298119401205266,-0.0094717696165073,-0.0577256210364314,-0.0184419112993974,True,False,True,,8,2,7649
d=8 s=2,Temp > 38C,267,-0.0430204913392958,0.0454853526426265,0.0396718063413886,-0.0885058439819223,-0.0826922976806844,False,False,False,,8,2,7649
d=8 s=2,Urine > 1000,210,0.0458952811893988,0.0839036517610066,-0.0419538331653993,-0.0380083705716077,0.0878491143547981,True,True,True,,8,2,7649
d=8 s=2,Random 50% #1,1714,0.0148182289884191,0.0219461847909712,0.0081771085707289,-0.007127955802552,0.0066411204176902,False,True,True,,8,2,7649
d=8 s=2,Random 50% #2,1714,0.0038708396744524,0.0320100439731053,-0.0193604056944079,-0.0281392042986528,0.0232312453688604,True,True,True,,8,2,7649
d=8 s=2,Random 50% #3,1714,0.0221853388658367,0.0820335989081024,0.0314407234360797,-0.0598482600422656,-0.0092553845702429,False,False,False,,8,2,7649
d=8 s=2,Random 50% #4,1714,0.0209444740819774,0.0598983053962935,0.0076299493200039,-0.0389538313143161,0.0133145247619734,False,True,True,,8,2,7649
d=8 s=2,Random 50% #5,1714,0.025145147627017,0.0308977125894923,0.0135602262587638,-0.0057525649624753,0.0115849213682532,False,True,True,,8,2,7649
d=8 s=2,Random 50% #6,1714,-0.0032358828377694,0.0738240229477306,0.0277155056300149,-0.0770599057855001,-0.0309513884677843,False,False,False,,8,2,7649
d=8 s=2,Random 50% #7,1714,0.0203886964648963,0.0534256104326993,-0.0024788659142599,-0.0330369139678029,0.0228675623791563,True,True,True,,8,2,7649
d=8 s=2,Random 50% #8,1714,-0.0080211409064465,0.0151686432989903,0.027256026950613,-0.0231897842054369,-0.0352771678570596,False,False,False,,8,2,7649
d=8 s=2,Random 50% #9,1714,-0.0018808498325041,0.0973952154772178,0.0171115719480112,-0.099276065309722,-0.0189924217805154,False,False,False,,8,2,7649
d=8 s=2,Random 50% #10,1714,0.0032849222618878,0.0275262983990533,0.0510034254717639,-0.0242413761371654,-0.047718503209876,False,False,False,,8,2,7649
d=8 s=2,Random 50% #11,1714,0.0064028840624585,0.0326211400162155,-0.0156803649815319,-0.026218255953757,0.0220832490439904,True,True,True,,8,2,7649
d=8 s=2,Random 50% #12,1714,-0.0033234372422892,0.0480565583207849,-0.0115553249113533,-0.0513799955630742,0.0082318876690641,True,True,True,,8,2,7649
d=8 s=2,Random 50% #13,1714,0.0032517955657333,0.0441080348305313,0.0150296561042329,-0.040856239264798,-0.0117778605384996,False,False,False,,8,2,7649
d=8 s=2,Random 50% #14,1714,0.0062157191184681,0.0571592824472603,0.0174967631271847,-0.0509435633287922,-0.0112810440087165,False,False,False,,8,2,7649
d=8 s=2,Random 50% #15,1714,0.0026854501430772,0.0333728331209339,0.0453387776004754,-0.0306873829778566,-0.0426533274573981,False,False,False,,8,2,7649
d=8 s=2,Random 50% #16,1714,0.0188052608311229,0.0214806787168976,0.0106954343109608,-0.0026754178857747,0.008109826520162,False,True,True,,8,2,7649
d=8 s=2,Random 50% #17,1714,0.0073507410721795,0.0302540137584848,0.0307336147033101,-0.0229032726863052,-0.0233828736311305,False,False,False,,8,2,7649
d=8 s=2,Random 50% #18,1714,0.0251803786741562,-0.0103108888390669,0.0540831069088481,0.0354912675132231,-0.0289027282346919,True,True,True,,8,2,7649
d=8 s=2,Random 50% #19,1714,0.0087463233253787,-0.0187795194317254,-0.0322669785259066,0.0275258427571042,0.0410133018512853,False,False,False,,8,2,7649
d=8 s=2,Random 50% #20,1714,0.0239488541873964,0.0030166751810141,0.0267533129849105,0.0209321790063822,-0.0028044587975141,False,True,True,,8,2,7649
d=8 s=2,Random 50% #21,1714,0.0016605879752431,0.0043231957917946,0.0844935590614424,-0.0026626078165515,-0.0828329710861993,False,False,False,,8,2,7649
d=8 s=2,Random 50% #22,1714,0.0178287222426975,0.0275565434709072,0.0500244377250059,-0.0097278212282096,-0.0321957154823083,False,False,False,,8,2,7649
d=8 s=2,Random 50% #23,1714,-0.0051929851771431,-0.0018357024968013,-0.0177168529271195,-0.0033572826803417,0.0125238677499764,False,True,True,,8,2,7649
d=8 s=2,Random 50% #24,1714,0.0201698382197979,0.0174298061396553,0.0021374137224308,0.0027400320801426,0.0180324244973671,False,False,False,,8,2,7649
d=8 s=2,Random 50% #25,1714,0.0024135223603308,0.0486212183923644,0.0007372606920533,-0.0462076960320335,0.0016762616682775,False,True,True,,8,2,7649
d=8 s=2,Random 50% #26,1714,-0.0063986093578627,0.0016377826827278,-0.0045979753648003,-0.0080363920405905,-0.0018006339930623,True,False,True,,8,2,7649
d=8 s=2,Random 50% #27,1714,-0.0048317683881064,0.0183131667687607,-0.0018088501580071,-0.0231449351568671,-0.0030229182300993,True,False,True,,8,2,7649
d=8 s=2,Random 50% #28,1714,0.0098094573797898,0.0059324027106724,0.0820736919621157,0.0038770546691173,-0.0722642345823258,False,True,True,,8,2,7649
d=8 s=2,Random 50% #29,1714,0.0125552608311229,0.0602417677601217,-0.0005149761496197,-0.0476865069289988,0.0130702369807426,True,True,True,,8,2,7649
d=8 s=2,Random 50% #30,1714,0.0022139615866539,0.025500009611284,0.0164787940314446,-0.0232860480246301,-0.0142648324447906,False,False,False,,8,2,7649
d=8 s=2,Random 50% #31,1714,0.0081502190717898,0.0744163767612477,0.0221209563830656,-0.0662661576894579,-0.0139707373112757,False,False,False,,8,2,7649
d=8 s=2,Random 50% #32,1714,-0.0092920029904661,0.0377859396262255,0.0567454741574767,-0.0470779426166917,-0.0660374771479429,False,False,False,,8,2,7649
d=8 s=2,Random 50% #33,1714,-0.002514181228832,0.0052923451244348,0.0335557860262284,-0.0078065263532668,-0.0360699672550604,False,False,False,,8,2,7649
d=8 s=2,Random 50% #34,1714,0.0070180513371488,0.0308930229239427,-0.0091532376582058,-0.0238749715867938,0.0161712889953546,True,True,True,,8,2,7649
d=8 s=2,Random 50% #35,1714,0.0093248828878478,0.0358758792496426,0.0571518933541024,-0.0265509963617947,-0.0478270104662545,False,False,False,,8,2,7649
d=8 s=2,Random 50% #36,1714,0.016912667846362,0.0703478667604728,-0.015714778570376,-0.0534351989141108,0.0326274464167381,True,True,True,,8,2,7649
d=8 s=2,Random 50% #37,1714,0.0036653828805384,0.0577755613871835,-0.0526988157687769,-0.054110178506645,0.0563641986493154,True,True,True,,8,2,7649
d=8 s=2,Random 50% #38,1714,0.0021576191788371,0.0252237916532464,0.0240100257486831,-0.0230661724744092,-0.021852406569846,False,False,False,,8,2,7649
d=8 s=2,Random 50% #39,1714,0.0170086158804934,-0.0210885154817779,-0.001854322328316,0.0380971313622713,0.0188629382088094,False,False,False,,8,2,7649
d=8 s=2,Random 50% #40,1714,0.018520937100027,0.0224389059161109,0.0784174206331461,-0.0039179688160838,-0.059896483533119,False,False,False,,8,2,7649
d=8 s=2,Random 50% #41,1714,0.0027199322354597,0.032392182654972,0.0058492359492799,-0.0296722504195122,-0.0031293037138202,False,False,False,,8,2,7649
d=8 s=2,Random 50% #42,1714,0.0178900300253214,0.0784558686751868,0.0134331512324214,-0.0605658386498654,0.0044568787928999,False,True,True,,8,2,7649
d=8 s=2,Random 50% #43,1714,0.0169958506224066,0.0345015731421817,0.0216700062312664,-0.0175057225197751,-0.0046741556088598,False,False,False,,8,2,7649
d=8 s=2,Random 50% #44,1714,-0.0080414937759336,0.0848707984661921,0.0441368000802198,-0.0929122922421257,-0.0521782938561534,False,False,False,,8,2,7649
d=8 s=2,Random 50% #45,1714,-0.0006684003732017,-0.0015310916962345,-0.0421729770397238,0.0008626913230328,0.0415045766665221,False,False,False,,8,2,7649
d=8 s=2,Random 50% #46,1714,-0.0127567411871579,0.0378515359792376,0.0643812830918539,-0.0506082771663955,-0.0771380242790119,False,False,False,,8,2,7649
d=8 s=2,Random 50% #47,1714,-0.0023071888899981,-0.0057337961405927,0.0323422342827231,0.0034266072505946,-0.0346494231727212,True,True,True,,8,2,7649
d=8 s=2,Random 50% #48,1714,0.0007707867678387,0.0379105016898422,0.0154552100668348,-0.0371397149220035,-0.0146844232989961,False,False,False,,8,2,7649
d=8 s=2,Random 50% #49,1714,-0.0052585890287469,0.0199997644349005,0.0166302715319112,-0.0252583534636475,-0.0218888605606581,False,False,False,,8,2,7649
d=8 s=2,Random 50% #50,1714,-0.009935439192208,0.0359063697935577,-0.0538852689152277,-0.0458418089857657,0.0439498297230197,True,True,True,,8,2,7649
d=8 s=2,Random 30% #1,1028,0.0177032019704433,0.0304094075384327,0.0108920581149338,-0.0127062055679894,0.0068111438555094,False,True,True,,8,2,7649
d=8 s=2,Random 30% #2,1028,-0.0188812287552644,0.0284144165216446,0.0225660631245339,-0.0472956452769091,-0.0414472918797984,False,False,False,,8,2,7649
d=8 s=2,Random 30% #3,1028,-0.0136963318843895,0.0015670999124162,-0.0060708695305727,-0.0152634317968058,-0.0076254623538168,True,False,True,,8,2,7649
d=8 s=2,Random 30% #4,1028,0.012612065619632,-0.0246630956317368,0.0059003427538693,0.0372751612513689,0.0067117228657627,True,False,True,,8,2,7649
d=8 s=2,Random 30% #5,1028,0.012955140579904,0.0631682188224802,0.0855428874632809,-0.0502130782425761,-0.0725877468833769,False,False,False,,8,2,7649
d=8 s=2,Random 30% #6,1028,0.011061887501678,0.0160020015011942,0.0240262384498198,-0.0049401139995161,-0.0129643509481417,False,False,False,,8,2,7649
d=8 s=2,Random 30% #7,1028,-0.0019795447047178,0.0597477881338029,0.0287590651374735,-0.0617273328385208,-0.0307386098421914,False,False,False,,8,2,7649
d=8 s=2,Random 30% #8,1028,-0.0013757582957458,0.0424155062239687,0.0280694873222994,-0.0437912645197146,-0.0294452456180453,False,False,False,,8,2,7649
d=8 s=2,Random 30% #9,1028,0.0167924069116573,0.042826816059553,0.0178687563382207,-0.0260344091478957,-0.0010763494265634,False,False,False,,8,2,7649
d=8 s=2,Random 30% #10,1028,0.0218614718614718,0.0105638629275159,0.0061795653400786,0.0112976089339559,0.0156819065213932,False,False,False,,8,2,7649
d=8 s=2,Random 30% #11,1028,0.0036992125742528,0.0350137264192522,0.0040101727735371,-0.0313145138449993,-0.0003109601992843,False,False,False,,8,2,7649
d=8 s=2,Random 30% #12,1028,-0.0176439165409753,0.0532624105977023,-0.0162669092633564,-0.0709063271386777,-0.0013770072776188,True,False,True,,8,2,7649
d=8 s=2,Random 30% #13,1028,0.0061871080085679,0.0453875067001554,-0.0681862684775982,-0.0392003986915874,0.0743733764861661,True,True,True,,8,2,7649
d=8 s=2,Random 30% #14,1028,-0.0024039572835282,-0.0318510450519185,-0.0006541970183947,0.0294470877683902,-0.0017497602651335,False,True,True,,8,2,7649
d=8 s=2,Random 30% #15,1028,-0.0014797507788162,0.0400280562070635,0.018105421190936,-0.0415078069858797,-0.0195851719697522,False,False,False,,8,2,7649
d=8 s=2,Random 30% #16,1028,0.006823838043474,0.0295214189672674,-0.0085765335006905,-0.0226975809237933,0.0154003715441645,True,True,True,,8,2,7649
d=8 s=2,Random 30% #17,1028,0.0030261642698374,0.0496737300019435,0.0106716371451767,-0.046647565732106,-0.0076454728753392,False,False,False,,8,2,7649
d=8 s=2,Random 30% #18,1028,0.008237689744539,0.059443316584313,0.013218065062651,-0.051205626839774,-0.004980375318112,False,False,False,,8,2,7649
d=8 s=2,Random 30% #19,1028,0.0066883064376393,0.0177217583082905,0.0162878057124002,-0.0110334518706512,-0.0095994992747608,False,False,False,,8,2,7649
d=8 s=2,Random 30% #20,1028,-0.0099963316214233,-0.0068857971225306,0.003314676443446,-0.0031105344988927,-0.0133110080648694,True,False,True,,8,2,7649
d=8 s=2,Random 30% #21,1028,0.002277451699682,0.0269227344661277,-0.0231969972298374,-0.0246452827664456,0.0254744489295195,True,True,True,,8,2,7649
d=8 s=2,Random 30% #22,1028,0.0271739130434782,0.0151280898033188,-0.0216841801088706,0.0120458232401594,0.0488580931523488,True,False,True,,8,2,7649
d=8 s=2,Random 30% #23,1028,0.0053719593676173,0.0311655974980738,0.0113532886623082,-0.0257936381304565,-0.0059813292946908,False,False,False,,8,2,7649
d=8 s=2,Random 30% #24,1028,0.0374355138753044,0.0282346091534304,-0.0067940323776164,0.0092009047218739,0.0442295462529209,True,False,True,,8,2,7649
d=8 s=2,Random 30% #25,1028,0.0207335170659317,0.0610109457675502,0.0479969084397196,-0.0402774287016185,-0.0272633913737878,False,False,False,,8,2,7649
d=8 s=2,Random 30% #26,1028,0.000322640117994,0.0513769291045764,-0.0018830253840762,-0.0510542889865823,0.0022056655020703,True,True,True,,8,2,7649
d=8 s=2,Random 30% #27,1028,-0.0133699862551543,0.0730299872341491,-0.0238631235194524,-0.0863999734893034,0.0104931372642981,True,True,True,,8,2,7649
d=8 s=2,Random 30% #28,1028,0.0048546691403834,0.0542839672409401,-0.0331800203560734,-0.0494292981005567,0.0380346894964568,True,True,True,,8,2,7649
d=8 s=2,Random 30% #29,1028,0.0132264436461088,-0.0034015813030669,-0.0027681931284536,0.0166280249491758,0.0159946367745625,False,False,False,,8,2,7649
d=8 s=2,Random 30% #30,1028,0.0073191060456281,0.0164089496764544,-0.0039988492509388,-0.0090898436308263,0.0113179552965669,True,True,True,,8,2,7649
d=8 s=2,Random 30% #31,1028,0.0186572318838355,0.051021757278757,0.0339368271867934,-0.0323645253949214,-0.0152795953029578,False,False,False,,8,2,7649
d=8 s=2,Random 30% #32,1028,0.0146773132638857,-0.0080191835539353,0.0012666125709556,0.0226964968178211,0.0134107006929301,True,False,True,,8,2,7649
d=8 s=2,Random 30% #33,1028,0.0107989019115876,0.0869658463295928,-0.0171468908224151,-0.0761669444180052,0.0279457927340027,True,True,True,,8,2,7649
d=8 s=2,Random 30% #34,1028,0.0036708111308466,0.0381856874530093,0.0389045236388188,-0.0345148763221626,-0.0352337125079721,False,False,False,,8,2,7649
d=8 s=2,Random 30% #35,1028,-0.0021279853031231,0.043503230188267,0.0916468872957149,-0.0456312154913901,-0.093774872598838,False,False,False,,8,2,7649
d=8 s=2,Random 30% #36,1028,-0.0048226599270606,0.0259653171183273,0.0117297455180127,-0.0307879770453879,-0.0165524054450734,False,False,False,,8,2,7649
d=8 s=2,Random 30% #37,1028,-0.0037446257685728,0.0186382358328332,0.0439587447656478,-0.022382861601406,-0.0477033705342207,False,False,False,,8,2,7649
d=8 s=2,Random 30% #38,1028,0.0108722741433021,0.0112302296095166,-0.0075499011269815,-0.0003579554662145,0.0184221752702836,True,True,True,,8,2,7649
d=8 s=2,Random 30% #39,1028,0.0380230468256006,0.0296775387760697,-0.0450502377333126,0.0083455080495308,0.0830732845589132,True,False,True,,8,2,7649
d=8 s=2,Random 30% #40,1028,-0.0156995008383602,0.0193936023842243,0.0436956383530502,-0.0350931032225846,-0.0593951391914105,False,False,False,,8,2,7649
d=8 s=2,Random 30% #41,1028,0.0003191021554961,0.0329104130890787,0.0075741042785355,-0.0325913109335826,-0.0072550021230393,False,False,False,,8,2,7649
d=8 s=2,Random 30% #42,1028,0.0039796984507742,0.0689742934130855,0.024975117229105,-0.0649945949623112,-0.0209954187783308,False,False,False,,8,2,7649
d=8 s=2,Random 30% #43,1028,0.0320665445665445,0.0789483662671102,0.0454690026924668,-0.0468818217005657,-0.0134024581259223,False,False,False,,8,2,7649
d=8 s=2,Random 30% #44,1028,0.014617494198646,0.0334048377559997,0.0262520369891328,-0.0187873435573537,-0.0116345427904868,False,False,False,,8,2,7649
d=8 s=2,Random 30% #45,1028,-0.010677190889205,0.0332613217709376,-0.0185728417065971,-0.0439385126601426,0.0078956508173921,True,True,True,,8,2,7649
d=8 s=2,Random 30% #46,1028,-0.0211341559464426,0.0191164592871177,0.0092362600994931,-0.0402506152335603,-0.0303704160459357,False,False,False,,8,2,7649
d=8 s=2,Random 30% #47,1028,0.0021068472535741,0.0561697473628211,-0.0106495731565851,-0.054062900109247,0.0127564204101592,True,True,True,,8,2,7649
d=8 s=2,Random 30% #48,1028,0.0099373113536103,0.0190221184429386,0.0192507930241809,-0.0090848070893282,-0.0093134816705705,False,False,False,,8,2,7649
d=8 s=2,Random 30% #49,1028,-0.0033935788911766,0.0412060716891274,0.0325076002056611,-0.0445996505803041,-0.0359011790968378,False,False,False,,8,2,7649
d=8 s=2,Random 30% #50,1028,-0.0149638584774062,0.0207165068809299,0.0102837883996663,-0.0356803653583362,-0.0252476468770726,False,False,False,,8,2,7649
d=12 s=0,All Patients,3429,0.0078818040435458,-0.0164038711618455,0.0367350649699701,0.0242856752053914,-0.0288532609264242,True,True,True,,12,0,11873
d=12 s=0,ICUType 1.0,490,0.0294939989088925,0.0716002568263916,0.0384033005669704,-0.042106257917499,-0.0089093016580778,False,False,False,,12,0,11873
d=12 s=0,ICUType 2.0,643,-0.000975689080413,0.0306778013408589,-0.0041322541210007,-0.0316534904212719,0.0031565650405876,True,True,True,,12,0,11873
d=12 s=0,ICUType 3.0,1357,-0.0217764843549488,-0.0007101354234121,-0.0024408608715223,-0.0210663489315367,-0.0193356234834264,False,False,False,,12,0,11873
d=12 s=0,ICUType 4.0,939,0.0202084035501629,0.0565305956408296,0.0145251754897429,-0.0363221920906667,0.0056832280604199,False,True,True,,12,0,11873
d=12 s=0,Age decile 0,374,0.046026807780653,0.0372081405001467,-0.0163148418814114,0.0088186672805062,0.0623416496620644,True,False,True,,12,0,11873
d=12 s=0,Age decile 1,344,0.0273634472301562,0.0724594101074015,0.0130092668075084,-0.0450959628772453,0.0143541804226477,False,True,True,,12,0,11873
d=12 s=0,Age decile 2,347,0.0042864169770219,0.0037225943154239,-0.0514047127613375,0.000563822661598,0.0556911297383595,True,False,True,,12,0,11873
d=12 s=0,Age decile 3,325,0.0096292729898892,0.0899346512844776,-0.0717995108440973,-0.0803053782945883,0.0814287838339866,True,True,True,,12,0,11873
d=12 s=0,Age decile 4,372,-0.0152359717577108,0.0710126789850283,-0.0038848999703913,-0.0862486507427392,-0.0113510717873195,True,False,True,,12,0,11873
d=12 s=0,Age decile 5,344,-0.0250497851378262,0.0254653271472322,0.023859158711413,-0.0505151122850585,-0.0489089438492392,False,False,False,,12,0,11873
d=12 s=0,Age decile 6,397,-0.0004719207173194,0.0420185796796936,-0.004717874796929,-0.0424905003970131,0.0042459540796095,True,True,True,,12,0,11873
d=12 s=0,Age decile 7,247,0.0173747705218987,0.0484946594505988,0.0204460259810906,-0.0311198889287,-0.0030712554591919,False,False,False,,12,0,11873
d=12 s=0,Age decile 8,354,-0.0216450216450216,0.0361692472704722,-0.0090469245228921,-0.0578142689154938,-0.0125980971221295,True,False,True,,12,0,11873
d=12 s=0,Age decile 9,325,-0.0771864301276066,0.0205526654272228,0.0295784781718504,-0.0977390955548294,-0.1067649082994571,False,False,False,,12,0,11873
d=12 s=0,HR quartile 0,877,0.0371049136786188,0.0721800108454749,0.0493637580974796,-0.035075097166856,-0.0122588444188607,False,False,False,,12,0,11873
d=12 s=0,HR quartile 1,917,-0.0169849537037037,0.0343197544726528,0.0124453072088611,-0.0513047081763565,-0.0294302609125649,False,False,False,,12,0,11873
d=12 s=0,HR quartile 2,816,0.034861311019492,0.0273923448887429,0.0230272622433355,0.0074689661307491,0.0118340487761565,False,False,False,,12,0,11873
d=12 s=0,HR quartile 3,819,-0.0232600311906863,0.0516037675339781,0.0180637860487514,-0.0748637987246645,-0.0413238172394377,False,False,False,,12,0,11873
d=12 s=0,MAP quartile 0,877,-0.0141240285818599,0.0419333018860663,0.042432729731869,-0.0560573304679262,-0.0565567583137289,False,False,False,,12,0,11873
d=12 s=0,MAP quartile 1,840,0.02392179413456,0.0060609344172918,0.0083070684266836,0.0178608597172682,0.0156147257078764,False,False,False,,12,0,11873
d=12 s=0,MAP quartile 2,866,0.0104058609958506,0.0176562412847123,-0.0102923834588083,-0.0072503802888617,0.0206982444546589,True,True,True,,12,0,11873
d=12 s=0,MAP quartile 3,846,0.0090927756430939,0.0498985403665317,0.1284828732319127,-0.0408057647234378,-0.1193900975888188,False,False,False,,12,0,11873
d=12 s=0,Temp quartile 0,902,0.0068727157158747,-0.0189956242478651,-0.0167822937579214,0.0258683399637399,0.0236550094737962,False,False,False,,12,0,11873
d=12 s=0,Temp quartile 1,864,0.0305627470437901,0.0508592232857245,-0.0158003103400485,-0.0202964762419343,0.0463630573838387,True,True,True,,12,0,11873
d=12 s=0,Temp quartile 2,838,-0.0036346905912123,0.040235673129537,0.0191835663146912,-0.0438703637207493,-0.0228182569059035,False,False,False,,12,0,11873
d=12 s=0,Temp quartile 3,825,-0.0023612750885478,-0.0293427321502241,0.0825271126027817,0.0269814570616763,-0.0848883876913295,True,True,True,,12,0,11873
d=12 s=0,Urine quartile 0,859,-0.0313289760348584,-0.0043571381386741,-0.0377397978671982,-0.0269718378961842,0.0064108218323398,False,True,True,,12,0,11873
d=12 s=0,Urine quartile 1,913,-0.0210526315789473,-0.0231855693977294,-0.0170802000458389,0.002132937818782,-0.0039724315331084,False,True,True,,12,0,11873
d=12 s=0,Urine quartile 2,802,0.0149901230333403,0.0486124637379014,-0.0295918253201699,-0.0336223407045611,0.0445819483535102,True,True,True,,12,0,11873
d=12 s=0,Urine quartile 3,855,0.0601118199903958,0.0623812725755613,0.0543429494585299,-0.0022694525851655,0.0057688705318659,False,True,True,,12,0,11873
d=12 s=0,SAPS quartile 0,1025,0.0026756349262149,0.0183291219648099,0.007810377869457,-0.0156534870385949,-0.005134742943242,False,False,False,,12,0,11873
d=12 s=0,SAPS quartile 1,946,0.0452124666297511,0.0801422536565506,-0.0074825193788536,-0.0349297870267994,0.0526949860086048,True,True,True,,12,0,11873
d=12 s=0,SAPS quartile 2,660,0.0015384615384615,-0.033152924385009,0.005156594887775,0.0346913859234705,-0.0036181333493135,True,True,True,,12,0,11873
d=12 s=0,SAPS quartile 3,798,-0.0389986891196934,0.0572697722574943,0.0095410896322037,-0.0962684613771877,-0.0485397787518972,False,False,False,,12,0,11873
d=12 s=0,HR > 100,945,-0.0351262896411669,-0.1045044344220113,-0.0286036588760913,0.0693781447808443,-0.0065226307650756,False,True,True,,12,0,11873
d=12 s=0,MAP < 65,697,-0.0279136809159047,0.0132348720055172,0.0529758882837615,-0.041148552921422,-0.0808895691996663,False,False,False,,12,0,11873
d=12 s=0,Temp > 38C,267,-0.0430204913392958,0.0636813372634792,0.0288261276776262,-0.106701828602775,-0.071846619016922,False,False,False,,12,0,11873
d=12 s=0,Urine > 1000,210,0.0458952811893988,0.071007849714838,-0.0419137636053324,-0.0251125685254391,0.0878090447947312,True,True,True,,12,0,11873
d=12 s=0,Random 50% #1,1714,0.0148182289884191,0.053864175497933,0.0057499225972435,-0.0390459465095138,0.0090683063911756,False,True,True,,12,0,11873
d=12 s=0,Random 50% #2,1714,0.0038708396744524,0.0493582299514831,-0.0274973953541772,-0.0454873902770306,0.0313682350286297,True,True,True,,12,0,11873
d=12 s=0,Random 50% #3,1714,0.0221853388658367,0.0047942914528587,0.054667137127598,0.017391047412978,-0.0324817982617612,False,True,True,,12,0,11873
d=12 s=0,Random 50% #4,1714,0.0209444740819774,-0.0314386498581051,0.0109797624625093,0.0523831239400825,0.009964711619468,True,False,True,,12,0,11873
d=12 s=0,Random 50% #5,1714,0.025145147627017,0.0571633830259342,-0.006098041732523,-0.0320182353989171,0.0312431893595401,True,True,True,,12,0,11873
d=12 s=0,Random 50% #6,1714,-0.0032358828377694,0.0460226733965555,0.0126907568542287,-0.049258556234325,-0.0159266396919982,False,False,False,,12,0,11873
d=12 s=0,Random 50% #7,1714,0.0203886964648963,0.032592430151536,0.0183714115229811,-0.0122037336866396,0.0020172849419151,False,True,True,,12,0,11873
d=12 s=0,Random 50% #8,1714,-0.0080211409064465,0.0452371701779166,-0.0059193118725701,-0.0532583110843632,-0.0021018290338764,True,False,True,,12,0,11873
d=12 s=0,Random 50% #9,1714,-0.0018808498325041,0.0757713151358382,0.0224945465455798,-0.0776521649683424,-0.024375396378084,False,False,False,,12,0,11873
d=12 s=0,Random 50% #10,1714,0.0032849222618878,0.0473442576578297,0.0326425694468627,-0.0440593353959419,-0.0293576471849749,False,False,False,,12,0,11873
d=12 s=0,Random 50% #11,1714,0.0064028840624585,0.0166613906714465,0.0121649553613818,-0.010258506608988,-0.0057620712989233,False,False,False,,12,0,11873
d=12 s=0,Random 50% #12,1714,-0.0033234372422892,0.0589247569343441,0.0321366808013378,-0.0622481941766334,-0.035460118043627,False,False,False,,12,0,11873
d=12 s=0,Random 50% #13,1714,0.0032517955657333,0.0226214602946673,0.0032572826394953,-0.019369664728934,-5.487073762050487e-06,False,False,False,,12,0,11873
d=12 s=0,Random 50% #14,1714,0.0062157191184681,0.0498603472770025,-0.0065483488823643,-0.0436446281585343,0.0127640680008325,True,True,True,,12,0,11873
d=12 s=0,Random 50% #15,1714,0.0026854501430772,0.0221697828263186,0.0365900323954714,-0.0194843326832414,-0.0339045822523942,False,False,False,,12,0,11873
d=12 s=0,Random 50% #16,1714,0.0188052608311229,0.012646326254343,0.0627261252918902,0.0061589345767798,-0.0439208644607673,False,True,True,,12,0,11873
d=12 s=0,Random 50% #17,1714,0.0073507410721795,0.0243984313221189,0.0822351965610751,-0.0170476902499394,-0.0748844554888956,False,False,False,,12,0,11873
d=12 s=0,Random 50% #18,1714,0.0251803786741562,0.0466020453144707,0.0668599581041627,-0.0214216666403145,-0.0416795794300065,False,False,False,,12,0,11873
d=12 s=0,Random 50% #19,1714,0.0087463233253787,0.0635584896969064,-0.0482188322040861,-0.0548121663715276,0.0569651555294649,True,True,True,,12,0,11873
d=12 s=0,Random 50% #20,1714,0.0239488541873964,0.0795044565016278,0.0401400079431023,-0.0555556023142314,-0.0161911537557059,False,False,False,,12,0,11873
d=12 s=0,Random 50% #21,1714,0.0016605879752431,0.0341239647984037,0.0044704435617899,-0.0324633768231606,-0.0028098555865468,False,False,False,,12,0,11873
d=12 s=0,Random 50% #22,1714,0.0178287222426975,0.0035525665154886,0.0081004759019397,0.0142761557272089,0.0097282463407578,False,False,False,,12,0,11873
d=12 s=0,Random 50% #23,1714,-0.0051929851771431,0.0489081319120078,0.0341943974015153,-0.0541011170891509,-0.0393873825786585,False,False,False,,12,0,11873
d=12 s=0,Random 50% #24,1714,0.0201698382197979,0.0156437223842582,0.0051577162315007,0.0045261158355396,0.0150121219882971,False,False,False,,12,0,11873
d=12 s=0,Random 50% #25,1714,0.0024135223603308,0.0226037621302045,0.0134398936312081,-0.0201902397698737,-0.0110263712708773,False,False,False,,12,0,11873
d=12 s=0,Random 50% #26,1714,-0.0063986093578627,-0.0256429927712983,-0.0200672587198302,0.0192443834134356,0.0136686493619675,False,False,False,,12,0,11873
d=12 s=0,Random 50% #27,1714,-0.0048317683881064,0.0306400576010395,0.0481324649637344,-0.035471825989146,-0.0529642333518408,False,False,False,,12,0,11873
d=12 s=0,Random 50% #28,1714,0.0098094573797898,0.0478017896239487,0.0356665849548834,-0.0379923322441588,-0.0258571275750935,False,False,False,,12,0,11873
d=12 s=0,Random 50% #29,1714,0.0125552608311229,0.048599858783586,0.0703940722077144,-0.0360445979524631,-0.0578388113765915,False,False,False,,12,0,11873
d=12 s=0,Random 50% #30,1714,0.0022139615866539,0.0288071626891324,0.0444827369504813,-0.0265932011024784,-0.0422687753638274,False,False,False,,12,0,11873
d=12 s=0,Random 50% #31,1714,0.0081502190717898,0.0540601107707597,0.0095841895959941,-0.0459098916989698,-0.0014339705242043,False,False,False,,12,0,11873
d=12 s=0,Random 50% #32,1714,-0.0092920029904661,0.0354241862617979,0.010178967877142,-0.0447161892522641,-0.0194709708676082,False,False,False,,12,0,11873
d=12 s=0,Random 50% #33,1714,-0.002514181228832,0.0265155031817929,0.0025140923387468,-0.0290296844106249,-0.0050282735675789,False,False,False,,12,0,11873
d=12 s=0,Random 50% #34,1714,0.0070180513371488,0.0553807229341411,0.0338525477044089,-0.0483626715969923,-0.0268344963672601,False,False,False,,12,0,11873
d=12 s=0,Random 50% #35,1714,0.0093248828878478,0.046586538743815,0.0509804117680697,-0.0372616558559671,-0.0416555288802218,False,False,False,,12,0,11873
d=12 s=0,Random 50% #36,1714,0.016912667846362,0.021921946064654,0.0267711689543141,-0.005009278218292,-0.0098585011079521,False,False,False,,12,0,11873
d=12 s=0,Random 50% #37,1714,0.0036653828805384,0.0481073473863218,0.0129786443631957,-0.0444419645057833,-0.0093132614826572,False,False,False,,12,0,11873
d=12 s=0,Random 50% #38,1714,0.0021576191788371,0.0658437280183437,0.0126915084543708,-0.0636861088395066,-0.0105338892755336,False,False,False,,12,0,11873
d=12 s=0,Random 50% #39,1714,0.0170086158804934,0.0515554913237855,0.0133783386834554,-0.0345468754432921,0.0036302771970379,False,True,True,,12,0,11873
d=12 s=0,Random 50% #40,1714,0.018520937100027,-0.0027275766690284,0.0537882510589377,0.0212485137690555,-0.0352673139589106,True,True,True,,12,0,11873
d=12 s=0,Random 50% #41,1714,0.0027199322354597,0.0033862983941984,0.0009992236048569,-0.0006663661587387,0.0017207086306028,False,True,True,,12,0,11873
d=12 s=0,Random 50% #42,1714,0.0178900300253214,0.0131914524334453,0.0197195559349213,0.0046985775918761,-0.0018295259095999,False,True,True,,12,0,11873
d=12 s=0,Random 50% #43,1714,0.0169958506224066,0.0268380470519332,0.0176611772984486,-0.0098421964295265,-0.000665326676042,False,False,False,,12,0,11873
d=12 s=0,Random 50% #44,1714,-0.0080414937759336,0.0534075296169142,-0.0424832887949466,-0.0614490233928478,0.034441795019013,True,True,True,,12,0,11873
d=12 s=0,Random 50% #45,1714,-0.0006684003732017,0.0069464833923405,0.0430856360357233,-0.0076148837655422,-0.043754036408925,False,False,False,,12,0,11873
d=12 s=0,Random 50% #46,1714,-0.0127567411871579,0.0710471086110509,0.0574123152977507,-0.0838038497982089,-0.0701690564849086,False,False,False,,12,0,11873
d=12 s=0,Random 50% #47,1714,-0.0023071888899981,0.0535288552217513,0.0592483937860054,-0.0558360441117494,-0.0615555826760035,False,False,False,,12,0,11873
d=12 s=0,Random 50% #48,1714,0.0007707867678387,0.0800644704949458,0.0733128183227537,-0.079293683727107,-0.0725420315549149,False,False,False,,12,0,11873
d=12 s=0,Random 50% #49,1714,-0.0052585890287469,0.0494316683137672,0.0227683640071045,-0.0546902573425141,-0.0280269530358514,False,False,False,,12,0,11873
d=12 s=0,Random 50% #50,1714,-0.009935439192208,0.0299529175163853,-0.0398649458793816,-0.0398883567085933,0.0299295066871735,True,True,True,,12,0,11873
d=12 s=0,Random 30% #1,1028,0.0177032019704433,0.0369655944944374,0.035998538296635,-0.019262392523994,-0.0182953363261916,False,False,False,,12,0,11873
d=12 s=0,Random 30% #2,1028,-0.0188812287552644,0.0336136113537395,0.0296642635905421,-0.0524948401090039,-0.0485454923458066,False,False,False,,12,0,11873
d=12 s=0,Random 30% #3,1028,-0.0136963318843895,-0.015491271244313,0.0041672184043065,0.0017949393599235,-0.0178635502886961,True,True,True,,12,0,11873
d=12 s=0,Random 30% #4,1028,0.012612065619632,0.00030670965091,0.0377319883084158,0.0123053559687219,-0.0251199226887837,False,True,True,,12,0,11873
d=12 s=0,Random 30% #5,1028,0.012955140579904,0.0798610871661849,0.0549874887242028,-0.0669059465862809,-0.0420323481442987,False,False,False,,12,0,11873
d=12 s=0,Random 30% #6,1028,0.011061887501678,0.0458245899912254,0.0363127125597656,-0.0347627024895473,-0.0252508250580875,False,False,False,,12,0,11873
d=12 s=0,Random 30% #7,1028,-0.0019795447047178,0.0453442743069284,0.0800819199546861,-0.0473238190116463,-0.082061464659404,False,False,False,,12,0,11873
d=12 s=0,Random 30% #8,1028,-0.0013757582957458,0.0369849357759052,0.0619250922205028,-0.0383606940716511,-0.0633008505162487,False,False,False,,12,0,11873
d=12 s=0,Random 30% #9,1028,0.0167924069116573,0.0128898270572613,-0.0047261323277757,0.0039025798543959,0.0215185392394331,True,False,True,,12,0,11873
d=12 s=0,Random 30% #10,1028,0.0218614718614718,0.0139605889990273,0.0823604153281373,0.0079008828624445,-0.0604989434666655,False,True,True,,12,0,11873
d=12 s=0,Random 30% #11,1028,0.0036992125742528,0.0007914200700925,-0.0153170972672535,0.0029077925041602,0.0190163098415064,True,False,True,,12,0,11873
d=12 s=0,Random 30% #12,1028,-0.0176439165409753,0.0418913354814253,0.0201222284198601,-0.0595352520224007,-0.0377661449608355,False,False,False,,12,0,11873
d=12 s=0,Random 30% #13,1028,0.0061871080085679,0.0919906202902607,-0.0052896889470907,-0.0858035122816927,0.0114767969556586,True,True,True,,12,0,11873
d=12 s=0,Random 30% #14,1028,-0.0024039572835282,0.0286219720196739,0.0738044126375465,-0.0310259293032022,-0.0762083699210747,False,False,False,,12,0,11873
d=12 s=0,Random 30% #15,1028,-0.0014797507788162,0.0116672113916599,0.0140302808117531,-0.0131469621704761,-0.0155100315905693,False,False,False,,12,0,11873
d=12 s=0,Random 30% #16,1028,0.006823838043474,0.0333086074600812,0.0583965322535982,-0.0264847694166072,-0.0515726942101242,False,False,False,,12,0,11873
d=12 s=0,Random 30% #17,1028,0.0030261642698374,0.0620124911411574,0.0109758774873114,-0.0589863268713199,-0.007949713217474,False,False,False,,12,0,11873
d=12 s=0,Random 30% #18,1028,0.008237689744539,0.0795774510918694,0.0545310483465742,-0.0713397613473303,-0.0462933586020351,False,False,False,,12,0,11873
d=12 s=0,Random 30% #19,1028,0.0066883064376393,0.0074411583253776,0.0307399668061388,-0.0007528518877382,-0.0240516603684995,False,False,False,,12,0,11873
d=12 s=0,Random 30% #20,1028,-0.0099963316214233,0.0103403283706028,0.0191291249134621,-0.0203366599920262,-0.0291254565348854,False,False,False,,12,0,11873
d=12 s=0,Random 30% #21,1028,0.002277451699682,-0.0380413263085739,-0.0176408827924831,0.040318778008256,0.0199183344921652,False,False,False,,12,0,11873
d=12 s=0,Random 30% #22,1028,0.0271739130434782,0.0191935969982139,0.0458293848804581,0.0079803160452643,-0.0186554718369798,False,True,True,,12,0,11873
d=12 s=0,Random 30% #23,1028,0.0053719593676173,0.0572724726677103,0.0774106442399239,-0.0519005133000929,-0.0720386848723065,False,False,False,,12,0,11873
d=12 s=0,Random 30% #24,1028,0.0374355138753044,0.0325120883801634,0.0497669517108097,0.0049234254951409,-0.0123314378355052,False,True,True,,12,0,11873
d=12 s=0,Random 30% #25,1028,0.0207335170659317,0.023058507659646,-0.026970845161289,-0.0023249905937143,0.0477043622272207,True,True,True,,12,0,11873
d=12 s=0,Random 30% #26,1028,0.000322640117994,-0.0153509005814252,0.0068607297727959,0.0156735406994193,-0.0065380896548018,True,True,True,,12,0,11873
d=12 s=0,Random 30% #27,1028,-0.0133699862551543,0.027954731819213,0.020430645069466,-0.0413247180743673,-0.0338006313246204,False,False,False,,12,0,11873
d=12 s=0,Random 30% #28,1028,0.0048546691403834,0.0065130166394346,0.0471198653181268,-0.0016583474990512,-0.0422651961777434,False,False,False,,12,0,11873
d=12 s=0,Random 30% #29,1028,0.0132264436461088,0.0077214018549337,-0.0119182520604604,0.0055050417911751,0.0251446957065692,True,False,True,,12,0,11873
d=12 s=0,Random 30% #30,1028,0.0073191060456281,0.0243364965958976,-0.0013724134169156,-0.0170173905502695,0.0086915194625437,True,True,True,,12,0,11873
d=12 s=0,Random 30% #31,1028,0.0186572318838355,0.0552763854563655,0.0239201871934907,-0.03661915357253,-0.0052629553096552,False,False,False,,12,0,11873
d=12 s=0,Random 30% #32,1028,0.0146773132638857,0.0413536615721849,0.0443424004438217,-0.0266763483082991,-0.029665087179936,False,False,False,,12,0,11873
d=12 s=0,Random 30% #33,1028,0.0107989019115876,0.0011238554237467,0.0632988700942644,0.0096750464878408,-0.0524999681826768,False,True,True,,12,0,11873
d=12 s=0,Random 30% #34,1028,0.0036708111308466,0.0275956848303967,0.0489873387998719,-0.02392487369955,-0.0453165276690253,False,False,False,,12,0,11873
d=12 s=0,Random 30% #35,1028,-0.0021279853031231,0.0337147217386326,-0.0051979854332118,-0.0358427070417557,0.0030700001300887,True,True,True,,12,0,11873
d=12 s=0,Random 30% #36,1028,-0.0048226599270606,0.0543761287754844,0.0224263608738102,-0.0591987887025451,-0.0272490208008709,False,False,False,,12,0,11873
d=12 s=0,Random 30% #37,1028,-0.0037446257685728,0.0050308406667762,0.0415605245084154,-0.0087754664353491,-0.0453051502769882,False,False,False,,12,0,11873
d=12 s=0,Random 30% #38,1028,0.0108722741433021,0.0748918500638873,0.0221272052683256,-0.0640195759205851,-0.0112549311250234,False,False,False,,12,0,11873
d=12 s=0,Random 30% #39,1028,0.0380230468256006,0.0769542601607711,-0.0221463703102204,-0.0389312133351705,0.060169417135821,True,True,True,,12,0,11873
d=12 s=0,Random 30% #40,1028,-0.0156995008383602,0.0213864366927273,0.0315898935761616,-0.0370859375310876,-0.0472893944145219,False,False,False,,12,0,11873
d=12 s=0,Random 30% #41,1028,0.0003191021554961,0.0173195983250002,0.0074974857449239,-0.017000496169504,-0.0071783835894277,False,False,False,,12,0,11873
d=12 s=0,Random 30% #42,1028,0.0039796984507742,0.0086591145539118,-0.0013863440246382,-0.0046794161031375,0.0053660424754124,True,True,True,,12,0,11873
d=12 s=0,Random 30% #43,1028,0.0320665445665445,0.0521895353248596,0.0850311552179817,-0.0201229907583151,-0.0529646106514372,False,False,False,,12,0,11873
d=12 s=0,Random 30% #44,1028,0.014617494198646,-0.0282579570050185,0.0188837132069113,0.0428754512036645,-0.0042662190082653,True,True,True,,12,0,11873
d=12 s=0,Random 30% #45,1028,-0.010677190889205,-0.0513237736040368,0.0331597896092603,0.0406465827148317,-0.0438369804984654,True,True,True,,12,0,11873
d=12 s=0,Random 30% #46,1028,-0.0211341559464426,0.0365295194056,0.0039821584823379,-0.0576636753520426,-0.0251163144287805,False,False,False,,12,0,11873
d=12 s=0,Random 30% #47,1028,0.0021068472535741,-0.0125166469163834,0.0847728186527926,0.0146234941699576,-0.0826659713992185,True,True,True,,12,0,11873
d=12 s=0,Random 30% #48,1028,0.0099373113536103,0.082440254291171,0.0329510368667096,-0.0725029429375606,-0.0230137255130992,False,False,False,,12,0,11873
d=12 s=0,Random 30% #49,1028,-0.0033935788911766,0.0222051265623696,0.0319131335866225,-0.0255987054535463,-0.0353067124777992,False,False,False,,12,0,11873
d=12 s=0,Random 30% #50,1028,-0.0149638584774062,0.0636239512421069,-0.0045541848663205,-0.0785878097195131,-0.0104096736110857,True,False,True,,12,0,11873
d=12 s=1,All Patients,3429,0.0078818040435458,0.0564966385585083,0.048441180867561,-0.0486148345149624,-0.0405593768240151,False,False,False,,12,1,11873
d=12 s=1,ICUType 1.0,490,0.0294939989088925,0.0880449196201721,0.0226876073306283,-0.0585509207112795,0.0068063915782641,False,True,True,,12,1,11873
d=12 s=1,ICUType 2.0,643,-0.000975689080413,0.016510801595105,-0.00947731930024,-0.0174864906755181,0.008501630219827,True,True,True,,12,1,11873
d=12 s=1,ICUType 3.0,1357,-0.0217764843549488,0.0113344613652458,-0.0364257475482691,-0.0331109457201947,0.0146492631933203,True,True,True,,12,1,11873
d=12 s=1,ICUType 4.0,939,0.0202084035501629,0.0567147439001738,0.0317303101085298,-0.0365063403500109,-0.0115219065583669,False,False,False,,12,1,11873
d=12 s=1,Age decile 0,374,0.046026807780653,0.0303735181037412,-0.027778209709151,0.0156532896769118,0.0738050174898041,True,False,True,,12,1,11873
d=12 s=1,Age decile 1,344,0.0273634472301562,0.0568411027216201,0.0210902565870615,-0.0294776554914639,0.0062731906430946,False,True,True,,12,1,11873
d=12 s=1,Age decile 2,347,0.0042864169770219,-0.0126350424614481,-0.0316511485081922,0.0169214594384701,0.0359375654852142,False,False,False,,12,1,11873
d=12 s=1,Age decile 3,325,0.0096292729898892,0.0681548493591129,-0.0484009318848459,-0.0585255763692236,0.0580302048747351,True,True,True,,12,1,11873
d=12 s=1,Age decile 4,372,-0.0152359717577108,0.0380556372973504,0.0130428224069328,-0.0532916090550613,-0.0282787941646437,False,False,False,,12,1,11873
d=12 s=1,Age decile 5,344,-0.0250497851378262,0.0022712246543887,-0.0445435392596519,-0.0273210097922149,0.0194937541218257,True,True,True,,12,1,11873
d=12 s=1,Age decile 6,397,-0.0004719207173194,0.0435440875346729,0.021459980165972,-0.0440160082519923,-0.0219319008832915,False,False,False,,12,1,11873
d=12 s=1,Age decile 7,247,0.0173747705218987,0.0548431136769974,0.027313228013133,-0.0374683431550986,-0.0099384574912342,False,False,False,,12,1,11873
d=12 s=1,Age decile 8,354,-0.0216450216450216,-0.00695006779897,-0.0417600703066184,-0.0146949538460515,0.0201150486615968,False,True,True,,12,1,11873
d=12 s=1,Age decile 9,325,-0.0771864301276066,-0.0148650428592224,0.044820639612296,-0.0623213872683841,-0.1220070697399026,True,False,True,,12,1,11873
d=12 s=1,HR quartile 0,877,0.0371049136786188,0.1177816007360774,-0.0285491593122659,-0.0806766870574585,0.0656540729908848,True,True,True,,12,1,11873
d=12 s=1,HR quartile 1,917,-0.0169849537037037,-0.0040298414175359,0.0088155742905362,-0.0129551122861677,-0.02580052799424,True,False,True,,12,1,11873
d=12 s=1,HR quartile 2,816,0.034861311019492,0.0463559679182351,0.0362133636569478,-0.011494656898743,-0.0013520526374557,False,False,False,,12,1,11873
d=12 s=1,HR quartile 3,819,-0.0232600311906863,0.041951488317596,-0.0169550425970269,-0.0652115195082823,-0.0063049885936593,True,False,True,,12,1,11873
d=12 s=1,MAP quartile 0,877,-0.0141240285818599,-0.0106222773854595,-0.0012649620475427,-0.0035017511964003,-0.0128590665343171,False,False,False,,12,1,11873
d=12 s=1,MAP quartile 1,840,0.02392179413456,0.029848610310631,0.0050872183879396,-0.0059268161760709,0.0188345757466204,False,True,True,,12,1,11873
d=12 s=1,MAP quartile 2,866,0.0104058609958506,0.0611417551554897,-0.0093469432052876,-0.050735894159639,0.0197528042011382,True,True,True,,12,1,11873
d=12 s=1,MAP quartile 3,846,0.0090927756430939,0.0548304139166586,-0.0150395775056079,-0.0457376382735647,0.0241323531487018,True,True,True,,12,1,11873
d=12 s=1,Temp quartile 0,902,0.0068727157158747,0.0535881150496269,0.1131995628631859,-0.0467153993337521,-0.1063268471473111,False,False,False,,12,1,11873
d=12 s=1,Temp quartile 1,864,0.0305627470437901,0.0684378652532186,0.0771144976274731,-0.0378751182094284,-0.0465517505836829,False,False,False,,12,1,11873
d=12 s=1,Temp quartile 2,838,-0.0036346905912123,0.0419580760052299,0.0275714195886873,-0.0455927665964423,-0.0312061101798996,False,False,False,,12,1,11873
d=12 s=1,Temp quartile 3,825,-0.0023612750885478,0.050001675198682,-0.0236984113495601,-0.0523629502872298,0.0213371362610123,True,True,True,,12,1,11873
d=12 s=1,Urine quartile 0,859,-0.0313289760348584,0.0020330071229174,0.1017834317129261,-0.0333619831577758,-0.1331124077477845,False,False,False,,12,1,11873
d=12 s=1,Urine quartile 1,913,-0.0210526315789473,0.0078699756903198,-0.0258974680028932,-0.0289226072692671,0.0048448364239459,True,True,True,,12,1,11873
d=12 s=1,Urine quartile 2,802,0.0149901230333403,0.0440989323150534,0.0102394113946412,-0.0291088092817131,0.004750711638699,False,True,True,,12,1,11873
d=12 s=1,Urine quartile 3,855,0.0601118199903958,0.0132373934464069,-0.0071141154731925,0.0468744265439888,0.0672259354635883,True,False,True,,12,1,11873
d=12 s=1,SAPS quartile 0,1025,0.0026756349262149,0.0277486492080873,0.0040523840559331,-0.0250730142818723,-0.0013767491297182,False,False,False,,12,1,11873
d=12 s=1,SAPS quartile 1,946,0.0452124666297511,-0.0008129376864394,-0.016308921349928,0.0460254043161906,0.0615213879796791,False,False,False,,12,1,11873
d=12 s=1,SAPS quartile 2,660,0.0015384615384615,0.0608097183053722,0.0986185305480205,-0.0592712567669106,-0.097080069009559,False,False,False,,12,1,11873
d=12 s=1,SAPS quartile 3,798,-0.0389986891196934,0.0605458846560225,0.1386710559316499,-0.0995445737757159,-0.1776697450513433,False,False,False,,12,1,11873
d=12 s=1,HR > 100,945,-0.0351262896411669,0.05128056903696,0.0629299407919706,-0.086406858678127,-0.0980562304331376,False,False,False,,12,1,11873
d=12 s=1,MAP < 65,697,-0.0279136809159047,0.026873598557532,0.0009946567992873,-0.0547872794734368,-0.0289083377151921,False,False,False,,12,1,11873
d=12 s=1,Temp > 38C,267,-0.0430204913392958,0.0711354925115872,0.0283708446368473,-0.114155983850883,-0.0713913359761431,False,False,False,,12,1,11873
d=12 s=1,Urine > 1000,210,0.0458952811893988,0.0753948399810191,-0.0239295333448631,-0.0294995587916203,0.0698248145342619,True,True,True,,12,1,11873
d=12 s=1,Random 50% #1,1714,0.0148182289884191,-0.0004741286521704,0.0701348493527616,0.0152923576405896,-0.0553166203643424,True,True,True,,12,1,11873
d=12 s=1,Random 50% #2,1714,0.0038708396744524,0.0265773274574207,0.0400518762006056,-0.0227064877829683,-0.0361810365261531,False,False,False,,12,1,11873
d=12 s=1,Random 50% #3,1714,0.0221853388658367,0.0268959625902991,0.0152131860927988,-0.0047106237244623,0.0069721527730379,False,True,True,,12,1,11873
d=12 s=1,Random 50% #4,1714,0.0209444740819774,0.0834160534133334,0.0133918682749146,-0.062471579331356,0.0075526058070627,False,True,True,,12,1,11873
d=12 s=1,Random 50% #5,1714,0.025145147627017,0.0244276547178134,0.0394651474823348,0.0007174929092035,-0.0143199998553177,False,True,True,,12,1,11873
d=12 s=1,Random 50% #6,1714,-0.0032358828377694,0.0042324218878862,0.0320217781913875,-0.0074683047256557,-0.035257661029157,False,False,False,,12,1,11873
d=12 s=1,Random 50% #7,1714,0.0203886964648963,0.0436611374904062,-0.0103518535873455,-0.0232724410255098,0.0307405500522419,True,True,True,,12,1,11873
d=12 s=1,Random 50% #8,1714,-0.0080211409064465,0.0459423968277691,0.1139161722243337,-0.0539635377342156,-0.1219373131307803,False,False,False,,12,1,11873
d=12 s=1,Random 50% #9,1714,-0.0018808498325041,0.0422566566749245,-0.0191517673645824,-0.0441375065074287,0.0172709175320782,True,True,True,,12,1,11873
d=12 s=1,Random 50% #10,1714,0.0032849222618878,0.0300009350697803,0.0051311581106638,-0.0267160128078924,-0.001846235848776,False,False,False,,12,1,11873
d=12 s=1,Random 50% #11,1714,0.0064028840624585,0.0420966661685415,-0.0070491156833918,-0.035693782106083,0.0134519997458504,True,True,True,,12,1,11873
d=12 s=1,Random 50% #12,1714,-0.0033234372422892,0.0294160808953617,0.0239374543894821,-0.032739518137651,-0.0272608916317714,False,False,False,,12,1,11873
d=12 s=1,Random 50% #13,1714,0.0032517955657333,0.0477082236223658,0.0264208028409081,-0.0444564280566325,-0.0231690072751748,False,False,False,,12,1,11873
d=12 s=1,Random 50% #14,1714,0.0062157191184681,0.0380674875136599,0.0843234023341246,-0.0318517683951918,-0.0781076832156565,False,False,False,,12,1,11873
d=12 s=1,Random 50% #15,1714,0.0026854501430772,0.0889134442098095,0.0952745148594429,-0.0862279940667322,-0.0925890647163657,False,False,False,,12,1,11873
d=12 s=1,Random 50% #16,1714,0.0188052608311229,0.0583415258325152,0.0388631348772489,-0.0395362650013922,-0.020057874046126,False,False,False,,12,1,11873
d=12 s=1,Random 50% #17,1714,0.0073507410721795,0.0132282683077218,0.002690496580235,-0.0058775272355422,0.0046602444919444,False,True,True,,12,1,11873
d=12 s=1,Random 50% #18,1714,0.0251803786741562,-0.0028335382603742,0.0699552698438062,0.0280139169345304,-0.04477489116965,True,True,True,,12,1,11873
d=12 s=1,Random 50% #19,1714,0.0087463233253787,-0.0255811312142421,0.0681515856590797,0.0343274545396209,-0.0594052623337009,True,True,True,,12,1,11873
d=12 s=1,Random 50% #20,1714,0.0239488541873964,0.0255193436252604,0.0883542663117229,-0.001570489437864,-0.0644054121243265,False,False,False,,12,1,11873
d=12 s=1,Random 50% #21,1714,0.0016605879752431,0.0337627683831225,0.0995603450625808,-0.0321021804078793,-0.0978997570873376,False,False,False,,12,1,11873
d=12 s=1,Random 50% #22,1714,0.0178287222426975,0.0171183888732966,-0.0100618676295709,0.0007103333694008,0.0278905898722684,True,False,True,,12,1,11873
d=12 s=1,Random 50% #23,1714,-0.0051929851771431,-0.0019730667515981,0.0091926104313797,-0.003219918425545,-0.0143855956085228,True,False,True,,12,1,11873
d=12 s=1,Random 50% #24,1714,0.0201698382197979,0.0123045151487674,0.0444104462392852,0.0078653230710305,-0.0242406080194872,False,True,True,,12,1,11873
d=12 s=1,Random 50% #25,1714,0.0024135223603308,-0.0245179422245837,0.0225053826381674,0.0269314645849145,-0.0200918602778366,True,True,True,,12,1,11873
d=12 s=1,Random 50% #26,1714,-0.0063986093578627,-0.0285881402386763,0.053561737576592,0.0221895308808136,-0.0599603469344547,True,True,True,,12,1,11873
d=12 s=1,Random 50% #27,1714,-0.0048317683881064,0.1011476043068859,-0.0409700105317973,-0.1059793726949923,0.0361382421436909,True,True,True,,12,1,11873
d=12 s=1,Random 50% #28,1714,0.0098094573797898,0.0290313102516032,0.0367203410367582,-0.0192218528718133,-0.0269108836569683,False,False,False,,12,1,11873
d=12 s=1,Random 50% #29,1714,0.0125552608311229,0.0595740180867991,0.0114147701244469,-0.0470187572556762,0.0011404907066759,False,True,True,,12,1,11873
d=12 s=1,Random 50% #30,1714,0.0022139615866539,0.058391714215278,0.012714814323246,-0.056177752628624,-0.0105008527365921,False,False,False,,12,1,11873
d=12 s=1,Random 50% #31,1714,0.0081502190717898,0.0243024880465165,0.1230300177394149,-0.0161522689747266,-0.1148797986676251,False,False,False,,12,1,11873
d=12 s=1,Random 50% #32,1714,-0.0092920029904661,0.0474156780500481,0.0356488024725662,-0.0567076810405143,-0.0449408054630324,False,False,False,,12,1,11873
d=12 s=1,Random 50% #33,1714,-0.002514181228832,0.0042596086792601,0.0872479229719003,-0.0067737899080921,-0.0897621042007323,False,False,False,,12,1,11873
d=12 s=1,Random 50% #34,1714,0.0070180513371488,-0.0319851256886341,-0.0324709033548381,0.0390031770257829,0.0394889546919869,False,False,False,,12,1,11873
d=12 s=1,Random 50% #35,1714,0.0093248828878478,0.009257940926146,0.028995028803726,6.69419617018302e-05,-0.0196701459158782,False,True,True,,12,1,11873
d=12 s=1,Random 50% #36,1714,0.016912667846362,-0.0331665609508884,0.035935415079197,0.0500792287972504,-0.019022747232835,True,True,True,,12,1,11873
d=12 s=1,Random 50% #37,1714,0.0036653828805384,0.0468532544622963,0.0093467323224578,-0.0431878715817578,-0.0056813494419193,False,False,False,,12,1,11873
d=12 s=1,Random 50% #38,1714,0.0021576191788371,0.0227337718526444,-0.0060396048964263,-0.0205761526738073,0.0081972240752635,True,True,True,,12,1,11873
d=12 s=1,Random 50% #39,1714,0.0170086158804934,0.0432852081668153,0.0302680619702248,-0.0262765922863218,-0.0132594460897314,False,False,False,,12,1,11873
d=12 s=1,Random 50% #40,1714,0.018520937100027,-0.0031820288524615,0.0199429297925496,0.0217029659524886,-0.0014219926925226,True,True,True,,12,1,11873
d=12 s=1,Random 50% #41,1714,0.0027199322354597,0.0235830281448357,-0.0143448006896708,-0.020863095909376,0.0170647329251305,True,True,True,,12,1,11873
d=12 s=1,Random 50% #42,1714,0.0178900300253214,0.0247345873537858,0.0117438064140803,-0.0068445573284644,0.006146223611241,False,True,True,,12,1,11873
d=12 s=1,Random 50% #43,1714,0.0169958506224066,-0.0205804864167519,0.0398520823530048,0.0375763370391585,-0.0228562317305981,True,True,True,,12,1,11873
d=12 s=1,Random 50% #44,1714,-0.0080414937759336,-0.0004709878679768,0.0312509544442889,-0.0075705059079567,-0.0392924482202225,True,False,True,,12,1,11873
d=12 s=1,Random 50% #45,1714,-0.0006684003732017,0.0351086843258838,-0.0321612491770434,-0.0357770846990855,0.0314928488038417,True,True,True,,12,1,11873
d=12 s=1,Random 50% #46,1714,-0.0127567411871579,-0.0003110761461193,-0.006073524181919,-0.0124456650410386,-0.0066832170052389,False,False,False,,12,1,11873
d=12 s=1,Random 50% #47,1714,-0.0023071888899981,0.0436185848248117,0.0555323241070611,-0.0459257737148098,-0.0578395129970593,False,False,False,,12,1,11873
d=12 s=1,Random 50% #48,1714,0.0007707867678387,0.0362606616071662,0.0483071815494164,-0.0354898748393275,-0.0475363947815776,False,False,False,,12,1,11873
d=12 s=1,Random 50% #49,1714,-0.0052585890287469,0.0336260365681806,0.0018068695553947,-0.0388846255969275,-0.0070654585841417,False,False,False,,12,1,11873
d=12 s=1,Random 50% #50,1714,-0.009935439192208,-0.0185628638376822,0.0122930298566323,0.0086274246454742,-0.0222284690488404,True,True,True,,12,1,11873
d=12 s=1,Random 30% #1,1028,0.0177032019704433,0.0387956160789731,0.0162680709125218,-0.0210924141085298,0.0014351310579214,False,True,True,,12,1,11873
d=12 s=1,Random 30% #2,1028,-0.0188812287552644,0.0050609404104132,-0.0002203662987229,-0.0239421691656776,-0.0186608624565415,True,False,True,,12,1,11873
d=12 s=1,Random 30% #3,1028,-0.0136963318843895,0.056174253355303,-0.0357557930114744,-0.0698705852396926,0.0220594611270848,True,True,True,,12,1,11873
d=12 s=1,Random 30% #4,1028,0.012612065619632,0.0674875985253619,0.0300934594153063,-0.0548755329057299,-0.0174813937956743,False,False,False,,12,1,11873
d=12 s=1,Random 30% #5,1028,0.012955140579904,0.0156119179911516,0.0532652889365292,-0.0026567774112476,-0.0403101483566251,False,False,False,,12,1,11873
d=12 s=1,Random 30% #6,1028,0.011061887501678,0.0378740775188916,-0.0190128610675005,-0.0268121900172135,0.0300747485691786,True,True,True,,12,1,11873
d=12 s=1,Random 30% #7,1028,-0.0019795447047178,0.0338116530113882,0.0331676489337705,-0.0357911977161061,-0.0351471936384884,False,False,False,,12,1,11873
d=12 s=1,Random 30% #8,1028,-0.0013757582957458,-0.0137729701588665,0.1768222834809959,0.0123972118631206,-0.1781980417767417,True,True,True,,12,1,11873
d=12 s=1,Random 30% #9,1028,0.0167924069116573,0.0562391948783254,0.0117138235723992,-0.0394467879666681,0.005078583339258,False,True,True,,12,1,11873
d=12 s=1,Random 30% #10,1028,0.0218614718614718,0.032927725585724,-0.0186966803539286,-0.0110662537242521,0.0405581522154005,True,True,True,,12,1,11873
d=12 s=1,Random 30% #11,1028,0.0036992125742528,0.0613852568440611,0.0273117012707325,-0.0576860442698083,-0.0236124886964796,False,False,False,,12,1,11873
d=12 s=1,Random 30% #12,1028,-0.0176439165409753,0.0564534155333697,0.0073769819711125,-0.0740973320743451,-0.0250208985120878,False,False,False,,12,1,11873
d=12 s=1,Random 30% #13,1028,0.0061871080085679,0.016324295888443,0.0520062129728866,-0.010137187879875,-0.0458191049643186,False,False,False,,12,1,11873
d=12 s=1,Random 30% #14,1028,-0.0024039572835282,0.044506346669572,0.0285606453611132,-0.0469103039531003,-0.0309646026446415,False,False,False,,12,1,11873
d=12 s=1,Random 30% #15,1028,-0.0014797507788162,0.0388831071394022,0.0446514250729183,-0.0403628579182184,-0.0461311758517345,False,False,False,,12,1,11873
d=12 s=1,Random 30% #16,1028,0.006823838043474,0.021761957951737,0.0112920490737726,-0.0149381199082629,-0.0044682110302986,False,False,False,,12,1,11873
d=12 s=1,Random 30% #17,1028,0.0030261642698374,0.0436674420792272,-0.0192869183858044,-0.0406412778093897,0.0223130826556419,True,True,True,,12,1,11873
d=12 s=1,Random 30% #18,1028,0.008237689744539,0.0652486655937536,0.033205708776911,-0.0570109758492146,-0.024968019032372,False,False,False,,12,1,11873
d=12 s=1,Random 30% #19,1028,0.0066883064376393,0.0473103228727614,-0.0299230922916916,-0.040622016435122,0.0366113987293309,True,True,True,,12,1,11873
d=12 s=1,Random 30% #20,1028,-0.0099963316214233,0.0474818496493883,-0.0233415967759412,-0.0574781812708116,0.0133452651545179,True,True,True,,12,1,11873
d=12 s=1,Random 30% #21,1028,0.002277451699682,0.0775230292784227,-0.014232831107904,-0.0752455775787406,0.0165102828075861,True,True,True,,12,1,11873
d=12 s=1,Random 30% #22,1028,0.0271739130434782,0.0309312593238816,0.0084019758828963,-0.0037573462804033,0.0187719371605818,False,True,True,,12,1,11873
d=12 s=1,Random 30% #23,1028,0.0053719593676173,0.0745931200658243,-0.0247535400475958,-0.0692211606982069,0.0301254994152132,True,True,True,,12,1,11873
d=12 s=1,Random 30% #24,1028,0.0374355138753044,0.0643684934091997,-0.0263485264683031,-0.0269329795338953,0.0637840403436076,True,True,True,,12,1,11873
d=12 s=1,Random 30% #25,1028,0.0207335170659317,0.0799298930466003,0.0027513854431945,-0.0591963759806685,0.0179821316227372,False,True,True,,12,1,11873
d=12 s=1,Random 30% #26,1028,0.000322640117994,0.0018528685016568,0.0424942617466053,-0.0015302283836627,-0.0421716216286112,False,False,False,,12,1,11873
d=12 s=1,Random 30% #27,1028,-0.0133699862551543,0.0090441368079332,-0.0303099018469413,-0.0224141230630875,0.016939915591787,True,True,True,,12,1,11873
d=12 s=1,Random 30% #28,1028,0.0048546691403834,0.0590673058012624,0.1577605298234305,-0.054212636660879,-0.1529058606830471,False,False,False,,12,1,11873
d=12 s=1,Random 30% #29,1028,0.0132264436461088,0.062600253186362,-0.0120427469576724,-0.0493738095402531,0.0252691906037813,True,True,True,,12,1,11873
d=12 s=1,Random 30% #30,1028,0.0073191060456281,-0.0521365045139284,0.045952982847,0.0594556105595565,-0.0386338768013719,True,True,True,,12,1,11873
d=12 s=1,Random 30% #31,1028,0.0186572318838355,0.0743939123316365,0.0302351090255467,-0.055736680447801,-0.0115778771417112,False,False,False,,12,1,11873
d=12 s=1,Random 30% #32,1028,0.0146773132638857,0.0727882383352848,0.0284513478487664,-0.058110925071399,-0.0137740345848806,False,False,False,,12,1,11873
d=12 s=1,Random 30% #33,1028,0.0107989019115876,0.0863769343180117,-0.0429524914225545,-0.0755780324064241,0.0537513933341421,True,True,True,,12,1,11873
d=12 s=1,Random 30% #34,1028,0.0036708111308466,0.0921745155291546,-0.0329750138466849,-0.0885037043983079,0.0366458249775316,True,True,True,,12,1,11873
d=12 s=1,Random 30% #35,1028,-0.0021279853031231,-0.0618033725824297,0.0021384970717079,0.0596753872793066,-0.004266482374831,True,True,True,,12,1,11873
d=12 s=1,Random 30% #36,1028,-0.0048226599270606,0.0428271487916516,0.0604226319031563,-0.0476498087187123,-0.0652452918302169,False,False,False,,12,1,11873
d=12 s=1,Random 30% #37,1028,-0.0037446257685728,0.0718789448041238,0.1041964861329073,-0.0756235705726967,-0.1079411119014802,False,False,False,,12,1,11873
d=12 s=1,Random 30% #38,1028,0.0108722741433021,0.0521616637114845,-0.0625033034132208,-0.0412893895681823,0.0733755775565229,True,True,True,,12,1,11873
d=12 s=1,Random 30% #39,1028,0.0380230468256006,0.0363765807942598,0.1183587598475874,0.0016464660313408,-0.0803357130219868,False,True,True,,12,1,11873
d=12 s=1,Random 30% #40,1028,-0.0156995008383602,0.0769252122841586,-0.0319048056187457,-0.0926247131225189,0.0162053047803855,True,True,True,,12,1,11873
d=12 s=1,Random 30% #41,1028,0.0003191021554961,0.0272055370984864,0.006216837477717,-0.0268864349429903,-0.0058977353222209,False,False,False,,12,1,11873
d=12 s=1,Random 30% #42,1028,0.0039796984507742,-0.0181989932813393,0.0309719311407528,0.0221786917321135,-0.0269922326899786,True,True,True,,12,1,11873
d=12 s=1,Random 30% #43,1028,0.0320665445665445,0.0326337508022948,0.0273604938601768,-0.0005672062357503,0.0047060507063676,False,True,True,,12,1,11873
d=12 s=1,Random 30% #44,1028,0.014617494198646,0.0094752071763058,0.0607689694910464,0.0051422870223401,-0.0461514752924004,False,True,True,,12,1,11873
d=12 s=1,Random 30% #45,1028,-0.010677190889205,0.026397215121255,0.1101280632078977,-0.03707440601046,-0.1208052540971027,False,False,False,,12,1,11873
d=12 s=1,Random 30% #46,1028,-0.0211341559464426,0.034071095506447,-0.0151470482112261,-0.0552052514528896,-0.0059871077352164,True,False,True,,12,1,11873
d=12 s=1,Random 30% #47,1028,0.0021068472535741,0.0954171289602299,-0.0245195285271316,-0.0933102817066558,0.0266263757807057,True,True,True,,12,1,11873
d=12 s=1,Random 30% #48,1028,0.0099373113536103,0.054754638174549,0.073382066611288,-0.0448173268209386,-0.0634447552576776,False,False,False,,12,1,11873
d=12 s=1,Random 30% #49,1028,-0.0033935788911766,0.0319033365692692,0.1035192330376869,-0.0352969154604459,-0.1069128119288636,False,False,False,,12,1,11873
d=12 s=1,Random 30% #50,1028,-0.0149638584774062,0.0192648558507396,0.0858591527650281,-0.0342287143281459,-0.1008230112424344,False,False,False,,12,1,11873
d=12 s=2,All Patients,3429,0.0078818040435458,-0.0040077138790109,0.0382765821827908,0.0118895179225568,-0.0303947781392449,True,True,True,,12,2,11873
d=12 s=2,ICUType 1.0,490,0.0294939989088925,0.086830220313474,-0.0153167064979445,-0.0573362214045815,0.044810705406837,True,True,True,,12,2,11873
d=12 s=2,ICUType 2.0,643,-0.000975689080413,0.0242234302352499,-0.0052914705084813,-0.025199119315663,0.0043157814280683,True,True,True,,12,2,11873
d=12 s=2,ICUType 3.0,1357,-0.0217764843549488,-0.0008194864468926,-0.0172543563610582,-0.0209569979080562,-0.0045221279938905,False,False,False,,12,2,11873
d=12 s=2,ICUType 4.0,939,0.0202084035501629,0.0387746004977279,-0.0409356337505664,-0.018566196947565,0.0611440373007293,True,True,True,,12,2,11873
d=12 s=2,Age decile 0,374,0.046026807780653,0.0339779963592132,-0.0091497664671959,0.0120488114214398,0.055176574247849,True,False,True,,12,2,11873
d=12 s=2,Age decile 1,344,0.0273634472301562,0.0332809423290394,-0.0463373241521462,-0.0059174950988831,0.0737007713823024,True,True,True,,12,2,11873
d=12 s=2,Age decile 2,347,0.0042864169770219,0.013358802760137,0.0840134523029664,-0.009072385783115,-0.0797270353259444,False,False,False,,12,2,11873
d=12 s=2,Age decile 3,325,0.0096292729898892,0.0380324810609415,-0.0534918529247211,-0.0284032080710523,0.0631211259146104,True,True,True,,12,2,11873
d=12 s=2,Age decile 4,372,-0.0152359717577108,0.0613923714093521,-0.0375006075808971,-0.076628343167063,0.0222646358231862,True,True,True,,12,2,11873
d=12 s=2,Age decile 5,344,-0.0250497851378262,-0.0282622602448791,0.0347203380441976,0.0032124751070528,-0.0597701231820239,True,True,True,,12,2,11873
d=12 s=2,Age decile 6,397,-0.0004719207173194,0.0543089706566448,-0.0359517971340872,-0.0547808913739643,0.0354798764167677,True,True,True,,12,2,11873
d=12 s=2,Age decile 7,247,0.0173747705218987,0.012271680064895,-0.0033221233137299,0.0051030904570037,0.0206968938356287,True,False,True,,12,2,11873
d=12 s=2,Age decile 8,354,-0.0216450216450216,0.0410039370168491,-0.0928753460120023,-0.0626489586618708,0.0712303243669806,True,True,True,,12,2,11873
d=12 s=2,Age decile 9,325,-0.0771864301276066,0.0331060862200466,0.0004959843297507,-0.1102925163476532,-0.0776824144573573,False,False,False,,12,2,11873
d=12 s=2,HR quartile 0,877,0.0371049136786188,0.0576521808366496,0.0164214915030404,-0.0205472671580307,0.0206834221755783,False,True,True,,12,2,11873
d=12 s=2,HR quartile 1,917,-0.0169849537037037,0.0121873264150075,0.0516901517119244,-0.0291722801187112,-0.0686751054156281,False,False,False,,12,2,11873
d=12 s=2,HR quartile 2,816,0.034861311019492,0.0585877289495522,-0.0231400501775435,-0.0237264179300601,0.0580013611970355,True,True,True,,12,2,11873
d=12 s=2,HR quartile 3,819,-0.0232600311906863,-0.014971500072234,-0.0106313870170049,-0.0082885311184522,-0.0126286441736813,False,False,False,,12,2,11873
d=12 s=2,MAP quartile 0,877,-0.0141240285818599,0.0546269999860114,0.0535820921864654,-0.0687510285678713,-0.0677061207683253,False,False,False,,12,2,11873
d=12 s=2,MAP quartile 1,840,0.02392179413456,0.0491134572863023,-0.0062992356231975,-0.0251916631517422,0.0302210297577576,True,True,True,,12,2,11873
d=12 s=2,MAP quartile 2,866,0.0104058609958506,0.0222578938114154,-0.0286591361761862,-0.0118520328155648,0.0390649971720368,True,True,True,,12,2,11873
d=12 s=2,MAP quartile 3,846,0.0090927756430939,0.0608042051571347,-0.0026151442945357,-0.0517114295140408,0.0117079199376296,True,True,True,,12,2,11873
d=12 s=2,Temp quartile 0,902,0.0068727157158747,0.0554347904347126,-0.0224063813296082,-0.0485620747188378,0.029279097045483,True,True,True,,12,2,11873
d=12 s=2,Temp quartile 1,864,0.0305627470437901,-0.2990481636088622,-0.03348905325348,0.3296109106526523,0.0640518002972702,False,False,False,,12,2,11873
d=12 s=2,Temp quartile 2,838,-0.0036346905912123,0.0434694540229757,0.0018664567647886,-0.047104144614188,-0.005501147356001,False,False,False,,12,2,11873
d=12 s=2,Temp quartile 3,825,-0.0023612750885478,0.0401273726561019,-0.0121299776173358,-0.0424886477446497,0.009768702528788,True,True,True,,12,2,11873
d=12 s=2,Urine quartile 0,859,-0.0313289760348584,0.0553199710827225,-0.0302280537047689,-0.0866489471175809,-0.0011009223300894,True,False,True,,12,2,11873
d=12 s=2,Urine quartile 1,913,-0.0210526315789473,0.0189124249893243,-0.0763607525709305,-0.0399650565682717,0.0553081209919832,True,True,True,,12,2,11873
d=12 s=2,Urine quartile 2,802,0.0149901230333403,0.0381215413403601,-0.0206375841848501,-0.0231314183070198,0.0356277072181904,True,True,True,,12,2,11873
d=12 s=2,Urine quartile 3,855,0.0601118199903958,0.0524409727036922,0.020506223325201,0.0076708472867035,0.0396055966651948,False,False,False,,12,2,11873
d=12 s=2,SAPS quartile 0,1025,0.0026756349262149,0.0109848463525089,-0.0154166362950865,-0.0083092114262939,0.0180922712213015,True,True,True,,12,2,11873
d=12 s=2,SAPS quartile 1,946,0.0452124666297511,0.0473937432692121,-0.0239945556291106,-0.0021812766394609,0.0692070222588618,True,True,True,,12,2,11873
d=12 s=2,SAPS quartile 2,660,0.0015384615384615,0.0019654011003852,-0.0121566404155438,-0.0004269395619237,0.0136951019540053,True,True,True,,12,2,11873
d=12 s=2,SAPS quartile 3,798,-0.0389986891196934,0.0210029174633382,0.0133930856030848,-0.0600016065830317,-0.0523917747227782,False,False,False,,12,2,11873
d=12 s=2,HR > 100,945,-0.0351262896411669,0.0140718639288694,-0.0646414976937228,-0.0491981535700364,0.0295152080525558,True,True,True,,12,2,11873
d=12 s=2,MAP < 65,697,-0.0279136809159047,0.027027719673717,0.0530894178936266,-0.0549414005896218,-0.0810030988095314,False,False,False,,12,2,11873
d=12 s=2,Temp > 38C,267,-0.0430204913392958,0.0401232515141354,0.0810288632386067,-0.0831437428534312,-0.1240493545779025,False,False,False,,12,2,11873
d=12 s=2,Urine > 1000,210,0.0458952811893988,0.0791780417116098,-0.0419191415230643,-0.033282760522211,0.0878144227124632,True,True,True,,12,2,11873
d=12 s=2,Random 50% #1,1714,0.0148182289884191,0.0229614277608663,0.0027628968035461,-0.0081431987724471,0.012055332184873,False,True,True,,12,2,11873
d=12 s=2,Random 50% #2,1714,0.0038708396744524,-0.0071886064021119,0.0489851404143524,0.0110594460765644,-0.0451143007399,True,True,True,,12,2,11873
d=12 s=2,Random 50% #3,1714,0.0221853388658367,0.0116324845641841,0.0315896164846272,0.0105528543016526,-0.0094042776187904,False,True,True,,12,2,11873
d=12 s=2,Random 50% #4,1714,0.0209444740819774,0.0567487570578655,0.0013939176262198,-0.0358042829758881,0.0195505564557575,False,True,True,,12,2,11873
d=12 s=2,Random 50% #5,1714,0.025145147627017,-0.0086170958403366,-0.0162625348915656,0.0337622434673537,0.0414076825185827,False,False,False,,12,2,11873
d=12 s=2,Random 50% #6,1714,-0.0032358828377694,0.006517170696182,0.1211974001611362,-0.0097530535339515,-0.1244332829989057,False,False,False,,12,2,11873
d=12 s=2,Random 50% #7,1714,0.0203886964648963,0.0555590734627339,0.0781652905212243,-0.0351703769978376,-0.057776594056328,False,False,False,,12,2,11873
d=12 s=2,Random 50% #8,1714,-0.0080211409064465,0.0546321555052273,0.0088903472835883,-0.0626532964116739,-0.0169114881900348,False,False,False,,12,2,11873
d=12 s=2,Random 50% #9,1714,-0.0018808498325041,-0.0412256778751917,0.0343599756019593,0.0393448280426875,-0.0362408254344635,True,True,True,,12,2,11873
d=12 s=2,Random 50% #10,1714,0.0032849222618878,0.0573788094343095,-0.0194418953330338,-0.0540938871724217,0.0227268175949216,True,True,True,,12,2,11873
d=12 s=2,Random 50% #11,1714,0.0064028840624585,0.0512334109229043,0.0549175201676832,-0.0448305268604458,-0.0485146361052247,False,False,False,,12,2,11873
d=12 s=2,Random 50% #12,1714,-0.0033234372422892,-0.0008504432892174,-0.0087277400631684,-0.0024729939530718,0.0054043028208791,False,True,True,,12,2,11873
d=12 s=2,Random 50% #13,1714,0.0032517955657333,-0.0293277334957501,0.0587483974836838,0.0325795290614835,-0.0554966019179505,True,True,True,,12,2,11873
d=12 s=2,Random 50% #14,1714,0.0062157191184681,-0.0001837077532434,0.0279114552641055,0.0063994268717116,-0.0216957361456374,True,True,True,,12,2,11873
d=12 s=2,Random 50% #15,1714,0.0026854501430772,0.0315655197468028,0.0345329341458748,-0.0288800696037255,-0.0318474840027975,False,False,False,,12,2,11873
d=12 s=2,Random 50% #16,1714,0.0188052608311229,0.0037494113631883,0.0511516291203031,0.0150558494679345,-0.0323463682891802,False,True,True,,12,2,11873
d=12 s=2,Random 50% #17,1714,0.0073507410721795,0.0447697675242105,0.0853948185220036,-0.0374190264520309,-0.078044077449824,False,False,False,,12,2,11873
d=12 s=2,Random 50% #18,1714,0.0251803786741562,0.0636319758785697,0.0082962049171077,-0.0384515972044135,0.0168841737570484,False,True,True,,12,2,11873
d=12 s=2,Random 50% #19,1714,0.0087463233253787,-0.0150834231987574,0.0082100945368209,0.0238297465241361,0.0005362287885578,True,False,True,,12,2,11873
d=12 s=2,Random 50% #20,1714,0.0239488541873964,0.0278960424115892,-0.0087173210885885,-0.0039471882241928,0.0326661752759849,True,True,True,,12,2,11873
d=12 s=2,Random 50% #21,1714,0.0016605879752431,0.0461279493381857,0.0075413091052499,-0.0444673613629425,-0.0058807211300067,False,False,False,,12,2,11873
d=12 s=2,Random 50% #22,1714,0.0178287222426975,-0.0375841051020259,0.0924904332755825,0.0554128273447235,-0.0746617110328849,True,True,True,,12,2,11873
d=12 s=2,Random 50% #23,1714,-0.0051929851771431,0.0240706803444281,0.0266683662441956,-0.0292636655215712,-0.0318613514213387,False,False,False,,12,2,11873
d=12 s=2,Random 50% #24,1714,0.0201698382197979,0.0033050067076309,0.0072215388728379,0.0168648315121669,0.01294829934696,False,False,False,,12,2,11873
d=12 s=2,Random 50% #25,1714,0.0024135223603308,-0.0116293156882616,-0.0085767579700932,0.0140428380485924,0.0109902803304241,False,False,False,,12,2,11873
d=12 s=2,Random 50% #26,1714,-0.0063986093578627,-0.0189021686149648,-0.011339655826156,0.0125035592571021,0.0049410464682933,False,False,False,,12,2,11873
d=12 s=2,Random 50% #27,1714,-0.0048317683881064,0.0400604818731804,0.0104752833116034,-0.0448922502612869,-0.0153070516997098,False,False,False,,12,2,11873
d=12 s=2,Random 50% #28,1714,0.0098094573797898,0.0494366780225773,0.0255168841116413,-0.0396272206427875,-0.0157074267318514,False,False,False,,12,2,11873
d=12 s=2,Random 50% #29,1714,0.0125552608311229,0.0114639754526595,-0.0180983283719447,0.0010912853784633,0.0306535892030676,True,False,True,,12,2,11873
d=12 s=2,Random 50% #30,1714,0.0022139615866539,0.0686130430912843,0.0373510544274041,-0.0663990815046303,-0.0351370928407502,False,False,False,,12,2,11873
d=12 s=2,Random 50% #31,1714,0.0081502190717898,0.0079246635453864,0.0158668340047998,0.0002255555264033,-0.00771661493301,False,True,True,,12,2,11873
d=12 s=2,Random 50% #32,1714,-0.0092920029904661,0.0362360996435265,0.023742343128239,-0.0455281026339927,-0.0330343461187052,False,False,False,,12,2,11873
d=12 s=2,Random 50% #33,1714,-0.002514181228832,0.0513748991808702,-0.009998993628842,-0.0538890804097022,0.00748481240001,True,True,True,,12,2,11873
d=12 s=2,Random 50% #34,1714,0.0070180513371488,0.0266603231659162,-0.0093345750249696,-0.0196422718287674,0.0163526263621184,True,True,True,,12,2,11873
d=12 s=2,Random 50% #35,1714,0.0093248828878478,0.0100548715239443,-0.0259497649541914,-0.0007299886360964,0.0352746478420393,True,True,True,,12,2,11873
d=12 s=2,Random 50% #36,1714,0.016912667846362,-0.0048289062962798,0.0031986339767179,0.0217415741426418,0.013714033869644,True,False,True,,12,2,11873
d=12 s=2,Random 50% #37,1714,0.0036653828805384,0.028168629120168,0.0070694546088257,-0.0245032462396295,-0.0034040717282872,False,False,False,,12,2,11873
d=12 s=2,Random 50% #38,1714,0.0021576191788371,0.0756658734034036,0.0053214512997603,-0.0735082542245665,-0.0031638321209231,False,False,False,,12,2,11873
d=12 s=2,Random 50% #39,1714,0.0170086158804934,0.0203602635566198,-0.0016858429165604,-0.0033516476761264,0.0186944587970538,True,True,True,,12,2,11873
d=12 s=2,Random 50% #40,1714,0.018520937100027,0.0357668598920336,-0.02116496078802,-0.0172459227920065,0.0396858978880471,True,True,True,,12,2,11873
d=12 s=2,Random 50% #41,1714,0.0027199322354597,0.0143599390165286,0.0060642284901708,-0.0116400067810688,-0.003344296254711,False,False,False,,12,2,11873
d=12 s=2,Random 50% #42,1714,0.0178900300253214,-0.0011460892367158,0.0031443712862134,0.0190361192620373,0.0147456587391079,True,False,True,,12,2,11873
d=12 s=2,Random 50% #43,1714,0.0169958506224066,0.0187982261867924,0.0250428437172469,-0.0018023755643858,-0.0080469930948403,False,False,False,,12,2,11873
d=12 s=2,Random 50% #44,1714,-0.0080414937759336,0.0421044281866626,0.0067161282613421,-0.0501459219625962,-0.0147576220372757,False,False,False,,12,2,11873
d=12 s=2,Random 50% #45,1714,-0.0006684003732017,-0.0200477917745156,-0.0124510079218385,0.0193793914013139,0.0117826075486368,False,False,False,,12,2,11873
d=12 s=2,Random 50% #46,1714,-0.0127567411871579,0.0182046480463438,0.0297680569427288,-0.0309613892335017,-0.0425247981298867,False,False,False,,12,2,11873
d=12 s=2,Random 50% #47,1714,-0.0023071888899981,-0.0055109407061951,0.0496829908069198,0.003203751816197,-0.0519901796969179,True,True,True,,12,2,11873
d=12 s=2,Random 50% #48,1714,0.0007707867678387,0.056232686919729,0.0065476301533421,-0.0554619001518903,-0.0057768433855033,False,False,False,,12,2,11873
d=12 s=2,Random 50% #49,1714,-0.0052585890287469,0.038154310093364,0.0251048848741868,-0.0434128991221109,-0.0303634739029337,False,False,False,,12,2,11873
d=12 s=2,Random 50% #50,1714,-0.009935439192208,0.0198661171081242,-0.0012225464534716,-0.0298015563003322,-0.0087128927387364,True,False,True,,12,2,11873
d=12 s=2,Random 30% #1,1028,0.0177032019704433,0.0664379625818948,0.0037880160260661,-0.0487347606114515,0.0139151859443771,False,True,True,,12,2,11873
d=12 s=2,Random 30% #2,1028,-0.0188812287552644,-9.481436501425355e-05,0.0410688055720698,-0.0187864143902502,-0.0599500343273342,True,False,True,,12,2,11873
d=12 s=2,Random 30% #3,1028,-0.0136963318843895,-0.0332655737850093,0.0138569304254991,0.0195692419006197,-0.0275532623098887,True,True,True,,12,2,11873
d=12 s=2,Random 30% #4,1028,0.012612065619632,0.018604434818586,0.027855157459289,-0.0059923691989539,-0.0152430918396569,False,False,False,,12,2,11873
d=12 s=2,Random 30% #5,1028,0.012955140579904,0.0181767409050076,-0.0209963574954715,-0.0052216003251036,0.0339514980753755,True,True,True,,12,2,11873
d=12 s=2,Random 30% #6,1028,0.011061887501678,0.056453246644904,-0.0051164686418929,-0.0453913591432259,0.0161783561435709,True,True,True,,12,2,11873
d=12 s=2,Random 30% #7,1028,-0.0019795447047178,-0.0064846623690781,0.028699463038111,0.0045051176643602,-0.0306790077428289,True,True,True,,12,2,11873
d=12 s=2,Random 30% #8,1028,-0.0013757582957458,0.0522384837270451,0.0191014239745352,-0.053614242022791,-0.0204771822702811,False,False,False,,12,2,11873
d=12 s=2,Random 30% #9,1028,0.0167924069116573,-0.0112337154363255,0.0484366822544493,0.0280261223479829,-0.0316442753427919,True,True,True,,12,2,11873
d=12 s=2,Random 30% #10,1028,0.0218614718614718,-0.0150265509653224,-0.0290178365402064,0.0368880228267942,0.0508793084016782,False,False,False,,12,2,11873
d=12 s=2,Random 30% #11,1028,0.0036992125742528,0.0801982115428688,0.0487281972652378,-0.076498998968616,-0.0450289846909849,False,False,False,,12,2,11873
d=12 s=2,Random 30% #12,1028,-0.0176439165409753,0.035111821008226,-0.0176152864261232,-0.0527557375492014,-2.8630114852157273e-05,True,False,True,,12,2,11873
d=12 s=2,Random 30% #13,1028,0.0061871080085679,0.0320637036942927,0.0046421275436131,-0.0258765956857248,0.0015449804649547,False,True,True,,12,2,11873
d=12 s=2,Random 30% #14,1028,-0.0024039572835282,0.0491582457211632,0.0192720024430991,-0.0515622030046915,-0.0216759597266274,False,False,False,,12,2,11873
d=12 s=2,Random 30% #15,1028,-0.0014797507788162,0.0239811518725032,0.0438258500476061,-0.0254609026513194,-0.0453056008264223,False,False,False,,12,2,11873
d=12 s=2,Random 30% #16,1028,0.006823838043474,0.0237868835098252,0.0395784507092569,-0.0169630454663511,-0.0327546126657828,False,False,False,,12,2,11873
d=12 s=2,Random 30% #17,1028,0.0030261642698374,-0.0009579652364334,0.0249864664371783,0.0039841295062709,-0.0219603021673408,True,True,True,,12,2,11873
d=12 s=2,Random 30% #18,1028,0.008237689744539,0.0850046940421112,0.0222898737212902,-0.0767670042975722,-0.0140521839767512,False,False,False,,12,2,11873
d=12 s=2,Random 30% #19,1028,0.0066883064376393,0.0124953229360159,-0.0002476924714281,-0.0058070164983766,0.0069359989090674,True,True,True,,12,2,11873
d=12 s=2,Random 30% #20,1028,-0.0099963316214233,0.003309006997729,0.0806419918015232,-0.0133053386191523,-0.0906383234229466,False,False,False,,12,2,11873
d=12 s=2,Random 30% #21,1028,0.002277451699682,0.0159683268395707,-0.0085235756558113,-0.0136908751398886,0.0108010273554934,True,True,True,,12,2,11873
d=12 s=2,Random 30% #22,1028,0.0271739130434782,-0.0038432960283879,0.0325316937022139,0.0310172090718662,-0.0053577806587356,True,True,True,,12,2,11873
d=12 s=2,Random 30% #23,1028,0.0053719593676173,0.0583907634653087,0.0352469564198867,-0.0530188040976913,-0.0298749970522693,False,False,False,,12,2,11873
d=12 s=2,Random 30% #24,1028,0.0374355138753044,0.0691805094229531,0.0179972213003102,-0.0317449955476486,0.0194382925749942,False,True,True,,12,2,11873
d=12 s=2,Random 30% #25,1028,0.0207335170659317,0.0316518186293763,0.0445771932945606,-0.0109183015634446,-0.0238436762286289,False,False,False,,12,2,11873
d=12 s=2,Random 30% #26,1028,0.000322640117994,0.0297700364910173,-0.0145574406188491,-0.0294473963730232,0.0148800807368432,True,True,True,,12,2,11873
d=12 s=2,Random 30% #27,1028,-0.0133699862551543,0.0492054874312339,0.0432620311235185,-0.0625754736863882,-0.0566320173786728,False,False,False,,12,2,11873
d=12 s=2,Random 30% #28,1028,0.0048546691403834,0.0582130573374439,-0.0073324012237908,-0.0533583881970605,0.0121870703641742,True,True,True,,12,2,11873
d=12 s=2,Random 30% #29,1028,0.0132264436461088,0.0660043246146959,-0.0347567470986806,-0.052777880968587,0.0479831907447895,True,True,True,,12,2,11873
d=12 s=2,Random 30% #30,1028,0.0073191060456281,0.0136942880491034,0.0267708549836163,-0.0063751820034753,-0.0194517489379882,False,False,False,,12,2,11873
d=12 s=2,Random 30% #31,1028,0.0186572318838355,0.0487739421487894,0.0179445827257335,-0.0301167102649538,0.0007126491581019,False,True,True,,12,2,11873
d=12 s=2,Random 30% #32,1028,0.0146773132638857,0.0522375680800066,0.0343431400366,-0.0375602548161209,-0.0196658267727143,False,False,False,,12,2,11873
d=12 s=2,Random 30% #33,1028,0.0107989019115876,-0.0075608373324631,0.0266282261622584,0.0183597392440507,-0.0158293242506708,True,True,True,,12,2,11873
d=12 s=2,Random 30% #34,1028,0.0036708111308466,0.0472496347516595,0.0315250651325564,-0.0435788236208129,-0.0278542540017097,False,False,False,,12,2,11873
d=12 s=2,Random 30% #35,1028,-0.0021279853031231,0.0677572636287406,-0.0113297396918438,-0.0698852489318637,0.0092017543887207,True,True,True,,12,2,11873
d=12 s=2,Random 30% #36,1028,-0.0048226599270606,0.0509485312500901,0.0331948034622817,-0.0557711911771507,-0.0380174633893423,False,False,False,,12,2,11873
d=12 s=2,Random 30% #37,1028,-0.0037446257685728,-0.0470118175540973,0.0262984223681088,0.0432671917855245,-0.0300430481366817,True,True,True,,12,2,11873
d=12 s=2,Random 30% #38,1028,0.0108722741433021,0.0245568622330816,0.0133170690289695,-0.0136845880897795,-0.0024447948856673,False,False,False,,12,2,11873
d=12 s=2,Random 30% #39,1028,0.0380230468256006,-0.042766273980403,-0.0018180953274953,0.0807893208060036,0.0398411421530959,False,False,False,,12,2,11873
d=12 s=2,Random 30% #40,1028,-0.0156995008383602,0.0327426755576358,0.0159059047530165,-0.0484421763959961,-0.0316054055913768,False,False,False,,12,2,11873
d=12 s=2,Random 30% #41,1028,0.0003191021554961,0.0366182575688857,0.0411918310672817,-0.0362991554133895,-0.0408727289117856,False,False,False,,12,2,11873
d=12 s=2,Random 30% #42,1028,0.0039796984507742,0.0310149033872979,0.0300287499784603,-0.0270352049365237,-0.0260490515276861,False,False,False,,12,2,11873
d=12 s=2,Random 30% #43,1028,0.0320665445665445,0.0356724836311445,0.0553578040460062,-0.0036059390645999,-0.0232912594794616,False,False,False,,12,2,11873
d=12 s=2,Random 30% #44,1028,0.014617494198646,-0.008358722872008,0.04982724743587,0.022976217070654,-0.035209753237224,True,True,True,,12,2,11873
d=12 s=2,Random 30% #45,1028,-0.010677190889205,0.0487343790425799,-0.0158432854826083,-0.0594115699317849,0.0051660945934033,True,True,True,,12,2,11873
d=12 s=2,Random 30% #46,1028,-0.0211341559464426,0.0479154075469226,0.00896015395616,-0.0690495634933653,-0.0300943099026027,False,False,False,,12,2,11873
d=12 s=2,Random 30% #47,1028,0.0021068472535741,0.0474770675958025,-0.0134342881505994,-0.0453702203422284,0.0155411354041735,True,True,True,,12,2,11873
d=12 s=2,Random 30% #48,1028,0.0099373113536103,0.0389198386314045,0.0490324550849746,-0.0289825272777941,-0.0390951437313643,False,False,False,,12,2,11873
d=12 s=2,Random 30% #49,1028,-0.0033935788911766,0.0380214613245063,0.0140571492658515,-0.041415040215683,-0.0174507281570282,False,False,False,,12,2,11873
d=12 s=2,Random 30% #50,1028,-0.0149638584774062,0.0305021190435244,0.0618159650544741,-0.0454659775209307,-0.0767798235318804,False,False,False,,12,2,11873
d=16 s=0,All Patients,3429,0.0078818040435458,0.0207174596616763,0.0696453824542864,-0.0128356556181304,-0.0617635784107405,False,False,False,,16,0,16097
d=16 s=0,ICUType 1.0,490,0.0294939989088925,0.0490686598935702,0.0859580402463177,-0.0195746609846777,-0.0564640413374252,False,False,False,,16,0,16097
d=16 s=0,ICUType 2.0,643,-0.000975689080413,0.0284240493527748,0.0103735718306762,-0.0293997384331879,-0.0113492609110893,False,False,False,,16,0,16097
d=16 s=0,ICUType 3.0,1357,-0.0217764843549488,0.0401610420767678,-0.0185952944233337,-0.0619375264317166,-0.0031811899316151,True,False,True,,16,0,16097
d=16 s=0,ICUType 4.0,939,0.0202084035501629,0.0246233902543467,-0.0136336357163835,-0.0044149867041838,0.0338420392665464,True,True,True,,16,0,16097
d=16 s=0,Age decile 0,374,0.046026807780653,0.0257172630775962,-0.0397426226712493,0.0203095447030568,0.0857694304519024,True,False,True,,16,0,16097
d=16 s=0,Age decile 1,344,0.0273634472301562,0.0692343963294788,0.0158395961800873,-0.0418709490993226,0.0115238510500688,False,True,True,,16,0,16097
d=16 s=0,Age decile 2,347,0.0042864169770219,0.0209381785864697,-0.020961202646075,-0.0166517616094477,0.025247619623097,True,True,True,,16,0,16097
d=16 s=0,Age decile 3,325,0.0096292729898892,0.1100375916230437,-0.038774068607648,-0.1004083186331544,0.0484033415975373,True,True,True,,16,0,16097
d=16 s=0,Age decile 4,372,-0.0152359717577108,0.0165830197162921,-0.0586629046782634,-0.031818991474003,0.0434269329205525,True,True,True,,16,0,16097
d=16 s=0,Age decile 5,344,-0.0250497851378262,0.0161113984101718,0.0411816045391375,-0.0411611835479981,-0.0662313896769637,False,False,False,,16,0,16097
d=16 s=0,Age decile 6,397,-0.0004719207173194,0.0597408071543563,0.0409334991486945,-0.0602127278716758,-0.041405419866014,False,False,False,,16,0,16097
d=16 s=0,Age decile 7,247,0.0173747705218987,0.0899642498708597,-0.0144194087668797,-0.0725894793489609,0.0317941792887785,True,True,True,,16,0,16097
d=16 s=0,Age decile 8,354,-0.0216450216450216,0.0006042808055418,0.0063986628017688,-0.0222493024505635,-0.0280436844467904,False,False,False,,16,0,16097
d=16 s=0,Age decile 9,325,-0.0771864301276066,0.0496052885742746,-0.011382031072322,-0.1267917187018813,-0.0658043990552845,True,False,True,,16,0,16097
d=16 s=0,HR quartile 0,877,0.0371049136786188,0.0344822019212931,0.0614885369350755,0.0026227117573257,-0.0243836232564566,False,True,True,,16,0,16097
d=16 s=0,HR quartile 1,917,-0.0169849537037037,0.0494425593808538,0.0081940439951214,-0.0664275130845575,-0.0251789976988251,False,False,False,,16,0,16097
d=16 s=0,HR quartile 2,816,0.034861311019492,-0.0204087420329208,-0.0307740624256745,0.0552700530524129,0.0656353734451666,False,False,False,,16,0,16097
d=16 s=0,HR quartile 3,819,-0.0232600311906863,-0.0978370699530497,-0.0354874245834554,0.0745770387623633,0.0122273933927691,False,False,False,,16,0,16097
d=16 s=0,MAP quartile 0,877,-0.0141240285818599,0.1098801351969173,0.0230151670495789,-0.1240041637787772,-0.0371391956314388,False,False,False,,16,0,16097
d=16 s=0,MAP quartile 1,840,0.02392179413456,-0.0109034825022491,-0.0057901196489076,0.0348252766368092,0.0297119137834677,False,False,False,,16,0,16097
d=16 s=0,MAP quartile 2,866,0.0104058609958506,-0.0129501379680614,-0.0370285342840246,0.023355998963912,0.0474343952798752,False,False,False,,16,0,16097
d=16 s=0,MAP quartile 3,846,0.0090927756430939,0.047851177412488,-0.0498746184304404,-0.0387584017693941,0.0589673940735343,True,True,True,,16,0,16097
d=16 s=0,Temp quartile 0,902,0.0068727157158747,0.05290846303188,0.0502556763180695,-0.0460357473160052,-0.0433829606021947,False,False,False,,16,0,16097
d=16 s=0,Temp quartile 1,864,0.0305627470437901,0.100928412035487,0.0180583242229821,-0.0703656649916969,0.012504422820808,False,True,True,,16,0,16097
d=16 s=0,Temp quartile 2,838,-0.0036346905912123,-0.0038142478574183,0.1242766110733198,0.000179557266206,-0.1279113016645322,True,True,True,,16,0,16097
d=16 s=0,Temp quartile 3,825,-0.0023612750885478,0.008441143469936,0.0581401477764971,-0.0108024185584838,-0.0605014228650449,False,False,False,,16,0,16097
d=16 s=0,Urine quartile 0,859,-0.0313289760348584,0.0332275015877206,0.0421157019350433,-0.064556477622579,-0.0734446779699017,False,False,False,,16,0,16097
d=16 s=0,Urine quartile 1,913,-0.0210526315789473,-0.0014532346487041,-0.0088425194342898,-0.0195993969302432,-0.0122101121446575,False,False,False,,16,0,16097
d=16 s=0,Urine quartile 2,802,0.0149901230333403,0.0438328974141326,-0.0054643668160798,-0.0288427743807922,0.0204544898494201,True,True,True,,16,0,16097
d=16 s=0,Urine quartile 3,855,0.0601118199903958,0.0224743968813194,-0.0183390660850799,0.0376374231090764,0.0784508860754757,True,False,True,,16,0,16097
d=16 s=0,SAPS quartile 0,1025,0.0026756349262149,-0.0155807574363,-0.0041182409359685,0.018256392362515,0.0067938758621835,False,False,False,,16,0,16097
d=16 s=0,SAPS quartile 1,946,0.0452124666297511,-0.0052654239509017,-0.0318729178171247,0.0504778905806528,0.0770853844468759,False,False,False,,16,0,16097
d=16 s=0,SAPS quartile 2,660,0.0015384615384615,0.0413986365280695,0.0721411537034905,-0.039860174989608,-0.070602692165029,False,False,False,,16,0,16097
d=16 s=0,SAPS quartile 3,798,-0.0389986891196934,-0.0110024101205875,0.0104776255439217,-0.0279962789991058,-0.0494763146636151,True,False,True,,16,0,16097
d=16 s=0,HR > 100,945,-0.0351262896411669,-0.0170915230654681,-0.0078096489232455,-0.0180347665756988,-0.0273166407179213,False,False,False,,16,0,16097
d=16 s=0,MAP < 65,697,-0.0279136809159047,-0.0063357276693355,0.0405731004018146,-0.0215779532465692,-0.0684867813177194,True,False,True,,16,0,16097
d=16 s=0,Temp > 38C,267,-0.0430204913392958,0.051040581287382,0.0690930863137446,-0.0940610726266778,-0.1121135776530404,False,False,False,,16,0,16097
d=16 s=0,Urine > 1000,210,0.0458952811893988,0.062822438493861,-0.0223817753753942,-0.0169271573044622,0.0682770565647931,True,True,True,,16,0,16097
d=16 s=0,Random 50% #1,1714,0.0148182289884191,-0.0112639051100649,-0.0069542046109579,0.0260821340984841,0.021772433599377,False,False,False,,16,0,16097
d=16 s=0,Random 50% #2,1714,0.0038708396744524,0.0548836704427205,-0.0089762557366768,-0.051012830768268,0.0128470954111293,True,True,True,,16,0,16097
d=16 s=0,Random 50% #3,1714,0.0221853388658367,0.0055676081404161,0.0645516666655695,0.0166177307254206,-0.0423663277997327,False,True,True,,16,0,16097
d=16 s=0,Random 50% #4,1714,0.0209444740819774,0.06664101429029,-0.0019875125901584,-0.0456965402083126,0.0229319866721358,True,True,True,,16,0,16097
d=16 s=0,Random 50% #5,1714,0.025145147627017,0.0678182054798187,0.0595202760401075,-0.0426730578528016,-0.0343751284130904,False,False,False,,16,0,16097
d=16 s=0,Random 50% #6,1714,-0.0032358828377694,0.078736443344504,0.0372084849473528,-0.0819723261822735,-0.0404443677851223,False,False,False,,16,0,16097
d=16 s=0,Random 50% #7,1714,0.0203886964648963,0.0569098829253139,0.0149158482175567,-0.0365211864604175,0.0054728482473395,False,True,True,,16,0,16097
d=16 s=0,Random 50% #8,1714,-0.0080211409064465,0.0602953871801306,0.0084886686665071,-0.0683165280865771,-0.0165098095729536,False,False,False,,16,0,16097
d=16 s=0,Random 50% #9,1714,-0.0018808498325041,0.0614045650605818,0.0462766166020815,-0.063285414893086,-0.0481574664345857,False,False,False,,16,0,16097
d=16 s=0,Random 50% #10,1714,0.0032849222618878,0.0089878481846437,-0.0175257364373153,-0.0057029259227558,0.0208106586992032,True,True,True,,16,0,16097
d=16 s=0,Random 50% #11,1714,0.0064028840624585,0.0369875979089807,0.0010885813268381,-0.0305847138465221,0.0053143027356204,False,True,True,,16,0,16097
d=16 s=0,Random 50% #12,1714,-0.0033234372422892,0.0525664685982811,0.0378686652984037,-0.0558899058405704,-0.041192102540693,False,False,False,,16,0,16097
d=16 s=0,Random 50% #13,1714,0.0032517955657333,0.0181644803639538,0.0122191396637945,-0.0149126847982204,-0.0089673440980612,False,False,False,,16,0,16097
d=16 s=0,Random 50% #14,1714,0.0062157191184681,0.0276398259233338,-0.025586536273301,-0.0214241068048656,0.0318022553917691,True,True,True,,16,0,16097
d=16 s=0,Random 50% #15,1714,0.0026854501430772,0.0598080200972268,0.0355264541911569,-0.0571225699541496,-0.0328410040480797,False,False,False,,16,0,16097
d=16 s=0,Random 50% #16,1714,0.0188052608311229,0.0870159633486745,0.0467079646276332,-0.0682107025175516,-0.0279027037965103,False,False,False,,16,0,16097
d=16 s=0,Random 50% #17,1714,0.0073507410721795,-0.0148100774411566,0.0055179807595894,0.0221608185133362,0.0018327603125901,True,False,True,,16,0,16097
d=16 s=0,Random 50% #18,1714,0.0251803786741562,0.0255701212429302,0.0362865127998708,-0.000389742568774,-0.0111061341257146,False,False,False,,16,0,16097
d=16 s=0,Random 50% #19,1714,0.0087463233253787,0.0057651727930976,0.0132147610782154,0.002981150532281,-0.0044684377528367,False,True,True,,16,0,16097
d=16 s=0,Random 50% #20,1714,0.0239488541873964,0.0654387925172068,0.0643090288927464,-0.0414899383298104,-0.04036017470535,False,False,False,,16,0,16097
d=16 s=0,Random 50% #21,1714,0.0016605879752431,0.0149514998062731,0.0009271145868603,-0.01329091183103,0.0007334733883828,False,True,True,,16,0,16097
d=16 s=0,Random 50% #22,1714,0.0178287222426975,0.0365044745807911,0.05715428957494,-0.0186757523380936,-0.0393255673322424,False,False,False,,16,0,16097
d=16 s=0,Random 50% #23,1714,-0.0051929851771431,0.0819994444136805,0.0607427812347661,-0.0871924295908236,-0.0659357664119092,False,False,False,,16,0,16097
d=16 s=0,Random 50% #24,1714,0.0201698382197979,-0.0700863291438867,0.0306154080694547,0.0902561673636846,-0.0104455698496567,True,True,True,,16,0,16097
d=16 s=0,Random 50% #25,1714,0.0024135223603308,0.0516344246619891,0.0150164376195136,-0.0492209023016583,-0.0126029152591827,False,False,False,,16,0,16097
d=16 s=0,Random 50% #26,1714,-0.0063986093578627,0.0530436783845104,0.0025735868920289,-0.0594422877423731,-0.0089721962498916,False,False,False,,16,0,16097
d=16 s=0,Random 50% #27,1714,-0.0048317683881064,0.0407036631908816,0.0230645757329561,-0.045535431578988,-0.0278963441210625,False,False,False,,16,0,16097
d=16 s=0,Random 50% #28,1714,0.0098094573797898,-0.0082690234093777,0.0703762139441369,0.0180784807891676,-0.060566756564347,True,True,True,,16,0,16097
d=16 s=0,Random 50% #29,1714,0.0125552608311229,-0.0179550908307112,0.0237639673439861,0.0305103516618341,-0.0112087065128632,True,True,True,,16,0,16097
d=16 s=0,Random 50% #30,1714,0.0022139615866539,0.0681539767215339,0.0054427349924999,-0.06594001513488,-0.003228773405846,False,False,False,,16,0,16097
d=16 s=0,Random 50% #31,1714,0.0081502190717898,0.0527472042018033,0.0011021110047187,-0.0445969851300135,0.0070481080670711,False,True,True,,16,0,16097
d=16 s=0,Random 50% #32,1714,-0.0092920029904661,0.0010224850431124,0.0149904946783283,-0.0103144880335786,-0.0242824976687945,False,False,False,,16,0,16097
d=16 s=0,Random 50% #33,1714,-0.002514181228832,0.0246890966872488,0.018280451510426,-0.0272032779160808,-0.020794632739258,False,False,False,,16,0,16097
d=16 s=0,Random 50% #34,1714,0.0070180513371488,0.0357984100305366,-0.0247708702951606,-0.0287803586933877,0.0317889216323095,True,True,True,,16,0,16097
d=16 s=0,Random 50% #35,1714,0.0093248828878478,0.0549600458525224,0.1418217996060448,-0.0456351629646745,-0.1324969167181969,False,False,False,,16,0,16097
d=16 s=0,Random 50% #36,1714,0.016912667846362,0.0462035742698988,0.0053415848660445,-0.0292909064235367,0.0115710829803174,False,True,True,,16,0,16097
d=16 s=0,Random 50% #37,1714,0.0036653828805384,0.0564170157685858,0.0257714583663938,-0.0527516328880473,-0.0221060754858553,False,False,False,,16,0,16097
d=16 s=0,Random 50% #38,1714,0.0021576191788371,-0.0263687391383091,0.022633697912871,0.0285263583171462,-0.0204760787340338,True,True,True,,16,0,16097
d=16 s=0,Random 50% #39,1714,0.0170086158804934,0.0183229108467541,0.0420725367045033,-0.0013142949662607,-0.0250639208240099,False,False,False,,16,0,16097
d=16 s=0,Random 50% #40,1714,0.018520937100027,0.0472002289785353,0.0323548799043316,-0.0286792918785082,-0.0138339428043045,False,False,False,,16,0,16097
d=16 s=0,Random 50% #41,1714,0.0027199322354597,0.0347888204591659,0.0069468751973875,-0.0320688882237062,-0.0042269429619277,False,False,False,,16,0,16097
d=16 s=0,Random 50% #42,1714,0.0178900300253214,0.0213932015155717,0.0661464567264382,-0.0035031714902503,-0.0482564267011167,False,False,False,,16,0,16097
d=16 s=0,Random 50% #43,1714,0.0169958506224066,0.0592220552443013,-0.0026144016064248,-0.0422262046218946,0.0196102522288314,True,True,True,,16,0,16097
d=16 s=0,Random 50% #44,1714,-0.0080414937759336,0.0160104165301264,-0.0078392478498827,-0.0240519103060601,-0.0002022459260508,True,False,True,,16,0,16097
d=16 s=0,Random 50% #45,1714,-0.0006684003732017,0.0101402972093674,0.0162403934285576,-0.0108086975825691,-0.0169087938017593,False,False,False,,16,0,16097
d=16 s=0,Random 50% #46,1714,-0.0127567411871579,0.0008368360766148,0.0384984997889052,-0.0135935772637727,-0.0512552409760631,False,False,False,,16,0,16097
d=16 s=0,Random 50% #47,1714,-0.0023071888899981,-0.0225579072124755,0.0273942065191614,0.0202507183224774,-0.0297013954091595,True,True,True,,16,0,16097
d=16 s=0,Random 50% #48,1714,0.0007707867678387,0.0387149800900674,0.0357869818695039,-0.0379441933222286,-0.0350161951016651,False,False,False,,16,0,16097
d=16 s=0,Random 50% #49,1714,-0.0052585890287469,-0.0123361139548645,0.0520758895865829,0.0070775249261176,-0.0573344786153298,True,True,True,,16,0,16097
d=16 s=0,Random 50% #50,1714,-0.009935439192208,0.0284719919310937,-0.0418137021698908,-0.0384074311233017,0.0318782629776828,True,True,True,,16,0,16097
d=16 s=0,Random 30% #1,1028,0.0177032019704433,0.038027298892251,0.0309371130945014,-0.0203240969218076,-0.013233911124058,False,False,False,,16,0,16097
d=16 s=0,Random 30% #2,1028,-0.0188812287552644,0.0480724652731409,0.01598519780446,-0.0669536940284053,-0.0348664265597245,False,False,False,,16,0,16097
d=16 s=0,Random 30% #3,1028,-0.0136963318843895,-0.0148018800788391,0.0586823057594254,0.0011055481944496,-0.072378637643815,True,True,True,,16,0,16097
d=16 s=0,Random 30% #4,1028,0.012612065619632,0.0366352178511208,-0.0042465245239189,-0.0240231522314887,0.016858590143551,True,True,True,,16,0,16097
d=16 s=0,Random 30% #5,1028,0.012955140579904,0.0501310212751185,0.0478504686983912,-0.0371758806952144,-0.0348953281184872,False,False,False,,16,0,16097
d=16 s=0,Random 30% #6,1028,0.011061887501678,0.0485944619065344,0.0617609878031111,-0.0375325744048563,-0.0506991003014331,False,False,False,,16,0,16097
d=16 s=0,Random 30% #7,1028,-0.0019795447047178,0.042259391303867,-0.0156729696527281,-0.0442389360085849,0.0136934249480102,True,True,True,,16,0,16097
d=16 s=0,Random 30% #8,1028,-0.0013757582957458,0.0241032962426501,0.0872735920466674,-0.025479054538396,-0.0886493503424133,False,False,False,,16,0,16097
d=16 s=0,Random 30% #9,1028,0.0167924069116573,0.0272659405003571,0.0267077412676855,-0.0104735335886998,-0.0099153343560282,False,False,False,,16,0,16097
d=16 s=0,Random 30% #10,1028,0.0218614718614718,0.0018362631436067,-0.0287799606805163,0.020025208717865,0.0506414325419881,True,False,True,,16,0,16097
d=16 s=0,Random 30% #11,1028,0.0036992125742528,-0.0060816470671502,0.0126375813486919,0.009780859641403,-0.008938368774439,True,True,True,,16,0,16097
d=16 s=0,Random 30% #12,1028,-0.0176439165409753,-0.037079256013695,-0.001404149671853,0.0194353394727197,-0.0162397668691222,False,True,True,,16,0,16097
d=16 s=0,Random 30% #13,1028,0.0061871080085679,0.0314183684450986,0.0104994051113279,-0.0252312604365306,-0.0043122971027599,False,False,False,,16,0,16097
d=16 s=0,Random 30% #14,1028,-0.0024039572835282,0.0739022518769469,0.0441021349522965,-0.0763062091604752,-0.0465060922358247,False,False,False,,16,0,16097
d=16 s=0,Random 30% #15,1028,-0.0014797507788162,0.0616589160832534,0.037522919775087,-0.0631386668620696,-0.0390026705539032,False,False,False,,16,0,16097
d=16 s=0,Random 30% #16,1028,0.006823838043474,0.0174815737123835,0.0193320923913818,-0.0106577356689094,-0.0125082543479078,False,False,False,,16,0,16097
d=16 s=0,Random 30% #17,1028,0.0030261642698374,0.0475566330655141,-0.0259483680630163,-0.0445304687956767,0.0289745323328538,True,True,True,,16,0,16097
d=16 s=0,Random 30% #18,1028,0.008237689744539,0.0774820629930339,0.0174859781775544,-0.0692443732484948,-0.0092482884330154,False,False,False,,16,0,16097
d=16 s=0,Random 30% #19,1028,0.0066883064376393,0.0235322352259923,-0.0063622112494078,-0.016843928788353,0.0130505176870471,True,True,True,,16,0,16097
d=16 s=0,Random 30% #20,1028,-0.0099963316214233,-0.0217210964766417,0.0140636237291984,0.0117247648552183,-0.0240599553506218,True,True,True,,16,0,16097
d=16 s=0,Random 30% #21,1028,0.002277451699682,0.0561958043066481,-0.0537488594027471,-0.053918352606966,0.0560263111024292,True,True,True,,16,0,16097
d=16 s=0,Random 30% #22,1028,0.0271739130434782,0.0025815707767361,-0.0206002989230407,0.0245923422667421,0.0477742119665189,True,False,True,,16,0,16097
d=16 s=0,Random 30% #23,1028,0.0053719593676173,0.0500435760248993,0.0769511605995097,-0.0446716166572819,-0.0715792012318923,False,False,False,,16,0,16097
d=16 s=0,Random 30% #24,1028,0.0374355138753044,0.0592847723847878,-0.0327333622006031,-0.0218492585094833,0.0701688760759076,True,True,True,,16,0,16097
d=16 s=0,Random 30% #25,1028,0.0207335170659317,0.0627420719684058,0.0248879316923995,-0.0420085549024741,-0.0041544146264678,False,False,False,,16,0,16097
d=16 s=0,Random 30% #26,1028,0.000322640117994,0.018663001627355,0.0204466537082524,-0.0183403615093609,-0.0201240135902583,False,False,False,,16,0,16097
d=16 s=0,Random 30% #27,1028,-0.0133699862551543,0.0002757378087324,0.0486321033124348,-0.0136457240638867,-0.0620020895675892,False,False,False,,16,0,16097
d=16 s=0,Random 30% #28,1028,0.0048546691403834,0.039873744723921,0.0400578490494911,-0.0350190755835376,-0.0352031799091077,False,False,False,,16,0,16097
d=16 s=0,Random 30% #29,1028,0.0132264436461088,0.0304520163283848,0.0054071009939363,-0.0172255726822759,0.0078193426521725,False,True,True,,16,0,16097
d=16 s=0,Random 30% #30,1028,0.0073191060456281,0.0691729710710035,0.0316354293514253,-0.0618538650253754,-0.0243163233057972,False,False,False,,16,0,16097
d=16 s=0,Random 30% #31,1028,0.0186572318838355,0.0260629502445213,0.0775862926537688,-0.0074057183606858,-0.0589290607699333,False,False,False,,16,0,16097
d=16 s=0,Random 30% #32,1028,0.0146773132638857,0.0341436462818617,-0.0048597835559152,-0.0194663330179759,0.019537096819801,True,True,True,,16,0,16097
d=16 s=0,Random 30% #33,1028,0.0107989019115876,0.0548818990521324,0.0306208398646638,-0.0440829971405448,-0.0198219379530762,False,False,False,,16,0,16097
d=16 s=0,Random 30% #34,1028,0.0036708111308466,0.063445715162993,0.0203333910185874,-0.0597749040321463,-0.0166625798877407,False,False,False,,16,0,16097
d=16 s=0,Random 30% #35,1028,-0.0021279853031231,0.0275776650306291,-0.0078791005639611,-0.0297056503337523,0.0057511152608379,True,True,True,,16,0,16097
d=16 s=0,Random 30% #36,1028,-0.0048226599270606,0.0618950240800692,0.0052244125689036,-0.0667176840071299,-0.0100470724959642,False,False,False,,16,0,16097
d=16 s=0,Random 30% #37,1028,-0.0037446257685728,0.0337518899867296,0.0631580740156099,-0.0374965157553024,-0.0669026997841828,False,False,False,,16,0,16097
d=16 s=0,Random 30% #38,1028,0.0108722741433021,0.0121408311685252,0.0029175027308681,-0.0012685570252231,0.007954771412434,False,True,True,,16,0,16097
d=16 s=0,Random 30% #39,1028,0.0380230468256006,0.0659719769084188,0.0021033668834512,-0.0279489300828182,0.0359196799421494,False,True,True,,16,0,16097
d=16 s=0,Random 30% #40,1028,-0.0156995008383602,0.0064326574573176,-0.0026873374400586,-0.0221321582956779,-0.0130121633983016,True,False,True,,16,0,16097
d=16 s=0,Random 30% #41,1028,0.0003191021554961,0.0116224477554515,0.0102201397584935,-0.0113033455999554,-0.0099010376029974,False,False,False,,16,0,16097
d=16 s=0,Random 30% #42,1028,0.0039796984507742,0.0057582089427335,0.0282534868283926,-0.0017785104919593,-0.0242737883776183,False,False,False,,16,0,16097
d=16 s=0,Random 30% #43,1028,0.0320665445665445,0.0165041161049414,0.0443348998489456,0.0155624284616031,-0.012268355282401,False,True,True,,16,0,16097
d=16 s=0,Random 30% #44,1028,0.014617494198646,0.0474034956086489,0.0425783884153681,-0.0327860014100028,-0.0279608942167221,False,False,False,,16,0,16097
d=16 s=0,Random 30% #45,1028,-0.010677190889205,0.0460565636923136,0.0243281627873081,-0.0567337545815186,-0.0350053536765131,False,False,False,,16,0,16097
d=16 s=0,Random 30% #46,1028,-0.0211341559464426,0.0536533863104771,0.045147478556743,-0.0747875422569197,-0.0662816345031857,False,False,False,,16,0,16097
d=16 s=0,Random 30% #47,1028,0.0021068472535741,-0.0031441294149874,0.0159670359301487,0.0052509766685615,-0.0138601886765745,True,True,True,,16,0,16097
d=16 s=0,Random 30% #48,1028,0.0099373113536103,0.0357093678494386,0.0304574178973955,-0.0257720564958282,-0.0205201065437851,False,False,False,,16,0,16097
d=16 s=0,Random 30% #49,1028,-0.0033935788911766,0.0801554482786656,-0.0214077899835108,-0.0835490271698423,0.0180142110923341,True,True,True,,16,0,16097
d=16 s=0,Random 30% #50,1028,-0.0149638584774062,0.0398587503161775,0.0608906554035957,-0.0548226087935838,-0.075854513881002,False,False,False,,16,0,16097
d=16 s=1,All Patients,3429,0.0078818040435458,0.0285468073057049,0.0521126591319252,-0.0206650032621591,-0.0442308550883793,False,False,False,,16,1,16097
d=16 s=1,ICUType 1.0,490,0.0294939989088925,0.0335745832019958,0.0748908001231034,-0.0040805842931033,-0.0453968012142109,False,False,False,,16,1,16097
d=16 s=1,ICUType 2.0,643,-0.000975689080413,0.0044304352692157,-0.0097902865204009,-0.0054061243496287,0.0088145974399879,True,True,True,,16,1,16097
d=16 s=1,ICUType 3.0,1357,-0.0217764843549488,0.0945074446415315,0.0763313717319948,-0.1162839289964804,-0.0981078560869437,False,False,False,,16,1,16097
d=16 s=1,ICUType 4.0,939,0.0202084035501629,0.0360923429712337,-0.0296049529743709,-0.0158839394210708,0.0498133565245338,True,True,True,,16,1,16097
d=16 s=1,Age decile 0,374,0.046026807780653,0.0221632773517521,0.0109968532765411,0.0238635304289009,0.0350299545041118,False,False,False,,16,1,16097
d=16 s=1,Age decile 1,344,0.0273634472301562,0.0512728474754844,0.0360393897031623,-0.0239094002453282,-0.008675942473006,False,False,False,,16,1,16097
d=16 s=1,Age decile 2,347,0.0042864169770219,-0.0007803488042464,0.0505887071694096,0.0050667657812683,-0.0463022901923876,True,True,True,,16,1,16097
d=16 s=1,Age decile 3,325,0.0096292729898892,0.0074060023487523,-0.0660059241091276,0.0022232706411369,0.0756351970990168,True,False,True,,16,1,16097
d=16 s=1,Age decile 4,372,-0.0152359717577108,0.0275576322608207,0.0217087786099015,-0.0427936040185316,-0.0369447503676124,False,False,False,,16,1,16097
d=16 s=1,Age decile 5,344,-0.0250497851378262,-0.015666474746332,0.0782496477129691,-0.0093833103914942,-0.1032994328507953,True,False,True,,16,1,16097
d=16 s=1,Age decile 6,397,-0.0004719207173194,0.0547330247789076,0.0432057318654106,-0.0552049454962271,-0.0436776525827301,False,False,False,,16,1,16097
d=16 s=1,Age decile 7,247,0.0173747705218987,0.0714594049228107,0.0132889646380456,-0.054084634400912,0.0040858058838531,False,True,True,,16,1,16097
d=16 s=1,Age decile 8,354,-0.0216450216450216,-0.0767542378115284,0.0431947341686856,0.0551092161665068,-0.0648397558137072,True,True,True,,16,1,16097
d=16 s=1,Age decile 9,325,-0.0771864301276066,0.0341025934611628,-0.0222940566837026,-0.1112890235887694,-0.0548923734439039,True,False,True,,16,1,16097
d=16 s=1,HR quartile 0,877,0.0371049136786188,0.0539491457043226,0.0371573566287907,-0.0168442320257038,-5.2442950171871505e-05,False,False,False,,16,1,16097
d=16 s=1,HR quartile 1,917,-0.0169849537037037,0.0422355966589046,0.0273940468519127,-0.0592205503626083,-0.0443790005556164,False,False,False,,16,1,16097
d=16 s=1,HR quartile 2,816,0.034861311019492,0.0638885956609382,0.0594737896581605,-0.0290272846414461,-0.0246124786386684,False,False,False,,16,1,16097
d=16 s=1,HR quartile 3,819,-0.0232600311906863,0.0602521490639783,0.0359071061359096,-0.0835121802546646,-0.059167137326596,False,False,False,,16,1,16097
d=16 s=1,MAP quartile 0,877,-0.0141240285818599,-0.0032740176979058,0.0191892091330037,-0.010850010883954,-0.0333132377148636,True,False,True,,16,1,16097
d=16 s=1,MAP quartile 1,840,0.02392179413456,0.0115831685907935,0.0251002429574459,0.0123386255437665,-0.0011784488228858,False,True,True,,16,1,16097
d=16 s=1,MAP quartile 2,866,0.0104058609958506,0.0182948304438394,0.0420479824870104,-0.0078889694479888,-0.0316421214911597,False,False,False,,16,1,16097
d=16 s=1,MAP quartile 3,846,0.0090927756430939,0.0153153311000198,0.0811119829031929,-0.0062225554569259,-0.072019207260099,False,False,False,,16,1,16097
d=16 s=1,Temp quartile 0,902,0.0068727157158747,-0.0227687190312912,-0.0288296481781189,0.029641434747166,0.0357023638939937,False,False,False,,16,1,16097
d=16 s=1,Temp quartile 1,864,0.0305627470437901,0.0166825964018765,-0.0136541016486014,0.0138801506419136,0.0442168486923916,True,False,True,,16,1,16097
d=16 s=1,Temp quartile 2,838,-0.0036346905912123,0.0291624246725504,-0.0233063751016326,-0.0327971152637627,0.0196716845104203,True,True,True,,16,1,16097
d=16 s=1,Temp quartile 3,825,-0.0023612750885478,-0.0077916498247266,0.0282044331205644,0.0054303747361788,-0.0305657082091122,True,True,True,,16,1,16097
d=16 s=1,Urine quartile 0,859,-0.0313289760348584,0.0263589422177749,0.0113663417672589,-0.0576879182526333,-0.0426953178021173,False,False,False,,16,1,16097
d=16 s=1,Urine quartile 1,913,-0.0210526315789473,0.0045405302998901,0.0177908387272043,-0.0255931618788374,-0.0388434703061517,False,False,False,,16,1,16097
d=16 s=1,Urine quartile 2,802,0.0149901230333403,0.0268040453531709,0.0027737667247624,-0.0118139223198306,0.0122163563085778,False,True,True,,16,1,16097
d=16 s=1,Urine quartile 3,855,0.0601118199903958,-0.0162853742349339,-0.018917839118721,0.0763971942253297,0.0790296591091168,False,False,False,,16,1,16097
d=16 s=1,SAPS quartile 0,1025,0.0026756349262149,0.019663798876382,-0.0171725144369446,-0.0169881639501671,0.0198481493631596,True,True,True,,16,1,16097
d=16 s=1,SAPS quartile 1,946,0.0452124666297511,0.0549414930160882,0.0159030242541508,-0.009729026386337,0.0293094423756003,False,True,True,,16,1,16097
d=16 s=1,SAPS quartile 2,660,0.0015384615384615,0.0231081546580302,0.0113045244751163,-0.0215696931195686,-0.0097660629366547,False,False,False,,16,1,16097
d=16 s=1,SAPS quartile 3,798,-0.0389986891196934,-0.0326482855787671,-0.0074460481095905,-0.0063504035409263,-0.0315526410101028,False,False,False,,16,1,16097
d=16 s=1,HR > 100,945,-0.0351262896411669,-0.0512280068473645,-0.0065035999768749,0.0161017172061975,-0.028622689664292,False,True,True,,16,1,16097
d=16 s=1,MAP < 65,697,-0.0279136809159047,-0.0038989323107159,0.0007282743177013,-0.0240147486051888,-0.0286419552336061,True,False,True,,16,1,16097
d=16 s=1,Temp > 38C,267,-0.0430204913392958,0.0262376589352635,0.269780179286179,-0.0692581502745593,-0.3128006706254748,False,False,False,,16,1,16097
d=16 s=1,Urine > 1000,210,0.0458952811893988,0.0711063196226113,-0.0420159352943657,-0.0252110384332124,0.0879112164837645,True,True,True,,16,1,16097
d=16 s=1,Random 50% #1,1714,0.0148182289884191,0.0405531683981927,0.0202042480597387,-0.0257349394097735,-0.0053860190713195,False,False,False,,16,1,16097
d=16 s=1,Random 50% #2,1714,0.0038708396744524,0.0321206699235632,-0.0195387536674562,-0.0282498302491108,0.0234095933419086,True,True,True,,16,1,16097
d=16 s=1,Random 50% #3,1714,0.0221853388658367,-0.0117828089353146,0.0327927883966105,0.0339681478011514,-0.0106074495307738,True,True,True,,16,1,16097
d=16 s=1,Random 50% #4,1714,0.0209444740819774,0.0224471284623279,-0.0028004860079761,-0.0015026543803505,0.0237449600899535,True,True,True,,16,1,16097
d=16 s=1,Random 50% #5,1714,0.025145147627017,0.0363725621005118,0.0352848857114462,-0.0112274144734948,-0.0101397380844291,False,False,False,,16,1,16097
d=16 s=1,Random 50% #6,1714,-0.0032358828377694,0.0349074268626594,-0.0030498932304247,-0.0381433097004289,-0.0001859896073447,True,False,True,,16,1,16097
d=16 s=1,Random 50% #7,1714,0.0203886964648963,0.0079638928174939,0.1003437489065107,0.0124248036474023,-0.0799550524416143,False,True,True,,16,1,16097
d=16 s=1,Random 50% #8,1714,-0.0080211409064465,0.0535433150439095,0.0216493975553765,-0.0615644559503561,-0.029670538461823,False,False,False,,16,1,16097
d=16 s=1,Random 50% #9,1714,-0.0018808498325041,0.057068160272274,0.0191514243628494,-0.0589490101047782,-0.0210322741953536,False,False,False,,16,1,16097
d=16 s=1,Random 50% #10,1714,0.0032849222618878,0.0593372671985325,-0.0359166280627318,-0.0560523449366446,0.0392015503246197,True,True,True,,16,1,16097
d=16 s=1,Random 50% #11,1714,0.0064028840624585,0.0604491614917538,0.0481032165962986,-0.0540462774292953,-0.04170033253384,False,False,False,,16,1,16097
d=16 s=1,Random 50% #12,1714,-0.0033234372422892,0.0183260456828411,0.0046427716044412,-0.0216494829251304,-0.0079662088467305,False,False,False,,16,1,16097
d=16 s=1,Random 50% #13,1714,0.0032517955657333,-0.0224758346738115,0.0252355722513964,0.0257276302395449,-0.0219837766856631,True,True,True,,16,1,16097
d=16 s=1,Random 50% #14,1714,0.0062157191184681,0.0382699239607084,0.0099940368614794,-0.0320542048422402,-0.0037783177430112,False,False,False,,16,1,16097
d=16 s=1,Random 50% #15,1714,0.0026854501430772,-0.0388163190023272,-0.0284198070017679,0.0415017691454044,0.0311052571448451,False,False,False,,16,1,16097
d=16 s=1,Random 50% #16,1714,0.0188052608311229,0.0145747978835536,0.0399613745106913,0.0042304629475692,-0.0211561136795684,False,True,True,,16,1,16097
d=16 s=1,Random 50% #17,1714,0.0073507410721795,0.0011900036232606,0.0674661645297895,0.0061607374489189,-0.0601154234576099,False,True,True,,16,1,16097
d=16 s=1,Random 50% #18,1714,0.0251803786741562,0.0667064902339255,0.0027341509318282,-0.0415261115597693,0.0224462277423279,False,True,True,,16,1,16097
d=16 s=1,Random 50% #19,1714,0.0087463233253787,0.0007913862304548,-0.0099286084387903,0.0079549370949239,0.0186749317641691,True,False,True,,16,1,16097
d=16 s=1,Random 50% #20,1714,0.0239488541873964,0.0510178140959214,0.0775416136287788,-0.027068959908525,-0.0535927594413824,False,False,False,,16,1,16097
d=16 s=1,Random 50% #21,1714,0.0016605879752431,0.0470269544499775,0.0639332429937612,-0.0453663664747343,-0.062272655018518,False,False,False,,16,1,16097
d=16 s=1,Random 50% #22,1714,0.0178287222426975,0.0656893324972324,0.0118446845114606,-0.0478606102545348,0.0059840377312369,False,True,True,,16,1,16097
d=16 s=1,Random 50% #23,1714,-0.0051929851771431,-0.0221333821070524,0.0794278659007405,0.0169403969299093,-0.0846208510778836,True,True,True,,16,1,16097
d=16 s=1,Random 50% #24,1714,0.0201698382197979,0.0268480823093855,0.0288217274843285,-0.0066782440895875,-0.0086518892645305,False,False,False,,16,1,16097
d=16 s=1,Random 50% #25,1714,0.0024135223603308,0.0586505076306017,-0.0419453978604129,-0.0562369852702708,0.0443589202207437,True,True,True,,16,1,16097
d=16 s=1,Random 50% #26,1714,-0.0063986093578627,0.0262854150693288,-0.0152172284670568,-0.0326840244271915,0.008818619109194,True,True,True,,16,1,16097
d=16 s=1,Random 50% #27,1714,-0.0048317683881064,0.0275376390017045,0.0507962919544625,-0.032369407389811,-0.0556280603425689,False,False,False,,16,1,16097
d=16 s=1,Random 50% #28,1714,0.0098094573797898,-0.005818543975119,0.051917984471105,0.0156280013549089,-0.0421085270913152,True,True,True,,16,1,16097
d=16 s=1,Random 50% #29,1714,0.0125552608311229,-0.000458594716288,0.0690049832635953,0.0130138555474109,-0.0564497224324724,True,True,True,,16,1,16097
d=16 s=1,Random 50% #30,1714,0.0022139615866539,0.019693044128422,0.0203091410001344,-0.017479082541768,-0.0180951794134805,False,False,False,,16,1,16097
d=16 s=1,Random 50% #31,1714,0.0081502190717898,0.0362045559083871,0.0302033823775432,-0.0280543368365973,-0.0220531633057534,False,False,False,,16,1,16097
d=16 s=1,Random 50% #32,1714,-0.0092920029904661,0.0487730270384648,-0.0087335020618176,-0.0580650300289309,-0.0005585009286484,True,False,True,,16,1,16097
d=16 s=1,Random 50% #33,1714,-0.002514181228832,0.0527045185684424,0.0305883128537739,-0.0552186997972745,-0.0331024940826059,False,False,False,,16,1,16097
d=16 s=1,Random 50% #34,1714,0.0070180513371488,0.0629182809298033,0.0384578336139979,-0.0559002295926545,-0.031439782276849,False,False,False,,16,1,16097
d=16 s=1,Random 50% #35,1714,0.0093248828878478,0.0016202616721338,-0.0163646809064291,0.007704621215714,0.025689563794277,True,False,True,,16,1,16097
d=16 s=1,Random 50% #36,1714,0.016912667846362,0.0213304836260241,0.0555630673823763,-0.0044178157796621,-0.0386503995360143,False,False,False,,16,1,16097
d=16 s=1,Random 50% #37,1714,0.0036653828805384,0.0397350585521863,0.0286938258877655,-0.0360696756716478,-0.025028443007227,False,False,False,,16,1,16097
d=16 s=1,Random 50% #38,1714,0.0021576191788371,0.0114035491989585,0.0169412416473038,-0.0092459300201214,-0.0147836224684667,False,False,False,,16,1,16097
d=16 s=1,Random 50% #39,1714,0.0170086158804934,0.0648867690055692,0.1306524567157019,-0.0478781531250758,-0.1136438408352085,False,False,False,,16,1,16097
d=16 s=1,Random 50% #40,1714,0.018520937100027,0.0584740614958878,0.065956018614009,-0.0399531243958607,-0.0474350815139819,False,False,False,,16,1,16097
d=16 s=1,Random 50% #41,1714,0.0027199322354597,0.0483925740670421,0.0609201391397903,-0.0456726418315823,-0.0582002069043305,False,False,False,,16,1,16097
d=16 s=1,Random 50% #42,1714,0.0178900300253214,0.0099808820852423,0.005895482843623,0.007909147940079,0.0119945471816983,False,False,False,,16,1,16097
d=16 s=1,Random 50% #43,1714,0.0169958506224066,0.0667149854201917,0.0720912939044191,-0.0497191347977851,-0.0550954432820125,False,False,False,,16,1,16097
d=16 s=1,Random 50% #44,1714,-0.0080414937759336,0.0115215155980952,0.0597840065241973,-0.0195630093740288,-0.0678255003001309,False,False,False,,16,1,16097
d=16 s=1,Random 50% #45,1714,-0.0006684003732017,0.0494486172922355,-0.0302936511195483,-0.0501170176654372,0.0296252507463466,True,True,True,,16,1,16097
d=16 s=1,Random 50% #46,1714,-0.0127567411871579,0.0556998229629855,0.0642366566439726,-0.0684565641501435,-0.0769933978311305,False,False,False,,16,1,16097
d=16 s=1,Random 50% #47,1714,-0.0023071888899981,0.057056501934995,0.0329871689201791,-0.0593636908249931,-0.0352943578101773,False,False,False,,16,1,16097
d=16 s=1,Random 50% #48,1714,0.0007707867678387,0.0582856190591552,-0.0138505941555683,-0.0575148322913164,0.0146213809234071,True,True,True,,16,1,16097
d=16 s=1,Random 50% #49,1714,-0.0052585890287469,0.0303879261745113,0.0303891440623201,-0.0356465152032583,-0.0356477330910671,False,False,False,,16,1,16097
d=16 s=1,Random 50% #50,1714,-0.009935439192208,-0.0070973177149136,-0.0401341498887592,-0.0028381214772943,0.0301987106965512,False,True,True,,16,1,16097
d=16 s=1,Random 30% #1,1028,0.0177032019704433,0.029398245160214,0.1083243231490912,-0.0116950431897706,-0.0906211211786478,False,False,False,,16,1,16097
d=16 s=1,Random 30% #2,1028,-0.0188812287552644,0.0145356315891506,0.0272735411400245,-0.0334168603444151,-0.046154769895289,False,False,False,,16,1,16097
d=16 s=1,Random 30% #3,1028,-0.0136963318843895,-0.0155500271450657,-0.0311454351217362,0.0018536952606761,0.0174491032373467,False,False,False,,16,1,16097
d=16 s=1,Random 30% #4,1028,0.012612065619632,0.0346853113147572,-0.0136979206764196,-0.0220732456951251,0.0263099862960517,True,True,True,,16,1,16097
d=16 s=1,Random 30% #5,1028,0.012955140579904,0.0359433935748537,0.0536048213098187,-0.0229882529949497,-0.0406496807299146,False,False,False,,16,1,16097
d=16 s=1,Random 30% #6,1028,0.011061887501678,0.0547548158864222,0.0195743508120406,-0.0436929283847442,-0.0085124633103625,False,False,False,,16,1,16097
d=16 s=1,Random 30% #7,1028,-0.0019795447047178,0.0503600372524928,0.0589411822094899,-0.0523395819572106,-0.0609207269142078,False,False,False,,16,1,16097
d=16 s=1,Random 30% #8,1028,-0.0013757582957458,0.033131592835596,0.1034188101457203,-0.0345073511313419,-0.1047945684414662,False,False,False,,16,1,16097
d=16 s=1,Random 30% #9,1028,0.0167924069116573,0.035288051382353,0.0310369338167436,-0.0184956444706956,-0.0142445269050863,False,False,False,,16,1,16097
d=16 s=1,Random 30% #10,1028,0.0218614718614718,0.0093576639002292,0.0123476109699373,0.0125038079612426,0.0095138608915345,False,False,False,,16,1,16097
d=16 s=1,Random 30% #11,1028,0.0036992125742528,0.022078531294481,0.0015660385439753,-0.0183793187202282,0.0021331740302774,False,True,True,,16,1,16097
d=16 s=1,Random 30% #12,1028,-0.0176439165409753,0.0324740947848252,0.0058308556754401,-0.0501180113258005,-0.0234747722164155,False,False,False,,16,1,16097
d=16 s=1,Random 30% #13,1028,0.0061871080085679,0.0367147121232439,-0.0024418477853552,-0.030527604114676,0.0086289557939232,True,True,True,,16,1,16097
d=16 s=1,Random 30% #14,1028,-0.0024039572835282,0.0618081974052101,0.0203840326934351,-0.0642121546887383,-0.0227879899769634,False,False,False,,16,1,16097
d=16 s=1,Random 30% #15,1028,-0.0014797507788162,0.0060477317670197,0.0283462510239408,-0.0075274825458359,-0.029826001802757,False,False,False,,16,1,16097
d=16 s=1,Random 30% #16,1028,0.006823838043474,0.0190144489734869,0.0594888352743832,-0.0121906109300128,-0.0526649972309092,False,False,False,,16,1,16097
d=16 s=1,Random 30% #17,1028,0.0030261642698374,0.0591185605127882,0.0190860142807906,-0.0560923962429508,-0.0160598500109531,False,False,False,,16,1,16097
d=16 s=1,Random 30% #18,1028,0.008237689744539,-0.0060407690489182,-0.0122432810698726,0.0142784587934573,0.0204809708144117,False,False,False,,16,1,16097
d=16 s=1,Random 30% #19,1028,0.0066883064376393,0.0418722762394155,0.0392713497791723,-0.0351839698017761,-0.032583043341533,False,False,False,,16,1,16097
d=16 s=1,Random 30% #20,1028,-0.0099963316214233,0.0205341483122576,0.106460154687947,-0.030530479933681,-0.1164564863093703,False,False,False,,16,1,16097
d=16 s=1,Random 30% #21,1028,0.002277451699682,0.0652312350401664,0.0260157688004706,-0.0629537833404844,-0.0237383171007885,False,False,False,,16,1,16097
d=16 s=1,Random 30% #22,1028,0.0271739130434782,0.0423280206123597,0.0312557607703476,-0.0151541075688814,-0.0040818477268693,False,False,False,,16,1,16097
d=16 s=1,Random 30% #23,1028,0.0053719593676173,0.0774844902124217,0.029292755086256,-0.0721125308448044,-0.0239207957186386,False,False,False,,16,1,16097
d=16 s=1,Random 30% #24,1028,0.0374355138753044,-0.0227396817183737,0.0582540452161057,0.0601751955936781,-0.0208185313408012,True,True,True,,16,1,16097
d=16 s=1,Random 30% #25,1028,0.0207335170659317,0.0540396327212525,0.0478393026466368,-0.0333061156553207,-0.0271057855807051,False,False,False,,16,1,16097
d=16 s=1,Random 30% #26,1028,0.000322640117994,0.0363021460743462,0.018672144663005,-0.0359795059563521,-0.0183495045450109,False,False,False,,16,1,16097
d=16 s=1,Random 30% #27,1028,-0.0133699862551543,0.0038354016584182,-0.0024781836540375,-0.0172053879135725,-0.0108918026011168,True,False,True,,16,1,16097
d=16 s=1,Random 30% #28,1028,0.0048546691403834,0.0601418305936701,0.0100497279880806,-0.0552871614532867,-0.0051950588476972,False,False,False,,16,1,16097
d=16 s=1,Random 30% #29,1028,0.0132264436461088,-0.0009000829027431,0.0072829396461459,0.014126526548852,0.0059435039999629,True,False,True,,16,1,16097
d=16 s=1,Random 30% #30,1028,0.0073191060456281,0.0563247206023852,0.0501613158932889,-0.0490056145567571,-0.0428422098476607,False,False,False,,16,1,16097
d=16 s=1,Random 30% #31,1028,0.0186572318838355,0.0290126005729171,-0.0143669192106269,-0.0103553686890816,0.0330241510944625,True,True,True,,16,1,16097
d=16 s=1,Random 30% #32,1028,0.0146773132638857,0.0683708887162955,0.0205331335429442,-0.0536935754524098,-0.0058558202790585,False,False,False,,16,1,16097
d=16 s=1,Random 30% #33,1028,0.0107989019115876,-0.0240719412269501,0.0204162881488126,0.0348708431385378,-0.0096173862372249,True,True,True,,16,1,16097
d=16 s=1,Random 30% #34,1028,0.0036708111308466,0.0454141100008887,-0.0179725037296053,-0.0417432988700421,0.0216433148604519,True,True,True,,16,1,16097
d=16 s=1,Random 30% #35,1028,-0.0021279853031231,0.0132613927785575,0.0063774664819791,-0.0153893780816806,-0.0085054517851022,False,False,False,,16,1,16097
d=16 s=1,Random 30% #36,1028,-0.0048226599270606,0.0596590232885046,0.0410766706801156,-0.0644816832155652,-0.0458993306071762,False,False,False,,16,1,16097
d=16 s=1,Random 30% #37,1028,-0.0037446257685728,-0.0079220438992217,0.0396263884201898,0.0041774181306489,-0.0433710141887627,True,True,True,,16,1,16097
d=16 s=1,Random 30% #38,1028,0.0108722741433021,0.0147620563773163,0.0454040313381033,-0.0038897822340142,-0.0345317571948012,False,False,False,,16,1,16097
d=16 s=1,Random 30% #39,1028,0.0380230468256006,0.0265789645901446,0.0477446347343643,0.011444082235456,-0.0097215879087636,False,True,True,,16,1,16097
d=16 s=1,Random 30% #40,1028,-0.0156995008383602,0.0608338907995967,0.0079025842031815,-0.076533391637957,-0.0236020850415418,False,False,False,,16,1,16097
d=16 s=1,Random 30% #41,1028,0.0003191021554961,0.0308749455758204,-0.0097673997782827,-0.0305558434203242,0.0100865019337789,True,True,True,,16,1,16097
d=16 s=1,Random 30% #42,1028,0.0039796984507742,0.0298442586404947,0.036917193205232,-0.0258645601897205,-0.0329374947544578,False,False,False,,16,1,16097
d=16 s=1,Random 30% #43,1028,0.0320665445665445,0.0501743861220546,0.0284835428010956,-0.0181078415555101,0.0035830017654488,False,True,True,,16,1,16097
d=16 s=1,Random 30% #44,1028,0.014617494198646,-0.0438532047943242,0.0802202462535827,0.0584706989929703,-0.0656027520549367,True,True,True,,16,1,16097
d=16 s=1,Random 30% #45,1028,-0.010677190889205,0.0305491826502858,0.0670474996210667,-0.0412263735394908,-0.0777246905102717,False,False,False,,16,1,16097
d=16 s=1,Random 30% #46,1028,-0.0211341559464426,-0.0454154991126321,-0.0029375414735137,0.0242813431661895,-0.0181966144729288,False,True,True,,16,1,16097
d=16 s=1,Random 30% #47,1028,0.0021068472535741,0.0290683081645493,-0.0058536993543962,-0.0269614609109752,0.0079605466079703,True,True,True,,16,1,16097
d=16 s=1,Random 30% #48,1028,0.0099373113536103,0.0001892268243857,0.0056613684368214,0.0097480845292245,0.0042759429167889,False,False,False,,16,1,16097
d=16 s=1,Random 30% #49,1028,-0.0033935788911766,0.0003026728538116,0.035606785808479,-0.0036962517449883,-0.0390003646996557,False,False,False,,16,1,16097
d=16 s=1,Random 30% #50,1028,-0.0149638584774062,0.0171806808421894,0.0614614076559213,-0.0321445393195957,-0.0764252661333276,False,False,False,,16,1,16097
d=16 s=2,All Patients,3429,0.0078818040435458,0.0392301512170659,0.013318141999627,-0.03134834717352,-0.0054363379560811,False,False,False,,16,2,16097
d=16 s=2,ICUType 1.0,490,0.0294939989088925,-0.0121656893926501,0.0804913227169733,0.0416596883015426,-0.0509973238080808,True,True,True,,16,2,16097
d=16 s=2,ICUType 2.0,643,-0.000975689080413,0.0267878514380727,-0.0137772977053624,-0.0277635405184858,0.0128016086249494,True,True,True,,16,2,16097
d=16 s=2,ICUType 3.0,1357,-0.0217764843549488,0.0364979838224735,0.073334680925469,-0.0582744681774224,-0.0951111652804179,False,False,False,,16,2,16097
d=16 s=2,ICUType 4.0,939,0.0202084035501629,0.0691412036874001,0.0234417068174299,-0.0489328001372371,-0.003233303267267,False,False,False,,16,2,16097
d=16 s=2,Age decile 0,374,0.046026807780653,0.0330090962801006,-0.0261907979387252,0.0130177115005524,0.0722176057193783,True,False,True,,16,2,16097
d=16 s=2,Age decile 1,344,0.0273634472301562,0.0531103238031922,-0.023032348320174,-0.025746876573036,0.0503957955503302,True,True,True,,16,2,16097
d=16 s=2,Age decile 2,347,0.0042864169770219,0.0432521909234723,0.0488819401972056,-0.0389657739464504,-0.0445955232201836,False,False,False,,16,2,16097
d=16 s=2,Age decile 3,325,0.0096292729898892,0.0536806210958077,-0.0683400107045034,-0.0440513481059185,0.0779692836943927,True,True,True,,16,2,16097
d=16 s=2,Age decile 4,372,-0.0152359717577108,0.0704377267810788,0.0508596921000084,-0.0856736985387897,-0.0660956638577193,False,False,False,,16,2,16097
d=16 s=2,Age decile 5,344,-0.0250497851378262,0.0246180410895014,0.0454077200248417,-0.0496678262273277,-0.070457505162668,False,False,False,,16,2,16097
d=16 s=2,Age decile 6,397,-0.0004719207173194,0.0586253981023073,-0.0498861714941011,-0.0590973188196268,0.0494142507767816,True,True,True,,16,2,16097
d=16 s=2,Age decile 7,247,0.0173747705218987,-0.028504450666142,0.0173578830618199,0.0458792211880408,1.688746007885711e-05,True,False,True,,16,2,16097
d=16 s=2,Age decile 8,354,-0.0216450216450216,0.0233912417933574,0.0005885864320271,-0.0450362634383791,-0.0222336080770488,False,False,False,,16,2,16097
d=16 s=2,Age decile 9,325,-0.0771864301276066,0.0189643426735733,-0.0176458297870579,-0.0961507728011799,-0.0595406003405486,True,False,True,,16,2,16097
d=16 s=2,HR quartile 0,877,0.0371049136786188,0.0555005060931651,-0.0157561390255293,-0.0183955924145462,0.0528610527041481,True,True,True,,16,2,16097
d=16 s=2,HR quartile 1,917,-0.0169849537037037,-0.0327294269809526,0.0660517597791716,0.0157444732772489,-0.0830367134828753,True,True,True,,16,2,16097
d=16 s=2,HR quartile 2,816,0.034861311019492,0.0459869111493584,0.0063152924391557,-0.0111256001298663,0.0285460185803363,False,True,True,,16,2,16097
d=16 s=2,HR quartile 3,819,-0.0232600311906863,-0.0019971044436986,-0.00977394763975,-0.0212629267469876,-0.0134860835509362,False,False,False,,16,2,16097
d=16 s=2,MAP quartile 0,877,-0.0141240285818599,0.0022203143198954,0.0636318766033648,-0.0163443429017553,-0.0777559051852247,False,False,False,,16,2,16097
d=16 s=2,MAP quartile 1,840,0.02392179413456,0.0138502154829384,0.0112614993181557,0.0100715786516216,0.0126602948164043,False,False,False,,16,2,16097
d=16 s=2,MAP quartile 2,866,0.0104058609958506,0.0108508450361107,0.0102115906758687,-0.0004449840402601,0.0001942703199818,False,True,True,,16,2,16097
d=16 s=2,MAP quartile 3,846,0.0090927756430939,0.0133890429303209,-0.0036314011147061,-0.004296267287227,0.0127241767578,True,True,True,,16,2,16097
d=16 s=2,Temp quartile 0,902,0.0068727157158747,0.0572798835586248,-0.0133544572362563,-0.05040716784275,0.0202271729521311,True,True,True,,16,2,16097
d=16 s=2,Temp quartile 1,864,0.0305627470437901,0.022577101952964,-0.0207357261372426,0.0079856450908261,0.0512984731810327,True,False,True,,16,2,16097
d=16 s=2,Temp quartile 2,838,-0.0036346905912123,0.007569741441395,0.0213343171660232,-0.0112044320326074,-0.0249690077572356,False,False,False,,16,2,16097
d=16 s=2,Temp quartile 3,825,-0.0023612750885478,0.005803455329113,0.008094839865466,-0.0081647304176608,-0.0104561149540138,False,False,False,,16,2,16097
d=16 s=2,Urine quartile 0,859,-0.0313289760348584,-0.0520974281118694,-0.0096712754150569,0.020768452077011,-0.0216577006198014,False,True,True,,16,2,16097
d=16 s=2,Urine quartile 1,913,-0.0210526315789473,0.0109122535621374,-0.0042532904118676,-0.0319648851410847,-0.0167993411670796,True,False,True,,16,2,16097
d=16 s=2,Urine quartile 2,802,0.0149901230333403,0.0720785290955183,-0.0233252760872273,-0.057088406062178,0.0383153991205676,True,True,True,,16,2,16097
d=16 s=2,Urine quartile 3,855,0.0601118199903958,0.0041514764267535,-0.0192576587688571,0.0559603435636422,0.0793694787592529,True,False,True,,16,2,16097
d=16 s=2,SAPS quartile 0,1025,0.0026756349262149,0.0191585973522576,-0.0104531487100872,-0.0164829624260426,0.0131287836363022,True,True,True,,16,2,16097
d=16 s=2,SAPS quartile 1,946,0.0452124666297511,0.048654325448692,0.004280127749759,-0.0034418588189408,0.040932338879992,False,True,True,,16,2,16097
d=16 s=2,SAPS quartile 2,660,0.0015384615384615,-0.1035859239494166,0.0108748160180355,0.1051243854878781,-0.009336354479574,True,True,True,,16,2,16097
d=16 s=2,SAPS quartile 3,798,-0.0389986891196934,0.0037565684726593,0.0025973049837165,-0.0427552575923527,-0.04159599410341,False,False,False,,16,2,16097
d=16 s=2,HR > 100,945,-0.0351262896411669,0.0234380041879462,0.0267353784238676,-0.0585642938291131,-0.0618616680650346,False,False,False,,16,2,16097
d=16 s=2,MAP < 65,697,-0.0279136809159047,0.0105008152746469,0.0344503133593611,-0.0384144961905517,-0.0623639942752659,False,False,False,,16,2,16097
d=16 s=2,Temp > 38C,267,-0.0430204913392958,0.0776218908335204,0.0241135921264842,-0.1206423821728162,-0.06713408346578,False,False,False,,16,2,16097
d=16 s=2,Urine > 1000,210,0.0458952811893988,0.0832407715381801,-0.0420154648642376,-0.0373454903487812,0.0879107460536364,True,True,True,,16,2,16097
d=16 s=2,Random 50% #1,1714,0.0148182289884191,0.0140058716862202,0.031256766551644,0.0008123573021989,-0.0164385375632248,False,True,True,,16,2,16097
d=16 s=2,Random 50% #2,1714,0.0038708396744524,0.0199653384631436,0.0143597231525242,-0.0160944987886911,-0.0104888834780718,False,False,False,,16,2,16097
d=16 s=2,Random 50% #3,1714,0.0221853388658367,0.0279084078306401,0.0189805874250811,-0.0057230689648033,0.0032047514407556,False,True,True,,16,2,16097
d=16 s=2,Random 50% #4,1714,0.0209444740819774,0.0207743158358358,0.0548651515474681,0.0001701582461415,-0.0339206774654906,False,True,True,,16,2,16097
d=16 s=2,Random 50% #5,1714,0.025145147627017,-0.0481665225953133,0.0108617093859315,0.0733116702223304,0.0142834382410855,True,False,True,,16,2,16097
d=16 s=2,Random 50% #6,1714,-0.0032358828377694,0.0348938274428061,0.0520561305672792,-0.0381297102805756,-0.0552920134050487,False,False,False,,16,2,16097
d=16 s=2,Random 50% #7,1714,0.0203886964648963,0.0460532072496193,0.0397647347994416,-0.025664510784723,-0.0193760383345452,False,False,False,,16,2,16097
d=16 s=2,Random 50% #8,1714,-0.0080211409064465,0.0158476934461681,0.0109952678038607,-0.0238688343526147,-0.0190164087103073,False,False,False,,16,2,16097
d=16 s=2,Random 50% #9,1714,-0.0018808498325041,-0.0184373987831834,0.0846436255390516,0.0165565489506792,-0.0865244753715558,True,True,True,,16,2,16097
d=16 s=2,Random 50% #10,1714,0.0032849222618878,0.0321031325708872,0.0201882922484405,-0.0288182103089994,-0.0169033699865527,False,False,False,,16,2,16097
d=16 s=2,Random 50% #11,1714,0.0064028840624585,0.0197372042047739,-0.0227140397768947,-0.0133343201423154,0.0291169238393532,True,True,True,,16,2,16097
d=16 s=2,Random 50% #12,1714,-0.0033234372422892,0.0365523259711478,-0.0015386281584986,-0.039875763213437,-0.0017848090837906,True,False,True,,16,2,16097
d=16 s=2,Random 50% #13,1714,0.0032517955657333,0.0403815859116712,-0.0048894779235544,-0.0371297903459379,0.0081412734892877,True,True,True,,16,2,16097
d=16 s=2,Random 50% #14,1714,0.0062157191184681,0.0055771114901666,0.0300321357675527,0.0006386076283015,-0.0238164166490846,False,True,True,,16,2,16097
d=16 s=2,Random 50% #15,1714,0.0026854501430772,-0.0102489424691266,0.0093653621246132,0.0129343926122039,-0.006679911981536,True,True,True,,16,2,16097
d=16 s=2,Random 50% #16,1714,0.0188052608311229,0.0329706304769742,-0.0299047321086259,-0.0141653696458513,0.0487099929397488,True,True,True,,16,2,16097
d=16 s=2,Random 50% #17,1714,0.0073507410721795,0.006670975567937,0.0533516795868592,0.0006797655042424,-0.0460009385146796,False,True,True,,16,2,16097
d=16 s=2,Random 50% #18,1714,0.0251803786741562,0.0240431994879587,0.0004729143195923,0.0011371791861974,0.0247074643545638,False,False,False,,16,2,16097
d=16 s=2,Random 50% #19,1714,0.0087463233253787,0.0119710807122196,0.0453754962941667,-0.0032247573868408,-0.036629172968788,False,False,False,,16,2,16097
d=16 s=2,Random 50% #20,1714,0.0239488541873964,-0.0373940333671651,0.0186924976107385,0.0613428875545615,0.0052563565766578,True,False,True,,16,2,16097
d=16 s=2,Random 50% #21,1714,0.0016605879752431,0.0239127936929118,0.0177540989972929,-0.0222522057176686,-0.0160935110220498,False,False,False,,16,2,16097
d=16 s=2,Random 50% #22,1714,0.0178287222426975,-0.0100987210082358,0.0258822165728292,0.0279274432509334,-0.0080534943301316,True,True,True,,16,2,16097
d=16 s=2,Random 50% #23,1714,-0.0051929851771431,0.0286017147941138,-0.010975084483089,-0.0337946999712569,0.0057820993059459,True,True,True,,16,2,16097
d=16 s=2,Random 50% #24,1714,0.0201698382197979,-0.0371166577936125,0.043002060568842,0.0572864960134104,-0.022832222349044,True,True,True,,16,2,16097
d=16 s=2,Random 50% #25,1714,0.0024135223603308,0.0187243398535685,0.0374372729750472,-0.0163108174932376,-0.0350237506147164,False,False,False,,16,2,16097
d=16 s=2,Random 50% #26,1714,-0.0063986093578627,0.0201327605799139,0.027781185135679,-0.0265313699377766,-0.0341797944935417,False,False,False,,16,2,16097
d=16 s=2,Random 50% #27,1714,-0.0048317683881064,0.014025983112011,0.000584798406009,-0.0188577515001174,-0.0054165667941154,False,False,False,,16,2,16097
d=16 s=2,Random 50% #28,1714,0.0098094573797898,0.0443744345857732,0.0304478785603922,-0.0345649772059834,-0.0206384211806023,False,False,False,,16,2,16097
d=16 s=2,Random 50% #29,1714,0.0125552608311229,0.0625216139156153,0.0552513265597798,-0.0499663530844923,-0.0426960657286569,False,False,False,,16,2,16097
d=16 s=2,Random 50% #30,1714,0.0022139615866539,0.0399739812163831,0.0156451536251566,-0.0377600196297291,-0.0134311920385027,False,False,False,,16,2,16097
d=16 s=2,Random 50% #31,1714,0.0081502190717898,0.0167699148149264,0.0089013548713501,-0.0086196957431366,-0.0007511357995603,False,False,False,,16,2,16097
d=16 s=2,Random 50% #32,1714,-0.0092920029904661,0.0426587948152256,0.0233033111899013,-0.0519507978056918,-0.0325953141803675,False,False,False,,16,2,16097
d=16 s=2,Random 50% #33,1714,-0.002514181228832,0.0096569142676122,0.1020383717167641,-0.0121710954964443,-0.1045525529455961,False,False,False,,16,2,16097
d=16 s=2,Random 50% #34,1714,0.0070180513371488,0.0478729400807507,0.009760469965209,-0.0408548887436018,-0.0027424186280602,False,False,False,,16,2,16097
d=16 s=2,Random 50% #35,1714,0.0093248828878478,0.0148625246363972,-0.0137073151429728,-0.0055376417485493,0.0230321980308207,True,True,True,,16,2,16097
d=16 s=2,Random 50% #36,1714,0.016912667846362,-0.0053862838641184,0.0699282581512124,0.0222989517104804,-0.0530155903048503,True,True,True,,16,2,16097
d=16 s=2,Random 50% #37,1714,0.0036653828805384,-0.0045443514571155,0.0402647201202719,0.008209734337654,-0.0365993372397334,True,True,True,,16,2,16097
d=16 s=2,Random 50% #38,1714,0.0021576191788371,0.0045424804734184,-0.027478338289997,-0.0023848612945813,0.0296359574688341,True,True,True,,16,2,16097
d=16 s=2,Random 50% #39,1714,0.0170086158804934,0.0671244048249255,2.5072169884787776e-05,-0.0501157889444321,0.0169835437106086,False,True,True,,16,2,16097
d=16 s=2,Random 50% #40,1714,0.018520937100027,0.0350608636622633,0.0457669431088391,-0.0165399265622362,-0.0272460060088121,False,False,False,,16,2,16097
d=16 s=2,Random 50% #41,1714,0.0027199322354597,-0.0161572404803325,0.0103293545388857,0.0188771727157922,-0.007609422303426,True,True,True,,16,2,16097
d=16 s=2,Random 50% #42,1714,0.0178900300253214,0.0549536309584525,-0.0200087441493545,-0.0370636009331311,0.0378987741746759,True,True,True,,16,2,16097
d=16 s=2,Random 50% #43,1714,0.0169958506224066,0.0381286334779012,-0.0315115851855486,-0.0211327828554946,0.0485074358079552,True,True,True,,16,2,16097
d=16 s=2,Random 50% #44,1714,-0.0080414937759336,0.043377114092925,0.0189037178470829,-0.0514186078688586,-0.0269452116230165,False,False,False,,16,2,16097
d=16 s=2,Random 50% #45,1714,-0.0006684003732017,0.0470589134469959,-0.0003336317125305,-0.0477273138201976,-0.0003347686606711,True,False,True,,16,2,16097
d=16 s=2,Random 50% #46,1714,-0.0127567411871579,0.063699436401348,0.0049280370240798,-0.0764561775885059,-0.0176847782112377,False,False,False,,16,2,16097
d=16 s=2,Random 50% #47,1714,-0.0023071888899981,0.0198833180345244,0.0208431627291817,-0.0221905069245225,-0.0231503516191798,False,False,False,,16,2,16097
d=16 s=2,Random 50% #48,1714,0.0007707867678387,0.0421682079143868,-0.0105023639521356,-0.041397421146548,0.0112731507199744,True,True,True,,16,2,16097
d=16 s=2,Random 50% #49,1714,-0.0052585890287469,0.0174025207824765,-0.0073338699693734,-0.0226611098112234,0.0020752809406265,True,True,True,,16,2,16097
d=16 s=2,Random 50% #50,1714,-0.009935439192208,0.052899366692269,-0.0447061414313617,-0.0628348058844771,0.0347707022391537,True,True,True,,16,2,16097
d=16 s=2,Random 30% #1,1028,0.0177032019704433,0.0615027010284513,0.0248951383397379,-0.043799499058008,-0.0071919363692945,False,False,False,,16,2,16097
d=16 s=2,Random 30% #2,1028,-0.0188812287552644,0.0302435319865504,0.0208944024191698,-0.0491247607418148,-0.0397756311744342,False,False,False,,16,2,16097
d=16 s=2,Random 30% #3,1028,-0.0136963318843895,-0.0161142348032357,0.007321172365162,0.0024179029188462,-0.0210175042495516,True,True,True,,16,2,16097
d=16 s=2,Random 30% #4,1028,0.012612065619632,0.0181143149923805,-0.0253702661203841,-0.0055022493727485,0.0379823317400161,True,True,True,,16,2,16097
d=16 s=2,Random 30% #5,1028,0.012955140579904,0.0234118722593737,0.0383382840361427,-0.0104567316794697,-0.0253831434562386,False,False,False,,16,2,16097
d=16 s=2,Random 30% #6,1028,0.011061887501678,0.037938498927316,-0.0445415429083738,-0.0268766114256379,0.0556034304100519,True,True,True,,16,2,16097
d=16 s=2,Random 30% #7,1028,-0.0019795447047178,0.0340095407895538,0.0607645350873411,-0.0359890854942717,-0.062744079792059,False,False,False,,16,2,16097
d=16 s=2,Random 30% #8,1028,-0.0013757582957458,0.0536778760836438,0.0106247623292301,-0.0550536343793897,-0.012000520624976,False,False,False,,16,2,16097
d=16 s=2,Random 30% #9,1028,0.0167924069116573,0.031951304834794,0.0162396915918747,-0.0151588979231367,0.0005527153197825,False,True,True,,16,2,16097
d=16 s=2,Random 30% #10,1028,0.0218614718614718,-0.0071633228574709,-0.0398804343632178,0.0290247947189427,0.0617419062246896,False,False,False,,16,2,16097
d=16 s=2,Random 30% #11,1028,0.0036992125742528,0.0335190787603665,0.0473167881643608,-0.0298198661861136,-0.043617575590108,False,False,False,,16,2,16097
d=16 s=2,Random 30% #12,1028,-0.0176439165409753,0.0356101062013576,-0.0436329673826329,-0.053254022742333,0.0259890508416575,True,True,True,,16,2,16097
d=16 s=2,Random 30% #13,1028,0.0061871080085679,0.0077238701346913,-0.0119534151530643,-0.0015367621261233,0.0181405231616323,True,True,True,,16,2,16097
d=16 s=2,Random 30% #14,1028,-0.0024039572835282,0.0252162895836646,0.0241131052625071,-0.0276202468671929,-0.0265170625460354,False,False,False,,16,2,16097
d=16 s=2,Random 30% #15,1028,-0.0014797507788162,0.0519024324998595,-0.0290560593504768,-0.0533821832786757,0.0275763085716606,True,True,True,,16,2,16097
d=16 s=2,Random 30% #16,1028,0.006823838043474,0.0188459879192964,0.0412118536103288,-0.0120221498758223,-0.0343880155668548,False,False,False,,16,2,16097
d=16 s=2,Random 30% #17,1028,0.0030261642698374,-0.0169307712148641,-0.0100537656736604,0.0199569354847016,0.0130799299434978,False,False,False,,16,2,16097
d=16 s=2,Random 30% #18,1028,0.008237689744539,0.0304575200066648,-0.0287475359108566,-0.0222198302621257,0.0369852256553956,True,True,True,,16,2,16097
d=16 s=2,Random 30% #19,1028,0.0066883064376393,-0.00834158493334,0.0540662846193872,0.0150298913709793,-0.0473779781817479,True,True,True,,16,2,16097
d=16 s=2,Random 30% #20,1028,-0.0099963316214233,-0.0351035191216719,0.0506535345008111,0.0251071875002485,-0.0606498661222344,True,True,True,,16,2,16097
d=16 s=2,Random 30% #21,1028,0.002277451699682,0.0172749114650669,-0.0163886591619915,-0.0149974597653848,0.0186661108616735,True,True,True,,16,2,16097
d=16 s=2,Random 30% #22,1028,0.0271739130434782,0.0160320986873666,-0.0027145764752025,0.0111418143561115,0.0298884895186807,True,False,True,,16,2,16097
d=16 s=2,Random 30% #23,1028,0.0053719593676173,0.0441818483265697,-0.0021589251179219,-0.0388098889589523,0.0075308844855393,True,True,True,,16,2,16097
d=16 s=2,Random 30% #24,1028,0.0374355138753044,0.016975588668091,-0.0367189923623295,0.0204599252072133,0.0741545062376339,True,False,True,,16,2,16097
d=16 s=2,Random 30% #25,1028,0.0207335170659317,-0.0583994700867339,0.0106938848094881,0.0791329871526656,0.0100396322564436,True,False,True,,16,2,16097
d=16 s=2,Random 30% #26,1028,0.000322640117994,0.0144860338683271,-0.0047154965732288,-0.014163393750333,0.0050381366912229,True,True,True,,16,2,16097
d=16 s=2,Random 30% #27,1028,-0.0133699862551543,0.0241292503329035,0.1035602050934138,-0.0374992365880578,-0.1169301913485681,False,False,False,,16,2,16097
d=16 s=2,Random 30% #28,1028,0.0048546691403834,0.0509386895882758,0.0256113303288816,-0.0460840204478924,-0.0207566611884982,False,False,False,,16,2,16097
d=16 s=2,Random 30% #29,1028,0.0132264436461088,0.0367271535687914,-0.0119125985827937,-0.0235007099226825,0.0251390422289026,True,True,True,,16,2,16097
d=16 s=2,Random 30% #30,1028,0.0073191060456281,0.025497430677524,0.0511525253147055,-0.0181783246318958,-0.0438334192690774,False,False,False,,16,2,16097
d=16 s=2,Random 30% #31,1028,0.0186572318838355,-0.0042229788907069,0.0477279566846446,0.0228802107745424,-0.0290707248008091,True,True,True,,16,2,16097
d=16 s=2,Random 30% #32,1028,0.0146773132638857,0.0523833594860545,0.0949691917385903,-0.0377060462221688,-0.0802918784747045,False,False,False,,16,2,16097
d=16 s=2,Random 30% #33,1028,0.0107989019115876,-0.0201439856301537,0.0733390516024016,0.0309428875417414,-0.062540149690814,True,True,True,,16,2,16097
d=16 s=2,Random 30% #34,1028,0.0036708111308466,0.0250745620831868,0.0777543865694339,-0.0214037509523402,-0.0740835754385872,False,False,False,,16,2,16097
d=16 s=2,Random 30% #35,1028,-0.0021279853031231,0.0567700602180473,0.013028289558604,-0.0588980455211704,-0.0151562748617271,False,False,False,,16,2,16097
d=16 s=2,Random 30% #36,1028,-0.0048226599270606,0.0133255616293638,0.0229589155744167,-0.0181482215564245,-0.0277815755014774,False,False,False,,16,2,16097
d=16 s=2,Random 30% #37,1028,-0.0037446257685728,0.0275987407961149,0.0105126598876328,-0.0313433665646878,-0.0142572856562057,False,False,False,,16,2,16097
d=16 s=2,Random 30% #38,1028,0.0108722741433021,0.0040232114558604,-0.0128582239599953,0.0068490626874416,0.0237304981032974,True,False,True,,16,2,16097
d=16 s=2,Random 30% #39,1028,0.0380230468256006,0.0457047669070397,-0.0165831783661144,-0.0076817200814391,0.054606225191715,True,True,True,,16,2,16097
d=16 s=2,Random 30% #40,1028,-0.0156995008383602,-0.0127687237355234,0.0128814480816318,-0.0029307771028368,-0.0285809489199921,True,False,True,,16,2,16097
d=16 s=2,Random 30% #41,1028,0.0003191021554961,0.0400208356586972,-0.0224234046490618,-0.039701733503201,0.0227425068045579,True,True,True,,16,2,16097
d=16 s=2,Random 30% #42,1028,0.0039796984507742,0.0663526292761536,0.0710205345151278,-0.0623729308253794,-0.0670408360643536,False,False,False,,16,2,16097
d=16 s=2,Random 30% #43,1028,0.0320665445665445,0.0717803826088418,0.0587017937705385,-0.0397138380422972,-0.0266352492039939,False,False,False,,16,2,16097
d=16 s=2,Random 30% #44,1028,0.014617494198646,0.0060626766140673,0.0346938004944593,0.0085548175845787,-0.0200763062958132,False,True,True,,16,2,16097
d=16 s=2,Random 30% #45,1028,-0.010677190889205,0.0556392820568486,-0.0221019495738866,-0.0663164729460536,0.0114247586846816,True,True,True,,16,2,16097
d=16 s=2,Random 30% #46,1028,-0.0211341559464426,0.0131989493990805,0.0099543297828254,-0.0343331053455231,-0.0310884857292681,False,False,False,,16,2,16097
d=16 s=2,Random 30% #47,1028,0.0021068472535741,0.0712879817666276,-0.0066515007376928,-0.0691811345130535,0.0087583479912669,True,True,True,,16,2,16097
d=16 s=2,Random 30% #48,1028,0.0099373113536103,0.0345653749854782,0.0003628854984003,-0.0246280636318678,0.00957442585521,False,True,True,,16,2,16097
d=16 s=2,Random 30% #49,1028,-0.0033935788911766,0.0116486394085815,0.0599308622716468,-0.0150422182997582,-0.0633244411628235,False,False,False,,16,2,16097
d=16 s=2,Random 30% #50,1028,-0.0149638584774062,0.0263426993182215,0.0123189642166711,-0.0413065577956278,-0.0272828226940773,False,False,False,,16,2,16097
