setting,subset,n,difference,explained_menref,explained_womenref,unexplained_menref,unexplained_womenref,explained_flip,unexplained_flip,any_flip,error,width,seed,n_params
w=8 s=0,All Patients,3429,0.0078818040435458,0.0055864643273641,0.0235291811547217,0.0022953397161817,-0.0156473771111758,False,True,True,,8,0,209
w=8 s=0,ICUType 1.0,490,0.0294939989088925,0.042708646345738,0.0539233848075657,-0.0132146474368454,-0.0244293858986732,False,False,False,,8,0,209
w=8 s=0,ICUType 2.0,643,-0.000975689080413,0.0012168643589747,-0.0023582964662463,-0.0021925534393877,0.0013826073858333,True,True,True,,8,0,209
w=8 s=0,ICUType 3.0,1357,-0.0217764843549488,0.0091605987398806,0.0085099302409104,-0.0309370830948295,-0.0302864145958593,False,False,False,,8,0,209
w=8 s=0,ICUType 4.0,939,0.0202084035501629,0.0302230503111589,0.0527255727357101,-0.010014646760996,-0.0325171691855472,False,False,False,,8,0,209
w=8 s=0,Age decile 0,374,0.046026807780653,0.0266488517073155,-0.014399576007781,0.0193779560733375,0.060426383788434,True,False,True,,8,0,209
w=8 s=0,Age decile 1,344,0.0273634472301562,0.0651669810476258,-0.0080699793738366,-0.0378035338174696,0.0354334266039928,True,True,True,,8,0,209
w=8 s=0,Age decile 2,347,0.0042864169770219,0.0626613339376265,0.0433405392503408,-0.0583749169606045,-0.0390541222733188,False,False,False,,8,0,209
w=8 s=0,Age decile 3,325,0.0096292729898892,0.040584825740915,0.0963885337352725,-0.0309555527510257,-0.0867592607453833,False,False,False,,8,0,209
w=8 s=0,Age decile 4,372,-0.0152359717577108,-0.0064266826569849,-0.0252537189196138,-0.0088092891007259,0.0100177471619029,False,True,True,,8,0,209
w=8 s=0,Age decile 5,344,-0.0250497851378262,0.0520345248273169,0.0274805092637298,-0.0770843099651431,-0.0525302944015561,False,False,False,,8,0,209
w=8 s=0,Age decile 6,397,-0.0004719207173194,0.0528814863588796,-0.0114852107088407,-0.0533534070761991,0.0110132899915212,True,True,True,,8,0,209
w=8 s=0,Age decile 7,247,0.0173747705218987,0.0665586570190061,-0.0006906004382485,-0.0491838864971073,0.0180653709601473,True,True,True,,8,0,209
w=8 s=0,Age decile 8,354,-0.0216450216450216,0.0193210866102384,0.0041476096230066,-0.0409661082552601,-0.0257926312680283,False,False,False,,8,0,209
w=8 s=0,Age decile 9,325,-0.0771864301276066,0.0368964712563186,-0.0380907228585715,-0.1140829013839252,-0.039095707269035,True,False,True,,8,0,209
w=8 s=0,HR quartile 0,877,0.0371049136786188,0.0306971347786611,0.0853196187533614,0.0064077788999577,-0.0482147050747426,False,True,True,,8,0,209
w=8 s=0,HR quartile 1,917,-0.0169849537037037,0.0243489302290167,0.0227380383597135,-0.0413338839327204,-0.0397229920634172,False,False,False,,8,0,209
w=8 s=0,HR quartile 2,816,0.034861311019492,-0.0064601301119815,0.0469242099909936,0.0413214411314736,-0.0120628989715015,True,True,True,,8,0,209
w=8 s=0,HR quartile 3,819,-0.0232600311906863,-0.0006083103620651,0.0305496864319331,-0.0226517208286211,-0.0538097176226194,True,False,True,,8,0,209
w=8 s=0,MAP quartile 0,877,-0.0141240285818599,0.0252391625732459,0.0270297526842454,-0.0393631911551058,-0.0411537812661053,False,False,False,,8,0,209
w=8 s=0,MAP quartile 1,840,0.02392179413456,0.0197763173998858,0.0123001032333369,0.0041454767346742,0.0116216909012231,False,False,False,,8,0,209
w=8 s=0,MAP quartile 2,866,0.0104058609958506,0.0349254719437746,0.0048621745512494,-0.024519610947924,0.0055436864446011,False,True,True,,8,0,209
w=8 s=0,MAP quartile 3,846,0.0090927756430939,-0.0078269136156259,0.0475447471445121,0.0169196892587198,-0.0384519715014182,True,True,True,,8,0,209
w=8 s=0,Temp quartile 0,902,0.0068727157158747,-0.0013050694718418,0.0318521126254117,0.0081777851877166,-0.024979396909537,True,True,True,,8,0,209
w=8 s=0,Temp quartile 1,864,0.0305627470437901,0.0040009121488953,0.0117221367854084,0.0265618348948948,0.0188406102583817,False,False,False,,8,0,209
w=8 s=0,Temp quartile 2,838,-0.0036346905912123,0.0229666846368465,0.0478056230369869,-0.0266013752280588,-0.0514403136281992,False,False,False,,8,0,209
w=8 s=0,Temp quartile 3,825,-0.0023612750885478,0.0113199387809637,0.0092623861654667,-0.0136812138695116,-0.0116236612540145,False,False,False,,8,0,209
w=8 s=0,Urine quartile 0,859,-0.0313289760348584,0.0118405231129789,0.0115854035308302,-0.0431694991478373,-0.0429143795656886,False,False,False,,8,0,209
w=8 s=0,Urine quartile 1,913,-0.0210526315789473,-0.0008185326690597,-0.0208467907650864,-0.0202340989098876,-0.0002058408138608,False,False,False,,8,0,209
w=8 s=0,Urine quartile 2,802,0.0149901230333403,-0.0006546259104681,0.0114105705976023,0.0156447489438084,0.003579552435738,True,False,True,,8,0,209
w=8 s=0,Urine quartile 3,855,0.0601118199903958,-0.0163647962586225,0.0045908827536,0.0764766162490183,0.0555209372367957,True,False,True,,8,0,209
w=8 s=0,SAPS quartile 0,1025,0.0026756349262149,0.002134582089399,0.0002024943109397,0.0005410528368159,0.0024731406152752,False,False,False,,8,0,209
w=8 s=0,SAPS quartile 1,946,0.0452124666297511,0.0278760976422102,-0.0011752674480257,0.0173363689875409,0.0463877340777769,True,False,True,,8,0,209
w=8 s=0,SAPS quartile 2,660,0.0015384615384615,0.0102470953534331,-0.0179613001129018,-0.0087086338149715,0.0194997616513633,True,True,True,,8,0,209
w=8 s=0,SAPS quartile 3,798,-0.0389986891196934,0.0206053046482147,0.0290398640380464,-0.0596039937679082,-0.0680385531577398,False,False,False,,8,0,209
w=8 s=0,HR > 100,945,-0.0351262896411669,0.0076693833070864,0.0036747516409643,-0.0427956729482534,-0.0388010412821313,False,False,False,,8,0,209
w=8 s=0,MAP < 65,697,-0.0279136809159047,0.0255576876404811,-0.0048950105695028,-0.0534713685563859,-0.0230186703464019,True,False,True,,8,0,209
w=8 s=0,Temp > 38C,267,-0.0430204913392958,0.0350932085015311,-0.0106589897619839,-0.0781136998408269,-0.0323615015773118,True,False,True,,8,0,209
w=8 s=0,Urine > 1000,210,0.0458952811893988,0.0711164969486991,-0.0342597430868886,-0.0252212157593002,0.0801550242762874,True,True,True,,8,0,209
w=8 s=0,Random 50% #1,1714,0.0148182289884191,0.0043179854973962,0.0042749278845231,0.0105002434910229,0.010543301103896,False,False,False,,8,0,209
w=8 s=0,Random 50% #2,1714,0.0038708396744524,0.0228282755859061,0.0122684983082971,-0.0189574359114537,-0.0083976586338446,False,False,False,,8,0,209
w=8 s=0,Random 50% #3,1714,0.0221853388658367,0.0218502662744766,0.023688912904924,0.0003350725913601,-0.0015035740390872,False,True,True,,8,0,209
w=8 s=0,Random 50% #4,1714,0.0209444740819774,0.0152382757832023,0.0152769020933612,0.005706198298775,0.0056675719886161,False,False,False,,8,0,209
w=8 s=0,Random 50% #5,1714,0.025145147627017,0.0087212162524276,0.0283110670973194,0.0164239313745894,-0.0031659194703023,False,True,True,,8,0,209
w=8 s=0,Random 50% #6,1714,-0.0032358828377694,0.0124980488543718,0.0214150989978428,-0.0157339316921413,-0.0246509818356123,False,False,False,,8,0,209
w=8 s=0,Random 50% #7,1714,0.0203886964648963,0.0184739216707305,0.027271734719493,0.0019147747941658,-0.0068830382545966,False,True,True,,8,0,209
w=8 s=0,Random 50% #8,1714,-0.0080211409064465,0.0170064842971208,0.0204785552848636,-0.0250276252035674,-0.0284996961913101,False,False,False,,8,0,209
w=8 s=0,Random 50% #9,1714,-0.0018808498325041,0.0207774483791893,0.0249358516362927,-0.0226582982116935,-0.0268167014687969,False,False,False,,8,0,209
w=8 s=0,Random 50% #10,1714,0.0032849222618878,0.0122093693246304,0.0124050074304121,-0.0089244470627426,-0.0091200851685243,False,False,False,,8,0,209
w=8 s=0,Random 50% #11,1714,0.0064028840624585,0.0242979481689015,0.0171349346799395,-0.017895064106443,-0.010732050617481,False,False,False,,8,0,209
w=8 s=0,Random 50% #12,1714,-0.0033234372422892,0.0101056964284843,0.0192030261762141,-0.0134291336707735,-0.0225264634185034,False,False,False,,8,0,209
w=8 s=0,Random 50% #13,1714,0.0032517955657333,0.0056222095870311,0.0216913178833683,-0.0023704140212977,-0.018439522317635,False,False,False,,8,0,209
w=8 s=0,Random 50% #14,1714,0.0062157191184681,0.0085562300530943,0.0288643277864014,-0.0023405109346262,-0.0226486086679332,False,False,False,,8,0,209
w=8 s=0,Random 50% #15,1714,0.0026854501430772,0.0229306987216322,0.0219591750006026,-0.0202452485785549,-0.0192737248575253,False,False,False,,8,0,209
w=8 s=0,Random 50% #16,1714,0.0188052608311229,0.0171310379192511,0.0167518076484021,0.0016742229118717,0.0020534531827207,False,False,False,,8,0,209
w=8 s=0,Random 50% #17,1714,0.0073507410721795,0.0045301910957007,0.030394552992106,0.0028205499764787,-0.0230438119199264,False,True,True,,8,0,209
w=8 s=0,Random 50% #18,1714,0.0251803786741562,0.0238437715781014,0.0311102937712553,0.0013366070960547,-0.0059299150970991,False,True,True,,8,0,209
w=8 s=0,Random 50% #19,1714,0.0087463233253787,0.004511967499287,0.0021743572531562,0.0042343558260917,0.0065719660722225,False,False,False,,8,0,209
w=8 s=0,Random 50% #20,1714,0.0239488541873964,-0.007667927419614,0.0220835355566873,0.0316167816070104,0.0018653186307091,True,False,True,,8,0,209
w=8 s=0,Random 50% #21,1714,0.0016605879752431,0.0163444418113256,0.0140550136001675,-0.0146838538360824,-0.0123944256249243,False,False,False,,8,0,209
w=8 s=0,Random 50% #22,1714,0.0178287222426975,0.0172607533021553,0.0230448412517993,0.0005679689405422,-0.0052161190091017,False,True,True,,8,0,209
w=8 s=0,Random 50% #23,1714,-0.0051929851771431,0.0070436699913582,0.013303946436706,-0.0122366551685013,-0.0184969316138491,False,False,False,,8,0,209
w=8 s=0,Random 50% #24,1714,0.0201698382197979,0.0210589283630459,0.026254684457091,-0.000889090143248,-0.006084846237293,False,False,False,,8,0,209
w=8 s=0,Random 50% #25,1714,0.0024135223603308,0.0158495849004997,0.0119245207219106,-0.0134360625401689,-0.0095109983615797,False,False,False,,8,0,209
w=8 s=0,Random 50% #26,1714,-0.0063986093578627,0.011730852160238,0.0147308718857004,-0.0181294615181007,-0.0211294812435631,False,False,False,,8,0,209
w=8 s=0,Random 50% #27,1714,-0.0048317683881064,0.0152663886358996,0.0159851463307442,-0.020098157024006,-0.0208169147188506,False,False,False,,8,0,209
w=8 s=0,Random 50% #28,1714,0.0098094573797898,-7.646487100101962e-05,0.0295910874373739,0.0098859222507908,-0.019781630057584,True,True,True,,8,0,209
w=8 s=0,Random 50% #29,1714,0.0125552608311229,0.0121454824046643,0.008066778959515,0.0004097784264585,0.0044884818716078,False,False,False,,8,0,209
w=8 s=0,Random 50% #30,1714,0.0022139615866539,0.0129566679030566,0.0359325008713344,-0.0107427063164027,-0.0337185392846804,False,False,False,,8,0,209
w=8 s=0,Random 50% #31,1714,0.0081502190717898,-0.0005313904946932,0.0099229095854255,0.008681609566483,-0.0017726905136357,True,True,True,,8,0,209
w=8 s=0,Random 50% #32,1714,-0.0092920029904661,0.0054479808350231,0.020719029368442,-0.0147399838254893,-0.0300110323589082,False,False,False,,8,0,209
w=8 s=0,Random 50% #33,1714,-0.002514181228832,0.0101878599706194,0.0119049997599682,-0.0127020411994514,-0.0144191809888002,False,False,False,,8,0,209
w=8 s=0,Random 50% #34,1714,0.0070180513371488,0.0154987565506385,0.0103302332887475,-0.0084807052134897,-0.0033121819515986,False,False,False,,8,0,209
w=8 s=0,Random 50% #35,1714,0.0093248828878478,0.0128456732204367,0.0194362442068025,-0.0035207903325888,-0.0101113613189546,False,False,False,,8,0,209
w=8 s=0,Random 50% #36,1714,0.016912667846362,0.0083458239652034,0.0338668156557099,0.0085668438811585,-0.0169541478093478,False,True,True,,8,0,209
w=8 s=0,Random 50% #37,1714,0.0036653828805384,0.0083952483057379,0.0228634298125413,-0.0047298654251994,-0.0191980469320028,False,False,False,,8,0,209
w=8 s=0,Random 50% #38,1714,0.0021576191788371,0.0209563998179353,0.018751082664069,-0.0187987806390982,-0.0165934634852319,False,False,False,,8,0,209
w=8 s=0,Random 50% #39,1714,0.0170086158804934,0.0131414545295031,0.029024624071068,0.0038671613509903,-0.0120160081905746,False,True,True,,8,0,209
w=8 s=0,Random 50% #40,1714,0.018520937100027,0.019960067782934,0.0452633728053365,-0.0014391306829069,-0.0267424357053094,False,False,False,,8,0,209
w=8 s=0,Random 50% #41,1714,0.0027199322354597,0.0037805313321025,0.0029126839007277,-0.0010605990966428,-0.000192751665268,False,False,False,,8,0,209
w=8 s=0,Random 50% #42,1714,0.0178900300253214,0.0300155345976021,0.013507810004895,-0.0121255045722806,0.0043822200204263,False,True,True,,8,0,209
w=8 s=0,Random 50% #43,1714,0.0169958506224066,0.0128241282944747,0.0146234292143091,0.0041717223279318,0.0023724214080975,False,False,False,,8,0,209
w=8 s=0,Random 50% #44,1714,-0.0080414937759336,0.0152365138156788,0.0177542035810944,-0.0232780075916124,-0.025795697357028,False,False,False,,8,0,209
w=8 s=0,Random 50% #45,1714,-0.0006684003732017,0.017850431548983,0.0196826620222268,-0.0185188319221847,-0.0203510623954285,False,False,False,,8,0,209
w=8 s=0,Random 50% #46,1714,-0.0127567411871579,0.0223856872992062,0.0159459381577224,-0.0351424284863641,-0.0287026793448803,False,False,False,,8,0,209
w=8 s=0,Random 50% #47,1714,-0.0023071888899981,0.0180437976063385,0.0333677019120934,-0.0203509864963367,-0.0356748908020915,False,False,False,,8,0,209
w=8 s=0,Random 50% #48,1714,0.0007707867678387,0.0156909890596996,0.0157612871195828,-0.0149202022918609,-0.014990500351744,False,False,False,,8,0,209
w=8 s=0,Random 50% #49,1714,-0.0052585890287469,0.0119237798787231,0.013991534104148,-0.0171823689074701,-0.019250123132895,False,False,False,,8,0,209
w=8 s=0,Random 50% #50,1714,-0.009935439192208,0.0080441064570049,-0.0029705777748487,-0.017979545649213,-0.0069648614173592,True,False,True,,8,0,209
w=8 s=0,Random 30% #1,1028,0.0177032019704433,0.0269524828995375,0.0170811608117339,-0.0092492809290941,0.0006220411587093,False,True,True,,8,0,209
w=8 s=0,Random 30% #2,1028,-0.0188812287552644,0.0089575786401122,-0.0023984083858784,-0.0278388073953767,-0.0164828203693859,True,False,True,,8,0,209
w=8 s=0,Random 30% #3,1028,-0.0136963318843895,-0.0178448829549354,0.0029214107581199,0.0041485510705459,-0.0166177426425094,True,True,True,,8,0,209
w=8 s=0,Random 30% #4,1028,0.012612065619632,0.0150125607656725,0.0119623645404465,-0.0024004951460405,0.0006497010791855,False,True,True,,8,0,209
w=8 s=0,Random 30% #5,1028,0.012955140579904,0.034562307826614,0.0261859722029185,-0.02160716724671,-0.0132308316230145,False,False,False,,8,0,209
w=8 s=0,Random 30% #6,1028,0.011061887501678,-0.0048349102997751,0.0281750920637127,0.0158967978014532,-0.0171132045620347,True,True,True,,8,0,209
w=8 s=0,Random 30% #7,1028,-0.0019795447047178,0.0166439208484021,0.0169826631858197,-0.01862346555312,-0.0189622078905376,False,False,False,,8,0,209
w=8 s=0,Random 30% #8,1028,-0.0013757582957458,-0.0036324193030601,0.0252575988559519,0.0022566610073142,-0.0266333571516978,True,True,True,,8,0,209
w=8 s=0,Random 30% #9,1028,0.0167924069116573,-0.002122454885598,0.0191768414989552,0.0189148617972553,-0.0023844345872978,True,True,True,,8,0,209
w=8 s=0,Random 30% #10,1028,0.0218614718614718,-0.002832114503318,0.0093160135073687,0.0246935863647898,0.0125454583541031,True,False,True,,8,0,209
w=8 s=0,Random 30% #11,1028,0.0036992125742528,0.0143008040742315,0.0245824163669759,-0.0106015914999787,-0.0208832037927231,False,False,False,,8,0,209
w=8 s=0,Random 30% #12,1028,-0.0176439165409753,0.009367994625219,-0.0031948622625699,-0.0270119111661944,-0.0144490542784053,True,False,True,,8,0,209
w=8 s=0,Random 30% #13,1028,0.0061871080085679,0.0185634642584494,-0.0093878608788798,-0.0123763562498815,0.0155749688874477,True,True,True,,8,0,209
w=8 s=0,Random 30% #14,1028,-0.0024039572835282,0.0195942392911609,0.0126160281943009,-0.0219981965746892,-0.0150199854778292,False,False,False,,8,0,209
w=8 s=0,Random 30% #15,1028,-0.0014797507788162,0.027518659878533,0.0180061936821467,-0.0289984106573492,-0.0194859444609629,False,False,False,,8,0,209
w=8 s=0,Random 30% #16,1028,0.006823838043474,0.0029478205572426,0.0248630348063823,0.0038760174862313,-0.0180391967629083,False,True,True,,8,0,209
w=8 s=0,Random 30% #17,1028,0.0030261642698374,0.0359513929508964,0.0310810930031675,-0.0329252286810589,-0.02805492873333,False,False,False,,8,0,209
w=8 s=0,Random 30% #18,1028,0.008237689744539,0.009540993575064,0.0287583983716263,-0.0013033038305249,-0.0205207086270872,False,False,False,,8,0,209
w=8 s=0,Random 30% #19,1028,0.0066883064376393,0.000923679215608,0.0028976278415565,0.0057646272220312,0.0037906785960827,False,False,False,,8,0,209
w=8 s=0,Random 30% #20,1028,-0.0099963316214233,0.0127636455681535,0.0206870294780663,-0.0227599771895769,-0.0306833610994896,False,False,False,,8,0,209
w=8 s=0,Random 30% #21,1028,0.002277451699682,0.0247684601021247,0.0093367788705497,-0.0224910084024427,-0.0070593271708676,False,False,False,,8,0,209
w=8 s=0,Random 30% #22,1028,0.0271739130434782,0.0021059018880802,0.020243040831877,0.025068011155398,0.0069308722116012,False,False,False,,8,0,209
w=8 s=0,Random 30% #23,1028,0.0053719593676173,0.0259769622761536,0.0082724658615462,-0.0206050029085362,-0.0029005064939288,False,False,False,,8,0,209
w=8 s=0,Random 30% #24,1028,0.0374355138753044,0.0262020102289639,0.0144277437984749,0.0112335036463405,0.0230077700768295,False,False,False,,8,0,209
w=8 s=0,Random 30% #25,1028,0.0207335170659317,0.000241923381071,0.0162443361685477,0.0204915936848607,0.004489180897384,False,False,False,,8,0,209
w=8 s=0,Random 30% #26,1028,0.000322640117994,0.02020938535737,0.0073406135080112,-0.0198867452393759,-0.0070179733900171,False,False,False,,8,0,209
w=8 s=0,Random 30% #27,1028,-0.0133699862551543,0.0214251457714309,-0.0091031857975034,-0.0347951320265852,-0.0042668004576508,True,False,True,,8,0,209
w=8 s=0,Random 30% #28,1028,0.0048546691403834,0.0282559120582882,0.0302273130195197,-0.0234012429179048,-0.0253726438791363,False,False,False,,8,0,209
w=8 s=0,Random 30% #29,1028,0.0132264436461088,0.0054190918710577,0.0015420420233112,0.0078073517750511,0.0116844016227976,False,False,False,,8,0,209
w=8 s=0,Random 30% #30,1028,0.0073191060456281,0.0031942824872031,0.0054209495239032,0.004124823558425,0.0018981565217248,False,False,False,,8,0,209
w=8 s=0,Random 30% #31,1028,0.0186572318838355,0.0230904918371072,0.0312012274050268,-0.0044332599532717,-0.0125439955211913,False,False,False,,8,0,209
w=8 s=0,Random 30% #32,1028,0.0146773132638857,0.0392531924768952,0.0013054789660507,-0.0245758792130094,0.0133718342978349,False,True,True,,8,0,209
w=8 s=0,Random 30% #33,1028,0.0107989019115876,0.0176964315713446,0.0247014619527047,-0.0068975296597569,-0.0139025600411171,False,False,False,,8,0,209
w=8 s=0,Random 30% #34,1028,0.0036708111308466,0.0107735130417974,0.0174310013649195,-0.0071027019109507,-0.0137601902340728,False,False,False,,8,0,209
w=8 s=0,Random 30% #35,1028,-0.0021279853031231,0.0268258324315425,0.0137299546374607,-0.0289538177346656,-0.0158579399405838,False,False,False,,8,0,209
w=8 s=0,Random 30% #36,1028,-0.0048226599270606,0.032725400461398,0.0183310878606305,-0.0375480603884586,-0.0231537477876911,False,False,False,,8,0,209
w=8 s=0,Random 30% #37,1028,-0.0037446257685728,0.0277337133567907,0.0541165899075494,-0.0314783391253636,-0.0578612156761223,False,False,False,,8,0,209
w=8 s=0,Random 30% #38,1028,0.0108722741433021,-0.0106398322206604,0.028233307977948,0.0215121063639626,-0.0173610338346458,True,True,True,,8,0,209
w=8 s=0,Random 30% #39,1028,0.0380230468256006,0.0226385848963789,0.0149324464770348,0.0153844619292217,0.0230906003485657,False,False,False,,8,0,209
w=8 s=0,Random 30% #40,1028,-0.0156995008383602,-0.0048375207296885,0.0223369930030878,-0.0108619801086717,-0.038036493841448,True,False,True,,8,0,209
w=8 s=0,Random 30% #41,1028,0.0003191021554961,0.0069410787915584,0.0266346568519315,-0.0066219766360623,-0.0263155546964354,False,False,False,,8,0,209
w=8 s=0,Random 30% #42,1028,0.0039796984507742,0.0235176034506567,0.0012273365673982,-0.0195379049998824,0.0027523618833759,False,True,True,,8,0,209
w=8 s=0,Random 30% #43,1028,0.0320665445665445,0.0320384593737418,0.0135085539544755,2.8085192802673745e-05,0.0185579906120689,False,False,False,,8,0,209
w=8 s=0,Random 30% #44,1028,0.014617494198646,0.0104537545179128,0.0406365642724529,0.0041637396807331,-0.0260190700738068,False,True,True,,8,0,209
w=8 s=0,Random 30% #45,1028,-0.010677190889205,0.0074987917497658,-0.0082493066399489,-0.0181759826389708,-0.002427884249256,True,False,True,,8,0,209
w=8 s=0,Random 30% #46,1028,-0.0211341559464426,0.0144851326464727,-0.0026778421074427,-0.0356192885929153,-0.0184563138389999,True,False,True,,8,0,209
w=8 s=0,Random 30% #47,1028,0.0021068472535741,0.0119048111637586,0.0350644967137691,-0.0097979639101845,-0.032957649460195,False,False,False,,8,0,209
w=8 s=0,Random 30% #48,1028,0.0099373113536103,0.019229624318611,0.0310557704862966,-0.0092923129650006,-0.0211184591326862,False,False,False,,8,0,209
w=8 s=0,Random 30% #49,1028,-0.0033935788911766,0.0068667382603403,-0.0030266747194493,-0.010260317151517,-0.0003669041717273,True,False,True,,8,0,209
w=8 s=0,Random 30% #50,1028,-0.0149638584774062,0.0223270566530728,0.0259621485000504,-0.037290915130479,-0.0409260069774567,False,False,False,,8,0,209
w=8 s=1,All Patients,3429,0.0078818040435458,0.0202065160882721,0.0217596532673375,-0.0123247120447262,-0.0138778492237916,False,False,False,,8,1,209
w=8 s=1,ICUType 1.0,490,0.0294939989088925,0.0157198558027443,0.035229207006008,0.0137741431061481,-0.0057352080971155,False,True,True,,8,1,209
w=8 s=1,ICUType 2.0,643,-0.000975689080413,-0.0065369561571157,0.0099093722017499,0.0055612670767026,-0.010885061282163,True,True,True,,8,1,209
w=8 s=1,ICUType 3.0,1357,-0.0217764843549488,0.016778289807031,0.0188080096231764,-0.0385547741619799,-0.0405844939781253,False,False,False,,8,1,209
w=8 s=1,ICUType 4.0,939,0.0202084035501629,0.0352202339311178,0.0416153586657765,-0.0150118303809549,-0.0214069551156136,False,False,False,,8,1,209
w=8 s=1,Age decile 0,374,0.046026807780653,0.0463615388332639,-0.003374642677971,-0.0003347310526109,0.049401450458624,True,True,True,,8,1,209
w=8 s=1,Age decile 1,344,0.0273634472301562,0.0474890683973265,-0.0022947224819036,-0.0201256211671703,0.0296581697120599,True,True,True,,8,1,209
w=8 s=1,Age decile 2,347,0.0042864169770219,0.0028646582217959,0.0612592749490107,0.001421758755226,-0.0569728579719887,False,True,True,,8,1,209
w=8 s=1,Age decile 3,325,0.0096292729898892,0.0321844618590929,0.05454169650364,-0.0225551888692036,-0.0449124235137507,False,False,False,,8,1,209
w=8 s=1,Age decile 4,372,-0.0152359717577108,-0.0031143335658856,-0.0181641727943761,-0.0121216381918252,0.0029282010366653,False,True,True,,8,1,209
w=8 s=1,Age decile 5,344,-0.0250497851378262,0.0013173487329176,-0.007508256875075,-0.0263671338707438,-0.0175415282627511,True,False,True,,8,1,209
w=8 s=1,Age decile 6,397,-0.0004719207173194,0.0297234421259807,0.0046588255521209,-0.0301953628433002,-0.0051307462694404,False,False,False,,8,1,209
w=8 s=1,Age decile 7,247,0.0173747705218987,0.0093395657725771,0.025976637147506,0.0080352047493216,-0.0086018666256072,False,True,True,,8,1,209
w=8 s=1,Age decile 8,354,-0.0216450216450216,0.0038703510316286,0.003385632590495,-0.0255153726766502,-0.0250306542355166,False,False,False,,8,1,209
w=8 s=1,Age decile 9,325,-0.0771864301276066,0.0023671092502445,-0.0098501480611447,-0.0795535393778511,-0.0673362820664618,True,False,True,,8,1,209
w=8 s=1,HR quartile 0,877,0.0371049136786188,0.0405936740455126,0.0140305249509858,-0.0034887603668937,0.0230743887276329,False,True,True,,8,1,209
w=8 s=1,HR quartile 1,917,-0.0169849537037037,0.0154456959759143,0.0160662786782103,-0.032430649679618,-0.033051232381914,False,False,False,,8,1,209
w=8 s=1,HR quartile 2,816,0.034861311019492,0.0100758174992034,0.0326360525606052,0.0247854935202886,0.0022252584588868,False,False,False,,8,1,209
w=8 s=1,HR quartile 3,819,-0.0232600311906863,-0.0098532220717091,0.0067877093012581,-0.0134068091189771,-0.0300477404919444,True,False,True,,8,1,209
w=8 s=1,MAP quartile 0,877,-0.0141240285818599,0.0169384912156647,0.0045949834317732,-0.0310625197975246,-0.0187190120136331,False,False,False,,8,1,209
w=8 s=1,MAP quartile 1,840,0.02392179413456,0.0052137632563657,0.0548295060604135,0.0187080308781943,-0.0309077119258534,False,True,True,,8,1,209
w=8 s=1,MAP quartile 2,866,0.0104058609958506,0.0094711623151486,0.0098671724628658,0.0009346986807019,0.0005386885329848,False,False,False,,8,1,209
w=8 s=1,MAP quartile 3,846,0.0090927756430939,0.0325557878146443,0.0233408495193318,-0.0234630121715504,-0.0142480738762379,False,False,False,,8,1,209
w=8 s=1,Temp quartile 0,902,0.0068727157158747,0.0156771073673964,0.016109643747152,-0.0088043916515216,-0.0092369280312772,False,False,False,,8,1,209
w=8 s=1,Temp quartile 1,864,0.0305627470437901,0.0367436479587204,0.0246847064345705,-0.0061809009149302,0.0058780406092195,False,True,True,,8,1,209
w=8 s=1,Temp quartile 2,838,-0.0036346905912123,0.0087219953035533,0.0455616094450183,-0.0123566858947656,-0.0491963000362306,False,False,False,,8,1,209
w=8 s=1,Temp quartile 3,825,-0.0023612750885478,0.0049658701481567,0.0132007608181406,-0.0073271452367045,-0.0155620359066884,False,False,False,,8,1,209
w=8 s=1,Urine quartile 0,859,-0.0313289760348584,-0.0102595345711965,0.0292630541799217,-0.0210694414636618,-0.0605920302147801,True,False,True,,8,1,209
w=8 s=1,Urine quartile 1,913,-0.0210526315789473,-0.0020865465691503,0.0085019191604883,-0.018966085009797,-0.0295545507394357,True,False,True,,8,1,209
w=8 s=1,Urine quartile 2,802,0.0149901230333403,0.0281972128076645,0.0100843853922227,-0.0132070897743242,0.0049057376411175,False,True,True,,8,1,209
w=8 s=1,Urine quartile 3,855,0.0601118199903958,0.0151754690936041,0.0011457308313165,0.0449363508967916,0.0589660891590792,False,False,False,,8,1,209
w=8 s=1,SAPS quartile 0,1025,0.0026756349262149,0.0042038864818655,0.0105543560253514,-0.0015282515556505,-0.0078787210991364,False,False,False,,8,1,209
w=8 s=1,SAPS quartile 1,946,0.0452124666297511,0.019942136321153,0.0184086079905604,0.0252703303085981,0.0268038586391907,False,False,False,,8,1,209
w=8 s=1,SAPS quartile 2,660,0.0015384615384615,0.0238383059034272,0.0121138566867385,-0.0222998443649656,-0.0105753951482769,False,False,False,,8,1,209
w=8 s=1,SAPS quartile 3,798,-0.0389986891196934,0.0205231282535579,0.0509794100656854,-0.0595218173732514,-0.0899780991853789,False,False,False,,8,1,209
w=8 s=1,HR > 100,945,-0.0351262896411669,0.0042048995665905,0.01516322866757,-0.0393311892077575,-0.0502895183087369,False,False,False,,8,1,209
w=8 s=1,MAP < 65,697,-0.0279136809159047,0.0342866549479185,-0.0095155823545593,-0.0622003358638233,-0.0183980985613454,True,False,True,,8,1,209
w=8 s=1,Temp > 38C,267,-0.0430204913392958,0.0326806974628819,-0.0110113940286961,-0.0757011888021777,-0.0320090973105996,True,False,True,,8,1,209
w=8 s=1,Urine > 1000,210,0.0458952811893988,0.0445437222634692,-0.0208274784765139,0.0013515589259295,0.0667227596659128,True,False,True,,8,1,209
w=8 s=1,Random 50% #1,1714,0.0148182289884191,0.0175384615621992,0.0113928768089185,-0.00272023257378,0.0034253521795006,False,True,True,,8,1,209
w=8 s=1,Random 50% #2,1714,0.0038708396744524,0.0192202828583396,0.0117344752628993,-0.0153494431838872,-0.0078636355884468,False,False,False,,8,1,209
w=8 s=1,Random 50% #3,1714,0.0221853388658367,0.0140178986042639,0.0138529140454881,0.0081674402615728,0.0083324248203486,False,False,False,,8,1,209
w=8 s=1,Random 50% #4,1714,0.0209444740819774,0.0162837327906958,0.015617820955722,0.0046607412912815,0.0053266531262553,False,False,False,,8,1,209
w=8 s=1,Random 50% #5,1714,0.025145147627017,0.0213254087505306,0.0327283767686497,0.0038197388764864,-0.0075832291416326,False,True,True,,8,1,209
w=8 s=1,Random 50% #6,1714,-0.0032358828377694,0.0124436381058681,0.0389566670041395,-0.0156795209436376,-0.042192549841909,False,False,False,,8,1,209
w=8 s=1,Random 50% #7,1714,0.0203886964648963,0.0233241218006994,0.029616044916789,-0.002935425335803,-0.0092273484518926,False,False,False,,8,1,209
w=8 s=1,Random 50% #8,1714,-0.0080211409064465,0.0261776855531683,0.0177506059474755,-0.0341988264596149,-0.0257717468539221,False,False,False,,8,1,209
w=8 s=1,Random 50% #9,1714,-0.0018808498325041,0.0191966130021769,0.015978175888531,-0.0210774628346811,-0.0178590257210352,False,False,False,,8,1,209
w=8 s=1,Random 50% #10,1714,0.0032849222618878,0.0245247121040165,0.0220043935048692,-0.0212397898421287,-0.0187194712429813,False,False,False,,8,1,209
w=8 s=1,Random 50% #11,1714,0.0064028840624585,0.0164130860395228,0.0226503906903881,-0.0100102019770643,-0.0162475066279295,False,False,False,,8,1,209
w=8 s=1,Random 50% #12,1714,-0.0033234372422892,0.0245898273285603,0.0203238422361741,-0.0279132645708496,-0.0236472794784634,False,False,False,,8,1,209
w=8 s=1,Random 50% #13,1714,0.0032517955657333,0.0208514390555872,0.0220953690747457,-0.0175996434898538,-0.0188435735090123,False,False,False,,8,1,209
w=8 s=1,Random 50% #14,1714,0.0062157191184681,0.0182669333678568,0.0130065839217284,-0.0120512142493886,-0.0067908648032602,False,False,False,,8,1,209
w=8 s=1,Random 50% #15,1714,0.0026854501430772,0.0197598074084348,0.0167476920062271,-0.0170743572653575,-0.0140622418631498,False,False,False,,8,1,209
w=8 s=1,Random 50% #16,1714,0.0188052608311229,0.0222674868306294,0.0153507780912893,-0.0034622259995065,0.0034544827398335,False,True,True,,8,1,209
w=8 s=1,Random 50% #17,1714,0.0073507410721795,0.0135027942395615,0.0245372299941866,-0.006152053167382,-0.0171864889220071,False,False,False,,8,1,209
w=8 s=1,Random 50% #18,1714,0.0251803786741562,0.0285583859914128,0.0357946143818906,-0.0033780073172565,-0.0106142357077344,False,False,False,,8,1,209
w=8 s=1,Random 50% #19,1714,0.0087463233253787,0.0146501079052238,0.0109657555881906,-0.005903784579845,-0.0022194322628118,False,False,False,,8,1,209
w=8 s=1,Random 50% #20,1714,0.0239488541873964,0.0162758542318387,0.0231454224488513,0.0076729999555576,0.000803431738545,False,False,False,,8,1,209
w=8 s=1,Random 50% #21,1714,0.0016605879752431,0.0165140422909131,0.0259196145903575,-0.0148534543156699,-0.0242590266151144,False,False,False,,8,1,209
w=8 s=1,Random 50% #22,1714,0.0178287222426975,0.0130671551718368,0.0335467548652178,0.0047615670708607,-0.0157180326225202,False,True,True,,8,1,209
w=8 s=1,Random 50% #23,1714,-0.0051929851771431,0.0100825430999509,0.016786369145412,-0.015275528277094,-0.0219793543225551,False,False,False,,8,1,209
w=8 s=1,Random 50% #24,1714,0.0201698382197979,0.02326752287998,0.0398989861485922,-0.003097684660182,-0.0197291479287942,False,False,False,,8,1,209
w=8 s=1,Random 50% #25,1714,0.0024135223603308,0.0268559074163318,0.0193516986192954,-0.024442385056001,-0.0169381762589646,False,False,False,,8,1,209
w=8 s=1,Random 50% #26,1714,-0.0063986093578627,0.0201096159028123,0.0171137099518038,-0.026508225260675,-0.0235123193096665,False,False,False,,8,1,209
w=8 s=1,Random 50% #27,1714,-0.0048317683881064,0.0299168110485158,0.0256683544047701,-0.0347485794366223,-0.0305001227928765,False,False,False,,8,1,209
w=8 s=1,Random 50% #28,1714,0.0098094573797898,0.0183858178869954,0.0199445622965944,-0.0085763605072055,-0.0101351049168045,False,False,False,,8,1,209
w=8 s=1,Random 50% #29,1714,0.0125552608311229,0.0176901396712974,0.0120647164213898,-0.0051348788401745,0.000490544409733,False,True,True,,8,1,209
w=8 s=1,Random 50% #30,1714,0.0022139615866539,0.0132533420047763,0.0197697419803467,-0.0110393804181224,-0.0175557803936927,False,False,False,,8,1,209
w=8 s=1,Random 50% #31,1714,0.0081502190717898,0.0157203361958261,0.0162772876670961,-0.0075701171240363,-0.0081270685953063,False,False,False,,8,1,209
w=8 s=1,Random 50% #32,1714,-0.0092920029904661,0.0115084099329223,0.0192721257486797,-0.0208004129233885,-0.0285641287391459,False,False,False,,8,1,209
w=8 s=1,Random 50% #33,1714,-0.002514181228832,0.0140610008268414,0.0186989443888707,-0.0165751820556735,-0.0212131256177028,False,False,False,,8,1,209
w=8 s=1,Random 50% #34,1714,0.0070180513371488,0.0205321759176514,0.0089134384553287,-0.0135141245805026,-0.0018953871181798,False,False,False,,8,1,209
w=8 s=1,Random 50% #35,1714,0.0093248828878478,0.0253370978066246,0.0212518426500731,-0.0160122149187767,-0.0119269597622252,False,False,False,,8,1,209
w=8 s=1,Random 50% #36,1714,0.016912667846362,0.0162532909610648,0.0372915191429932,0.0006593768852971,-0.0203788512966312,False,True,True,,8,1,209
w=8 s=1,Random 50% #37,1714,0.0036653828805384,0.016378859401536,0.0140470138560561,-0.0127134765209975,-0.0103816309755176,False,False,False,,8,1,209
w=8 s=1,Random 50% #38,1714,0.0021576191788371,0.0196699711819172,0.0254432503844832,-0.01751235200308,-0.023285631205646,False,False,False,,8,1,209
w=8 s=1,Random 50% #39,1714,0.0170086158804934,0.0028411430817282,0.0113426672825097,0.0141674727987651,0.0056659485979836,False,False,False,,8,1,209
w=8 s=1,Random 50% #40,1714,0.018520937100027,0.0194144993793234,0.01928799465972,-0.0008935622792963,-0.0007670575596929,False,False,False,,8,1,209
w=8 s=1,Random 50% #41,1714,0.0027199322354597,0.0202917123513718,0.0156386863113485,-0.0175717801159121,-0.0129187540758887,False,False,False,,8,1,209
w=8 s=1,Random 50% #42,1714,0.0178900300253214,0.0269769262141972,0.0092951245823698,-0.0090868961888758,0.0085949054429516,False,True,True,,8,1,209
w=8 s=1,Random 50% #43,1714,0.0169958506224066,0.0213264766895403,0.0245250383240468,-0.0043306260671337,-0.0075291877016401,False,False,False,,8,1,209
w=8 s=1,Random 50% #44,1714,-0.0080414937759336,0.0172097881127382,0.0148549477493583,-0.0252512818886718,-0.0228964415252919,False,False,False,,8,1,209
w=8 s=1,Random 50% #45,1714,-0.0006684003732017,0.0318061070972984,0.0125253237275526,-0.0324745074705001,-0.0131937241007543,False,False,False,,8,1,209
w=8 s=1,Random 50% #46,1714,-0.0127567411871579,0.0254862906925144,0.0281616877597528,-0.0382430318796723,-0.0409184289469108,False,False,False,,8,1,209
w=8 s=1,Random 50% #47,1714,-0.0023071888899981,0.0174246819134188,0.0207378366011829,-0.0197318708034169,-0.023045025491181,False,False,False,,8,1,209
w=8 s=1,Random 50% #48,1714,0.0007707867678387,0.0291711014321438,0.0329767679244091,-0.028400314664305,-0.0322059811565704,False,False,False,,8,1,209
w=8 s=1,Random 50% #49,1714,-0.0052585890287469,0.0170029796332218,0.0279181110113856,-0.0222615686619687,-0.0331767000401326,False,False,False,,8,1,209
w=8 s=1,Random 50% #50,1714,-0.009935439192208,0.0168714874993324,-0.0022290700812835,-0.0268069266915405,-0.0077063691109245,True,False,True,,8,1,209
w=8 s=1,Random 30% #1,1028,0.0177032019704433,0.0173090300409656,0.0315007822831515,0.0003941719294776,-0.0137975803127081,False,True,True,,8,1,209
w=8 s=1,Random 30% #2,1028,-0.0188812287552644,-0.0223153058331054,0.0314797012473885,0.003434077077841,-0.050360930002653,True,True,True,,8,1,209
w=8 s=1,Random 30% #3,1028,-0.0136963318843895,-0.0229718846466264,0.0195429305652285,0.0092755527622369,-0.033239262449618,True,True,True,,8,1,209
w=8 s=1,Random 30% #4,1028,0.012612065619632,0.0122072724321507,0.0061234825720278,0.0004047931874813,0.0064885830476042,False,False,False,,8,1,209
w=8 s=1,Random 30% #5,1028,0.012955140579904,0.019556284792885,0.0160480604970248,-0.0066011442129809,-0.0030929199171207,False,False,False,,8,1,209
w=8 s=1,Random 30% #6,1028,0.011061887501678,0.009805459818499,0.0135162769231529,0.0012564276831789,-0.0024543894214748,False,True,True,,8,1,209
w=8 s=1,Random 30% #7,1028,-0.0019795447047178,0.0264965354958421,0.025781499340341,-0.02847608020056,-0.0277610440450589,False,False,False,,8,1,209
w=8 s=1,Random 30% #8,1028,-0.0013757582957458,0.012357168846906,0.018528553486951,-0.0137329271426518,-0.0199043117826969,False,False,False,,8,1,209
w=8 s=1,Random 30% #9,1028,0.0167924069116573,0.0165036402933002,0.0131741445460794,0.0002887666183571,0.0036182623655778,False,False,False,,8,1,209
w=8 s=1,Random 30% #10,1028,0.0218614718614718,0.0074439129397134,0.0037395683627916,0.0144175589217584,0.0181219034986802,False,False,False,,8,1,209
w=8 s=1,Random 30% #11,1028,0.0036992125742528,0.014743127679641,0.0137690764261159,-0.0110439151053881,-0.0100698638518631,False,False,False,,8,1,209
w=8 s=1,Random 30% #12,1028,-0.0176439165409753,0.0161370028182576,0.0097731426896438,-0.033780919359233,-0.0274170592306192,False,False,False,,8,1,209
w=8 s=1,Random 30% #13,1028,0.0061871080085679,-0.0044117384031215,0.0144636960364117,0.0105988464116894,-0.0082765880278437,True,True,True,,8,1,209
w=8 s=1,Random 30% #14,1028,-0.0024039572835282,0.0191425084749528,0.0133169723644744,-0.0215464657584811,-0.0157209296480026,False,False,False,,8,1,209
w=8 s=1,Random 30% #15,1028,-0.0014797507788162,0.016986085813449,0.016649152989546,-0.0184658365922652,-0.0181289037683622,False,False,False,,8,1,209
w=8 s=1,Random 30% #16,1028,0.006823838043474,0.0243766444396809,0.0202846064159385,-0.0175528063962068,-0.0134607683724644,False,False,False,,8,1,209
w=8 s=1,Random 30% #17,1028,0.0030261642698374,0.0282026095646752,0.0120403545979907,-0.0251764452948377,-0.0090141903281532,False,False,False,,8,1,209
w=8 s=1,Random 30% #18,1028,0.008237689744539,0.0220474087516631,0.021107291177055,-0.013809719007124,-0.0128696014325159,False,False,False,,8,1,209
w=8 s=1,Random 30% #19,1028,0.0066883064376393,0.0098136110609141,0.042530904544501,-0.0031253046232748,-0.0358425981068616,False,False,False,,8,1,209
w=8 s=1,Random 30% #20,1028,-0.0099963316214233,0.019477582525159,0.0286646354888131,-0.0294739141465823,-0.0386609671102365,False,False,False,,8,1,209
w=8 s=1,Random 30% #21,1028,0.002277451699682,0.0105747545393047,4.619254904626724e-05,-0.0082973028396226,0.0022312591506358,False,True,True,,8,1,209
w=8 s=1,Random 30% #22,1028,0.0271739130434782,0.0205893548015278,0.0170213413086602,0.0065845582419503,0.0101525717348179,False,False,False,,8,1,209
w=8 s=1,Random 30% #23,1028,0.0053719593676173,0.0207120755835165,0.0218381620055381,-0.0153401162158991,-0.0164662026379207,False,False,False,,8,1,209
w=8 s=1,Random 30% #24,1028,0.0374355138753044,0.0191505723992734,0.0052688518061773,0.0182849414760309,0.0321666620691271,False,False,False,,8,1,209
w=8 s=1,Random 30% #25,1028,0.0207335170659317,0.0107285505981901,0.0226240342527993,0.0100049664677415,-0.0018905171868676,False,True,True,,8,1,209
w=8 s=1,Random 30% #26,1028,0.000322640117994,0.009149722747163,-9.474988762933624e-05,-0.0088270826291689,0.0004173900056234,True,True,True,,8,1,209
w=8 s=1,Random 30% #27,1028,-0.0133699862551543,0.0278765739686785,-0.0012553411130377,-0.0412465602238329,-0.0121146451421166,True,False,True,,8,1,209
w=8 s=1,Random 30% #28,1028,0.0048546691403834,0.0055980834722667,0.0047905252453913,-0.0007434143318833,6.414389499206918e-05,False,True,True,,8,1,209
w=8 s=1,Random 30% #29,1028,0.0132264436461088,0.0321642721070288,0.0102502349186435,-0.0189378284609199,0.0029762087274653,False,True,True,,8,1,209
w=8 s=1,Random 30% #30,1028,0.0073191060456281,0.0236521935029282,0.0085611128016218,-0.0163330874573001,-0.0012420067559937,False,False,False,,8,1,209
w=8 s=1,Random 30% #31,1028,0.0186572318838355,0.0371900403824676,0.0344244201733191,-0.0185328084986321,-0.0157671882894836,False,False,False,,8,1,209
w=8 s=1,Random 30% #32,1028,0.0146773132638857,0.0234149204641746,0.0107802509703768,-0.0087376072002889,0.0038970622935088,False,True,True,,8,1,209
w=8 s=1,Random 30% #33,1028,0.0107989019115876,0.0046672706000724,0.0111560930676394,0.0061316313115152,-0.0003571911560517,False,True,True,,8,1,209
w=8 s=1,Random 30% #34,1028,0.0036708111308466,0.0223564991718256,0.0243668791139525,-0.0186856880409789,-0.0206960679831058,False,False,False,,8,1,209
w=8 s=1,Random 30% #35,1028,-0.0021279853031231,0.0180233498176952,0.0231635800410592,-0.0201513351208183,-0.0252915653441823,False,False,False,,8,1,209
w=8 s=1,Random 30% #36,1028,-0.0048226599270606,0.0261746434941724,0.007545540948658,-0.0309973034212331,-0.0123682008757187,False,False,False,,8,1,209
w=8 s=1,Random 30% #37,1028,-0.0037446257685728,0.0212297663980954,0.0193708422907404,-0.0249743921666683,-0.0231154680593132,False,False,False,,8,1,209
w=8 s=1,Random 30% #38,1028,0.0108722741433021,0.0046873255493133,0.0197386573505798,0.0061849485939887,-0.0088663832072777,False,True,True,,8,1,209
w=8 s=1,Random 30% #39,1028,0.0380230468256006,0.018282464701153,0.002060721287944,0.0197405821244475,0.0359623255376566,False,False,False,,8,1,209
w=8 s=1,Random 30% #40,1028,-0.0156995008383602,0.0242002258815244,0.0213006885549767,-0.0398997267198846,-0.0370001893933369,False,False,False,,8,1,209
w=8 s=1,Random 30% #41,1028,0.0003191021554961,0.0296865139278023,0.0177974065133444,-0.0293674117723062,-0.0174783043578483,False,False,False,,8,1,209
w=8 s=1,Random 30% #42,1028,0.0039796984507742,0.0144775944132511,0.0088265643855787,-0.0104978959624768,-0.0048468659348045,False,False,False,,8,1,209
w=8 s=1,Random 30% #43,1028,0.0320665445665445,0.0277164585656629,0.0260680150590135,0.0043500860008816,0.005998529507531,False,False,False,,8,1,209
w=8 s=1,Random 30% #44,1028,0.014617494198646,0.0165860157008899,0.028268181909555,-0.0019685215022439,-0.0136506877109089,False,False,False,,8,1,209
w=8 s=1,Random 30% #45,1028,-0.010677190889205,0.0022028976835579,0.0104549762679655,-0.0128800885727629,-0.0211321671571705,False,False,False,,8,1,209
w=8 s=1,Random 30% #46,1028,-0.0211341559464426,0.0104835171707333,0.0212858889627001,-0.0316176731171759,-0.0424200449091428,False,False,False,,8,1,209
w=8 s=1,Random 30% #47,1028,0.0021068472535741,0.0344628295032892,0.0154465954756293,-0.0323559822497151,-0.0133397482220552,False,False,False,,8,1,209
w=8 s=1,Random 30% #48,1028,0.0099373113536103,0.0247925935327577,0.0219673723333003,-0.0148552821791473,-0.0120300609796899,False,False,False,,8,1,209
w=8 s=1,Random 30% #49,1028,-0.0033935788911766,0.0181600507249363,0.0382387206770664,-0.021553629616113,-0.0416322995682431,False,False,False,,8,1,209
w=8 s=1,Random 30% #50,1028,-0.0149638584774062,0.0307780578227732,0.038507473663446,-0.0457419163001795,-0.0534713321408523,False,False,False,,8,1,209
w=8 s=2,All Patients,3429,0.0078818040435458,0.0209346171036734,0.0196894208334447,-0.0130528130601275,-0.0118076167898988,False,False,False,,8,2,209
w=8 s=2,ICUType 1.0,490,0.0294939989088925,0.0269181395404485,0.038826665849236,0.002575859368444,-0.0093326669403434,False,True,True,,8,2,209
w=8 s=2,ICUType 2.0,643,-0.000975689080413,0.0042366604833783,0.0062315991892571,-0.0052123495637914,-0.0072072882696702,False,False,False,,8,2,209
w=8 s=2,ICUType 3.0,1357,-0.0217764843549488,0.008544367415834,0.0098769343907383,-0.0303208517707829,-0.0316534187456871,False,False,False,,8,2,209
w=8 s=2,ICUType 4.0,939,0.0202084035501629,0.0293460618853739,0.0242998773565167,-0.009137658335211,-0.0040914738063538,False,False,False,,8,2,209
w=8 s=2,Age decile 0,374,0.046026807780653,0.0663342409792255,0.0111662335431223,-0.0203074331985725,0.0348605742375306,False,True,True,,8,2,209
w=8 s=2,Age decile 1,344,0.0273634472301562,0.0532519534849245,0.0119552642183922,-0.0258885062547683,0.0154081830117639,False,True,True,,8,2,209
w=8 s=2,Age decile 2,347,0.0042864169770219,0.0039010211937826,0.0159396753441025,0.0003853957832393,-0.0116532583670806,False,True,True,,8,2,209
w=8 s=2,Age decile 3,325,0.0096292729898892,0.0777786626889896,0.062614744220835,-0.0681493896991003,-0.0529854712309457,False,False,False,,8,2,209
w=8 s=2,Age decile 4,372,-0.0152359717577108,0.0129691434164666,-0.0164852347621148,-0.0282051151741775,0.0012492630044039,True,True,True,,8,2,209
w=8 s=2,Age decile 5,344,-0.0250497851378262,0.0650992918087691,0.010582084223436,-0.0901490769465953,-0.0356318693612623,False,False,False,,8,2,209
w=8 s=2,Age decile 6,397,-0.0004719207173194,0.0863073041477382,-0.0427215953110592,-0.0867792248650577,0.0422496745937397,True,True,True,,8,2,209
w=8 s=2,Age decile 7,247,0.0173747705218987,0.0473871414755282,-0.0625276929105876,-0.0300123709536294,0.0799024634324864,True,True,True,,8,2,209
w=8 s=2,Age decile 8,354,-0.0216450216450216,0.0314677306027588,-0.0306864840511426,-0.0531127522477805,0.0090414624061209,True,True,True,,8,2,209
w=8 s=2,Age decile 9,325,-0.0771864301276066,0.0243862211719134,0.087987036673223,-0.10157265129952,-0.1651734668008296,False,False,False,,8,2,209
w=8 s=2,HR quartile 0,877,0.0371049136786188,0.0499413044457591,-0.0014749918451055,-0.0128363907671402,0.0385799055237244,True,True,True,,8,2,209
w=8 s=2,HR quartile 1,917,-0.0169849537037037,0.0313634674008324,0.0082021305687999,-0.0483484211045361,-0.0251870842725036,False,False,False,,8,2,209
w=8 s=2,HR quartile 2,816,0.034861311019492,0.0160564108357604,0.0098618649482627,0.0188049001837316,0.0249994460712293,False,False,False,,8,2,209
w=8 s=2,HR quartile 3,819,-0.0232600311906863,0.0284610825478137,0.0348315710051421,-0.0517211137385001,-0.0580916021958284,False,False,False,,8,2,209
w=8 s=2,MAP quartile 0,877,-0.0141240285818599,0.0275567672222921,0.031789602188287,-0.041680795804152,-0.0459136307701469,False,False,False,,8,2,209
w=8 s=2,MAP quartile 1,840,0.02392179413456,0.0267432180081607,0.0205473240394297,-0.0028214238736006,0.0033744700951303,False,True,True,,8,2,209
w=8 s=2,MAP quartile 2,866,0.0104058609958506,0.0294133143905232,-0.0075600253605269,-0.0190074533946726,0.0179658863563775,True,True,True,,8,2,209
w=8 s=2,MAP quartile 3,846,0.0090927756430939,0.0453027521822205,0.0096827054386949,-0.0362099765391266,-0.000589929795601,False,False,False,,8,2,209
w=8 s=2,Temp quartile 0,902,0.0068727157158747,0.0361876152129216,0.0267749422312862,-0.0293148994970469,-0.0199022265154114,False,False,False,,8,2,209
w=8 s=2,Temp quartile 1,864,0.0305627470437901,0.0375204848223192,0.0064576619578897,-0.0069577377785291,0.0241050850859003,False,True,True,,8,2,209
w=8 s=2,Temp quartile 2,838,-0.0036346905912123,0.0455888345506396,0.0729936696225087,-0.0492235251418519,-0.0766283602137211,False,False,False,,8,2,209
w=8 s=2,Temp quartile 3,825,-0.0023612750885478,-0.0020758249592449,-0.0015621909043561,-0.0002854501293028,-0.0007990841841916,False,False,False,,8,2,209
w=8 s=2,Urine quartile 0,859,-0.0313289760348584,0.0150551524815282,0.0109027128329225,-0.0463841285163866,-0.0422316888677809,False,False,False,,8,2,209
w=8 s=2,Urine quartile 1,913,-0.0210526315789473,0.0167827985752786,-0.0032922391596061,-0.0378354301542259,-0.0177603924193412,True,False,True,,8,2,209
w=8 s=2,Urine quartile 2,802,0.0149901230333403,0.0204304390696491,-0.0171660706184819,-0.0054403160363087,0.0321561936518223,True,True,True,,8,2,209
w=8 s=2,Urine quartile 3,855,0.0601118199903958,0.0475837114914347,0.0034846052893081,0.012528108498961,0.0566272147010876,False,False,False,,8,2,209
w=8 s=2,SAPS quartile 0,1025,0.0026756349262149,0.0202708761895439,0.009370727559606,-0.0175952412633289,-0.006695092633391,False,False,False,,8,2,209
w=8 s=2,SAPS quartile 1,946,0.0452124666297511,0.0205542310920107,0.0361350456912993,0.0246582355377404,0.0090774209384518,False,False,False,,8,2,209
w=8 s=2,SAPS quartile 2,660,0.0015384615384615,0.0354034941970193,0.0113749220402732,-0.0338650326585577,-0.0098364605018116,False,False,False,,8,2,209
w=8 s=2,SAPS quartile 3,798,-0.0389986891196934,0.0240381772625985,0.0213667582631534,-0.0630368663822919,-0.0603654473828468,False,False,False,,8,2,209
w=8 s=2,HR > 100,945,-0.0351262896411669,0.0303500981109984,0.0160567959491166,-0.0654763877521654,-0.0511830855902836,False,False,False,,8,2,209
w=8 s=2,MAP < 65,697,-0.0279136809159047,9.371193553298074e-05,0.0170614335744926,-0.0280073928514377,-0.0449751144903974,False,False,False,,8,2,209
w=8 s=2,Temp > 38C,267,-0.0430204913392958,0.0260657252073435,-0.0747654265500818,-0.0690862165466393,0.031744935210786,True,True,True,,8,2,209
w=8 s=2,Urine > 1000,210,0.0458952811893988,0.077945969853255,-0.0353461162513416,-0.0320506886638562,0.0812413974407404,True,True,True,,8,2,209
w=8 s=2,Random 50% #1,1714,0.0148182289884191,0.0246552198918044,0.0159064143895647,-0.0098369909033852,-0.0010881854011455,False,False,False,,8,2,209
w=8 s=2,Random 50% #2,1714,0.0038708396744524,0.0166493921938188,0.0003098204318064,-0.0127785525193663,0.0035610192426459,False,True,True,,8,2,209
w=8 s=2,Random 50% #3,1714,0.0221853388658367,0.0282011250002035,0.0171732775810794,-0.0060157861343667,0.0050120612847573,False,True,True,,8,2,209
w=8 s=2,Random 50% #4,1714,0.0209444740819774,0.0296544413811863,0.0147749422961941,-0.0087099672992088,0.0061695317857832,False,True,True,,8,2,209
w=8 s=2,Random 50% #5,1714,0.025145147627017,0.0261356418527841,0.0203788130750352,-0.000990494225767,0.0047663345519818,False,True,True,,8,2,209
w=8 s=2,Random 50% #6,1714,-0.0032358828377694,0.0212891273675281,0.0298135008054884,-0.0245250102052976,-0.0330493836432579,False,False,False,,8,2,209
w=8 s=2,Random 50% #7,1714,0.0203886964648963,0.0366452056412964,0.0307768594612112,-0.0162565091764,-0.0103881629963149,False,False,False,,8,2,209
w=8 s=2,Random 50% #8,1714,-0.0080211409064465,0.0233820430079325,0.0120868282540337,-0.031403183914379,-0.0201079691604803,False,False,False,,8,2,209
w=8 s=2,Random 50% #9,1714,-0.0018808498325041,0.0320871004175794,0.0271778118105065,-0.0339679502500836,-0.0290586616430107,False,False,False,,8,2,209
w=8 s=2,Random 50% #10,1714,0.0032849222618878,0.0265223934328707,0.0099150025360461,-0.0232374711709828,-0.0066300802741582,False,False,False,,8,2,209
w=8 s=2,Random 50% #11,1714,0.0064028840624585,0.0306789137154367,0.0255085435499211,-0.0242760296529782,-0.0191056594874626,False,False,False,,8,2,209
w=8 s=2,Random 50% #12,1714,-0.0033234372422892,0.0193341995467735,0.0154837269990729,-0.0226576367890628,-0.0188071642413622,False,False,False,,8,2,209
w=8 s=2,Random 50% #13,1714,0.0032517955657333,0.0264458201405285,0.0235903453331189,-0.0231940245747952,-0.0203385497673856,False,False,False,,8,2,209
w=8 s=2,Random 50% #14,1714,0.0062157191184681,0.0131394221078342,0.0184501138410334,-0.0069237029893661,-0.0122343947225652,False,False,False,,8,2,209
w=8 s=2,Random 50% #15,1714,0.0026854501430772,0.0215402647962657,0.0200126363469003,-0.0188548146531885,-0.0173271862038231,False,False,False,,8,2,209
w=8 s=2,Random 50% #16,1714,0.0188052608311229,0.0300298846893202,0.0108212372161966,-0.0112246238581973,0.0079840236149262,False,True,True,,8,2,209
w=8 s=2,Random 50% #17,1714,0.0073507410721795,0.0089256448285735,0.0242628849498569,-0.0015749037563939,-0.0169121438776773,False,False,False,,8,2,209
w=8 s=2,Random 50% #18,1714,0.0251803786741562,0.0410035250060268,0.0135728645445218,-0.0158231463318706,0.0116075141296343,False,True,True,,8,2,209
w=8 s=2,Random 50% #19,1714,0.0087463233253787,0.0201501924034935,0.0057139637636351,-0.0114038690781147,0.0030323595617436,False,True,True,,8,2,209
w=8 s=2,Random 50% #20,1714,0.0239488541873964,0.0105432385796281,0.0203030095298266,0.0134056156077683,0.0036458446575697,False,False,False,,8,2,209
w=8 s=2,Random 50% #21,1714,0.0016605879752431,0.0154008684029426,0.0302617287579364,-0.0137402804276994,-0.0286011407826933,False,False,False,,8,2,209
w=8 s=2,Random 50% #22,1714,0.0178287222426975,0.0258105289828799,0.0220270809546913,-0.0079818067401823,-0.0041983587119938,False,False,False,,8,2,209
w=8 s=2,Random 50% #23,1714,-0.0051929851771431,0.0204166559519851,0.01516793622521,-0.0256096411291283,-0.0203609214023531,False,False,False,,8,2,209
w=8 s=2,Random 50% #24,1714,0.0201698382197979,0.0205937912759432,0.0271090390169127,-0.0004239530561453,-0.0069392007971147,False,False,False,,8,2,209
w=8 s=2,Random 50% #25,1714,0.0024135223603308,0.0315968652386187,0.0161721793656568,-0.0291833428782879,-0.013758657005326,False,False,False,,8,2,209
w=8 s=2,Random 50% #26,1714,-0.0063986093578627,0.0267138282386038,0.0147199598844301,-0.0331124375964665,-0.0211185692422928,False,False,False,,8,2,209
w=8 s=2,Random 50% #27,1714,-0.0048317683881064,0.0235142274118894,0.0077379701574746,-0.0283459957999958,-0.0125697385455811,False,False,False,,8,2,209
w=8 s=2,Random 50% #28,1714,0.0098094573797898,0.0187672980819938,0.0263611621886805,-0.0089578407022039,-0.0165517048088907,False,False,False,,8,2,209
w=8 s=2,Random 50% #29,1714,0.0125552608311229,0.0280892776015941,0.0260686081780002,-0.0155340167704712,-0.0135133473468773,False,False,False,,8,2,209
w=8 s=2,Random 50% #30,1714,0.0022139615866539,0.0150077291227861,0.0218973029152091,-0.0127937675361321,-0.0196833413285552,False,False,False,,8,2,209
w=8 s=2,Random 50% #31,1714,0.0081502190717898,0.0148255422253362,0.0161644895468002,-0.0066753231535464,-0.0080142704750103,False,False,False,,8,2,209
w=8 s=2,Random 50% #32,1714,-0.0092920029904661,0.0161148447399766,0.0050381626054288,-0.0254068477304428,-0.014330165595895,False,False,False,,8,2,209
w=8 s=2,Random 50% #33,1714,-0.002514181228832,0.0227542732014107,0.0173298036039558,-0.0252684544302428,-0.0198439848327878,False,False,False,,8,2,209
w=8 s=2,Random 50% #34,1714,0.0070180513371488,0.0195903263991121,0.018560947499058,-0.0125722750619633,-0.0115428961619092,False,False,False,,8,2,209
w=8 s=2,Random 50% #35,1714,0.0093248828878478,0.031945455059018,0.03430644972329,-0.0226205721711701,-0.0249815668354421,False,False,False,,8,2,209
w=8 s=2,Random 50% #36,1714,0.016912667846362,0.0270472088997395,0.0274118592124938,-0.0101345410533774,-0.0104991913661318,False,False,False,,8,2,209
w=8 s=2,Random 50% #37,1714,0.0036653828805384,0.0187193505980319,0.0104794002053694,-0.0150539677174934,-0.0068140173248309,False,False,False,,8,2,209
w=8 s=2,Random 50% #38,1714,0.0021576191788371,0.0245040985259889,0.0195411769650598,-0.0223464793471517,-0.0173835577862227,False,False,False,,8,2,209
w=8 s=2,Random 50% #39,1714,0.0170086158804934,0.0186207753074021,0.0143845860810361,-0.0016121594269087,0.0026240297994572,False,True,True,,8,2,209
w=8 s=2,Random 50% #40,1714,0.018520937100027,0.0245402966613027,0.0220839394603871,-0.0060193595612756,-0.0035630023603601,False,False,False,,8,2,209
w=8 s=2,Random 50% #41,1714,0.0027199322354597,0.0152905981373418,0.0111571815662283,-0.012570665901882,-0.0084372493307685,False,False,False,,8,2,209
w=8 s=2,Random 50% #42,1714,0.0178900300253214,0.0305066319953435,0.0083478969609399,-0.0126166019700221,0.0095421330643814,False,True,True,,8,2,209
w=8 s=2,Random 50% #43,1714,0.0169958506224066,0.0305002250402075,0.0154518444830792,-0.0135043744178009,0.0015440061393273,False,True,True,,8,2,209
w=8 s=2,Random 50% #44,1714,-0.0080414937759336,0.0264613891834959,0.0220144472062906,-0.0345028829594295,-0.0300559409822242,False,False,False,,8,2,209
w=8 s=2,Random 50% #45,1714,-0.0006684003732017,0.0268888738194378,0.0131762626085656,-0.0275572741926395,-0.0138446629817673,False,False,False,,8,2,209
w=8 s=2,Random 50% #46,1714,-0.0127567411871579,0.0250430984482086,0.0203358469071106,-0.0377998396353665,-0.0330925880942685,False,False,False,,8,2,209
w=8 s=2,Random 50% #47,1714,-0.0023071888899981,0.0205024346548496,0.0281529695444609,-0.0228096235448477,-0.030460158434459,False,False,False,,8,2,209
w=8 s=2,Random 50% #48,1714,0.0007707867678387,0.0317614776010743,0.0089929167457,-0.0309906908332355,-0.0082221299778612,False,False,False,,8,2,209
w=8 s=2,Random 50% #49,1714,-0.0052585890287469,0.0133392233196447,0.0167391715056869,-0.0185978123483916,-0.0219977605344338,False,False,False,,8,2,209
w=8 s=2,Random 50% #50,1714,-0.009935439192208,0.0191753511217032,-0.0069676277026314,-0.0291107903139112,-0.0029678114895765,True,False,True,,8,2,209
w=8 s=2,Random 30% #1,1028,0.0177032019704433,0.0294980018338723,0.0484741904863902,-0.011794799863429,-0.0307709885159468,False,False,False,,8,2,209
w=8 s=2,Random 30% #2,1028,-0.0188812287552644,0.0102277242699711,0.0174140520770295,-0.0291089530252355,-0.036295280832294,False,False,False,,8,2,209
w=8 s=2,Random 30% #3,1028,-0.0136963318843895,-0.0038664681796833,0.0067447619723693,-0.0098298637047061,-0.0204410938567589,True,False,True,,8,2,209
w=8 s=2,Random 30% #4,1028,0.012612065619632,0.0183227766245236,0.0022329544772373,-0.0057107110048915,0.0103791111423947,False,True,True,,8,2,209
w=8 s=2,Random 30% #5,1028,0.012955140579904,0.0135918120799355,0.008443522185738,-0.0006366715000314,0.004511618394166,False,True,True,,8,2,209
w=8 s=2,Random 30% #6,1028,0.011061887501678,0.0263418548123741,0.0313375339118243,-0.0152799673106961,-0.0202756464101462,False,False,False,,8,2,209
w=8 s=2,Random 30% #7,1028,-0.0019795447047178,0.0364793594064035,0.026907090195287,-0.0384589041111214,-0.0288866349000049,False,False,False,,8,2,209
w=8 s=2,Random 30% #8,1028,-0.0013757582957458,0.0239143553808327,0.0229495399019568,-0.0252901136765785,-0.0243252981977027,False,False,False,,8,2,209
w=8 s=2,Random 30% #9,1028,0.0167924069116573,0.0187329933814627,0.0136905595638297,-0.0019405864698053,0.0031018473478275,False,True,True,,8,2,209
w=8 s=2,Random 30% #10,1028,0.0218614718614718,0.0145551360133041,0.0058667007828508,0.0073063358481677,0.0159947710786209,False,False,False,,8,2,209
w=8 s=2,Random 30% #11,1028,0.0036992125742528,0.0324318063974695,0.0402780016792999,-0.0287325938232166,-0.0365787891050471,False,False,False,,8,2,209
w=8 s=2,Random 30% #12,1028,-0.0176439165409753,0.0053636447227171,0.0203799669931264,-0.0230075612636925,-0.0380238835341017,False,False,False,,8,2,209
w=8 s=2,Random 30% #13,1028,0.0061871080085679,0.0369770164107906,0.0003684772961448,-0.0307899084022226,0.0058186307124231,False,True,True,,8,2,209
w=8 s=2,Random 30% #14,1028,-0.0024039572835282,0.0322685484109457,0.0174762862001502,-0.0346725056944739,-0.0198802434836784,False,False,False,,8,2,209
w=8 s=2,Random 30% #15,1028,-0.0014797507788162,0.0496927439985187,0.019778284064833,-0.0511724947773349,-0.0212580348436492,False,False,False,,8,2,209
w=8 s=2,Random 30% #16,1028,0.006823838043474,0.0198944084048385,0.0048175852957413,-0.0130705703613644,0.0020062527477327,False,True,True,,8,2,209
w=8 s=2,Random 30% #17,1028,0.0030261642698374,0.0356111164285092,0.0203677908026476,-0.0325849521586718,-0.0173416265328102,False,False,False,,8,2,209
w=8 s=2,Random 30% #18,1028,0.008237689744539,0.0378870067698588,0.0159559400977724,-0.0296493170253197,-0.0077182503532334,False,False,False,,8,2,209
w=8 s=2,Random 30% #19,1028,0.0066883064376393,-0.0093091238790081,0.004758397749691,0.0159974303166474,0.0019299086879482,True,False,True,,8,2,209
w=8 s=2,Random 30% #20,1028,-0.0099963316214233,0.0079311590492574,0.0209298754580377,-0.0179274906706808,-0.030926207079461,False,False,False,,8,2,209
w=8 s=2,Random 30% #21,1028,0.002277451699682,0.0121684272559001,-0.0078081443751234,-0.009890975556218,0.0100855960748054,True,True,True,,8,2,209
w=8 s=2,Random 30% #22,1028,0.0271739130434782,0.0117765529054756,0.0132401960294382,0.0153973601380026,0.01393371701404,False,False,False,,8,2,209
w=8 s=2,Random 30% #23,1028,0.0053719593676173,0.0401911702024425,0.0142042804564581,-0.0348192108348251,-0.0088323210888408,False,False,False,,8,2,209
w=8 s=2,Random 30% #24,1028,0.0374355138753044,0.0222079319142231,0.0175870999997209,0.0152275819610812,0.0198484138755834,False,False,False,,8,2,209
w=8 s=2,Random 30% #25,1028,0.0207335170659317,0.0229726500020809,0.0074887839863314,-0.0022391329361491,0.0132447330796003,False,True,True,,8,2,209
w=8 s=2,Random 30% #26,1028,0.000322640117994,0.0232096568329861,0.0169148781947127,-0.022887016714992,-0.0165922380767186,False,False,False,,8,2,209
w=8 s=2,Random 30% #27,1028,-0.0133699862551543,0.0357120449388782,0.0006143849687383,-0.0490820311940325,-0.0139843712238927,False,False,False,,8,2,209
w=8 s=2,Random 30% #28,1028,0.0048546691403834,0.025152761638754,0.0164522470736195,-0.0202980924983706,-0.0115975779332361,False,False,False,,8,2,209
w=8 s=2,Random 30% #29,1028,0.0132264436461088,0.0281882066483887,-0.0108942403373943,-0.0149617630022798,0.0241206839835032,True,True,True,,8,2,209
w=8 s=2,Random 30% #30,1028,0.0073191060456281,0.0230400569980286,-0.0085044476200097,-0.0157209509524005,0.0158235536656379,True,True,True,,8,2,209
w=8 s=2,Random 30% #31,1028,0.0186572318838355,0.020227535900589,0.0072010815632038,-0.0015703040167534,0.0114561503206316,False,True,True,,8,2,209
w=8 s=2,Random 30% #32,1028,0.0146773132638857,0.0408022047430421,0.0081980140967235,-0.0261248914791564,0.0064792991671621,False,True,True,,8,2,209
w=8 s=2,Random 30% #33,1028,0.0107989019115876,0.0306657740125559,0.0258941613148095,-0.0198668721009682,-0.0150952594032219,False,False,False,,8,2,209
w=8 s=2,Random 30% #34,1028,0.0036708111308466,0.019876930984627,0.0166888161893777,-0.0162061198537803,-0.013018005058531,False,False,False,,8,2,209
w=8 s=2,Random 30% #35,1028,-0.0021279853031231,0.0317927927694581,0.0166282095412519,-0.0339207780725812,-0.018756194844375,False,False,False,,8,2,209
w=8 s=2,Random 30% #36,1028,-0.0048226599270606,0.0224959666331653,0.0044193998874882,-0.0273186265602259,-0.0092420598145489,False,False,False,,8,2,209
w=8 s=2,Random 30% #37,1028,-0.0037446257685728,0.0335753572851374,0.0460900144740673,-0.0373199830537102,-0.0498346402426402,False,False,False,,8,2,209
w=8 s=2,Random 30% #38,1028,0.0108722741433021,0.0205967464793617,0.0095488709359987,-0.0097244723360596,0.0013234032073034,False,True,True,,8,2,209
w=8 s=2,Random 30% #39,1028,0.0380230468256006,0.0149698462436106,-0.0053290074769155,0.0230532005819899,0.0433520543025161,True,False,True,,8,2,209
w=8 s=2,Random 30% #40,1028,-0.0156995008383602,0.0248423328377381,0.0389090792234955,-0.0405418336760984,-0.0546085800618558,False,False,False,,8,2,209
w=8 s=2,Random 30% #41,1028,0.0003191021554961,0.0405611164259563,0.0129772611980168,-0.0402420142704602,-0.0126581590425207,False,False,False,,8,2,209
w=8 s=2,Random 30% #42,1028,0.0039796984507742,0.0285914325025554,0.0042765597518638,-0.0246117340517812,-0.0002968613010896,False,False,False,,8,2,209
w=8 s=2,Random 30% #43,1028,0.0320665445665445,0.0378151320500882,0.0363605384623652,-0.0057485874835436,-0.0042939938958207,False,False,False,,8,2,209
w=8 s=2,Random 30% #44,1028,0.014617494198646,0.0267672127521246,0.0211586691377558,-0.0121497185534786,-0.0065411749391098,False,False,False,,8,2,209
w=8 s=2,Random 30% #45,1028,-0.010677190889205,0.0108403818781249,0.0072273722871707,-0.0215175727673299,-0.0179045631763757,False,False,False,,8,2,209
w=8 s=2,Random 30% #46,1028,-0.0211341559464426,0.0145710279168994,0.0053042397223015,-0.035705183863342,-0.0264383956687442,False,False,False,,8,2,209
w=8 s=2,Random 30% #47,1028,0.0021068472535741,0.0343074534930686,0.0190832399140275,-0.0322006062394945,-0.0169763926604533,False,False,False,,8,2,209
w=8 s=2,Random 30% #48,1028,0.0099373113536103,0.0395610715856621,0.0341768541979239,-0.0296237602320517,-0.0242395428443135,False,False,False,,8,2,209
w=8 s=2,Random 30% #49,1028,-0.0033935788911766,0.0154867067339363,0.0106547304778755,-0.018880285625113,-0.0140483093690522,False,False,False,,8,2,209
w=8 s=2,Random 30% #50,1028,-0.0149638584774062,0.0286223249011562,0.0148367532767083,-0.0435861833785625,-0.0298006117541146,False,False,False,,8,2,209
w=16 s=0,All Patients,3429,0.0078818040435458,0.0168053851329422,0.0437322214842196,-0.0089235810893963,-0.0358504174406737,False,False,False,,16,0,673
w=16 s=0,ICUType 1.0,490,0.0294939989088925,0.0463204550715897,0.0458198276373627,-0.0168264561626972,-0.0163258287284702,False,False,False,,16,0,673
w=16 s=0,ICUType 2.0,643,-0.000975689080413,0.0276465397001361,-0.0042197255598512,-0.0286222287805492,0.0032440364794382,True,True,True,,16,0,673
w=16 s=0,ICUType 3.0,1357,-0.0217764843549488,-0.0001269294148553,0.0108864825670389,-0.0216495549400935,-0.0326629669219878,True,False,True,,16,0,673
w=16 s=0,ICUType 4.0,939,0.0202084035501629,0.0628523330418978,0.0327940324119827,-0.0426439294917349,-0.0125856288618197,False,False,False,,16,0,673
w=16 s=0,Age decile 0,374,0.046026807780653,0.0461739990629232,0.0043531008443445,-0.0001471912822701,0.0416737069363085,False,True,True,,16,0,673
w=16 s=0,Age decile 1,344,0.0273634472301562,0.0412817724000284,-0.0173737212650408,-0.0139183251698722,0.044737168495197,True,True,True,,16,0,673
w=16 s=0,Age decile 2,347,0.0042864169770219,-0.0112576739351799,0.0063203263390246,0.0155440909122019,-0.0020339093620026,True,True,True,,16,0,673
w=16 s=0,Age decile 3,325,0.0096292729898892,0.0580242765606425,0.0065510875415786,-0.0483950035707532,0.0030781854483106,False,True,True,,16,0,673
w=16 s=0,Age decile 4,372,-0.0152359717577108,0.0196679454433207,-0.015564173391586,-0.0349039172010316,0.0003282016338751,True,True,True,,16,0,673
w=16 s=0,Age decile 5,344,-0.0250497851378262,0.0147497270136068,-0.0397975592073218,-0.0397995121514331,0.0147477740694955,True,True,True,,16,0,673
w=16 s=0,Age decile 6,397,-0.0004719207173194,0.0506517311983891,-0.0337547772497507,-0.0511236519157086,0.0332828565324312,True,True,True,,16,0,673
w=16 s=0,Age decile 7,247,0.0173747705218987,0.0423499539535482,0.0025839800357946,-0.0249751834316494,0.0147907904861041,False,True,True,,16,0,673
w=16 s=0,Age decile 8,354,-0.0216450216450216,0.0693980830403218,0.0088919031642107,-0.0910431046853435,-0.0305369248092324,False,False,False,,16,0,673
w=16 s=0,Age decile 9,325,-0.0771864301276066,0.028486618928528,-0.0036798336147012,-0.1056730490561347,-0.0735065965129054,True,False,True,,16,0,673
w=16 s=0,HR quartile 0,877,0.0371049136786188,0.0418053170311766,0.0207556762155867,-0.0047004033525577,0.0163492374630321,False,True,True,,16,0,673
w=16 s=0,HR quartile 1,917,-0.0169849537037037,0.0388789857193393,0.0102114803302232,-0.055863939423043,-0.0271964340339269,False,False,False,,16,0,673
w=16 s=0,HR quartile 2,816,0.034861311019492,0.0381619109440199,0.0011305317738796,-0.0033005999245278,0.0337307792456124,False,True,True,,16,0,673
w=16 s=0,HR quartile 3,819,-0.0232600311906863,0.031989553900373,0.0213898651091209,-0.0552495850910593,-0.0446498962998073,False,False,False,,16,0,673
w=16 s=0,MAP quartile 0,877,-0.0141240285818599,0.0379590996199909,0.00947004181784,-0.0520831282018508,-0.0235940703996999,False,False,False,,16,0,673
w=16 s=0,MAP quartile 1,840,0.02392179413456,0.0186174492980813,0.0249178423527419,0.0053043448364787,-0.0009960482181818,False,True,True,,16,0,673
w=16 s=0,MAP quartile 2,866,0.0104058609958506,0.0463423740810206,-0.0022091420619563,-0.03593651308517,0.0126150030578069,True,True,True,,16,0,673
w=16 s=0,MAP quartile 3,846,0.0090927756430939,0.0543993912568336,0.0295242404839715,-0.0453066156137396,-0.0204314648408776,False,False,False,,16,0,673
w=16 s=0,Temp quartile 0,902,0.0068727157158747,0.0358463427575686,0.0059440099976194,-0.0289736270416939,0.0009287057182553,False,True,True,,16,0,673
w=16 s=0,Temp quartile 1,864,0.0305627470437901,0.0286164309095961,-0.0157909903584782,0.0019463161341939,0.0463537374022683,True,False,True,,16,0,673
w=16 s=0,Temp quartile 2,838,-0.0036346905912123,0.0476327084882839,0.0556888850000242,-0.0512673990794962,-0.0593235755912365,False,False,False,,16,0,673
w=16 s=0,Temp quartile 3,825,-0.0023612750885478,-0.0137207707048069,-0.0111315357144008,0.0113594956162591,0.008770260625853,False,False,False,,16,0,673
w=16 s=0,Urine quartile 0,859,-0.0313289760348584,0.0177215478008807,0.053504408600725,-0.0490505238357391,-0.0848333846355834,False,False,False,,16,0,673
w=16 s=0,Urine quartile 1,913,-0.0210526315789473,0.022939776912682,0.0003402056566382,-0.0439924084916294,-0.0213928372355856,False,False,False,,16,0,673
w=16 s=0,Urine quartile 2,802,0.0149901230333403,0.0396953400815281,-0.0051696399595576,-0.0247052170481878,0.0201597629928979,True,True,True,,16,0,673
w=16 s=0,Urine quartile 3,855,0.0601118199903958,0.0373454805068265,-0.0010507787236223,0.0227663394835693,0.0611625987140181,True,False,True,,16,0,673
w=16 s=0,SAPS quartile 0,1025,0.0026756349262149,0.0284812999402987,0.0002385644682077,-0.0258056650140838,0.0024370704580072,False,True,True,,16,0,673
w=16 s=0,SAPS quartile 1,946,0.0452124666297511,0.0526915412041706,0.0361591325934914,-0.0074790745744195,0.0090533340362597,False,True,True,,16,0,673
w=16 s=0,SAPS quartile 2,660,0.0015384615384615,0.0022510426987147,0.0431735401992345,-0.0007125811602532,-0.041635078660773,False,False,False,,16,0,673
w=16 s=0,SAPS quartile 3,798,-0.0389986891196934,0.0066146054909756,-0.0161024408568787,-0.0456132946106691,-0.0228962482628147,True,False,True,,16,0,673
w=16 s=0,HR > 100,945,-0.0351262896411669,0.0138510680285368,0.0357485845342643,-0.0489773576697038,-0.0708748741754313,False,False,False,,16,0,673
w=16 s=0,MAP < 65,697,-0.0279136809159047,0.0121602851802239,0.011058771776948,-0.0400739660961287,-0.0389724526928528,False,False,False,,16,0,673
w=16 s=0,Temp > 38C,267,-0.0430204913392958,0.0301691805757887,-0.0083454276576649,-0.0731896719150845,-0.0346750636816308,True,False,True,,16,0,673
w=16 s=0,Urine > 1000,210,0.0458952811893988,0.0693086184335978,-0.0312798614453096,-0.023413337244199,0.0771751426347084,True,True,True,,16,0,673
w=16 s=0,Random 50% #1,1714,0.0148182289884191,0.0320468548250918,0.0090735961686049,-0.0172286258366726,0.0057446328198142,False,True,True,,16,0,673
w=16 s=0,Random 50% #2,1714,0.0038708396744524,-0.0023626421284199,0.0300627235135684,0.0062334818028723,-0.0261918838391159,True,True,True,,16,0,673
w=16 s=0,Random 50% #3,1714,0.0221853388658367,0.0201754406281696,0.0401769832226958,0.0020098982376671,-0.017991644356859,False,True,True,,16,0,673
w=16 s=0,Random 50% #4,1714,0.0209444740819774,0.0299375920035212,-0.0040034059364545,-0.0089931179215438,0.0249478800184319,True,True,True,,16,0,673
w=16 s=0,Random 50% #5,1714,0.025145147627017,0.0426043277641745,0.0590610898204564,-0.0174591801371575,-0.0339159421934394,False,False,False,,16,0,673
w=16 s=0,Random 50% #6,1714,-0.0032358828377694,0.0385962110022469,0.024013132691649,-0.0418320938400163,-0.0272490155294185,False,False,False,,16,0,673
w=16 s=0,Random 50% #7,1714,0.0203886964648963,0.0427694229348069,0.0269979840553477,-0.0223807264699105,-0.0066092875904514,False,False,False,,16,0,673
w=16 s=0,Random 50% #8,1714,-0.0080211409064465,0.0300531318630487,0.0456796660081628,-0.0380742727694952,-0.0537008069146093,False,False,False,,16,0,673
w=16 s=0,Random 50% #9,1714,-0.0018808498325041,0.0533925581702857,0.0413015530321274,-0.0552734080027899,-0.0431824028646316,False,False,False,,16,0,673
w=16 s=0,Random 50% #10,1714,0.0032849222618878,0.0174481000213997,0.0201438434979013,-0.0141631777595118,-0.0168589212360135,False,False,False,,16,0,673
w=16 s=0,Random 50% #11,1714,0.0064028840624585,0.0144553873552443,0.0407831402188381,-0.0080525032927858,-0.0343802561563795,False,False,False,,16,0,673
w=16 s=0,Random 50% #12,1714,-0.0033234372422892,0.029853606273494,0.0110148623169799,-0.0331770435157833,-0.0143382995592692,False,False,False,,16,0,673
w=16 s=0,Random 50% #13,1714,0.0032517955657333,0.0280529175434575,0.0158538857995531,-0.0248011219777241,-0.0126020902338198,False,False,False,,16,0,673
w=16 s=0,Random 50% #14,1714,0.0062157191184681,0.0068831823839912,-0.0016520758020626,-0.0006674632655231,0.0078677949205308,True,True,True,,16,0,673
w=16 s=0,Random 50% #15,1714,0.0026854501430772,0.0273324194568997,0.0213063544478788,-0.0246469693138225,-0.0186209043048016,False,False,False,,16,0,673
w=16 s=0,Random 50% #16,1714,0.0188052608311229,0.0223708112084602,0.0203403228014692,-0.0035655503773373,-0.0015350619703463,False,False,False,,16,0,673
w=16 s=0,Random 50% #17,1714,0.0073507410721795,0.0222834422771223,0.0248030092967261,-0.0149327012049427,-0.0174522682245465,False,False,False,,16,0,673
w=16 s=0,Random 50% #18,1714,0.0251803786741562,0.0410615661968673,0.0340851380055469,-0.0158811875227111,-0.0089047593313907,False,False,False,,16,0,673
w=16 s=0,Random 50% #19,1714,0.0087463233253787,0.009467221572728,0.0212177889118067,-0.0007208982473492,-0.0124714655864279,False,False,False,,16,0,673
w=16 s=0,Random 50% #20,1714,0.0239488541873964,0.0252282579462873,0.0479994872801947,-0.0012794037588909,-0.0240506330927983,False,False,False,,16,0,673
w=16 s=0,Random 50% #21,1714,0.0016605879752431,0.019352323867524,0.0477011777822324,-0.0176917358922808,-0.0460405898069892,False,False,False,,16,0,673
w=16 s=0,Random 50% #22,1714,0.0178287222426975,0.0166906389913978,0.0390519245562977,0.0011380832512997,-0.0212232023136001,False,True,True,,16,0,673
w=16 s=0,Random 50% #23,1714,-0.0051929851771431,0.0199598594371171,0.0092714371926119,-0.0251528446142602,-0.014464422369755,False,False,False,,16,0,673
w=16 s=0,Random 50% #24,1714,0.0201698382197979,0.0215721801764255,0.0322676079620904,-0.0014023419566276,-0.0120977697422924,False,False,False,,16,0,673
w=16 s=0,Random 50% #25,1714,0.0024135223603308,0.0355361909402809,0.0193446235917298,-0.03312266857995,-0.016931101231399,False,False,False,,16,0,673
w=16 s=0,Random 50% #26,1714,-0.0063986093578627,0.040263008908904,0.0275077016371968,-0.0466616182667667,-0.0339063109950595,False,False,False,,16,0,673
w=16 s=0,Random 50% #27,1714,-0.0048317683881064,0.029303484993274,0.0090226921924371,-0.0341352533813804,-0.0138544605805435,False,False,False,,16,0,673
w=16 s=0,Random 50% #28,1714,0.0098094573797898,0.0215774789873361,0.0362923756657378,-0.0117680216075463,-0.0264829182859479,False,False,False,,16,0,673
w=16 s=0,Random 50% #29,1714,0.0125552608311229,0.0173875717602529,-0.006271814678197,-0.00483231092913,0.0188270755093199,True,True,True,,16,0,673
w=16 s=0,Random 50% #30,1714,0.0022139615866539,0.0090038960681396,0.0207384942003464,-0.0067899344814856,-0.0185245326136924,False,False,False,,16,0,673
w=16 s=0,Random 50% #31,1714,0.0081502190717898,0.0231607260647594,0.0174859847725754,-0.0150105069929695,-0.0093357657007855,False,False,False,,16,0,673
w=16 s=0,Random 50% #32,1714,-0.0092920029904661,0.0205002955700944,0.0380230276370482,-0.0297922985605606,-0.0473150306275144,False,False,False,,16,0,673
w=16 s=0,Random 50% #33,1714,-0.002514181228832,0.0107845161511802,0.0341401513680909,-0.0132986973800122,-0.0366543325969229,False,False,False,,16,0,673
w=16 s=0,Random 50% #34,1714,0.0070180513371488,0.0263863847931632,0.0056805081677513,-0.0193683334560144,0.0013375431693974,False,True,True,,16,0,673
w=16 s=0,Random 50% #35,1714,0.0093248828878478,0.0347733430060659,0.0382632060473697,-0.025448460118218,-0.0289383231595218,False,False,False,,16,0,673
w=16 s=0,Random 50% #36,1714,0.016912667846362,0.0149424975354125,0.0272183920567589,0.0019701703109495,-0.0103057242103969,False,True,True,,16,0,673
w=16 s=0,Random 50% #37,1714,0.0036653828805384,0.0246705529801292,0.0193908255704562,-0.0210051700995907,-0.0157254426899177,False,False,False,,16,0,673
w=16 s=0,Random 50% #38,1714,0.0021576191788371,-0.0008658895823165,-0.0086122276003776,0.0030235087611537,0.0107698467792148,False,False,False,,16,0,673
w=16 s=0,Random 50% #39,1714,0.0170086158804934,0.023859457808142,0.0427782096466537,-0.0068508419276486,-0.0257695937661603,False,False,False,,16,0,673
w=16 s=0,Random 50% #40,1714,0.018520937100027,0.014853017600781,0.054823146215234,0.0036679194992459,-0.0363022091152069,False,True,True,,16,0,673
w=16 s=0,Random 50% #41,1714,0.0027199322354597,0.0248337034115242,0.0105524968418523,-0.0221137711760644,-0.0078325646063925,False,False,False,,16,0,673
w=16 s=0,Random 50% #42,1714,0.0178900300253214,0.0432130506403632,0.033281447649108,-0.0253230206150418,-0.0153914176237866,False,False,False,,16,0,673
w=16 s=0,Random 50% #43,1714,0.0169958506224066,0.0263964273967821,0.0382465081160276,-0.0094005767743755,-0.021250657493621,False,False,False,,16,0,673
w=16 s=0,Random 50% #44,1714,-0.0080414937759336,0.0238948318996953,0.0242904229829507,-0.0319363256756289,-0.0323319167588843,False,False,False,,16,0,673
w=16 s=0,Random 50% #45,1714,-0.0006684003732017,0.0525552413335698,0.0272794979930346,-0.0532236417067715,-0.0279478983662363,False,False,False,,16,0,673
w=16 s=0,Random 50% #46,1714,-0.0127567411871579,0.020828951569253,0.0408535601239544,-0.033585692756411,-0.0536103013111123,False,False,False,,16,0,673
w=16 s=0,Random 50% #47,1714,-0.0023071888899981,0.037780862034583,0.0148551573701164,-0.0400880509245811,-0.0171623462601145,False,False,False,,16,0,673
w=16 s=0,Random 50% #48,1714,0.0007707867678387,0.0194228666873139,0.0117350016693465,-0.0186520799194751,-0.0109642149015077,False,False,False,,16,0,673
w=16 s=0,Random 50% #49,1714,-0.0052585890287469,0.0117583742351848,0.0231719388101442,-0.0170169632639317,-0.0284305278388911,False,False,False,,16,0,673
w=16 s=0,Random 50% #50,1714,-0.009935439192208,0.031892827332384,-0.0034139055107042,-0.041828266524592,-0.0065215336815037,True,False,True,,16,0,673
w=16 s=0,Random 30% #1,1028,0.0177032019704433,0.0306438772115709,0.0338730074306749,-0.0129406752411276,-0.0161698054602315,False,False,False,,16,0,673
w=16 s=0,Random 30% #2,1028,-0.0188812287552644,0.0189049224252075,0.0508570316753778,-0.037786151180472,-0.0697382604306422,False,False,False,,16,0,673
w=16 s=0,Random 30% #3,1028,-0.0136963318843895,-0.0129877600964496,-0.0037932348840884,-0.0007085717879399,-0.009903097000301,False,False,False,,16,0,673
w=16 s=0,Random 30% #4,1028,0.012612065619632,0.0151859820831045,0.0174136080018134,-0.0025739164634725,-0.0048015423821813,False,False,False,,16,0,673
w=16 s=0,Random 30% #5,1028,0.012955140579904,0.041440661670028,0.0406121113194234,-0.028485521090124,-0.0276569707395194,False,False,False,,16,0,673
w=16 s=0,Random 30% #6,1028,0.011061887501678,0.0405006474151517,0.0578272936043416,-0.0294387599134736,-0.0467654061026635,False,False,False,,16,0,673
w=16 s=0,Random 30% #7,1028,-0.0019795447047178,0.0202105632827763,0.036547456889925,-0.0221901079874942,-0.0385270015946428,False,False,False,,16,0,673
w=16 s=0,Random 30% #8,1028,-0.0013757582957458,0.0245284041115001,0.0364633343433808,-0.025904162407246,-0.0378390926391267,False,False,False,,16,0,673
w=16 s=0,Random 30% #9,1028,0.0167924069116573,0.0360525501518152,0.0328638965798805,-0.0192601432401578,-0.0160714896682231,False,False,False,,16,0,673
w=16 s=0,Random 30% #10,1028,0.0218614718614718,0.0302896727239687,0.0150891038056128,-0.0084282008624969,0.006772368055859,False,True,True,,16,0,673
w=16 s=0,Random 30% #11,1028,0.0036992125742528,-0.0021446865550495,0.0267464677583797,0.0058438991293023,-0.0230472551841269,True,True,True,,16,0,673
w=16 s=0,Random 30% #12,1028,-0.0176439165409753,0.0424338219908513,-0.001907424629037,-0.0600777385318267,-0.0157364919119383,True,False,True,,16,0,673
w=16 s=0,Random 30% #13,1028,0.0061871080085679,0.0500542965998347,0.0479694292157095,-0.0438671885912667,-0.0417823212071415,False,False,False,,16,0,673
w=16 s=0,Random 30% #14,1028,-0.0024039572835282,0.0349570411144689,0.0175935787414645,-0.0373609983979971,-0.0199975360249927,False,False,False,,16,0,673
w=16 s=0,Random 30% #15,1028,-0.0014797507788162,0.0311814667694922,0.0088816420183599,-0.0326612175483085,-0.0103613927971761,False,False,False,,16,0,673
w=16 s=0,Random 30% #16,1028,0.006823838043474,0.0088039438318639,-0.0235826508437956,-0.0019801057883898,0.0304064888872697,True,True,True,,16,0,673
w=16 s=0,Random 30% #17,1028,0.0030261642698374,0.0657315484276693,0.0152615467778269,-0.0627053841578319,-0.0122353825079895,False,False,False,,16,0,673
w=16 s=0,Random 30% #18,1028,0.008237689744539,0.0683303245558544,0.0328195793611335,-0.0600926348113153,-0.0245818896165944,False,False,False,,16,0,673
w=16 s=0,Random 30% #19,1028,0.0066883064376393,0.0201967034192977,0.0149217754945349,-0.0135083969816584,-0.0082334690568955,False,False,False,,16,0,673
w=16 s=0,Random 30% #20,1028,-0.0099963316214233,0.0136697230891539,0.0521294579858702,-0.0236660547105772,-0.0621257896072935,False,False,False,,16,0,673
w=16 s=0,Random 30% #21,1028,0.002277451699682,0.0625928425461178,0.0063006560638022,-0.0603153908464357,-0.0040232043641201,False,False,False,,16,0,673
w=16 s=0,Random 30% #22,1028,0.0271739130434782,0.0233684957692308,0.0159926514277052,0.0038054172742474,0.011181261615773,False,False,False,,16,0,673
w=16 s=0,Random 30% #23,1028,0.0053719593676173,0.0055448495220987,0.004212263564505,-0.0001728901544813,0.0011596958031122,False,True,True,,16,0,673
w=16 s=0,Random 30% #24,1028,0.0374355138753044,0.0437767687274008,0.0253109381322622,-0.0063412548520964,0.0121245757430421,False,True,True,,16,0,673
w=16 s=0,Random 30% #25,1028,0.0207335170659317,0.0063615852895527,0.0145074958348379,0.0143719317763789,0.0062260212310937,False,False,False,,16,0,673
w=16 s=0,Random 30% #26,1028,0.000322640117994,0.0217240835938613,0.012375721639595,-0.0214014434758672,-0.0120530815216009,False,False,False,,16,0,673
w=16 s=0,Random 30% #27,1028,-0.0133699862551543,0.0542707223380484,0.0274343101558667,-0.0676407085932027,-0.040804296411021,False,False,False,,16,0,673
w=16 s=0,Random 30% #28,1028,0.0048546691403834,0.0204741346190962,0.0036565228078249,-0.0156194654787128,0.0011981463325584,False,True,True,,16,0,673
w=16 s=0,Random 30% #29,1028,0.0132264436461088,0.0118189184736533,0.0141119348925702,0.0014075251724555,-0.0008854912464613,False,True,True,,16,0,673
w=16 s=0,Random 30% #30,1028,0.0073191060456281,0.032086807978057,-0.003654958237481,-0.0247677019324289,0.0109740642831091,True,True,True,,16,0,673
w=16 s=0,Random 30% #31,1028,0.0186572318838355,0.0351518115910882,0.089233451302216,-0.0164945797072527,-0.0705762194183805,False,False,False,,16,0,673
w=16 s=0,Random 30% #32,1028,0.0146773132638857,0.0561612973678843,0.0035351041384749,-0.0414839841039986,0.0111422091254107,False,True,True,,16,0,673
w=16 s=0,Random 30% #33,1028,0.0107989019115876,0.0425531143340617,0.0254873966910939,-0.031754212422474,-0.0146884947795062,False,False,False,,16,0,673
w=16 s=0,Random 30% #34,1028,0.0036708111308466,0.0406754615381864,0.0228527739088866,-0.0370046504073397,-0.0191819627780399,False,False,False,,16,0,673
w=16 s=0,Random 30% #35,1028,-0.0021279853031231,0.0295779406545186,0.0458702293726386,-0.0317059259576417,-0.0479982146757617,False,False,False,,16,0,673
w=16 s=0,Random 30% #36,1028,-0.0048226599270606,0.011962013163405,-0.0026134317550095,-0.0167846730904656,-0.0022092281720511,True,False,True,,16,0,673
w=16 s=0,Random 30% #37,1028,-0.0037446257685728,0.0094057649039919,0.0356234801714504,-0.0131503906725647,-0.0393681059400233,False,False,False,,16,0,673
w=16 s=0,Random 30% #38,1028,0.0108722741433021,-0.0128972820380107,0.0569419788786674,0.0237695561813129,-0.0460697047353652,True,True,True,,16,0,673
w=16 s=0,Random 30% #39,1028,0.0380230468256006,-0.0131344216007524,0.0136573237289866,0.0511574684263531,0.0243657230966139,True,False,True,,16,0,673
w=16 s=0,Random 30% #40,1028,-0.0156995008383602,0.0425253471483664,0.0462593737104624,-0.0582248479867266,-0.0619588745488226,False,False,False,,16,0,673
w=16 s=0,Random 30% #41,1028,0.0003191021554961,0.0552508001488925,0.0093416224200525,-0.0549316979933964,-0.0090225202645564,False,False,False,,16,0,673
w=16 s=0,Random 30% #42,1028,0.0039796984507742,0.0269256725343583,0.0039115126746468,-0.0229459740835841,6.818577612738297e-05,False,True,True,,16,0,673
w=16 s=0,Random 30% #43,1028,0.0320665445665445,0.0303007537162105,0.0319339336253455,0.0017657908503339,0.0001326109411989,False,False,False,,16,0,673
w=16 s=0,Random 30% #44,1028,0.014617494198646,0.0126155488248694,0.0223059038208229,0.0020019453737766,-0.0076884096221769,False,True,True,,16,0,673
w=16 s=0,Random 30% #45,1028,-0.010677190889205,-0.0049848947882872,-0.0027051294179545,-0.0056922961009177,-0.0079720614712504,False,False,False,,16,0,673
w=16 s=0,Random 30% #46,1028,-0.0211341559464426,0.0361590475848339,0.0325433426502817,-0.0572932035312766,-0.0536774985967243,False,False,False,,16,0,673
w=16 s=0,Random 30% #47,1028,0.0021068472535741,0.0454945560792315,0.0149294099441255,-0.0433877088256574,-0.0128225626905513,False,False,False,,16,0,673
w=16 s=0,Random 30% #48,1028,0.0099373113536103,0.0340626314445808,0.0516036907889453,-0.0241253200909704,-0.0416663794353349,False,False,False,,16,0,673
w=16 s=0,Random 30% #49,1028,-0.0033935788911766,0.0432399312642921,0.0052009595048251,-0.0466335101554688,-0.0085945383960018,False,False,False,,16,0,673
w=16 s=0,Random 30% #50,1028,-0.0149638584774062,0.0296628315281496,0.0257503127510252,-0.0446266900055559,-0.0407141712284315,False,False,False,,16,0,673
w=16 s=1,All Patients,3429,0.0078818040435458,0.023305172060886,0.0312388080965608,-0.0154233680173401,-0.0233570040530149,False,False,False,,16,1,673
w=16 s=1,ICUType 1.0,490,0.0294939989088925,0.0532893387750624,0.039350521779465,-0.0237953398661699,-0.0098565228705725,False,False,False,,16,1,673
w=16 s=1,ICUType 2.0,643,-0.000975689080413,0.0272764977160833,-0.0068206213786571,-0.0282521867964963,0.0058449322982441,True,True,True,,16,1,673
w=16 s=1,ICUType 3.0,1357,-0.0217764843549488,0.0117017209202002,0.0528989877801849,-0.033478205275149,-0.0746754721351337,False,False,False,,16,1,673
w=16 s=1,ICUType 4.0,939,0.0202084035501629,0.0349758261012337,0.0303468866259659,-0.0147674225510708,-0.010138483075803,False,False,False,,16,1,673
w=16 s=1,Age decile 0,374,0.046026807780653,0.0388639334907366,-0.0159437520204196,0.0071628742899164,0.0619705598010726,True,False,True,,16,1,673
w=16 s=1,Age decile 1,344,0.0273634472301562,0.058415037376176,-0.0116169135861954,-0.0310515901460198,0.0389803608163516,True,True,True,,16,1,673
w=16 s=1,Age decile 2,347,0.0042864169770219,-0.0043624871648042,0.0423251182296144,0.0086489041418262,-0.0380387012525924,True,True,True,,16,1,673
w=16 s=1,Age decile 3,325,0.0096292729898892,0.0731515475449079,0.0023762491194204,-0.0635222745550187,0.0072530238704688,False,True,True,,16,1,673
w=16 s=1,Age decile 4,372,-0.0152359717577108,0.0035715784193278,-0.0162534788212197,-0.0188075501770387,0.0010175070635088,True,True,True,,16,1,673
w=16 s=1,Age decile 5,344,-0.0250497851378262,0.026234118573642,0.0323712132245584,-0.0512839037114683,-0.0574209983623846,False,False,False,,16,1,673
w=16 s=1,Age decile 6,397,-0.0004719207173194,0.0531949165347439,-0.0479363660820985,-0.0536668372520634,0.047464445364779,True,True,True,,16,1,673
w=16 s=1,Age decile 7,247,0.0173747705218987,0.0744475626410889,0.0403904243025142,-0.0570727921191901,-0.0230156537806154,False,False,False,,16,1,673
w=16 s=1,Age decile 8,354,-0.0216450216450216,0.0302698821641765,-0.0698379681017479,-0.0519149038091982,0.0481929464567262,True,True,True,,16,1,673
w=16 s=1,Age decile 9,325,-0.0771864301276066,-0.0016685980851426,-0.0029855623734478,-0.0755178320424639,-0.0742008677541588,False,False,False,,16,1,673
w=16 s=1,HR quartile 0,877,0.0371049136786188,0.0624387868095213,0.0536252770992057,-0.0253338731309024,-0.0165203634205868,False,False,False,,16,1,673
w=16 s=1,HR quartile 1,917,-0.0169849537037037,-0.0110017389485246,0.0115809652106664,-0.0059832147551791,-0.0285659189143701,True,False,True,,16,1,673
w=16 s=1,HR quartile 2,816,0.034861311019492,0.0302416722450779,0.0385244804494737,0.0046196387744141,-0.0036631694299817,False,True,True,,16,1,673
w=16 s=1,HR quartile 3,819,-0.0232600311906863,0.0456811883388133,0.0349168372735337,-0.0689412195294996,-0.05817686846422,False,False,False,,16,1,673
w=16 s=1,MAP quartile 0,877,-0.0141240285818599,0.0132691472146335,0.0181401763965636,-0.0273931757964934,-0.0322642049784235,False,False,False,,16,1,673
w=16 s=1,MAP quartile 1,840,0.02392179413456,0.0235902785415915,-0.0121224753996356,0.0003315155929685,0.0360442695341957,True,False,True,,16,1,673
w=16 s=1,MAP quartile 2,866,0.0104058609958506,0.0239700773837453,0.0026291016733871,-0.0135642163878947,0.0077767593224635,False,True,True,,16,1,673
w=16 s=1,MAP quartile 3,846,0.0090927756430939,0.0558952793090615,-0.016752090618022,-0.0468025036659676,0.0258448662611159,True,True,True,,16,1,673
w=16 s=1,Temp quartile 0,902,0.0068727157158747,0.0336211034088275,0.009399238154108,-0.0267483876929527,-0.0025265224382333,False,False,False,,16,1,673
w=16 s=1,Temp quartile 1,864,0.0305627470437901,0.0193196497772172,-0.0275193085130248,0.0112430972665729,0.058082055556815,True,False,True,,16,1,673
w=16 s=1,Temp quartile 2,838,-0.0036346905912123,0.0356052607356972,0.0279843404106846,-0.0392399513269096,-0.0316190310018969,False,False,False,,16,1,673
w=16 s=1,Temp quartile 3,825,-0.0023612750885478,0.0203021319371154,-0.0307388266336708,-0.0226634070256632,0.028377551545123,True,True,True,,16,1,673
w=16 s=1,Urine quartile 0,859,-0.0313289760348584,-0.0244468369359683,0.014990153162433,-0.0068821390988901,-0.0463191291972914,True,False,True,,16,1,673
w=16 s=1,Urine quartile 1,913,-0.0210526315789473,-0.0072417963839214,0.029164257973652,-0.0138108351950259,-0.0502168895525994,True,False,True,,16,1,673
w=16 s=1,Urine quartile 2,802,0.0149901230333403,0.0435468402018241,0.0368981645802692,-0.0285567171684838,-0.0219080415469288,False,False,False,,16,1,673
w=16 s=1,Urine quartile 3,855,0.0601118199903958,0.0649148061837741,-0.0018125577206024,-0.0048029861933783,0.0619243777109982,True,True,True,,16,1,673
w=16 s=1,SAPS quartile 0,1025,0.0026756349262149,0.0189525299484576,-0.0071708922840449,-0.0162768950222426,0.0098465272102599,True,True,True,,16,1,673
w=16 s=1,SAPS quartile 1,946,0.0452124666297511,0.0310350246021655,0.0234844321663623,0.0141774420275856,0.0217280344633888,False,False,False,,16,1,673
w=16 s=1,SAPS quartile 2,660,0.0015384615384615,0.0429465429235868,0.0103658164580992,-0.0414080813851252,-0.0088273549196377,False,False,False,,16,1,673
w=16 s=1,SAPS quartile 3,798,-0.0389986891196934,0.024192388839267,0.0301960804175802,-0.0631910779589604,-0.0691947695372736,False,False,False,,16,1,673
w=16 s=1,HR > 100,945,-0.0351262896411669,0.0240099200700983,0.0013463665304064,-0.0591362097112653,-0.0364726561715734,False,False,False,,16,1,673
w=16 s=1,MAP < 65,697,-0.0279136809159047,0.0227247163054061,0.0093292508225454,-0.0506383972213109,-0.0372429317384502,False,False,False,,16,1,673
w=16 s=1,Temp > 38C,267,-0.0430204913392958,0.0719724973875487,-0.0157649408442775,-0.1149929887268445,-0.0272555504950182,True,False,True,,16,1,673
w=16 s=1,Urine > 1000,210,0.0458952811893988,0.0766673671694793,-0.0378800466233271,-0.0307720859800805,0.0837753278127259,True,True,True,,16,1,673
w=16 s=1,Random 50% #1,1714,0.0148182289884191,0.0231446124720004,0.0075253923362358,-0.0083263834835812,0.0072928366521833,False,True,True,,16,1,673
w=16 s=1,Random 50% #2,1714,0.0038708396744524,0.0189650315568177,-0.007787783391413,-0.0150941918823652,0.0116586230658654,True,True,True,,16,1,673
w=16 s=1,Random 50% #3,1714,0.0221853388658367,0.0381585703670026,0.0410234557804608,-0.0159732315011658,-0.018838116914624,False,False,False,,16,1,673
w=16 s=1,Random 50% #4,1714,0.0209444740819774,-0.0035762809539992,0.0182620634998421,0.0245207550359767,0.0026824105821352,True,False,True,,16,1,673
w=16 s=1,Random 50% #5,1714,0.025145147627017,0.0376298569784023,0.0380727394401445,-0.0124847093513852,-0.0129275918131274,False,False,False,,16,1,673
w=16 s=1,Random 50% #6,1714,-0.0032358828377694,0.0261889072865023,0.0340960716147015,-0.0294247901242718,-0.037331954452471,False,False,False,,16,1,673
w=16 s=1,Random 50% #7,1714,0.0203886964648963,0.0528909806872244,0.037882010240181,-0.032502284222328,-0.0174933137752847,False,False,False,,16,1,673
w=16 s=1,Random 50% #8,1714,-0.0080211409064465,0.0392381354292289,0.0290696472891713,-0.0472592763356755,-0.0370907881956179,False,False,False,,16,1,673
w=16 s=1,Random 50% #9,1714,-0.0018808498325041,0.0356235750838679,0.0292363730811346,-0.0375044249163721,-0.0311172229136388,False,False,False,,16,1,673
w=16 s=1,Random 50% #10,1714,0.0032849222618878,0.0328245156769055,0.0344317852792982,-0.0295395934150176,-0.0311468630174103,False,False,False,,16,1,673
w=16 s=1,Random 50% #11,1714,0.0064028840624585,0.0322495453945243,-0.0027098102669662,-0.0258466613320658,0.0091126943294248,True,True,True,,16,1,673
w=16 s=1,Random 50% #12,1714,-0.0033234372422892,0.0386725031873954,0.0167609613393713,-0.0419959404296847,-0.0200843985816606,False,False,False,,16,1,673
w=16 s=1,Random 50% #13,1714,0.0032517955657333,0.0256085796276194,0.0453083039945016,-0.022356784061886,-0.0420565084287682,False,False,False,,16,1,673
w=16 s=1,Random 50% #14,1714,0.0062157191184681,0.0044590405741448,-0.0035900384226809,0.0017566785443232,0.009805757541149,True,False,True,,16,1,673
w=16 s=1,Random 50% #15,1714,0.0026854501430772,0.0101387130912036,0.032382471516089,-0.0074532629481263,-0.0296970213730117,False,False,False,,16,1,673
w=16 s=1,Random 50% #16,1714,0.0188052608311229,0.0405344948330228,0.0221157979308702,-0.0217292340018999,-0.0033105370997473,False,False,False,,16,1,673
w=16 s=1,Random 50% #17,1714,0.0073507410721795,-0.0045661261124081,0.0497671615797852,0.0119168671845877,-0.0424164205076056,True,True,True,,16,1,673
w=16 s=1,Random 50% #18,1714,0.0251803786741562,0.0219694049349642,0.0486845520801154,0.0032109737391919,-0.0235041734059592,False,True,True,,16,1,673
w=16 s=1,Random 50% #19,1714,0.0087463233253787,0.0019784902269879,-0.0149389356568047,0.0067678330983908,0.0236852589821835,True,False,True,,16,1,673
w=16 s=1,Random 50% #20,1714,0.0239488541873964,0.0191786327775885,0.026050007189171,0.0047702214098078,-0.0021011530017746,False,True,True,,16,1,673
w=16 s=1,Random 50% #21,1714,0.0016605879752431,0.004979493154379,0.0176250172292171,-0.0033189051791359,-0.015964429253974,False,False,False,,16,1,673
w=16 s=1,Random 50% #22,1714,0.0178287222426975,0.0099962031381344,0.0495818571434258,0.007832519104563,-0.0317531349007283,False,True,True,,16,1,673
w=16 s=1,Random 50% #23,1714,-0.0051929851771431,0.0296691961337391,0.0341835494564755,-0.0348621813108823,-0.0393765346336186,False,False,False,,16,1,673
w=16 s=1,Random 50% #24,1714,0.0201698382197979,-0.0064234694051103,0.0284537275369489,0.0265933076249083,-0.008283889317151,True,True,True,,16,1,673
w=16 s=1,Random 50% #25,1714,0.0024135223603308,0.0259545431065379,0.0083066914200436,-0.023541020746207,-0.0058931690597127,False,False,False,,16,1,673
w=16 s=1,Random 50% #26,1714,-0.0063986093578627,0.0302465645901901,0.0162439253749847,-0.0366451739480528,-0.0226425347328474,False,False,False,,16,1,673
w=16 s=1,Random 50% #27,1714,-0.0048317683881064,0.0114590164361885,0.0171219741688487,-0.0162907848242949,-0.0219537425569551,False,False,False,,16,1,673
w=16 s=1,Random 50% #28,1714,0.0098094573797898,0.0136599483161879,0.041586284495564,-0.0038504909363981,-0.0317768271157741,False,False,False,,16,1,673
w=16 s=1,Random 50% #29,1714,0.0125552608311229,0.0196395012818051,0.016398199689105,-0.0070842404506822,-0.0038429388579821,False,False,False,,16,1,673
w=16 s=1,Random 50% #30,1714,0.0022139615866539,0.0173920575321195,0.0228984830239769,-0.0151780959454656,-0.020684521437323,False,False,False,,16,1,673
w=16 s=1,Random 50% #31,1714,0.0081502190717898,0.0098450267221237,-0.0248359265137439,-0.0016948076503339,0.0329861455855337,True,True,True,,16,1,673
w=16 s=1,Random 50% #32,1714,-0.0092920029904661,0.015465082582307,0.0365579663876648,-0.0247570855727732,-0.045849969378131,False,False,False,,16,1,673
w=16 s=1,Random 50% #33,1714,-0.002514181228832,0.0266051696089778,0.0321263635644516,-0.0291193508378098,-0.0346405447932836,False,False,False,,16,1,673
w=16 s=1,Random 50% #34,1714,0.0070180513371488,0.0179554448832844,0.0164599940222845,-0.0109373935461356,-0.0094419426851356,False,False,False,,16,1,673
w=16 s=1,Random 50% #35,1714,0.0093248828878478,0.0386963689509184,0.0264806237820588,-0.0293714860630705,-0.0171557408942109,False,False,False,,16,1,673
w=16 s=1,Random 50% #36,1714,0.016912667846362,0.0359641208632866,0.0578352179670759,-0.0190514530169245,-0.0409225501207138,False,False,False,,16,1,673
w=16 s=1,Random 50% #37,1714,0.0036653828805384,0.0069872157455819,0.0265312023661424,-0.0033218328650434,-0.0228658194856039,False,False,False,,16,1,673
w=16 s=1,Random 50% #38,1714,0.0021576191788371,0.0389016320481665,0.0448910767859901,-0.0367440128693294,-0.042733457607153,False,False,False,,16,1,673
w=16 s=1,Random 50% #39,1714,0.0170086158804934,0.0366854208872171,0.0301381535549213,-0.0196768050067237,-0.0131295376744279,False,False,False,,16,1,673
w=16 s=1,Random 50% #40,1714,0.018520937100027,0.0351404031443405,0.0439628835619683,-0.0166194660443134,-0.0254419464619412,False,False,False,,16,1,673
w=16 s=1,Random 50% #41,1714,0.0027199322354597,0.0331861986023331,0.0298128965558233,-0.0304662663668733,-0.0270929643203635,False,False,False,,16,1,673
w=16 s=1,Random 50% #42,1714,0.0178900300253214,0.0458023330142778,0.008753199421984,-0.0279123029889563,0.0091368306033373,False,True,True,,16,1,673
w=16 s=1,Random 50% #43,1714,0.0169958506224066,0.0106067111171974,0.0071688683541307,0.0063891395052091,0.0098269822682758,False,False,False,,16,1,673
w=16 s=1,Random 50% #44,1714,-0.0080414937759336,0.0007874793906149,0.0273791743063655,-0.0088289731665485,-0.0354206680822991,False,False,False,,16,1,673
w=16 s=1,Random 50% #45,1714,-0.0006684003732017,0.0443113222959291,0.0242704418433305,-0.0449797226691308,-0.0249388422165322,False,False,False,,16,1,673
w=16 s=1,Random 50% #46,1714,-0.0127567411871579,0.0415585555952627,0.0294836178162591,-0.0543152967824207,-0.0422403590034171,False,False,False,,16,1,673
w=16 s=1,Random 50% #47,1714,-0.0023071888899981,0.0240322383226431,0.0464435433466185,-0.0263394272126412,-0.0487507322366166,False,False,False,,16,1,673
w=16 s=1,Random 50% #48,1714,0.0007707867678387,0.0338641103869494,0.043090645784676,-0.0330933236191106,-0.0423198590168372,False,False,False,,16,1,673
w=16 s=1,Random 50% #49,1714,-0.0052585890287469,0.007030992879119,0.0153602866631011,-0.0122895819078659,-0.0206188756918481,False,False,False,,16,1,673
w=16 s=1,Random 50% #50,1714,-0.009935439192208,0.0249284946550572,0.0132858492802934,-0.0348639338472652,-0.0232212884725014,False,False,False,,16,1,673
w=16 s=1,Random 30% #1,1028,0.0177032019704433,0.0336998040224454,0.0219024462411215,-0.015996602052002,-0.0041992442706781,False,False,False,,16,1,673
w=16 s=1,Random 30% #2,1028,-0.0188812287552644,0.0173444403670241,0.0296903738788964,-0.0362256691222886,-0.0485716026341609,False,False,False,,16,1,673
w=16 s=1,Random 30% #3,1028,-0.0136963318843895,-0.0142782236103463,0.0033053866534591,0.0005818917259568,-0.0170017185378487,True,True,True,,16,1,673
w=16 s=1,Random 30% #4,1028,0.012612065619632,0.0269017339198935,0.0159442233230057,-0.0142896683002614,-0.0033321577033736,False,False,False,,16,1,673
w=16 s=1,Random 30% #5,1028,0.012955140579904,0.0563467575353513,0.0188322302426513,-0.0433916169554473,-0.0058770896627473,False,False,False,,16,1,673
w=16 s=1,Random 30% #6,1028,0.011061887501678,0.0316212095710617,0.0417169494598442,-0.0205593220693836,-0.0306550619581661,False,False,False,,16,1,673
w=16 s=1,Random 30% #7,1028,-0.0019795447047178,0.0348305501411293,0.0321649356787358,-0.0368100948458472,-0.0341444803834537,False,False,False,,16,1,673
w=16 s=1,Random 30% #8,1028,-0.0013757582957458,0.031448655104258,0.0700545931509785,-0.0328244134000039,-0.0714303514467244,False,False,False,,16,1,673
w=16 s=1,Random 30% #9,1028,0.0167924069116573,0.0305480256228522,0.0061808214762837,-0.0137556187111948,0.0106115854353735,False,True,True,,16,1,673
w=16 s=1,Random 30% #10,1028,0.0218614718614718,-0.0009162841943696,-0.0296376177854858,0.0227777560558414,0.0514990896469576,False,False,False,,16,1,673
w=16 s=1,Random 30% #11,1028,0.0036992125742528,0.0074920219113908,0.0299992049827573,-0.0037928093371379,-0.0262999924085044,False,False,False,,16,1,673
w=16 s=1,Random 30% #12,1028,-0.0176439165409753,0.0231410782448336,-0.0155437085915617,-0.040784994785809,-0.0021002079494135,True,False,True,,16,1,673
w=16 s=1,Random 30% #13,1028,0.0061871080085679,0.0342825669399319,0.0311825035839581,-0.028095458931364,-0.0249953955753902,False,False,False,,16,1,673
w=16 s=1,Random 30% #14,1028,-0.0024039572835282,0.0328965155245861,0.0068095359895502,-0.0353004728081143,-0.0092134932730785,False,False,False,,16,1,673
w=16 s=1,Random 30% #15,1028,-0.0014797507788162,0.0420255642246051,-0.013591907478531,-0.0435053150034213,0.0121121566997148,True,True,True,,16,1,673
w=16 s=1,Random 30% #16,1028,0.006823838043474,0.0110679886845191,0.0159564096850506,-0.0042441506410451,-0.0091325716415766,False,False,False,,16,1,673
w=16 s=1,Random 30% #17,1028,0.0030261642698374,0.0275402520548232,0.0170638253373232,-0.0245140877849857,-0.0140376610674857,False,False,False,,16,1,673
w=16 s=1,Random 30% #18,1028,0.008237689744539,0.025126331309695,0.0079708366819649,-0.0168886415651559,0.0002668530625741,False,True,True,,16,1,673
w=16 s=1,Random 30% #19,1028,0.0066883064376393,0.0177283628223987,0.025374439299925,-0.0110400563847594,-0.0186861328622857,False,False,False,,16,1,673
w=16 s=1,Random 30% #20,1028,-0.0099963316214233,0.0030501052405095,0.0282629999914327,-0.0130464368619329,-0.0382593316128561,False,False,False,,16,1,673
w=16 s=1,Random 30% #21,1028,0.002277451699682,0.0544246967738031,-0.0362508935292259,-0.052147245074121,0.038528345228908,True,True,True,,16,1,673
w=16 s=1,Random 30% #22,1028,0.0271739130434782,-0.0118815666758493,0.0212765664008856,0.0390554797193275,0.0058973466425926,True,False,True,,16,1,673
w=16 s=1,Random 30% #23,1028,0.0053719593676173,0.0487796207267834,0.0221559096733653,-0.0434076613591661,-0.016783950305748,False,False,False,,16,1,673
w=16 s=1,Random 30% #24,1028,0.0374355138753044,0.0371515117243653,0.0124784503259682,0.000284002150939,0.0249570635493361,False,False,False,,16,1,673
w=16 s=1,Random 30% #25,1028,0.0207335170659317,0.0202755180692362,0.0016084071453513,0.0004579989966954,0.0191251099205804,False,False,False,,16,1,673
w=16 s=1,Random 30% #26,1028,0.000322640117994,0.021725321964583,0.0144320259348013,-0.0214026818465889,-0.0141093858168072,False,False,False,,16,1,673
w=16 s=1,Random 30% #27,1028,-0.0133699862551543,0.0460715552914784,0.0120573275549119,-0.0594415415466327,-0.0254273138100662,False,False,False,,16,1,673
w=16 s=1,Random 30% #28,1028,0.0048546691403834,0.0102846139049513,-0.0058553389207024,-0.0054299447645679,0.0107100080610858,True,True,True,,16,1,673
w=16 s=1,Random 30% #29,1028,0.0132264436461088,0.048513008362001,0.0064100759499361,-0.0352865647158921,0.0068163676961727,False,True,True,,16,1,673
w=16 s=1,Random 30% #30,1028,0.0073191060456281,0.0062518149174113,-0.0382652031895719,0.0010672911282167,0.0455843092352001,True,False,True,,16,1,673
w=16 s=1,Random 30% #31,1028,0.0186572318838355,0.0363245272223928,0.0222306446450575,-0.0176672953385573,-0.0035734127612219,False,False,False,,16,1,673
w=16 s=1,Random 30% #32,1028,0.0146773132638857,0.0548679152844055,0.0066438972846233,-0.0401906020205197,0.0080334159792623,False,True,True,,16,1,673
w=16 s=1,Random 30% #33,1028,0.0107989019115876,0.0214709361279306,0.0217382297170803,-0.010672034216343,-0.0109393278054926,False,False,False,,16,1,673
w=16 s=1,Random 30% #34,1028,0.0036708111308466,0.0388637180461608,-0.0161358258546572,-0.0351929069153141,0.0198066369855039,True,True,True,,16,1,673
w=16 s=1,Random 30% #35,1028,-0.0021279853031231,0.034400238251262,0.0177648042498588,-0.0365282235543851,-0.0198927895529819,False,False,False,,16,1,673
w=16 s=1,Random 30% #36,1028,-0.0048226599270606,0.0237062897645889,-0.0106594977104853,-0.0285289496916496,0.0058368377834246,True,True,True,,16,1,673
w=16 s=1,Random 30% #37,1028,-0.0037446257685728,0.0067871818648727,0.0116025521450475,-0.0105318076334456,-0.0153471779136204,False,False,False,,16,1,673
w=16 s=1,Random 30% #38,1028,0.0108722741433021,0.0317354107397009,0.0114465190019316,-0.0208631365963988,-0.0005742448586294,False,False,False,,16,1,673
w=16 s=1,Random 30% #39,1028,0.0380230468256006,0.0247693967731642,0.0346065789067313,0.0132536500524363,0.0034164679188693,False,False,False,,16,1,673
w=16 s=1,Random 30% #40,1028,-0.0156995008383602,0.0005412158800054,-0.0284324939664144,-0.0162407167183657,0.0127329931280542,True,True,True,,16,1,673
w=16 s=1,Random 30% #41,1028,0.0003191021554961,0.0397204330117223,0.0119828407464795,-0.0394013308562261,-0.0116637385909834,False,False,False,,16,1,673
w=16 s=1,Random 30% #42,1028,0.0039796984507742,0.0113810339299513,-0.0001989868656338,-0.0074013354791771,0.004178685316408,True,True,True,,16,1,673
w=16 s=1,Random 30% #43,1028,0.0320665445665445,0.046271697040267,0.0098510662178382,-0.0142051524737224,0.0222154783487062,False,True,True,,16,1,673
w=16 s=1,Random 30% #44,1028,0.014617494198646,-0.0133657545070179,0.0221673751049903,0.027983248705664,-0.0075498809063443,True,True,True,,16,1,673
w=16 s=1,Random 30% #45,1028,-0.010677190889205,-0.0047647292520745,-0.0347389686811911,-0.0059124616371304,0.024061777791986,False,True,True,,16,1,673
w=16 s=1,Random 30% #46,1028,-0.0211341559464426,0.0420765747364117,0.0439462466432708,-0.0632107306828543,-0.0650804025897134,False,False,False,,16,1,673
w=16 s=1,Random 30% #47,1028,0.0021068472535741,0.0525338738607849,0.0411559832584394,-0.0504270266072108,-0.0390491360048652,False,False,False,,16,1,673
w=16 s=1,Random 30% #48,1028,0.0099373113536103,0.0503828559959689,0.0222329509142294,-0.0404455446423585,-0.012295639560619,False,False,False,,16,1,673
w=16 s=1,Random 30% #49,1028,-0.0033935788911766,0.0231923035211919,0.0033786730102316,-0.0265858824123686,-0.0067722519014083,False,False,False,,16,1,673
w=16 s=1,Random 30% #50,1028,-0.0149638584774062,0.0271871881290002,0.0321389407246404,-0.0421510466064065,-0.0471027992020466,False,False,False,,16,1,673
w=16 s=2,All Patients,3429,0.0078818040435458,0.0181852950466775,0.0116422147296993,-0.0103034910031316,-0.0037604106861535,False,False,False,,16,2,673
w=16 s=2,ICUType 1.0,490,0.0294939989088925,0.0222953441285292,0.0562654693363587,0.0071986547803632,-0.0267714704274662,False,True,True,,16,2,673
w=16 s=2,ICUType 2.0,643,-0.000975689080413,0.0116457415672361,0.0017707356159114,-0.0126214306476492,-0.0027464246963245,False,False,False,,16,2,673
w=16 s=2,ICUType 3.0,1357,-0.0217764843549488,-0.0003726923276989,0.0238898212518786,-0.0214037920272498,-0.0456663056068274,True,False,True,,16,2,673
w=16 s=2,ICUType 4.0,939,0.0202084035501629,0.0358512107127599,0.0248426440791198,-0.015642807162597,-0.0046342405289569,False,False,False,,16,2,673
w=16 s=2,Age decile 0,374,0.046026807780653,0.0287434330368707,-0.0071141681019192,0.0172833747437822,0.0531409758825723,True,False,True,,16,2,673
w=16 s=2,Age decile 1,344,0.0273634472301562,0.0577059948177015,-0.0176445975069504,-0.0303425475875453,0.0450080447371067,True,True,True,,16,2,673
w=16 s=2,Age decile 2,347,0.0042864169770219,0.018095147850996,0.0320032344866789,-0.013808730873974,-0.0277168175096569,False,False,False,,16,2,673
w=16 s=2,Age decile 3,325,0.0096292729898892,0.0283036086794046,0.101845035765745,-0.0186743356895154,-0.0922157627758557,False,False,False,,16,2,673
w=16 s=2,Age decile 4,372,-0.0152359717577108,0.0431766134202196,-0.0292411364161819,-0.0584125851779305,0.014005164658471,True,True,True,,16,2,673
w=16 s=2,Age decile 5,344,-0.0250497851378262,0.0418935605653956,0.0347378161951521,-0.0669433457032219,-0.0597876013329783,False,False,False,,16,2,673
w=16 s=2,Age decile 6,397,-0.0004719207173194,0.0537779831038804,-0.0168518588538791,-0.0542499038211999,0.0163799381365596,True,True,True,,16,2,673
w=16 s=2,Age decile 7,247,0.0173747705218987,0.0409873184671578,0.0071104996870001,-0.023612547945259,0.0102642708348986,False,True,True,,16,2,673
w=16 s=2,Age decile 8,354,-0.0216450216450216,0.0313892202112898,-0.0229083178563844,-0.0530342418563115,0.0012632962113627,True,True,True,,16,2,673
w=16 s=2,Age decile 9,325,-0.0771864301276066,0.068727977222106,0.0240959624439636,-0.1459144073497126,-0.1012823925715702,False,False,False,,16,2,673
w=16 s=2,HR quartile 0,877,0.0371049136786188,0.0584955729763157,0.0296352681302593,-0.0213906592976969,0.0074696455483594,False,True,True,,16,2,673
w=16 s=2,HR quartile 1,917,-0.0169849537037037,0.0381858309333808,0.0043370091525893,-0.0551707846370845,-0.021321962856293,False,False,False,,16,2,673
w=16 s=2,HR quartile 2,816,0.034861311019492,0.0405048695733174,0.0124022128182016,-0.0056435585538253,0.0224590982012904,False,True,True,,16,2,673
w=16 s=2,HR quartile 3,819,-0.0232600311906863,0.0230762241448999,-0.0191766551531625,-0.0463362553355862,-0.0040833760375237,True,False,True,,16,2,673
w=16 s=2,MAP quartile 0,877,-0.0141240285818599,0.026908481866529,0.0272602246413736,-0.0410325104483889,-0.0413842532232335,False,False,False,,16,2,673
w=16 s=2,MAP quartile 1,840,0.02392179413456,0.0248365138661267,-0.0116987426695415,-0.0009147197315666,0.0356205368041016,True,True,True,,16,2,673
w=16 s=2,MAP quartile 2,866,0.0104058609958506,0.0157817351210069,-0.0096802725352874,-0.0053758741251563,0.020086133531138,True,True,True,,16,2,673
w=16 s=2,MAP quartile 3,846,0.0090927756430939,0.0532900068051629,0.0046953719872011,-0.044197231162069,0.0043974036558928,False,True,True,,16,2,673
w=16 s=2,Temp quartile 0,902,0.0068727157158747,0.0132667931739701,0.0218727494634421,-0.0063940774580954,-0.0150000337475673,False,False,False,,16,2,673
w=16 s=2,Temp quartile 1,864,0.0305627470437901,0.021056629884152,-0.001305943501462,0.009506117159638,0.0318686905452521,True,False,True,,16,2,673
w=16 s=2,Temp quartile 2,838,-0.0036346905912123,0.0554473809579571,0.0393860017033231,-0.0590820715491695,-0.0430206922945354,False,False,False,,16,2,673
w=16 s=2,Temp quartile 3,825,-0.0023612750885478,0.0376535590035089,-0.0357136295754081,-0.0400148340920567,0.0333523544868603,True,True,True,,16,2,673
w=16 s=2,Urine quartile 0,859,-0.0313289760348584,-0.0037814394184838,0.0442930205883186,-0.0275475366163745,-0.075621996623177,True,False,True,,16,2,673
w=16 s=2,Urine quartile 1,913,-0.0210526315789473,0.0198670418236229,-0.006587850602699,-0.0409196734025703,-0.0144647809762483,True,False,True,,16,2,673
w=16 s=2,Urine quartile 2,802,0.0149901230333403,0.038029005898971,-0.0005620121757306,-0.0230388828656307,0.0155521352090709,True,True,True,,16,2,673
w=16 s=2,Urine quartile 3,855,0.0601118199903958,-0.000246292812032,-0.0075795583193639,0.0603581128024278,0.0676913783097598,False,False,False,,16,2,673
w=16 s=2,SAPS quartile 0,1025,0.0026756349262149,0.0130721059520244,-0.0085074002935975,-0.0103964710258094,0.0111830352198125,True,True,True,,16,2,673
w=16 s=2,SAPS quartile 1,946,0.0452124666297511,0.0248963698090132,0.0165575466944933,0.0203160968207379,0.0286549199352577,False,False,False,,16,2,673
w=16 s=2,SAPS quartile 2,660,0.0015384615384615,0.0154885359185086,-0.0261298944335297,-0.013950074380047,0.0276683559719912,True,True,True,,16,2,673
w=16 s=2,SAPS quartile 3,798,-0.0389986891196934,0.0498143737130813,0.0196203559914767,-0.0888130628327748,-0.0586190451111702,False,False,False,,16,2,673
w=16 s=2,HR > 100,945,-0.0351262896411669,-0.0146418686360733,0.001956540118347,-0.0204844210050936,-0.037082829759514,True,False,True,,16,2,673
w=16 s=2,MAP < 65,697,-0.0279136809159047,0.005701530820588,0.0333212562836967,-0.0336152117364928,-0.0612349371996015,False,False,False,,16,2,673
w=16 s=2,Temp > 38C,267,-0.0430204913392958,0.0490710766884,-0.0180942908907585,-0.0920915680276958,-0.0249262004485372,True,False,True,,16,2,673
w=16 s=2,Urine > 1000,210,0.0458952811893988,0.0716973916405325,-0.0403639722247784,-0.0258021104511337,0.0862592534141772,True,True,True,,16,2,673
w=16 s=2,Random 50% #1,1714,0.0148182289884191,-0.0014783990371611,0.0072779646031073,0.0162966280255803,0.0075402643853118,True,False,True,,16,2,673
w=16 s=2,Random 50% #2,1714,0.0038708396744524,0.0329590849079358,0.0111356733110067,-0.0290882452334833,-0.0072648336365543,False,False,False,,16,2,673
w=16 s=2,Random 50% #3,1714,0.0221853388658367,0.0212269022483858,-0.0065427612702356,0.0009584366174509,0.0287281001360724,True,False,True,,16,2,673
w=16 s=2,Random 50% #4,1714,0.0209444740819774,0.0271376283584731,0.0079078111429751,-0.0061931542764957,0.0130366629390022,False,True,True,,16,2,673
w=16 s=2,Random 50% #5,1714,0.025145147627017,0.0169158112821551,0.0508914413581912,0.0082293363448619,-0.0257462937311742,False,True,True,,16,2,673
w=16 s=2,Random 50% #6,1714,-0.0032358828377694,0.0295681161396003,0.0241950515235638,-0.0328039989773698,-0.0274309343613333,False,False,False,,16,2,673
w=16 s=2,Random 50% #7,1714,0.0203886964648963,0.0405962108288575,0.049745106291078,-0.0202075143639612,-0.0293564098261816,False,False,False,,16,2,673
w=16 s=2,Random 50% #8,1714,-0.0080211409064465,0.003877332844629,0.0036171542288988,-0.0118984737510756,-0.0116382951353453,False,False,False,,16,2,673
w=16 s=2,Random 50% #9,1714,-0.0018808498325041,0.0393932659397986,0.0319856589093423,-0.0412741157723028,-0.0338665087418465,False,False,False,,16,2,673
w=16 s=2,Random 50% #10,1714,0.0032849222618878,0.0063884875178132,0.0124451616596175,-0.0031035652559253,-0.0091602393977296,False,False,False,,16,2,673
w=16 s=2,Random 50% #11,1714,0.0064028840624585,0.014593595846339,0.0286591335870449,-0.0081907117838805,-0.0222562495245864,False,False,False,,16,2,673
w=16 s=2,Random 50% #12,1714,-0.0033234372422892,0.0268007871620447,-0.0016934833253583,-0.030124224404334,-0.0016299539169309,True,False,True,,16,2,673
w=16 s=2,Random 50% #13,1714,0.0032517955657333,0.0072196517955813,0.0253978407591944,-0.003967856229848,-0.022146045193461,False,False,False,,16,2,673
w=16 s=2,Random 50% #14,1714,0.0062157191184681,0.0234382768498798,-0.0012034944445559,-0.0172225577314116,0.0074192135630241,True,True,True,,16,2,673
w=16 s=2,Random 50% #15,1714,0.0026854501430772,0.0172549281899452,0.0352166063126652,-0.0145694780468679,-0.032531156169588,False,False,False,,16,2,673
w=16 s=2,Random 50% #16,1714,0.0188052608311229,0.0280960467828445,0.0306375675758991,-0.0092907859517216,-0.0118323067447762,False,False,False,,16,2,673
w=16 s=2,Random 50% #17,1714,0.0073507410721795,0.0153887556242225,0.0101019944121968,-0.0080380145520429,-0.0027512533400173,False,False,False,,16,2,673
w=16 s=2,Random 50% #18,1714,0.0251803786741562,0.035436498974551,0.032579180994818,-0.0102561203003948,-0.0073988023206618,False,False,False,,16,2,673
w=16 s=2,Random 50% #19,1714,0.0087463233253787,0.0041075663089222,0.0208098485491388,0.0046387570164564,-0.01206352522376,False,True,True,,16,2,673
w=16 s=2,Random 50% #20,1714,0.0239488541873964,0.0210324379616806,0.0523005532171473,0.0029164162257157,-0.0283516990297509,False,True,True,,16,2,673
w=16 s=2,Random 50% #21,1714,0.0016605879752431,0.0062061891467267,0.0262768157812775,-0.0045456011714836,-0.0246162278060343,False,False,False,,16,2,673
w=16 s=2,Random 50% #22,1714,0.0178287222426975,-0.0060556607479596,0.0155130303943055,0.0238843829906571,0.0023156918483919,True,False,True,,16,2,673
w=16 s=2,Random 50% #23,1714,-0.0051929851771431,0.0317538788443524,0.0123774676144322,-0.0369468640214955,-0.0175704527915753,False,False,False,,16,2,673
w=16 s=2,Random 50% #24,1714,0.0201698382197979,0.0170114616526907,0.0312812247674008,0.0031583765671071,-0.0111113865476029,False,True,True,,16,2,673
w=16 s=2,Random 50% #25,1714,0.0024135223603308,0.0198299905619806,0.011597379799872,-0.0174164682016498,-0.0091838574395412,False,False,False,,16,2,673
w=16 s=2,Random 50% #26,1714,-0.0063986093578627,0.0340869886355915,0.016255901602719,-0.0404855979934542,-0.0226545109605817,False,False,False,,16,2,673
w=16 s=2,Random 50% #27,1714,-0.0048317683881064,0.0166341558880816,0.029750132492202,-0.021465924276188,-0.0345819008803085,False,False,False,,16,2,673
w=16 s=2,Random 50% #28,1714,0.0098094573797898,0.0244025317525376,0.04893405683234,-0.0145930743727478,-0.0391245994525502,False,False,False,,16,2,673
w=16 s=2,Random 50% #29,1714,0.0125552608311229,0.003048965376328,0.0107747749985035,0.0095062954547948,0.0017804858326193,False,False,False,,16,2,673
w=16 s=2,Random 50% #30,1714,0.0022139615866539,0.0068448939068017,0.020351980397948,-0.0046309323201478,-0.0181380188112941,False,False,False,,16,2,673
w=16 s=2,Random 50% #31,1714,0.0081502190717898,0.0151816605942801,-0.0053038601749171,-0.0070314415224903,0.0134540792467069,True,True,True,,16,2,673
w=16 s=2,Random 50% #32,1714,-0.0092920029904661,0.012082654218145,0.0206861028707669,-0.0213746572086112,-0.029978105861233,False,False,False,,16,2,673
w=16 s=2,Random 50% #33,1714,-0.002514181228832,0.0221507310736142,0.0027336113448703,-0.0246649123024462,-0.0052477925737023,False,False,False,,16,2,673
w=16 s=2,Random 50% #34,1714,0.0070180513371488,0.0083560717637383,0.0209373928212986,-0.0013380204265895,-0.0139193414841498,False,False,False,,16,2,673
w=16 s=2,Random 50% #35,1714,0.0093248828878478,0.041861145946459,-4.01915989494267e-05,-0.0325362630586111,0.0093650744867973,True,True,True,,16,2,673
w=16 s=2,Random 50% #36,1714,0.016912667846362,0.0225102299887199,0.0157979177951539,-0.0055975621423578,0.001114750051208,False,True,True,,16,2,673
w=16 s=2,Random 50% #37,1714,0.0036653828805384,0.0244397478677893,0.043506436117851,-0.0207743649872508,-0.0398410532373125,False,False,False,,16,2,673
w=16 s=2,Random 50% #38,1714,0.0021576191788371,0.0044031269557247,0.0247830807065952,-0.0022455077768876,-0.0226254615277581,False,False,False,,16,2,673
w=16 s=2,Random 50% #39,1714,0.0170086158804934,0.0226360077783455,0.0095756185105217,-0.0056273918978521,0.0074329973699716,False,True,True,,16,2,673
w=16 s=2,Random 50% #40,1714,0.018520937100027,0.0139292956966978,0.0146888621049573,0.0045916414033292,0.0038320749950697,False,False,False,,16,2,673
w=16 s=2,Random 50% #41,1714,0.0027199322354597,0.021977604325182,0.0155414466210092,-0.0192576720897222,-0.0128215143855494,False,False,False,,16,2,673
w=16 s=2,Random 50% #42,1714,0.0178900300253214,0.0399987665552961,-0.0027899946201024,-0.0221087365299746,0.0206800246454238,True,True,True,,16,2,673
w=16 s=2,Random 50% #43,1714,0.0169958506224066,0.0083692725024167,0.0080952770995123,0.0086265781199898,0.0089005735228942,False,False,False,,16,2,673
w=16 s=2,Random 50% #44,1714,-0.0080414937759336,0.0057373535130666,0.027085593838378,-0.0137788472890002,-0.0351270876143116,False,False,False,,16,2,673
w=16 s=2,Random 50% #45,1714,-0.0006684003732017,0.0265158948859947,-0.002773653047531,-0.0271842952591964,0.0021052526743293,True,True,True,,16,2,673
w=16 s=2,Random 50% #46,1714,-0.0127567411871579,0.0189481537757099,0.0179716133837736,-0.0317048949628679,-0.0307283545709316,False,False,False,,16,2,673
w=16 s=2,Random 50% #47,1714,-0.0023071888899981,0.0029620351233632,0.0376525533228349,-0.0052692240133614,-0.039959742212833,False,False,False,,16,2,673
w=16 s=2,Random 50% #48,1714,0.0007707867678387,0.0252638713106862,-0.0014880863286104,-0.0244930845428475,0.0022588730964492,True,True,True,,16,2,673
w=16 s=2,Random 50% #49,1714,-0.0052585890287469,0.0159019037996575,-0.0073067725976986,-0.0211604928284044,0.0020481835689516,True,True,True,,16,2,673
w=16 s=2,Random 50% #50,1714,-0.009935439192208,0.0293254540441004,-0.015606248106998,-0.0392608932363084,0.00567080891479,True,True,True,,16,2,673
w=16 s=2,Random 30% #1,1028,0.0177032019704433,0.0295100714335674,0.0062948575229449,-0.011806869463124,0.0114083444474983,False,True,True,,16,2,673
w=16 s=2,Random 30% #2,1028,-0.0188812287552644,0.0070430325054563,0.0424846336304751,-0.0259242612607207,-0.0613658623857396,False,False,False,,16,2,673
w=16 s=2,Random 30% #3,1028,-0.0136963318843895,-0.0104662140507267,-0.0163695780588881,-0.0032301178336627,0.0026732461744986,False,True,True,,16,2,673
w=16 s=2,Random 30% #4,1028,0.012612065619632,0.0136325440194065,-0.0069188831198581,-0.0010204783997744,0.0195309487394902,True,True,True,,16,2,673
w=16 s=2,Random 30% #5,1028,0.012955140579904,0.045222484611582,0.0174340385501159,-0.032267344031678,-0.0044788979702118,False,False,False,,16,2,673
w=16 s=2,Random 30% #6,1028,0.011061887501678,-0.0007243450984535,0.0032849954039582,0.0117862326001315,0.0077768920977197,True,False,True,,16,2,673
w=16 s=2,Random 30% #7,1028,-0.0019795447047178,0.0193328552968152,0.0188544254347322,-0.0213124000015331,-0.0208339701394501,False,False,False,,16,2,673
w=16 s=2,Random 30% #8,1028,-0.0013757582957458,0.0204814499406446,0.0339259097863179,-0.0218572082363904,-0.0353016680820637,False,False,False,,16,2,673
w=16 s=2,Random 30% #9,1028,0.0167924069116573,0.0046695664741235,0.028513492877557,0.0121228404375338,-0.0117210859658996,False,True,True,,16,2,673
w=16 s=2,Random 30% #10,1028,0.0218614718614718,0.0347438775399926,0.0286040348466823,-0.0128824056785207,-0.0067425629852104,False,False,False,,16,2,673
w=16 s=2,Random 30% #11,1028,0.0036992125742528,0.0372479534928761,-0.0106898257954667,-0.0335487409186233,0.0143890383697196,True,True,True,,16,2,673
w=16 s=2,Random 30% #12,1028,-0.0176439165409753,0.0401793271419341,0.0208236984071051,-0.0578232436829094,-0.0384676149480804,False,False,False,,16,2,673
w=16 s=2,Random 30% #13,1028,0.0061871080085679,0.0463473456266412,0.0258756068188442,-0.0401602376180732,-0.0196884988102762,False,False,False,,16,2,673
w=16 s=2,Random 30% #14,1028,-0.0024039572835282,0.0373789078324538,0.0265342471559055,-0.039782865115982,-0.0289382044394338,False,False,False,,16,2,673
w=16 s=2,Random 30% #15,1028,-0.0014797507788162,0.0387853909281746,0.0313550763897691,-0.0402651417069908,-0.0328348271685853,False,False,False,,16,2,673
w=16 s=2,Random 30% #16,1028,0.006823838043474,0.0263483188166502,0.0089741019011642,-0.0195244807731761,-0.0021502638576902,False,False,False,,16,2,673
w=16 s=2,Random 30% #17,1028,0.0030261642698374,0.0138833586913942,0.0337554066875702,-0.0108571944215568,-0.0307292424177328,False,False,False,,16,2,673
w=16 s=2,Random 30% #18,1028,0.008237689744539,0.0146302728133141,0.023661425743009,-0.0063925830687751,-0.0154237359984699,False,False,False,,16,2,673
w=16 s=2,Random 30% #19,1028,0.0066883064376393,-0.0029195180443564,0.0077476377810989,0.0096078244819957,-0.0010593313434596,True,True,True,,16,2,673
w=16 s=2,Random 30% #20,1028,-0.0099963316214233,0.022871560967371,0.0209320961767199,-0.0328678925887944,-0.0309284277981432,False,False,False,,16,2,673
w=16 s=2,Random 30% #21,1028,0.002277451699682,0.0227028207491291,-0.0045372076335797,-0.0204253690494471,0.0068146593332617,True,True,True,,16,2,673
w=16 s=2,Random 30% #22,1028,0.0271739130434782,0.020313067123141,-0.0004541499627144,0.0068608459203372,0.0276280630061927,True,False,True,,16,2,673
w=16 s=2,Random 30% #23,1028,0.0053719593676173,0.01164375885567,0.0389582938489431,-0.0062717994880527,-0.0335863344813257,False,False,False,,16,2,673
w=16 s=2,Random 30% #24,1028,0.0374355138753044,0.009157167591694,0.0011167112741976,0.0282783462836103,0.0363188026011068,False,False,False,,16,2,673
w=16 s=2,Random 30% #25,1028,0.0207335170659317,0.0202842550722431,0.0020127928556246,0.0004492619936885,0.018720724210307,False,False,False,,16,2,673
w=16 s=2,Random 30% #26,1028,0.000322640117994,0.0315268457533028,0.0036500356208682,-0.0312042056353087,-0.0033273955028741,False,False,False,,16,2,673
w=16 s=2,Random 30% #27,1028,-0.0133699862551543,0.0363713656224255,-0.012968934425306,-0.0497413518775798,-0.0004010518298482,True,False,True,,16,2,673
w=16 s=2,Random 30% #28,1028,0.0048546691403834,-0.0036271687678914,0.0365046722153913,0.0084818379082748,-0.0316500030750079,True,True,True,,16,2,673
w=16 s=2,Random 30% #29,1028,0.0132264436461088,-0.0098831257180397,0.0105266547010338,0.0231095693641485,0.002699788945075,True,False,True,,16,2,673
w=16 s=2,Random 30% #30,1028,0.0073191060456281,0.0081209229789533,0.0221782990474242,-0.0008018169333252,-0.014859193001796,False,False,False,,16,2,673
w=16 s=2,Random 30% #31,1028,0.0186572318838355,0.0298327437558443,0.0348042265737461,-0.0111755118720088,-0.0161469946899106,False,False,False,,16,2,673
w=16 s=2,Random 30% #32,1028,0.0146773132638857,0.0464455720788785,-0.000268253252959,-0.0317682588149928,0.0149455665168447,True,True,True,,16,2,673
w=16 s=2,Random 30% #33,1028,0.0107989019115876,0.0439885577503802,0.0169846520162052,-0.0331896558387926,-0.0061857501046176,False,False,False,,16,2,673
w=16 s=2,Random 30% #34,1028,0.0036708111308466,0.0275734895208532,0.0428163997090082,-0.0239026783900065,-0.0391455885781616,False,False,False,,16,2,673
w=16 s=2,Random 30% #35,1028,-0.0021279853031231,0.038413365060434,-0.0005140369587512,-0.0405413503635571,-0.0016139483443718,True,False,True,,16,2,673
w=16 s=2,Random 30% #36,1028,-0.0048226599270606,0.0315904002683956,0.0481911723216572,-0.0364130601954562,-0.0530138322487179,False,False,False,,16,2,673
w=16 s=2,Random 30% #37,1028,-0.0037446257685728,0.0072022699197249,0.0183440517645664,-0.0109468956882977,-0.0220886775331393,False,False,False,,16,2,673
w=16 s=2,Random 30% #38,1028,0.0108722741433021,0.0114641004787732,0.0328941620561184,-0.000591826335471,-0.0220218879128162,False,False,False,,16,2,673
w=16 s=2,Random 30% #39,1028,0.0380230468256006,0.0267266190822419,0.018631040075962,0.0112964277433586,0.0193920067496385,False,False,False,,16,2,673
w=16 s=2,Random 30% #40,1028,-0.0156995008383602,0.0325987992349238,0.0099403847739991,-0.0482983000732841,-0.0256398856123594,False,False,False,,16,2,673
w=16 s=2,Random 30% #41,1028,0.0003191021554961,0.0285671246317206,0.0547414665511066,-0.0282480224762244,-0.0544223643956105,False,False,False,,16,2,673
w=16 s=2,Random 30% #42,1028,0.0039796984507742,-0.0012663677301827,0.0072539037785564,0.005246066180957,-0.0032742053277822,True,True,True,,16,2,673
w=16 s=2,Random 30% #43,1028,0.0320665445665445,0.0219016962098153,0.0348196878193194,0.0101648483567292,-0.0027531432527748,False,True,True,,16,2,673
w=16 s=2,Random 30% #44,1028,0.014617494198646,0.0043932725254478,0.0028101980628554,0.0102242216731981,0.0118072961357905,False,False,False,,16,2,673
w=16 s=2,Random 30% #45,1028,-0.010677190889205,0.022768573747045,-0.0291276448161371,-0.03344576463625,0.0184504539269321,True,True,True,,16,2,673
w=16 s=2,Random 30% #46,1028,-0.0211341559464426,0.0407971131243867,0.0448465947081874,-0.0619312690708293,-0.06598075065463,False,False,False,,16,2,673
w=16 s=2,Random 30% #47,1028,0.0021068472535741,0.0360000158102495,0.005122989189128,-0.0338931685566753,-0.0030161419355538,False,False,False,,16,2,673
w=16 s=2,Random 30% #48,1028,0.0099373113536103,0.0390581137760589,0.0161915163081607,-0.0291208024224485,-0.0062542049545503,False,False,False,,16,2,673
w=16 s=2,Random 30% #49,1028,-0.0033935788911766,-0.0038861306662971,0.0081058032685474,0.0004925517751204,-0.011499382159724,True,True,True,,16,2,673
w=16 s=2,Random 30% #50,1028,-0.0149638584774062,0.0284620623389693,-0.002171623051702,-0.0434259208163756,-0.0127922354257042,True,False,True,,16,2,673
w=32 s=0,All Patients,3429,0.0078818040435458,0.0232862981638588,0.0175284416158249,-0.0154044941203129,-0.009646637572279,False,False,False,,32,0,2369
w=32 s=0,ICUType 1.0,490,0.0294939989088925,0.0586992811485603,0.0296013468182088,-0.0292052822396678,-0.0001073479093163,False,False,False,,32,0,2369
w=32 s=0,ICUType 2.0,643,-0.000975689080413,0.0288787702894922,-0.0096356130127565,-0.0298544593699053,0.0086599239323434,True,True,True,,32,0,2369
w=32 s=0,ICUType 3.0,1357,-0.0217764843549488,0.0264879701007972,-0.0129506306776842,-0.048264454455746,-0.0088258536772645,True,False,True,,32,0,2369
w=32 s=0,ICUType 4.0,939,0.0202084035501629,0.0586626506311865,0.0429492579322743,-0.0384542470810236,-0.0227408543821114,False,False,False,,32,0,2369
w=32 s=0,Age decile 0,374,0.046026807780653,0.0333746031624326,-0.0281932423944421,0.0126522046182204,0.0742200501750952,True,False,True,,32,0,2369
w=32 s=0,Age decile 1,344,0.0273634472301562,0.0664336234465497,-0.0118775120635704,-0.0390701762163935,0.0392409592937266,True,True,True,,32,0,2369
w=32 s=0,Age decile 2,347,0.0042864169770219,0.0178969660237007,-0.0028026924227032,-0.0136105490466788,0.0070891093997252,True,True,True,,32,0,2369
w=32 s=0,Age decile 3,325,0.0096292729898892,0.0279426902532941,-0.0204624307908024,-0.0183134172634048,0.0300917037806916,True,True,True,,32,0,2369
w=32 s=0,Age decile 4,372,-0.0152359717577108,0.0449492054950024,-0.0274186103332695,-0.0601851772527133,0.0121826385755586,True,True,True,,32,0,2369
w=32 s=0,Age decile 5,344,-0.0250497851378262,0.0465005934531061,0.0121287121693923,-0.0715503785909324,-0.0371784973072185,False,False,False,,32,0,2369
w=32 s=0,Age decile 6,397,-0.0004719207173194,0.0337468974226493,-0.0473223321977019,-0.0342188181399688,0.0468504114803824,True,True,True,,32,0,2369
w=32 s=0,Age decile 7,247,0.0173747705218987,0.061234485708045,-0.0016385758173704,-0.0438597151861462,0.0190133463392692,True,True,True,,32,0,2369
w=32 s=0,Age decile 8,354,-0.0216450216450216,0.0473455744832043,-0.0241750849705255,-0.068990596128226,0.0025300633255038,True,True,True,,32,0,2369
w=32 s=0,Age decile 9,325,-0.0771864301276066,0.0306501623845609,-0.0109285896760384,-0.1078365925121675,-0.0662578404515681,True,False,True,,32,0,2369
w=32 s=0,HR quartile 0,877,0.0371049136786188,0.0702410350712905,0.0258280703181713,-0.0331361213926717,0.0112768433604475,False,True,True,,32,0,2369
w=32 s=0,HR quartile 1,917,-0.0169849537037037,-0.0040470822816794,0.0019154207141774,-0.0129378714220242,-0.0189003744178811,True,False,True,,32,0,2369
w=32 s=0,HR quartile 2,816,0.034861311019492,0.0371594945562109,0.0038859004797977,-0.0022981835367188,0.0309754105396943,False,True,True,,32,0,2369
w=32 s=0,HR quartile 3,819,-0.0232600311906863,-0.0124088829918748,0.0520544596652945,-0.0108511481988114,-0.0753144908559809,True,False,True,,32,0,2369
w=32 s=0,MAP quartile 0,877,-0.0141240285818599,0.0250244421504287,0.0075712746973209,-0.0391484707322886,-0.0216953032791808,False,False,False,,32,0,2369
w=32 s=0,MAP quartile 1,840,0.02392179413456,0.006736584913693,0.0045281982921709,0.017185209220867,0.0193935958423891,False,False,False,,32,0,2369
w=32 s=0,MAP quartile 2,866,0.0104058609958506,0.0400526156183617,-0.0198522197559715,-0.029646754622511,0.0302580807518221,True,True,True,,32,0,2369
w=32 s=0,MAP quartile 3,846,0.0090927756430939,0.0672734903928932,-0.0221301120778648,-0.0581807147497993,0.0312228877209587,True,True,True,,32,0,2369
w=32 s=0,Temp quartile 0,902,0.0068727157158747,0.0665672625180121,-0.0056490283065451,-0.0596945468021373,0.0125217440224199,True,True,True,,32,0,2369
w=32 s=0,Temp quartile 1,864,0.0305627470437901,0.0435212563064212,-0.0200340481056042,-0.0129585092626311,0.0505967951493944,True,True,True,,32,0,2369
w=32 s=0,Temp quartile 2,838,-0.0036346905912123,0.0524347936609893,0.0272657860369006,-0.0560694842522016,-0.0309004766281129,False,False,False,,32,0,2369
w=32 s=0,Temp quartile 3,825,-0.0023612750885478,0.0352284503468201,0.0211816246285869,-0.0375897254353679,-0.0235428997171348,False,False,False,,32,0,2369
w=32 s=0,Urine quartile 0,859,-0.0313289760348584,0.0089618694801039,0.0291631104052698,-0.0402908455149623,-0.0604920864401282,False,False,False,,32,0,2369
w=32 s=0,Urine quartile 1,913,-0.0210526315789473,0.0104313169567025,-0.0343907293201246,-0.0314839485356499,0.0133380977411772,True,True,True,,32,0,2369
w=32 s=0,Urine quartile 2,802,0.0149901230333403,0.0358422682461098,-0.0133953938605945,-0.0208521452127695,0.0283855168939348,True,True,True,,32,0,2369
w=32 s=0,Urine quartile 3,855,0.0601118199903958,0.0563966563875054,-0.0044212149017899,0.0037151636028904,0.0645330348921858,True,False,True,,32,0,2369
w=32 s=0,SAPS quartile 0,1025,0.0026756349262149,0.0184439438424582,-0.0038433659445169,-0.0157683089162433,0.0065190008707318,True,True,True,,32,0,2369
w=32 s=0,SAPS quartile 1,946,0.0452124666297511,0.0674302608460005,-0.0078274768868126,-0.0222177942162494,0.0530399435165638,True,True,True,,32,0,2369
w=32 s=0,SAPS quartile 2,660,0.0015384615384615,0.0222098775389179,0.0402539922482926,-0.0206714160004563,-0.0387155307098311,False,False,False,,32,0,2369
w=32 s=0,SAPS quartile 3,798,-0.0389986891196934,0.0279328999795607,0.0085782922624609,-0.0669315890992542,-0.0475769813821544,False,False,False,,32,0,2369
w=32 s=0,HR > 100,945,-0.0351262896411669,-0.0265063055064978,-0.0014619473785917,-0.0086199841346691,-0.0336643422625752,False,False,False,,32,0,2369
w=32 s=0,MAP < 65,697,-0.0279136809159047,0.0514471319862345,0.0263668590130111,-0.0793608129021393,-0.0542805399289159,False,False,False,,32,0,2369
w=32 s=0,Temp > 38C,267,-0.0430204913392958,0.0306413829368007,0.0385076860299949,-0.0736618742760965,-0.0815281773692907,False,False,False,,32,0,2369
w=32 s=0,Urine > 1000,210,0.0458952811893988,0.0760792178272077,-0.0367900483830007,-0.0301839366378088,0.0826853295723996,True,True,True,,32,0,2369
w=32 s=0,Random 50% #1,1714,0.0148182289884191,0.0123350478202012,-0.0017941403729169,0.0024831811682179,0.0166123693613361,True,False,True,,32,0,2369
w=32 s=0,Random 50% #2,1714,0.0038708396744524,0.0171179723053787,-0.0015803950250911,-0.0132471326309262,0.0054512346995436,True,True,True,,32,0,2369
w=32 s=0,Random 50% #3,1714,0.0221853388658367,0.0297630949523694,0.0162352225159766,-0.0075777560865326,0.0059501163498601,False,True,True,,32,0,2369
w=32 s=0,Random 50% #4,1714,0.0209444740819774,0.0132845114521149,0.0038468444900238,0.0076599626298624,0.0170976295919535,False,False,False,,32,0,2369
w=32 s=0,Random 50% #5,1714,0.025145147627017,0.0064243311417866,0.009910905845743,0.0187208164852303,0.015234241781274,False,False,False,,32,0,2369
w=32 s=0,Random 50% #6,1714,-0.0032358828377694,0.0343323946665124,0.0594577177674057,-0.0375682775042819,-0.0626936006051752,False,False,False,,32,0,2369
w=32 s=0,Random 50% #7,1714,0.0203886964648963,0.0324841901524931,0.0205283807068898,-0.0120954936875967,-0.0001396842419935,False,False,False,,32,0,2369
w=32 s=0,Random 50% #8,1714,-0.0080211409064465,0.0368387315642694,0.0245409515600844,-0.0448598724707159,-0.032562092466531,False,False,False,,32,0,2369
w=32 s=0,Random 50% #9,1714,-0.0018808498325041,0.0599135613129431,0.0276601642496779,-0.0617944111454473,-0.0295410140821821,False,False,False,,32,0,2369
w=32 s=0,Random 50% #10,1714,0.0032849222618878,0.0410073134269094,-0.0186532344469613,-0.0377223911650215,0.0219381567088492,True,True,True,,32,0,2369
w=32 s=0,Random 50% #11,1714,0.0064028840624585,0.0334605405092628,0.0006593098320704,-0.0270576564468042,0.005743574230388,False,True,True,,32,0,2369
w=32 s=0,Random 50% #12,1714,-0.0033234372422892,0.0372886319589444,-0.0051070432398024,-0.0406120692012337,0.0017836059975131,True,True,True,,32,0,2369
w=32 s=0,Random 50% #13,1714,0.0032517955657333,0.0429525368715917,-0.0024651243824876,-0.0397007413058584,0.0057169199482209,True,True,True,,32,0,2369
w=32 s=0,Random 50% #14,1714,0.0062157191184681,0.0370596831059322,0.0018428754739119,-0.030843963987464,0.0043728436445562,False,True,True,,32,0,2369
w=32 s=0,Random 50% #15,1714,0.0026854501430772,0.0410471189288774,0.0406992363660076,-0.0383616687858001,-0.0380137862229303,False,False,False,,32,0,2369
w=32 s=0,Random 50% #16,1714,0.0188052608311229,0.0468097414051544,0.0426844356492469,-0.0280044805740315,-0.0238791748181239,False,False,False,,32,0,2369
w=32 s=0,Random 50% #17,1714,0.0073507410721795,0.0190418964869765,0.0326055198587384,-0.0116911554147969,-0.0252547787865589,False,False,False,,32,0,2369
w=32 s=0,Random 50% #18,1714,0.0251803786741562,0.0311454709699259,0.0466051185430549,-0.0059650922957697,-0.0214247398688987,False,False,False,,32,0,2369
w=32 s=0,Random 50% #19,1714,0.0087463233253787,0.0094411384285151,-0.0176942423486414,-0.0006948151031363,0.0264405656740202,True,True,True,,32,0,2369
w=32 s=0,Random 50% #20,1714,0.0239488541873964,0.0215134362995597,0.0350848075061704,0.0024354178878366,-0.011135953318774,False,True,True,,32,0,2369
w=32 s=0,Random 50% #21,1714,0.0016605879752431,0.0342700118084404,0.030685443758332,-0.0326094238331972,-0.0290248557830889,False,False,False,,32,0,2369
w=32 s=0,Random 50% #22,1714,0.0178287222426975,0.0267255462798149,0.0470128116271182,-0.0088968240371173,-0.0291840893844206,False,False,False,,32,0,2369
w=32 s=0,Random 50% #23,1714,-0.0051929851771431,0.0528513429036687,0.0288112874030614,-0.0580443280808118,-0.0340042725802045,False,False,False,,32,0,2369
w=32 s=0,Random 50% #24,1714,0.0201698382197979,0.0258046300875978,0.0180870707876358,-0.0056347918677999,0.0020827674321621,False,True,True,,32,0,2369
w=32 s=0,Random 50% #25,1714,0.0024135223603308,0.0372203161135933,-0.0054337420134561,-0.0348067937532625,0.0078472643737869,True,True,True,,32,0,2369
w=32 s=0,Random 50% #26,1714,-0.0063986093578627,0.0425786309499291,-0.0156774584060741,-0.0489772403077918,0.0092788490482114,True,True,True,,32,0,2369
w=32 s=0,Random 50% #27,1714,-0.0048317683881064,0.0312276727956226,-0.0181052457643184,-0.036059441183729,0.0132734773762119,True,True,True,,32,0,2369
w=32 s=0,Random 50% #28,1714,0.0098094573797898,0.0255461738818119,0.0478326508426565,-0.015736716502022,-0.0380231934628666,False,False,False,,32,0,2369
w=32 s=0,Random 50% #29,1714,0.0125552608311229,0.0367738909460736,-0.0208726494010043,-0.0242186301149507,0.0334279102321272,True,True,True,,32,0,2369
w=32 s=0,Random 50% #30,1714,0.0022139615866539,0.0215899258834008,0.0091365534702592,-0.0193759642967469,-0.0069225918836052,False,False,False,,32,0,2369
w=32 s=0,Random 50% #31,1714,0.0081502190717898,0.0416311654120823,-0.0277774088742747,-0.0334809463402924,0.0359276279460646,True,True,True,,32,0,2369
w=32 s=0,Random 50% #32,1714,-0.0092920029904661,0.0023697431173022,0.0265612290782298,-0.0116617461077684,-0.0358532320686959,False,False,False,,32,0,2369
w=32 s=0,Random 50% #33,1714,-0.002514181228832,0.0379020127880141,0.0273836895837342,-0.0404161940168461,-0.0298978708125662,False,False,False,,32,0,2369
w=32 s=0,Random 50% #34,1714,0.0070180513371488,0.0230951619222368,-0.0001702487625098,-0.016077110585088,0.0071883000996587,True,True,True,,32,0,2369
w=32 s=0,Random 50% #35,1714,0.0093248828878478,0.0368441699606782,0.0173444459615938,-0.0275192870728303,-0.0080195630737459,False,False,False,,32,0,2369
w=32 s=0,Random 50% #36,1714,0.016912667846362,0.0341434261956784,0.0288423087889378,-0.0172307583493164,-0.0119296409425758,False,False,False,,32,0,2369
w=32 s=0,Random 50% #37,1714,0.0036653828805384,0.0471517886880156,0.0044754134834059,-0.0434864058074771,-0.0008100306028674,False,False,False,,32,0,2369
w=32 s=0,Random 50% #38,1714,0.0021576191788371,0.0264506985875712,0.0014094576025014,-0.024293079408734,0.0007481615763357,False,True,True,,32,0,2369
w=32 s=0,Random 50% #39,1714,0.0170086158804934,0.0204674258265797,0.0317139567601114,-0.0034588099460862,-0.014705340879618,False,False,False,,32,0,2369
w=32 s=0,Random 50% #40,1714,0.018520937100027,0.0362590919550499,0.0263546066328707,-0.0177381548550228,-0.0078336695328437,False,False,False,,32,0,2369
w=32 s=0,Random 50% #41,1714,0.0027199322354597,0.0417815092316136,-0.0117533052954796,-0.0390615769961539,0.0144732375309394,True,True,True,,32,0,2369
w=32 s=0,Random 50% #42,1714,0.0178900300253214,0.0615777518910536,-0.0014365909011969,-0.0436877218657322,0.0193266209265183,True,True,True,,32,0,2369
w=32 s=0,Random 50% #43,1714,0.0169958506224066,0.030991417138236,0.0128796340354236,-0.0139955665158294,0.0041162165869829,False,True,True,,32,0,2369
w=32 s=0,Random 50% #44,1714,-0.0080414937759336,0.0393629278542495,0.0252211785556252,-0.0474044216301831,-0.0332626723315588,False,False,False,,32,0,2369
w=32 s=0,Random 50% #45,1714,-0.0006684003732017,0.0472609165436008,0.0019116519572056,-0.0479293169168025,-0.0025800523304073,False,False,False,,32,0,2369
w=32 s=0,Random 50% #46,1714,-0.0127567411871579,0.0420708050709439,-0.0023138856993234,-0.0548275462581019,-0.0104428554878344,True,False,True,,32,0,2369
w=32 s=0,Random 50% #47,1714,-0.0023071888899981,0.0423276162260873,0.0093319142205406,-0.0446348051160854,-0.0116391031105387,False,False,False,,32,0,2369
w=32 s=0,Random 50% #48,1714,0.0007707867678387,0.0519482643062034,0.0256284938448199,-0.0511774775383647,-0.0248577070769812,False,False,False,,32,0,2369
w=32 s=0,Random 50% #49,1714,-0.0052585890287469,0.0261355951016269,0.022000181207141,-0.0313941841303739,-0.0272587702358879,False,False,False,,32,0,2369
w=32 s=0,Random 50% #50,1714,-0.009935439192208,0.0209253804686257,-0.020175472794352,-0.0308608196608337,0.010240033602144,True,True,True,,32,0,2369
w=32 s=0,Random 30% #1,1028,0.0177032019704433,0.0580088295945425,0.0304917990104512,-0.0403056276240991,-0.0127885970400079,False,False,False,,32,0,2369
w=32 s=0,Random 30% #2,1028,-0.0188812287552644,0.045721484096043,0.0126858147983059,-0.0646027128513075,-0.0315670435535704,False,False,False,,32,0,2369
w=32 s=0,Random 30% #3,1028,-0.0136963318843895,-0.0063180507277351,-0.0094477348578255,-0.0073782811566543,-0.0042485970265639,False,False,False,,32,0,2369
w=32 s=0,Random 30% #4,1028,0.012612065619632,0.0195814143824489,-0.0116480414726296,-0.0069693487628168,0.0242601070922617,True,True,True,,32,0,2369
w=32 s=0,Random 30% #5,1028,0.012955140579904,0.0321286316903323,0.0290147066853434,-0.0191734911104283,-0.0160595661054393,False,False,False,,32,0,2369
w=32 s=0,Random 30% #6,1028,0.011061887501678,0.048000279053319,0.0290405215353111,-0.0369383915516409,-0.017978634033633,False,False,False,,32,0,2369
w=32 s=0,Random 30% #7,1028,-0.0019795447047178,0.0398648251011161,0.0102164153818541,-0.041844369805834,-0.012195960086572,False,False,False,,32,0,2369
w=32 s=0,Random 30% #8,1028,-0.0013757582957458,0.0352824550082888,0.0166166050500685,-0.0366582133040347,-0.0179923633458144,False,False,False,,32,0,2369
w=32 s=0,Random 30% #9,1028,0.0167924069116573,0.040435823796745,0.0103879435600787,-0.0236434168850876,0.0064044633515785,False,True,True,,32,0,2369
w=32 s=0,Random 30% #10,1028,0.0218614718614718,0.0275942525815833,-0.0129877786612514,-0.0057327807201115,0.0348492505227232,True,True,True,,32,0,2369
w=32 s=0,Random 30% #11,1028,0.0036992125742528,0.0424351343165398,0.0195680760547369,-0.0387359217422869,-0.0158688634804841,False,False,False,,32,0,2369
w=32 s=0,Random 30% #12,1028,-0.0176439165409753,-0.0047542338224538,-0.0112429497925178,-0.0128896827185214,-0.0064009667484574,False,False,False,,32,0,2369
w=32 s=0,Random 30% #13,1028,0.0061871080085679,0.0474589039552274,-0.0084741999803679,-0.0412717959466594,0.0146613079889359,True,True,True,,32,0,2369
w=32 s=0,Random 30% #14,1028,-0.0024039572835282,0.0493900793398789,0.0080007169435325,-0.0517940366234071,-0.0104046742270607,False,False,False,,32,0,2369
w=32 s=0,Random 30% #15,1028,-0.0014797507788162,0.0462917081339225,0.0092270528235033,-0.0477714589127387,-0.0107068036023195,False,False,False,,32,0,2369
w=32 s=0,Random 30% #16,1028,0.006823838043474,0.0282409272185536,-0.0109117709391515,-0.0214170891750795,0.0177356089826256,True,True,True,,32,0,2369
w=32 s=0,Random 30% #17,1028,0.0030261642698374,0.0541284333973035,0.0073323797015485,-0.051102269127466,-0.0043062154317111,False,False,False,,32,0,2369
w=32 s=0,Random 30% #18,1028,0.008237689744539,0.0578292702277058,-0.008256819253167,-0.0495915804831667,0.0164945089977061,True,True,True,,32,0,2369
w=32 s=0,Random 30% #19,1028,0.0066883064376393,0.0100612562880248,-0.0039836107813487,-0.0033729498503855,0.010671917218988,True,True,True,,32,0,2369
w=32 s=0,Random 30% #20,1028,-0.0099963316214233,0.0265756170060128,-0.0012471902420267,-0.0365719486274362,-0.0087491413793965,True,False,True,,32,0,2369
w=32 s=0,Random 30% #21,1028,0.002277451699682,0.0473347133813092,-0.0307858890980673,-0.0450572616816271,0.0330633407977494,True,True,True,,32,0,2369
w=32 s=0,Random 30% #22,1028,0.0271739130434782,0.0215598424178041,0.0171507825546949,0.005614070625674,0.0100231304887833,False,False,False,,32,0,2369
w=32 s=0,Random 30% #23,1028,0.0053719593676173,0.0548367407713105,0.0188463718614272,-0.0494647814036931,-0.0134744124938098,False,False,False,,32,0,2369
w=32 s=0,Random 30% #24,1028,0.0374355138753044,0.0352791710576156,0.0108922919640142,0.0021563428176888,0.0265432219112902,False,False,False,,32,0,2369
w=32 s=0,Random 30% #25,1028,0.0207335170659317,0.0592953603782618,0.0190416919729788,-0.0385618433123301,0.0016918250929529,False,True,True,,32,0,2369
w=32 s=0,Random 30% #26,1028,0.000322640117994,0.0301109374449903,-0.0019139575783014,-0.0297882973269962,0.0022365976962955,True,True,True,,32,0,2369
w=32 s=0,Random 30% #27,1028,-0.0133699862551543,0.0372112206792211,0.0526156998820688,-0.0505812069343754,-0.0659856861372231,False,False,False,,32,0,2369
w=32 s=0,Random 30% #28,1028,0.0048546691403834,0.0540572439974414,0.0140639707391777,-0.049202574857058,-0.0092093015987943,False,False,False,,32,0,2369
w=32 s=0,Random 30% #29,1028,0.0132264436461088,0.0315813649141916,0.0114401579463334,-0.0183549212680827,0.0017862856997754,False,True,True,,32,0,2369
w=32 s=0,Random 30% #30,1028,0.0073191060456281,0.0571363153147009,-0.0353309085320019,-0.0498172092690728,0.04265001457763,True,True,True,,32,0,2369
w=32 s=0,Random 30% #31,1028,0.0186572318838355,0.0558345659572704,0.0069771844622052,-0.0371773340734348,0.0116800474216303,False,True,True,,32,0,2369
w=32 s=0,Random 30% #32,1028,0.0146773132638857,0.0542205237734429,0.0120144387990854,-0.0395432105095572,0.0026628744648002,False,True,True,,32,0,2369
w=32 s=0,Random 30% #33,1028,0.0107989019115876,0.042641224120913,-0.0038866164590209,-0.0318423222093254,0.0146855183706086,True,True,True,,32,0,2369
w=32 s=0,Random 30% #34,1028,0.0036708111308466,0.0475249222957572,-0.0046708337768534,-0.0438541111649106,0.0083416449077,True,True,True,,32,0,2369
w=32 s=0,Random 30% #35,1028,-0.0021279853031231,0.0250594292962693,-0.0061593114313922,-0.0271874145993924,0.004031326128269,True,True,True,,32,0,2369
w=32 s=0,Random 30% #36,1028,-0.0048226599270606,0.0592692122341595,0.0161347527864515,-0.0640918721612202,-0.0209574127135122,False,False,False,,32,0,2369
w=32 s=0,Random 30% #37,1028,-0.0037446257685728,0.0373014141641778,-0.0042056780543154,-0.0410460399327507,0.0004610522857425,True,True,True,,32,0,2369
w=32 s=0,Random 30% #38,1028,0.0108722741433021,-0.0010153782479318,0.044058990932035,0.0118876523912339,-0.0331867167887329,True,True,True,,32,0,2369
w=32 s=0,Random 30% #39,1028,0.0380230468256006,0.0205514117146895,-0.0071281087935962,0.017471635110911,0.0451511556191968,True,False,True,,32,0,2369
w=32 s=0,Random 30% #40,1028,-0.0156995008383602,0.022210113224411,0.0077918627691321,-0.0379096140627712,-0.0234913636074924,False,False,False,,32,0,2369
w=32 s=0,Random 30% #41,1028,0.0003191021554961,0.0132819435367262,0.0006136264734149,-0.0129628413812301,-0.0002945243179187,False,False,False,,32,0,2369
w=32 s=0,Random 30% #42,1028,0.0039796984507742,8.744860345619165e-05,-0.003161806901848,0.003892249847318,0.0071415053526223,True,False,True,,32,0,2369
w=32 s=0,Random 30% #43,1028,0.0320665445665445,0.0486746634445762,0.0013577127509557,-0.0166081188780317,0.0307088318155887,False,True,True,,32,0,2369
w=32 s=0,Random 30% #44,1028,0.014617494198646,0.030760888723162,0.0043906973315259,-0.016143394524516,0.01022679686712,False,True,True,,32,0,2369
w=32 s=0,Random 30% #45,1028,-0.010677190889205,0.036111782036193,-0.0314041343125906,-0.046788972925398,0.0207269434233856,True,True,True,,32,0,2369
w=32 s=0,Random 30% #46,1028,-0.0211341559464426,0.0308056599212442,-0.0149590926541341,-0.0519398158676869,-0.0061750632923084,True,False,True,,32,0,2369
w=32 s=0,Random 30% #47,1028,0.0021068472535741,0.0550014976998635,0.011834281280386,-0.0528946504462894,-0.0097274340268119,False,False,False,,32,0,2369
w=32 s=0,Random 30% #48,1028,0.0099373113536103,0.0484283875894974,-0.0077581506641499,-0.038491076235887,0.0176954620177603,True,True,True,,32,0,2369
w=32 s=0,Random 30% #49,1028,-0.0033935788911766,0.0462503185182212,-0.0037700205477983,-0.0496438974093979,0.0003764416566216,True,True,True,,32,0,2369
w=32 s=0,Random 30% #50,1028,-0.0149638584774062,0.0430168571170271,0.0581405066382353,-0.0579807155944333,-0.0731043651156416,False,False,False,,32,0,2369
w=32 s=1,All Patients,3429,0.0078818040435458,0.0487269630313213,0.0112444399721104,-0.0408451589877754,-0.0033626359285645,False,False,False,,32,1,2369
w=32 s=1,ICUType 1.0,490,0.0294939989088925,0.0838163566185781,0.0029259157405121,-0.0543223577096855,0.0265680831683803,False,True,True,,32,1,2369
w=32 s=1,ICUType 2.0,643,-0.000975689080413,0.023372496580736,-0.0087872194744062,-0.0243481856611491,0.0078115303939931,True,True,True,,32,1,2369
w=32 s=1,ICUType 3.0,1357,-0.0217764843549488,0.0074185333898533,-0.0206541565521693,-0.0291950177448021,-0.0011223278027794,True,False,True,,32,1,2369
w=32 s=1,ICUType 4.0,939,0.0202084035501629,0.0617191933950689,0.0169524183329169,-0.041510789844906,0.0032559852172459,False,True,True,,32,1,2369
w=32 s=1,Age decile 0,374,0.046026807780653,0.044871453156415,-0.021199726007899,0.001155354624238,0.067226533788552,True,False,True,,32,1,2369
w=32 s=1,Age decile 1,344,0.0273634472301562,0.0483155463248438,-0.0222184994139499,-0.0209520990946876,0.0495819466441061,True,True,True,,32,1,2369
w=32 s=1,Age decile 2,347,0.0042864169770219,0.0353935842973186,-0.0002827528265179,-0.0311071673202966,0.0045691698035399,True,True,True,,32,1,2369
w=32 s=1,Age decile 3,325,0.0096292729898892,0.0652514142824011,-0.0233520064910226,-0.0556221412925119,0.0329812794809118,True,True,True,,32,1,2369
w=32 s=1,Age decile 4,372,-0.0152359717577108,0.0295182364961712,-0.0179102839940504,-0.0447542082538821,0.0026743122363395,True,True,True,,32,1,2369
w=32 s=1,Age decile 5,344,-0.0250497851378262,0.0307316009013507,-0.037437162645459,-0.055781386039177,0.0123873775076328,True,True,True,,32,1,2369
w=32 s=1,Age decile 6,397,-0.0004719207173194,0.048551771081973,-0.035679802407156,-0.0490236917992925,0.0352078816898365,True,True,True,,32,1,2369
w=32 s=1,Age decile 7,247,0.0173747705218987,0.0482597018784489,0.0103495867699743,-0.0308849313565501,0.0070251837519244,False,True,True,,32,1,2369
w=32 s=1,Age decile 8,354,-0.0216450216450216,0.0579125870140012,-0.0214079757453529,-0.0795576086590228,-0.0002370458996687,True,False,True,,32,1,2369
w=32 s=1,Age decile 9,325,-0.0771864301276066,0.0496827695776204,0.0080960770849903,-0.1268691997052271,-0.085282507212597,False,False,False,,32,1,2369
w=32 s=1,HR quartile 0,877,0.0371049136786188,0.0833260234667079,0.038751060280063,-0.046221109788089,-0.0016461466014441,False,False,False,,32,1,2369
w=32 s=1,HR quartile 1,917,-0.0169849537037037,0.0430913935649925,-0.0245514462249582,-0.0600763472686962,0.0075664925212545,True,True,True,,32,1,2369
w=32 s=1,HR quartile 2,816,0.034861311019492,0.0427698622029907,0.037857607447453,-0.0079085511834986,-0.002996296427961,False,False,False,,32,1,2369
w=32 s=1,HR quartile 3,819,-0.0232600311906863,0.0365001339615717,-0.0123342384816917,-0.059760165152258,-0.0109257927089945,True,False,True,,32,1,2369
w=32 s=1,MAP quartile 0,877,-0.0141240285818599,0.0383216205917063,0.011102804402777,-0.0524456491735662,-0.0252268329846369,False,False,False,,32,1,2369
w=32 s=1,MAP quartile 1,840,0.02392179413456,0.0068810987050248,0.0044106733057358,0.0170406954295352,0.0195111208288242,False,False,False,,32,1,2369
w=32 s=1,MAP quartile 2,866,0.0104058609958506,0.0291447417259418,-0.0005305174086269,-0.0187388807300911,0.0109363784044775,True,True,True,,32,1,2369
w=32 s=1,MAP quartile 3,846,0.0090927756430939,0.0747636926362907,0.0056386120303761,-0.0656709169931967,0.0034541636127177,False,True,True,,32,1,2369
w=32 s=1,Temp quartile 0,902,0.0068727157158747,0.0506293739109556,0.02375993814242,-0.0437566581950808,-0.0168872224265452,False,False,False,,32,1,2369
w=32 s=1,Temp quartile 1,864,0.0305627470437901,0.0455049781937257,-0.0227100726070562,-0.0149422311499356,0.0532728196508464,True,True,True,,32,1,2369
w=32 s=1,Temp quartile 2,838,-0.0036346905912123,0.0487677710475919,0.0314650775117589,-0.0524024616388043,-0.0350997681029713,False,False,False,,32,1,2369
w=32 s=1,Temp quartile 3,825,-0.0023612750885478,0.0430532603643339,-0.0016976766186474,-0.0454145354528817,-0.0006635984699003,True,False,True,,32,1,2369
w=32 s=1,Urine quartile 0,859,-0.0313289760348584,0.02443619840994,0.0445789804169656,-0.0557651744447984,-0.075907956451824,False,False,False,,32,1,2369
w=32 s=1,Urine quartile 1,913,-0.0210526315789473,0.0282034999438592,-0.0140300580626037,-0.0492561315228066,-0.0070225735163436,True,False,True,,32,1,2369
w=32 s=1,Urine quartile 2,802,0.0149901230333403,0.0391617201290351,-0.0052062607407487,-0.0241715970956948,0.020196383774089,True,True,True,,32,1,2369
w=32 s=1,Urine quartile 3,855,0.0601118199903958,0.0484730532603827,-0.0364553189585774,0.011638766730013,0.0965671389489732,True,False,True,,32,1,2369
w=32 s=1,SAPS quartile 0,1025,0.0026756349262149,0.0280802939044407,-0.0288473230548844,-0.0254046589782258,0.0315229579810994,True,True,True,,32,1,2369
w=32 s=1,SAPS quartile 1,946,0.0452124666297511,-0.0049705998131715,0.0023355490437193,0.0501830664429227,0.0428769175860317,True,False,True,,32,1,2369
w=32 s=1,SAPS quartile 2,660,0.0015384615384615,0.0444656358855565,0.0075710705494354,-0.042927174347095,-0.0060326090109739,False,False,False,,32,1,2369
w=32 s=1,SAPS quartile 3,798,-0.0389986891196934,0.0522310650420409,0.0462610356986756,-0.0912297541617344,-0.0852597248183691,False,False,False,,32,1,2369
w=32 s=1,HR > 100,945,-0.0351262896411669,0.0330691511861221,0.0033009111081286,-0.0681954408272891,-0.0384272007492955,False,False,False,,32,1,2369
w=32 s=1,MAP < 65,697,-0.0279136809159047,0.0296327758721036,-0.0168094479443835,-0.0575464567880084,-0.0111042329715212,True,False,True,,32,1,2369
w=32 s=1,Temp > 38C,267,-0.0430204913392958,0.0673060863071461,-0.0060289714689393,-0.1103265776464419,-0.0369915198703564,True,False,True,,32,1,2369
w=32 s=1,Urine > 1000,210,0.0458952811893988,0.07241016024951,-0.038666266159546,-0.0265148790601112,0.0845615473489449,True,True,True,,32,1,2369
w=32 s=1,Random 50% #1,1714,0.0148182289884191,0.0218766483844888,0.0158626747112941,-0.0070584193960696,-0.0010444457228749,False,False,False,,32,1,2369
w=32 s=1,Random 50% #2,1714,0.0038708396744524,0.0254323755949775,0.0164779263791732,-0.0215615359205251,-0.0126070867047207,False,False,False,,32,1,2369
w=32 s=1,Random 50% #3,1714,0.0221853388658367,0.0374921004116493,0.0311784763957128,-0.0153067615458125,-0.0089931375298761,False,False,False,,32,1,2369
w=32 s=1,Random 50% #4,1714,0.0209444740819774,0.0160546847521247,0.0283910269454398,0.0048897893298527,-0.0074465528634624,False,True,True,,32,1,2369
w=32 s=1,Random 50% #5,1714,0.025145147627017,0.0253801853962352,0.0297577250626576,-0.0002350377692181,-0.0046125774356405,False,False,False,,32,1,2369
w=32 s=1,Random 50% #6,1714,-0.0032358828377694,0.0269781405164294,0.0205543900732975,-0.0302140233541989,-0.023790272911067,False,False,False,,32,1,2369
w=32 s=1,Random 50% #7,1714,0.0203886964648963,0.041370154645162,0.0310311133779941,-0.0209814581802657,-0.0106424169130978,False,False,False,,32,1,2369
w=32 s=1,Random 50% #8,1714,-0.0080211409064465,0.0336905510981472,0.0076015993650441,-0.0417116920045938,-0.0156227402714906,False,False,False,,32,1,2369
w=32 s=1,Random 50% #9,1714,-0.0018808498325041,0.0420199061497142,0.0451799027241895,-0.0439007559822184,-0.0470607525566937,False,False,False,,32,1,2369
w=32 s=1,Random 50% #10,1714,0.0032849222618878,0.0396001328536896,0.0198536757986778,-0.0363152105918018,-0.0165687535367899,False,False,False,,32,1,2369
w=32 s=1,Random 50% #11,1714,0.0064028840624585,0.0312617483857654,0.0190470714183276,-0.0248588643233069,-0.012644187355869,False,False,False,,32,1,2369
w=32 s=1,Random 50% #12,1714,-0.0033234372422892,0.0207408803760646,0.0261866816204785,-0.0240643176183539,-0.0295101188627678,False,False,False,,32,1,2369
w=32 s=1,Random 50% #13,1714,0.0032517955657333,0.0137779874881083,0.0042574237410512,-0.010526191922375,-0.0010056281753179,False,False,False,,32,1,2369
w=32 s=1,Random 50% #14,1714,0.0062157191184681,0.0345433173188301,-0.0103676537972329,-0.028327598200362,0.016583372915701,True,True,True,,32,1,2369
w=32 s=1,Random 50% #15,1714,0.0026854501430772,0.0456129415479631,0.0204704643983115,-0.0429274914048859,-0.0177850142552342,False,False,False,,32,1,2369
w=32 s=1,Random 50% #16,1714,0.0188052608311229,0.0506036014400535,0.0228201540535515,-0.0317983406089305,-0.0040148932224285,False,False,False,,32,1,2369
w=32 s=1,Random 50% #17,1714,0.0073507410721795,0.0302096200338429,0.0451837176366959,-0.0228588789616634,-0.0378329765645163,False,False,False,,32,1,2369
w=32 s=1,Random 50% #18,1714,0.0251803786741562,0.0426255961011688,0.0208586159571428,-0.0174452174270126,0.0043217627170133,False,True,True,,32,1,2369
w=32 s=1,Random 50% #19,1714,0.0087463233253787,0.019847456471961,-0.0171347880804639,-0.0111011331465823,0.0258811114058427,True,True,True,,32,1,2369
w=32 s=1,Random 50% #20,1714,0.0239488541873964,0.0278268471642822,0.0341542167286682,-0.0038779929768858,-0.0102053625412718,False,False,False,,32,1,2369
w=32 s=1,Random 50% #21,1714,0.0016605879752431,0.0236076335866281,0.0033081427221863,-0.0219470456113849,-0.0016475547469431,False,False,False,,32,1,2369
w=32 s=1,Random 50% #22,1714,0.0178287222426975,0.0233895385531686,0.0375889148914192,-0.0055608163104711,-0.0197601926487216,False,False,False,,32,1,2369
w=32 s=1,Random 50% #23,1714,-0.0051929851771431,0.0500190357795145,0.009946540101459,-0.0552120209566576,-0.0151395252786021,False,False,False,,32,1,2369
w=32 s=1,Random 50% #24,1714,0.0201698382197979,0.0120081437012489,0.0365150178464853,0.0081616945185489,-0.0163451796266874,False,True,True,,32,1,2369
w=32 s=1,Random 50% #25,1714,0.0024135223603308,0.0323659282567342,0.0004482768874961,-0.0299524058964034,0.0019652454728346,False,True,True,,32,1,2369
w=32 s=1,Random 50% #26,1714,-0.0063986093578627,0.0253338800425,0.0049100739758293,-0.0317324894003627,-0.011308683333692,False,False,False,,32,1,2369
w=32 s=1,Random 50% #27,1714,-0.0048317683881064,0.0226785329220316,-0.0031705747870554,-0.0275103013101381,-0.0016611936010509,True,False,True,,32,1,2369
w=32 s=1,Random 50% #28,1714,0.0098094573797898,0.0179059363496104,0.0488161493299696,-0.0080964789698206,-0.0390066919501798,False,False,False,,32,1,2369
w=32 s=1,Random 50% #29,1714,0.0125552608311229,0.022005533402997,0.0434312828909737,-0.0094502725718741,-0.0308760220598507,False,False,False,,32,1,2369
w=32 s=1,Random 50% #30,1714,0.0022139615866539,0.0339643915938367,0.0118096211913807,-0.0317504300071828,-0.0095956596047268,False,False,False,,32,1,2369
w=32 s=1,Random 50% #31,1714,0.0081502190717898,0.0344415160369994,0.0274376938601085,-0.0262912969652096,-0.0192874747883187,False,False,False,,32,1,2369
w=32 s=1,Random 50% #32,1714,-0.0092920029904661,0.0115790887186222,0.0150933092079082,-0.0208710917090884,-0.0243853121983744,False,False,False,,32,1,2369
w=32 s=1,Random 50% #33,1714,-0.002514181228832,0.0424989432896818,-0.0047508483979269,-0.0450131245185139,0.0022366671690948,True,True,True,,32,1,2369
w=32 s=1,Random 50% #34,1714,0.0070180513371488,0.0316994677232653,0.0068073282768973,-0.0246814163861165,0.0002107230602514,False,True,True,,32,1,2369
w=32 s=1,Random 50% #35,1714,0.0093248828878478,0.0352840487160958,0.0213512693012347,-0.0259591658282479,-0.0120263864133869,False,False,False,,32,1,2369
w=32 s=1,Random 50% #36,1714,0.016912667846362,0.0170447955480062,0.0223589346055105,-0.0001321277016442,-0.0054462667591485,False,False,False,,32,1,2369
w=32 s=1,Random 50% #37,1714,0.0036653828805384,0.0382069389713149,0.0021287097964172,-0.0345415560907764,0.0015366730841212,False,True,True,,32,1,2369
w=32 s=1,Random 50% #38,1714,0.0021576191788371,0.0300098249803184,0.00950805934154,-0.0278522058014812,-0.0073504401627028,False,False,False,,32,1,2369
w=32 s=1,Random 50% #39,1714,0.0170086158804934,0.0213828480949378,0.0356628238839125,-0.0043742322144444,-0.0186542080034191,False,False,False,,32,1,2369
w=32 s=1,Random 50% #40,1714,0.018520937100027,0.0459841196776859,0.0398310866588245,-0.0274631825776588,-0.0213101495587974,False,False,False,,32,1,2369
w=32 s=1,Random 50% #41,1714,0.0027199322354597,0.0135944738053951,0.009556323985911,-0.0108745415699354,-0.0068363917504513,False,False,False,,32,1,2369
w=32 s=1,Random 50% #42,1714,0.0178900300253214,0.0624701928277618,0.0063453271536059,-0.0445801628024404,0.0115447028717154,False,True,True,,32,1,2369
w=32 s=1,Random 50% #43,1714,0.0169958506224066,0.0208801023691744,0.0188946296774737,-0.0038842517467677,-0.001898779055067,False,False,False,,32,1,2369
w=32 s=1,Random 50% #44,1714,-0.0080414937759336,0.0332691184384244,0.0144307649357003,-0.041310612214358,-0.0224722587116339,False,False,False,,32,1,2369
w=32 s=1,Random 50% #45,1714,-0.0006684003732017,0.0513810295760319,0.0103713905400314,-0.0520494299492336,-0.0110397909132331,False,False,False,,32,1,2369
w=32 s=1,Random 50% #46,1714,-0.0127567411871579,0.0145787459070879,0.0019688725380602,-0.0273354870942459,-0.0147256137252182,False,False,False,,32,1,2369
w=32 s=1,Random 50% #47,1714,-0.0023071888899981,0.0501355615755145,0.0233862818775008,-0.0524427504655126,-0.0256934707674989,False,False,False,,32,1,2369
w=32 s=1,Random 50% #48,1714,0.0007707867678387,0.0303390407367505,0.0231840360887195,-0.0295682539689118,-0.0224132493208807,False,False,False,,32,1,2369
w=32 s=1,Random 50% #49,1714,-0.0052585890287469,0.0492494095671753,0.0163291436522223,-0.0545079985959223,-0.0215877326809693,False,False,False,,32,1,2369
w=32 s=1,Random 50% #50,1714,-0.009935439192208,0.0049322549686252,-0.0064115685956364,-0.0148676941608332,-0.0035238705965716,True,False,True,,32,1,2369
w=32 s=1,Random 30% #1,1028,0.0177032019704433,0.0311646359958693,0.0450750511234237,-0.0134614340254259,-0.0273718491529804,False,False,False,,32,1,2369
w=32 s=1,Random 30% #2,1028,-0.0188812287552644,0.0197049655064621,0.0204474445014586,-0.0385861942617266,-0.039328673256723,False,False,False,,32,1,2369
w=32 s=1,Random 30% #3,1028,-0.0136963318843895,-0.003041893549592,0.0169695888383042,-0.0106544383347975,-0.0306659207226937,True,False,True,,32,1,2369
w=32 s=1,Random 30% #4,1028,0.012612065619632,0.0403394989722837,0.0076501588821921,-0.0277274333526516,0.0049619067374398,False,True,True,,32,1,2369
w=32 s=1,Random 30% #5,1028,0.012955140579904,0.0282086713560291,0.0169398494836115,-0.0152535307761251,-0.0039847089037074,False,False,False,,32,1,2369
w=32 s=1,Random 30% #6,1028,0.011061887501678,0.0181431828967515,0.0304281053613634,-0.0070812953950734,-0.0193662178596853,False,False,False,,32,1,2369
w=32 s=1,Random 30% #7,1028,-0.0019795447047178,0.0574415579016435,0.0003806464709437,-0.0594211026063614,-0.0023601911756616,False,False,False,,32,1,2369
w=32 s=1,Random 30% #8,1028,-0.0013757582957458,0.0420170427440723,0.0169050279869689,-0.0433928010398182,-0.0182807862827148,False,False,False,,32,1,2369
w=32 s=1,Random 30% #9,1028,0.0167924069116573,0.034380485589682,0.0392099593105548,-0.0175880786780246,-0.0224175523988974,False,False,False,,32,1,2369
w=32 s=1,Random 30% #10,1028,0.0218614718614718,0.0085500828268655,-0.0310925800338595,0.0133113890346062,0.0529540518953314,True,False,True,,32,1,2369
w=32 s=1,Random 30% #11,1028,0.0036992125742528,0.0378707050310568,0.0024252130620116,-0.0341714924568039,0.0012739995122411,False,True,True,,32,1,2369
w=32 s=1,Random 30% #12,1028,-0.0176439165409753,0.0399163179799981,0.025467784666099,-0.0575602345209735,-0.0431117012070744,False,False,False,,32,1,2369
w=32 s=1,Random 30% #13,1028,0.0061871080085679,0.0547363281993609,0.0004905583860997,-0.048549220190793,0.0056965496224681,False,True,True,,32,1,2369
w=32 s=1,Random 30% #14,1028,-0.0024039572835282,0.039108304667805,0.0060914863498196,-0.0415122619513332,-0.0084954436333478,False,False,False,,32,1,2369
w=32 s=1,Random 30% #15,1028,-0.0014797507788162,0.0605118483970459,0.0088833449543344,-0.0619915991758621,-0.0103630957331506,False,False,False,,32,1,2369
w=32 s=1,Random 30% #16,1028,0.006823838043474,0.0207713086778468,-0.0251205828167757,-0.0139474706343727,0.0319444208602497,True,True,True,,32,1,2369
w=32 s=1,Random 30% #17,1028,0.0030261642698374,0.0280061871304945,0.0059465887681198,-0.0249800228606571,-0.0029204244982824,False,False,False,,32,1,2369
w=32 s=1,Random 30% #18,1028,0.008237689744539,0.0523332829341556,-0.0269674696626154,-0.0440955931896165,0.0352051594071545,True,True,True,,32,1,2369
w=32 s=1,Random 30% #19,1028,0.0066883064376393,0.0223958326873331,0.0019766764931916,-0.0157075262496938,0.0047116299444477,False,True,True,,32,1,2369
w=32 s=1,Random 30% #20,1028,-0.0099963316214233,0.0330583482871781,0.0030858567150879,-0.0430546799086015,-0.0130821883365112,False,False,False,,32,1,2369
w=32 s=1,Random 30% #21,1028,0.002277451699682,0.0353562049347125,-0.0360928221279336,-0.0330787532350304,0.0383702738276157,True,True,True,,32,1,2369
w=32 s=1,Random 30% #22,1028,0.0271739130434782,0.0252293788269388,0.0292704707882191,0.0019445342165393,-0.0020965577447409,False,True,True,,32,1,2369
w=32 s=1,Random 30% #23,1028,0.0053719593676173,0.0398699954017691,0.0443282362060517,-0.0344980360341517,-0.0389562768384344,False,False,False,,32,1,2369
w=32 s=1,Random 30% #24,1028,0.0374355138753044,0.0269422768373556,0.0049441576973037,0.0104932370379488,0.0324913561780006,False,False,False,,32,1,2369
w=32 s=1,Random 30% #25,1028,0.0207335170659317,0.0491635083244462,0.0040312094291758,-0.0284299912585144,0.0167023076367558,False,True,True,,32,1,2369
w=32 s=1,Random 30% #26,1028,0.000322640117994,0.0259040858950828,-0.0110516464001447,-0.0255814457770887,0.0113742865181388,True,True,True,,32,1,2369
w=32 s=1,Random 30% #27,1028,-0.0133699862551543,0.0367768376983927,0.0686037770607944,-0.050146823953547,-0.0819737633159487,False,False,False,,32,1,2369
w=32 s=1,Random 30% #28,1028,0.0048546691403834,0.0526310607288791,0.028044029211302,-0.0477763915884957,-0.0231893600709186,False,False,False,,32,1,2369
w=32 s=1,Random 30% #29,1028,0.0132264436461088,0.0308930499285076,-0.0023738739768836,-0.0176666062823987,0.0156003176229925,True,True,True,,32,1,2369
w=32 s=1,Random 30% #30,1028,0.0073191060456281,0.018587491889179,-0.0239153929073979,-0.0112683858435509,0.031234498953026,True,True,True,,32,1,2369
w=32 s=1,Random 30% #31,1028,0.0186572318838355,0.035330954887234,0.0438038371707301,-0.0166737230033985,-0.0251466052868946,False,False,False,,32,1,2369
w=32 s=1,Random 30% #32,1028,0.0146773132638857,0.0620031510158792,0.0196445108750066,-0.0473258377519935,-0.0049671976111209,False,False,False,,32,1,2369
w=32 s=1,Random 30% #33,1028,0.0107989019115876,0.0255435568384733,0.0001857324192093,-0.0147446549268857,0.0106131694923782,False,True,True,,32,1,2369
w=32 s=1,Random 30% #34,1028,0.0036708111308466,0.0096648033464513,0.0125697970076066,-0.0059939922156047,-0.0088989858767599,False,False,False,,32,1,2369
w=32 s=1,Random 30% #35,1028,-0.0021279853031231,0.0190829777661006,0.0045694775423556,-0.0212109630692238,-0.0066974628454787,False,False,False,,32,1,2369
w=32 s=1,Random 30% #36,1028,-0.0048226599270606,0.0353830588971319,0.006940262448966,-0.0402057188241926,-0.0117629223760266,False,False,False,,32,1,2369
w=32 s=1,Random 30% #37,1028,-0.0037446257685728,0.0402861428850788,0.0524486787100378,-0.0440307686536517,-0.0561933044786107,False,False,False,,32,1,2369
w=32 s=1,Random 30% #38,1028,0.0108722741433021,-0.0129217697325151,0.0385323511316255,0.0237940438758172,-0.0276600769883234,True,True,True,,32,1,2369
w=32 s=1,Random 30% #39,1028,0.0380230468256006,0.0367788277626685,0.0408377543635602,0.001244219062932,-0.0028147075379595,False,True,True,,32,1,2369
w=32 s=1,Random 30% #40,1028,-0.0156995008383602,0.053416263952779,0.0040684673714504,-0.0691157647911392,-0.0197679682098107,False,False,False,,32,1,2369
w=32 s=1,Random 30% #41,1028,0.0003191021554961,0.0133296228930812,0.042779231034159,-0.013010520737585,-0.0424601288786629,False,False,False,,32,1,2369
w=32 s=1,Random 30% #42,1028,0.0039796984507742,0.0115473452313431,0.0347741735216492,-0.0075676467805688,-0.030794475070875,False,False,False,,32,1,2369
w=32 s=1,Random 30% #43,1028,0.0320665445665445,0.0473731811265399,0.0054529049551105,-0.0153066365599954,0.0266136396114339,False,True,True,,32,1,2369
w=32 s=1,Random 30% #44,1028,0.014617494198646,0.0140704277496309,0.0177586920845134,0.000547066449015,-0.0031411978858674,False,True,True,,32,1,2369
w=32 s=1,Random 30% #45,1028,-0.010677190889205,0.0300433151116352,-0.0136729497948255,-0.0407205060008402,0.0029957589056204,True,True,True,,32,1,2369
w=32 s=1,Random 30% #46,1028,-0.0211341559464426,0.0248308766856552,0.0105560152312969,-0.0459650326320978,-0.0316901711777396,False,False,False,,32,1,2369
w=32 s=1,Random 30% #47,1028,0.0021068472535741,0.0794107685213548,-0.0012605413676642,-0.0773039212677806,0.0033673886212383,True,True,True,,32,1,2369
w=32 s=1,Random 30% #48,1028,0.0099373113536103,0.0448073261381225,-0.005660604536882,-0.0348700147845121,0.0155979158904924,True,True,True,,32,1,2369
w=32 s=1,Random 30% #49,1028,-0.0033935788911766,0.0530137032917646,0.0056287032575647,-0.0564072821829413,-0.0090222821487414,False,False,False,,32,1,2369
w=32 s=1,Random 30% #50,1028,-0.0149638584774062,0.048586303235486,0.0279996988913183,-0.0635501617128923,-0.0429635573687246,False,False,False,,32,1,2369
w=32 s=2,All Patients,3429,0.0078818040435458,0.0441694977644792,0.0364655737781443,-0.0362876937209334,-0.0285837697345985,False,False,False,,32,2,2369
w=32 s=2,ICUType 1.0,490,0.0294939989088925,0.0724712305341147,-0.0108274602243157,-0.0429772316252221,0.0403214591332082,True,True,True,,32,2,2369
w=32 s=2,ICUType 2.0,643,-0.000975689080413,0.0230042751606202,-0.012166383425285,-0.0239799642410332,0.011190694344872,True,True,True,,32,2,2369
w=32 s=2,ICUType 3.0,1357,-0.0217764843549488,0.0139895962603105,0.0397156789840469,-0.0357660806152594,-0.0614921633389957,False,False,False,,32,2,2369
w=32 s=2,ICUType 4.0,939,0.0202084035501629,0.0497022888858394,0.0312471566224062,-0.0294938853356765,-0.0110387530722433,False,False,False,,32,2,2369
w=32 s=2,Age decile 0,374,0.046026807780653,0.0509283630630504,-0.0107357272142055,-0.0049015552823973,0.0567625349948585,True,True,True,,32,2,2369
w=32 s=2,Age decile 1,344,0.0273634472301562,0.0457163226112034,-0.037722840100283,-0.0183528753810472,0.0650862873304392,True,True,True,,32,2,2369
w=32 s=2,Age decile 2,347,0.0042864169770219,0.0147943766903192,0.0534895113517815,-0.0105079597132972,-0.0492030943747595,False,False,False,,32,2,2369
w=32 s=2,Age decile 3,325,0.0096292729898892,0.0422532940899975,-0.0230481001742985,-0.0326240211001083,0.0326773731641878,True,True,True,,32,2,2369
w=32 s=2,Age decile 4,372,-0.0152359717577108,0.0365572918384505,-0.0295231703875168,-0.0517932635961614,0.014287198629806,True,True,True,,32,2,2369
w=32 s=2,Age decile 5,344,-0.0250497851378262,0.0253832005372725,-0.02444640613222,-0.0504329856750987,-0.0006033790056062,True,False,True,,32,2,2369
w=32 s=2,Age decile 6,397,-0.0004719207173194,0.0273888716824719,-0.0585538739171849,-0.0278607923997914,0.0580819531998654,True,True,True,,32,2,2369
w=32 s=2,Age decile 7,247,0.0173747705218987,0.0703434728997322,-0.0065625424926528,-0.0529687023778335,0.0239373130145515,True,True,True,,32,2,2369
w=32 s=2,Age decile 8,354,-0.0216450216450216,0.0518937601722191,-0.0236638024685384,-0.0735387818172408,0.0020187808235168,True,True,True,,32,2,2369
w=32 s=2,Age decile 9,325,-0.0771864301276066,0.08789841070321,0.0302838565542138,-0.1650848408308167,-0.1074702866818205,False,False,False,,32,2,2369
w=32 s=2,HR quartile 0,877,0.0371049136786188,0.0772840798058574,0.0050156871419169,-0.0401791661272386,0.0320892265367019,False,True,True,,32,2,2369
w=32 s=2,HR quartile 1,917,-0.0169849537037037,0.0102365922559317,-0.013832027645876,-0.0272215459596354,-0.0031529260578277,True,False,True,,32,2,2369
w=32 s=2,HR quartile 2,816,0.034861311019492,0.0405501815463909,-0.006198065617789,-0.0056888705268988,0.0410593766372811,True,True,True,,32,2,2369
w=32 s=2,HR quartile 3,819,-0.0232600311906863,0.0052293526971131,0.0036091598764885,-0.0284893838877994,-0.0268691910671748,False,False,False,,32,2,2369
w=32 s=2,MAP quartile 0,877,-0.0141240285818599,0.0495348258991508,0.0260350369003275,-0.0636588544810107,-0.0401590654821874,False,False,False,,32,2,2369
w=32 s=2,MAP quartile 1,840,0.02392179413456,0.03677270241162,0.0214351996366689,-0.0128509082770599,0.0024865944978911,False,True,True,,32,2,2369
w=32 s=2,MAP quartile 2,866,0.0104058609958506,0.0166665561860734,-0.0010042135128231,-0.0062606951902228,0.0114100745086737,True,True,True,,32,2,2369
w=32 s=2,MAP quartile 3,846,0.0090927756430939,0.0638044576223364,0.0081670872715913,-0.0547116819792424,0.0009256883715025,False,True,True,,32,2,2369
w=32 s=2,Temp quartile 0,902,0.0068727157158747,0.0104033869894367,0.0087337326355902,-0.0035306712735619,-0.0018610169197154,False,False,False,,32,2,2369
w=32 s=2,Temp quartile 1,864,0.0305627470437901,0.0446599918329266,-0.0138564216597673,-0.0140972447891365,0.0444191687035575,True,True,True,,32,2,2369
w=32 s=2,Temp quartile 2,838,-0.0036346905912123,0.0623741043227534,0.0498278906459061,-0.0660087949139658,-0.0534625812371184,False,False,False,,32,2,2369
w=32 s=2,Temp quartile 3,825,-0.0023612750885478,0.0044754036034903,0.0090169997812947,-0.0068366786920381,-0.0113782748698425,False,False,False,,32,2,2369
w=32 s=2,Urine quartile 0,859,-0.0313289760348584,0.0288717747862886,0.0151979892115785,-0.060200750821147,-0.0465269652464369,False,False,False,,32,2,2369
w=32 s=2,Urine quartile 1,913,-0.0210526315789473,0.0257519294817255,-0.0251259494508195,-0.0468045610606729,0.0040733178718722,True,True,True,,32,2,2369
w=32 s=2,Urine quartile 2,802,0.0149901230333403,0.019578739787549,0.002165942563066,-0.0045886167542087,0.0128241804702742,False,True,True,,32,2,2369
w=32 s=2,Urine quartile 3,855,0.0601118199903958,0.0519445641132196,-0.0138097703164648,0.0081672558771762,0.0739215903068607,True,False,True,,32,2,2369
w=32 s=2,SAPS quartile 0,1025,0.0026756349262149,0.0232090664721149,-0.0203310649439475,-0.0205334315458999,0.0230066998701624,True,True,True,,32,2,2369
w=32 s=2,SAPS quartile 1,946,0.0452124666297511,0.0033081896687079,-0.0252900611122798,0.0419042769610431,0.070502527742031,True,False,True,,32,2,2369
w=32 s=2,SAPS quartile 2,660,0.0015384615384615,0.0410069917580113,-0.0081420459456333,-0.0394685302195498,0.0096805074840949,True,True,True,,32,2,2369
w=32 s=2,SAPS quartile 3,798,-0.0389986891196934,0.0656054820719594,0.0544080143855817,-0.1046041711916528,-0.0934067035052752,False,False,False,,32,2,2369
w=32 s=2,HR > 100,945,-0.0351262896411669,0.0179063911300585,-0.014159145334907,-0.0530326807712255,-0.0209671443062599,True,False,True,,32,2,2369
w=32 s=2,MAP < 65,697,-0.0279136809159047,0.041165705295873,0.0025276406624154,-0.0690793862117778,-0.0304413215783202,False,False,False,,32,2,2369
w=32 s=2,Temp > 38C,267,-0.0430204913392958,0.03017133831949,-0.0157607987918051,-0.0731918296587858,-0.0272596925474906,True,False,True,,32,2,2369
w=32 s=2,Urine > 1000,210,0.0458952811893988,0.0762597652536108,-0.0409343138241184,-0.030364484064212,0.0868295950135173,True,True,True,,32,2,2369
w=32 s=2,Random 50% #1,1714,0.0148182289884191,0.0382891715454632,-0.0089109282223246,-0.023470942557044,0.0237291572107438,True,True,True,,32,2,2369
w=32 s=2,Random 50% #2,1714,0.0038708396744524,0.0314862939084412,-0.0148195734622327,-0.0276154542339888,0.0186904131366851,True,True,True,,32,2,2369
w=32 s=2,Random 50% #3,1714,0.0221853388658367,0.0365076803660391,0.020482932746843,-0.0143223415002023,0.0017024061189937,False,True,True,,32,2,2369
w=32 s=2,Random 50% #4,1714,0.0209444740819774,0.0197506208946547,0.0053595796234686,0.0011938531873226,0.0155848944585087,False,False,False,,32,2,2369
w=32 s=2,Random 50% #5,1714,0.025145147627017,0.0125974054777442,0.0427528231442087,0.0125477421492728,-0.0176076755171916,False,True,True,,32,2,2369
w=32 s=2,Random 50% #6,1714,-0.0032358828377694,0.0430055476345598,0.0277903813921003,-0.0462414304723293,-0.0310262642298698,False,False,False,,32,2,2369
w=32 s=2,Random 50% #7,1714,0.0203886964648963,0.0451023594475248,-0.0040478302517658,-0.0247136629826284,0.0244365267166622,True,True,True,,32,2,2369
w=32 s=2,Random 50% #8,1714,-0.0080211409064465,0.0232740804439198,0.0252365231977101,-0.0312952213503664,-0.0332576641041566,False,False,False,,32,2,2369
w=32 s=2,Random 50% #9,1714,-0.0018808498325041,0.0519601474535686,0.0218864171580125,-0.0538409972860728,-0.0237672669905167,False,False,False,,32,2,2369
w=32 s=2,Random 50% #10,1714,0.0032849222618878,0.0292216985646579,-0.0110116665525703,-0.02593677630277,0.0142965888144581,True,True,True,,32,2,2369
w=32 s=2,Random 50% #11,1714,0.0064028840624585,0.0409428545391292,0.0013995431691128,-0.0345399704766707,0.0050033408933456,False,True,True,,32,2,2369
w=32 s=2,Random 50% #12,1714,-0.0033234372422892,0.0239637853151924,0.0267883346310197,-0.0272872225574817,-0.030111771873309,False,False,False,,32,2,2369
w=32 s=2,Random 50% #13,1714,0.0032517955657333,0.0153547844227763,0.0322816535964174,-0.012102988857043,-0.029029858030684,False,False,False,,32,2,2369
w=32 s=2,Random 50% #14,1714,0.0062157191184681,0.0303895843202537,-0.0053227439991901,-0.0241738652017855,0.0115384631176582,True,True,True,,32,2,2369
w=32 s=2,Random 50% #15,1714,0.0026854501430772,0.0296068925064819,0.0267217266828241,-0.0269214423634047,-0.0240362765397468,False,False,False,,32,2,2369
w=32 s=2,Random 50% #16,1714,0.0188052608311229,0.0249486054772721,0.0220227334977569,-0.0061433446461492,-0.003217472666634,False,False,False,,32,2,2369
w=32 s=2,Random 50% #17,1714,0.0073507410721795,0.0086559008819192,0.0566994464672376,-0.0013051598097396,-0.049348705395058,False,False,False,,32,2,2369
w=32 s=2,Random 50% #18,1714,0.0251803786741562,0.0401148409103673,0.0103327327023896,-0.0149344622362111,0.0148476459717666,False,True,True,,32,2,2369
w=32 s=2,Random 50% #19,1714,0.0087463233253787,0.0378450052966859,0.0053093428369488,-0.0290986819713072,0.0034369804884299,False,True,True,,32,2,2369
w=32 s=2,Random 50% #20,1714,0.0239488541873964,0.0312900267475478,0.0308784127324816,-0.0073411725601514,-0.0069295585450852,False,False,False,,32,2,2369
w=32 s=2,Random 50% #21,1714,0.0016605879752431,0.0278359809700376,0.007969184743165,-0.0261753929947944,-0.0063085967679219,False,False,False,,32,2,2369
w=32 s=2,Random 50% #22,1714,0.0178287222426975,0.0228467346429908,0.0179333685136883,-0.0050180124002933,-0.0001046462709908,False,False,False,,32,2,2369
w=32 s=2,Random 50% #23,1714,-0.0051929851771431,0.0328410463872464,0.0242886421569545,-0.0380340315643895,-0.0294816273340976,False,False,False,,32,2,2369
w=32 s=2,Random 50% #24,1714,0.0201698382197979,0.0008679064884186,0.0089793040844,0.0193019317313792,0.0111905341353979,False,False,False,,32,2,2369
w=32 s=2,Random 50% #25,1714,0.0024135223603308,0.0376411246349856,0.0315967780113708,-0.0352276022746547,-0.0291832556510399,False,False,False,,32,2,2369
w=32 s=2,Random 50% #26,1714,-0.0063986093578627,0.0461182160744023,0.0137300353754194,-0.052516825432265,-0.0201286447332821,False,False,False,,32,2,2369
w=32 s=2,Random 50% #27,1714,-0.0048317683881064,0.0444499174175456,-0.002377895824497,-0.049281685805652,-0.0024538725636093,True,False,True,,32,2,2369
w=32 s=2,Random 50% #28,1714,0.0098094573797898,0.0254851058928228,0.0213569867299132,-0.0156756485130329,-0.0115475293501234,False,False,False,,32,2,2369
w=32 s=2,Random 50% #29,1714,0.0125552608311229,0.0094225868585861,0.0195549358032927,0.0031326739725367,-0.0069996749721698,False,True,True,,32,2,2369
w=32 s=2,Random 50% #30,1714,0.0022139615866539,0.0158033668045767,0.024307986883173,-0.0135894052179228,-0.022094025296519,False,False,False,,32,2,2369
w=32 s=2,Random 50% #31,1714,0.0081502190717898,0.0261559165331811,0.0388903012618955,-0.0180056974613913,-0.0307400821901056,False,False,False,,32,2,2369
w=32 s=2,Random 50% #32,1714,-0.0092920029904661,0.0388428277886949,0.0260323641287495,-0.0481348307791611,-0.0353243671192157,False,False,False,,32,2,2369
w=32 s=2,Random 50% #33,1714,-0.002514181228832,0.0288867832501435,0.0287006738798104,-0.0314009644789755,-0.0312148551086424,False,False,False,,32,2,2369
w=32 s=2,Random 50% #34,1714,0.0070180513371488,0.0280882037525483,0.003708458357502,-0.0210701524153994,0.0033095929796468,False,True,True,,32,2,2369
w=32 s=2,Random 50% #35,1714,0.0093248828878478,0.0368468365919692,0.015414185953063,-0.0275219537041213,-0.0060893030652151,False,False,False,,32,2,2369
w=32 s=2,Random 50% #36,1714,0.016912667846362,0.0310117476213135,0.0134485147998813,-0.0140990797749515,0.0034641530464806,False,True,True,,32,2,2369
w=32 s=2,Random 50% #37,1714,0.0036653828805384,0.0374364835985805,0.0131927864310585,-0.033771100718042,-0.00952740355052,False,False,False,,32,2,2369
w=32 s=2,Random 50% #38,1714,0.0021576191788371,0.0276452265892045,0.0097696515058399,-0.0254876074103673,-0.0076120323270028,False,False,False,,32,2,2369
w=32 s=2,Random 50% #39,1714,0.0170086158804934,0.0365555145986201,0.0329895250582903,-0.0195468987181267,-0.0159809091777969,False,False,False,,32,2,2369
w=32 s=2,Random 50% #40,1714,0.018520937100027,0.0394874307382383,0.0528814541758418,-0.0209664936382112,-0.0343605170758147,False,False,False,,32,2,2369
w=32 s=2,Random 50% #41,1714,0.0027199322354597,0.0362092795655455,-0.0012806821775053,-0.0334893473300857,0.004000614412965,True,True,True,,32,2,2369
w=32 s=2,Random 50% #42,1714,0.0178900300253214,0.0555793623866898,-0.0027885152412523,-0.0376893323613684,0.0206785452665737,True,True,True,,32,2,2369
w=32 s=2,Random 50% #43,1714,0.0169958506224066,0.0232056905414246,-0.0060406513910949,-0.006209839919018,0.0230365020135015,True,True,True,,32,2,2369
w=32 s=2,Random 50% #44,1714,-0.0080414937759336,0.0346061847808628,0.0010492941334278,-0.0426476785567964,-0.0090907879093614,False,False,False,,32,2,2369
w=32 s=2,Random 50% #45,1714,-0.0006684003732017,0.0371327044207257,0.0110549523609573,-0.0378011047939274,-0.011723352734159,False,False,False,,32,2,2369
w=32 s=2,Random 50% #46,1714,-0.0127567411871579,0.0386748402455291,0.0162212597945742,-0.0514315814326871,-0.0289780009817321,False,False,False,,32,2,2369
w=32 s=2,Random 50% #47,1714,-0.0023071888899981,0.0383358494882917,0.0517630664787694,-0.0406430383782898,-0.0540702553687675,False,False,False,,32,2,2369
w=32 s=2,Random 50% #48,1714,0.0007707867678387,0.0307639509578343,0.018038392156267,-0.0299931641899955,-0.0172676053884282,False,False,False,,32,2,2369
w=32 s=2,Random 50% #49,1714,-0.0052585890287469,0.0159085544905956,0.0175692817013711,-0.0211671435193425,-0.022827870730118,False,False,False,,32,2,2369
w=32 s=2,Random 50% #50,1714,-0.009935439192208,0.0227902145965281,-0.0098622125364547,-0.0327256537887361,-7.322665575326681e-05,True,False,True,,32,2,2369
w=32 s=2,Random 30% #1,1028,0.0177032019704433,0.0484930052956529,0.0170196222008399,-0.0307898033252095,0.0006835797696033,False,True,True,,32,2,2369
w=32 s=2,Random 30% #2,1028,-0.0188812287552644,0.0402525227922049,0.0079768247056506,-0.0591337515474693,-0.0268580534609151,False,False,False,,32,2,2369
w=32 s=2,Random 30% #3,1028,-0.0136963318843895,-0.0001003154482885,0.0161365238177946,-0.0135960164361009,-0.0298328557021842,True,False,True,,32,2,2369
w=32 s=2,Random 30% #4,1028,0.012612065619632,0.0440949712728048,0.0070280214921199,-0.0314829056531727,0.0055840441275121,False,True,True,,32,2,2369
w=32 s=2,Random 30% #5,1028,0.012955140579904,0.0355870995168715,0.0090118070707524,-0.0226319589369675,0.0039433335091516,False,True,True,,32,2,2369
w=32 s=2,Random 30% #6,1028,0.011061887501678,0.0450739585844719,-0.0049713520444694,-0.0340120710827938,0.0160332395461475,True,True,True,,32,2,2369
w=32 s=2,Random 30% #7,1028,-0.0019795447047178,0.0462600988476682,0.0117147753577593,-0.048239643552386,-0.0136943200624772,False,False,False,,32,2,2369
w=32 s=2,Random 30% #8,1028,-0.0013757582957458,0.0303423197914736,-0.0144922028189987,-0.0317180780872194,0.0131164445232528,True,True,True,,32,2,2369
w=32 s=2,Random 30% #9,1028,0.0167924069116573,0.0384861817445951,0.0120171184056645,-0.0216937748329378,0.0047752885059927,False,True,True,,32,2,2369
w=32 s=2,Random 30% #10,1028,0.0218614718614718,0.0245262175555346,-0.0139851231999597,-0.0026647456940627,0.0358465950614316,True,True,True,,32,2,2369
w=32 s=2,Random 30% #11,1028,0.0036992125742528,0.0323129957307761,-0.0043185271544522,-0.0286137831565232,0.0080177397287051,True,True,True,,32,2,2369
w=32 s=2,Random 30% #12,1028,-0.0176439165409753,0.04545804265542,0.0041886048544856,-0.0631019591963953,-0.0218325213954609,False,False,False,,32,2,2369
w=32 s=2,Random 30% #13,1028,0.0061871080085679,0.0573185337640727,-0.0052556925210502,-0.0511314257555048,0.0114428005296181,True,True,True,,32,2,2369
w=32 s=2,Random 30% #14,1028,-0.0024039572835282,0.0492620044545095,0.0146232217494133,-0.0516659617380378,-0.0170271790329415,False,False,False,,32,2,2369
w=32 s=2,Random 30% #15,1028,-0.0014797507788162,0.0618440706926376,0.0014824942145577,-0.0633238214714538,-0.0029622449933739,False,False,False,,32,2,2369
w=32 s=2,Random 30% #16,1028,0.006823838043474,0.0204546445798746,-0.0050307471792877,-0.0136308065364005,0.0118545852227618,True,True,True,,32,2,2369
w=32 s=2,Random 30% #17,1028,0.0030261642698374,0.0551930098727167,0.0221895160186005,-0.0521668456028793,-0.019163351748763,False,False,False,,32,2,2369
w=32 s=2,Random 30% #18,1028,0.008237689744539,0.0404170850574764,-0.0159629471091476,-0.0321793953129374,0.0242006368536867,True,True,True,,32,2,2369
w=32 s=2,Random 30% #19,1028,0.0066883064376393,0.0003966607973169,-0.0214447372557088,0.0062916456403223,0.0281330436933481,True,False,True,,32,2,2369
w=32 s=2,Random 30% #20,1028,-0.0099963316214233,0.0486721036224234,0.0215333621137384,-0.0586684352438467,-0.0315296937351617,False,False,False,,32,2,2369
w=32 s=2,Random 30% #21,1028,0.002277451699682,0.0332052392606441,-0.0203135852867834,-0.030927787560962,0.0225910369864655,True,True,True,,32,2,2369
w=32 s=2,Random 30% #22,1028,0.0271739130434782,0.0279506458820286,0.0070416540555049,-0.0007767328385503,0.0201322589879732,False,True,True,,32,2,2369
w=32 s=2,Random 30% #23,1028,0.0053719593676173,0.0214269317641391,0.0222532484848381,-0.0160549723965217,-0.0168812891172208,False,False,False,,32,2,2369
w=32 s=2,Random 30% #24,1028,0.0374355138753044,0.0589609730450339,0.0144324635355495,-0.0215254591697295,0.0230030503397548,False,True,True,,32,2,2369
w=32 s=2,Random 30% #25,1028,0.0207335170659317,0.0502228643363477,-0.0034330028745554,-0.029489347270416,0.0241665199404871,True,True,True,,32,2,2369
w=32 s=2,Random 30% #26,1028,0.000322640117994,0.0256659308957059,-0.0086029945700298,-0.0253432907777118,0.0089256346880239,True,True,True,,32,2,2369
w=32 s=2,Random 30% #27,1028,-0.0133699862551543,0.0701737194024886,-0.0224430831528452,-0.0835437056576429,0.0090730968976909,True,True,True,,32,2,2369
w=32 s=2,Random 30% #28,1028,0.0048546691403834,0.0635909141628954,0.0147679040662326,-0.058736245022512,-0.0099132349258492,False,False,False,,32,2,2369
w=32 s=2,Random 30% #29,1028,0.0132264436461088,0.0365782931820785,0.0044978606141547,-0.0233518495359696,0.0087285830319541,False,True,True,,32,2,2369
w=32 s=2,Random 30% #30,1028,0.0073191060456281,0.0252307787587059,-0.0146865826150729,-0.0179116727130778,0.022005688660701,True,True,True,,32,2,2369
w=32 s=2,Random 30% #31,1028,0.0186572318838355,0.032490951123633,0.0195646728438023,-0.0138337192397975,-0.0009074409599667,False,False,False,,32,2,2369
w=32 s=2,Random 30% #32,1028,0.0146773132638857,0.0551332838321794,0.0170448741149014,-0.0404559705682937,-0.0023675608510156,False,False,False,,32,2,2369
w=32 s=2,Random 30% #33,1028,0.0107989019115876,0.0547957301151207,0.0102076216808277,-0.0439968282035331,0.0005912802307598,False,True,True,,32,2,2369
w=32 s=2,Random 30% #34,1028,0.0036708111308466,0.0527942283375854,0.0175085153063314,-0.0491234172067387,-0.0138377041754847,False,False,False,,32,2,2369
w=32 s=2,Random 30% #35,1028,-0.0021279853031231,0.0364689461968343,-0.010775186827277,-0.0385969314999574,0.0086472015241539,True,True,True,,32,2,2369
w=32 s=2,Random 30% #36,1028,-0.0048226599270606,0.0191955747716242,-0.0142831412934556,-0.0240182346986848,0.009460481366395,True,True,True,,32,2,2369
w=32 s=2,Random 30% #37,1028,-0.0037446257685728,0.0053504159000573,0.0490884306337789,-0.0090950416686302,-0.0528330564023517,False,False,False,,32,2,2369
w=32 s=2,Random 30% #38,1028,0.0108722741433021,0.015293288459208,0.0138300847115805,-0.0044210143159059,-0.0029578105682784,False,False,False,,32,2,2369
w=32 s=2,Random 30% #39,1028,0.0380230468256006,0.0519601273789737,0.01362711364054,-0.013937080553373,0.0243959331850605,False,True,True,,32,2,2369
w=32 s=2,Random 30% #40,1028,-0.0156995008383602,0.029503336798235,0.0030253404613582,-0.0452028376365953,-0.0187248412997185,False,False,False,,32,2,2369
w=32 s=2,Random 30% #41,1028,0.0003191021554961,0.0504014938988768,0.0317939494518299,-0.0500823917433807,-0.0314748472963338,False,False,False,,32,2,2369
w=32 s=2,Random 30% #42,1028,0.0039796984507742,0.0280915070965847,0.0458013511666939,-0.0241118086458104,-0.0418216527159196,False,False,False,,32,2,2369
w=32 s=2,Random 30% #43,1028,0.0320665445665445,0.0520710680975353,0.0144976680770278,-0.0200045235309908,0.0175688764895167,False,True,True,,32,2,2369
w=32 s=2,Random 30% #44,1028,0.014617494198646,0.0145425645838614,0.0080822690545926,7.49296147845302e-05,0.0065352251440534,False,False,False,,32,2,2369
w=32 s=2,Random 30% #45,1028,-0.010677190889205,0.0459140276184317,-0.0024562142571569,-0.0565912185076367,-0.0082209766320481,True,False,True,,32,2,2369
w=32 s=2,Random 30% #46,1028,-0.0211341559464426,0.0390647424473556,0.0160326746417178,-0.0601988983937983,-0.0371668305881605,False,False,False,,32,2,2369
w=32 s=2,Random 30% #47,1028,0.0021068472535741,0.0547791042638971,-0.0171669816702456,-0.052672257010323,0.0192738289238198,True,True,True,,32,2,2369
w=32 s=2,Random 30% #48,1028,0.0099373113536103,0.0394329556083081,0.030665362993846,-0.0294956442546977,-0.0207280516402356,False,False,False,,32,2,2369
w=32 s=2,Random 30% #49,1028,-0.0033935788911766,0.0452472055556868,0.0432617705675322,-0.0486407844468635,-0.0466553494587089,False,False,False,,32,2,2369
w=32 s=2,Random 30% #50,1028,-0.0149638584774062,0.0466440756892959,0.0414445215973268,-0.0616079341667022,-0.0564083800747331,False,False,False,,32,2,2369
w=64 s=0,All Patients,3429,0.0078818040435458,0.0197602904740938,0.0328770575160149,-0.0118784864305479,-0.024995253472469,False,False,False,,64,0,8833
w=64 s=0,ICUType 1.0,490,0.0294939989088925,0.0361453011989506,0.0258798238326702,-0.0066513022900581,0.0036141750762222,False,True,True,,64,0,8833
w=64 s=0,ICUType 2.0,643,-0.000975689080413,0.0307306354945675,-0.0080489740017854,-0.0317063245749806,0.0070732849213724,True,True,True,,64,0,8833
w=64 s=0,ICUType 3.0,1357,-0.0217764843549488,0.0784010602451413,-0.0149378608511745,-0.1001775446000901,-0.0068386235037743,True,False,True,,64,0,8833
w=64 s=0,ICUType 4.0,939,0.0202084035501629,0.0817659130846738,0.0176499475316008,-0.0615575095345109,0.002558456018562,False,True,True,,64,0,8833
w=64 s=0,Age decile 0,374,0.046026807780653,0.051559966779779,-0.023500098366184,-0.005533158999126,0.0695269061468371,True,True,True,,64,0,8833
w=64 s=0,Age decile 1,344,0.0273634472301562,0.0609236424941405,-0.0265908072040694,-0.0335601952639843,0.0539542544342256,True,True,True,,64,0,8833
w=64 s=0,Age decile 2,347,0.0042864169770219,0.0191233133535892,-0.024802826342046,-0.0148368963765672,0.029089243319068,True,True,True,,64,0,8833
w=64 s=0,Age decile 3,325,0.0096292729898892,0.0631555415290688,-0.0349639789835032,-0.0535262685391795,0.0445932519733925,True,True,True,,64,0,8833
w=64 s=0,Age decile 4,372,-0.0152359717577108,0.0401760504471675,-0.0592439967055927,-0.0554120222048784,0.0440080249478818,True,True,True,,64,0,8833
w=64 s=0,Age decile 5,344,-0.0250497851378262,0.0373892479323771,0.0330983641371601,-0.0624390330702033,-0.0581481492749863,False,False,False,,64,0,8833
w=64 s=0,Age decile 6,397,-0.0004719207173194,0.0447834448984783,-0.0751027007305084,-0.0452553656157978,0.0746307800131889,True,True,True,,64,0,8833
w=64 s=0,Age decile 7,247,0.0173747705218987,0.0649887661398293,0.0039868069819548,-0.0476139956179305,0.0133879635399439,False,True,True,,64,0,8833
w=64 s=0,Age decile 8,354,-0.0216450216450216,0.0320221542440669,-0.0338178948878071,-0.0536671758890886,0.0121728732427854,True,True,True,,64,0,8833
w=64 s=0,Age decile 9,325,-0.0771864301276066,0.0429306083373956,0.037853642351139,-0.1201170384650022,-0.1150400724787456,False,False,False,,64,0,8833
w=64 s=0,HR quartile 0,877,0.0371049136786188,0.0663260122375703,0.0136295457046195,-0.0292210985589514,0.0234753679739992,False,True,True,,64,0,8833
w=64 s=0,HR quartile 1,917,-0.0169849537037037,0.0423968302561335,-0.0010005832900943,-0.0593817839598372,-0.0159843704136093,True,False,True,,64,0,8833
w=64 s=0,HR quartile 2,816,0.034861311019492,0.0554726313388048,0.0315607702712706,-0.0206113203193127,0.0033005407482214,False,True,True,,64,0,8833
w=64 s=0,HR quartile 3,819,-0.0232600311906863,0.0346070949692996,0.0120616318660595,-0.0578671261599859,-0.0353216630567458,False,False,False,,64,0,8833
w=64 s=0,MAP quartile 0,877,-0.0141240285818599,0.0430058115242449,0.0259107206702044,-0.0571298401061048,-0.0400347492520643,False,False,False,,64,0,8833
w=64 s=0,MAP quartile 1,840,0.02392179413456,0.0310943705125454,0.0030810280888349,-0.0071725763779853,0.0208407660457251,False,True,True,,64,0,8833
w=64 s=0,MAP quartile 2,866,0.0104058609958506,0.0498104809244041,-0.0205624678280982,-0.0394046199285535,0.0309683288239488,True,True,True,,64,0,8833
w=64 s=0,MAP quartile 3,846,0.0090927756430939,0.0680828406082882,-0.0027802214649507,-0.0589900649651942,0.0118729971080446,True,True,True,,64,0,8833
w=64 s=0,Temp quartile 0,902,0.0068727157158747,0.0395285923404557,0.0226781590536821,-0.032655876624581,-0.0158054433378073,False,False,False,,64,0,8833
w=64 s=0,Temp quartile 1,864,0.0305627470437901,0.0576961938549071,-0.026529239194839,-0.0271334468111169,0.0570919862386292,True,True,True,,64,0,8833
w=64 s=0,Temp quartile 2,838,-0.0036346905912123,0.0637999754021419,0.0137671322925332,-0.0674346659933542,-0.0174018228837456,False,False,False,,64,0,8833
w=64 s=0,Temp quartile 3,825,-0.0023612750885478,0.0666156094263945,-0.0192793734202303,-0.0689768845149423,0.0169180983316825,True,True,True,,64,0,8833
w=64 s=0,Urine quartile 0,859,-0.0313289760348584,0.0383596965861995,-0.0014526699313553,-0.0696886726210579,-0.029876306103503,True,False,True,,64,0,8833
w=64 s=0,Urine quartile 1,913,-0.0210526315789473,0.0237305407802399,-0.0564091014650195,-0.0447831723591873,0.0353564698860721,True,True,True,,64,0,8833
w=64 s=0,Urine quartile 2,802,0.0149901230333403,0.0596079000654342,0.0059956293973136,-0.0446177770320939,0.0089944936360266,False,True,True,,64,0,8833
w=64 s=0,Urine quartile 3,855,0.0601118199903958,0.0667689912913976,-0.0085058045547981,-0.0066571713010018,0.068617624545194,True,True,True,,64,0,8833
w=64 s=0,SAPS quartile 0,1025,0.0026756349262149,0.0334679368181677,-0.0175310925402702,-0.0307923018919527,0.0202067274664852,True,True,True,,64,0,8833
w=64 s=0,SAPS quartile 1,946,0.0452124666297511,0.0174013529345504,-0.0286102804143704,0.0278111136952007,0.0738227470441216,True,False,True,,64,0,8833
w=64 s=0,SAPS quartile 2,660,0.0015384615384615,0.0697668310323879,0.0126598766305868,-0.0682283694939264,-0.0111214150921253,False,False,False,,64,0,8833
w=64 s=0,SAPS quartile 3,798,-0.0389986891196934,0.0816913444867813,0.0829808924029025,-0.1206900336064747,-0.121979581522596,False,False,False,,64,0,8833
w=64 s=0,HR > 100,945,-0.0351262896411669,-0.0352414377727212,-0.0159746566117683,0.0001151481315542,-0.0191516330293986,False,True,True,,64,0,8833
w=64 s=0,MAP < 65,697,-0.0279136809159047,0.0188492019658137,0.0181026074543594,-0.0467628828817185,-0.0460162883702642,False,False,False,,64,0,8833
w=64 s=0,Temp > 38C,267,-0.0430204913392958,0.0652390113398891,-0.004853127412794,-0.1082595026791849,-0.0381673639265018,True,False,True,,64,0,8833
w=64 s=0,Urine > 1000,210,0.0458952811893988,0.0707974732738564,-0.0413142385522844,-0.0249021920844576,0.0872095197416832,True,True,True,,64,0,8833
w=64 s=0,Random 50% #1,1714,0.0148182289884191,0.0348377417661533,-0.0275084450481003,-0.0200195127777341,0.0423266740365195,True,True,True,,64,0,8833
w=64 s=0,Random 50% #2,1714,0.0038708396744524,0.0528865761392788,0.0193894393912833,-0.0490157364648264,-0.0155185997168309,False,False,False,,64,0,8833
w=64 s=0,Random 50% #3,1714,0.0221853388658367,0.0461308542955453,0.0174751476038787,-0.0239455154297086,0.004710191261958,False,True,True,,64,0,8833
w=64 s=0,Random 50% #4,1714,0.0209444740819774,0.0477327922594997,-0.0102582061296764,-0.0267883181775222,0.0312026802116538,True,True,True,,64,0,8833
w=64 s=0,Random 50% #5,1714,0.025145147627017,0.0462248850433061,0.017953441251042,-0.021079737416289,0.007191706375975,False,True,True,,64,0,8833
w=64 s=0,Random 50% #6,1714,-0.0032358828377694,0.0546878042107417,0.0350885951539,-0.0579236870485112,-0.0383244779916694,False,False,False,,64,0,8833
w=64 s=0,Random 50% #7,1714,0.0203886964648963,0.0590602788643337,0.0552747876117815,-0.0386715823994373,-0.0348860911468851,False,False,False,,64,0,8833
w=64 s=0,Random 50% #8,1714,-0.0080211409064465,0.0493757598490022,0.0099437903663903,-0.0573969007554488,-0.0179649312728369,False,False,False,,64,0,8833
w=64 s=0,Random 50% #9,1714,-0.0018808498325041,0.0682853241656215,0.038933397702635,-0.0701661739981257,-0.0408142475351392,False,False,False,,64,0,8833
w=64 s=0,Random 50% #10,1714,0.0032849222618878,0.0547718434321923,-0.0387320661199251,-0.0514869211703045,0.042016988381813,True,True,True,,64,0,8833
w=64 s=0,Random 50% #11,1714,0.0064028840624585,0.0328729595123844,-0.0096826196669028,-0.0264700754499258,0.0160855037293613,True,True,True,,64,0,8833
w=64 s=0,Random 50% #12,1714,-0.0033234372422892,0.0517523799293515,0.008790676093915,-0.0550758171716408,-0.0121141133362043,False,False,False,,64,0,8833
w=64 s=0,Random 50% #13,1714,0.0032517955657333,0.0237895253066478,0.0511762304823016,-0.0205377297409145,-0.0479244349165682,False,False,False,,64,0,8833
w=64 s=0,Random 50% #14,1714,0.0062157191184681,0.0377903102184183,-0.0189651561311396,-0.0315745910999501,0.0251808752496078,True,True,True,,64,0,8833
w=64 s=0,Random 50% #15,1714,0.0026854501430772,0.0341329360470361,0.0412586167218402,-0.0314474859039588,-0.0385731665787629,False,False,False,,64,0,8833
w=64 s=0,Random 50% #16,1714,0.0188052608311229,0.0593226459676522,0.0291253157901256,-0.0405173851365293,-0.0103200549590027,False,False,False,,64,0,8833
w=64 s=0,Random 50% #17,1714,0.0073507410721795,0.0472117834688277,0.0181159649600733,-0.0398610423966482,-0.0107652238878938,False,False,False,,64,0,8833
w=64 s=0,Random 50% #18,1714,0.0251803786741562,0.0778694606421247,0.0143512282822658,-0.0526890819679685,0.0108291503918903,False,True,True,,64,0,8833
w=64 s=0,Random 50% #19,1714,0.0087463233253787,0.0302406203325397,-0.0439373130895856,-0.021494297007161,0.0526836364149644,True,True,True,,64,0,8833
w=64 s=0,Random 50% #20,1714,0.0239488541873964,0.0394904647211999,0.024133773921286,-0.0155416105338035,-0.0001849197338895,False,False,False,,64,0,8833
w=64 s=0,Random 50% #21,1714,0.0016605879752431,0.0272918542628963,0.0096680663631107,-0.0256312662876532,-0.0080074783878675,False,False,False,,64,0,8833
w=64 s=0,Random 50% #22,1714,0.0178287222426975,0.0319818945413653,0.0108896929807602,-0.0141531722986677,0.0069390292619372,False,True,True,,64,0,8833
w=64 s=0,Random 50% #23,1714,-0.0051929851771431,0.0381876819814282,0.0060083181561746,-0.0433806671585713,-0.0112013033333178,False,False,False,,64,0,8833
w=64 s=0,Random 50% #24,1714,0.0201698382197979,0.0290525238070242,0.002542701712228,-0.0088826855872262,0.0176271365075698,False,True,True,,64,0,8833
w=64 s=0,Random 50% #25,1714,0.0024135223603308,0.0525250299161062,-0.0094422460875475,-0.0501115075557754,0.0118557684478783,True,True,True,,64,0,8833
w=64 s=0,Random 50% #26,1714,-0.0063986093578627,0.0642857894525654,0.0213253160176388,-0.0706843988104281,-0.0277239253755015,False,False,False,,64,0,8833
w=64 s=0,Random 50% #27,1714,-0.0048317683881064,0.0518344519011421,-0.0196410269587438,-0.0566662202892486,0.0148092585706374,True,True,True,,64,0,8833
w=64 s=0,Random 50% #28,1714,0.0098094573797898,0.0320271096293462,0.0393962520143547,-0.0222176522495563,-0.0295867946345649,False,False,False,,64,0,8833
w=64 s=0,Random 50% #29,1714,0.0125552608311229,0.0197182616334198,-0.0066167198165194,-0.0071630008022969,0.0191719806476423,True,True,True,,64,0,8833
w=64 s=0,Random 50% #30,1714,0.0022139615866539,0.0540350910091643,0.0150740465807468,-0.0518211294225103,-0.0128600849940929,False,False,False,,64,0,8833
w=64 s=0,Random 50% #31,1714,0.0081502190717898,0.0457620151407663,0.0255865951421814,-0.0376117960689764,-0.0174363760703916,False,False,False,,64,0,8833
w=64 s=0,Random 50% #32,1714,-0.0092920029904661,0.0485566868454093,0.0020764938618409,-0.0578486898358755,-0.011368496852307,False,False,False,,64,0,8833
w=64 s=0,Random 50% #33,1714,-0.002514181228832,0.0499058041715759,0.0065376463412387,-0.0524199854004079,-0.0090518275700707,False,False,False,,64,0,8833
w=64 s=0,Random 50% #34,1714,0.0070180513371488,0.03620576894104,-0.0132915138542926,-0.0291877176038912,0.0203095651914414,True,True,True,,64,0,8833
w=64 s=0,Random 50% #35,1714,0.0093248828878478,0.0509015405925355,0.0349606027621688,-0.0415766577046877,-0.0256357198743209,False,False,False,,64,0,8833
w=64 s=0,Random 50% #36,1714,0.016912667846362,0.0307890856684849,0.0079058868391739,-0.0138764178221229,0.009006781007188,False,True,True,,64,0,8833
w=64 s=0,Random 50% #37,1714,0.0036653828805384,0.0445680939949834,-0.000887283156703,-0.0409027111144449,0.0045526660372415,True,True,True,,64,0,8833
w=64 s=0,Random 50% #38,1714,0.0021576191788371,0.0504140772758014,-0.0319836569800672,-0.0482564580969642,0.0341412761589044,True,True,True,,64,0,8833
w=64 s=0,Random 50% #39,1714,0.0170086158804934,0.0519493714247596,0.0104146268239855,-0.0349407555442662,0.0065939890565079,False,True,True,,64,0,8833
w=64 s=0,Random 50% #40,1714,0.018520937100027,0.0380018187814474,0.0340915305266142,-0.0194808816814203,-0.0155705934265872,False,False,False,,64,0,8833
w=64 s=0,Random 50% #41,1714,0.0027199322354597,0.0481704632066555,0.0082166568609881,-0.0454505309711957,-0.0054967246255283,False,False,False,,64,0,8833
w=64 s=0,Random 50% #42,1714,0.0178900300253214,0.0633801408284305,-0.0033228093322907,-0.0454901108031091,0.0212128393576121,True,True,True,,64,0,8833
w=64 s=0,Random 50% #43,1714,0.0169958506224066,0.0360459654526287,0.013990309480067,-0.019050114830222,0.0030055411423395,False,True,True,,64,0,8833
w=64 s=0,Random 50% #44,1714,-0.0080414937759336,0.0558723192630276,-0.0148740668223215,-0.0639138130389612,0.0068325730463879,True,True,True,,64,0,8833
w=64 s=0,Random 50% #45,1714,-0.0006684003732017,0.0666270954275716,0.0061623409625282,-0.0672954958007733,-0.0068307413357299,False,False,False,,64,0,8833
w=64 s=0,Random 50% #46,1714,-0.0127567411871579,0.0401534865165805,0.0104583914921612,-0.0529102277037384,-0.0232151326793191,False,False,False,,64,0,8833
w=64 s=0,Random 50% #47,1714,-0.0023071888899981,0.0488303146199135,-0.0358264160934548,-0.0511375035099116,0.0335192272034567,True,True,True,,64,0,8833
w=64 s=0,Random 50% #48,1714,0.0007707867678387,0.0380376772234286,-0.0283843843103745,-0.0372668904555899,0.0291551710782133,True,True,True,,64,0,8833
w=64 s=0,Random 50% #49,1714,-0.0052585890287469,0.0132928287619997,0.0119698639562014,-0.0185514177907466,-0.0172284529849484,False,False,False,,64,0,8833
w=64 s=0,Random 50% #50,1714,-0.009935439192208,0.0337340736075652,-0.0314641941255701,-0.0436695127997732,0.0215287549333621,True,True,True,,64,0,8833
w=64 s=0,Random 30% #1,1028,0.0177032019704433,0.0614938453227978,0.0088072046660695,-0.0437906433523545,0.0088959973043738,False,True,True,,64,0,8833
w=64 s=0,Random 30% #2,1028,-0.0188812287552644,0.0364359751264531,0.0033488294798762,-0.0553172038817176,-0.0222300582351406,False,False,False,,64,0,8833
w=64 s=0,Random 30% #3,1028,-0.0136963318843895,0.025546297403443,0.0100887443653366,-0.0392426292878325,-0.0237850762497261,False,False,False,,64,0,8833
w=64 s=0,Random 30% #4,1028,0.012612065619632,0.0358350543499555,0.0102812810343696,-0.0232229887303235,0.0023307845852624,False,True,True,,64,0,8833
w=64 s=0,Random 30% #5,1028,0.012955140579904,0.0522553443738616,0.0126632859165448,-0.0393002037939576,0.0002918546633591,False,True,True,,64,0,8833
w=64 s=0,Random 30% #6,1028,0.011061887501678,0.0602221019843603,0.0075947216592013,-0.0491602144826823,0.0034671658424767,False,True,True,,64,0,8833
w=64 s=0,Random 30% #7,1028,-0.0019795447047178,0.010802258946322,0.009292941609776,-0.0127818036510399,-0.0112724863144939,False,False,False,,64,0,8833
w=64 s=0,Random 30% #8,1028,-0.0013757582957458,0.046175518711716,0.0221167284070911,-0.0475512770074618,-0.023492486702837,False,False,False,,64,0,8833
w=64 s=0,Random 30% #9,1028,0.0167924069116573,0.0379990182519416,-0.0152320747535629,-0.0212066113402842,0.0320244816652202,True,True,True,,64,0,8833
w=64 s=0,Random 30% #10,1028,0.0218614718614718,0.0450876440054942,-0.0383478554574518,-0.0232261721440224,0.0602093273189236,True,True,True,,64,0,8833
w=64 s=0,Random 30% #11,1028,0.0036992125742528,0.0281061968744546,0.0045798569990869,-0.0244069843002017,-0.0008806444248341,False,False,False,,64,0,8833
w=64 s=0,Random 30% #12,1028,-0.0176439165409753,0.0416456032839231,0.0258318355719825,-0.0592895198248985,-0.0434757521129578,False,False,False,,64,0,8833
w=64 s=0,Random 30% #13,1028,0.0061871080085679,0.0658220046429839,0.0008778515198952,-0.059634896634416,0.0053092564886726,False,True,True,,64,0,8833
w=64 s=0,Random 30% #14,1028,-0.0024039572835282,0.0396586474119339,0.0200151518215485,-0.0420626046954622,-0.0224191091050767,False,False,False,,64,0,8833
w=64 s=0,Random 30% #15,1028,-0.0014797507788162,0.0785560240636822,-0.0201089914502181,-0.0800357748424984,0.0186292406714019,True,True,True,,64,0,8833
w=64 s=0,Random 30% #16,1028,0.006823838043474,0.0426424737881642,-0.0306951241666766,-0.0358186357446902,0.0375189622101506,True,True,True,,64,0,8833
w=64 s=0,Random 30% #17,1028,0.0030261642698374,0.0488918336257565,0.0131187374106719,-0.0458656693559191,-0.0100925731408345,False,False,False,,64,0,8833
w=64 s=0,Random 30% #18,1028,0.008237689744539,0.0726056608431368,-0.0031987390362589,-0.0643679710985978,0.011436428780798,True,True,True,,64,0,8833
w=64 s=0,Random 30% #19,1028,0.0066883064376393,0.0243415467385673,-0.0120337549193555,-0.0176532403009279,0.0187220613569948,True,True,True,,64,0,8833
w=64 s=0,Random 30% #20,1028,-0.0099963316214233,0.0419077029565862,0.0059084587420833,-0.0519040345780096,-0.0159047903635067,False,False,False,,64,0,8833
w=64 s=0,Random 30% #21,1028,0.002277451699682,0.0646361619164837,-0.0149615158812758,-0.0623587102168016,0.0172389675809579,True,True,True,,64,0,8833
w=64 s=0,Random 30% #22,1028,0.0271739130434782,0.0438649251727673,0.0293457891363705,-0.016691012129289,-0.0021718760928922,False,False,False,,64,0,8833
w=64 s=0,Random 30% #23,1028,0.0053719593676173,0.0629196291434746,0.0103737909835844,-0.0575476697758572,-0.005001831615967,False,False,False,,64,0,8833
w=64 s=0,Random 30% #24,1028,0.0374355138753044,0.0600967904003487,0.0183666078075397,-0.0226612765250443,0.0190689060677647,False,True,True,,64,0,8833
w=64 s=0,Random 30% #25,1028,0.0207335170659317,0.0405967591361861,-0.0216106382493677,-0.0198632420702544,0.0423441553152995,True,True,True,,64,0,8833
w=64 s=0,Random 30% #26,1028,0.000322640117994,0.0436151976064743,-0.0160753222296601,-0.0432925574884802,0.0163979623476542,True,True,True,,64,0,8833
w=64 s=0,Random 30% #27,1028,-0.0133699862551543,0.0500923088996984,0.0243402914304574,-0.0634622951548528,-0.0377102776856117,False,False,False,,64,0,8833
w=64 s=0,Random 30% #28,1028,0.0048546691403834,0.0592662333471538,-0.012939034751068,-0.0544115642067704,0.0177937038914514,True,True,True,,64,0,8833
w=64 s=0,Random 30% #29,1028,0.0132264436461088,0.0391968038531348,-0.0014370392848388,-0.0259703602070259,0.0146634829309477,True,True,True,,64,0,8833
w=64 s=0,Random 30% #30,1028,0.0073191060456281,0.0404460105048227,-0.026643744006356,-0.0331269044591946,0.0339628500519841,True,True,True,,64,0,8833
w=64 s=0,Random 30% #31,1028,0.0186572318838355,0.0440023047692641,0.0219885335170945,-0.0253450728854286,-0.003331301633259,False,False,False,,64,0,8833
w=64 s=0,Random 30% #32,1028,0.0146773132638857,0.0507227158880507,0.0055789334662722,-0.036045402624165,0.0090983797976134,False,True,True,,64,0,8833
w=64 s=0,Random 30% #33,1028,0.0107989019115876,0.0494703978494872,0.0050057802411734,-0.0386714959378995,0.0057931216704141,False,True,True,,64,0,8833
w=64 s=0,Random 30% #34,1028,0.0036708111308466,0.0444138900309418,-0.0114410554122252,-0.0407430789000951,0.0151118665430719,True,True,True,,64,0,8833
w=64 s=0,Random 30% #35,1028,-0.0021279853031231,0.025109186885983,-0.0106140139505988,-0.0272371721891061,0.0084860286474756,True,True,True,,64,0,8833
w=64 s=0,Random 30% #36,1028,-0.0048226599270606,0.0735506152062558,-0.0194037826947966,-0.0783732751333164,0.014581122767736,True,True,True,,64,0,8833
w=64 s=0,Random 30% #37,1028,-0.0037446257685728,0.0303137087240777,0.005272072271461,-0.0340583344926506,-0.0090166980400339,False,False,False,,64,0,8833
w=64 s=0,Random 30% #38,1028,0.0108722741433021,0.0285510472308093,-0.0064662379960836,-0.0176787730875072,0.0173385121393857,True,True,True,,64,0,8833
w=64 s=0,Random 30% #39,1028,0.0380230468256006,0.0411273860031119,-0.0047752881737322,-0.0031043391775113,0.0427983349993328,True,True,True,,64,0,8833
w=64 s=0,Random 30% #40,1028,-0.0156995008383602,0.0416738384983602,0.0107764203783747,-0.0573733393367205,-0.026475921216735,False,False,False,,64,0,8833
w=64 s=0,Random 30% #41,1028,0.0003191021554961,0.0509528255478057,0.0256888527529118,-0.0506337233923095,-0.0253697505974157,False,False,False,,64,0,8833
w=64 s=0,Random 30% #42,1028,0.0039796984507742,-0.0061198013006369,0.0197379432408979,0.0100994997514112,-0.0157582447901236,True,True,True,,64,0,8833
w=64 s=0,Random 30% #43,1028,0.0320665445665445,0.0543682153992899,0.0028445927032723,-0.0223016708327453,0.0292219518632721,False,True,True,,64,0,8833
w=64 s=0,Random 30% #44,1028,0.014617494198646,0.0406363685258607,0.0049883873709899,-0.0260188743272146,0.009629106827656,False,True,True,,64,0,8833
w=64 s=0,Random 30% #45,1028,-0.010677190889205,0.0546726164906296,-0.0266509546879804,-0.0653498073798346,0.0159737637987754,True,True,True,,64,0,8833
w=64 s=0,Random 30% #46,1028,-0.0211341559464426,0.0426162760412648,-0.0011633523544887,-0.0637504319877075,-0.0199708035919538,True,False,True,,64,0,8833
w=64 s=0,Random 30% #47,1028,0.0021068472535741,0.0827896718438415,-0.0251162307820487,-0.0806828245902674,0.0272230780356229,True,True,True,,64,0,8833
w=64 s=0,Random 30% #48,1028,0.0099373113536103,0.0624349855917184,0.0034481933287953,-0.052497674238108,0.006489118024815,False,True,True,,64,0,8833
w=64 s=0,Random 30% #49,1028,-0.0033935788911766,0.0480131165146832,0.0036480782116977,-0.0514066954058599,-0.0070416571028744,False,False,False,,64,0,8833
w=64 s=0,Random 30% #50,1028,-0.0149638584774062,0.039007743145435,0.022143952292791,-0.0539716016228413,-0.0371078107701973,False,False,False,,64,0,8833
w=64 s=1,All Patients,3429,0.0078818040435458,0.054178361719426,0.0339136568898335,-0.0462965576758802,-0.0260318528462876,False,False,False,,64,1,8833
w=64 s=1,ICUType 1.0,490,0.0294939989088925,0.0645573114890917,0.0287968445168262,-0.0350633125801991,0.0006971543920662,False,True,True,,64,1,8833
w=64 s=1,ICUType 2.0,643,-0.000975689080413,0.0268328815988561,-0.0110120055302295,-0.0278085706792691,0.0100363164498164,True,True,True,,64,1,8833
w=64 s=1,ICUType 3.0,1357,-0.0217764843549488,0.0393194993112291,0.0164209643355666,-0.0610959836661779,-0.0381974486905154,False,False,False,,64,1,8833
w=64 s=1,ICUType 4.0,939,0.0202084035501629,0.0660605497278002,-0.0140592837084807,-0.0458521461776373,0.0342676872586436,True,True,True,,64,1,8833
w=64 s=1,Age decile 0,374,0.046026807780653,0.048279091858499,-0.0155941448810009,-0.002252284077846,0.061620952661654,True,True,True,,64,1,8833
w=64 s=1,Age decile 1,344,0.0273634472301562,0.0474501541695449,-0.0352962570739905,-0.0200867069393887,0.0626597043041467,True,True,True,,64,1,8833
w=64 s=1,Age decile 2,347,0.0042864169770219,0.020091129171529,-0.0023190107305395,-0.015804712194507,0.0066054277075615,True,True,True,,64,1,8833
w=64 s=1,Age decile 3,325,0.0096292729898892,0.0798375930619568,-0.029157597420843,-0.0702083200720675,0.0387868704107323,True,True,True,,64,1,8833
w=64 s=1,Age decile 4,372,-0.0152359717577108,0.0475686695654938,-0.0470232112563381,-0.0628046413232047,0.0317872394986272,True,True,True,,64,1,8833
w=64 s=1,Age decile 5,344,-0.0250497851378262,0.0216894494279572,-0.0370080709609116,-0.0467392345657835,0.0119582858230854,True,True,True,,64,1,8833
w=64 s=1,Age decile 6,397,-0.0004719207173194,0.0419194748172955,-0.0691044144180969,-0.042391395534615,0.0686324937007774,True,True,True,,64,1,8833
w=64 s=1,Age decile 7,247,0.0173747705218987,0.0806251834936751,0.0025292139758433,-0.0632504129717763,0.0148455565460554,False,True,True,,64,1,8833
w=64 s=1,Age decile 8,354,-0.0216450216450216,0.0419505310422717,-0.0371337933233799,-0.0635955526872933,0.0154887716783582,True,True,True,,64,1,8833
w=64 s=1,Age decile 9,325,-0.0771864301276066,0.0616648061848637,0.0263318403879904,-0.1388512363124704,-0.103518270515597,False,False,False,,64,1,8833
w=64 s=1,HR quartile 0,877,0.0371049136786188,0.0833660926210428,0.0342238510176767,-0.0462611789424239,0.002881062660942,False,True,True,,64,1,8833
w=64 s=1,HR quartile 1,917,-0.0169849537037037,0.0219601711631678,-0.0260893264849159,-0.0389451248668715,0.0091043727812122,True,True,True,,64,1,8833
w=64 s=1,HR quartile 2,816,0.034861311019492,0.0612632973704606,0.0037931636658878,-0.0264019863509685,0.0310681473536042,False,True,True,,64,1,8833
w=64 s=1,HR quartile 3,819,-0.0232600311906863,0.0522361730775592,0.0250476473337047,-0.0754962042682455,-0.048307678524391,False,False,False,,64,1,8833
w=64 s=1,MAP quartile 0,877,-0.0141240285818599,0.0315113565253263,0.0270611296980131,-0.0456353851071862,-0.041185158279873,False,False,False,,64,1,8833
w=64 s=1,MAP quartile 1,840,0.02392179413456,0.0386185951047029,0.020458066738496,-0.0146968009701428,0.003463727396064,False,True,True,,64,1,8833
w=64 s=1,MAP quartile 2,866,0.0104058609958506,0.0552922147025934,-0.0212816359818157,-0.0448863537067428,0.0316874969776663,True,True,True,,64,1,8833
w=64 s=1,MAP quartile 3,846,0.0090927756430939,0.081879944836173,-0.0169629346737319,-0.0727871691930791,0.0260557103168258,True,True,True,,64,1,8833
w=64 s=1,Temp quartile 0,902,0.0068727157158747,0.0434994577359325,-0.016096159476611,-0.0366267420200577,0.0229688751924858,True,True,True,,64,1,8833
w=64 s=1,Temp quartile 1,864,0.0305627470437901,0.0675762327108048,-0.0292762199291173,-0.0370134856670146,0.0598389669729075,True,True,True,,64,1,8833
w=64 s=1,Temp quartile 2,838,-0.0036346905912123,0.054610069232162,0.039057037058215,-0.0582447598233744,-0.0426917276494274,False,False,False,,64,1,8833
w=64 s=1,Temp quartile 3,825,-0.0023612750885478,0.0457156618019637,-0.0125138298399585,-0.0480769368905115,0.0101525547514107,True,True,True,,64,1,8833
w=64 s=1,Urine quartile 0,859,-0.0313289760348584,0.0263596701681188,-0.0104096389764294,-0.0576886462029772,-0.0209193370584289,True,False,True,,64,1,8833
w=64 s=1,Urine quartile 1,913,-0.0210526315789473,0.0054897138326451,-0.0395654221216501,-0.0265423454115925,0.0185127905427027,True,True,True,,64,1,8833
w=64 s=1,Urine quartile 2,802,0.0149901230333403,0.0625749113858167,-0.0160172051818517,-0.0475847883524763,0.031007328215192,True,True,True,,64,1,8833
w=64 s=1,Urine quartile 3,855,0.0601118199903958,0.0709026085334758,-0.0168334784016513,-0.0107907885430799,0.0769452983920471,True,True,True,,64,1,8833
w=64 s=1,SAPS quartile 0,1025,0.0026756349262149,0.0333844974700423,-0.0231821223129404,-0.0307088625438273,0.0258577572391554,True,True,True,,64,1,8833
w=64 s=1,SAPS quartile 1,946,0.0452124666297511,0.0641849732494336,-0.0127010217789497,-0.0189725066196824,0.0579134884087009,True,True,True,,64,1,8833
w=64 s=1,SAPS quartile 2,660,0.0015384615384615,0.0248302127888171,-0.006990183905929,-0.0232917512503555,0.0085286454443906,True,True,True,,64,1,8833
w=64 s=1,SAPS quartile 3,798,-0.0389986891196934,0.0638411422463524,0.0117038800599638,-0.1028398313660458,-0.0507025691796573,False,False,False,,64,1,8833
w=64 s=1,HR > 100,945,-0.0351262896411669,0.0759679842831987,0.0200367870896957,-0.1110942739243657,-0.0551630767308627,False,False,False,,64,1,8833
w=64 s=1,MAP < 65,697,-0.0279136809159047,0.0320965412757401,0.0082955133369347,-0.0600102221916449,-0.0362091942528395,False,False,False,,64,1,8833
w=64 s=1,Temp > 38C,267,-0.0430204913392958,0.031043127307579,-0.0097353354567409,-0.0740636186468748,-0.0332851558825548,True,False,True,,64,1,8833
w=64 s=1,Urine > 1000,210,0.0458952811893988,0.070707999652433,-0.0393530386724109,-0.0248127184630341,0.0852483198618097,True,True,True,,64,1,8833
w=64 s=1,Random 50% #1,1714,0.0148182289884191,0.0285090021972007,-0.0129800123552365,-0.0136907732087815,0.0277982413436557,True,True,True,,64,1,8833
w=64 s=1,Random 50% #2,1714,0.0038708396744524,0.0352108697232727,0.0103253143887412,-0.0313400300488202,-0.0064544747142888,False,False,False,,64,1,8833
w=64 s=1,Random 50% #3,1714,0.0221853388658367,0.0406305244998393,0.0056065267037138,-0.0184451856340025,0.0165788121621228,False,True,True,,64,1,8833
w=64 s=1,Random 50% #4,1714,0.0209444740819774,0.0500533156597386,0.0203458094985617,-0.0291088415777612,0.0005986645834156,False,True,True,,64,1,8833
w=64 s=1,Random 50% #5,1714,0.025145147627017,0.0424251608519432,0.004458631846959,-0.0172800132249261,0.020686515780058,False,True,True,,64,1,8833
w=64 s=1,Random 50% #6,1714,-0.0032358828377694,0.0553566374137544,0.0066542910690838,-0.0585925202515239,-0.0098901739068533,False,False,False,,64,1,8833
w=64 s=1,Random 50% #7,1714,0.0203886964648963,0.0480620581379093,0.031211045344575,-0.027673361673013,-0.0108223488796787,False,False,False,,64,1,8833
w=64 s=1,Random 50% #8,1714,-0.0080211409064465,0.0567419327841396,0.0204836993647494,-0.0647630736905862,-0.0285048402711959,False,False,False,,64,1,8833
w=64 s=1,Random 50% #9,1714,-0.0018808498325041,0.0617969769759077,0.0058679214739925,-0.0636778268084119,-0.0077487713064967,False,False,False,,64,1,8833
w=64 s=1,Random 50% #10,1714,0.0032849222618878,0.044720246702113,-0.0183681658724891,-0.0414353244402252,0.021653088134377,True,True,True,,64,1,8833
w=64 s=1,Random 50% #11,1714,0.0064028840624585,0.0443204476049179,0.0032386108562122,-0.0379175635424594,0.0031642732062462,False,True,True,,64,1,8833
w=64 s=1,Random 50% #12,1714,-0.0033234372422892,0.036486563846081,0.0051942881928311,-0.0398100010883703,-0.0085177254351204,False,False,False,,64,1,8833
w=64 s=1,Random 50% #13,1714,0.0032517955657333,0.0278047956813626,-0.0041450535050121,-0.0245530001156293,0.0073968490707455,True,True,True,,64,1,8833
w=64 s=1,Random 50% #14,1714,0.0062157191184681,0.0682476597767055,0.0124786160638539,-0.0620319406582374,-0.0062628969453857,False,False,False,,64,1,8833
w=64 s=1,Random 50% #15,1714,0.0026854501430772,0.0415634440150282,0.0205145372109121,-0.038877993871951,-0.0178290870678349,False,False,False,,64,1,8833
w=64 s=1,Random 50% #16,1714,0.0188052608311229,0.0483411056693073,0.0309919584511077,-0.0295358448381844,-0.0121866976199848,False,False,False,,64,1,8833
w=64 s=1,Random 50% #17,1714,0.0073507410721795,0.0253528119275125,-0.0044339680176896,-0.0180020708553329,0.0117847090898692,True,True,True,,64,1,8833
w=64 s=1,Random 50% #18,1714,0.0251803786741562,0.0477122567320894,-0.0137678368730334,-0.0225318780579331,0.0389482155471897,True,True,True,,64,1,8833
w=64 s=1,Random 50% #19,1714,0.0087463233253787,0.0193662876368804,-0.0124308597751317,-0.0106199643115017,0.0211771831005105,True,True,True,,64,1,8833
w=64 s=1,Random 50% #20,1714,0.0239488541873964,0.0534719115561597,0.0576118392531428,-0.0295230573687633,-0.0336629850657464,False,False,False,,64,1,8833
w=64 s=1,Random 50% #21,1714,0.0016605879752431,0.0372561294369185,0.0159342446163455,-0.0355955414616754,-0.0142736566411024,False,False,False,,64,1,8833
w=64 s=1,Random 50% #22,1714,0.0178287222426975,-0.0001614819268147,0.0323763408932575,0.0179902041695122,-0.0145476186505599,True,True,True,,64,1,8833
w=64 s=1,Random 50% #23,1714,-0.0051929851771431,0.0504663206557445,0.0174626093527713,-0.0556593058328876,-0.0226555945299144,False,False,False,,64,1,8833
w=64 s=1,Random 50% #24,1714,0.0201698382197979,0.0215358125338691,0.0133939413507159,-0.0013659743140712,0.006775896869082,False,True,True,,64,1,8833
w=64 s=1,Random 50% #25,1714,0.0024135223603308,0.0423097691072781,0.0123380480165816,-0.0398962467469473,-0.0099245256562508,False,False,False,,64,1,8833
w=64 s=1,Random 50% #26,1714,-0.0063986093578627,0.0590708232191136,0.0097178604480303,-0.0654694325769763,-0.016116469805893,False,False,False,,64,1,8833
w=64 s=1,Random 50% #27,1714,-0.0048317683881064,0.0497927086100203,-0.012177582701055,-0.0546244769981267,0.0073458143129486,True,True,True,,64,1,8833
w=64 s=1,Random 50% #28,1714,0.0098094573797898,0.0385021551124738,0.0118927721071732,-0.0286926977326839,-0.0020833147273833,False,False,False,,64,1,8833
w=64 s=1,Random 50% #29,1714,0.0125552608311229,0.0193228272685893,-0.00765606887569,-0.0067675664374663,0.0202113297068129,True,True,True,,64,1,8833
w=64 s=1,Random 50% #30,1714,0.0022139615866539,0.0373430443272331,0.0572749292429939,-0.0351290827405792,-0.05506096765634,False,False,False,,64,1,8833
w=64 s=1,Random 50% #31,1714,0.0081502190717898,0.0428209193927922,-0.0177124200171326,-0.0346707003210024,0.0258626390889225,True,True,True,,64,1,8833
w=64 s=1,Random 50% #32,1714,-0.0092920029904661,0.0415105874469678,0.0153240602242474,-0.050802590437434,-0.0246160632147136,False,False,False,,64,1,8833
w=64 s=1,Random 50% #33,1714,-0.002514181228832,0.0523491992027198,0.007782193847027,-0.0548633804315519,-0.010296375075859,False,False,False,,64,1,8833
w=64 s=1,Random 50% #34,1714,0.0070180513371488,0.0383359905868695,0.0059841764511866,-0.0313179392497206,0.0010338748859621,False,True,True,,64,1,8833
w=64 s=1,Random 50% #35,1714,0.0093248828878478,0.070176954809293,0.0083726240474948,-0.0608520719214451,0.000952258840353,False,True,True,,64,1,8833
w=64 s=1,Random 50% #36,1714,0.016912667846362,0.0488417914555553,0.0218107322107055,-0.0319291236091933,-0.0048980643643435,False,False,False,,64,1,8833
w=64 s=1,Random 50% #37,1714,0.0036653828805384,0.0495802157110183,-0.0036001228451518,-0.0459148328304798,0.0072655057256903,True,True,True,,64,1,8833
w=64 s=1,Random 50% #38,1714,0.0021576191788371,0.0452526203615847,-0.0058554106227216,-0.0430950011827476,0.0080130298015587,True,True,True,,64,1,8833
w=64 s=1,Random 50% #39,1714,0.0170086158804934,0.0547172113161158,0.0140779987727192,-0.0377085954356224,0.0029306171077742,False,True,True,,64,1,8833
w=64 s=1,Random 50% #40,1714,0.018520937100027,0.0429212603775848,0.0173546695904618,-0.0244003232775577,0.0011662675095652,False,True,True,,64,1,8833
w=64 s=1,Random 50% #41,1714,0.0027199322354597,0.040453963351685,-0.0092628297441126,-0.0377340311162253,0.0119827619795724,True,True,True,,64,1,8833
w=64 s=1,Random 50% #42,1714,0.0178900300253214,0.0678767705955358,-0.0353975871026067,-0.0499867405702144,0.0532876171279281,True,True,True,,64,1,8833
w=64 s=1,Random 50% #43,1714,0.0169958506224066,0.0361499897044154,-0.0057572228672974,-0.0191541390820088,0.0227530734897041,True,True,True,,64,1,8833
w=64 s=1,Random 50% #44,1714,-0.0080414937759336,0.0480800252473062,0.0064101354812528,-0.0561215190232398,-0.0144516292571864,False,False,False,,64,1,8833
w=64 s=1,Random 50% #45,1714,-0.0006684003732017,0.03288729634827,-0.0070602267286092,-0.0335556967214717,0.0063918263554075,True,True,True,,64,1,8833
w=64 s=1,Random 50% #46,1714,-0.0127567411871579,0.0422517315313528,-0.0281701694512004,-0.0550084727185108,0.0154134282640425,True,True,True,,64,1,8833
w=64 s=1,Random 50% #47,1714,-0.0023071888899981,0.0303236335361604,0.0641675969975382,-0.0326308224261585,-0.0664747858875363,False,False,False,,64,1,8833
w=64 s=1,Random 50% #48,1714,0.0007707867678387,0.0382640973930793,-0.0245791524282909,-0.0374933106252406,0.0253499391961297,True,True,True,,64,1,8833
w=64 s=1,Random 50% #49,1714,-0.0052585890287469,0.0376446033182149,0.0051485868719321,-0.0429031923469618,-0.010407175900679,False,False,False,,64,1,8833
w=64 s=1,Random 50% #50,1714,-0.009935439192208,0.0320052858915098,-0.0183109321181851,-0.0419407250837178,0.0083754929259771,True,True,True,,64,1,8833
w=64 s=1,Random 30% #1,1028,0.0177032019704433,0.0536800361721728,0.0349531036499899,-0.0359768342017294,-0.0172499016795465,False,False,False,,64,1,8833
w=64 s=1,Random 30% #2,1028,-0.0188812287552644,0.0394108183621462,0.0125353665106461,-0.0582920471174107,-0.0314165952659105,False,False,False,,64,1,8833
w=64 s=1,Random 30% #3,1028,-0.0136963318843895,-0.0044193164888632,-0.0047045542359563,-0.0092770153955262,-0.0089917776484331,False,False,False,,64,1,8833
w=64 s=1,Random 30% #4,1028,0.012612065619632,0.0342450669976005,-0.015603674725663,-0.0216330013779684,0.028215740345295,True,True,True,,64,1,8833
w=64 s=1,Random 30% #5,1028,0.012955140579904,0.059580762003356,0.0191699053894167,-0.046625621423452,-0.0062147648095127,False,False,False,,64,1,8833
w=64 s=1,Random 30% #6,1028,0.011061887501678,0.0507014848902384,0.0107391562289679,-0.0396395973885603,0.0003227312727101,False,True,True,,64,1,8833
w=64 s=1,Random 30% #7,1028,-0.0019795447047178,0.0488102150175491,0.0128032662971632,-0.050789759722267,-0.0147828110018811,False,False,False,,64,1,8833
w=64 s=1,Random 30% #8,1028,-0.0013757582957458,0.0355375220783629,0.0373423515216542,-0.0369132803741087,-0.0387181098174001,False,False,False,,64,1,8833
w=64 s=1,Random 30% #9,1028,0.0167924069116573,0.0499574631633185,-0.0013739469171657,-0.0331650562516611,0.018166353828823,True,True,True,,64,1,8833
w=64 s=1,Random 30% #10,1028,0.0218614718614718,0.0435778090605404,-0.0218239811091354,-0.0217163371990685,0.0436854529706073,True,True,True,,64,1,8833
w=64 s=1,Random 30% #11,1028,0.0036992125742528,0.0356573125947432,-0.0035000965403901,-0.0319581000204903,0.007199309114643,True,True,True,,64,1,8833
w=64 s=1,Random 30% #12,1028,-0.0176439165409753,0.055163532151221,-0.0234818412984178,-0.0728074486921964,0.0058379247574424,True,True,True,,64,1,8833
w=64 s=1,Random 30% #13,1028,0.0061871080085679,0.0661484938914697,0.0078669031641938,-0.0599613858829018,-0.0016797951556259,False,False,False,,64,1,8833
w=64 s=1,Random 30% #14,1028,-0.0024039572835282,0.0460553638465894,0.0041081953586116,-0.0484593211301177,-0.0065121526421399,False,False,False,,64,1,8833
w=64 s=1,Random 30% #15,1028,-0.0014797507788162,0.0657686431180479,0.0024398327237556,-0.0672483938968642,-0.0039195835025718,False,False,False,,64,1,8833
w=64 s=1,Random 30% #16,1028,0.006823838043474,0.0454795351914584,-0.0334880336594486,-0.0386556971479844,0.0403118717029227,True,True,True,,64,1,8833
w=64 s=1,Random 30% #17,1028,0.0030261642698374,0.0513475618747307,0.0043045233594422,-0.0483213976048933,-0.0012783590896047,False,False,False,,64,1,8833
w=64 s=1,Random 30% #18,1028,0.008237689744539,0.0564128808485938,-0.0027494513603449,-0.0481751911040547,0.0109871411048839,True,True,True,,64,1,8833
w=64 s=1,Random 30% #19,1028,0.0066883064376393,0.0309830889699855,-0.0040224153290487,-0.0242947825323462,0.010710721766688,True,True,True,,64,1,8833
w=64 s=1,Random 30% #20,1028,-0.0099963316214233,0.0507090585168518,0.0127974494015742,-0.0607053901382751,-0.0227937810229976,False,False,False,,64,1,8833
w=64 s=1,Random 30% #21,1028,0.002277451699682,0.04626052117832,-0.0430676449592053,-0.0439830694786379,0.0453450966588873,True,True,True,,64,1,8833
w=64 s=1,Random 30% #22,1028,0.0271739130434782,0.0287248675139594,0.0101418953810978,-0.0015509544704811,0.0170320176623804,False,True,True,,64,1,8833
w=64 s=1,Random 30% #23,1028,0.0053719593676173,0.0788754724808092,0.0297187342989471,-0.0735035131131918,-0.0243467749313297,False,False,False,,64,1,8833
w=64 s=1,Random 30% #24,1028,0.0374355138753044,0.0544215230214084,-0.0033918882626094,-0.0169860091461039,0.0408274021379139,True,True,True,,64,1,8833
w=64 s=1,Random 30% #25,1028,0.0207335170659317,0.0533227695023089,0.0038377818132736,-0.0325892524363772,0.0168957352526581,False,True,True,,64,1,8833
w=64 s=1,Random 30% #26,1028,0.000322640117994,0.0449191857899941,-0.0002468110480011,-0.044596545672,0.0005694511659952,True,True,True,,64,1,8833
w=64 s=1,Random 30% #27,1028,-0.0133699862551543,0.0394144287550932,-0.0257435152118228,-0.0527844150102476,0.0123735289566685,True,True,True,,64,1,8833
w=64 s=1,Random 30% #28,1028,0.0048546691403834,0.0691979504832619,-0.0027703203599332,-0.0643432813428785,0.0076249895003167,True,True,True,,64,1,8833
w=64 s=1,Random 30% #29,1028,0.0132264436461088,0.0704832662954441,0.0036015875509518,-0.0572568226493352,0.009624856095157,False,True,True,,64,1,8833
w=64 s=1,Random 30% #30,1028,0.0073191060456281,0.040771925328358,-0.0303534361574903,-0.0334528192827299,0.0376725422031184,True,True,True,,64,1,8833
w=64 s=1,Random 30% #31,1028,0.0186572318838355,0.0523907172777374,0.0639080500264906,-0.0337334853939019,-0.0452508181426551,False,False,False,,64,1,8833
w=64 s=1,Random 30% #32,1028,0.0146773132638857,0.0539182758193718,0.0005910187557222,-0.0392409625554861,0.0140862945081634,False,True,True,,64,1,8833
w=64 s=1,Random 30% #33,1028,0.0107989019115876,0.0427627902511263,0.0167815418750792,-0.0319638883395386,-0.0059826399634916,False,False,False,,64,1,8833
w=64 s=1,Random 30% #34,1028,0.0036708111308466,0.0417908301071947,-0.0128151018037198,-0.038120018976348,0.0164859129345665,True,True,True,,64,1,8833
w=64 s=1,Random 30% #35,1028,-0.0021279853031231,0.0384874127263772,0.0034510772264436,-0.0406153980295003,-0.0055790625295668,False,False,False,,64,1,8833
w=64 s=1,Random 30% #36,1028,-0.0048226599270606,0.0551811617948742,6.151212342953016e-05,-0.0600038217219348,-0.0048841720504901,False,False,False,,64,1,8833
w=64 s=1,Random 30% #37,1028,-0.0037446257685728,0.0107404641090295,0.0448257937333002,-0.0144850898776024,-0.0485704195018731,False,False,False,,64,1,8833
w=64 s=1,Random 30% #38,1028,0.0108722741433021,0.0248326855487266,0.0298917241594819,-0.0139604114054245,-0.0190194500161797,False,False,False,,64,1,8833
w=64 s=1,Random 30% #39,1028,0.0380230468256006,0.0713390379351035,0.0184207411247573,-0.0333159911095028,0.0196023057008432,False,True,True,,64,1,8833
w=64 s=1,Random 30% #40,1028,-0.0156995008383602,0.0592816144957021,0.003560150575768,-0.0749811153340623,-0.0192596514141283,False,False,False,,64,1,8833
w=64 s=1,Random 30% #41,1028,0.0003191021554961,0.0512777720012956,0.0095485773392555,-0.0509586698457994,-0.0092294751837594,False,False,False,,64,1,8833
w=64 s=1,Random 30% #42,1028,0.0039796984507742,0.017430247201623,0.0318110740543626,-0.0134505487508488,-0.0278313756035884,False,False,False,,64,1,8833
w=64 s=1,Random 30% #43,1028,0.0320665445665445,0.0497639743281784,0.0139998586618675,-0.0176974297616338,0.0180666859046769,False,True,True,,64,1,8833
w=64 s=1,Random 30% #44,1028,0.014617494198646,0.0401154672919307,-0.0052390972875856,-0.0254979730932847,0.0198565914862316,True,True,True,,64,1,8833
w=64 s=1,Random 30% #45,1028,-0.010677190889205,0.0597155949165192,-0.0138326584401466,-0.0703927858057242,0.0031554675509416,True,True,True,,64,1,8833
w=64 s=1,Random 30% #46,1028,-0.0211341559464426,0.0330037229941471,-0.0225127991482837,-0.0541378789405898,0.001378643201841,True,True,True,,64,1,8833
w=64 s=1,Random 30% #47,1028,0.0021068472535741,0.0740003719627547,-0.0122080483870734,-0.0718935247091805,0.0143148956406476,True,True,True,,64,1,8833
w=64 s=1,Random 30% #48,1028,0.0099373113536103,0.0461595608293189,-0.0084281188270691,-0.0362222494757085,0.0183654301806795,True,True,True,,64,1,8833
w=64 s=1,Random 30% #49,1028,-0.0033935788911766,0.0545191004061534,0.0043356660216263,-0.0579126792973301,-0.0077292449128029,False,False,False,,64,1,8833
w=64 s=1,Random 30% #50,1028,-0.0149638584774062,0.0404945337522784,0.0282254879323867,-0.0554583922296847,-0.0431893464097929,False,False,False,,64,1,8833
w=64 s=2,All Patients,3429,0.0078818040435458,0.0530479328989506,-0.0450776730493932,-0.0451661288554048,0.052959477092939,True,True,True,,64,2,8833
w=64 s=2,ICUType 1.0,490,0.0294939989088925,0.0586496454481292,0.0038164597479209,-0.0291556465392366,0.0256775391609715,False,True,True,,64,2,8833
w=64 s=2,ICUType 2.0,643,-0.000975689080413,0.0290110368470507,-0.0124585851340673,-0.0299867259274637,0.0114828960536542,True,True,True,,64,2,8833
w=64 s=2,ICUType 3.0,1357,-0.0217764843549488,0.0311258738113653,-0.0197506951155888,-0.0529023581663142,-0.0020257892393599,True,False,True,,64,2,8833
w=64 s=2,ICUType 4.0,939,0.0202084035501629,0.0710446761963408,-0.0033186866243859,-0.0508362726461779,0.0235270901745488,True,True,True,,64,2,8833
w=64 s=2,Age decile 0,374,0.046026807780653,0.0575880923616061,-0.0238074419819696,-0.0115612845809531,0.0698342497626227,True,True,True,,64,2,8833
w=64 s=2,Age decile 1,344,0.0273634472301562,0.058875640024208,-0.0160687165178732,-0.0315121927940518,0.0434321637480294,True,True,True,,64,2,8833
w=64 s=2,Age decile 2,347,0.0042864169770219,0.0224023937626317,0.0059398509736017,-0.0181159767856097,-0.0016534339965797,False,False,False,,64,2,8833
w=64 s=2,Age decile 3,325,0.0096292729898892,0.0533827444876245,0.0036878016965012,-0.0437534714977353,0.005941471293388,False,True,True,,64,2,8833
w=64 s=2,Age decile 4,372,-0.0152359717577108,0.0380127408823946,-0.0408965418315949,-0.0532487126401055,0.0256605700738841,True,True,True,,64,2,8833
w=64 s=2,Age decile 5,344,-0.0250497851378262,0.0393561895228849,0.0513192684518523,-0.0644059746607111,-0.0763690535896785,False,False,False,,64,2,8833
w=64 s=2,Age decile 6,397,-0.0004719207173194,0.0511595518570872,-0.054404106583025,-0.0516314725744067,0.0539321858657055,True,True,True,,64,2,8833
w=64 s=2,Age decile 7,247,0.0173747705218987,0.0703551974885397,0.0212856049553873,-0.052980426966641,-0.0039108344334885,False,False,False,,64,2,8833
w=64 s=2,Age decile 8,354,-0.0216450216450216,0.0467239388223436,-0.0315278002586877,-0.0683689604673652,0.009882778613666,True,True,True,,64,2,8833
w=64 s=2,Age decile 9,325,-0.0771864301276066,0.0926977938559118,0.0426584519252579,-0.1698842239835185,-0.1198448820528645,False,False,False,,64,2,8833
w=64 s=2,HR quartile 0,877,0.0371049136786188,0.0775780317160421,0.0054821154818384,-0.0404731180374232,0.0316227981967803,False,True,True,,64,2,8833
w=64 s=2,HR quartile 1,917,-0.0169849537037037,0.0019142183772037,-0.0199418964158519,-0.0188991720809074,0.0029569427121482,True,True,True,,64,2,8833
w=64 s=2,HR quartile 2,816,0.034861311019492,0.0499562750043489,-0.0113105926810854,-0.0150949639848569,0.0461719037005775,True,True,True,,64,2,8833
w=64 s=2,HR quartile 3,819,-0.0232600311906863,0.0406901145515691,-0.0182224286417939,-0.0639501457422554,-0.0050376025488923,True,False,True,,64,2,8833
w=64 s=2,MAP quartile 0,877,-0.0141240285818599,0.0626104831419351,0.0176852113224423,-0.076734511723795,-0.0318092399043022,False,False,False,,64,2,8833
w=64 s=2,MAP quartile 1,840,0.02392179413456,0.0299697713408693,0.0046016572623777,-0.0060479772063092,0.0193201368721823,False,True,True,,64,2,8833
w=64 s=2,MAP quartile 2,866,0.0104058609958506,0.0324624140698305,-0.0253172503930672,-0.0220565530739799,0.0357231113889178,True,True,True,,64,2,8833
w=64 s=2,MAP quartile 3,846,0.0090927756430939,0.074179323709751,-0.0267592535810154,-0.0650865480666571,0.0358520292241093,True,True,True,,64,2,8833
w=64 s=2,Temp quartile 0,902,0.0068727157158747,0.012481219075549,-0.0059751899021073,-0.0056085033596742,0.0128479056179821,True,True,True,,64,2,8833
w=64 s=2,Temp quartile 1,864,0.0305627470437901,0.0647728866921171,-0.038000318043085,-0.0342101396483269,0.0685630650868751,True,True,True,,64,2,8833
w=64 s=2,Temp quartile 2,838,-0.0036346905912123,0.066390866542588,0.0181397701671225,-0.0700255571338004,-0.0217744607583348,False,False,False,,64,2,8833
w=64 s=2,Temp quartile 3,825,-0.0023612750885478,0.0566939996195906,-0.0077842877457003,-0.0590552747081384,0.0054230126571525,True,True,True,,64,2,8833
w=64 s=2,Urine quartile 0,859,-0.0313289760348584,0.0164485888726079,-0.0047795135521889,-0.0477775649074663,-0.0265494624826694,True,False,True,,64,2,8833
w=64 s=2,Urine quartile 1,913,-0.0210526315789473,0.046816552152302,-0.0334671646945211,-0.0678691837312494,0.0124145331155737,True,True,True,,64,2,8833
w=64 s=2,Urine quartile 2,802,0.0149901230333403,0.0323140289993383,-0.0131563096994875,-0.0173239059659979,0.0281464327328279,True,True,True,,64,2,8833
w=64 s=2,Urine quartile 3,855,0.0601118199903958,0.0676294916120792,-0.0219627562760407,-0.0075176716216834,0.0820745762664365,True,True,True,,64,2,8833
w=64 s=2,SAPS quartile 0,1025,0.0026756349262149,0.0381042881424803,-0.0189892829087141,-0.0354286532162654,0.021664917834929,True,True,True,,64,2,8833
w=64 s=2,SAPS quartile 1,946,0.0452124666297511,0.0498721920706676,-0.0066003036166293,-0.0046597254409165,0.0518127702463805,True,True,True,,64,2,8833
w=64 s=2,SAPS quartile 2,660,0.0015384615384615,0.0318647282738726,0.0253708440666257,-0.030326266735411,-0.0238323825281642,False,False,False,,64,2,8833
w=64 s=2,SAPS quartile 3,798,-0.0389986891196934,0.0275939027433501,0.0225467094280401,-0.0665925918630435,-0.0615453985477335,False,False,False,,64,2,8833
w=64 s=2,HR > 100,945,-0.0351262896411669,0.0305247622355711,-0.0212205054735502,-0.0656510518767381,-0.0139057841676167,True,False,True,,64,2,8833
w=64 s=2,MAP < 65,697,-0.0279136809159047,0.0230968284012919,0.0254313523731998,-0.0510105093171967,-0.0533450332891046,False,False,False,,64,2,8833
w=64 s=2,Temp > 38C,267,-0.0430204913392958,0.0237136455278889,-0.0177082098857738,-0.0667341368671847,-0.0253122814535219,True,False,True,,64,2,8833
w=64 s=2,Urine > 1000,210,0.0458952811893988,0.0693968660288778,-0.0386393742276807,-0.023501584839479,0.0845346554170795,True,True,True,,64,2,8833
w=64 s=2,Random 50% #1,1714,0.0148182289884191,0.034540615063041,-0.0183233335036261,-0.0197223860746218,0.0331415624920453,True,True,True,,64,2,8833
w=64 s=2,Random 50% #2,1714,0.0038708396744524,0.0306891619706421,-0.0052273045378525,-0.0268183222961896,0.009098144212305,True,True,True,,64,2,8833
w=64 s=2,Random 50% #3,1714,0.0221853388658367,0.0504418243491889,-0.0004631658159984,-0.0282564854833521,0.0226485046818352,True,True,True,,64,2,8833
w=64 s=2,Random 50% #4,1714,0.0209444740819774,0.0443076255919435,-0.0152416161730908,-0.0233631515099661,0.0361860902550682,True,True,True,,64,2,8833
w=64 s=2,Random 50% #5,1714,0.025145147627017,0.0298457956022387,-0.0052871881793677,-0.0047006479752216,0.0304323358063847,True,True,True,,64,2,8833
w=64 s=2,Random 50% #6,1714,-0.0032358828377694,0.0557498586068481,0.0252636154118261,-0.0589857414446176,-0.0284994982495956,False,False,False,,64,2,8833
w=64 s=2,Random 50% #7,1714,0.0203886964648963,0.0609313808734112,0.0198106698173313,-0.0405426844085148,0.000578026647565,False,True,True,,64,2,8833
w=64 s=2,Random 50% #8,1714,-0.0080211409064465,0.0410794141245413,0.0031100276919136,-0.0491005550309879,-0.0111311685983602,False,False,False,,64,2,8833
w=64 s=2,Random 50% #9,1714,-0.0018808498325041,0.070845492831979,0.0216141356479839,-0.0727263426644832,-0.0234949854804881,False,False,False,,64,2,8833
w=64 s=2,Random 50% #10,1714,0.0032849222618878,0.0349741740043402,-0.0129573750724509,-0.0316892517424523,0.0162422973343387,True,True,True,,64,2,8833
w=64 s=2,Random 50% #11,1714,0.0064028840624585,0.0323623694752297,-0.0117713377179892,-0.0259594854127712,0.0181742217804478,True,True,True,,64,2,8833
w=64 s=2,Random 50% #12,1714,-0.0033234372422892,0.0441877826046656,-0.0235252884944853,-0.0475112198469548,0.020201851252196,True,True,True,,64,2,8833
w=64 s=2,Random 50% #13,1714,0.0032517955657333,0.0443434449168659,0.0164371371310463,-0.0410916493511325,-0.013185341565313,False,False,False,,64,2,8833
w=64 s=2,Random 50% #14,1714,0.0062157191184681,0.0596683507781952,-0.0078577205066907,-0.0534526316597271,0.0140734396251589,True,True,True,,64,2,8833
w=64 s=2,Random 50% #15,1714,0.0026854501430772,0.0254724485324022,0.0079173343069732,-0.022786998389325,-0.005231884163896,False,False,False,,64,2,8833
w=64 s=2,Random 50% #16,1714,0.0188052608311229,0.0538876178698582,-0.0005323433103807,-0.0350823570387353,0.0193376041415036,True,True,True,,64,2,8833
w=64 s=2,Random 50% #17,1714,0.0073507410721795,0.0134491149615918,-0.0105241897871149,-0.0060983738894122,0.0178749308592944,True,True,True,,64,2,8833
w=64 s=2,Random 50% #18,1714,0.0251803786741562,0.0684088120434421,0.0154938997439665,-0.0432284333692859,0.0096864789301896,False,True,True,,64,2,8833
w=64 s=2,Random 50% #19,1714,0.0087463233253787,0.0276085824569689,-0.035571220704158,-0.0188622591315901,0.0443175440295368,True,True,True,,64,2,8833
w=64 s=2,Random 50% #20,1714,0.0239488541873964,0.0467318419035647,0.028206575965169,-0.0227829877161683,-0.0042577217777726,False,False,False,,64,2,8833
w=64 s=2,Random 50% #21,1714,0.0016605879752431,0.0275872419813143,0.0306828276724713,-0.0259266540060712,-0.0290222396972281,False,False,False,,64,2,8833
w=64 s=2,Random 50% #22,1714,0.0178287222426975,0.0445021971153993,0.0188129576670341,-0.0266734748727018,-0.0009842354243365,False,False,False,,64,2,8833
w=64 s=2,Random 50% #23,1714,-0.0051929851771431,0.0451730634807079,0.0143878359754796,-0.0503660486578511,-0.0195808211526227,False,False,False,,64,2,8833
w=64 s=2,Random 50% #24,1714,0.0201698382197979,0.0298672568037086,-0.0022191172440288,-0.0096974185839106,0.0223889554638267,True,True,True,,64,2,8833
w=64 s=2,Random 50% #25,1714,0.0024135223603308,0.0392955148204954,-0.0162443805385167,-0.0368819924601645,0.0186579028988476,True,True,True,,64,2,8833
w=64 s=2,Random 50% #26,1714,-0.0063986093578627,0.0592976148238423,0.0066148530553839,-0.065696224181705,-0.0130134624132466,False,False,False,,64,2,8833
w=64 s=2,Random 50% #27,1714,-0.0048317683881064,0.0514249969737948,-0.0134942455331053,-0.0562567653619012,0.0086624771449989,True,True,True,,64,2,8833
w=64 s=2,Random 50% #28,1714,0.0098094573797898,0.0399303123921355,-0.0177085776988596,-0.0301208550123456,0.0275180350786494,True,True,True,,64,2,8833
w=64 s=2,Random 50% #29,1714,0.0125552608311229,0.0270443468320567,0.0297124249480388,-0.0144890860009338,-0.0171571641169159,False,False,False,,64,2,8833
w=64 s=2,Random 50% #30,1714,0.0022139615866539,0.0557999285021373,0.0208021658255838,-0.0535859669154834,-0.0185882042389299,False,False,False,,64,2,8833
w=64 s=2,Random 50% #31,1714,0.0081502190717898,0.041557839558985,-0.0097640965454827,-0.0334076204871951,0.0179143156172725,True,True,True,,64,2,8833
w=64 s=2,Random 50% #32,1714,-0.0092920029904661,0.0261605154418576,0.0055888953067094,-0.0354525184323238,-0.0148808982971756,False,False,False,,64,2,8833
w=64 s=2,Random 50% #33,1714,-0.002514181228832,0.0577838745542011,0.0054518257128121,-0.0602980557830332,-0.0079660069416441,False,False,False,,64,2,8833
w=64 s=2,Random 50% #34,1714,0.0070180513371488,0.0382545920228818,0.0400980773305947,-0.031236540685733,-0.0330800259934458,False,False,False,,64,2,8833
w=64 s=2,Random 50% #35,1714,0.0093248828878478,0.0617246255246086,-0.0137585402266192,-0.0523997426367607,0.0230834231144671,True,True,True,,64,2,8833
w=64 s=2,Random 50% #36,1714,0.016912667846362,0.0380225768881501,0.0100253324340899,-0.021109909041788,0.0068873354122721,False,True,True,,64,2,8833
w=64 s=2,Random 50% #37,1714,0.0036653828805384,0.0589412297536256,-0.0283179601225082,-0.0552758468730871,0.0319833430030467,True,True,True,,64,2,8833
w=64 s=2,Random 50% #38,1714,0.0021576191788371,0.0297226365020999,-0.0250729402235187,-0.0275650173232628,0.0272305594023558,True,True,True,,64,2,8833
w=64 s=2,Random 50% #39,1714,0.0170086158804934,0.0314355719661373,0.0112051014982179,-0.0144269560856439,0.0058035143822754,False,True,True,,64,2,8833
w=64 s=2,Random 50% #40,1714,0.018520937100027,0.0392143362258983,0.0239887777005933,-0.0206933991258712,-0.0054678406005662,False,False,False,,64,2,8833
w=64 s=2,Random 50% #41,1714,0.0027199322354597,0.0424782894758701,-0.0335415403341276,-0.0397583572404104,0.0362614725695874,True,True,True,,64,2,8833
w=64 s=2,Random 50% #42,1714,0.0178900300253214,0.080045451544514,-0.0012247196764716,-0.0621554215191926,0.019114749701793,True,True,True,,64,2,8833
w=64 s=2,Random 50% #43,1714,0.0169958506224066,0.0386242531065451,-0.0171600300959544,-0.0216284024841385,0.034155880718361,True,True,True,,64,2,8833
w=64 s=2,Random 50% #44,1714,-0.0080414937759336,0.0531774721216284,0.0019005164744212,-0.061218965897562,-0.0099420102503549,False,False,False,,64,2,8833
w=64 s=2,Random 50% #45,1714,-0.0006684003732017,0.0426044757516671,-0.0037029971708747,-0.0432728761248688,0.003034596797673,True,True,True,,64,2,8833
w=64 s=2,Random 50% #46,1714,-0.0127567411871579,0.0419921916286262,-0.0118386158454812,-0.0547489328157842,-0.0009181253416767,True,False,True,,64,2,8833
w=64 s=2,Random 50% #47,1714,-0.0023071888899981,0.0508199883566314,0.0216242869162801,-0.0531271772466296,-0.0239314758062782,False,False,False,,64,2,8833
w=64 s=2,Random 50% #48,1714,0.0007707867678387,0.0529446731501566,0.00224262950548,-0.0521738863823178,-0.0014718427376413,False,False,False,,64,2,8833
w=64 s=2,Random 50% #49,1714,-0.0052585890287469,0.0369088539246418,0.0090509741725499,-0.0421674429533888,-0.0143095632012969,False,False,False,,64,2,8833
w=64 s=2,Random 50% #50,1714,-0.009935439192208,0.0406091135481111,-0.028369051334518,-0.0505445527403191,0.0184336121423099,True,True,True,,64,2,8833
w=64 s=2,Random 30% #1,1028,0.0177032019704433,0.0617815742720772,0.0151176308389072,-0.0440783723016338,0.0025855711315361,False,True,True,,64,2,8833
w=64 s=2,Random 30% #2,1028,-0.0188812287552644,0.0377026215185413,0.0023020175326947,-0.0565838502738058,-0.0211832462879592,False,False,False,,64,2,8833
w=64 s=2,Random 30% #3,1028,-0.0136963318843895,0.0144937138392361,-0.0131057415915326,-0.0281900457236256,-0.0005905902928569,True,False,True,,64,2,8833
w=64 s=2,Random 30% #4,1028,0.012612065619632,0.0455481236091522,-0.0062078365150775,-0.0329360579895202,0.0188199021347095,True,True,True,,64,2,8833
w=64 s=2,Random 30% #5,1028,0.012955140579904,0.0513762474019821,0.0112204022593146,-0.0384211068220781,0.0017347383205893,False,True,True,,64,2,8833
w=64 s=2,Random 30% #6,1028,0.011061887501678,0.0512185004899489,-0.012038569152713,-0.0401566129882708,0.0231004566543911,True,True,True,,64,2,8833
w=64 s=2,Random 30% #7,1028,-0.0019795447047178,0.0361839006912392,-0.026707334717986,-0.0381634453959571,0.0247277900132681,True,True,True,,64,2,8833
w=64 s=2,Random 30% #8,1028,-0.0013757582957458,0.0435919478765744,-0.0082930348258339,-0.0449677061723202,0.006917276530088,True,True,True,,64,2,8833
w=64 s=2,Random 30% #9,1028,0.0167924069116573,0.0408210236109372,0.0044775399988148,-0.0240286166992798,0.0123148669128424,False,True,True,,64,2,8833
w=64 s=2,Random 30% #10,1028,0.0218614718614718,0.0567334744244426,-0.0272142227963015,-0.0348720025629708,0.0490756946577734,True,True,True,,64,2,8833
w=64 s=2,Random 30% #11,1028,0.0036992125742528,0.0373098920104772,-0.0086125473409513,-0.0336106794362243,0.0123117599152042,True,True,True,,64,2,8833
w=64 s=2,Random 30% #12,1028,-0.0176439165409753,0.0491739291060535,-0.0386377997642778,-0.0668178456470289,0.0209938832233024,True,True,True,,64,2,8833
w=64 s=2,Random 30% #13,1028,0.0061871080085679,0.0603187692426045,-0.0015857120114264,-0.0541316612340366,0.0077728200199944,True,True,True,,64,2,8833
w=64 s=2,Random 30% #14,1028,-0.0024039572835282,0.0368063366274406,0.0068359056386163,-0.0392102939109688,-0.0092398629221445,False,False,False,,64,2,8833
w=64 s=2,Random 30% #15,1028,-0.0014797507788162,0.0684089513449396,-0.0141031651758073,-0.0698887021237558,0.0126234143969911,True,True,True,,64,2,8833
w=64 s=2,Random 30% #16,1028,0.006823838043474,0.0549708473233534,-0.012036593176363,-0.0481470092798793,0.018860431219837,True,True,True,,64,2,8833
w=64 s=2,Random 30% #17,1028,0.0030261642698374,0.0438083134103767,-0.00384080031068,-0.0407821491405393,0.0068669645805175,True,True,True,,64,2,8833
w=64 s=2,Random 30% #18,1028,0.008237689744539,0.0545579652216551,-0.0282317227667999,-0.0463202754771161,0.0364694125113389,True,True,True,,64,2,8833
w=64 s=2,Random 30% #19,1028,0.0066883064376393,-0.0206480972553115,-0.0270872327669187,0.0273364036929508,0.0337755392045581,False,False,False,,64,2,8833
w=64 s=2,Random 30% #20,1028,-0.0099963316214233,0.0539303508721898,0.0096661269815538,-0.0639266824936132,-0.0196624586029772,False,False,False,,64,2,8833
w=64 s=2,Random 30% #21,1028,0.002277451699682,0.0498528777828187,-0.0293470885538686,-0.0475754260831366,0.0316245402535507,True,True,True,,64,2,8833
w=64 s=2,Random 30% #22,1028,0.0271739130434782,0.0385274769094783,0.002205977067418,-0.011353563866,0.0249679359760602,False,True,True,,64,2,8833
w=64 s=2,Random 30% #23,1028,0.0053719593676173,0.0663817036008762,0.0227644031932398,-0.0610097442332588,-0.0173924438256224,False,False,False,,64,2,8833
w=64 s=2,Random 30% #24,1028,0.0374355138753044,0.0322539425382203,-0.0016802723367103,0.005181571337084,0.0391157862120148,True,False,True,,64,2,8833
w=64 s=2,Random 30% #25,1028,0.0207335170659317,0.0483713553398773,-0.0160814276384092,-0.0276378382739455,0.036814944704341,True,True,True,,64,2,8833
w=64 s=2,Random 30% #26,1028,0.000322640117994,0.0507658723795722,-0.0241081124585123,-0.0504432322615781,0.0244307525765064,True,True,True,,64,2,8833
w=64 s=2,Random 30% #27,1028,-0.0133699862551543,0.056009050138227,0.0056341851173295,-0.0693790363933813,-0.0190041713724838,False,False,False,,64,2,8833
w=64 s=2,Random 30% #28,1028,0.0048546691403834,0.0744591258090347,-0.0009117252608202,-0.0696044566686513,0.0057663944012036,True,True,True,,64,2,8833
w=64 s=2,Random 30% #29,1028,0.0132264436461088,0.053756260357724,-0.0002659404452339,-0.0405298167116151,0.0134923840913428,True,True,True,,64,2,8833
w=64 s=2,Random 30% #30,1028,0.0073191060456281,0.0483280500324553,-0.0173341168977363,-0.0410089439868271,0.0246532229433645,True,True,True,,64,2,8833
w=64 s=2,Random 30% #31,1028,0.0186572318838355,0.0539967812094949,0.0387402929612625,-0.0353395493256594,-0.0200830610774269,False,False,False,,64,2,8833
w=64 s=2,Random 30% #32,1028,0.0146773132638857,0.0582978970268918,-0.0019187975369416,-0.0436205837630061,0.0165961108008273,True,True,True,,64,2,8833
w=64 s=2,Random 30% #33,1028,0.0107989019115876,0.0622526752714382,0.006327967426443,-0.0514537733598506,0.0044709344851445,False,True,True,,64,2,8833
w=64 s=2,Random 30% #34,1028,0.0036708111308466,0.0349813950545661,-0.0167975027718688,-0.0313105839237194,0.0204683139027155,True,True,True,,64,2,8833
w=64 s=2,Random 30% #35,1028,-0.0021279853031231,0.0504336283962923,-0.0083468009308405,-0.0525616136994154,0.0062188156277174,True,True,True,,64,2,8833
w=64 s=2,Random 30% #36,1028,-0.0048226599270606,0.0576259179421861,-0.0218430741309594,-0.0624485778692467,0.0170204142038988,True,True,True,,64,2,8833
w=64 s=2,Random 30% #37,1028,-0.0037446257685728,0.037738424805452,0.0300542619305621,-0.0414830505740248,-0.033798887699135,False,False,False,,64,2,8833
w=64 s=2,Random 30% #38,1028,0.0108722741433021,0.0045243354437048,-0.0112036989961856,0.0063479386995972,0.0220759731394878,True,False,True,,64,2,8833
w=64 s=2,Random 30% #39,1028,0.0380230468256006,0.0324853656618228,0.0028212200244435,0.0055376811637777,0.035201826801157,False,False,False,,64,2,8833
w=64 s=2,Random 30% #40,1028,-0.0156995008383602,0.0213304543377289,-0.0091905262156553,-0.0370299551760891,-0.0065089746227049,True,False,True,,64,2,8833
w=64 s=2,Random 30% #41,1028,0.0003191021554961,0.0417147229067151,0.0153707796479532,-0.041395620751219,-0.015051677492457,False,False,False,,64,2,8833
w=64 s=2,Random 30% #42,1028,0.0039796984507742,0.0380278200236079,0.0499804629778453,-0.0340481215728337,-0.0460007645270711,False,False,False,,64,2,8833
w=64 s=2,Random 30% #43,1028,0.0320665445665445,0.0459922514825821,-0.0024584260274401,-0.0139257069160375,0.0345249705939847,True,True,True,,64,2,8833
w=64 s=2,Random 30% #44,1028,0.014617494198646,0.0409496756507208,-0.0078576097959295,-0.0263321814520747,0.0224751039945755,True,True,True,,64,2,8833
w=64 s=2,Random 30% #45,1028,-0.010677190889205,0.043065277335353,-0.046603426178148,-0.053742468224558,0.035926235288943,True,True,True,,64,2,8833
w=64 s=2,Random 30% #46,1028,-0.0211341559464426,0.0542638183121534,-0.0067362858658894,-0.0753979742585961,-0.0143978700805531,True,False,True,,64,2,8833
w=64 s=2,Random 30% #47,1028,0.0021068472535741,0.0777866632477301,-0.0125422166378018,-0.075679815994156,0.0146490638913759,True,True,True,,64,2,8833
w=64 s=2,Random 30% #48,1028,0.0099373113536103,0.0482800704041061,0.0162105696723695,-0.0383427590504957,-0.0062732583187591,False,False,False,,64,2,8833
w=64 s=2,Random 30% #49,1028,-0.0033935788911766,0.0463535880776957,0.006276460551658,-0.0497471669688724,-0.0096700394428347,False,False,False,,64,2,8833
w=64 s=2,Random 30% #50,1028,-0.0149638584774062,0.0494476388638931,0.0180986476278451,-0.0644114973412994,-0.0330625061052514,False,False,False,,64,2,8833
w=128 s=0,All Patients,3429,0.0078818040435458,0.0045610754940523,-0.0148304137093456,0.0033207285494935,0.0227122177528914,True,False,True,,128,0,34049
w=128 s=0,ICUType 1.0,490,0.0294939989088925,0.0596901900730353,0.0155968858431664,-0.0301961911641428,0.0138971130657261,False,True,True,,128,0,34049
w=128 s=0,ICUType 2.0,643,-0.000975689080413,0.0293407277355343,-0.0051183487329143,-0.0303164168159474,0.0041426596525012,True,True,True,,128,0,34049
w=128 s=0,ICUType 3.0,1357,-0.0217764843549488,0.1236657466217746,-0.0565265553790694,-0.1454422309767234,0.0347500710241205,True,True,True,,128,0,34049
w=128 s=0,ICUType 4.0,939,0.0202084035501629,0.0643454351277653,-0.0046715403045826,-0.0441370315776024,0.0248799438547455,True,True,True,,128,0,34049
w=128 s=0,Age decile 0,374,0.046026807780653,0.0497443238041813,-0.0263638552613365,-0.0037175160235282,0.0723906630419896,True,True,True,,128,0,34049
w=128 s=0,Age decile 1,344,0.0273634472301562,0.0592593547415165,0.0415401275734359,-0.0318959075113603,-0.0141766803432797,False,False,False,,128,0,34049
w=128 s=0,Age decile 2,347,0.0042864169770219,0.0198088137530865,0.0655152178756564,-0.0155223967760645,-0.0612288008986345,False,False,False,,128,0,34049
w=128 s=0,Age decile 3,325,0.0096292729898892,0.0625980633861848,-0.0412525992213734,-0.0529687903962955,0.0508818722112627,True,True,True,,128,0,34049
w=128 s=0,Age decile 4,372,-0.0152359717577108,0.0492811648707792,-0.0520239038434865,-0.0645171366284901,0.0367879320857756,True,True,True,,128,0,34049
w=128 s=0,Age decile 5,344,-0.0250497851378262,0.0377878454709883,0.0099824994714972,-0.0628376306088146,-0.0350322846093234,False,False,False,,128,0,34049
w=128 s=0,Age decile 6,397,-0.0004719207173194,0.0383646100762753,-0.0698637018590566,-0.0388365307935948,0.0693917811417371,True,True,True,,128,0,34049
w=128 s=0,Age decile 7,247,0.0173747705218987,0.0389463014240211,0.0048433378730052,-0.0215715309021223,0.0125314326488935,False,True,True,,128,0,34049
w=128 s=0,Age decile 8,354,-0.0216450216450216,0.0576301246873274,-0.0341470543482828,-0.079275146332349,0.0125020327032611,True,True,True,,128,0,34049
w=128 s=0,Age decile 9,325,-0.0771864301276066,0.0511701363175709,0.0155061369890739,-0.1283565664451775,-0.0926925671166806,False,False,False,,128,0,34049
w=128 s=0,HR quartile 0,877,0.0371049136786188,0.0729064138493962,0.0161224771023574,-0.0358015001707773,0.0209824365762613,False,True,True,,128,0,34049
w=128 s=0,HR quartile 1,917,-0.0169849537037037,0.0479124368954153,-0.0295938050558635,-0.064897390599119,0.0126088513521598,True,True,True,,128,0,34049
w=128 s=0,HR quartile 2,816,0.034861311019492,0.044540098849992,-0.002685887887605,-0.0096787878304999,0.0375471989070971,True,True,True,,128,0,34049
w=128 s=0,HR quartile 3,819,-0.0232600311906863,0.0466600926129876,-0.0026301806886693,-0.0699201238036739,-0.0206298505020169,True,False,True,,128,0,34049
w=128 s=0,MAP quartile 0,877,-0.0141240285818599,0.0371648565705839,-0.0036556631162341,-0.0512888851524438,-0.0104683654656257,True,False,True,,128,0,34049
w=128 s=0,MAP quartile 1,840,0.02392179413456,0.0418448600357334,0.0239445970635854,-0.0179230659011733,-2.280292902537284e-05,False,False,False,,128,0,34049
w=128 s=0,MAP quartile 2,866,0.0104058609958506,0.0404564981109578,-0.0147645028291351,-0.0300506371151072,0.0251703638249857,True,True,True,,128,0,34049
w=128 s=0,MAP quartile 3,846,0.0090927756430939,0.0693938727178957,-0.0230719639597989,-0.0603010970748018,0.0321647396028928,True,True,True,,128,0,34049
w=128 s=0,Temp quartile 0,902,0.0068727157158747,0.0750345946109795,-0.0128198344126554,-0.0681618788951047,0.0196925501285302,True,True,True,,128,0,34049
w=128 s=0,Temp quartile 1,864,0.0305627470437901,0.0614951096881896,-0.0180017583108135,-0.0309323626443994,0.0485645053546037,True,True,True,,128,0,34049
w=128 s=0,Temp quartile 2,838,-0.0036346905912123,0.0632096725010064,0.0588114788672479,-0.0668443630922187,-0.0624461694584603,False,False,False,,128,0,34049
w=128 s=0,Temp quartile 3,825,-0.0023612750885478,0.0506559806258302,-0.0180859129400993,-0.053017255714378,0.0157246378515515,True,True,True,,128,0,34049
w=128 s=0,Urine quartile 0,859,-0.0313289760348584,0.0324266803701693,0.0240284143948364,-0.0637556564050277,-0.0553573904296948,False,False,False,,128,0,34049
w=128 s=0,Urine quartile 1,913,-0.0210526315789473,0.034581866003298,-0.0501414897524964,-0.0556344975822453,0.029088858173549,True,True,True,,128,0,34049
w=128 s=0,Urine quartile 2,802,0.0149901230333403,0.0679111012621593,-0.0072027711614632,-0.0529209782288189,0.0221928941948035,True,True,True,,128,0,34049
w=128 s=0,Urine quartile 3,855,0.0601118199903958,0.0642307180875575,-0.0141228975158546,-0.0041188980971617,0.0742347175062504,True,True,True,,128,0,34049
w=128 s=0,SAPS quartile 0,1025,0.0026756349262149,0.0289852394691247,-0.0274333227296034,-0.0263096045429097,0.0301089576558184,True,True,True,,128,0,34049
w=128 s=0,SAPS quartile 1,946,0.0452124666297511,0.060653197590155,-0.0146912840741863,-0.0154407309604038,0.0599037507039374,True,True,True,,128,0,34049
w=128 s=0,SAPS quartile 2,660,0.0015384615384615,0.0412033662582163,0.0075786457707648,-0.0396649047197547,-0.0060401842323032,False,False,False,,128,0,34049
w=128 s=0,SAPS quartile 3,798,-0.0389986891196934,0.033694713361518,0.022915759474308,-0.0726934024812115,-0.0619144485940015,False,False,False,,128,0,34049
w=128 s=0,HR > 100,945,-0.0351262896411669,0.0275186830008858,-0.0246093208755063,-0.0626449726420528,-0.0105169687656606,True,False,True,,128,0,34049
w=128 s=0,MAP < 65,697,-0.0279136809159047,0.0200859884867265,0.0115595995382991,-0.0479996694026313,-0.0394732804542038,False,False,False,,128,0,34049
w=128 s=0,Temp > 38C,267,-0.0430204913392958,0.0461914996970376,-0.0184588498897401,-0.0892119910363335,-0.0245616414495556,True,False,True,,128,0,34049
w=128 s=0,Urine > 1000,210,0.0458952811893988,0.0710182283284506,-0.0372120576133255,-0.0251229471390517,0.0831073388027244,True,True,True,,128,0,34049
w=128 s=0,Random 50% #1,1714,0.0148182289884191,-0.015481608435374,-0.0332426185665741,0.0302998374237932,0.0480608475549933,False,False,False,,128,0,34049
w=128 s=0,Random 50% #2,1714,0.0038708396744524,0.069631093156947,-0.0011125172126157,-0.0657602534824945,0.0049833568870682,True,True,True,,128,0,34049
w=128 s=0,Random 50% #3,1714,0.0221853388658367,0.0971452438173584,0.0144602090940263,-0.0749599049515216,0.0077251297718104,False,True,True,,128,0,34049
w=128 s=0,Random 50% #4,1714,0.0209444740819774,0.0525555823454698,-0.0129355813118235,-0.0316111082634924,0.0338800553938009,True,True,True,,128,0,34049
w=128 s=0,Random 50% #5,1714,0.025145147627017,0.0398699360328515,-0.0289578851394748,-0.0147247884058344,0.0541030327664919,True,True,True,,128,0,34049
w=128 s=0,Random 50% #6,1714,-0.0032358828377694,0.0794010689311869,0.0235822181547867,-0.0826369517689564,-0.0268181009925562,False,False,False,,128,0,34049
w=128 s=0,Random 50% #7,1714,0.0203886964648963,0.0270616253964021,0.0525949812055496,-0.0066729289315057,-0.0322062847406533,False,False,False,,128,0,34049
w=128 s=0,Random 50% #8,1714,-0.0080211409064465,0.0591487238312828,0.0014268327277975,-0.0671698647377294,-0.0094479736342441,False,False,False,,128,0,34049
w=128 s=0,Random 50% #9,1714,-0.0018808498325041,0.0860421598027826,-0.0392792619323245,-0.0879230096352867,0.0373984120998203,True,True,True,,128,0,34049
w=128 s=0,Random 50% #10,1714,0.0032849222618878,0.0592724479128312,-0.0131718354478444,-0.0559875256509434,0.0164567577097323,True,True,True,,128,0,34049
w=128 s=0,Random 50% #11,1714,0.0064028840624585,0.0508943669016889,-0.0044123457465401,-0.0444914828392304,0.0108152298089987,True,True,True,,128,0,34049
w=128 s=0,Random 50% #12,1714,-0.0033234372422892,0.0560903273122752,-0.0073341670233716,-0.0594137645545645,0.0040107297810824,True,True,True,,128,0,34049
w=128 s=0,Random 50% #13,1714,0.0032517955657333,0.0494375640498547,0.0130957533277318,-0.0461857684841214,-0.0098439577619985,False,False,False,,128,0,34049
w=128 s=0,Random 50% #14,1714,0.0062157191184681,0.0304493953433993,-0.0185114956177709,-0.0242336762249312,0.0247272147362391,True,True,True,,128,0,34049
w=128 s=0,Random 50% #15,1714,0.0026854501430772,0.0302545419384128,0.0264525543376439,-0.0275690917953356,-0.0237671041945666,False,False,False,,128,0,34049
w=128 s=0,Random 50% #16,1714,0.0188052608311229,0.0683569133085491,0.0143692197643537,-0.0495516524774262,0.0044360410667691,False,True,True,,128,0,34049
w=128 s=0,Random 50% #17,1714,0.0073507410721795,0.0682472765063311,0.0153118585093147,-0.0608965354341515,-0.0079611174371351,False,False,False,,128,0,34049
w=128 s=0,Random 50% #18,1714,0.0251803786741562,0.0634458134603861,0.0283823610182407,-0.0382654347862299,-0.0032019823440845,False,False,False,,128,0,34049
w=128 s=0,Random 50% #19,1714,0.0087463233253787,0.033549519779967,-0.0510043890424536,-0.0248031964545882,0.0597507123678324,True,True,True,,128,0,34049
w=128 s=0,Random 50% #20,1714,0.0239488541873964,0.0612505530015896,0.0297217555088298,-0.0373016988141931,-0.0057729013214334,False,False,False,,128,0,34049
w=128 s=0,Random 50% #21,1714,0.0016605879752431,0.0343941074570507,0.0074930197659948,-0.0327335194818076,-0.0058324317907517,False,False,False,,128,0,34049
w=128 s=0,Random 50% #22,1714,0.0178287222426975,0.0381043216017563,0.0422959050350874,-0.0202755993590588,-0.0244671827923899,False,False,False,,128,0,34049
w=128 s=0,Random 50% #23,1714,-0.0051929851771431,0.0626740670061797,0.0163865447947281,-0.0678670521833229,-0.0215795299718712,False,False,False,,128,0,34049
w=128 s=0,Random 50% #24,1714,0.0201698382197979,0.0382397635620196,0.0566290870075097,-0.0180699253422217,-0.0364592487877117,False,False,False,,128,0,34049
w=128 s=0,Random 50% #25,1714,0.0024135223603308,0.0446154988021205,-0.0032714458374821,-0.0422019764417897,0.0056849681978129,True,True,True,,128,0,34049
w=128 s=0,Random 50% #26,1714,-0.0063986093578627,0.0669927499407433,-0.0016589878506441,-0.073391359298606,-0.0047396215072185,True,False,True,,128,0,34049
w=128 s=0,Random 50% #27,1714,-0.0048317683881064,0.0450271411551514,-0.049677416111005,-0.0498589095432578,0.0448456477228985,True,True,True,,128,0,34049
w=128 s=0,Random 50% #28,1714,0.0098094573797898,0.0449351843005245,0.0127877720962349,-0.0351257269207346,-0.002978314716445,False,False,False,,128,0,34049
w=128 s=0,Random 50% #29,1714,0.0125552608311229,0.0125648198437585,0.0071284200284937,-9.559012635662612e-06,0.0054268408026291,False,True,True,,128,0,34049
w=128 s=0,Random 50% #30,1714,0.0022139615866539,0.0715647661459134,0.0003890877164698,-0.0693508045592595,0.001824873870184,False,True,True,,128,0,34049
w=128 s=0,Random 50% #31,1714,0.0081502190717898,0.0487466701011389,-0.0494215024323837,-0.0405964510293491,0.0575717215041735,True,True,True,,128,0,34049
w=128 s=0,Random 50% #32,1714,-0.0092920029904661,0.0417090800973635,0.0066153657907751,-0.0510010830878297,-0.0159073687812413,False,False,False,,128,0,34049
w=128 s=0,Random 50% #33,1714,-0.002514181228832,0.0584086137267047,0.0092511729701972,-0.0609227949555367,-0.0117653541990293,False,False,False,,128,0,34049
w=128 s=0,Random 50% #34,1714,0.0070180513371488,0.033013401599922,0.0227161975591077,-0.0259953502627732,-0.0156981462219589,False,False,False,,128,0,34049
w=128 s=0,Random 50% #35,1714,0.0093248828878478,0.0746075911869382,0.0088777135332257,-0.0652827082990903,0.0004471693546221,False,True,True,,128,0,34049
w=128 s=0,Random 50% #36,1714,0.016912667846362,0.0588447762675388,0.0155776991049101,-0.0419321084211768,0.0013349687414518,False,True,True,,128,0,34049
w=128 s=0,Random 50% #37,1714,0.0036653828805384,0.084000279905097,-0.0277860030794972,-0.0803348970245585,0.0314513859600357,True,True,True,,128,0,34049
w=128 s=0,Random 50% #38,1714,0.0021576191788371,0.0533549733773248,0.0036486545509291,-0.0511973541984877,-0.001491035372092,False,False,False,,128,0,34049
w=128 s=0,Random 50% #39,1714,0.0170086158804934,0.0431123091617643,-0.0158301048634916,-0.0261036932812708,0.032838720743985,True,True,True,,128,0,34049
w=128 s=0,Random 50% #40,1714,0.018520937100027,0.0575550341756477,0.0124312693042415,-0.0390340970756206,0.0060896677957855,False,True,True,,128,0,34049
w=128 s=0,Random 50% #41,1714,0.0027199322354597,0.0120999000322505,0.0024078515275404,-0.0093799677967907,0.0003120807079193,False,True,True,,128,0,34049
w=128 s=0,Random 50% #42,1714,0.0178900300253214,0.0821699143894987,-0.0076623039494955,-0.0642798843641773,0.0255523339748169,True,True,True,,128,0,34049
w=128 s=0,Random 50% #43,1714,0.0169958506224066,0.0563909406796032,-0.0193405157864472,-0.0393950900571966,0.0363363664088538,True,True,True,,128,0,34049
w=128 s=0,Random 50% #44,1714,-0.0080414937759336,0.0456904582649252,0.0201373362787957,-0.0537319520408588,-0.0281788300547293,False,False,False,,128,0,34049
w=128 s=0,Random 50% #45,1714,-0.0006684003732017,0.0487789883717456,-0.0024703557713391,-0.0494473887449473,0.0018019553981374,True,True,True,,128,0,34049
w=128 s=0,Random 50% #46,1714,-0.0127567411871579,0.0723638910061618,0.0527311191853704,-0.0851206321933198,-0.0654878603725284,False,False,False,,128,0,34049
w=128 s=0,Random 50% #47,1714,-0.0023071888899981,0.0572985836310064,0.0314165321048618,-0.0596057725210045,-0.0337237209948599,False,False,False,,128,0,34049
w=128 s=0,Random 50% #48,1714,0.0007707867678387,0.0560811806972273,0.0016255582672401,-0.0553103939293885,-0.0008547714994014,False,False,False,,128,0,34049
w=128 s=0,Random 50% #49,1714,-0.0052585890287469,0.0227914176053718,-0.0112949422157228,-0.0280500066341187,0.0060363531869758,True,True,True,,128,0,34049
w=128 s=0,Random 50% #50,1714,-0.009935439192208,0.0467589882376634,0.0020886668256772,-0.0566944274298714,-0.0120241060178852,False,False,False,,128,0,34049
w=128 s=0,Random 30% #1,1028,0.0177032019704433,0.0521910156143014,0.0156129604661694,-0.0344878136438581,0.0020902415042738,False,True,True,,128,0,34049
w=128 s=0,Random 30% #2,1028,-0.0188812287552644,0.0257769293865733,0.0041650021637495,-0.0446581581418377,-0.0230462309190139,False,False,False,,128,0,34049
w=128 s=0,Random 30% #3,1028,-0.0136963318843895,0.0357697994543817,0.0090698155782882,-0.0494661313387712,-0.0227661474626777,False,False,False,,128,0,34049
w=128 s=0,Random 30% #4,1028,0.012612065619632,0.025959863090842,-0.0111747376562966,-0.0133477974712099,0.0237868032759286,True,True,True,,128,0,34049
w=128 s=0,Random 30% #5,1028,0.012955140579904,0.0508843878726231,-0.0023914984705085,-0.037929247292719,0.0153466390504125,True,True,True,,128,0,34049
w=128 s=0,Random 30% #6,1028,0.011061887501678,0.0605106703082332,-0.0039815792201567,-0.0494487828065551,0.0150434667218348,True,True,True,,128,0,34049
w=128 s=0,Random 30% #7,1028,-0.0019795447047178,0.0526718605875734,-0.0128808490966818,-0.0546514052922913,0.0109013043919639,True,True,True,,128,0,34049
w=128 s=0,Random 30% #8,1028,-0.0013757582957458,0.0467137709686388,0.0126857909415973,-0.0480895292643847,-0.0140615492373432,False,False,False,,128,0,34049
w=128 s=0,Random 30% #9,1028,0.0167924069116573,0.0174426988192732,-0.0010192308975094,-0.0006502919076158,0.0178116378091668,True,True,True,,128,0,34049
w=128 s=0,Random 30% #10,1028,0.0218614718614718,0.0575137380131222,-0.0243747339463075,-0.0356522661516503,0.0462362058077793,True,True,True,,128,0,34049
w=128 s=0,Random 30% #11,1028,0.0036992125742528,0.0377705676975944,-0.007950723107482,-0.0340713551233416,0.0116499356817348,True,True,True,,128,0,34049
w=128 s=0,Random 30% #12,1028,-0.0176439165409753,0.0475615917417993,0.004530906250312,-0.0652055082827747,-0.0221748227912874,False,False,False,,128,0,34049
w=128 s=0,Random 30% #13,1028,0.0061871080085679,0.0602164545825798,-0.0167244508246835,-0.0540293465740118,0.0229115588332514,True,True,True,,128,0,34049
w=128 s=0,Random 30% #14,1028,-0.0024039572835282,0.0398812884512936,0.0045316110182412,-0.0422852457348218,-0.0069355683017694,False,False,False,,128,0,34049
w=128 s=0,Random 30% #15,1028,-0.0014797507788162,0.0594354234525601,0.00051603496154,-0.0609151742313763,-0.0019957857403562,False,False,False,,128,0,34049
w=128 s=0,Random 30% #16,1028,0.006823838043474,0.0562196098706885,-0.0221844945062566,-0.0493957718272144,0.0290083325497306,True,True,True,,128,0,34049
w=128 s=0,Random 30% #17,1028,0.0030261642698374,0.0657292771902178,0.0097929338405476,-0.0627031129203804,-0.0067667695707101,False,False,False,,128,0,34049
w=128 s=0,Random 30% #18,1028,0.008237689744539,0.0631145252423749,-0.0188171598351919,-0.0548768354978358,0.0270548495797309,True,True,True,,128,0,34049
w=128 s=0,Random 30% #19,1028,0.0066883064376393,0.0177705081908258,-0.0026823119727455,-0.0110822017531865,0.0093706184103848,True,True,True,,128,0,34049
w=128 s=0,Random 30% #20,1028,-0.0099963316214233,0.0554023186226473,-0.0105911763894883,-0.0653986502440707,0.0005948447680649,True,True,True,,128,0,34049
w=128 s=0,Random 30% #21,1028,0.002277451699682,0.0595727548051732,-0.0381425504750469,-0.0572953031054911,0.0404200021747289,True,True,True,,128,0,34049
w=128 s=0,Random 30% #22,1028,0.0271739130434782,0.0228133722353087,0.0168024390947318,0.0043605408081695,0.0103714739487463,False,False,False,,128,0,34049
w=128 s=0,Random 30% #23,1028,0.0053719593676173,0.0505545782083398,0.014094938340665,-0.0451826188407224,-0.0087229789730476,False,False,False,,128,0,34049
w=128 s=0,Random 30% #24,1028,0.0374355138753044,0.0748525298760324,0.0068811342150099,-0.0374170160007279,0.0305543796602944,False,True,True,,128,0,34049
w=128 s=0,Random 30% #25,1028,0.0207335170659317,0.0594521685818017,-0.0132419048029966,-0.0387186515158699,0.0339754218689283,True,True,True,,128,0,34049
w=128 s=0,Random 30% #26,1028,0.000322640117994,0.018570961950399,-0.0079520030787959,-0.0182483218324049,0.00827464319679,True,True,True,,128,0,34049
w=128 s=0,Random 30% #27,1028,-0.0133699862551543,-0.0478343486794826,0.0011288380385484,0.0344643624243283,-0.0144988242937027,True,True,True,,128,0,34049
w=128 s=0,Random 30% #28,1028,0.0048546691403834,0.0542378618281202,-0.0079261566942881,-0.0493831926877368,0.0127808258346715,True,True,True,,128,0,34049
w=128 s=0,Random 30% #29,1028,0.0132264436461088,0.0575553121095876,0.0169832678986147,-0.0443288684634787,-0.0037568242525058,False,False,False,,128,0,34049
w=128 s=0,Random 30% #30,1028,0.0073191060456281,0.0653790216412612,-0.0274847230591114,-0.0580599155956331,0.0348038291047396,True,True,True,,128,0,34049
w=128 s=0,Random 30% #31,1028,0.0186572318838355,0.0603380579062215,0.0201489090972535,-0.041680826022386,-0.0014916772134179,False,False,False,,128,0,34049
w=128 s=0,Random 30% #32,1028,0.0146773132638857,0.0700031807653491,-0.0028545876363763,-0.0553258675014634,0.0175319009002621,True,True,True,,128,0,34049
w=128 s=0,Random 30% #33,1028,0.0107989019115876,0.0637697686468742,0.006105385957419,-0.0529708667352866,0.0046935159541685,False,True,True,,128,0,34049
w=128 s=0,Random 30% #34,1028,0.0036708111308466,0.0725153237422365,-0.0169920383279953,-0.0688445126113898,0.0206628494588419,True,True,True,,128,0,34049
w=128 s=0,Random 30% #35,1028,-0.0021279853031231,0.0665248387583558,0.023484134415543,-0.0686528240614789,-0.0256121197186662,False,False,False,,128,0,34049
w=128 s=0,Random 30% #36,1028,-0.0048226599270606,0.0607250428805887,-0.0308798913856741,-0.0655477028076493,0.0260572314586134,True,True,True,,128,0,34049
w=128 s=0,Random 30% #37,1028,-0.0037446257685728,0.0350509370996915,0.0193867400125525,-0.0387955628682644,-0.0231313657811254,False,False,False,,128,0,34049
w=128 s=0,Random 30% #38,1028,0.0108722741433021,0.0116153009136104,0.0122703460847527,-0.0007430267703082,-0.0013980719414506,False,False,False,,128,0,34049
w=128 s=0,Random 30% #39,1028,0.0380230468256006,0.0507546493256744,-0.0216844719069498,-0.0127316025000738,0.0597075187325504,True,True,True,,128,0,34049
w=128 s=0,Random 30% #40,1028,-0.0156995008383602,0.0397608888715346,1.6342664998170164e-05,-0.0554603897098949,-0.0157158435033584,False,False,False,,128,0,34049
w=128 s=0,Random 30% #41,1028,0.0003191021554961,0.0460647157742302,0.0142488543174535,-0.0457456136187341,-0.0139297521619573,False,False,False,,128,0,34049
w=128 s=0,Random 30% #42,1028,0.0039796984507742,-0.0026436048937967,0.0440938829845496,0.0066233033445709,-0.0401141845337754,True,True,True,,128,0,34049
w=128 s=0,Random 30% #43,1028,0.0320665445665445,0.0212221419897769,-0.0120325945185052,0.0108444025767675,0.0440991390850497,True,False,True,,128,0,34049
w=128 s=0,Random 30% #44,1028,0.014617494198646,0.0156441944417604,-0.0121943282897699,-0.0010267002431144,0.026811822488416,True,True,True,,128,0,34049
w=128 s=0,Random 30% #45,1028,-0.010677190889205,0.0578769311725164,-0.0545147999669986,-0.0685541220617214,0.0438376090777936,True,True,True,,128,0,34049
w=128 s=0,Random 30% #46,1028,-0.0211341559464426,0.0268432233411498,-0.026050668505471,-0.0479773792875924,0.0049165125590284,True,True,True,,128,0,34049
w=128 s=0,Random 30% #47,1028,0.0021068472535741,0.0766000636869263,-0.0066189401631915,-0.0744932164333521,0.0087257874167657,True,True,True,,128,0,34049
w=128 s=0,Random 30% #48,1028,0.0099373113536103,0.0578855047880739,-0.0048246972797947,-0.0479481934344635,0.0147620086334051,True,True,True,,128,0,34049
w=128 s=0,Random 30% #49,1028,-0.0033935788911766,0.0623597757907105,0.0153412792489569,-0.0657533546818872,-0.0187348581401336,False,False,False,,128,0,34049
w=128 s=0,Random 30% #50,1028,-0.0149638584774062,0.0320518119985631,-0.0009642017240216,-0.0470156704759694,-0.0139996567533846,True,False,True,,128,0,34049
w=128 s=1,All Patients,3429,0.0078818040435458,0.0511978345357841,0.0530854151136111,-0.0433160304922382,-0.0452036110700652,False,False,False,,128,1,34049
w=128 s=1,ICUType 1.0,490,0.0294939989088925,0.0749722934000982,0.0130969059299084,-0.0454782944912056,0.016397092978984,False,True,True,,128,1,34049
w=128 s=1,ICUType 2.0,643,-0.000975689080413,0.0307411102745948,-0.0160602883425027,-0.0317167993550078,0.0150845992620896,True,True,True,,128,1,34049
w=128 s=1,ICUType 3.0,1357,-0.0217764843549488,0.0570942392297699,0.0126884830213169,-0.0788707235847187,-0.0344649673762657,False,False,False,,128,1,34049
w=128 s=1,ICUType 4.0,939,0.0202084035501629,0.0693586442658132,0.0010317874111158,-0.0491502407156503,0.019176616139047,False,True,True,,128,1,34049
w=128 s=1,Age decile 0,374,0.046026807780653,0.046200060276066,-0.0226563014930273,-0.000173252495413,0.0686831092736803,True,True,True,,128,1,34049
w=128 s=1,Age decile 1,344,0.0273634472301562,0.0628511522601588,-0.0477551999963611,-0.0354877050300025,0.0751186472265173,True,True,True,,128,1,34049
w=128 s=1,Age decile 2,347,0.0042864169770219,0.0068476523936831,0.0497277899246993,-0.0025612354166611,-0.0454413729476773,False,False,False,,128,1,34049
w=128 s=1,Age decile 3,325,0.0096292729898892,0.0714583931228371,-0.0279878502690476,-0.0618291201329478,0.0376171232589368,True,True,True,,128,1,34049
w=128 s=1,Age decile 4,372,-0.0152359717577108,0.046097025898761,-0.0430798039107066,-0.0613329976564719,0.0278438321529957,True,True,True,,128,1,34049
w=128 s=1,Age decile 5,344,-0.0250497851378262,0.0346837489760244,-0.0532361390247536,-0.0597335341138507,0.0281863538869274,True,True,True,,128,1,34049
w=128 s=1,Age decile 6,397,-0.0004719207173194,0.0360952621853727,-0.0318874153699874,-0.0365671829026922,0.0314154946526679,True,True,True,,128,1,34049
w=128 s=1,Age decile 7,247,0.0173747705218987,0.0670139702887031,0.0073403982844338,-0.0496391997668043,0.0100343722374648,False,True,True,,128,1,34049
w=128 s=1,Age decile 8,354,-0.0216450216450216,0.0610378078320489,-0.0307524001200318,-0.0826828294770706,0.0091073784750102,True,True,True,,128,1,34049
w=128 s=1,Age decile 9,325,-0.0771864301276066,0.0982275666447942,0.0381408729685792,-0.1754139967724008,-0.1153273030961858,False,False,False,,128,1,34049
w=128 s=1,HR quartile 0,877,0.0371049136786188,0.078905200921437,0.0174137381345399,-0.0418002872428181,0.0196911755440789,False,True,True,,128,1,34049
w=128 s=1,HR quartile 1,917,-0.0169849537037037,0.0423072430442103,-0.0261499675581872,-0.059292196747914,0.0091650138544835,True,True,True,,128,1,34049
w=128 s=1,HR quartile 2,816,0.034861311019492,0.0351787920417288,-0.0022634688545303,-0.0003174810222367,0.0371247798740224,True,True,True,,128,1,34049
w=128 s=1,HR quartile 3,819,-0.0232600311906863,0.0428118563196564,0.0090624621866974,-0.0660718875103427,-0.0323224933773837,False,False,False,,128,1,34049
w=128 s=1,MAP quartile 0,877,-0.0141240285818599,0.0658228522040204,0.02872422078894,-0.0799468807858803,-0.0428482493707999,False,False,False,,128,1,34049
w=128 s=1,MAP quartile 1,840,0.02392179413456,0.0421206259001238,0.005686125887224,-0.0181988317655637,0.018235668247336,False,True,True,,128,1,34049
w=128 s=1,MAP quartile 2,866,0.0104058609958506,0.0377647766400808,-0.0148276139604139,-0.0273589156442302,0.0252334749562646,True,True,True,,128,1,34049
w=128 s=1,MAP quartile 3,846,0.0090927756430939,0.0648519781814258,-0.0124537217408176,-0.0557592025383319,0.0215464973839115,True,True,True,,128,1,34049
w=128 s=1,Temp quartile 0,902,0.0068727157158747,0.0568926662174628,0.0028287377139319,-0.050019950501588,0.0040439780019428,False,True,True,,128,1,34049
w=128 s=1,Temp quartile 1,864,0.0305627470437901,0.0674825398939684,-0.0305784360895888,-0.0369197928501782,0.061141183133379,True,True,True,,128,1,34049
w=128 s=1,Temp quartile 2,838,-0.0036346905912123,0.0544416219214156,0.029890580627479,-0.0580763125126279,-0.0335252712186913,False,False,False,,128,1,34049
w=128 s=1,Temp quartile 3,825,-0.0023612750885478,0.0595734021805383,-0.0255424428282788,-0.0619346772690861,0.023181167739731,True,True,True,,128,1,34049
w=128 s=1,Urine quartile 0,859,-0.0313289760348584,0.0466383827347429,-0.0181102226999272,-0.0779673587696013,-0.0132187533349311,True,False,True,,128,1,34049
w=128 s=1,Urine quartile 1,913,-0.0210526315789473,0.0469956688605308,-0.0417034988558387,-0.0680483004394782,0.0206508672768913,True,True,True,,128,1,34049
w=128 s=1,Urine quartile 2,802,0.0149901230333403,0.0478560608356267,0.0067335660030805,-0.0328659378022863,0.0082565570302597,False,True,True,,128,1,34049
w=128 s=1,Urine quartile 3,855,0.0601118199903958,0.0726355699471488,-0.028422928219185,-0.0125237499567529,0.0885347482095808,True,True,True,,128,1,34049
w=128 s=1,SAPS quartile 0,1025,0.0026756349262149,0.0331355036486714,-0.0252303769833895,-0.0304598687224565,0.0279060119096045,True,True,True,,128,1,34049
w=128 s=1,SAPS quartile 1,946,0.0452124666297511,0.0426536380198275,-0.0062280632479566,0.0025588286099236,0.0514405298777077,True,False,True,,128,1,34049
w=128 s=1,SAPS quartile 2,660,0.0015384615384615,0.0282205354458946,0.0061377572714261,-0.0266820739074331,-0.0045992957329645,False,False,False,,128,1,34049
w=128 s=1,SAPS quartile 3,798,-0.0389986891196934,0.0482527496483354,0.0593785382305755,-0.0872514387680288,-0.098377227350269,False,False,False,,128,1,34049
w=128 s=1,HR > 100,945,-0.0351262896411669,0.0308534563315797,-0.0016851234970586,-0.0659797459727467,-0.0334411661441083,True,False,True,,128,1,34049
w=128 s=1,MAP < 65,697,-0.0279136809159047,0.0140244518220429,0.0046190452941601,-0.0419381327379477,-0.0325327262100649,False,False,False,,128,1,34049
w=128 s=1,Temp > 38C,267,-0.0430204913392958,0.0476869726240098,0.010254340658617,-0.0907074639633056,-0.0532748319979128,False,False,False,,128,1,34049
w=128 s=1,Urine > 1000,210,0.0458952811893988,0.0680341447091922,-0.0410663477230343,-0.0221388635197933,0.0869616289124332,True,True,True,,128,1,34049
w=128 s=1,Random 50% #1,1714,0.0148182289884191,0.0369730338412901,-0.0165601941507438,-0.0221548048528709,0.031378423139163,True,True,True,,128,1,34049
w=128 s=1,Random 50% #2,1714,0.0038708396744524,0.0577085322150147,-0.0204121514851262,-0.0538376925405622,0.0242829911595786,True,True,True,,128,1,34049
w=128 s=1,Random 50% #3,1714,0.0221853388658367,0.0549268268241157,0.002799717274378,-0.0327414879582789,0.0193856215914587,False,True,True,,128,1,34049
w=128 s=1,Random 50% #4,1714,0.0209444740819774,0.0706003386051874,0.0425920460255901,-0.04965586452321,-0.0216475719436126,False,False,False,,128,1,34049
w=128 s=1,Random 50% #5,1714,0.025145147627017,0.0386304115947108,0.0540906283154985,-0.0134852639676937,-0.0289454806884814,False,False,False,,128,1,34049
w=128 s=1,Random 50% #6,1714,-0.0032358828377694,0.0603796203957637,0.0068536227083126,-0.0636155032335332,-0.010089505546082,False,False,False,,128,1,34049
w=128 s=1,Random 50% #7,1714,0.0203886964648963,0.0746022407930072,-0.0058654708583538,-0.0542135443281109,0.0262541673232502,True,True,True,,128,1,34049
w=128 s=1,Random 50% #8,1714,-0.0080211409064465,0.054488419399081,-0.0072320549414296,-0.0625095603055276,-0.0007890859650169,True,False,True,,128,1,34049
w=128 s=1,Random 50% #9,1714,-0.0018808498325041,0.0736532814115186,0.0236061166232926,-0.0755341312440228,-0.0254869664557968,False,False,False,,128,1,34049
w=128 s=1,Random 50% #10,1714,0.0032849222618878,0.0491265820045111,-0.0059160756777602,-0.0458416597426232,0.0092009979396481,True,True,True,,128,1,34049
w=128 s=1,Random 50% #11,1714,0.0064028840624585,0.0528771612510184,-0.0004368066998834,-0.0464742771885598,0.006839690762342,True,True,True,,128,1,34049
w=128 s=1,Random 50% #12,1714,-0.0033234372422892,0.0397385022672759,-0.0121665248207119,-0.0430619395095652,0.0088430875784226,True,True,True,,128,1,34049
w=128 s=1,Random 50% #13,1714,0.0032517955657333,0.0338392070194106,0.0050180402587499,-0.0305874114536773,-0.0017662446930166,False,False,False,,128,1,34049
w=128 s=1,Random 50% #14,1714,0.0062157191184681,0.0449773098787061,-0.0220236801343253,-0.0387615907602379,0.0282393992527935,True,True,True,,128,1,34049
w=128 s=1,Random 50% #15,1714,0.0026854501430772,0.0375761036283002,0.0120079579836141,-0.0348906534852229,-0.0093225078405368,False,False,False,,128,1,34049
w=128 s=1,Random 50% #16,1714,0.0188052608311229,0.0703418971085302,0.0344084899964008,-0.0515366362774072,-0.0156032291652779,False,False,False,,128,1,34049
w=128 s=1,Random 50% #17,1714,0.0073507410721795,0.0366296895748481,0.0166738380454319,-0.0292789485026685,-0.0093230969732524,False,False,False,,128,1,34049
w=128 s=1,Random 50% #18,1714,0.0251803786741562,0.0691625522658336,0.0039911411295012,-0.0439821735916774,0.0211892375446549,False,True,True,,128,1,34049
w=128 s=1,Random 50% #19,1714,0.0087463233253787,0.0390516447365713,0.0072578970030657,-0.0303053214111925,0.001488426322313,False,True,True,,128,1,34049
w=128 s=1,Random 50% #20,1714,0.0239488541873964,0.0435500692852055,0.0349322049046853,-0.0196012150978091,-0.0109833507172889,False,False,False,,128,1,34049
w=128 s=1,Random 50% #21,1714,0.0016605879752431,0.0004127456211173,-0.0025579731811034,0.0012478423541258,0.0042185611563465,True,False,True,,128,1,34049
w=128 s=1,Random 50% #22,1714,0.0178287222426975,0.0213839038009763,-0.007032047311852,-0.0035551815582788,0.0248607695545496,True,True,True,,128,1,34049
w=128 s=1,Random 50% #23,1714,-0.0051929851771431,0.0397131921581393,-0.0389703201762678,-0.0449061773352824,0.0337773349991247,True,True,True,,128,1,34049
w=128 s=1,Random 50% #24,1714,0.0201698382197979,0.0297637880496701,0.0538741724608623,-0.0095939498298722,-0.0337043342410643,False,False,False,,128,1,34049
w=128 s=1,Random 50% #25,1714,0.0024135223603308,0.047359675254571,-0.0030883526239016,-0.0449461528942402,0.0055018749842324,True,True,True,,128,1,34049
w=128 s=1,Random 50% #26,1714,-0.0063986093578627,0.0535752722425628,0.0042731014318702,-0.0599738816004256,-0.0106717107897329,False,False,False,,128,1,34049
w=128 s=1,Random 50% #27,1714,-0.0048317683881064,0.024231825894864,-0.0615409764590502,-0.0290635942829704,0.0567092080709438,True,True,True,,128,1,34049
w=128 s=1,Random 50% #28,1714,0.0098094573797898,0.0436562709659807,0.0195701218497346,-0.0338468135861908,-0.0097606644699448,False,False,False,,128,1,34049
w=128 s=1,Random 50% #29,1714,0.0125552608311229,0.0423764542595472,0.0081598885140595,-0.0298211934284243,0.0043953723170633,False,True,True,,128,1,34049
w=128 s=1,Random 50% #30,1714,0.0022139615866539,0.0301479491987867,-0.0253327174971187,-0.0279339876121328,0.0275466790837726,True,True,True,,128,1,34049
w=128 s=1,Random 50% #31,1714,0.0081502190717898,0.0573010682556126,-0.0083908536157456,-0.0491508491838227,0.0165410726875355,True,True,True,,128,1,34049
w=128 s=1,Random 50% #32,1714,-0.0092920029904661,0.0321455928564783,0.0064242688856805,-0.0414375958469445,-0.0157162718761467,False,False,False,,128,1,34049
w=128 s=1,Random 50% #33,1714,-0.002514181228832,0.0562947343134599,-0.0085367501745786,-0.0588089155422919,0.0060225689457466,True,True,True,,128,1,34049
w=128 s=1,Random 50% #34,1714,0.0070180513371488,0.0470990083588838,-0.0031016654505797,-0.040080957021735,0.0101197167877286,True,True,True,,128,1,34049
w=128 s=1,Random 50% #35,1714,0.0093248828878478,0.0639052486755285,-0.0178691288099309,-0.0545803657876806,0.0271940116977788,True,True,True,,128,1,34049
w=128 s=1,Random 50% #36,1714,0.016912667846362,0.053777764323458,0.0132961646538529,-0.036865096477096,0.003616503192509,False,True,True,,128,1,34049
w=128 s=1,Random 50% #37,1714,0.0036653828805384,0.0659984603666696,-0.0158835962358187,-0.0623330774861311,0.0195489791163572,True,True,True,,128,1,34049
w=128 s=1,Random 50% #38,1714,0.0021576191788371,0.0632239179036709,0.0249652339743921,-0.0610662987248337,-0.022807614795555,False,False,False,,128,1,34049
w=128 s=1,Random 50% #39,1714,0.0170086158804934,0.0422884474544365,0.0162216046760252,-0.0252798315739431,0.0007870112044681,False,True,True,,128,1,34049
w=128 s=1,Random 50% #40,1714,0.018520937100027,0.0438764751195369,0.0100282708948584,-0.0253555380195098,0.0084926662051686,False,True,True,,128,1,34049
w=128 s=1,Random 50% #41,1714,0.0027199322354597,0.0421688034409313,-0.0058895049261471,-0.0394488712054715,0.0086094371616068,True,True,True,,128,1,34049
w=128 s=1,Random 50% #42,1714,0.0178900300253214,0.0660557099155389,-0.0305877453639036,-0.0481656798902175,0.048477775389225,True,True,True,,128,1,34049
w=128 s=1,Random 50% #43,1714,0.0169958506224066,0.0468757616878812,-0.0064438478693099,-0.0298799110654745,0.0234396984917165,True,True,True,,128,1,34049
w=128 s=1,Random 50% #44,1714,-0.0080414937759336,0.0147168295670413,0.0063143270760773,-0.0227583233429749,-0.0143558208520109,False,False,False,,128,1,34049
w=128 s=1,Random 50% #45,1714,-0.0006684003732017,0.0660973873991953,-0.0239545881698612,-0.0667657877723971,0.0232861877966595,True,True,True,,128,1,34049
w=128 s=1,Random 50% #46,1714,-0.0127567411871579,0.0388425464264402,-0.0097452329419901,-0.0515992876135981,-0.0030115082451677,True,False,True,,128,1,34049
w=128 s=1,Random 50% #47,1714,-0.0023071888899981,0.053646700770821,0.0246993758097427,-0.0559538896608191,-0.0270065646997409,False,False,False,,128,1,34049
w=128 s=1,Random 50% #48,1714,0.0007707867678387,0.0535393565484282,0.0613349265124517,-0.0527685697805895,-0.060564139744613,False,False,False,,128,1,34049
w=128 s=1,Random 50% #49,1714,-0.0052585890287469,0.026664737491958,-0.0127131671882432,-0.031923326520705,0.0074545781594962,True,True,True,,128,1,34049
w=128 s=1,Random 50% #50,1714,-0.009935439192208,0.0433934825469262,-0.0577262085613311,-0.0533289217391343,0.047790769369123,True,True,True,,128,1,34049
w=128 s=1,Random 30% #1,1028,0.0177032019704433,0.0618844286174712,0.0305871956565838,-0.0441812266470278,-0.0128839936861404,False,False,False,,128,1,34049
w=128 s=1,Random 30% #2,1028,-0.0188812287552644,0.0296606867696913,0.0095177504634642,-0.0485419155249558,-0.0283989792187286,False,False,False,,128,1,34049
w=128 s=1,Random 30% #3,1028,-0.0136963318843895,0.009256969654282,-0.0020041663587162,-0.0229533015386716,-0.0116921655256733,True,False,True,,128,1,34049
w=128 s=1,Random 30% #4,1028,0.012612065619632,0.0187532290829505,0.0115270419834122,-0.0061411634633185,0.0010850236362198,False,True,True,,128,1,34049
w=128 s=1,Random 30% #5,1028,0.012955140579904,0.0638773554351246,0.0043278050912296,-0.0509222148552206,0.0086273354886743,False,True,True,,128,1,34049
w=128 s=1,Random 30% #6,1028,0.011061887501678,0.0549431450138283,0.0034701846320719,-0.0438812575121502,0.007591702869606,False,True,True,,128,1,34049
w=128 s=1,Random 30% #7,1028,-0.0019795447047178,0.0567958817011902,-0.0029790295722423,-0.0587754264059081,0.0009994848675244,True,True,True,,128,1,34049
w=128 s=1,Random 30% #8,1028,-0.0013757582957458,0.0214829360047253,0.0145164571800502,-0.0228586943004712,-0.015892215475796,False,False,False,,128,1,34049
w=128 s=1,Random 30% #9,1028,0.0167924069116573,0.0500355674855545,0.0036999209113654,-0.0332431605738971,0.0130924860002918,False,True,True,,128,1,34049
w=128 s=1,Random 30% #10,1028,0.0218614718614718,0.0637089246318459,-0.0449317000507785,-0.0418474527703741,0.0667931719122503,True,True,True,,128,1,34049
w=128 s=1,Random 30% #11,1028,0.0036992125742528,0.0617545109004042,0.0041875799814029,-0.0580552983261513,-0.00048836740715,False,False,False,,128,1,34049
w=128 s=1,Random 30% #12,1028,-0.0176439165409753,0.0408123384034856,-0.0111670046694822,-0.058456254944461,-0.0064769118714931,True,False,True,,128,1,34049
w=128 s=1,Random 30% #13,1028,0.0061871080085679,0.0800799951352315,-0.0061888073769589,-0.0738928871266635,0.0123759153855269,True,True,True,,128,1,34049
w=128 s=1,Random 30% #14,1028,-0.0024039572835282,0.0415680141973351,0.0127845187301977,-0.0439719714808634,-0.015188476013726,False,False,False,,128,1,34049
w=128 s=1,Random 30% #15,1028,-0.0014797507788162,0.0712941372144884,-0.0003208205191179,-0.0727738879933046,-0.0011589302596982,True,False,True,,128,1,34049
w=128 s=1,Random 30% #16,1028,0.006823838043474,0.0531334329743466,-0.0216509322612133,-0.0463095949308726,0.0284747703046873,True,True,True,,128,1,34049
w=128 s=1,Random 30% #17,1028,0.0030261642698374,0.0646821655897573,0.0183772592484483,-0.0616560013199199,-0.0153510949786108,False,False,False,,128,1,34049
w=128 s=1,Random 30% #18,1028,0.008237689744539,0.063150106065155,-0.0238468812992723,-0.0549124163206159,0.0320845710438113,True,True,True,,128,1,34049
w=128 s=1,Random 30% #19,1028,0.0066883064376393,0.0139667049779331,-0.0177140130446936,-0.0072783985402938,0.0244023194823329,True,True,True,,128,1,34049
w=128 s=1,Random 30% #20,1028,-0.0099963316214233,0.0508536655163806,-0.004987188552281,-0.060849997137804,-0.0050091430691422,True,False,True,,128,1,34049
w=128 s=1,Random 30% #21,1028,0.002277451699682,0.058233461515517,-0.035992184304124,-0.0559560098158349,0.0382696360038061,True,True,True,,128,1,34049
w=128 s=1,Random 30% #22,1028,0.0271739130434782,0.0454668235796002,0.0489429393394894,-0.0182929105361219,-0.0217690262960111,False,False,False,,128,1,34049
w=128 s=1,Random 30% #23,1028,0.0053719593676173,0.0552438309006829,0.0038317693210474,-0.0498718715330656,0.0015401900465699,False,True,True,,128,1,34049
w=128 s=1,Random 30% #24,1028,0.0374355138753044,0.0622509682836057,0.0048842232194942,-0.0248154544083013,0.0325512906558102,False,True,True,,128,1,34049
w=128 s=1,Random 30% #25,1028,0.0207335170659317,0.0575389128978762,-0.0003053753799835,-0.0368053958319444,0.0210388924459152,True,True,True,,128,1,34049
w=128 s=1,Random 30% #26,1028,0.000322640117994,0.0353047778740648,-0.0246759645860017,-0.0349821377560707,0.0249986047039958,True,True,True,,128,1,34049
w=128 s=1,Random 30% #27,1028,-0.0133699862551543,0.0535513655098837,0.0223910587043067,-0.066921351765038,-0.035761044959461,False,False,False,,128,1,34049
w=128 s=1,Random 30% #28,1028,0.0048546691403834,0.0866075765052659,-0.0071246196692925,-0.0817529073648825,0.0119792888096759,True,True,True,,128,1,34049
w=128 s=1,Random 30% #29,1028,0.0132264436461088,0.059101376225843,-0.0259059056549531,-0.0458749325797341,0.039132349301062,True,True,True,,128,1,34049
w=128 s=1,Random 30% #30,1028,0.0073191060456281,0.034508814633989,-0.0236279128200722,-0.0271897085883608,0.0309470188657003,True,True,True,,128,1,34049
w=128 s=1,Random 30% #31,1028,0.0186572318838355,0.0695473799868891,0.0458726104368895,-0.0508901481030536,-0.027215378553054,False,False,False,,128,1,34049
w=128 s=1,Random 30% #32,1028,0.0146773132638857,0.0641430071731458,-0.0056633737384415,-0.0494656939092601,0.0203406870023273,True,True,True,,128,1,34049
w=128 s=1,Random 30% #33,1028,0.0107989019115876,0.0538913260472647,0.0073911907390727,-0.0430924241356771,0.0034077111725149,False,True,True,,128,1,34049
w=128 s=1,Random 30% #34,1028,0.0036708111308466,0.0418077219945252,-0.0141950002686402,-0.0381369108636786,0.0178658113994869,True,True,True,,128,1,34049
w=128 s=1,Random 30% #35,1028,-0.0021279853031231,0.0522413294265311,0.0138846849762251,-0.0543693147296542,-0.0160126702793482,False,False,False,,128,1,34049
w=128 s=1,Random 30% #36,1028,-0.0048226599270606,0.0524029551658773,-0.0075922860838598,-0.057225615092938,0.0027696261567992,True,True,True,,128,1,34049
w=128 s=1,Random 30% #37,1028,-0.0037446257685728,0.0339016542554212,0.0426711697444103,-0.037646280023994,-0.0464157955129831,False,False,False,,128,1,34049
w=128 s=1,Random 30% #38,1028,0.0108722741433021,0.0399681954593299,-0.0047049042173902,-0.0290959213160277,0.0155771783606923,True,True,True,,128,1,34049
w=128 s=1,Random 30% #39,1028,0.0380230468256006,0.0533013135341799,0.0081190444673458,-0.0152782667085792,0.0299040023582547,False,True,True,,128,1,34049
w=128 s=1,Random 30% #40,1028,-0.0156995008383602,0.0708392869740997,0.0063671700362731,-0.08653878781246,-0.0220666708746334,False,False,False,,128,1,34049
w=128 s=1,Random 30% #41,1028,0.0003191021554961,-0.0028893101829055,0.0013658871923922,0.0032084123384017,-0.001046785036896,True,True,True,,128,1,34049
w=128 s=1,Random 30% #42,1028,0.0039796984507742,0.021838167814079,0.0335529320060304,-0.0178584693633047,-0.0295732335552562,False,False,False,,128,1,34049
w=128 s=1,Random 30% #43,1028,0.0320665445665445,0.0527379133886099,-0.016281876658251,-0.0206713688220654,0.0483484212247955,True,True,True,,128,1,34049
w=128 s=1,Random 30% #44,1028,0.014617494198646,0.0312978551829119,-7.9878951742135e-05,-0.0166803609842659,0.0146973731503881,True,True,True,,128,1,34049
w=128 s=1,Random 30% #45,1028,-0.010677190889205,0.0360294188565029,-0.0446357830804105,-0.0467066097457079,0.0339585921912054,True,True,True,,128,1,34049
w=128 s=1,Random 30% #46,1028,-0.0211341559464426,0.0309154724024105,-0.011784649111764,-0.0520496283488532,-0.0093495068346785,True,False,True,,128,1,34049
w=128 s=1,Random 30% #47,1028,0.0021068472535741,0.0732909043090384,-0.0154353407972242,-0.0711840570554643,0.0175421880507983,True,True,True,,128,1,34049
w=128 s=1,Random 30% #48,1028,0.0099373113536103,0.0679008618590092,0.0033092141637279,-0.0579635505053988,0.0066280971898824,False,True,True,,128,1,34049
w=128 s=1,Random 30% #49,1028,-0.0033935788911766,0.0491504319696022,0.0079897017406197,-0.0525440108607788,-0.0113832806317964,False,False,False,,128,1,34049
w=128 s=1,Random 30% #50,1028,-0.0149638584774062,0.040112508555483,0.0172944708078831,-0.0550763670328892,-0.0322583292852893,False,False,False,,128,1,34049
w=128 s=2,All Patients,3429,0.0078818040435458,0.0550637762042717,-0.0397857762775803,-0.0471819721607259,0.0476675803211262,True,True,True,,128,2,34049
w=128 s=2,ICUType 1.0,490,0.0294939989088925,0.0613235775065764,-0.0061100765026236,-0.0318295785976839,0.0356040754115161,True,True,True,,128,2,34049
w=128 s=2,ICUType 2.0,643,-0.000975689080413,0.0272590052685386,-0.0111788201172629,-0.0282346943489516,0.0102031310368499,True,True,True,,128,2,34049
w=128 s=2,ICUType 3.0,1357,-0.0217764843549488,0.0194976582465396,-0.0250756083576566,-0.0412741426014884,0.0032991240027077,True,True,True,,128,2,34049
w=128 s=2,ICUType 4.0,939,0.0202084035501629,0.0674504634982525,0.0183732404761539,-0.0472420599480896,0.0018351630740089,False,True,True,,128,2,34049
w=128 s=2,Age decile 0,374,0.046026807780653,0.0609406972754669,-0.0220643436625137,-0.0149138894948139,0.0680911514431667,True,True,True,,128,2,34049
w=128 s=2,Age decile 1,344,0.0273634472301562,0.0565720366241019,-0.0361350549451197,-0.0292085893939457,0.0634985021752759,True,True,True,,128,2,34049
w=128 s=2,Age decile 2,347,0.0042864169770219,0.0152042090411165,-0.0010672933323556,-0.0109177920640945,0.0053537103093776,True,True,True,,128,2,34049
w=128 s=2,Age decile 3,325,0.0096292729898892,0.0480862274046013,-0.0005450851859171,-0.038456954414712,0.0101743581758064,True,True,True,,128,2,34049
w=128 s=2,Age decile 4,372,-0.0152359717577108,0.0484138391546218,-0.0202435780622865,-0.0636498109123327,0.0050076063045756,True,True,True,,128,2,34049
w=128 s=2,Age decile 5,344,-0.0250497851378262,0.0274778734915304,-0.0358165838096658,-0.0525276586293567,0.0107667986718395,True,True,True,,128,2,34049
w=128 s=2,Age decile 6,397,-0.0004719207173194,0.0453385952108749,-0.0669187606679073,-0.0458105159281944,0.0664468399505878,True,True,True,,128,2,34049
w=128 s=2,Age decile 7,247,0.0173747705218987,0.0678708251355279,0.0012217058360978,-0.0504960546136291,0.0161530646858009,False,True,True,,128,2,34049
w=128 s=2,Age decile 8,354,-0.0216450216450216,0.035247726130873,-0.0288082958415817,-0.0568927477758947,0.00716327419656,True,True,True,,128,2,34049
w=128 s=2,Age decile 9,325,-0.0771864301276066,0.0888064377730558,0.0156821483211648,-0.1659928679006625,-0.0928685784487714,False,False,False,,128,2,34049
w=128 s=2,HR quartile 0,877,0.0371049136786188,0.0734102811212475,0.0108711749844777,-0.0363053674426287,0.0262337386941411,False,True,True,,128,2,34049
w=128 s=2,HR quartile 1,917,-0.0169849537037037,-0.015284232096361,-0.0217791477256339,-0.0017007216073426,0.0047941940219302,False,True,True,,128,2,34049
w=128 s=2,HR quartile 2,816,0.034861311019492,0.0519279515853359,-0.0066383592551,-0.0170666405658439,0.0414996702745921,True,True,True,,128,2,34049
w=128 s=2,HR quartile 3,819,-0.0232600311906863,0.0505216185886567,-0.0009497987279599,-0.073781649779343,-0.0223102324627263,True,False,True,,128,2,34049
w=128 s=2,MAP quartile 0,877,-0.0141240285818599,0.0326511494423914,0.0036736089992608,-0.0467751780242513,-0.0177976375811207,False,False,False,,128,2,34049
w=128 s=2,MAP quartile 1,840,0.02392179413456,0.0325751961710013,-0.0025440090388201,-0.0086534020364412,0.0264658031733802,True,True,True,,128,2,34049
w=128 s=2,MAP quartile 2,866,0.0104058609958506,0.0391577356243799,-0.0338089533963322,-0.0287518746285293,0.0442148143921828,True,True,True,,128,2,34049
w=128 s=2,MAP quartile 3,846,0.0090927756430939,0.0686417082962214,-0.0170931858555914,-0.0595489326531275,0.0261859614986853,True,True,True,,128,2,34049
w=128 s=2,Temp quartile 0,902,0.0068727157158747,0.027919629661442,-0.0043909544862799,-0.0210469139455673,0.0112636702021547,True,True,True,,128,2,34049
w=128 s=2,Temp quartile 1,864,0.0305627470437901,0.054454291112193,-0.0359460254535143,-0.0238915440684028,0.0665087724973044,True,True,True,,128,2,34049
w=128 s=2,Temp quartile 2,838,-0.0036346905912123,0.0643654749214338,0.0282490424970721,-0.0680001655126461,-0.0318837330882844,False,False,False,,128,2,34049
w=128 s=2,Temp quartile 3,825,-0.0023612750885478,0.0429743647527935,0.0057383155027321,-0.0453356398413413,-0.0080995905912799,False,False,False,,128,2,34049
w=128 s=2,Urine quartile 0,859,-0.0313289760348584,0.0411926729926475,-0.007883707768292,-0.0725216490275059,-0.0234452682665664,True,False,True,,128,2,34049
w=128 s=2,Urine quartile 1,913,-0.0210526315789473,0.0449503717474189,-0.0309196692641362,-0.0660030033263663,0.0098670376851888,True,True,True,,128,2,34049
w=128 s=2,Urine quartile 2,802,0.0149901230333403,0.0473999469630512,-0.005440958201032,-0.0324098239297109,0.0204310812343723,True,True,True,,128,2,34049
w=128 s=2,Urine quartile 3,855,0.0601118199903958,0.0645208822862109,-0.0219904112665447,-0.0044090622958151,0.0821022312569405,True,True,True,,128,2,34049
w=128 s=2,SAPS quartile 0,1025,0.0026756349262149,0.0344382281096563,-0.0221871752436672,-0.0317625931834413,0.0248628101698822,True,True,True,,128,2,34049
w=128 s=2,SAPS quartile 1,946,0.0452124666297511,0.0509272291465567,-0.0173186946631014,-0.0057147625168055,0.0625311612928526,True,True,True,,128,2,34049
w=128 s=2,SAPS quartile 2,660,0.0015384615384615,0.0493497867350112,0.0023407126086003,-0.0478113251965496,-0.0008022510701388,False,False,False,,128,2,34049
w=128 s=2,SAPS quartile 3,798,-0.0389986891196934,0.0599750931221012,0.0219650827228884,-0.0989737822417946,-0.0609637718425818,False,False,False,,128,2,34049
w=128 s=2,HR > 100,945,-0.0351262896411669,0.0010419551143791,-0.0303802242196692,-0.0361682447555461,-0.0047460654214977,True,False,True,,128,2,34049
w=128 s=2,MAP < 65,697,-0.0279136809159047,0.0284482763658645,0.0127296451406767,-0.0563619572817692,-0.0406433260565815,False,False,False,,128,2,34049
w=128 s=2,Temp > 38C,267,-0.0430204913392958,0.0346841439132171,-0.0047761639694588,-0.0777046352525129,-0.0382443273698369,True,False,True,,128,2,34049
w=128 s=2,Urine > 1000,210,0.0458952811893988,0.0753663534938447,-0.0397387768834428,-0.0294710723044459,0.0856340580728417,True,True,True,,128,2,34049
w=128 s=2,Random 50% #1,1714,0.0148182289884191,0.0480385922490547,0.0002465665138952,-0.0332203632606355,0.0145716624745239,False,True,True,,128,2,34049
w=128 s=2,Random 50% #2,1714,0.0038708396744524,0.0540966431097063,-0.0114879747165898,-0.0502258034352538,0.0153588143910422,True,True,True,,128,2,34049
w=128 s=2,Random 50% #3,1714,0.0221853388658367,0.0259019689662459,-0.0033527076665229,-0.0037166301004091,0.0255380465323597,True,True,True,,128,2,34049
w=128 s=2,Random 50% #4,1714,0.0209444740819774,0.0331346843653665,-0.0244146578696466,-0.0121902102833891,0.045359131951624,True,True,True,,128,2,34049
w=128 s=2,Random 50% #5,1714,0.025145147627017,0.0486925052322325,-0.0084027529597374,-0.0235473576052154,0.0335479005867545,True,True,True,,128,2,34049
w=128 s=2,Random 50% #6,1714,-0.0032358828377694,0.0546040861791552,0.0274704150914287,-0.0578399690169247,-0.0307062979291982,False,False,False,,128,2,34049
w=128 s=2,Random 50% #7,1714,0.0203886964648963,0.0631619566516037,-0.0041411802182016,-0.0427732601867073,0.024529876683098,True,True,True,,128,2,34049
w=128 s=2,Random 50% #8,1714,-0.0080211409064465,0.0445833482048342,0.0113895039819015,-0.0526044891112807,-0.0194106448883481,False,False,False,,128,2,34049
w=128 s=2,Random 50% #9,1714,-0.0018808498325041,0.0590044589432571,0.0028787190886038,-0.0608853087757613,-0.004759568921108,False,False,False,,128,2,34049
w=128 s=2,Random 50% #10,1714,0.0032849222618878,0.0515901894901762,-0.0018756373943511,-0.0483052672282884,0.0051605596562389,True,True,True,,128,2,34049
w=128 s=2,Random 50% #11,1714,0.0064028840624585,0.0474236501878541,0.0009626025387315,-0.0410207661253956,0.0054402815237269,False,True,True,,128,2,34049
w=128 s=2,Random 50% #12,1714,-0.0033234372422892,0.0360090845977361,0.0153348461453909,-0.0393325218400254,-0.0186582833876801,False,False,False,,128,2,34049
w=128 s=2,Random 50% #13,1714,0.0032517955657333,0.0686107494797287,0.0036824044521897,-0.0653589539139953,-0.0004306088864564,False,False,False,,128,2,34049
w=128 s=2,Random 50% #14,1714,0.0062157191184681,0.0969556226506459,0.0003192815015422,-0.0907399035321777,0.0058964376169259,False,True,True,,128,2,34049
w=128 s=2,Random 50% #15,1714,0.0026854501430772,0.0459307210825427,0.0281630629451035,-0.0432452709394654,-0.0254776128020262,False,False,False,,128,2,34049
w=128 s=2,Random 50% #16,1714,0.0188052608311229,0.0640864626941733,0.0279744480959124,-0.0452812018630504,-0.0091691872647895,False,False,False,,128,2,34049
w=128 s=2,Random 50% #17,1714,0.0073507410721795,0.0447186134956821,0.0288327405284885,-0.0373678724235026,-0.0214819994563089,False,False,False,,128,2,34049
w=128 s=2,Random 50% #18,1714,0.0251803786741562,0.0689026922173064,0.0088303598254702,-0.0437223135431502,0.0163500188486859,False,True,True,,128,2,34049
w=128 s=2,Random 50% #19,1714,0.0087463233253787,0.0399867985687961,-0.0675585537237284,-0.0312404752434173,0.0763048770491072,True,True,True,,128,2,34049
w=128 s=2,Random 50% #20,1714,0.0239488541873964,0.0506709789919618,0.0122904819957161,-0.0267221248045654,0.0116583721916802,False,True,True,,128,2,34049
w=128 s=2,Random 50% #21,1714,0.0016605879752431,0.0565234249764024,-0.0010339559528431,-0.0548628370011592,0.0026945439280863,True,True,True,,128,2,34049
w=128 s=2,Random 50% #22,1714,0.0178287222426975,0.031401284075476,0.0081600586862684,-0.0135725618327784,0.0096686635564291,False,True,True,,128,2,34049
w=128 s=2,Random 50% #23,1714,-0.0051929851771431,0.0554225992142303,0.029861612749699,-0.0606155843913734,-0.0350545979268421,False,False,False,,128,2,34049
w=128 s=2,Random 50% #24,1714,0.0201698382197979,0.035258722135903,-0.0098787714608822,-0.015088883916105,0.0300486096806801,True,True,True,,128,2,34049
w=128 s=2,Random 50% #25,1714,0.0024135223603308,0.064040818008173,0.0016175401058735,-0.0616272956478422,0.0007959822544572,False,True,True,,128,2,34049
w=128 s=2,Random 50% #26,1714,-0.0063986093578627,0.0600529421246016,0.0017037292728453,-0.0664515514824643,-0.008102338630708,False,False,False,,128,2,34049
w=128 s=2,Random 50% #27,1714,-0.0048317683881064,0.0599228399504441,-0.0127298225124591,-0.0647546083385506,0.0078980541243527,True,True,True,,128,2,34049
w=128 s=2,Random 50% #28,1714,0.0098094573797898,0.0497546317567953,0.0017367063156757,-0.0399451743770054,0.0080727510641141,False,True,True,,128,2,34049
w=128 s=2,Random 50% #29,1714,0.0125552608311229,0.0333424928538541,-0.0002734842155204,-0.0207872320227311,0.0128287450466433,True,True,True,,128,2,34049
w=128 s=2,Random 50% #30,1714,0.0022139615866539,0.0513512231911,-0.0078053707297447,-0.049137261604446,0.0100193323163986,True,True,True,,128,2,34049
w=128 s=2,Random 50% #31,1714,0.0081502190717898,0.053296116649853,0.001016551259833,-0.0451458975780632,0.0071336678119567,False,True,True,,128,2,34049
w=128 s=2,Random 50% #32,1714,-0.0092920029904661,0.0443171077689905,-0.0368177533207049,-0.0536091107594567,0.0275257503302387,True,True,True,,128,2,34049
w=128 s=2,Random 50% #33,1714,-0.002514181228832,0.0575159915667336,0.0118311760719986,-0.0600301727955656,-0.0143453573008306,False,False,False,,128,2,34049
w=128 s=2,Random 50% #34,1714,0.0070180513371488,0.0642593461714555,-0.0095835719873864,-0.0572412948343066,0.0166016233245353,True,True,True,,128,2,34049
w=128 s=2,Random 50% #35,1714,0.0093248828878478,0.0696834949231264,0.008421389945475,-0.0603586120352785,0.0009034929423727,False,True,True,,128,2,34049
w=128 s=2,Random 50% #36,1714,0.016912667846362,0.0529680909165002,0.0056569549449162,-0.0360554230701382,0.0112557129014458,False,True,True,,128,2,34049
w=128 s=2,Random 50% #37,1714,0.0036653828805384,0.1045593895113809,-0.0259952826848701,-0.1008940066308424,0.0296606655654086,True,True,True,,128,2,34049
w=128 s=2,Random 50% #38,1714,0.0021576191788371,0.0545393351618417,-0.0092303710677776,-0.0523817159830046,0.0113879902466147,True,True,True,,128,2,34049
w=128 s=2,Random 50% #39,1714,0.0170086158804934,0.0328303459179652,0.0460272993426179,-0.0158217300374718,-0.0290186834621245,False,False,False,,128,2,34049
w=128 s=2,Random 50% #40,1714,0.018520937100027,0.0606940941087364,-0.0143803785905472,-0.0421731570087093,0.0329013156905743,True,True,True,,128,2,34049
w=128 s=2,Random 50% #41,1714,0.0027199322354597,0.0536023967127555,-0.0125188003672848,-0.0508824644772957,0.0152387326027445,True,True,True,,128,2,34049
w=128 s=2,Random 50% #42,1714,0.0178900300253214,0.0909691169988071,-0.0321507138876399,-0.0730790869734857,0.0500407439129613,True,True,True,,128,2,34049
w=128 s=2,Random 50% #43,1714,0.0169958506224066,0.0636679937241561,0.0052893622194039,-0.0466721431017495,0.0117064884030026,False,True,True,,128,2,34049
w=128 s=2,Random 50% #44,1714,-0.0080414937759336,0.0486950785998499,0.0048240335484226,-0.0567365723757835,-0.0128655273243562,False,False,False,,128,2,34049
w=128 s=2,Random 50% #45,1714,-0.0006684003732017,0.0358865535270949,-0.0128945320500448,-0.0365549539002967,0.0122261316768431,True,True,True,,128,2,34049
w=128 s=2,Random 50% #46,1714,-0.0127567411871579,0.0652660829310691,-0.014761609097503,-0.0780228241182271,0.0020048679103451,True,True,True,,128,2,34049
w=128 s=2,Random 50% #47,1714,-0.0023071888899981,0.0594349396549507,0.007306886186204,-0.0617421285449489,-0.0096140750762021,False,False,False,,128,2,34049
w=128 s=2,Random 50% #48,1714,0.0007707867678387,0.0403976565156727,-0.0169356408978867,-0.0396268697478339,0.0177064276657255,True,True,True,,128,2,34049
w=128 s=2,Random 50% #49,1714,-0.0052585890287469,0.0472747057209809,-0.0302594802350782,-0.0525332947497278,0.0250008912063313,True,True,True,,128,2,34049
w=128 s=2,Random 50% #50,1714,-0.009935439192208,0.0523791389972804,-0.0163922545563557,-0.0623145781894885,0.0064568153641477,True,True,True,,128,2,34049
w=128 s=2,Random 30% #1,1028,0.0177032019704433,0.072849127213873,0.0075296206518554,-0.0551459252434296,0.0101735813185879,False,True,True,,128,2,34049
w=128 s=2,Random 30% #2,1028,-0.0188812287552644,0.029687873705492,0.0002841084263378,-0.0485691024607565,-0.0191653371816023,False,False,False,,128,2,34049
w=128 s=2,Random 30% #3,1028,-0.0136963318843895,0.0153527127580219,-0.0205543977535647,-0.0290490446424115,0.0068580658691751,True,True,True,,128,2,34049
w=128 s=2,Random 30% #4,1028,0.012612065619632,0.0656690456682581,0.0037950233889621,-0.053056980048626,0.0088170422306699,False,True,True,,128,2,34049
w=128 s=2,Random 30% #5,1028,0.012955140579904,0.0570011278838454,-0.0046703649225779,-0.0440459873039413,0.017625505502482,True,True,True,,128,2,34049
w=128 s=2,Random 30% #6,1028,0.011061887501678,0.0512703724307464,0.0025762048568503,-0.0402084849290683,0.0084856826448277,False,True,True,,128,2,34049
w=128 s=2,Random 30% #7,1028,-0.0019795447047178,0.0589530406582137,-0.01649854309861,-0.0609325853629316,0.0145189983938921,True,True,True,,128,2,34049
w=128 s=2,Random 30% #8,1028,-0.0013757582957458,0.0584778334237992,-0.0010233795035941,-0.0598535917195451,-0.0003523787921517,True,False,True,,128,2,34049
w=128 s=2,Random 30% #9,1028,0.0167924069116573,0.0449520084438809,-0.0084167678330348,-0.0281596015322236,0.0252091747446921,True,True,True,,128,2,34049
w=128 s=2,Random 30% #10,1028,0.0218614718614718,0.0451955772696971,-0.042464922259022,-0.0233341054082252,0.0643263941204938,True,True,True,,128,2,34049
w=128 s=2,Random 30% #11,1028,0.0036992125742528,0.0551057810377828,-0.0205477381119509,-0.05140656846353,0.0242469506862038,True,True,True,,128,2,34049
w=128 s=2,Random 30% #12,1028,-0.0176439165409753,0.0029305968053488,0.0295275340021318,-0.0205745133463242,-0.0471714505431072,False,False,False,,128,2,34049
w=128 s=2,Random 30% #13,1028,0.0061871080085679,0.0550093655261904,-0.0152479966864073,-0.0488222575176224,0.0214351046949753,True,True,True,,128,2,34049
w=128 s=2,Random 30% #14,1028,-0.0024039572835282,0.0503712984923482,-0.010051701160149,-0.0527752557758764,0.0076477438766207,True,True,True,,128,2,34049
w=128 s=2,Random 30% #15,1028,-0.0014797507788162,0.0709306414489687,-0.0097866292593992,-0.0724103922277849,0.008306878480583,True,True,True,,128,2,34049
w=128 s=2,Random 30% #16,1028,0.006823838043474,0.054739977303394,-0.0379461685205717,-0.04791613925992,0.0447700065640458,True,True,True,,128,2,34049
w=128 s=2,Random 30% #17,1028,0.0030261642698374,0.0685077542947412,-0.0053281029019308,-0.0654815900249038,0.0083542671717683,True,True,True,,128,2,34049
w=128 s=2,Random 30% #18,1028,0.008237689744539,0.0870926972261327,-0.0038963185390648,-0.0788550074815936,0.0121340082836039,True,True,True,,128,2,34049
w=128 s=2,Random 30% #19,1028,0.0066883064376393,0.0396366815915324,-0.0311541132712427,-0.0329483751538931,0.037842419708882,True,True,True,,128,2,34049
w=128 s=2,Random 30% #20,1028,-0.0099963316214233,0.0509916071088237,-0.015299133373939,-0.0609879387302471,0.0053028017525156,True,True,True,,128,2,34049
w=128 s=2,Random 30% #21,1028,0.002277451699682,0.0612245650181458,-0.0417536296516291,-0.0589471133184637,0.0440310813513112,True,True,True,,128,2,34049
w=128 s=2,Random 30% #22,1028,0.0271739130434782,0.0348517878069581,0.0160897189968257,-0.0076778747634798,0.0110841940466525,False,True,True,,128,2,34049
w=128 s=2,Random 30% #23,1028,0.0053719593676173,0.0584205770579695,-0.0042756521310461,-0.0530486176903522,0.0096476114986635,True,True,True,,128,2,34049
w=128 s=2,Random 30% #24,1028,0.0374355138753044,0.0490017428693824,0.0167589297922923,-0.011566228994078,0.0206765840830121,False,True,True,,128,2,34049
w=128 s=2,Random 30% #25,1028,0.0207335170659317,0.0500651290516611,-0.008095078028321,-0.0293316119857293,0.0288285950942527,True,True,True,,128,2,34049
w=128 s=2,Random 30% #26,1028,0.000322640117994,0.0496777363215662,-0.0123568848781922,-0.0493550962035721,0.0126795249961863,True,True,True,,128,2,34049
w=128 s=2,Random 30% #27,1028,-0.0133699862551543,0.0179387291029906,0.0604722329540849,-0.0313087153581449,-0.0738422192092392,False,False,False,,128,2,34049
w=128 s=2,Random 30% #28,1028,0.0048546691403834,0.0766321769758659,0.0015515514359381,-0.0717775078354824,0.0033031177044453,False,True,True,,128,2,34049
w=128 s=2,Random 30% #29,1028,0.0132264436461088,0.0619258813973466,-0.0032525868685087,-0.0486994377512377,0.0164790305146176,True,True,True,,128,2,34049
w=128 s=2,Random 30% #30,1028,0.0073191060456281,0.0472283205162532,-0.0256067973074009,-0.039909214470625,0.032925903353029,True,True,True,,128,2,34049
w=128 s=2,Random 30% #31,1028,0.0186572318838355,0.0620728992447556,0.0242981509735982,-0.0434156673609201,-0.0056409190897627,False,False,False,,128,2,34049
w=128 s=2,Random 30% #32,1028,0.0146773132638857,0.0663197259956252,-0.0103433540625653,-0.0516424127317394,0.025020667326451,True,True,True,,128,2,34049
w=128 s=2,Random 30% #33,1028,0.0107989019115876,0.0693224863416695,0.0012925650235885,-0.0585235844300818,0.009506336887999,False,True,True,,128,2,34049
w=128 s=2,Random 30% #34,1028,0.0036708111308466,0.0784415637084765,-0.01365713940436,-0.0747707525776299,0.0173279505352067,True,True,True,,128,2,34049
w=128 s=2,Random 30% #35,1028,-0.0021279853031231,0.0503798903069949,0.0055994529486048,-0.052507875610118,-0.007727438251728,False,False,False,,128,2,34049
w=128 s=2,Random 30% #36,1028,-0.0048226599270606,0.0375828308537528,0.003680591727409,-0.0424054907808135,-0.0085032516544696,False,False,False,,128,2,34049
w=128 s=2,Random 30% #37,1028,-0.0037446257685728,0.0439642661221032,0.0315635429902814,-0.0477088918906761,-0.0353081687588543,False,False,False,,128,2,34049
w=128 s=2,Random 30% #38,1028,0.0108722741433021,-0.0245961499640661,-0.0056006446156726,0.0354684241073682,0.0164729187589747,False,False,False,,128,2,34049
w=128 s=2,Random 30% #39,1028,0.0380230468256006,0.0635613594349184,-0.0032852784335864,-0.0255383126093178,0.041308325259187,True,True,True,,128,2,34049
w=128 s=2,Random 30% #40,1028,-0.0156995008383602,0.071417640152572,0.0103477602115883,-0.0871171409909323,-0.0260472610499486,False,False,False,,128,2,34049
w=128 s=2,Random 30% #41,1028,0.0003191021554961,0.047238837122749,0.0034338282871825,-0.0469197349672528,-0.0031147261316864,False,False,False,,128,2,34049
w=128 s=2,Random 30% #42,1028,0.0039796984507742,0.0127830831660651,0.0207470424834275,-0.0088033847152909,-0.0167673440326533,False,False,False,,128,2,34049
w=128 s=2,Random 30% #43,1028,0.0320665445665445,0.0459640214298758,-0.0055540662833722,-0.0138974768633313,0.0376206108499168,True,True,True,,128,2,34049
w=128 s=2,Random 30% #44,1028,0.014617494198646,0.0437601032528847,-0.0209067352704877,-0.0291426090542387,0.0355242294691337,True,True,True,,128,2,34049
w=128 s=2,Random 30% #45,1028,-0.010677190889205,0.0402089331251291,-0.0392480521212814,-0.0508861240143341,0.0285708612320764,True,True,True,,128,2,34049
w=128 s=2,Random 30% #46,1028,-0.0211341559464426,0.0612893479977345,-0.017538878518044,-0.0824235039441771,-0.0035952774283985,True,False,True,,128,2,34049
w=128 s=2,Random 30% #47,1028,0.0021068472535741,0.0815390020312661,-0.023962359291931,-0.0794321547776919,0.0260692065455051,True,True,True,,128,2,34049
w=128 s=2,Random 30% #48,1028,0.0099373113536103,0.0609708649867198,0.0108793728033236,-0.0510335536331094,-0.0009420614497132,False,False,False,,128,2,34049
w=128 s=2,Random 30% #49,1028,-0.0033935788911766,0.0513743881567676,-0.0179385700781719,-0.0547679670479443,0.0145449911869952,True,True,True,,128,2,34049
w=128 s=2,Random 30% #50,1028,-0.0149638584774062,0.048647733558907,0.0160896869196204,-0.0636115920363133,-0.0310535453970267,False,False,False,,128,2,34049
w=256 s=0,All Patients,3429,0.0078818040435458,0.0272936956076771,0.0496296953931442,-0.0194118915641312,-0.0417478913495984,False,False,False,,256,0,133633
w=256 s=0,ICUType 1.0,490,0.0294939989088925,0.0426921632840506,0.0085777050762615,-0.0131981643751581,0.020916293832631,False,True,True,,256,0,133633
w=256 s=0,ICUType 2.0,643,-0.000975689080413,0.0320708769896524,-0.0118101407490934,-0.0330465660700654,0.0108344516686804,True,True,True,,256,0,133633
w=256 s=0,ICUType 3.0,1357,-0.0217764843549488,0.0208123082917192,0.04215354983629,-0.042588792646668,-0.0639300341912388,False,False,False,,256,0,133633
w=256 s=0,ICUType 4.0,939,0.0202084035501629,0.0688256720680493,0.0071027261405665,-0.0486172685178864,0.0131056774095963,False,True,True,,256,0,133633
w=256 s=0,Age decile 0,374,0.046026807780653,0.0452904604407272,-0.0225989502170722,0.0007363473399258,0.0686257579977252,True,False,True,,256,0,133633
w=256 s=0,Age decile 1,344,0.0273634472301562,0.0581689735517702,-0.0180196800963415,-0.030805526321614,0.0453831273264977,True,True,True,,256,0,133633
w=256 s=0,Age decile 2,347,0.0042864169770219,0.0057637695161288,0.0317694963679009,-0.0014773525391068,-0.0274830793908789,False,False,False,,256,0,133633
w=256 s=0,Age decile 3,325,0.0096292729898892,0.071591379049196,0.0582606104153797,-0.0619621060593067,-0.0486313374254905,False,False,False,,256,0,133633
w=256 s=0,Age decile 4,372,-0.0152359717577108,0.0494189766517661,-0.0280904508943461,-0.064654948409477,0.0128544791366353,True,True,True,,256,0,133633
w=256 s=0,Age decile 5,344,-0.0250497851378262,0.0318571968977349,0.0081845582565442,-0.0569069820355611,-0.0332343433943705,False,False,False,,256,0,133633
w=256 s=0,Age decile 6,397,-0.0004719207173194,0.041245272222237,-0.0256569115745746,-0.0417171929395565,0.0251849908572552,True,True,True,,256,0,133633
w=256 s=0,Age decile 7,247,0.0173747705218987,0.0673727604486698,0.0157603874207435,-0.049997989926771,0.0016143831011552,False,True,True,,256,0,133633
w=256 s=0,Age decile 8,354,-0.0216450216450216,0.0430789335807408,-0.0175454186239372,-0.0647239552257625,-0.0040996030210843,True,False,True,,256,0,133633
w=256 s=0,Age decile 9,325,-0.0771864301276066,0.0603601249755206,0.0271369478240308,-0.1375465551031272,-0.1043233779516374,False,False,False,,256,0,133633
w=256 s=0,HR quartile 0,877,0.0371049136786188,0.0831460465135125,0.024998979065025,-0.0460411328348936,0.0121059346135938,False,True,True,,256,0,133633
w=256 s=0,HR quartile 1,917,-0.0169849537037037,-0.0162428104891745,-0.0223638077053452,-0.0007421432145292,0.0053788540016415,False,True,True,,256,0,133633
w=256 s=0,HR quartile 2,816,0.034861311019492,0.0456230368602946,-0.0088261033626337,-0.0107617258408025,0.0436874143821258,True,True,True,,256,0,133633
w=256 s=0,HR quartile 3,819,-0.0232600311906863,0.0402601651781239,0.003264908855964,-0.0635201963688102,-0.0265249400466503,False,False,False,,256,0,133633
w=256 s=0,MAP quartile 0,877,-0.0141240285818599,0.037612443348956,0.0018471893284994,-0.0517364719308159,-0.0159712179103593,False,False,False,,256,0,133633
w=256 s=0,MAP quartile 1,840,0.02392179413456,0.04117598911931,0.0060898777578239,-0.0172541949847499,0.0178319163767361,False,True,True,,256,0,133633
w=256 s=0,MAP quartile 2,866,0.0104058609958506,0.0608223501577955,-0.0297075909525567,-0.0504164891619449,0.0401134519484074,True,True,True,,256,0,133633
w=256 s=0,MAP quartile 3,846,0.0090927756430939,0.0700185283395913,0.0248933257485214,-0.0609257526964974,-0.0158005501054274,False,False,False,,256,0,133633
w=256 s=0,Temp quartile 0,902,0.0068727157158747,0.0508439486781099,0.0210529524775406,-0.0439712329622351,-0.0141802367616658,False,False,False,,256,0,133633
w=256 s=0,Temp quartile 1,864,0.0305627470437901,0.064327745726342,-0.0346878773724429,-0.0337649986825518,0.0652506244162331,True,True,True,,256,0,133633
w=256 s=0,Temp quartile 2,838,-0.0036346905912123,0.0592811215198014,-0.006851645623721,-0.0629158121110137,0.0032169550325087,True,True,True,,256,0,133633
w=256 s=0,Temp quartile 3,825,-0.0023612750885478,0.0555982846223685,-0.0111896759299579,-0.0579595597109163,0.0088284008414101,True,True,True,,256,0,133633
w=256 s=0,Urine quartile 0,859,-0.0313289760348584,0.0196815331956716,-0.0135055225523977,-0.05101050923053,-0.0178234534824606,True,False,True,,256,0,133633
w=256 s=0,Urine quartile 1,913,-0.0210526315789473,0.0260030818093705,-0.0485638956561559,-0.0470557133883179,0.0275112640772085,True,True,True,,256,0,133633
w=256 s=0,Urine quartile 2,802,0.0149901230333403,0.0554982097958,0.004961844715837,-0.0405080867624597,0.0100282783175032,False,True,True,,256,0,133633
w=256 s=0,Urine quartile 3,855,0.0601118199903958,0.078913872948986,-0.0220306500009384,-0.0188020529585902,0.0821424699913342,True,True,True,,256,0,133633
w=256 s=0,SAPS quartile 0,1025,0.0026756349262149,0.0303642142315611,-0.0223295225101484,-0.0276885793053462,0.0250051574363634,True,True,True,,256,0,133633
w=256 s=0,SAPS quartile 1,946,0.0452124666297511,0.0626755951981644,-0.018388862396699,-0.0174631285684132,0.0636013290264502,True,True,True,,256,0,133633
w=256 s=0,SAPS quartile 2,660,0.0015384615384615,0.0467383208938345,-0.0002523478055727,-0.0451998593553729,0.0017908093440343,True,True,True,,256,0,133633
w=256 s=0,SAPS quartile 3,798,-0.0389986891196934,0.0667829881604922,0.043392571522386,-0.1057816772801857,-0.0823912606420795,False,False,False,,256,0,133633
w=256 s=0,HR > 100,945,-0.0351262896411669,0.0126379389260799,-0.0230467466785788,-0.0477642285672469,-0.0120795429625881,True,False,True,,256,0,133633
w=256 s=0,MAP < 65,697,-0.0279136809159047,0.0207013982326246,0.0128875263189045,-0.0486150791485294,-0.0408012072348093,False,False,False,,256,0,133633
w=256 s=0,Temp > 38C,267,-0.0430204913392958,0.0403460035546575,-0.0045396303244566,-0.0833664948939533,-0.0384808610148391,True,False,True,,256,0,133633
w=256 s=0,Urine > 1000,210,0.0458952811893988,0.0707814092754717,-0.0416718851376315,-0.0248861280860728,0.0875671663270303,True,True,True,,256,0,133633
w=256 s=0,Random 50% #1,1714,0.0148182289884191,0.0419353967931377,-0.0183746478711214,-0.0271171678047185,0.0331928768595406,True,True,True,,256,0,133633
w=256 s=0,Random 50% #2,1714,0.0038708396744524,0.0130988333683849,-0.0075074263324903,-0.0092279936939325,0.0113782660069427,True,True,True,,256,0,133633
w=256 s=0,Random 50% #3,1714,0.0221853388658367,0.0732566678006981,0.0094133162672813,-0.0510713289348613,0.0127720225985554,False,True,True,,256,0,133633
w=256 s=0,Random 50% #4,1714,0.0209444740819774,0.0101313358157876,0.0244948523221482,0.0108131382661897,-0.0035503782401708,False,True,True,,256,0,133633
w=256 s=0,Random 50% #5,1714,0.025145147627017,0.0514498789940936,0.0229327432651659,-0.0263047313670765,0.0022124043618511,False,True,True,,256,0,133633
w=256 s=0,Random 50% #6,1714,-0.0032358828377694,0.0705629978505403,0.0612941719373412,-0.0737988806883098,-0.0645300547751107,False,False,False,,256,0,133633
w=256 s=0,Random 50% #7,1714,0.0203886964648963,0.0660052523411683,-0.019399893290612,-0.0456165558762719,0.0397885897555084,True,True,True,,256,0,133633
w=256 s=0,Random 50% #8,1714,-0.0080211409064465,0.061556724157659,0.0087567046722029,-0.0695778650641055,-0.0167778455786495,False,False,False,,256,0,133633
w=256 s=0,Random 50% #9,1714,-0.0018808498325041,0.0796412543733302,-0.0406755960869186,-0.0815221042058343,0.0387947462544144,True,True,True,,256,0,133633
w=256 s=0,Random 50% #10,1714,0.0032849222618878,0.0629933169084596,0.0332394834847038,-0.0597083946465717,-0.0299545612228159,False,False,False,,256,0,133633
w=256 s=0,Random 50% #11,1714,0.0064028840624585,0.0800166047604577,-0.0125261237826465,-0.0736137206979992,0.0189290078451051,True,True,True,,256,0,133633
w=256 s=0,Random 50% #12,1714,-0.0033234372422892,0.0500776645110538,-0.0142401086733259,-0.0534011017533431,0.0109166714310366,True,True,True,,256,0,133633
w=256 s=0,Random 50% #13,1714,0.0032517955657333,0.0464318229313997,-0.0035231184766746,-0.0431800273656664,0.0067749140424079,True,True,True,,256,0,133633
w=256 s=0,Random 50% #14,1714,0.0062157191184681,0.0758663352548506,-0.0309990418536772,-0.0696506161363824,0.0372147609721453,True,True,True,,256,0,133633
w=256 s=0,Random 50% #15,1714,0.0026854501430772,0.0417878550816448,0.0223735229190735,-0.0391024049385675,-0.0196880727759962,False,False,False,,256,0,133633
w=256 s=0,Random 50% #16,1714,0.0188052608311229,0.0566809567078283,0.0268916932700721,-0.0378756958767054,-0.0080864324389492,False,False,False,,256,0,133633
w=256 s=0,Random 50% #17,1714,0.0073507410721795,-0.0536125109782926,0.0574036865612907,0.0609632520504722,-0.0500529454891112,True,True,True,,256,0,133633
w=256 s=0,Random 50% #18,1714,0.0251803786741562,0.063118586447847,0.0230832333784233,-0.0379382077736908,0.0020971452957328,False,True,True,,256,0,133633
w=256 s=0,Random 50% #19,1714,0.0087463233253787,0.0427829923413718,-0.036469629418343,-0.0340366690159931,0.0452159527437218,True,True,True,,256,0,133633
w=256 s=0,Random 50% #20,1714,0.0239488541873964,0.0488760941847439,0.045529337152699,-0.0249272399973475,-0.0215804829653026,False,False,False,,256,0,133633
w=256 s=0,Random 50% #21,1714,0.0016605879752431,0.0313510336234325,0.0005110931959788,-0.0296904456481894,0.0011494947792643,False,True,True,,256,0,133633
w=256 s=0,Random 50% #22,1714,0.0178287222426975,0.0396620186302561,-0.0245356115457402,-0.0218332963875586,0.0423643337884378,True,True,True,,256,0,133633
w=256 s=0,Random 50% #23,1714,-0.0051929851771431,0.0529574259163183,-0.0526801026978155,-0.0581504110934614,0.0474871175206724,True,True,True,,256,0,133633
w=256 s=0,Random 50% #24,1714,0.0201698382197979,0.0419146237615535,-0.0097935422425975,-0.0217447855417556,0.0299633804623955,True,True,True,,256,0,133633
w=256 s=0,Random 50% #25,1714,0.0024135223603308,0.0538140722180312,-0.0025087976865271,-0.0514005498577003,0.0049223200468579,True,True,True,,256,0,133633
w=256 s=0,Random 50% #26,1714,-0.0063986093578627,0.0270084859823688,0.040936949826785,-0.0334070953402315,-0.0473355591846477,False,False,False,,256,0,133633
w=256 s=0,Random 50% #27,1714,-0.0048317683881064,0.0405526604427709,-0.0091442723478513,-0.0453844288308773,0.0043125039597449,True,True,True,,256,0,133633
w=256 s=0,Random 50% #28,1714,0.0098094573797898,0.0441823659847734,-0.0119575926574086,-0.0343729086049836,0.0217670500371984,True,True,True,,256,0,133633
w=256 s=0,Random 50% #29,1714,0.0125552608311229,0.0236732278289672,-0.017707155464619,-0.0111179669978443,0.0302624162957419,True,True,True,,256,0,133633
w=256 s=0,Random 50% #30,1714,0.0022139615866539,0.005576294305103,0.0351010092717428,-0.0033623327184491,-0.0328870476850889,False,False,False,,256,0,133633
w=256 s=0,Random 50% #31,1714,0.0081502190717898,0.0438489566500847,-0.0257380521312776,-0.0356987375782949,0.0338882712030674,True,True,True,,256,0,133633
w=256 s=0,Random 50% #32,1714,-0.0092920029904661,0.0475548236822562,-0.0043743890606438,-0.0568468266727224,-0.0049176139298223,True,False,True,,256,0,133633
w=256 s=0,Random 50% #33,1714,-0.002514181228832,0.0721113041030292,-0.0515975390077132,-0.0746254853318612,0.0490833577788812,True,True,True,,256,0,133633
w=256 s=0,Random 50% #34,1714,0.0070180513371488,-0.0120609385921661,0.0597343463116684,0.019078989929315,-0.0527162949745196,True,True,True,,256,0,133633
w=256 s=0,Random 50% #35,1714,0.0093248828878478,0.0651570632017271,0.0063317103834662,-0.0558321803138792,0.0029931725043816,False,True,True,,256,0,133633
w=256 s=0,Random 50% #36,1714,0.016912667846362,-0.016100480320542,-0.0107611901277829,0.033013148166904,0.0276738579741449,False,False,False,,256,0,133633
w=256 s=0,Random 50% #37,1714,0.0036653828805384,0.0467189112438672,-0.0067036936164115,-0.0430535283633287,0.01036907649695,True,True,True,,256,0,133633
w=256 s=0,Random 50% #38,1714,0.0021576191788371,0.0614836058056012,-0.0057741300846891,-0.059325986626764,0.0079317492635262,True,True,True,,256,0,133633
w=256 s=0,Random 50% #39,1714,0.0170086158804934,0.0530361756455146,0.0104357815674255,-0.0360275597650212,0.0065728343130678,False,True,True,,256,0,133633
w=256 s=0,Random 50% #40,1714,0.018520937100027,0.0504430376384677,0.0347861457471563,-0.0319221005384406,-0.0162652086471292,False,False,False,,256,0,133633
w=256 s=0,Random 50% #41,1714,0.0027199322354597,0.0393049050221323,-0.0050759871467528,-0.0365849727866725,0.0077959193822126,True,True,True,,256,0,133633
w=256 s=0,Random 50% #42,1714,0.0178900300253214,0.0519108841570655,-0.0134125076913275,-0.0340208541317441,0.0313025377166489,True,True,True,,256,0,133633
w=256 s=0,Random 50% #43,1714,0.0169958506224066,0.0432454709180197,-0.0061470459478279,-0.026249620295613,0.0231428965702346,True,True,True,,256,0,133633
w=256 s=0,Random 50% #44,1714,-0.0080414937759336,0.0200797336345974,-0.0145110190006092,-0.028121227410531,0.0064695252246756,True,True,True,,256,0,133633
w=256 s=0,Random 50% #45,1714,-0.0006684003732017,0.0604582076812298,-0.0040993656898412,-0.0611266080544315,0.0034309653166395,True,True,True,,256,0,133633
w=256 s=0,Random 50% #46,1714,-0.0127567411871579,0.0631888224019353,0.0066995392477161,-0.0759455635890932,-0.0194562804348741,False,False,False,,256,0,133633
w=256 s=0,Random 50% #47,1714,-0.0023071888899981,0.0153621563439412,0.0023629695237696,-0.0176693452339394,-0.0046701584137677,False,False,False,,256,0,133633
w=256 s=0,Random 50% #48,1714,0.0007707867678387,0.0619156579378689,0.0226483144129797,-0.0611448711700302,-0.0218775276451409,False,False,False,,256,0,133633
w=256 s=0,Random 50% #49,1714,-0.0052585890287469,0.0381290641190888,0.0157489465312328,-0.0433876531478358,-0.0210075355599797,False,False,False,,256,0,133633
w=256 s=0,Random 50% #50,1714,-0.009935439192208,0.0494430559492241,0.0005314351469325,-0.0593784951414322,-0.0104668743391405,False,False,False,,256,0,133633
w=256 s=0,Random 30% #1,1028,0.0177032019704433,0.0620682589260514,0.0303839578062074,-0.044365056955608,-0.0126807558357641,False,False,False,,256,0,133633
w=256 s=0,Random 30% #2,1028,-0.0188812287552644,0.0446648636366105,0.0160128982206294,-0.0635460923918749,-0.0348941269758939,False,False,False,,256,0,133633
w=256 s=0,Random 30% #3,1028,-0.0136963318843895,0.0120446739563984,-0.004975195015987,-0.0257410058407879,-0.0087211368684025,True,False,True,,256,0,133633
w=256 s=0,Random 30% #4,1028,0.012612065619632,0.0106385500971613,-0.0202600572435616,0.0019735155224707,0.0328721228631937,True,False,True,,256,0,133633
w=256 s=0,Random 30% #5,1028,0.012955140579904,0.0567431056903733,0.0064112443963738,-0.0437879651104693,0.0065438961835301,False,True,True,,256,0,133633
w=256 s=0,Random 30% #6,1028,0.011061887501678,0.0605565182253656,-0.0064504927581248,-0.0494946307236875,0.0175123802598028,True,True,True,,256,0,133633
w=256 s=0,Random 30% #7,1028,-0.0019795447047178,0.0066009199112858,-0.0029983836928498,-0.0085804646160037,0.0010188389881319,True,True,True,,256,0,133633
w=256 s=0,Random 30% #8,1028,-0.0013757582957458,0.0384387249558606,0.0120236568630799,-0.0398144832516065,-0.0133994151588257,False,False,False,,256,0,133633
w=256 s=0,Random 30% #9,1028,0.0167924069116573,0.0518597082876533,0.0027131123402636,-0.0350673013759959,0.0140792945713936,False,True,True,,256,0,133633
w=256 s=0,Random 30% #10,1028,0.0218614718614718,0.0653191996743678,-0.0372526017418994,-0.043457727812896,0.0591140736033713,True,True,True,,256,0,133633
w=256 s=0,Random 30% #11,1028,0.0036992125742528,0.0047249010392242,-0.0057414905632427,-0.0010256884649714,0.0094407031374955,True,True,True,,256,0,133633
w=256 s=0,Random 30% #12,1028,-0.0176439165409753,0.0332281027107507,0.0031761801431157,-0.0508720192517261,-0.020820096684091,False,False,False,,256,0,133633
w=256 s=0,Random 30% #13,1028,0.0061871080085679,0.0689901924345747,-0.0084220513405529,-0.0628030844260067,0.0146091593491208,True,True,True,,256,0,133633
w=256 s=0,Random 30% #14,1028,-0.0024039572835282,0.0407237030869776,0.0134722672543152,-0.0431276603705059,-0.0158762245378435,False,False,False,,256,0,133633
w=256 s=0,Random 30% #15,1028,-0.0014797507788162,0.0623815902949914,-0.0099187849704063,-0.0638613410738076,0.0084390341915901,True,True,True,,256,0,133633
w=256 s=0,Random 30% #16,1028,0.006823838043474,0.0407386200331907,-0.0328879257819693,-0.0339147819897166,0.0397117638254434,True,True,True,,256,0,133633
w=256 s=0,Random 30% #17,1028,0.0030261642698374,0.0679814509932271,0.0013204826041655,-0.0649552867233896,0.0017056816656719,False,True,True,,256,0,133633
w=256 s=0,Random 30% #18,1028,0.008237689744539,0.0490789382592817,-0.0080801998355867,-0.0408412485147427,0.0163178895801257,True,True,True,,256,0,133633
w=256 s=0,Random 30% #19,1028,0.0066883064376393,0.029019388161883,-0.0318755703318179,-0.0223310817242437,0.0385638767694573,True,True,True,,256,0,133633
w=256 s=0,Random 30% #20,1028,-0.0099963316214233,0.0479834146533273,0.0037354944237656,-0.0579797462747507,-0.0137318260451889,False,False,False,,256,0,133633
w=256 s=0,Random 30% #21,1028,0.002277451699682,0.052821125588812,-0.0454125984492668,-0.0505436738891299,0.0476900501489489,True,True,True,,256,0,133633
w=256 s=0,Random 30% #22,1028,0.0271739130434782,0.1361358046072884,0.0185916642851179,-0.1089618915638102,0.0085822487583603,False,True,True,,256,0,133633
w=256 s=0,Random 30% #23,1028,0.0053719593676173,0.0216509315578466,0.0096536608528385,-0.0162789721902293,-0.0042817014852211,False,False,False,,256,0,133633
w=256 s=0,Random 30% #24,1028,0.0374355138753044,0.0557125715702669,-0.0054266600229811,-0.0182770576949624,0.0428621738982856,True,True,True,,256,0,133633
w=256 s=0,Random 30% #25,1028,0.0207335170659317,0.0415402542976397,-0.0126821008131222,-0.0208067372317079,0.0334156178790539,True,True,True,,256,0,133633
w=256 s=0,Random 30% #26,1028,0.000322640117994,0.0455538317476915,-0.0257197170381604,-0.0452311916296974,0.0260423571561545,True,True,True,,256,0,133633
w=256 s=0,Random 30% #27,1028,-0.0133699862551543,0.0721329898616743,0.0920896381575759,-0.0855029761168286,-0.1054596244127302,False,False,False,,256,0,133633
w=256 s=0,Random 30% #28,1028,0.0048546691403834,0.0574033554519934,0.0043091419189532,-0.05254868631161,0.0005455272214301,False,True,True,,256,0,133633
w=256 s=0,Random 30% #29,1028,0.0132264436461088,0.0625234312513742,-0.0094057753374313,-0.0492969876052653,0.0226322189835402,True,True,True,,256,0,133633
w=256 s=0,Random 30% #30,1028,0.0073191060456281,0.0433283504202768,-0.0228746035229999,-0.0360092443746487,0.030193709568628,True,True,True,,256,0,133633
w=256 s=0,Random 30% #31,1028,0.0186572318838355,0.0442703076007365,0.031498844477334,-0.025613075716901,-0.0128416125934985,False,False,False,,256,0,133633
w=256 s=0,Random 30% #32,1028,0.0146773132638857,0.0689343216227264,-0.0021566856848232,-0.0542570083588406,0.0168339989487089,True,True,True,,256,0,133633
w=256 s=0,Random 30% #33,1028,0.0107989019115876,0.0552084372015962,0.0141624369324513,-0.0444095352900086,-0.0033635350208637,False,False,False,,256,0,133633
w=256 s=0,Random 30% #34,1028,0.0036708111308466,0.0499263098184989,-0.0171301503275157,-0.0462554986876522,0.0208009614583623,True,True,True,,256,0,133633
w=256 s=0,Random 30% #35,1028,-0.0021279853031231,0.045207033646672,0.0074110138611352,-0.0473350189497951,-0.0095389991642583,False,False,False,,256,0,133633
w=256 s=0,Random 30% #36,1028,-0.0048226599270606,0.0444253196278201,-0.0140372977892868,-0.0492479795548808,0.0092146378622262,True,True,True,,256,0,133633
w=256 s=0,Random 30% #37,1028,-0.0037446257685728,-0.0066908369349717,0.029562859784328,0.0029462111663988,-0.0333074855529009,True,True,True,,256,0,133633
w=256 s=0,Random 30% #38,1028,0.0108722741433021,0.0070573185021516,-0.0033283244943801,0.0038149556411505,0.0142005986376823,True,False,True,,256,0,133633
w=256 s=0,Random 30% #39,1028,0.0380230468256006,0.0513639884073675,-0.0181344012844973,-0.0133409415817669,0.0561574481100979,True,True,True,,256,0,133633
w=256 s=0,Random 30% #40,1028,-0.0156995008383602,0.0400174421807611,-0.0031924444541761,-0.0557169430191213,-0.012507056384184,True,False,True,,256,0,133633
w=256 s=0,Random 30% #41,1028,0.0003191021554961,0.0471587406861141,0.0151041008323993,-0.0468396385306179,-0.0147849986769032,False,False,False,,256,0,133633
w=256 s=0,Random 30% #42,1028,0.0039796984507742,-0.0095254832144645,-0.0245239931901002,0.0135051816652388,0.0285036916408745,False,False,False,,256,0,133633
w=256 s=0,Random 30% #43,1028,0.0320665445665445,0.0564864709348927,-0.0070259601589628,-0.0244199263683481,0.0390925047255074,True,True,True,,256,0,133633
w=256 s=0,Random 30% #44,1028,0.014617494198646,0.0382588756141225,-0.0197706278041742,-0.0236413814154765,0.0343881220028203,True,True,True,,256,0,133633
w=256 s=0,Random 30% #45,1028,-0.010677190889205,0.0453980117660721,-0.0462911140067346,-0.0560752026552772,0.0356139231175295,True,True,True,,256,0,133633
w=256 s=0,Random 30% #46,1028,-0.0211341559464426,0.0040804939142086,-0.003685450392688,-0.0252146498606512,-0.0174487055537546,True,False,True,,256,0,133633
w=256 s=0,Random 30% #47,1028,0.0021068472535741,0.0858120900216308,-0.0202429674553133,-0.0837052427680567,0.0223498147088874,True,True,True,,256,0,133633
w=256 s=0,Random 30% #48,1028,0.0099373113536103,0.0509679190439702,-0.0097285482791688,-0.0410306076903598,0.0196658596327792,True,True,True,,256,0,133633
w=256 s=0,Random 30% #49,1028,-0.0033935788911766,0.05591379064014,0.0007687698870964,-0.0593073695313167,-0.0041623487782731,False,False,False,,256,0,133633
w=256 s=0,Random 30% #50,1028,-0.0149638584774062,0.0374813100857284,0.0100200211602623,-0.0524451685631347,-0.0249838796376686,False,False,False,,256,0,133633
w=256 s=1,All Patients,3429,0.0078818040435458,0.0608360161399091,-0.0204794283916543,-0.0529542120963632,0.0283612324352002,True,True,True,,256,1,133633
w=256 s=1,ICUType 1.0,490,0.0294939989088925,0.0669302374295462,0.0276249789873869,-0.0374362385206537,0.0018690199215055,False,True,True,,256,1,133633
w=256 s=1,ICUType 2.0,643,-0.000975689080413,0.029417007728781,-0.0119628022695596,-0.0303926968091941,0.0109871131891465,True,True,True,,256,1,133633
w=256 s=1,ICUType 3.0,1357,-0.0217764843549488,0.0787948739433503,-0.0419640772343602,-0.1005713582982992,0.0201875928794113,True,True,True,,256,1,133633
w=256 s=1,ICUType 4.0,939,0.0202084035501629,0.0587987102229681,0.0004804432109927,-0.0385903066728052,0.0197279603391701,False,True,True,,256,1,133633
w=256 s=1,Age decile 0,374,0.046026807780653,0.0515352693280797,-0.0302165442530367,-0.0055084615474266,0.0762433520336898,True,True,True,,256,1,133633
w=256 s=1,Age decile 1,344,0.0273634472301562,0.0545254993956631,-0.034551878229376,-0.0271620521655069,0.0619153254595323,True,True,True,,256,1,133633
w=256 s=1,Age decile 2,347,0.0042864169770219,0.0180337049778469,0.0431325516478462,-0.0137472880008249,-0.0388461346708242,False,False,False,,256,1,133633
w=256 s=1,Age decile 3,325,0.0096292729898892,0.0679355485722253,0.1409832270313497,-0.0583062755823361,-0.1313539540414605,False,False,False,,256,1,133633
w=256 s=1,Age decile 4,372,-0.0152359717577108,0.0517794722087844,0.0120353345060131,-0.0670154439664953,-0.027271306263724,False,False,False,,256,1,133633
w=256 s=1,Age decile 5,344,-0.0250497851378262,0.0143257468178092,0.0602961755627062,-0.0393755319556354,-0.0853459607005324,False,False,False,,256,1,133633
w=256 s=1,Age decile 6,397,-0.0004719207173194,0.0401750707324779,-0.0757236233315348,-0.0406469914497974,0.0752517026142153,True,True,True,,256,1,133633
w=256 s=1,Age decile 7,247,0.0173747705218987,0.0621077609830756,0.0003722703450664,-0.0447329904611768,0.0170025001768323,False,True,True,,256,1,133633
w=256 s=1,Age decile 8,354,-0.0216450216450216,0.039852134686316,-0.0232148909977325,-0.0614971563313377,0.0015698693527109,True,True,True,,256,1,133633
w=256 s=1,Age decile 9,325,-0.0771864301276066,0.0959496525513375,0.0517375092123484,-0.1731360826789441,-0.128923939339955,False,False,False,,256,1,133633
w=256 s=1,HR quartile 0,877,0.0371049136786188,0.0861525395504486,0.0118637334731378,-0.0490476258718297,0.025241180205481,False,True,True,,256,1,133633
w=256 s=1,HR quartile 1,917,-0.0169849537037037,0.0279668397669442,-0.0398844853241773,-0.0449517934706479,0.0228995316204736,True,True,True,,256,1,133633
w=256 s=1,HR quartile 2,816,0.034861311019492,0.0410601441839728,0.0053639089922665,-0.0061988331644807,0.0294974020272255,False,True,True,,256,1,133633
w=256 s=1,HR quartile 3,819,-0.0232600311906863,0.045591923303823,0.0024060009392487,-0.0688519544945093,-0.025666032129935,False,False,False,,256,1,133633
w=256 s=1,MAP quartile 0,877,-0.0141240285818599,0.0782728622829107,0.0427436743812481,-0.0923968908647706,-0.056867702963108,False,False,False,,256,1,133633
w=256 s=1,MAP quartile 1,840,0.02392179413456,0.0332189883434613,0.0117132772676323,-0.0092971942089012,0.0122085168669277,False,True,True,,256,1,133633
w=256 s=1,MAP quartile 2,866,0.0104058609958506,0.0471784855539425,-0.0310968783324931,-0.0367726245580919,0.0415027393283437,True,True,True,,256,1,133633
w=256 s=1,MAP quartile 3,846,0.0090927756430939,0.0715356291350432,-0.0256267533396776,-0.0624428534919493,0.0347195289827716,True,True,True,,256,1,133633
w=256 s=1,Temp quartile 0,902,0.0068727157158747,0.0614952030477183,0.0058178558642388,-0.0546224873318435,0.0010548598516359,False,True,True,,256,1,133633
w=256 s=1,Temp quartile 1,864,0.0305627470437901,0.0596958863022184,-0.0332557050859283,-0.0291331392584282,0.0638184521297185,True,True,True,,256,1,133633
w=256 s=1,Temp quartile 2,838,-0.0036346905912123,0.0670873779681908,0.0659419442485146,-0.0707220685594032,-0.0695766348397269,False,False,False,,256,1,133633
w=256 s=1,Temp quartile 3,825,-0.0023612750885478,0.0558181400946038,-0.0188107162654471,-0.0581794151831516,0.0164494411768993,True,True,True,,256,1,133633
w=256 s=1,Urine quartile 0,859,-0.0313289760348584,0.0389618121252286,0.0014656472923759,-0.070290788160087,-0.0327946233272343,False,False,False,,256,1,133633
w=256 s=1,Urine quartile 1,913,-0.0210526315789473,0.024212394224707,-0.0015911675518089,-0.0452650258036544,-0.0194614640271384,True,False,True,,256,1,133633
w=256 s=1,Urine quartile 2,802,0.0149901230333403,0.0459856281120727,-0.0021699564434949,-0.0309955050787323,0.0171600794768352,True,True,True,,256,1,133633
w=256 s=1,Urine quartile 3,855,0.0601118199903958,0.0749681498650573,-0.0257881735969697,-0.0148563298746615,0.0858999935873655,True,True,True,,256,1,133633
w=256 s=1,SAPS quartile 0,1025,0.0026756349262149,0.032835606157806,-0.0245664112287552,-0.030159971231591,0.0272420461549701,True,True,True,,256,1,133633
w=256 s=1,SAPS quartile 1,946,0.0452124666297511,0.0318817174474026,-0.0238401753189864,0.0133307491823485,0.0690526419487376,True,False,True,,256,1,133633
w=256 s=1,SAPS quartile 2,660,0.0015384615384615,0.0321675027642405,0.0212403641324463,-0.0306290412257789,-0.0197019025939847,False,False,False,,256,1,133633
w=256 s=1,SAPS quartile 3,798,-0.0389986891196934,0.0623531043378866,-0.0186895290805122,-0.1013517934575801,-0.0203091600391812,True,False,True,,256,1,133633
w=256 s=1,HR > 100,945,-0.0351262896411669,0.0338209283926277,-0.0292509032890046,-0.0689472180337947,-0.0058753863521623,True,False,True,,256,1,133633
w=256 s=1,MAP < 65,697,-0.0279136809159047,0.0255282548417341,0.0056186449571627,-0.0534419357576389,-0.0335323258730675,False,False,False,,256,1,133633
w=256 s=1,Temp > 38C,267,-0.0430204913392958,0.0439178147560089,-0.018805336674267,-0.0869383060953047,-0.0242151546650287,True,False,True,,256,1,133633
w=256 s=1,Urine > 1000,210,0.0458952811893988,0.0726944164348866,-0.0417816434995418,-0.0267991352454877,0.0876769246889406,True,True,True,,256,1,133633
w=256 s=1,Random 50% #1,1714,0.0148182289884191,0.036871604967569,-0.002644997674636,-0.0220533759791498,0.0174632266630552,True,True,True,,256,1,133633
w=256 s=1,Random 50% #2,1714,0.0038708396744524,0.0516496649183237,-0.0334701282164221,-0.0477788252438712,0.0373409678908745,True,True,True,,256,1,133633
w=256 s=1,Random 50% #3,1714,0.0221853388658367,0.0469329904971506,0.012679369628853,-0.0247476516313138,0.0095059692369837,False,True,True,,256,1,133633
w=256 s=1,Random 50% #4,1714,0.0209444740819774,0.0553010555202487,0.0012598304696695,-0.0343565814382713,0.0196846436123078,False,True,True,,256,1,133633
w=256 s=1,Random 50% #5,1714,0.025145147627017,0.0424849936250659,-0.0122375902645316,-0.0173398459980488,0.0373827378915487,True,True,True,,256,1,133633
w=256 s=1,Random 50% #6,1714,-0.0032358828377694,0.032216900852407,0.0606012570813923,-0.0354527836901765,-0.0638371399191618,False,False,False,,256,1,133633
w=256 s=1,Random 50% #7,1714,0.0203886964648963,0.0731540107610842,0.0226163454278533,-0.0527653142961878,-0.002227648962957,False,False,False,,256,1,133633
w=256 s=1,Random 50% #8,1714,-0.0080211409064465,0.0251000713602086,0.0132958232449033,-0.0331212122666552,-0.0213169641513499,False,False,False,,256,1,133633
w=256 s=1,Random 50% #9,1714,-0.0018808498325041,0.0765819765106911,0.0151308439373843,-0.0784628263431953,-0.0170116937698885,False,False,False,,256,1,133633
w=256 s=1,Random 50% #10,1714,0.0032849222618878,0.0519634989261111,-0.0110049249343047,-0.0486785766642232,0.0142898471961926,True,True,True,,256,1,133633
w=256 s=1,Random 50% #11,1714,0.0064028840624585,0.0433315808839561,0.0126739633074345,-0.0369286968214976,-0.006271079244976,False,False,False,,256,1,133633
w=256 s=1,Random 50% #12,1714,-0.0033234372422892,0.0469757711142991,-0.019097910945615,-0.0502992083565883,0.0157744737033258,True,True,True,,256,1,133633
w=256 s=1,Random 50% #13,1714,0.0032517955657333,0.0441355874773886,0.0223702441043417,-0.0408837919116553,-0.0191184485386084,False,False,False,,256,1,133633
w=256 s=1,Random 50% #14,1714,0.0062157191184681,0.0813442281317658,-0.0240865197222242,-0.0751285090132977,0.0303022388406923,True,True,True,,256,1,133633
w=256 s=1,Random 50% #15,1714,0.0026854501430772,0.0456527816991217,0.0483521719628587,-0.0429673315560444,-0.0456667218197815,False,False,False,,256,1,133633
w=256 s=1,Random 50% #16,1714,0.0188052608311229,0.0688417742046215,0.0402798230575679,-0.0500365133734986,-0.021474562226445,False,False,False,,256,1,133633
w=256 s=1,Random 50% #17,1714,0.0073507410721795,0.038823559510665,0.0216664640665738,-0.0314728184384854,-0.0143157229943942,False,False,False,,256,1,133633
w=256 s=1,Random 50% #18,1714,0.0251803786741562,0.0618180412296487,0.0916236373020844,-0.0366376625554925,-0.0664432586279282,False,False,False,,256,1,133633
w=256 s=1,Random 50% #19,1714,0.0087463233253787,0.0421757686478787,-0.0663389741072788,-0.0334294453224999,0.0750852974326576,True,True,True,,256,1,133633
w=256 s=1,Random 50% #20,1714,0.0239488541873964,0.0503685731850958,0.0280262180699651,-0.0264197189976994,-0.0040773638825687,False,False,False,,256,1,133633
w=256 s=1,Random 50% #21,1714,0.0016605879752431,0.075586959913241,-0.0047807640520628,-0.0739263719379979,0.006441352027306,True,True,True,,256,1,133633
w=256 s=1,Random 50% #22,1714,0.0178287222426975,0.0183056973464063,0.0356442823608827,-0.0004769751037087,-0.0178155601181851,False,False,False,,256,1,133633
w=256 s=1,Random 50% #23,1714,-0.0051929851771431,0.0586575408278649,0.041565007045403,-0.063850526005008,-0.0467579922225461,False,False,False,,256,1,133633
w=256 s=1,Random 50% #24,1714,0.0201698382197979,0.0467858426818005,-0.004605154079488,-0.0266160044620026,0.024774992299286,True,True,True,,256,1,133633
w=256 s=1,Random 50% #25,1714,0.0024135223603308,0.0458905535058564,0.0084901840099033,-0.0434770311455255,-0.0060766616495724,False,False,False,,256,1,133633
w=256 s=1,Random 50% #26,1714,-0.0063986093578627,0.0006584952061016,-0.0325264756217487,-0.0070571045639643,0.026127866263886,True,True,True,,256,1,133633
w=256 s=1,Random 50% #27,1714,-0.0048317683881064,0.0796481637061354,-0.0497295060494236,-0.0844799320942418,0.0448977376613171,True,True,True,,256,1,133633
w=256 s=1,Random 50% #28,1714,0.0098094573797898,0.0422801546450278,0.0117550937700985,-0.032470697265238,-0.0019456363903087,False,False,False,,256,1,133633
w=256 s=1,Random 50% #29,1714,0.0125552608311229,0.0444410775114597,0.0020677091755509,-0.0318858166803368,0.0104875516555719,False,True,True,,256,1,133633
w=256 s=1,Random 50% #30,1714,0.0022139615866539,0.0542973088781064,0.0013903483992839,-0.0520833472914525,0.0008236131873699,False,True,True,,256,1,133633
w=256 s=1,Random 50% #31,1714,0.0081502190717898,0.0629520856201736,-0.0123525261527389,-0.0548018665483838,0.0205027452245288,True,True,True,,256,1,133633
w=256 s=1,Random 50% #32,1714,-0.0092920029904661,0.0429322105900427,0.0043945719272919,-0.0522242135805088,-0.013686574917758,False,False,False,,256,1,133633
w=256 s=1,Random 50% #33,1714,-0.002514181228832,-0.0100178938357465,0.0012792096128536,0.0075037126069145,-0.0037933908416856,True,True,True,,256,1,133633
w=256 s=1,Random 50% #34,1714,0.0070180513371488,0.0156598812482201,-0.0133858439010428,-0.0086418299110713,0.0204038952381916,True,True,True,,256,1,133633
w=256 s=1,Random 50% #35,1714,0.0093248828878478,0.0478016242520877,0.0236000953683585,-0.0384767413642398,-0.0142752124805106,False,False,False,,256,1,133633
w=256 s=1,Random 50% #36,1714,0.016912667846362,0.0707891080197843,-0.0176268130358812,-0.0538764401734222,0.0345394808822432,True,True,True,,256,1,133633
w=256 s=1,Random 50% #37,1714,0.0036653828805384,0.0513998154043711,-0.0242874022916795,-0.0477344325238326,0.027952785172218,True,True,True,,256,1,133633
w=256 s=1,Random 50% #38,1714,0.0021576191788371,0.0862033472056196,-0.0156778425152142,-0.0840457280267825,0.0178354616940513,True,True,True,,256,1,133633
w=256 s=1,Random 50% #39,1714,0.0170086158804934,0.0415327164008412,0.0158393968756006,-0.0245241005203478,0.0011692190048927,False,True,True,,256,1,133633
w=256 s=1,Random 50% #40,1714,0.018520937100027,0.0525360150570257,0.0272447894405385,-0.0340150779569987,-0.0087238523405114,False,False,False,,256,1,133633
w=256 s=1,Random 50% #41,1714,0.0027199322354597,0.0714839969992075,0.0532272640807126,-0.0687640647637478,-0.0505073318452528,False,False,False,,256,1,133633
w=256 s=1,Random 50% #42,1714,0.0178900300253214,0.0683031858297742,-0.0357479536756126,-0.0504131558044528,0.053637983700934,True,True,True,,256,1,133633
w=256 s=1,Random 50% #43,1714,0.0169958506224066,0.0561337003779282,0.0233302118932275,-0.0391378497555215,-0.0063343612708209,False,False,False,,256,1,133633
w=256 s=1,Random 50% #44,1714,-0.0080414937759336,0.0695578802665848,0.0047733317738481,-0.0775993740425184,-0.0128148255497818,False,False,False,,256,1,133633
w=256 s=1,Random 50% #45,1714,-0.0006684003732017,0.054229459151569,-0.0278001249429997,-0.0548978595247707,0.027131724569798,True,True,True,,256,1,133633
w=256 s=1,Random 50% #46,1714,-0.0127567411871579,0.0448621227262981,0.0032371292644584,-0.0576188639134561,-0.0159938704516164,False,False,False,,256,1,133633
w=256 s=1,Random 50% #47,1714,-0.0023071888899981,0.0471493013160575,0.0297819376621077,-0.0494564902060556,-0.0320891265521058,False,False,False,,256,1,133633
w=256 s=1,Random 50% #48,1714,0.0007707867678387,0.0501047713803161,-0.0021405798334592,-0.0493339846124773,0.002911366601298,True,True,True,,256,1,133633
w=256 s=1,Random 50% #49,1714,-0.0052585890287469,-0.0022173269136161,-0.0212830204004849,-0.0030412621151308,0.0160244313717379,False,True,True,,256,1,133633
w=256 s=1,Random 50% #50,1714,-0.009935439192208,0.0310912035905971,-0.0285603856893205,-0.0410266427828051,0.0186249464971125,True,True,True,,256,1,133633
w=256 s=1,Random 30% #1,1028,0.0177032019704433,0.0659995567464909,0.0356697544179968,-0.0482963547760475,-0.0179665524475534,False,False,False,,256,1,133633
w=256 s=1,Random 30% #2,1028,-0.0188812287552644,0.0224962173896584,0.0099415600033974,-0.0413774461449229,-0.0288227887586619,False,False,False,,256,1,133633
w=256 s=1,Random 30% #3,1028,-0.0136963318843895,0.014022081455127,-0.0013742791494339,-0.0277184133395165,-0.0123220527349556,True,False,True,,256,1,133633
w=256 s=1,Random 30% #4,1028,0.012612065619632,-0.0047171101637903,-0.0296216249051041,0.0173291757834224,0.0422336905247361,False,False,False,,256,1,133633
w=256 s=1,Random 30% #5,1028,0.012955140579904,0.0583424374804305,0.0135331044132875,-0.0453872969005265,-0.0005779638333834,False,False,False,,256,1,133633
w=256 s=1,Random 30% #6,1028,0.011061887501678,0.0589715187108562,0.0057273896058882,-0.0479096312091781,0.0053344978957898,False,True,True,,256,1,133633
w=256 s=1,Random 30% #7,1028,-0.0019795447047178,0.050200727286835,0.010354919423209,-0.0521802719915529,-0.0123344641279269,False,False,False,,256,1,133633
w=256 s=1,Random 30% #8,1028,-0.0013757582957458,0.0361765356124848,0.0129743986482084,-0.0375522939082307,-0.0143501569439542,False,False,False,,256,1,133633
w=256 s=1,Random 30% #9,1028,0.0167924069116573,0.0516823411486394,0.0060825200264204,-0.0348899342369821,0.0107098868852368,False,True,True,,256,1,133633
w=256 s=1,Random 30% #10,1028,0.0218614718614718,0.0845070299076646,-0.0437303058683173,-0.0626455580461928,0.0655917777297891,True,True,True,,256,1,133633
w=256 s=1,Random 30% #11,1028,0.0036992125742528,0.024329678324746,0.0022700901492014,-0.0206304657504932,0.0014291224250513,False,True,True,,256,1,133633
w=256 s=1,Random 30% #12,1028,-0.0176439165409753,0.02687414504449,0.0056670632346859,-0.0445180615854653,-0.0233109797756612,False,False,False,,256,1,133633
w=256 s=1,Random 30% #13,1028,0.0061871080085679,0.0735262827144935,-0.0095484263575029,-0.0673391747059256,0.0157355343660709,True,True,True,,256,1,133633
w=256 s=1,Random 30% #14,1028,-0.0024039572835282,0.0442172671307476,0.0077711321453938,-0.0466212244142759,-0.0101750894289221,False,False,False,,256,1,133633
w=256 s=1,Random 30% #15,1028,-0.0014797507788162,0.0613624327083226,-0.0056443114121866,-0.0628421834871388,0.0041645606333704,True,True,True,,256,1,133633
w=256 s=1,Random 30% #16,1028,0.006823838043474,0.0297077867861416,-0.0331419067433962,-0.0228839487426675,0.0399657447868703,True,True,True,,256,1,133633
w=256 s=1,Random 30% #17,1028,0.0030261642698374,0.0743308041449738,0.009357848083423,-0.0713046398751364,-0.0063316838135855,False,False,False,,256,1,133633
w=256 s=1,Random 30% #18,1028,0.008237689744539,0.0211228356910177,-0.0127804556597097,-0.0128851459464786,0.0210181454042487,True,True,True,,256,1,133633
w=256 s=1,Random 30% #19,1028,0.0066883064376393,0.0150734329763091,-0.0195297600802805,-0.0083851265386698,0.0262180665179198,True,True,True,,256,1,133633
w=256 s=1,Random 30% #20,1028,-0.0099963316214233,0.0493649518713063,0.0081830390844111,-0.0593612834927297,-0.0181793707058345,False,False,False,,256,1,133633
w=256 s=1,Random 30% #21,1028,0.002277451699682,0.0542289440220906,-0.0187263604423262,-0.0519514923224086,0.0210038121420083,True,True,True,,256,1,133633
w=256 s=1,Random 30% #22,1028,0.0271739130434782,0.0346767922332349,0.0393222903724563,-0.0075028791897566,-0.012148377328978,False,False,False,,256,1,133633
w=256 s=1,Random 30% #23,1028,0.0053719593676173,-0.0120961502936656,0.0262450543359705,0.017468109661283,-0.0208730949683531,True,True,True,,256,1,133633
w=256 s=1,Random 30% #24,1028,0.0374355138753044,0.0759686590025136,-0.00507744898902,-0.0385331451272092,0.0425129628643244,True,True,True,,256,1,133633
w=256 s=1,Random 30% #25,1028,0.0207335170659317,0.0582014165493426,-0.0072943123476991,-0.0374678994834109,0.0280278294136308,True,True,True,,256,1,133633
w=256 s=1,Random 30% #26,1028,0.000322640117994,0.0600254733524849,-0.0087239061018416,-0.0597028332344908,0.0090465462198357,True,True,True,,256,1,133633
w=256 s=1,Random 30% #27,1028,-0.0133699862551543,0.0468574945531643,-0.0034165478522976,-0.0602274808083186,-0.0099534384028566,True,False,True,,256,1,133633
w=256 s=1,Random 30% #28,1028,0.0048546691403834,0.074864014058716,-0.0017583122313512,-0.0700093449183326,0.0066129813717346,True,True,True,,256,1,133633
w=256 s=1,Random 30% #29,1028,0.0132264436461088,0.061269004370625,-0.0067247802921836,-0.0480425607245161,0.0199512239382925,True,True,True,,256,1,133633
w=256 s=1,Random 30% #30,1028,0.0073191060456281,0.0734416414487547,-0.0132356725887121,-0.0661225354031266,0.0205547786343402,True,True,True,,256,1,133633
w=256 s=1,Random 30% #31,1028,0.0186572318838355,0.0693178265540587,0.1298703281890124,-0.0506605946702231,-0.1112130963051768,False,False,False,,256,1,133633
w=256 s=1,Random 30% #32,1028,0.0146773132638857,0.060202892519392,-0.0071596287592231,-0.0455255792555063,0.0218369420231088,True,True,True,,256,1,133633
w=256 s=1,Random 30% #33,1028,0.0107989019115876,0.0627580354836527,0.0292978935015864,-0.051959133572065,-0.0184989915899987,False,False,False,,256,1,133633
w=256 s=1,Random 30% #34,1028,0.0036708111308466,0.0577087296373497,-0.0121064922811488,-0.054037918506503,0.0157773034119955,True,True,True,,256,1,133633
w=256 s=1,Random 30% #35,1028,-0.0021279853031231,0.0983209885117531,-0.0057392245092199,-0.1004489738148762,0.0036112392060968,True,True,True,,256,1,133633
w=256 s=1,Random 30% #36,1028,-0.0048226599270606,0.0352344186473545,-0.0194659241198214,-0.0400570785744151,0.0146432641927607,True,True,True,,256,1,133633
w=256 s=1,Random 30% #37,1028,-0.0037446257685728,0.0438140195572898,0.0293494423385951,-0.0475586453258627,-0.033094068107168,False,False,False,,256,1,133633
w=256 s=1,Random 30% #38,1028,0.0108722741433021,-0.0535598338751883,0.0049256541361111,0.0644321080184905,0.005946620007191,True,False,True,,256,1,133633
w=256 s=1,Random 30% #39,1028,0.0380230468256006,-0.0031365392969761,0.0019252873086312,0.0411595861225767,0.0360977595169693,True,False,True,,256,1,133633
w=256 s=1,Random 30% #40,1028,-0.0156995008383602,0.0516919230422457,0.0115721598796725,-0.067391423880606,-0.0272716607180328,False,False,False,,256,1,133633
w=256 s=1,Random 30% #41,1028,0.0003191021554961,0.0381070264235578,0.0179903364127351,-0.0377879242680616,-0.017671234257239,False,False,False,,256,1,133633
w=256 s=1,Random 30% #42,1028,0.0039796984507742,0.0794845150047688,-0.0144618173037476,-0.0755048165539945,0.0184415157545218,True,True,True,,256,1,133633
w=256 s=1,Random 30% #43,1028,0.0320665445665445,0.0537364186982413,0.0032164841261133,-0.0216698741316967,0.0288500604404311,False,True,True,,256,1,133633
w=256 s=1,Random 30% #44,1028,0.014617494198646,0.0326877279192731,0.0078692044686909,-0.0180702337206271,0.006748289729955,False,True,True,,256,1,133633
w=256 s=1,Random 30% #45,1028,-0.010677190889205,0.0516193269200516,-0.0316683268866855,-0.0622965178092567,0.0209911359974805,True,True,True,,256,1,133633
w=256 s=1,Random 30% #46,1028,-0.0211341559464426,0.0349576283654817,0.0016794815470751,-0.0560917843119243,-0.0228136374935177,False,False,False,,256,1,133633
w=256 s=1,Random 30% #47,1028,0.0021068472535741,0.0848544292587012,-0.0144202145590489,-0.0827475820051271,0.016527061812623,True,True,True,,256,1,133633
w=256 s=1,Random 30% #48,1028,0.0099373113536103,0.0574008940453659,0.0066591037190143,-0.0474635826917555,0.003278207634596,False,True,True,,256,1,133633
w=256 s=1,Random 30% #49,1028,-0.0033935788911766,0.0593123165768396,-0.002373968759433,-0.0627058954680163,-0.0010196101317436,True,False,True,,256,1,133633
w=256 s=1,Random 30% #50,1028,-0.0149638584774062,0.0291139074113401,0.0127984623657796,-0.0440777658887464,-0.0277623208431858,False,False,False,,256,1,133633
w=256 s=2,All Patients,3429,0.0078818040435458,0.0366955034240245,0.0324274068777357,-0.0288136993804786,-0.0245456028341899,False,False,False,,256,2,133633
w=256 s=2,ICUType 1.0,490,0.0294939989088925,0.0663366761150686,0.0125214220702606,-0.0368426772061761,0.0169725768386318,False,True,True,,256,2,133633
w=256 s=2,ICUType 2.0,643,-0.000975689080413,0.0289643946134564,-0.0093643577799104,-0.0299400836938694,0.0083886686994973,True,True,True,,256,2,133633
w=256 s=2,ICUType 3.0,1357,-0.0217764843549488,0.0033263454082058,0.0068175321016783,-0.0251028297631547,-0.0285940164566271,False,False,False,,256,2,133633
w=256 s=2,ICUType 4.0,939,0.0202084035501629,0.0609677661416821,-0.0041701157791579,-0.0407593625915192,0.0243785193293208,True,True,True,,256,2,133633
w=256 s=2,Age decile 0,374,0.046026807780653,0.0569150856684407,-0.014950716185304,-0.0108882778877877,0.060977523965957,True,True,True,,256,2,133633
w=256 s=2,Age decile 1,344,0.0273634472301562,0.0512040485073265,-0.0436317741261332,-0.0238406012771703,0.0709952213562894,True,True,True,,256,2,133633
w=256 s=2,Age decile 2,347,0.0042864169770219,0.0024302194369019,0.0613382848671703,0.00185619754012,-0.0570518678901483,False,True,True,,256,2,133633
w=256 s=2,Age decile 3,325,0.0096292729898892,0.059944316842526,0.0220572069571134,-0.0503150438526367,-0.0124279339672242,False,False,False,,256,2,133633
w=256 s=2,Age decile 4,372,-0.0152359717577108,0.0503709659046921,-0.0039161603757498,-0.065606937662403,-0.011319811381961,True,False,True,,256,2,133633
w=256 s=2,Age decile 5,344,-0.0250497851378262,0.0327767239024843,0.0192874061727003,-0.0578265090403105,-0.0443371913105265,False,False,False,,256,2,133633
w=256 s=2,Age decile 6,397,-0.0004719207173194,0.0387888313201262,-0.0694397221171375,-0.0392607520374457,0.068967801399818,True,True,True,,256,2,133633
w=256 s=2,Age decile 7,247,0.0173747705218987,0.0632745699687181,0.0126249505874543,-0.0458997994468193,0.0047498199344443,False,True,True,,256,2,133633
w=256 s=2,Age decile 8,354,-0.0216450216450216,0.0589822835519803,-0.0083326824290535,-0.0806273051970019,-0.013312339215968,True,False,True,,256,2,133633
w=256 s=2,Age decile 9,325,-0.0771864301276066,0.1056727893231855,0.0388616541618747,-0.1828592194507922,-0.1160480842894813,False,False,False,,256,2,133633
w=256 s=2,HR quartile 0,877,0.0371049136786188,0.0817099960423454,-0.0393009629480837,-0.0446050823637265,0.0764058766267025,True,True,True,,256,2,133633
w=256 s=2,HR quartile 1,917,-0.0169849537037037,-0.0073309928525113,-0.0242916135432599,-0.0096539608511923,0.0073066598395562,False,True,True,,256,2,133633
w=256 s=2,HR quartile 2,816,0.034861311019492,0.0377919312177012,0.0648671891995655,-0.0029306201982091,-0.0300058781800734,False,False,False,,256,2,133633
w=256 s=2,HR quartile 3,819,-0.0232600311906863,0.0482980980207816,0.0032846638322832,-0.0715581292114679,-0.0265446950229696,False,False,False,,256,2,133633
w=256 s=2,MAP quartile 0,877,-0.0141240285818599,0.043719416938884,0.0076323868772881,-0.057843445520744,-0.021756415459148,False,False,False,,256,2,133633
w=256 s=2,MAP quartile 1,840,0.02392179413456,0.0377049671928231,0.0198211059866662,-0.013783173058263,0.0041006881478937,False,True,True,,256,2,133633
w=256 s=2,MAP quartile 2,866,0.0104058609958506,0.0352626370207131,-0.023135634182816,-0.0248567760248624,0.0335414951786666,True,True,True,,256,2,133633
w=256 s=2,MAP quartile 3,846,0.0090927756430939,0.0734126257411477,-0.0131562077154729,-0.0643198500980538,0.0222489833585669,True,True,True,,256,2,133633
w=256 s=2,Temp quartile 0,902,0.0068727157158747,0.0485987553604698,0.0056612519990965,-0.041726039644595,0.0012114637167782,False,True,True,,256,2,133633
w=256 s=2,Temp quartile 1,864,0.0305627470437901,0.0736908993368777,-0.0410410565021401,-0.0431281522930875,0.0716038035459303,True,True,True,,256,2,133633
w=256 s=2,Temp quartile 2,838,-0.0036346905912123,0.0625699039446187,0.0357723214390332,-0.066204594535831,-0.0394070120302456,False,False,False,,256,2,133633
w=256 s=2,Temp quartile 3,825,-0.0023612750885478,0.0603688721230079,0.0003730275714097,-0.0627301472115557,-0.0027343026599575,False,False,False,,256,2,133633
w=256 s=2,Urine quartile 0,859,-0.0313289760348584,0.0300083233667015,-0.001703197422178,-0.0613372994015599,-0.0296257786126803,True,False,True,,256,2,133633
w=256 s=2,Urine quartile 1,913,-0.0210526315789473,0.031064259630513,-0.0573008019795949,-0.0521168912094604,0.0362481704006476,True,True,True,,256,2,133633
w=256 s=2,Urine quartile 2,802,0.0149901230333403,0.0572586702070912,-0.0062428733344582,-0.0422685471737508,0.0212329963677986,True,True,True,,256,2,133633
w=256 s=2,Urine quartile 3,855,0.0601118199903958,0.0682130801268607,-0.0225398657431333,-0.0081012601364648,0.0826516857335292,True,True,True,,256,2,133633
w=256 s=2,SAPS quartile 0,1025,0.0026756349262149,0.0269732114958869,-0.0137695066089867,-0.0242975765696719,0.0164451415352017,True,True,True,,256,2,133633
w=256 s=2,SAPS quartile 1,946,0.0452124666297511,0.0563105906247245,-0.0251631309664716,-0.0110981239949733,0.0703755975962228,True,True,True,,256,2,133633
w=256 s=2,SAPS quartile 2,660,0.0015384615384615,0.0416944757132878,0.0072783295682328,-0.0401560141748262,-0.0057398680297713,False,False,False,,256,2,133633
w=256 s=2,SAPS quartile 3,798,-0.0389986891196934,0.0736110592849151,0.0603991179501456,-0.1126097484046086,-0.099397807069839,False,False,False,,256,2,133633
w=256 s=2,HR > 100,945,-0.0351262896411669,0.0012850503994383,-0.0201218816462559,-0.0364113400406053,-0.015004407994911,True,False,True,,256,2,133633
w=256 s=2,MAP < 65,697,-0.0279136809159047,0.0404476738663354,0.0058815274087519,-0.0683613547822402,-0.0337952083246567,False,False,False,,256,2,133633
w=256 s=2,Temp > 38C,267,-0.0430204913392958,0.0416013768118714,-0.0070841582899035,-0.0846218681511672,-0.0359363330493922,True,False,True,,256,2,133633
w=256 s=2,Urine > 1000,210,0.0458952811893988,0.0744786596790234,-0.0418233090025412,-0.0285833784896245,0.08771859019194,True,True,True,,256,2,133633
w=256 s=2,Random 50% #1,1714,0.0148182289884191,0.0409469372200014,-0.0184422031424084,-0.0261287082315822,0.0332604321308276,True,True,True,,256,2,133633
w=256 s=2,Random 50% #2,1714,0.0038708396744524,0.0508486340533172,-0.0032977270958641,-0.0469777943788648,0.0071685667703166,True,True,True,,256,2,133633
w=256 s=2,Random 50% #3,1714,0.0221853388658367,0.056108814549686,0.002769529671708,-0.0339234756838492,0.0194158091941287,False,True,True,,256,2,133633
w=256 s=2,Random 50% #4,1714,0.0209444740819774,0.0598036380560916,-0.0843877050004155,-0.0388591639741142,0.105332179082393,True,True,True,,256,2,133633
w=256 s=2,Random 50% #5,1714,0.025145147627017,0.0414180187316978,-0.0022248108251299,-0.0162728711046807,0.027369958452147,True,True,True,,256,2,133633
w=256 s=2,Random 50% #6,1714,-0.0032358828377694,-0.0249197533161903,-0.0167703534058726,0.0216838704784208,0.0135344705681031,False,False,False,,256,2,133633
w=256 s=2,Random 50% #7,1714,0.0203886964648963,0.069362264955605,-0.0260900273219798,-0.0489735684907087,0.0464787237868761,True,True,True,,256,2,133633
w=256 s=2,Random 50% #8,1714,-0.0080211409064465,0.006498892199991,-0.0317043146189682,-0.0145200331064375,0.0236831737125216,True,True,True,,256,2,133633
w=256 s=2,Random 50% #9,1714,-0.0018808498325041,0.0753342965409946,-0.0021744433836465,-0.0772151463734988,0.0002935935511423,True,True,True,,256,2,133633
w=256 s=2,Random 50% #10,1714,0.0032849222618878,0.0518817387485273,-0.0134676566751222,-0.0485968164866394,0.0167525789370101,True,True,True,,256,2,133633
w=256 s=2,Random 50% #11,1714,0.0064028840624585,0.0516541291547451,-0.0388442530058376,-0.0452512450922866,0.0452471370682961,True,True,True,,256,2,133633
w=256 s=2,Random 50% #12,1714,-0.0033234372422892,0.0494315938969951,-0.017476180071956,-0.0527550311392844,0.0141527428296667,True,True,True,,256,2,133633
w=256 s=2,Random 50% #13,1714,0.0032517955657333,0.033466807568543,0.0242869440800914,-0.0302150120028097,-0.021035148514358,False,False,False,,256,2,133633
w=256 s=2,Random 50% #14,1714,0.0062157191184681,0.0505915070091683,-0.0476208203781686,-0.0443757878907002,0.0538365394966367,True,True,True,,256,2,133633
w=256 s=2,Random 50% #15,1714,0.0026854501430772,0.036560951854366,0.0152109982464328,-0.0338755017112887,-0.0125255481033555,False,False,False,,256,2,133633
w=256 s=2,Random 50% #16,1714,0.0188052608311229,0.0811152311336208,0.0035605048132172,-0.0623099703024979,0.0152447560179057,False,True,True,,256,2,133633
w=256 s=2,Random 50% #17,1714,0.0073507410721795,0.0540599823652392,0.0037005607609027,-0.0467092412930596,0.0036501803112767,False,True,True,,256,2,133633
w=256 s=2,Random 50% #18,1714,0.0251803786741562,0.0830299668808002,-0.0185966108991527,-0.057849588206644,0.0437769895733089,True,True,True,,256,2,133633
w=256 s=2,Random 50% #19,1714,0.0087463233253787,0.0451918818856849,-0.0132140986296173,-0.0364455585603061,0.0219604219549961,True,True,True,,256,2,133633
w=256 s=2,Random 50% #20,1714,0.0239488541873964,0.042865477614289,0.0268002887820552,-0.0189166234268926,-0.0028514345946588,False,False,False,,256,2,133633
w=256 s=2,Random 50% #21,1714,0.0016605879752431,0.0261767057855875,0.0088310765564786,-0.0245161178103444,-0.0071704885812354,False,False,False,,256,2,133633
w=256 s=2,Random 50% #22,1714,0.0178287222426975,0.025049154982487,0.0349792597250073,-0.0072204327397895,-0.0171505374823097,False,False,False,,256,2,133633
w=256 s=2,Random 50% #23,1714,-0.0051929851771431,0.0583451657778196,-0.0147581693738758,-0.0635381509549628,0.0095651841967327,True,True,True,,256,2,133633
w=256 s=2,Random 50% #24,1714,0.0201698382197979,0.0362551116006381,-0.0031786507515191,-0.0160852733808401,0.0233484889713171,True,True,True,,256,2,133633
w=256 s=2,Random 50% #25,1714,0.0024135223603308,0.0551147731145172,-0.0336535343205868,-0.0527012507541863,0.0360670566809177,True,True,True,,256,2,133633
w=256 s=2,Random 50% #26,1714,-0.0063986093578627,0.0380522704349114,0.0268085084793029,-0.0444508797927741,-0.0332071178371656,False,False,False,,256,2,133633
w=256 s=2,Random 50% #27,1714,-0.0048317683881064,0.0226032662501998,0.0010162717084246,-0.0274350346383062,-0.0058480400965311,False,False,False,,256,2,133633
w=256 s=2,Random 50% #28,1714,0.0098094573797898,0.0398666414137536,0.0289872959841872,-0.0300571840339637,-0.0191778386043973,False,False,False,,256,2,133633
w=256 s=2,Random 50% #29,1714,0.0125552608311229,0.0289713041751438,0.0153380175200252,-0.0164160433440209,-0.0027827566889023,False,False,False,,256,2,133633
w=256 s=2,Random 50% #30,1714,0.0022139615866539,0.0626527084341911,-0.0249659513712732,-0.0604387468475372,0.0271799129579271,True,True,True,,256,2,133633
w=256 s=2,Random 50% #31,1714,0.0081502190717898,0.0510791863086855,-0.0348430089743674,-0.0429289672368957,0.0429932280461572,True,True,True,,256,2,133633
w=256 s=2,Random 50% #32,1714,-0.0092920029904661,0.0404011928715308,0.0201662658031766,-0.0496931958619969,-0.0294582687936428,False,False,False,,256,2,133633
w=256 s=2,Random 50% #33,1714,-0.002514181228832,0.0657299778938342,-0.0030951685621964,-0.0682441591226662,0.0005809873333643,True,True,True,,256,2,133633
w=256 s=2,Random 50% #34,1714,0.0070180513371488,0.0464491862645033,-0.0268910449875251,-0.0394311349273544,0.0339090963246739,True,True,True,,256,2,133633
w=256 s=2,Random 50% #35,1714,0.0093248828878478,0.0795890294932435,-0.0169713252202133,-0.0702641466053956,0.0262962081080612,True,True,True,,256,2,133633
w=256 s=2,Random 50% #36,1714,0.016912667846362,0.0568197946609425,-0.0179241077209364,-0.0399071268145804,0.0348367755672984,True,True,True,,256,2,133633
w=256 s=2,Random 50% #37,1714,0.0036653828805384,0.0717590044369527,-0.0196780217030911,-0.0680936215564142,0.0233434045836296,True,True,True,,256,2,133633
w=256 s=2,Random 50% #38,1714,0.0021576191788371,0.059436407403316,-0.0199929164845939,-0.0572787882244789,0.022150535663431,True,True,True,,256,2,133633
w=256 s=2,Random 50% #39,1714,0.0170086158804934,0.0594064253945981,0.0156893240320974,-0.0423978095141047,0.0013192918483959,False,True,True,,256,2,133633
w=256 s=2,Random 50% #40,1714,0.018520937100027,0.0521205658231187,-0.0222749596990821,-0.0335996287230916,0.0407958967991092,True,True,True,,256,2,133633
w=256 s=2,Random 50% #41,1714,0.0027199322354597,0.0531047796236932,0.0179623407473075,-0.0503848473882334,-0.0152424085118477,False,False,False,,256,2,133633
w=256 s=2,Random 50% #42,1714,0.0178900300253214,0.076107697686468,-0.0145371374174724,-0.0582176676611466,0.0324271674427938,True,True,True,,256,2,133633
w=256 s=2,Random 50% #43,1714,0.0169958506224066,0.0445111392227751,-0.0484111061467031,-0.0275152886003684,0.0654069567691097,True,True,True,,256,2,133633
w=256 s=2,Random 50% #44,1714,-0.0080414937759336,0.0206822147702462,-0.0229684065262372,-0.0287237085461798,0.0149269127503036,True,True,True,,256,2,133633
w=256 s=2,Random 50% #45,1714,-0.0006684003732017,0.0498632434663946,-0.0010505581545662,-0.0505316438395963,0.0003821577813645,True,True,True,,256,2,133633
w=256 s=2,Random 50% #46,1714,-0.0127567411871579,0.0805952494483777,0.0105378628743303,-0.0933519906355356,-0.0232946040614883,False,False,False,,256,2,133633
w=256 s=2,Random 50% #47,1714,-0.0023071888899981,0.0395077330705146,-0.0057984645181375,-0.0418149219605128,0.0034912756281394,True,True,True,,256,2,133633
w=256 s=2,Random 50% #48,1714,0.0007707867678387,0.082417266457522,3.462759917233216e-05,-0.0816464796896833,0.0007361591686664,False,True,True,,256,2,133633
w=256 s=2,Random 50% #49,1714,-0.0052585890287469,0.0413733532515552,0.0004444090263126,-0.0466319422803022,-0.0057029980550595,False,False,False,,256,2,133633
w=256 s=2,Random 50% #50,1714,-0.009935439192208,0.0612531759974492,-0.0285889925071068,-0.0711886151896572,0.0186535533148988,True,True,True,,256,2,133633
w=256 s=2,Random 30% #1,1028,0.0177032019704433,0.0658682324848236,0.0122723352008135,-0.0481650305143802,0.0054308667696298,False,True,True,,256,2,133633
w=256 s=2,Random 30% #2,1028,-0.0188812287552644,0.0302543613596544,0.0163356741818981,-0.0491355901149189,-0.0352169029371625,False,False,False,,256,2,133633
w=256 s=2,Random 30% #3,1028,-0.0136963318843895,0.0201544873089041,-0.0127415190831853,-0.0338508191932937,-0.0009548128012042,True,False,True,,256,2,133633
w=256 s=2,Random 30% #4,1028,0.012612065619632,0.063772624269978,-0.0254447849619168,-0.0511605586503459,0.0380568505815488,True,True,True,,256,2,133633
w=256 s=2,Random 30% #5,1028,0.012955140579904,0.0562325340338867,0.0072174760493321,-0.0432773934539826,0.0057376645305718,False,True,True,,256,2,133633
w=256 s=2,Random 30% #6,1028,0.011061887501678,0.0489365818467516,-0.0048452579103699,-0.0378746943450735,0.015907145412048,True,True,True,,256,2,133633
w=256 s=2,Random 30% #7,1028,-0.0019795447047178,0.0518035037609882,-0.0016195893175293,-0.0537830484657061,-0.0003599553871884,True,False,True,,256,2,133633
w=256 s=2,Random 30% #8,1028,-0.0013757582957458,0.0478925921033363,0.010558182800869,-0.0492683503990821,-0.0119339410966149,False,False,False,,256,2,133633
w=256 s=2,Random 30% #9,1028,0.0167924069116573,0.0540843161764191,-0.001959608016144,-0.0372919092647618,0.0187520149278014,True,True,True,,256,2,133633
w=256 s=2,Random 30% #10,1028,0.0218614718614718,0.0554196595911714,-0.0275920752727772,-0.0335581877296996,0.049453547134249,True,True,True,,256,2,133633
w=256 s=2,Random 30% #11,1028,0.0036992125742528,0.0574233353612428,-0.000204731807445,-0.05372412278699,0.0039039443816978,True,True,True,,256,2,133633
w=256 s=2,Random 30% #12,1028,-0.0176439165409753,0.0570100580492433,-0.0306978102901228,-0.0746539745902186,0.0130538937491474,True,True,True,,256,2,133633
w=256 s=2,Random 30% #13,1028,0.0061871080085679,0.068294700305668,-0.0179401629735408,-0.0621075922971001,0.0241272709821088,True,True,True,,256,2,133633
w=256 s=2,Random 30% #14,1028,-0.0024039572835282,0.0438747440355675,0.0173752061965773,-0.0462787013190958,-0.0197791634801055,False,False,False,,256,2,133633
w=256 s=2,Random 30% #15,1028,-0.0014797507788162,-0.017141344418564,-0.0075560967859965,0.0156615936397478,0.0060763460071803,False,False,False,,256,2,133633
w=256 s=2,Random 30% #16,1028,0.006823838043474,0.0628808763499417,-0.0366027413363029,-0.0560570383064676,0.043426579379777,True,True,True,,256,2,133633
w=256 s=2,Random 30% #17,1028,0.0030261642698374,0.0590447593346468,0.004340202920137,-0.0560185950648094,-0.0013140386502996,False,False,False,,256,2,133633
w=256 s=2,Random 30% #18,1028,0.008237689744539,0.0925839820048958,-0.014129227880244,-0.0843462922603568,0.0223669176247831,True,True,True,,256,2,133633
w=256 s=2,Random 30% #19,1028,0.0066883064376393,0.0084849323579716,-0.0245236632651809,-0.0017966259203323,0.0312119697028202,True,True,True,,256,2,133633
w=256 s=2,Random 30% #20,1028,-0.0099963316214233,0.0571860745152511,-0.0048808457821328,-0.0671824061366745,-0.0051154858392904,True,False,True,,256,2,133633
w=256 s=2,Random 30% #21,1028,0.002277451699682,0.0639282103096459,-0.0275097338704508,-0.0616507586099639,0.0297871855701329,True,True,True,,256,2,133633
w=256 s=2,Random 30% #22,1028,0.0271739130434782,0.0293469016946727,0.0110165857360341,-0.0021729886511945,0.0161573273074441,False,True,True,,256,2,133633
w=256 s=2,Random 30% #23,1028,0.0053719593676173,0.0540522186282974,0.0078650085259117,-0.0486802592606801,-0.0024930491582943,False,False,False,,256,2,133633
w=256 s=2,Random 30% #24,1028,0.0374355138753044,0.0639520776855006,0.0037233017513504,-0.0265165638101961,0.033712212123954,False,True,True,,256,2,133633
w=256 s=2,Random 30% #25,1028,0.0207335170659317,0.0414595760317289,-0.0105011422392966,-0.0207260589657972,0.0312346593052283,True,True,True,,256,2,133633
w=256 s=2,Random 30% #26,1028,0.000322640117994,0.0224265257659167,-0.0089366535185368,-0.0221038856479226,0.0092592936365309,True,True,True,,256,2,133633
w=256 s=2,Random 30% #27,1028,-0.0133699862551543,0.089941664296937,0.0005493188286106,-0.1033116505520913,-0.0139193050837649,False,False,False,,256,2,133633
w=256 s=2,Random 30% #28,1028,0.0048546691403834,0.0677412496818247,0.0045711014432772,-0.0628865805414413,0.0002835676971061,False,True,True,,256,2,133633
w=256 s=2,Random 30% #29,1028,0.0132264436461088,0.0593999410810748,0.0027957626682393,-0.0461734974349659,0.0104306809778695,False,True,True,,256,2,133633
w=256 s=2,Random 30% #30,1028,0.0073191060456281,0.0604562292532282,-0.0231009145976138,-0.0531371232076001,0.0304200206432419,True,True,True,,256,2,133633
w=256 s=2,Random 30% #31,1028,0.0186572318838355,0.0855870179305635,0.0306680320937791,-0.066929786046728,-0.0120108002099435,False,False,False,,256,2,133633
w=256 s=2,Random 30% #32,1028,0.0146773132638857,0.0468150399831351,-0.0061246650998842,-0.0321377267192493,0.0208019783637699,True,True,True,,256,2,133633
w=256 s=2,Random 30% #33,1028,0.0107989019115876,0.0716128763013953,0.0099589139244708,-0.0608139743898076,0.0008399879871167,False,True,True,,256,2,133633
w=256 s=2,Random 30% #34,1028,0.0036708111308466,0.0198850805928594,-0.0043896741341057,-0.0162142694620127,0.0080604852649524,True,True,True,,256,2,133633
w=256 s=2,Random 30% #35,1028,-0.0021279853031231,0.0580699651291322,0.0146321228744471,-0.0601979504322554,-0.0167601081775702,False,False,False,,256,2,133633
w=256 s=2,Random 30% #36,1028,-0.0048226599270606,0.0808907441808527,-0.0221651234550499,-0.0857134041079134,0.0173424635279892,True,True,True,,256,2,133633
w=256 s=2,Random 30% #37,1028,-0.0037446257685728,0.03178120491917,0.0278275938200814,-0.0355258306877429,-0.0315722195886542,False,False,False,,256,2,133633
w=256 s=2,Random 30% #38,1028,0.0108722741433021,0.0520494601817455,-0.0072660111020372,-0.0411771860384433,0.0181382852453393,True,True,True,,256,2,133633
w=256 s=2,Random 30% #39,1028,0.0380230468256006,0.0525428772895763,-0.0187372387619369,-0.0145198304639757,0.0567602855875375,True,True,True,,256,2,133633
w=256 s=2,Random 30% #40,1028,-0.0156995008383602,0.0428566481595483,-0.0087928606118262,-0.0585561489979086,-0.006906640226534,True,False,True,,256,2,133633
w=256 s=2,Random 30% #41,1028,0.0003191021554961,0.0486949135559528,0.0042820892433882,-0.0483758114004567,-0.003962987087892,False,False,False,,256,2,133633
w=256 s=2,Random 30% #42,1028,0.0039796984507742,0.0565683171564979,0.0027590063225624,-0.0525886187057236,0.0012206921282117,False,True,True,,256,2,133633
w=256 s=2,Random 30% #43,1028,0.0320665445665445,0.0534036480916095,0.0043851912043969,-0.0213371035250649,0.0276813533621476,False,True,True,,256,2,133633
w=256 s=2,Random 30% #44,1028,0.014617494198646,0.0274468767020695,-0.0139262485219111,-0.0128293825034235,0.0285437427205571,True,True,True,,256,2,133633
w=256 s=2,Random 30% #45,1028,-0.010677190889205,0.0431876384271523,-0.0435191960422285,-0.0538648293163573,0.0328420051530235,True,True,True,,256,2,133633
w=256 s=2,Random 30% #46,1028,-0.0211341559464426,0.0467923964223178,0.0030625447535879,-0.0679265523687605,-0.0241967007000305,False,False,False,,256,2,133633
w=256 s=2,Random 30% #47,1028,0.0021068472535741,0.0747336375062606,-0.0244648752256606,-0.0726267902526865,0.0265717224792347,True,True,True,,256,2,133633
w=256 s=2,Random 30% #48,1028,0.0099373113536103,0.0523178196405593,0.0056270998889305,-0.0423805082869489,0.0043102114646798,False,True,True,,256,2,133633
w=256 s=2,Random 30% #49,1028,-0.0033935788911766,0.0618085396597879,0.0019523432223099,-0.0652021185509646,-0.0053459221134866,False,False,False,,256,2,133633
w=256 s=2,Random 30% #50,1028,-0.0149638584774062,-0.0025821312715115,0.0162595510549519,-0.0123817272058947,-0.0312234095323582,True,False,True,,256,2,133633
w=512 s=0,All Patients,3429,0.0078818040435458,0.0490442655377887,0.001111243111438,-0.0411624614942428,0.0067705609321078,False,True,True,,512,0,529409
w=512 s=0,ICUType 1.0,490,0.0294939989088925,-0.0188209450018114,0.0199679628179951,0.0483149439107039,0.0095260360908973,True,False,True,,512,0,529409
w=512 s=0,ICUType 2.0,643,-0.000975689080413,0.0263163193788714,-0.0111764815696022,-0.0272920084592844,0.0102007924891892,True,True,True,,512,0,529409
w=512 s=0,ICUType 3.0,1357,-0.0217764843549488,0.0365710966191643,0.0367064918713886,-0.0583475809741132,-0.0584829762263374,False,False,False,,512,0,529409
w=512 s=0,ICUType 4.0,939,0.0202084035501629,0.068808092594999,0.002972668308116,-0.0485996890448361,0.0172357352420468,False,True,True,,512,0,529409
w=512 s=0,Age decile 0,374,0.046026807780653,0.0540477303025529,0.0112973096638142,-0.0080209225218999,0.0347294981168387,False,True,True,,512,0,529409
w=512 s=0,Age decile 1,344,0.0273634472301562,0.056031174210928,-0.0609478919534227,-0.0286677269807718,0.088311339183579,True,True,True,,512,0,529409
w=512 s=0,Age decile 2,347,0.0042864169770219,-0.0045591068292622,0.0730565843670135,0.0088455238062842,-0.0687701673899915,True,True,True,,512,0,529409
w=512 s=0,Age decile 3,325,0.0096292729898892,0.0753971971608442,-0.0248770821966879,-0.065767924170955,0.0345063551865772,True,True,True,,512,0,529409
w=512 s=0,Age decile 4,372,-0.0152359717577108,0.0432200478687819,-0.0297123122845022,-0.0584560196264928,0.0144763405267913,True,True,True,,512,0,529409
w=512 s=0,Age decile 5,344,-0.0250497851378262,0.0219982116620355,0.0087311578504608,-0.0470479967998617,-0.033780942988287,False,False,False,,512,0,529409
w=512 s=0,Age decile 6,397,-0.0004719207173194,0.0287745344451673,-0.0605306412730523,-0.0292464551624868,0.0600587205557328,True,True,True,,512,0,529409
w=512 s=0,Age decile 7,247,0.0173747705218987,0.0504062919710441,0.0059776851797999,-0.0330315214491453,0.0113970853420988,False,True,True,,512,0,529409
w=512 s=0,Age decile 8,354,-0.0216450216450216,0.0539471769322086,-0.0157648897003846,-0.0755921985772302,-0.005880131944637,True,False,True,,512,0,529409
w=512 s=0,Age decile 9,325,-0.0771864301276066,0.0572746250508594,0.0202488741053027,-0.1344610551784661,-0.0974353042329094,False,False,False,,512,0,529409
w=512 s=0,HR quartile 0,877,0.0371049136786188,0.082817038625814,0.0147100899289286,-0.0457121249471951,0.0223948237496902,False,True,True,,512,0,529409
w=512 s=0,HR quartile 1,917,-0.0169849537037037,0.0205235017469122,-0.0045115437941751,-0.0375084554506159,-0.0124734099095285,True,False,True,,512,0,529409
w=512 s=0,HR quartile 2,816,0.034861311019492,0.0365158565940438,0.0019511732767721,-0.0016545455745517,0.0329101377427199,False,True,True,,512,0,529409
w=512 s=0,HR quartile 3,819,-0.0232600311906863,0.0415497201033402,0.0042118609860248,-0.0648097512940266,-0.0274718921767111,False,False,False,,512,0,529409
w=512 s=0,MAP quartile 0,877,-0.0141240285818599,0.0424591218251531,0.0105137810581977,-0.056583150407013,-0.0246378096400576,False,False,False,,512,0,529409
w=512 s=0,MAP quartile 1,840,0.02392179413456,0.0325416234764654,0.0140308105070014,-0.0086198293419053,0.0098909836275586,False,True,True,,512,0,529409
w=512 s=0,MAP quartile 2,866,0.0104058609958506,0.0494453289068835,-0.0266743653613516,-0.0390394679110329,0.0370802263572023,True,True,True,,512,0,529409
w=512 s=0,MAP quartile 3,846,0.0090927756430939,0.0687252556845344,-0.0306480201518331,-0.0596324800414404,0.039740795794927,True,True,True,,512,0,529409
w=512 s=0,Temp quartile 0,902,0.0068727157158747,0.0314911968945028,0.0056941541465666,-0.024618481178628,0.0011785615693081,False,True,True,,512,0,529409
w=512 s=0,Temp quartile 1,864,0.0305627470437901,0.0566491060059541,-0.0282235791438676,-0.0260863589621639,0.0587863261876578,True,True,True,,512,0,529409
w=512 s=0,Temp quartile 2,838,-0.0036346905912123,0.0615055391618548,0.067776902109708,-0.0651402297530672,-0.0714115927009203,False,False,False,,512,0,529409
w=512 s=0,Temp quartile 3,825,-0.0023612750885478,0.0613920452881645,0.0233516859141226,-0.0637533203767123,-0.0257129610026704,False,False,False,,512,0,529409
w=512 s=0,Urine quartile 0,859,-0.0313289760348584,0.0266574431340139,0.0090548353120058,-0.0579864191688723,-0.0403838113468642,False,False,False,,512,0,529409
w=512 s=0,Urine quartile 1,913,-0.0210526315789473,-0.0354425345794006,-0.0362147590939871,0.0143899030004532,0.0151621275150398,False,False,False,,512,0,529409
w=512 s=0,Urine quartile 2,802,0.0149901230333403,0.0445411192007757,0.0097201949595071,-0.0295509961674354,0.0052699280738331,False,True,True,,512,0,529409
w=512 s=0,Urine quartile 3,855,0.0601118199903958,0.0761488508171493,-0.0155569031775958,-0.0160370308267535,0.0756687231679916,True,True,True,,512,0,529409
w=512 s=0,SAPS quartile 0,1025,0.0026756349262149,0.030361928747717,-0.0186317850703206,-0.027686293821502,0.0213074199965355,True,True,True,,512,0,529409
w=512 s=0,SAPS quartile 1,946,0.0452124666297511,0.0311804507034728,-0.0142057191998787,0.0140320159262782,0.0594181858296298,True,False,True,,512,0,529409
w=512 s=0,SAPS quartile 2,660,0.0015384615384615,0.0451804216568527,0.00016206676602,-0.0436419601183911,0.0013763947724414,False,True,True,,512,0,529409
w=512 s=0,SAPS quartile 3,798,-0.0389986891196934,0.0305349440479669,0.0250811045077888,-0.0695336331676604,-0.0640797936274823,False,False,False,,512,0,529409
w=512 s=0,HR > 100,945,-0.0351262896411669,-0.0658258196399894,-0.0219597826499737,0.0306995299988224,-0.0131665069911932,False,True,True,,512,0,529409
w=512 s=0,MAP < 65,697,-0.0279136809159047,0.0213727056475542,0.0050643174732799,-0.049286386563459,-0.0329779983891846,False,False,False,,512,0,529409
w=512 s=0,Temp > 38C,267,-0.0430204913392958,0.0403839084020753,-0.0026876039087936,-0.0834043997413711,-0.0403328874305021,True,False,True,,512,0,529409
w=512 s=0,Urine > 1000,210,0.0458952811893988,0.0727602885769658,-0.0418664318053401,-0.026865007387567,0.0877617129947389,True,True,True,,512,0,529409
w=512 s=0,Random 50% #1,1714,0.0148182289884191,0.0394274659622633,-0.0184406977237656,-0.0246092369738441,0.0332589267121848,True,True,True,,512,0,529409
w=512 s=0,Random 50% #2,1714,0.0038708396744524,0.0210094816942915,0.0093255228936752,-0.017138642019839,-0.0054546832192227,False,False,False,,512,0,529409
w=512 s=0,Random 50% #3,1714,0.0221853388658367,0.1015440948088898,0.0047894034315539,-0.079358755943053,0.0173959354342828,False,True,True,,512,0,529409
w=512 s=0,Random 50% #4,1714,0.0209444740819774,0.0768274080750859,-0.0232000315452165,-0.0558829339931084,0.0441445056271939,True,True,True,,512,0,529409
w=512 s=0,Random 50% #5,1714,0.025145147627017,0.0826301481903841,0.0356307566725837,-0.057485000563367,-0.0104856090455666,False,False,False,,512,0,529409
w=512 s=0,Random 50% #6,1714,-0.0032358828377694,0.0533301660419334,0.0117657872010761,-0.0565660488797028,-0.0150016700388456,False,False,False,,512,0,529409
w=512 s=0,Random 50% #7,1714,0.0203886964648963,0.0923952592430741,-0.0246303660903051,-0.0720065627781777,0.0450190625552015,True,True,True,,512,0,529409
w=512 s=0,Random 50% #8,1714,-0.0080211409064465,0.0496515636498438,0.0080114110402046,-0.0576727045562904,-0.0160325519466511,False,False,False,,512,0,529409
w=512 s=0,Random 50% #9,1714,-0.0018808498325041,0.0769032488641271,-0.0296636475240679,-0.0787840986966313,0.0277827976915637,True,True,True,,512,0,529409
w=512 s=0,Random 50% #10,1714,0.0032849222618878,0.0657967137540213,-0.037061705415444,-0.0625117914921334,0.0403466276773319,True,True,True,,512,0,529409
w=512 s=0,Random 50% #11,1714,0.0064028840624585,0.0300911764194636,-0.003169722123246,-0.023688292357005,0.0095726061857045,True,True,True,,512,0,529409
w=512 s=0,Random 50% #12,1714,-0.0033234372422892,0.0366460518468204,-0.0144220550739689,-0.0399694890891096,0.0110986178316796,True,True,True,,512,0,529409
w=512 s=0,Random 50% #13,1714,0.0032517955657333,-0.02325507628201,0.1016948575331332,0.0265068718477434,-0.0984430619673999,True,True,True,,512,0,529409
w=512 s=0,Random 50% #14,1714,0.0062157191184681,0.0321284134335622,0.1383730586501106,-0.025912694315094,-0.1321573395316424,False,False,False,,512,0,529409
w=512 s=0,Random 50% #15,1714,0.0026854501430772,0.0561684200299996,0.0329829676171623,-0.0534829698869223,-0.030297517474085,False,False,False,,512,0,529409
w=512 s=0,Random 50% #16,1714,0.0188052608311229,0.0323532073280836,0.0346995591599367,-0.0135479464969607,-0.0158942983288138,False,False,False,,512,0,529409
w=512 s=0,Random 50% #17,1714,0.0073507410721795,0.0350683543783206,0.0241477618141353,-0.0277176133061411,-0.0167970207419557,False,False,False,,512,0,529409
w=512 s=0,Random 50% #18,1714,0.0251803786741562,0.0825895549513856,0.0055255656623388,-0.0574091762772294,0.0196548130118174,False,True,True,,512,0,529409
w=512 s=0,Random 50% #19,1714,0.0087463233253787,0.0665331515491337,-0.0101775693792189,-0.057786828223755,0.0189238927045977,True,True,True,,512,0,529409
w=512 s=0,Random 50% #20,1714,0.0239488541873964,0.0462335419943764,0.0281444502881758,-0.02228468780698,-0.0041955961007794,False,False,False,,512,0,529409
w=512 s=0,Random 50% #21,1714,0.0016605879752431,0.0432329619330944,-0.0047464086796845,-0.0415723739578512,0.0064069966549276,True,True,True,,512,0,529409
w=512 s=0,Random 50% #22,1714,0.0178287222426975,0.032648634974873,0.0622461277407959,-0.0148199127321755,-0.0444174054980983,False,False,False,,512,0,529409
w=512 s=0,Random 50% #23,1714,-0.0051929851771431,0.0456874890026831,0.0114813845092675,-0.0508804741798262,-0.0166743696864106,False,False,False,,512,0,529409
w=512 s=0,Random 50% #24,1714,0.0201698382197979,0.0228699037853745,-0.0100360776034344,-0.0027000655655765,0.0302059158232324,True,True,True,,512,0,529409
w=512 s=0,Random 50% #25,1714,0.0024135223603308,0.071504221237536,0.0081173361669277,-0.0690906988772051,-0.0057038138065969,False,False,False,,512,0,529409
w=512 s=0,Random 50% #26,1714,-0.0063986093578627,0.0854335957641907,0.0177262391039905,-0.0918322051220534,-0.0241248484618532,False,False,False,,512,0,529409
w=512 s=0,Random 50% #27,1714,-0.0048317683881064,0.0457824639882954,-0.0284655381428551,-0.0506142323764019,0.0236337697547487,True,True,True,,512,0,529409
w=512 s=0,Random 50% #28,1714,0.0098094573797898,0.0647779354375683,0.0361541792455475,-0.0549684780577784,-0.0263447218657577,False,False,False,,512,0,529409
w=512 s=0,Random 50% #29,1714,0.0125552608311229,0.0394403626482103,-0.0175703323886041,-0.0268851018170874,0.030125593219727,True,True,True,,512,0,529409
w=512 s=0,Random 50% #30,1714,0.0022139615866539,0.0428110676874269,-0.0241294015005163,-0.040597106100773,0.0263433630871702,True,True,True,,512,0,529409
w=512 s=0,Random 50% #31,1714,0.0081502190717898,0.0870125970842078,-0.0159395184206236,-0.0788623780124179,0.0240897374924134,True,True,True,,512,0,529409
w=512 s=0,Random 50% #32,1714,-0.0092920029904661,0.0755948201998956,0.0432641809078744,-0.0848868231903617,-0.0525561838983405,False,False,False,,512,0,529409
w=512 s=0,Random 50% #33,1714,-0.002514181228832,0.0597695691568345,-0.028388195611717,-0.0622837503856666,0.0258740143828849,True,True,True,,512,0,529409
w=512 s=0,Random 50% #34,1714,0.0070180513371488,0.0473278328229042,-0.028727852414174,-0.0403097814857553,0.0357459037513228,True,True,True,,512,0,529409
w=512 s=0,Random 50% #35,1714,0.0093248828878478,0.0911210877829183,0.0144462449727565,-0.0817962048950705,-0.0051213620849086,False,False,False,,512,0,529409
w=512 s=0,Random 50% #36,1714,0.016912667846362,0.0544626844049726,0.0815531775247103,-0.0375500165586106,-0.0646405096783483,False,False,False,,512,0,529409
w=512 s=0,Random 50% #37,1714,0.0036653828805384,0.048600156777261,-9.388958794415148e-05,-0.0449347738967225,0.0037592724684826,True,True,True,,512,0,529409
w=512 s=0,Random 50% #38,1714,0.0021576191788371,0.0646576136481925,0.0634357198845712,-0.0624999944693553,-0.0612781007057341,False,False,False,,512,0,529409
w=512 s=0,Random 50% #39,1714,0.0170086158804934,-0.0289145817211794,0.0423200473053847,0.0459231976016728,-0.0253114314248913,True,True,True,,512,0,529409
w=512 s=0,Random 50% #40,1714,0.018520937100027,0.0513246025417367,-0.0071584851825753,-0.0328036654417097,0.0256794222826024,True,True,True,,512,0,529409
w=512 s=0,Random 50% #41,1714,0.0027199322354597,0.0332006664212194,-0.0728961082665315,-0.0304807341857596,0.0756160405019913,True,True,True,,512,0,529409
w=512 s=0,Random 50% #42,1714,0.0178900300253214,0.0714202685772235,-0.0337937330302989,-0.053530238551902,0.0516837630556203,True,True,True,,512,0,529409
w=512 s=0,Random 50% #43,1714,0.0169958506224066,0.0532484146783301,0.1601477552580183,-0.0362525640559235,-0.1431519046356117,False,False,False,,512,0,529409
w=512 s=0,Random 50% #44,1714,-0.0080414937759336,0.0535342549193461,0.0283340717073927,-0.0615757486952797,-0.0363755654833263,False,False,False,,512,0,529409
w=512 s=0,Random 50% #45,1714,-0.0006684003732017,0.0155217486359163,0.0074337923508834,-0.016190149009118,-0.0081021927240851,False,False,False,,512,0,529409
w=512 s=0,Random 50% #46,1714,-0.0127567411871579,0.0580576452358184,0.0002267944687318,-0.0708143864229764,-0.0129835356558897,False,False,False,,512,0,529409
w=512 s=0,Random 50% #47,1714,-0.0023071888899981,0.0573630122297106,0.0053229817044329,-0.0596702011197087,-0.007630170594431,False,False,False,,512,0,529409
w=512 s=0,Random 50% #48,1714,0.0007707867678387,0.0737493223630375,0.0220569468366268,-0.0729785355951987,-0.0212861600687881,False,False,False,,512,0,529409
w=512 s=0,Random 50% #49,1714,-0.0052585890287469,-0.0090817859384777,0.0299743526745052,0.0038231969097307,-0.0352329417032522,True,True,True,,512,0,529409
w=512 s=0,Random 50% #50,1714,-0.009935439192208,0.0523946812925578,0.0549115722642483,-0.0623301204847658,-0.0648470114564563,False,False,False,,512,0,529409
w=512 s=0,Random 30% #1,1028,0.0177032019704433,0.0627790104928564,-0.0458465094244922,-0.045075808522413,0.0635497113949356,True,True,True,,512,0,529409
w=512 s=0,Random 30% #2,1028,-0.0188812287552644,0.0362042047515849,0.0081186532471072,-0.0550854335068494,-0.0269998820023716,False,False,False,,512,0,529409
w=512 s=0,Random 30% #3,1028,-0.0136963318843895,-0.0014828785053873,-0.0013743950430036,-0.0122134533790021,-0.0123219368413858,False,False,False,,512,0,529409
w=512 s=0,Random 30% #4,1028,0.012612065619632,0.040729698432532,-0.0249437210046133,-0.0281176328129,0.0375557866242454,True,True,True,,512,0,529409
w=512 s=0,Random 30% #5,1028,0.012955140579904,0.0338852248750096,-0.0523720089134021,-0.0209300842951056,0.0653271494933062,True,True,True,,512,0,529409
w=512 s=0,Random 30% #6,1028,0.011061887501678,0.0430472297920664,-0.0026576156021414,-0.0319853422903883,0.0137195031038194,True,True,True,,512,0,529409
w=512 s=0,Random 30% #7,1028,-0.0019795447047178,0.0403344159880936,0.0022057048774264,-0.0423139606928115,-0.0041852495821443,False,False,False,,512,0,529409
w=512 s=0,Random 30% #8,1028,-0.0013757582957458,0.0580011140230507,0.017524750308623,-0.0593768723187966,-0.0189005086043689,False,False,False,,512,0,529409
w=512 s=0,Random 30% #9,1028,0.0167924069116573,0.0314797602011654,0.0118816641805085,-0.0146873532895081,0.0049107427311488,False,True,True,,512,0,529409
w=512 s=0,Random 30% #10,1028,0.0218614718614718,0.0292157887645826,-0.0407644527203018,-0.0073543169031108,0.0626259245817736,True,True,True,,512,0,529409
w=512 s=0,Random 30% #11,1028,0.0036992125742528,-0.0080933599373344,0.0086595443815325,0.0117925725115873,-0.0049603318072797,True,True,True,,512,0,529409
w=512 s=0,Random 30% #12,1028,-0.0176439165409753,0.0254702349446553,0.0174082432349052,-0.0431141514856306,-0.0350521597758806,False,False,False,,512,0,529409
w=512 s=0,Random 30% #13,1028,0.0061871080085679,0.0620106610421736,-0.0558152064468659,-0.0558235530336056,0.0620023144554338,True,True,True,,512,0,529409
w=512 s=0,Random 30% #14,1028,-0.0024039572835282,0.0403550141572354,0.0073524705269727,-0.0427589714407636,-0.009756427810501,False,False,False,,512,0,529409
w=512 s=0,Random 30% #15,1028,-0.0014797507788162,0.0601747244383649,0.0309751974091017,-0.0616544752171811,-0.0324549481879179,False,False,False,,512,0,529409
w=512 s=0,Random 30% #16,1028,0.006823838043474,-0.0297967581337473,-0.0261524317837972,0.0366205961772214,0.0329762698272713,False,False,False,,512,0,529409
w=512 s=0,Random 30% #17,1028,0.0030261642698374,0.0691137416937229,0.0038225409455565,-0.0660875774238854,-0.0007963766757191,False,False,False,,512,0,529409
w=512 s=0,Random 30% #18,1028,0.008237689744539,0.0644203311123297,0.058737643878245,-0.0561826413677906,-0.050499954133706,False,False,False,,512,0,529409
w=512 s=0,Random 30% #19,1028,0.0066883064376393,0.0176419816348965,-0.0114760511677236,-0.0109536751972572,0.018164357605363,True,True,True,,512,0,529409
w=512 s=0,Random 30% #20,1028,-0.0099963316214233,0.0599210902533756,0.0165568920179284,-0.069917421874799,-0.0265532236393518,False,False,False,,512,0,529409
w=512 s=0,Random 30% #21,1028,0.002277451699682,0.051626295127609,-0.0307200010580079,-0.0493488434279269,0.03299745275769,True,True,True,,512,0,529409
w=512 s=0,Random 30% #22,1028,0.0271739130434782,0.025167395924729,0.0305560100932158,0.0020065171187491,-0.0033820970497376,False,True,True,,512,0,529409
w=512 s=0,Random 30% #23,1028,0.0053719593676173,0.0943261972076376,0.0119803580448566,-0.0889542378400202,-0.0066083986772393,False,False,False,,512,0,529409
w=512 s=0,Random 30% #24,1028,0.0374355138753044,0.1007616608582067,0.0897813145572838,-0.0633261469829023,-0.0523458006819794,False,False,False,,512,0,529409
w=512 s=0,Random 30% #25,1028,0.0207335170659317,0.0337916571855514,-0.0035443537873192,-0.0130581401196197,0.024277870853251,True,True,True,,512,0,529409
w=512 s=0,Random 30% #26,1028,0.000322640117994,0.0332006950560754,-0.0118832125509214,-0.0328780549380813,0.0122058526689155,True,True,True,,512,0,529409
w=512 s=0,Random 30% #27,1028,-0.0133699862551543,0.0042539410639243,0.0172579375813017,-0.0176239273190786,-0.030627923836456,False,False,False,,512,0,529409
w=512 s=0,Random 30% #28,1028,0.0048546691403834,0.0666948076965556,0.0040455378530472,-0.0618401385561722,0.0008091312873361,False,True,True,,512,0,529409
w=512 s=0,Random 30% #29,1028,0.0132264436461088,0.0583005389363057,0.0095170986635392,-0.0450740952901968,0.0037093449825696,False,True,True,,512,0,529409
w=512 s=0,Random 30% #30,1028,0.0073191060456281,0.0436437278001934,-0.0225326318837165,-0.0363246217545653,0.0298517379293446,True,True,True,,512,0,529409
w=512 s=0,Random 30% #31,1028,0.0186572318838355,0.0525411767987983,0.0330200668459654,-0.0338839449149627,-0.0143628349621299,False,False,False,,512,0,529409
w=512 s=0,Random 30% #32,1028,0.0146773132638857,0.074791895875743,-0.0046183680277041,-0.0601145826118573,0.0192956812915898,True,True,True,,512,0,529409
w=512 s=0,Random 30% #33,1028,0.0107989019115876,0.0563565814169448,0.0112681743019946,-0.0455576795053572,-0.0004692723904069,False,False,False,,512,0,529409
w=512 s=0,Random 30% #34,1028,0.0036708111308466,0.0228389310293097,-0.0015618809136284,-0.019168119898463,0.0052326920444751,True,True,True,,512,0,529409
w=512 s=0,Random 30% #35,1028,-0.0021279853031231,0.0601322740270707,-0.0450979880019268,-0.0622602593301938,0.0429700026988037,True,True,True,,512,0,529409
w=512 s=0,Random 30% #36,1028,-0.0048226599270606,0.0962983719054216,-0.0101736807941928,-0.1011210318324822,0.0053510208671321,True,True,True,,512,0,529409
w=512 s=0,Random 30% #37,1028,-0.0037446257685728,0.038298946739397,0.0249164655481007,-0.0420435725079699,-0.0286610913166736,False,False,False,,512,0,529409
w=512 s=0,Random 30% #38,1028,0.0108722741433021,0.0564260170710371,0.0094808665977245,-0.0455537429277349,0.0013914075455776,False,True,True,,512,0,529409
w=512 s=0,Random 30% #39,1028,0.0380230468256006,0.0441089527785317,0.0033753666862174,-0.0060859059529311,0.0346476801393831,False,True,True,,512,0,529409
w=512 s=0,Random 30% #40,1028,-0.0156995008383602,0.0481178801368781,0.0121037205911464,-0.0638173809752384,-0.0278032214295067,False,False,False,,512,0,529409
w=512 s=0,Random 30% #41,1028,0.0003191021554961,-0.0259981660482785,-0.0070859191924728,0.0263172682037746,0.0074050213479689,False,False,False,,512,0,529409
w=512 s=0,Random 30% #42,1028,0.0039796984507742,-0.0120738111045093,-0.024472578586389,0.0160535095552835,0.0284522770371632,False,False,False,,512,0,529409
w=512 s=0,Random 30% #43,1028,0.0320665445665445,0.044483948213462,0.0029753448746649,-0.0124174036469175,0.0290911996918795,False,True,True,,512,0,529409
w=512 s=0,Random 30% #44,1028,0.014617494198646,0.0282834630909555,-0.0181036863555332,-0.0136659688923095,0.0327211805541792,True,True,True,,512,0,529409
w=512 s=0,Random 30% #45,1028,-0.010677190889205,0.0710012837211476,-0.0362654425400298,-0.0816784746103526,0.0255882516508248,True,True,True,,512,0,529409
w=512 s=0,Random 30% #46,1028,-0.0211341559464426,0.0341935584615272,-0.0044538640678236,-0.0553277144079698,-0.0166802918786189,True,False,True,,512,0,529409
w=512 s=0,Random 30% #47,1028,0.0021068472535741,0.0818636366473402,-0.0126375570358414,-0.0797567893937661,0.0147444042894155,True,True,True,,512,0,529409
w=512 s=0,Random 30% #48,1028,0.0099373113536103,0.0651173262969823,0.0013539090191136,-0.0551800149433719,0.0085834023344967,False,True,True,,512,0,529409
w=512 s=0,Random 30% #49,1028,-0.0033935788911766,0.0575981556128035,0.0124963782523113,-0.0609917345039802,-0.015889957143488,False,False,False,,512,0,529409
w=512 s=0,Random 30% #50,1028,-0.0149638584774062,0.0450452743562693,0.0229198752946136,-0.0600091328336756,-0.0378837337720199,False,False,False,,512,0,529409
w=512 s=1,All Patients,3429,0.0078818040435458,0.0642850160783198,0.0239867735527545,-0.0564032120347739,-0.0161049695092087,False,False,False,,512,1,529409
w=512 s=1,ICUType 1.0,490,0.0294939989088925,0.0760159649989923,0.01611595096415,-0.0465219660900998,0.0133780479447425,False,True,True,,512,1,529409
w=512 s=1,ICUType 2.0,643,-0.000975689080413,0.0237995151054017,-0.0087494363988913,-0.0247752041858147,0.0077737473184783,True,True,True,,512,1,529409
w=512 s=1,ICUType 3.0,1357,-0.0217764843549488,0.0236285736834728,0.0138348239220158,-0.0454050580384216,-0.0356113082769647,False,False,False,,512,1,529409
w=512 s=1,ICUType 4.0,939,0.0202084035501629,0.0726488099458209,0.0034841727554442,-0.052440406395658,0.0167242307947186,False,True,True,,512,1,529409
w=512 s=1,Age decile 0,374,0.046026807780653,0.0533448119001476,0.0197246585543929,-0.0073180041194945,0.02630214922626,False,True,True,,512,1,529409
w=512 s=1,Age decile 1,344,0.0273634472301562,0.060256396161806,-0.0087868774392709,-0.0328929489316498,0.0361503246694271,True,True,True,,512,1,529409
w=512 s=1,Age decile 2,347,0.0042864169770219,-0.0124069528844575,-0.0240175520103463,0.0166933698614795,0.0283039689873682,False,False,False,,512,1,529409
w=512 s=1,Age decile 3,325,0.0096292729898892,0.0720244167713311,-0.0215467838944606,-0.0623951437814419,0.0311760568843498,True,True,True,,512,1,529409
w=512 s=1,Age decile 4,372,-0.0152359717577108,0.039496533635118,-0.0329913333971715,-0.0547325053928289,0.0177553616394606,True,True,True,,512,1,529409
w=512 s=1,Age decile 5,344,-0.0250497851378262,0.0189340402165481,0.0252540995705967,-0.0439838253543743,-0.0503038847084229,False,False,False,,512,1,529409
w=512 s=1,Age decile 6,397,-0.0004719207173194,0.015098710437928,-0.0559139700688813,-0.0155706311552475,0.0554420493515619,True,True,True,,512,1,529409
w=512 s=1,Age decile 7,247,0.0173747705218987,0.0528979693716953,0.0188328753717303,-0.0355231988497965,-0.0014581048498316,False,False,False,,512,1,529409
w=512 s=1,Age decile 8,354,-0.0216450216450216,0.0535683893069389,-0.0283911208795289,-0.0752134109519605,0.0067460992345073,True,True,True,,512,1,529409
w=512 s=1,Age decile 9,325,-0.0771864301276066,0.0713041097137638,0.033567921480349,-0.1484905398413704,-0.1107543516079556,False,False,False,,512,1,529409
w=512 s=1,HR quartile 0,877,0.0371049136786188,0.0792054751726687,0.0142348718066892,-0.0421005614940498,0.0228700418719295,False,True,True,,512,1,529409
w=512 s=1,HR quartile 1,917,-0.0169849537037037,0.0401003039769103,-0.0305863985005408,-0.057085257680614,0.0136014447968371,True,True,True,,512,1,529409
w=512 s=1,HR quartile 2,816,0.034861311019492,0.0436532336092219,0.0086919926537917,-0.0087919225897298,0.0261693183657003,False,True,True,,512,1,529409
w=512 s=1,HR quartile 3,819,-0.0232600311906863,0.0346582876438285,-0.0295357510749951,-0.0579183188345149,0.0062757198843088,True,True,True,,512,1,529409
w=512 s=1,MAP quartile 0,877,-0.0141240285818599,0.0583457401552739,0.0207367035675387,-0.0724697687371338,-0.0348607321493986,False,False,False,,512,1,529409
w=512 s=1,MAP quartile 1,840,0.02392179413456,0.0293800682497477,0.0083428151176759,-0.0054582741151876,0.0155789790168841,False,True,True,,512,1,529409
w=512 s=1,MAP quartile 2,866,0.0104058609958506,0.0322733906324013,-0.0248092285592141,-0.0218675296365507,0.0352150895550647,True,True,True,,512,1,529409
w=512 s=1,MAP quartile 3,846,0.0090927756430939,0.0740547464423384,-0.0236057768690388,-0.0649619707992445,0.0326985525121327,True,True,True,,512,1,529409
w=512 s=1,Temp quartile 0,902,0.0068727157158747,0.0063436184045187,-0.0207328156383753,0.000529097311356,0.02760553135425,True,False,True,,512,1,529409
w=512 s=1,Temp quartile 1,864,0.0305627470437901,0.0606076192343056,-0.0423629632095958,-0.0300448721905155,0.072925710253386,True,True,True,,512,1,529409
w=512 s=1,Temp quartile 2,838,-0.0036346905912123,0.0658845999409718,0.0940334760452157,-0.0695192905321841,-0.0976681666364281,False,False,False,,512,1,529409
w=512 s=1,Temp quartile 3,825,-0.0023612750885478,0.0526719030564212,-0.0167249700138136,-0.055033178144969,0.0143636949252658,True,True,True,,512,1,529409
w=512 s=1,Urine quartile 0,859,-0.0313289760348584,0.0302858991874323,0.0125839936996659,-0.0616148752222907,-0.0439129697345243,False,False,False,,512,1,529409
w=512 s=1,Urine quartile 1,913,-0.0210526315789473,0.0666596656434503,-0.0416784932385244,-0.0877122972223976,0.020625861659577,True,True,True,,512,1,529409
w=512 s=1,Urine quartile 2,802,0.0149901230333403,0.052857989071281,-0.0043557612807969,-0.0378678660379407,0.0193458843141373,True,True,True,,512,1,529409
w=512 s=1,Urine quartile 3,855,0.0601118199903958,0.0707184356717488,-0.0065865928897451,-0.0106066156813529,0.066698412880141,True,True,True,,512,1,529409
w=512 s=1,SAPS quartile 0,1025,0.0026756349262149,0.0284730973985842,-0.0189244594203762,-0.0257974624723692,0.0216000943465912,True,True,True,,512,1,529409
w=512 s=1,SAPS quartile 1,946,0.0452124666297511,-0.0093901380770914,-0.0228588367691859,0.0546026047068426,0.0680713033989371,False,False,False,,512,1,529409
w=512 s=1,SAPS quartile 2,660,0.0015384615384615,0.0620111091570933,0.0149165873261612,-0.0604726476186318,-0.0133781257876996,False,False,False,,512,1,529409
w=512 s=1,SAPS quartile 3,798,-0.0389986891196934,0.0311456404107357,0.0375721661708499,-0.0701443295304292,-0.0765708552905433,False,False,False,,512,1,529409
w=512 s=1,HR > 100,945,-0.0351262896411669,-0.0290712830107915,-0.0183386225477495,-0.0060550066303754,-0.0167876670934174,False,False,False,,512,1,529409
w=512 s=1,MAP < 65,697,-0.0279136809159047,0.027548180085507,0.0116789431606545,-0.0554618610014118,-0.0395926240765593,False,False,False,,512,1,529409
w=512 s=1,Temp > 38C,267,-0.0430204913392958,0.0467500699576185,-0.0051515413888168,-0.0897705612969143,-0.0378689499504789,True,False,True,,512,1,529409
w=512 s=1,Urine > 1000,210,0.0458952811893988,0.0679111599650306,-0.041402693383245,-0.0220158787756317,0.0872979745726439,True,True,True,,512,1,529409
w=512 s=1,Random 50% #1,1714,0.0148182289884191,0.0454417872172508,-0.0164957883351977,-0.0306235582288316,0.0313140173236169,True,True,True,,512,1,529409
w=512 s=1,Random 50% #2,1714,0.0038708396744524,0.0447912648850356,0.0220945019051354,-0.0409204252105832,-0.018223662230683,False,False,False,,512,1,529409
w=512 s=1,Random 50% #3,1714,0.0221853388658367,0.0483695563911015,-0.0008230349927182,-0.0261842175252647,0.023008373858555,True,True,True,,512,1,529409
w=512 s=1,Random 50% #4,1714,0.0209444740819774,0.0691050666217724,0.0004349128251512,-0.048160592539795,0.0205095612568262,False,True,True,,512,1,529409
w=512 s=1,Random 50% #5,1714,0.025145147627017,0.0561082487498104,0.0607477355675371,-0.0309631011227934,-0.03560258794052,False,False,False,,512,1,529409
w=512 s=1,Random 50% #6,1714,-0.0032358828377694,0.0569728391429788,-0.0051919898570166,-0.0602087219807483,0.0019561070192471,True,True,True,,512,1,529409
w=512 s=1,Random 50% #7,1714,0.0203886964648963,0.0702585269712043,1.742267795401542e-05,-0.049869830506308,0.0203712737869423,False,True,True,,512,1,529409
w=512 s=1,Random 50% #8,1714,-0.0080211409064465,0.0158642198684011,0.0030235137757235,-0.0238853607748476,-0.01104465468217,False,False,False,,512,1,529409
w=512 s=1,Random 50% #9,1714,-0.0018808498325041,0.0792637000156112,0.0670108228206569,-0.0811445498481154,-0.0688916726531611,False,False,False,,512,1,529409
w=512 s=1,Random 50% #10,1714,0.0032849222618878,0.0490551937834578,-0.018987027244835,-0.0457702715215699,0.0222719495067228,True,True,True,,512,1,529409
w=512 s=1,Random 50% #11,1714,0.0064028840624585,0.0232936566436009,-0.0118426217150338,-0.0168907725811424,0.0182455057774924,True,True,True,,512,1,529409
w=512 s=1,Random 50% #12,1714,-0.0033234372422892,0.0401657137596268,-0.0035712434169751,-0.0434891510019161,0.0002478061746858,True,True,True,,512,1,529409
w=512 s=1,Random 50% #13,1714,0.0032517955657333,-0.0760115938541046,0.0142555528632837,0.0792633894198379,-0.0110037572975504,True,True,True,,512,1,529409
w=512 s=1,Random 50% #14,1714,0.0062157191184681,0.0543757195000434,0.0409306326469149,-0.0481600003815753,-0.0347149135284468,False,False,False,,512,1,529409
w=512 s=1,Random 50% #15,1714,0.0026854501430772,0.0431495052302084,0.0922685207429264,-0.0404640550871311,-0.0895830705998491,False,False,False,,512,1,529409
w=512 s=1,Random 50% #16,1714,0.0188052608311229,0.025964065764761,0.0701960785921059,-0.0071588049336381,-0.051390817760983,False,False,False,,512,1,529409
w=512 s=1,Random 50% #17,1714,0.0073507410721795,0.0373925931606096,0.0715069151416184,-0.03004185208843,-0.0641561740694388,False,False,False,,512,1,529409
w=512 s=1,Random 50% #18,1714,0.0251803786741562,0.0621174984432642,0.0339242415559803,-0.036937119769108,-0.0087438628818241,False,False,False,,512,1,529409
w=512 s=1,Random 50% #19,1714,0.0087463233253787,0.0386113819151774,0.0056298232947116,-0.0298650585897987,0.0031165000306671,False,True,True,,512,1,529409
w=512 s=1,Random 50% #20,1714,0.0239488541873964,0.0496068604535477,0.0957685225975999,-0.0256580062661513,-0.0718196684102034,False,False,False,,512,1,529409
w=512 s=1,Random 50% #21,1714,0.0016605879752431,0.050391486577577,-0.0167576533774146,-0.0487308986023338,0.0184182413526577,True,True,True,,512,1,529409
w=512 s=1,Random 50% #22,1714,0.0178287222426975,0.0370914985889209,0.0235299054628355,-0.0192627763462234,-0.0057011832201379,False,False,False,,512,1,529409
w=512 s=1,Random 50% #23,1714,-0.0051929851771431,0.0102700444066047,0.0150746923904564,-0.0154630295837478,-0.0202676775675995,False,False,False,,512,1,529409
w=512 s=1,Random 50% #24,1714,0.0201698382197979,0.0515571725914823,0.0191799368872798,-0.0313873343716844,0.000989901332518,False,True,True,,512,1,529409
w=512 s=1,Random 50% #25,1714,0.0024135223603308,0.0608782846382858,-0.0044245711548266,-0.058464762277955,0.0068380935151574,True,True,True,,512,1,529409
w=512 s=1,Random 50% #26,1714,-0.0063986093578627,0.0342775229439498,0.0418621784764098,-0.0406761323018125,-0.0482607878342725,False,False,False,,512,1,529409
w=512 s=1,Random 50% #27,1714,-0.0048317683881064,0.0341240026287304,-0.0232291364342007,-0.0389557710168368,0.0183973680460943,True,True,True,,512,1,529409
w=512 s=1,Random 50% #28,1714,0.0098094573797898,-0.0005272631644283,0.0068653456405858,0.0103367205442182,0.0029441117392039,True,False,True,,512,1,529409
w=512 s=1,Random 50% #29,1714,0.0125552608311229,0.0430615173486931,-0.0543845374975585,-0.0305062565175702,0.0669397983286814,True,True,True,,512,1,529409
w=512 s=1,Random 50% #30,1714,0.0022139615866539,0.0782384821714147,0.0848037899446028,-0.0760245205847608,-0.0825898283579489,False,False,False,,512,1,529409
w=512 s=1,Random 50% #31,1714,0.0081502190717898,0.0372921101035797,0.0267477956636205,-0.0291418910317899,-0.0185975765918307,False,False,False,,512,1,529409
w=512 s=1,Random 50% #32,1714,-0.0092920029904661,0.0378613645150925,0.0679189443249651,-0.0471533675055587,-0.0772109473154313,False,False,False,,512,1,529409
w=512 s=1,Random 50% #33,1714,-0.002514181228832,0.0619971057274568,0.0206540900678543,-0.0645112869562888,-0.0231682712966863,False,False,False,,512,1,529409
w=512 s=1,Random 50% #34,1714,0.0070180513371488,0.0568622049189439,-0.0033306220018948,-0.0498441535817951,0.0103486733390436,True,True,True,,512,1,529409
w=512 s=1,Random 50% #35,1714,0.0093248828878478,0.0697554202470388,0.0242726241442654,-0.0604305373591909,-0.0149477412564175,False,False,False,,512,1,529409
w=512 s=1,Random 50% #36,1714,0.016912667846362,0.0176519979874714,-0.0025265464283941,-0.0007393301411094,0.0194392142747562,True,True,True,,512,1,529409
w=512 s=1,Random 50% #37,1714,0.0036653828805384,-0.0025546221756486,-0.0430971097611583,0.0062200050561871,0.0467624926416968,False,False,False,,512,1,529409
w=512 s=1,Random 50% #38,1714,0.0021576191788371,0.0561112787414,-0.0213080483799194,-0.0539536595625629,0.0234656675587565,True,True,True,,512,1,529409
w=512 s=1,Random 50% #39,1714,0.0170086158804934,0.059586797861147,0.019779434545002,-0.0425781819806535,-0.0027708186645085,False,False,False,,512,1,529409
w=512 s=1,Random 50% #40,1714,0.018520937100027,0.052896802557006,-0.0408505949162113,-0.0343758654569789,0.0593715320162384,True,True,True,,512,1,529409
w=512 s=1,Random 50% #41,1714,0.0027199322354597,0.0285812455630499,-0.0051840347464291,-0.0258613133275901,0.0079039669818888,True,True,True,,512,1,529409
w=512 s=1,Random 50% #42,1714,0.0178900300253214,0.0482055209189507,-0.0234618077672895,-0.0303154908936293,0.0413518377926109,True,True,True,,512,1,529409
w=512 s=1,Random 50% #43,1714,0.0169958506224066,0.0624314386494417,-0.0713340040638561,-0.045435588027035,0.0883298546862627,True,True,True,,512,1,529409
w=512 s=1,Random 50% #44,1714,-0.0080414937759336,0.0810865765826387,-0.0072926873692789,-0.0891280703585723,-0.0007488064066546,True,False,True,,512,1,529409
w=512 s=1,Random 50% #45,1714,-0.0006684003732017,0.0540254072145399,-0.0155029672891904,-0.0546938075877416,0.0148345669159887,True,True,True,,512,1,529409
w=512 s=1,Random 50% #46,1714,-0.0127567411871579,-0.0050467003524541,0.0195158713819527,-0.0077100408347038,-0.0322726125691106,True,False,True,,512,1,529409
w=512 s=1,Random 50% #47,1714,-0.0023071888899981,0.0011211546835172,-0.0022293622436288,-0.0034283435735153,-7.782664636929448e-05,True,False,True,,512,1,529409
w=512 s=1,Random 50% #48,1714,0.0007707867678387,0.0439384522988421,-0.0288537973647193,-0.0431676655310034,0.0296245841325581,True,True,True,,512,1,529409
w=512 s=1,Random 50% #49,1714,-0.0052585890287469,0.0320450064242896,-0.0026675284532323,-0.0373035954530365,-0.0025910605755146,True,False,True,,512,1,529409
w=512 s=1,Random 50% #50,1714,-0.009935439192208,0.0542366107453607,0.0041272069066532,-0.0641720499375688,-0.0140626460988612,False,False,False,,512,1,529409
w=512 s=1,Random 30% #1,1028,0.0177032019704433,0.0598434727101957,0.0323499147692743,-0.0421402707397524,-0.014646712798831,False,False,False,,512,1,529409
w=512 s=1,Random 30% #2,1028,-0.0188812287552644,0.0401593583461229,0.002162331814993,-0.0590405871013874,-0.0210435605702574,False,False,False,,512,1,529409
w=512 s=1,Random 30% #3,1028,-0.0136963318843895,0.0126268472827777,0.0079327094984368,-0.0263231791671673,-0.0216290413828263,False,False,False,,512,1,529409
w=512 s=1,Random 30% #4,1028,0.012612065619632,-0.0017318586536181,-0.0039927553732279,0.0143439242732502,0.01660482099286,False,False,False,,512,1,529409
w=512 s=1,Random 30% #5,1028,0.012955140579904,-0.052485223442428,0.1465719279034352,0.0654403640223321,-0.1336167873235312,True,True,True,,512,1,529409
w=512 s=1,Random 30% #6,1028,0.011061887501678,0.0327442343112031,0.0071079395748608,-0.021682346809525,0.0039539479268172,False,True,True,,512,1,529409
w=512 s=1,Random 30% #7,1028,-0.0019795447047178,0.051578014351117,0.0089145401356512,-0.0535575590558349,-0.0108940848403691,False,False,False,,512,1,529409
w=512 s=1,Random 30% #8,1028,-0.0013757582957458,0.0532725362773691,0.023068077361294,-0.054648294573115,-0.0244438356570399,False,False,False,,512,1,529409
w=512 s=1,Random 30% #9,1028,0.0167924069116573,0.0081799092336017,0.0121537865580916,0.0086124976780556,0.0046386203535656,False,False,False,,512,1,529409
w=512 s=1,Random 30% #10,1028,0.0218614718614718,0.0493157358107404,-0.0369718384766,-0.0274542639492685,0.0588333103380718,True,True,True,,512,1,529409
w=512 s=1,Random 30% #11,1028,0.0036992125742528,0.016472696973785,0.0030113804559498,-0.0127734843995322,0.0006878321183029,False,True,True,,512,1,529409
w=512 s=1,Random 30% #12,1028,-0.0176439165409753,0.0404261781416384,-0.0020804681346666,-0.0580700946826137,-0.0155634484063086,True,False,True,,512,1,529409
w=512 s=1,Random 30% #13,1028,0.0061871080085679,0.0774320368294923,-0.0200798248405275,-0.0712449288209244,0.0262669328490954,True,True,True,,512,1,529409
w=512 s=1,Random 30% #14,1028,-0.0024039572835282,0.0323910886592521,0.0094729822855688,-0.0347950459427803,-0.011876939569097,False,False,False,,512,1,529409
w=512 s=1,Random 30% #15,1028,-0.0014797507788162,0.0596551843845753,-0.0255667721274561,-0.0611349351633915,0.0240870213486398,True,True,True,,512,1,529409
w=512 s=1,Random 30% #16,1028,0.006823838043474,0.050712135563537,-0.0369389600950682,-0.0438882975200629,0.0437627981385422,True,True,True,,512,1,529409
w=512 s=1,Random 30% #17,1028,0.0030261642698374,0.0685767502782825,0.0053397556269674,-0.0655505860084451,-0.0023135913571299,False,False,False,,512,1,529409
w=512 s=1,Random 30% #18,1028,0.008237689744539,0.0653837017068959,-0.0044186744244868,-0.0571460119623568,0.0126563641690258,True,True,True,,512,1,529409
w=512 s=1,Random 30% #19,1028,0.0066883064376393,0.0549643549650094,-0.0232932335110936,-0.0482760485273701,0.0299815399487329,True,True,True,,512,1,529409
w=512 s=1,Random 30% #20,1028,-0.0099963316214233,0.0488566118631424,-0.0041905576623266,-0.0588529434845658,-0.0058057739590966,True,False,True,,512,1,529409
w=512 s=1,Random 30% #21,1028,0.002277451699682,0.0600669091301714,-0.0339111927724865,-0.0577894574304893,0.0361886444721686,True,True,True,,512,1,529409
w=512 s=1,Random 30% #22,1028,0.0271739130434782,-0.0182261342589616,0.0527745679892038,0.0454000473024398,-0.0256006549457256,True,True,True,,512,1,529409
w=512 s=1,Random 30% #23,1028,0.0053719593676173,0.0500269834998216,0.0103822847989668,-0.0446550241322043,-0.0050103254313494,False,False,False,,512,1,529409
w=512 s=1,Random 30% #24,1028,0.0374355138753044,0.0635476556327446,0.0044474924662268,-0.0261121417574401,0.0329880214090775,False,True,True,,512,1,529409
w=512 s=1,Random 30% #25,1028,0.0207335170659317,0.0452387475390412,0.0033760627357432,-0.0245052304731095,0.0173574543301885,False,True,True,,512,1,529409
w=512 s=1,Random 30% #26,1028,0.000322640117994,0.0195065347260767,-0.0179498910827429,-0.0191838946080826,0.018272531200737,True,True,True,,512,1,529409
w=512 s=1,Random 30% #27,1028,-0.0133699862551543,-0.0052649770404192,0.0495367129562306,-0.008105009214735,-0.0629066992113849,True,False,True,,512,1,529409
w=512 s=1,Random 30% #28,1028,0.0048546691403834,0.0598128899265442,0.1096869180303921,-0.0549582207861608,-0.1048322488900087,False,False,False,,512,1,529409
w=512 s=1,Random 30% #29,1028,0.0132264436461088,0.1010227948643111,0.0156820596051998,-0.0877963512182022,-0.0024556159590909,False,False,False,,512,1,529409
w=512 s=1,Random 30% #30,1028,0.0073191060456281,0.0076795310369318,-0.0124905980994824,-0.0003604249913036,0.0198097041451105,True,True,True,,512,1,529409
w=512 s=1,Random 30% #31,1028,0.0186572318838355,0.0593925513625275,0.0336978521148685,-0.040735319478692,-0.015040620231033,False,False,False,,512,1,529409
w=512 s=1,Random 30% #32,1028,0.0146773132638857,0.0322165652727898,0.0026028492681103,-0.0175392520089041,0.0120744639957753,False,True,True,,512,1,529409
w=512 s=1,Random 30% #33,1028,0.0107989019115876,0.0519514427021734,0.0117803546572771,-0.0411525407905857,-0.0009814527456895,False,False,False,,512,1,529409
w=512 s=1,Random 30% #34,1028,0.0036708111308466,0.0496245761816632,-0.0104927217252802,-0.0459537650508165,0.0141635328561268,True,True,True,,512,1,529409
w=512 s=1,Random 30% #35,1028,-0.0021279853031231,0.0414862635311211,0.0088097916406323,-0.0436142488342442,-0.0109377769437554,False,False,False,,512,1,529409
w=512 s=1,Random 30% #36,1028,-0.0048226599270606,0.0740990464056342,-0.0074517157631235,-0.0789217063326948,0.0026290558360628,True,True,True,,512,1,529409
w=512 s=1,Random 30% #37,1028,-0.0037446257685728,-0.0293829359102515,0.0108658397371956,0.0256383101416786,-0.0146104655057685,True,True,True,,512,1,529409
w=512 s=1,Random 30% #38,1028,0.0108722741433021,0.0629509483811402,0.0058658425917107,-0.0520786742378381,0.0050064315515914,False,True,True,,512,1,529409
w=512 s=1,Random 30% #39,1028,0.0380230468256006,0.0476876184565747,-0.0015586001198304,-0.009664571630974,0.039581646945431,True,True,True,,512,1,529409
w=512 s=1,Random 30% #40,1028,-0.0156995008383602,0.0423996216414832,0.059656419791943,-0.0580991224798434,-0.0753559206303033,False,False,False,,512,1,529409
w=512 s=1,Random 30% #41,1028,0.0003191021554961,0.0349333444787389,0.0165563471876441,-0.0346142423232428,-0.016237245032148,False,False,False,,512,1,529409
w=512 s=1,Random 30% #42,1028,0.0039796984507742,-0.0390816660230217,0.0113595692716918,0.0430613644737959,-0.0073798708209176,True,True,True,,512,1,529409
w=512 s=1,Random 30% #43,1028,0.0320665445665445,0.0468445118719049,-0.0018823885230114,-0.0147779673053604,0.033948933089556,True,True,True,,512,1,529409
w=512 s=1,Random 30% #44,1028,0.014617494198646,0.0250699683861789,0.0081416029436105,-0.0104524741875329,0.0064758912550354,False,True,True,,512,1,529409
w=512 s=1,Random 30% #45,1028,-0.010677190889205,0.0419101151336722,-0.0424279006809191,-0.0525873060228772,0.0317507097917141,True,True,True,,512,1,529409
w=512 s=1,Random 30% #46,1028,-0.0211341559464426,0.0510622875562203,0.0016111577944679,-0.072196443502663,-0.0227453137409105,False,False,False,,512,1,529409
w=512 s=1,Random 30% #47,1028,0.0021068472535741,0.0812029895703275,-0.0103567000909257,-0.0790961423167534,0.0124635473444998,True,True,True,,512,1,529409
w=512 s=1,Random 30% #48,1028,0.0099373113536103,0.0569563972487384,-0.0002056480893763,-0.047019085895128,0.0101429594429867,True,True,True,,512,1,529409
w=512 s=1,Random 30% #49,1028,-0.0033935788911766,0.0617570119906546,0.0086420569213189,-0.0651505908818313,-0.0120356358124956,False,False,False,,512,1,529409
w=512 s=1,Random 30% #50,1028,-0.0149638584774062,0.05720308170892,0.026933325762079,-0.0721669401863263,-0.0418971842394853,False,False,False,,512,1,529409
w=512 s=2,All Patients,3429,0.0078818040435458,0.0525275166780455,0.0245341912494345,-0.0446457126344996,-0.0166523872058887,False,False,False,,512,2,529409
w=512 s=2,ICUType 1.0,490,0.0294939989088925,0.0630218252562656,0.0083473889774762,-0.0335278263473731,0.0211466099314162,False,True,True,,512,2,529409
w=512 s=2,ICUType 2.0,643,-0.000975689080413,0.0284156136691403,-0.011420933740836,-0.0293913027495534,0.0104452446604229,True,True,True,,512,2,529409
w=512 s=2,ICUType 3.0,1357,-0.0217764843549488,0.0115723895395347,-0.0688609234499239,-0.0333488738944836,0.047084439094975,True,True,True,,512,2,529409
w=512 s=2,ICUType 4.0,939,0.0202084035501629,0.0585143677164618,-0.0001847715660279,-0.0383059641662989,0.0203931751161908,True,True,True,,512,2,529409
w=512 s=2,Age decile 0,374,0.046026807780653,0.0529571332334202,-0.0359326474131414,-0.0069303254527672,0.0819594551937944,True,True,True,,512,2,529409
w=512 s=2,Age decile 1,344,0.0273634472301562,0.0562254279416516,-0.0492089303283105,-0.0288619807114954,0.0765723775584667,True,True,True,,512,2,529409
w=512 s=2,Age decile 2,347,0.0042864169770219,-0.003189810865739,0.0036642398972676,0.007476227842761,0.0006221770797543,True,False,True,,512,2,529409
w=512 s=2,Age decile 3,325,0.0096292729898892,0.0489636564148398,0.1313662490901699,-0.0393343834249505,-0.1217369761002807,False,False,False,,512,2,529409
w=512 s=2,Age decile 4,372,-0.0152359717577108,0.0523710273094907,0.0360810530158265,-0.0676069990672016,-0.0513170247735374,False,False,False,,512,2,529409
w=512 s=2,Age decile 5,344,-0.0250497851378262,0.0029052531457429,-0.0427673835035914,-0.0279550382835691,0.0177175983657651,True,True,True,,512,2,529409
w=512 s=2,Age decile 6,397,-0.0004719207173194,0.0301627072149357,0.0502300413414976,-0.0306346279322552,-0.0507019620588171,False,False,False,,512,2,529409
w=512 s=2,Age decile 7,247,0.0173747705218987,0.0530174510180283,0.0113150623448659,-0.0356426804961295,0.0060597081770328,False,True,True,,512,2,529409
w=512 s=2,Age decile 8,354,-0.0216450216450216,0.0400992684663806,-0.0025242827386034,-0.0617442901114023,-0.0191207389064182,True,False,True,,512,2,529409
w=512 s=2,Age decile 9,325,-0.0771864301276066,0.073073806252036,0.0431739477401839,-0.1502602363796426,-0.1203603778677905,False,False,False,,512,2,529409
w=512 s=2,HR quartile 0,877,0.0371049136786188,0.0784349710604667,0.0254510645736331,-0.0413300573818478,0.0116538491049857,False,True,True,,512,2,529409
w=512 s=2,HR quartile 1,917,-0.0169849537037037,0.0187684928418258,-0.0170118340666457,-0.0357534465455295,2.688036294201668e-05,True,True,True,,512,2,529409
w=512 s=2,HR quartile 2,816,0.034861311019492,0.0488167854077823,0.0101928612625574,-0.0139554743882902,0.0246684497569346,False,True,True,,512,2,529409
w=512 s=2,HR quartile 3,819,-0.0232600311906863,0.0397714333524198,0.0081332527117982,-0.0630314645431061,-0.0313932839024845,False,False,False,,512,2,529409
w=512 s=2,MAP quartile 0,877,-0.0141240285818599,0.0402868699040641,0.0852119958253711,-0.054410898485924,-0.099336024407231,False,False,False,,512,2,529409
w=512 s=2,MAP quartile 1,840,0.02392179413456,0.0322594359943852,0.0376444043723267,-0.0083376418598251,-0.0137226102377666,False,False,False,,512,2,529409
w=512 s=2,MAP quartile 2,866,0.0104058609958506,0.0610602554077742,-0.0180522885219147,-0.0506543944119235,0.0284581495177653,True,True,True,,512,2,529409
w=512 s=2,MAP quartile 3,846,0.0090927756430939,0.072018707170581,-0.0286964380961627,-0.0629259315274871,0.0377892137392566,True,True,True,,512,2,529409
w=512 s=2,Temp quartile 0,902,0.0068727157158747,0.051014237962385,-0.0177936927342269,-0.0441415222465102,0.0246664084501017,True,True,True,,512,2,529409
w=512 s=2,Temp quartile 1,864,0.0305627470437901,0.0585301702758285,-0.0336071931035205,-0.0279674232320383,0.0641699401473106,True,True,True,,512,2,529409
w=512 s=2,Temp quartile 2,838,-0.0036346905912123,0.0631703705070115,0.0646543447481566,-0.0668050610982238,-0.0682890353393689,False,False,False,,512,2,529409
w=512 s=2,Temp quartile 3,825,-0.0023612750885478,0.0615447384594195,-0.0090271981738001,-0.0639060135479673,0.0066659230852523,True,True,True,,512,2,529409
w=512 s=2,Urine quartile 0,859,-0.0313289760348584,0.021473200403197,0.0021367051291145,-0.0528021764380554,-0.033465681163973,False,False,False,,512,2,529409
w=512 s=2,Urine quartile 1,913,-0.0210526315789473,0.051358935508409,-0.0287772554488578,-0.0724115670873563,0.0077246238699104,True,True,True,,512,2,529409
w=512 s=2,Urine quartile 2,802,0.0149901230333403,0.0596596768314287,-3.023296457900504e-05,-0.0446695537980884,0.0150203559979193,True,True,True,,512,2,529409
w=512 s=2,Urine quartile 3,855,0.0601118199903958,0.0702336821561716,-0.0249690244754763,-0.0101218621657757,0.0850808444658722,True,True,True,,512,2,529409
w=512 s=2,SAPS quartile 0,1025,0.0026756349262149,0.0242166748877428,-0.0222850259873436,-0.0215410399615278,0.0249606609135586,True,True,True,,512,2,529409
w=512 s=2,SAPS quartile 1,946,0.0452124666297511,0.0628786565360455,-0.0133149658157169,-0.0176661899062943,0.0585274324454681,True,True,True,,512,2,529409
w=512 s=2,SAPS quartile 2,660,0.0015384615384615,0.0477198591171458,0.0098957999547049,-0.0461813975786843,-0.0083573384162433,False,False,False,,512,2,529409
w=512 s=2,SAPS quartile 3,798,-0.0389986891196934,0.0551515242682949,-0.0385145735404362,-0.0941502133879884,-0.0004841155792571,True,False,True,,512,2,529409
w=512 s=2,HR > 100,945,-0.0351262896411669,0.0150073285848904,-0.0059253657180156,-0.0501336182260574,-0.0292009239231513,True,False,True,,512,2,529409
w=512 s=2,MAP < 65,697,-0.0279136809159047,0.0170122983827747,-0.0001534364910271,-0.0449259792986795,-0.0277602444248776,True,False,True,,512,2,529409
w=512 s=2,Temp > 38C,267,-0.0430204913392958,0.0442476701799241,0.0012814096153671,-0.08726816151922,-0.0443019009546629,False,False,False,,512,2,529409
w=512 s=2,Urine > 1000,210,0.0458952811893988,0.0703408892098693,-0.0414811937762549,-0.0244456080204704,0.0873764749656538,True,True,True,,512,2,529409
w=512 s=2,Random 50% #1,1714,0.0148182289884191,0.0310098235672299,-0.019032115538315,-0.0161915945788107,0.0338503445267342,True,True,True,,512,2,529409
w=512 s=2,Random 50% #2,1714,0.0038708396744524,-0.0076614338360758,-0.035599549424636,0.0115322735105283,0.0394703890990885,False,False,False,,512,2,529409
w=512 s=2,Random 50% #3,1714,0.0221853388658367,-0.0355852063492682,0.0073129965076042,0.057770545215105,0.0148723423582325,True,False,True,,512,2,529409
w=512 s=2,Random 50% #4,1714,0.0209444740819774,0.0360013802055068,-0.015589893104656,-0.0150569061235294,0.0365343671866334,True,True,True,,512,2,529409
w=512 s=2,Random 50% #5,1714,0.025145147627017,-0.0122686835430681,0.0592128625093438,0.0374138311700852,-0.0340677148823267,True,True,True,,512,2,529409
w=512 s=2,Random 50% #6,1714,-0.0032358828377694,0.0661419213860246,0.02886896748863,-0.0693778042237941,-0.0321048503263995,False,False,False,,512,2,529409
w=512 s=2,Random 50% #7,1714,0.0203886964648963,0.0570659355730547,-0.001983571641674,-0.0366772391081583,0.0223722681065704,True,True,True,,512,2,529409
w=512 s=2,Random 50% #8,1714,-0.0080211409064465,0.0487659699176578,0.0020330567133781,-0.0567871108241044,-0.0100541976198247,False,False,False,,512,2,529409
w=512 s=2,Random 50% #9,1714,-0.0018808498325041,0.075235119434658,0.0666108224058323,-0.0771159692671622,-0.0684916722383365,False,False,False,,512,2,529409
w=512 s=2,Random 50% #10,1714,0.0032849222618878,0.0420152239520008,-0.0008190605432372,-0.0387303016901129,0.0041039828051251,True,True,True,,512,2,529409
w=512 s=2,Random 50% #11,1714,0.0064028840624585,-0.023186506053373,-0.0416107882636322,0.0295893901158315,0.0480136723260908,False,False,False,,512,2,529409
w=512 s=2,Random 50% #12,1714,-0.0033234372422892,0.0942026091803181,-0.010813883508688,-0.0975260464226074,0.0074904462663987,True,True,True,,512,2,529409
w=512 s=2,Random 50% #13,1714,0.0032517955657333,0.027932613482831,0.0069846930797076,-0.0246808179170977,-0.0037328975139743,False,False,False,,512,2,529409
w=512 s=2,Random 50% #14,1714,0.0062157191184681,0.0703463231838385,-0.0260334750372137,-0.0641306040653703,0.0322491941556819,True,True,True,,512,2,529409
w=512 s=2,Random 50% #15,1714,0.0026854501430772,0.0429196935760964,0.0986054407759892,-0.0402342434330192,-0.0959199906329119,False,False,False,,512,2,529409
w=512 s=2,Random 50% #16,1714,0.0188052608311229,0.0533619864114355,-0.0037059703280716,-0.0345567255803126,0.0225112311591945,True,True,True,,512,2,529409
w=512 s=2,Random 50% #17,1714,0.0073507410721795,-0.0122049192892378,0.1341977414681151,0.0195556603614173,-0.1268470003959355,True,True,True,,512,2,529409
w=512 s=2,Random 50% #18,1714,0.0251803786741562,0.0645246064938878,0.006797390045582,-0.0393442278197316,0.0183829886285741,False,True,True,,512,2,529409
w=512 s=2,Random 50% #19,1714,0.0087463233253787,0.0252007017792224,-0.0293280580889689,-0.0164543784538436,0.0380743814143477,True,True,True,,512,2,529409
w=512 s=2,Random 50% #20,1714,0.0239488541873964,0.0514175702964504,-0.0039649842119849,-0.0274687161090539,0.0279138383993814,True,True,True,,512,2,529409
w=512 s=2,Random 50% #21,1714,0.0016605879752431,0.0485391056828664,-0.0127965265187529,-0.0468785177076233,0.0144571144939961,True,True,True,,512,2,529409
w=512 s=2,Random 50% #22,1714,0.0178287222426975,0.0428662046476313,0.0223255482055546,-0.0250374824049337,-0.004496825962857,False,False,False,,512,2,529409
w=512 s=2,Random 50% #23,1714,-0.0051929851771431,0.0591326927494305,0.0085026750455992,-0.0643256779265736,-0.0136956602227423,False,False,False,,512,2,529409
w=512 s=2,Random 50% #24,1714,0.0201698382197979,0.032221253761993,0.0063012255365947,-0.0120514155421951,0.0138686126832032,False,True,True,,512,2,529409
w=512 s=2,Random 50% #25,1714,0.0024135223603308,0.079373110680384,0.0014951918437418,-0.0769595883200532,0.0009183305165889,False,True,True,,512,2,529409
w=512 s=2,Random 50% #26,1714,-0.0063986093578627,0.0950852347169126,0.0159170140492586,-0.1014838440747753,-0.0223156234071213,False,False,False,,512,2,529409
w=512 s=2,Random 50% #27,1714,-0.0048317683881064,0.0119739036560009,-0.0240093842382892,-0.0168056720441074,0.0191776158501827,True,True,True,,512,2,529409
w=512 s=2,Random 50% #28,1714,0.0098094573797898,0.0413567851254905,0.0381436565141137,-0.0315473277457006,-0.0283341991343238,False,False,False,,512,2,529409
w=512 s=2,Random 50% #29,1714,0.0125552608311229,-0.0271850369556644,0.0073706372021665,0.0397402977867873,0.0051846236289563,True,False,True,,512,2,529409
w=512 s=2,Random 50% #30,1714,0.0022139615866539,0.0280835472098468,0.0435173127337382,-0.0258695856231929,-0.0413033511470843,False,False,False,,512,2,529409
w=512 s=2,Random 50% #31,1714,0.0081502190717898,0.0258533168076269,-0.0738599744152855,-0.0177030977358371,0.0820101934870753,True,True,True,,512,2,529409
w=512 s=2,Random 50% #32,1714,-0.0092920029904661,0.0456707529210554,0.017342216479131,-0.0549627559115216,-0.0266342194695972,False,False,False,,512,2,529409
w=512 s=2,Random 50% #33,1714,-0.002514181228832,0.0547784908026558,0.0118299988402509,-0.0572926720314878,-0.014344180069083,False,False,False,,512,2,529409
w=512 s=2,Random 50% #34,1714,0.0070180513371488,0.0256749912720671,-0.0089212151118719,-0.0186569399349182,0.0159392664490207,True,True,True,,512,2,529409
w=512 s=2,Random 50% #35,1714,0.0093248828878478,-0.0053063687070555,0.0102657795200932,0.0146312515949034,-0.0009408966322453,True,True,True,,512,2,529409
w=512 s=2,Random 50% #36,1714,0.016912667846362,0.0724212183752116,-0.0104558644783288,-0.0555085505288496,0.0273685323246908,True,True,True,,512,2,529409
w=512 s=2,Random 50% #37,1714,0.0036653828805384,-0.006832573456763,-0.0522456333719629,0.0104979563373015,0.0559110162525014,False,False,False,,512,2,529409
w=512 s=2,Random 50% #38,1714,0.0021576191788371,0.0001600602140514,-0.0010732854355677,0.0019975589647857,0.0032309046144048,True,False,True,,512,2,529409
w=512 s=2,Random 50% #39,1714,0.0170086158804934,0.0679521158565834,0.0159147920057455,-0.05094349997609,0.0010938238747478,False,True,True,,512,2,529409
w=512 s=2,Random 50% #40,1714,0.018520937100027,0.1067103805428248,0.0141131872410214,-0.0881894434427977,0.0044077498590056,False,True,True,,512,2,529409
w=512 s=2,Random 50% #41,1714,0.0027199322354597,-0.0020325340767309,0.0360571068104164,0.0047524663121906,-0.0333371745749566,True,True,True,,512,2,529409
w=512 s=2,Random 50% #42,1714,0.0178900300253214,0.0896906895733613,0.0360943676251266,-0.0718006595480399,-0.0182043375998051,False,False,False,,512,2,529409
w=512 s=2,Random 50% #43,1714,0.0169958506224066,0.0518605378169529,-0.0116670469376567,-0.0348646871945463,0.0286628975600633,True,True,True,,512,2,529409
w=512 s=2,Random 50% #44,1714,-0.0080414937759336,0.0420228052730421,-0.0107836134681935,-0.0500642990489757,0.0027421196922599,True,True,True,,512,2,529409
w=512 s=2,Random 50% #45,1714,-0.0006684003732017,0.0564524943489162,-0.00056574431577,-0.0571208947221179,-0.0001026560574317,True,False,True,,512,2,529409
w=512 s=2,Random 50% #46,1714,-0.0127567411871579,0.0463540241434509,-0.000846077441548,-0.0591107653306088,-0.0119106637456098,True,False,True,,512,2,529409
w=512 s=2,Random 50% #47,1714,-0.0023071888899981,0.0005023559850614,0.0162459229787127,-0.0028095448750595,-0.0185531118687108,False,False,False,,512,2,529409
w=512 s=2,Random 50% #48,1714,0.0007707867678387,0.0211421023430406,0.0538990688937551,-0.0203713155752019,-0.0531282821259164,False,False,False,,512,2,529409
w=512 s=2,Random 50% #49,1714,-0.0052585890287469,0.0403280860291303,0.0490492561023847,-0.0455866750578773,-0.0543078451311316,False,False,False,,512,2,529409
w=512 s=2,Random 50% #50,1714,-0.009935439192208,-0.0010966306435885,-0.0621624258137378,-0.0088388085486195,0.0522269866215298,False,True,True,,512,2,529409
w=512 s=2,Random 30% #1,1028,0.0177032019704433,0.053704080365256,0.018278434071042,-0.0360008783948126,-0.0005752321005986,False,False,False,,512,2,529409
w=512 s=2,Random 30% #2,1028,-0.0188812287552644,0.0407812467298863,0.043119940959703,-0.0596624754851507,-0.0620011697149675,False,False,False,,512,2,529409
w=512 s=2,Random 30% #3,1028,-0.0136963318843895,0.0157209393002095,-0.0065987090979509,-0.0294172711845991,-0.0070976227864386,True,False,True,,512,2,529409
w=512 s=2,Random 30% #4,1028,0.012612065619632,-0.0130060410675882,-0.0201940825108983,0.0256181066872203,0.0328061481305304,False,False,False,,512,2,529409
w=512 s=2,Random 30% #5,1028,0.012955140579904,0.0483465825957461,0.0245604018360912,-0.0353914420158421,-0.0116052612561871,False,False,False,,512,2,529409
w=512 s=2,Random 30% #6,1028,0.011061887501678,0.0685659607577324,0.0072171140965036,-0.0575040732560543,0.0038447734051744,False,True,True,,512,2,529409
w=512 s=2,Random 30% #7,1028,-0.0019795447047178,0.0300471665195272,-0.0086173343408894,-0.0320267112242451,0.0066377896361715,True,True,True,,512,2,529409
w=512 s=2,Random 30% #8,1028,-0.0013757582957458,0.0779074897657567,0.0105555466021579,-0.0792832480615026,-0.0119313048979038,False,False,False,,512,2,529409
w=512 s=2,Random 30% #9,1028,0.0167924069116573,0.0451432107287925,0.0052650112172614,-0.0283508038171352,0.0115273956943958,False,True,True,,512,2,529409
w=512 s=2,Random 30% #10,1028,0.0218614718614718,-0.0104859203573854,-0.0344906502940976,0.0323473922188572,0.0563521221555695,False,False,False,,512,2,529409
w=512 s=2,Random 30% #11,1028,0.0036992125742528,0.0342696469064483,-0.0068750572461206,-0.0305704343321954,0.0105742698203735,True,True,True,,512,2,529409
w=512 s=2,Random 30% #12,1028,-0.0176439165409753,0.0303135753712085,-0.0128035150892797,-0.0479574919121839,-0.0048404014516955,True,False,True,,512,2,529409
w=512 s=2,Random 30% #13,1028,0.0061871080085679,0.0637821218087858,-0.0105750959165419,-0.0575950138002179,0.0167622039251098,True,True,True,,512,2,529409
w=512 s=2,Random 30% #14,1028,-0.0024039572835282,0.0443841721491379,0.0147221033205147,-0.0467881294326662,-0.017126060604043,False,False,False,,512,2,529409
w=512 s=2,Random 30% #15,1028,-0.0014797507788162,0.0629815948546916,-0.006765441539922,-0.0644613456335078,0.0052856907611057,True,True,True,,512,2,529409
w=512 s=2,Random 30% #16,1028,0.006823838043474,0.0248986542446598,-0.0332877428044899,-0.0180748162011857,0.040111580847964,True,True,True,,512,2,529409
w=512 s=2,Random 30% #17,1028,0.0030261642698374,0.0714593767808684,-0.000163055595812,-0.068433212511031,0.0031892198656494,True,True,True,,512,2,529409
w=512 s=2,Random 30% #18,1028,0.008237689744539,0.0314071000775079,-0.0122660474128701,-0.0231694103329688,0.0205037371574091,True,True,True,,512,2,529409
w=512 s=2,Random 30% #19,1028,0.0066883064376393,0.0089333257614083,-0.0038544488968068,-0.002245019323769,0.0105427553344462,True,True,True,,512,2,529409
w=512 s=2,Random 30% #20,1028,-0.0099963316214233,0.0457515989654578,0.0123958308575268,-0.0557479305868812,-0.0223921624789502,False,False,False,,512,2,529409
w=512 s=2,Random 30% #21,1028,0.002277451699682,0.0616331906217991,-0.03391533237195,-0.059355738922117,0.0361927840716321,True,True,True,,512,2,529409
w=512 s=2,Random 30% #22,1028,0.0271739130434782,0.0241502052988641,0.023843400952267,0.0030237077446141,0.0033305120912111,False,False,False,,512,2,529409
w=512 s=2,Random 30% #23,1028,0.0053719593676173,0.0224475919723019,0.0178818306619989,-0.0170756326046846,-0.0125098712943815,False,False,False,,512,2,529409
w=512 s=2,Random 30% #24,1028,0.0374355138753044,-0.0486682016980512,0.012853759212491,0.0861037155733556,0.0245817546628133,True,False,True,,512,2,529409
w=512 s=2,Random 30% #25,1028,0.0207335170659317,0.0422460649535515,-0.0049742481967167,-0.0215125478876198,0.0257077652626485,True,True,True,,512,2,529409
w=512 s=2,Random 30% #26,1028,0.000322640117994,0.0077707679937189,-0.019866417938722,-0.0074481278757248,0.0201890580567161,True,True,True,,512,2,529409
w=512 s=2,Random 30% #27,1028,-0.0133699862551543,0.0664297207067716,0.0684739866636708,-0.0797997069619259,-0.0818439729188251,False,False,False,,512,2,529409
w=512 s=2,Random 30% #28,1028,0.0048546691403834,0.0546908352808542,-0.0405013332046324,-0.0498361661404708,0.0453560023450158,True,True,True,,512,2,529409
w=512 s=2,Random 30% #29,1028,0.0132264436461088,0.0703490118911599,-0.0102658538219322,-0.057122568245051,0.0234922974680411,True,True,True,,512,2,529409
w=512 s=2,Random 30% #30,1028,0.0073191060456281,0.0488329076873363,-0.016333020622474,-0.0415138016417082,0.0236521266681021,True,True,True,,512,2,529409
w=512 s=2,Random 30% #31,1028,0.0186572318838355,0.0384024432739627,0.0377601885449291,-0.0197452113901272,-0.0191029566610936,False,False,False,,512,2,529409
w=512 s=2,Random 30% #32,1028,0.0146773132638857,0.0831251276041137,0.0027087518818643,-0.068447814340228,0.0119685613820213,False,True,True,,512,2,529409
w=512 s=2,Random 30% #33,1028,0.0107989019115876,0.0584675923378445,-0.0007892908931508,-0.0476686904262569,0.0115881928047384,True,True,True,,512,2,529409
w=512 s=2,Random 30% #34,1028,0.0036708111308466,0.037176694337161,-0.0176384229436732,-0.0335058832063144,0.0213092340745199,True,True,True,,512,2,529409
w=512 s=2,Random 30% #35,1028,-0.0021279853031231,0.0072344321001385,0.0113802947404517,-0.0093624174032616,-0.0135082800435748,False,False,False,,512,2,529409
w=512 s=2,Random 30% #36,1028,-0.0048226599270606,0.0480813450859066,-0.0132441736093455,-0.0529040050129673,0.0084215136822848,True,True,True,,512,2,529409
w=512 s=2,Random 30% #37,1028,-0.0037446257685728,0.0290806659510823,0.0163607813766221,-0.0328252917196552,-0.0201054071451949,False,False,False,,512,2,529409
w=512 s=2,Random 30% #38,1028,0.0108722741433021,-0.0194118871926801,0.0059117905856249,0.0302841613359823,0.0049604835576772,True,False,True,,512,2,529409
w=512 s=2,Random 30% #39,1028,0.0380230468256006,0.0558485985600418,0.0252180754477082,-0.0178255517344412,0.0128049713778923,False,True,True,,512,2,529409
w=512 s=2,Random 30% #40,1028,-0.0156995008383602,0.0191922393447985,0.0097011378944482,-0.0348917401831587,-0.0254006387328085,False,False,False,,512,2,529409
w=512 s=2,Random 30% #41,1028,0.0003191021554961,0.0443391422867155,0.0152567307791929,-0.0440200401312194,-0.0149376286236967,False,False,False,,512,2,529409
w=512 s=2,Random 30% #42,1028,0.0039796984507742,0.0362476966345109,-0.0140049544604177,-0.0322679981837367,0.017984652911192,True,True,True,,512,2,529409
w=512 s=2,Random 30% #43,1028,0.0320665445665445,0.0452850874933524,-0.0014579234784662,-0.0132185429268078,0.0335244680450107,True,True,True,,512,2,529409
w=512 s=2,Random 30% #44,1028,0.014617494198646,0.0363148300997082,-0.0112634468694978,-0.0216973359010622,0.0258809410681438,True,True,True,,512,2,529409
w=512 s=2,Random 30% #45,1028,-0.010677190889205,0.0416559116897024,-0.0401217476787542,-0.0523331025789074,0.0294445567895491,True,True,True,,512,2,529409
w=512 s=2,Random 30% #46,1028,-0.0211341559464426,0.0199280033936086,-0.00326156691487,-0.0410621593400513,-0.0178725890315725,True,False,True,,512,2,529409
w=512 s=2,Random 30% #47,1028,0.0021068472535741,0.0693767697330237,-0.0130244746038346,-0.0672699224794495,0.0151313218574087,True,True,True,,512,2,529409
w=512 s=2,Random 30% #48,1028,0.0099373113536103,0.0818187105247272,0.0021760377682865,-0.0718813991711168,0.0077612735853238,False,True,True,,512,2,529409
w=512 s=2,Random 30% #49,1028,-0.0033935788911766,0.0506374580011814,0.0106273388940374,-0.0540310368923581,-0.0140209177852141,False,False,False,,512,2,529409
w=512 s=2,Random 30% #50,1028,-0.0149638584774062,0.0406328083545787,0.0234064409692203,-0.055596666831985,-0.0383702994466266,False,False,False,,512,2,529409
w=768 s=0,All Patients,3429,0.0078818040435458,-0.0113761002368317,0.0586507935802405,0.0192579042803776,-0.0507689895366946,True,True,True,,768,0,1187329
w=768 s=0,ICUType 1.0,490,0.0294939989088925,0.0207534366559268,0.020090358002528,0.0087405622529656,0.0094036409063644,False,False,False,,768,0,1187329
w=768 s=0,ICUType 2.0,643,-0.000975689080413,0.0228220339751674,-0.0059022926973381,-0.0237977230555805,0.004926603616925,True,True,True,,768,0,1187329
w=768 s=0,ICUType 3.0,1357,-0.0217764843549488,0.0395260931947632,0.0284632937266961,-0.061302577549712,-0.0502397780816449,False,False,False,,768,0,1187329
w=768 s=0,ICUType 4.0,939,0.0202084035501629,0.0799388415319499,0.0190332777990936,-0.059730437981787,0.0011751257510692,False,True,True,,768,0,1187329
w=768 s=0,Age decile 0,374,0.046026807780653,0.053334722349953,-0.0175216079033982,-0.0073079145692999,0.0635484156840512,True,True,True,,768,0,1187329
w=768 s=0,Age decile 1,344,0.0273634472301562,0.0514755649718116,-0.0328731220621399,-0.0241121177416554,0.0602365692922961,True,True,True,,768,0,1187329
w=768 s=0,Age decile 2,347,0.0042864169770219,-0.0005921627804014,-0.0067337295709447,0.0048785797574234,0.0110201465479667,False,False,False,,768,0,1187329
w=768 s=0,Age decile 3,325,0.0096292729898892,0.0438757727633792,0.0380139700144985,-0.0342464997734899,-0.0283846970246093,False,False,False,,768,0,1187329
w=768 s=0,Age decile 4,372,-0.0152359717577108,0.0431087556082165,0.0229444806661425,-0.0583447273659274,-0.0381804524238534,False,False,False,,768,0,1187329
w=768 s=0,Age decile 5,344,-0.0250497851378262,0.0039126781261166,-0.0161666869690195,-0.0289624632639429,-0.0088830981688066,True,False,True,,768,0,1187329
w=768 s=0,Age decile 6,397,-0.0004719207173194,0.0297435084004348,-0.0357752336215665,-0.0302154291177543,0.035303312904247,True,True,True,,768,0,1187329
w=768 s=0,Age decile 7,247,0.0173747705218987,0.059199144927133,0.0138153053359411,-0.0418243744052342,0.0035594651859575,False,True,True,,768,0,1187329
w=768 s=0,Age decile 8,354,-0.0216450216450216,0.0401787845175422,-0.0077509653381997,-0.0618238061625639,-0.0138940563068219,True,False,True,,768,0,1187329
w=768 s=0,Age decile 9,325,-0.0771864301276066,0.0846505411011495,0.0488957331607227,-0.1618369712287561,-0.1260821632883293,False,False,False,,768,0,1187329
w=768 s=0,HR quartile 0,877,0.0371049136786188,0.0802207047151328,0.0520061685279752,-0.0431157910365139,-0.0149012548493564,False,False,False,,768,0,1187329
w=768 s=0,HR quartile 1,917,-0.0169849537037037,-0.0316734542405687,-0.0240882326900741,0.014688500536865,0.0071032789863704,False,False,False,,768,0,1187329
w=768 s=0,HR quartile 2,816,0.034861311019492,0.0420543999025166,0.0100131269048558,-0.0071930888830245,0.0248481841146362,False,True,True,,768,0,1187329
w=768 s=0,HR quartile 3,819,-0.0232600311906863,0.0253226256912786,-0.0152103594899104,-0.0485826568819649,-0.0080496717007758,True,False,True,,768,0,1187329
w=768 s=0,MAP quartile 0,877,-0.0141240285818599,0.0526647240494068,0.022545584287436,-0.0667887526312667,-0.0366696128692959,False,False,False,,768,0,1187329
w=768 s=0,MAP quartile 1,840,0.02392179413456,0.0316052499614601,0.0083313219813402,-0.0076834558269,0.0155904721532198,False,True,True,,768,0,1187329
w=768 s=0,MAP quartile 2,866,0.0104058609958506,0.0486399473141771,-0.0239284816434894,-0.0382340863183265,0.0343343426393401,True,True,True,,768,0,1187329
w=768 s=0,MAP quartile 3,846,0.0090927756430939,0.0702288588234738,-0.0378194390766119,-0.0611360831803799,0.0469122147197058,True,True,True,,768,0,1187329
w=768 s=0,Temp quartile 0,902,0.0068727157158747,-0.0139265246685425,0.110288264361801,0.0207992403844173,-0.1034155486459262,True,True,True,,768,0,1187329
w=768 s=0,Temp quartile 1,864,0.0305627470437901,0.0564583090096654,-0.029033601177913,-0.0258955619658753,0.0595963482217032,True,True,True,,768,0,1187329
w=768 s=0,Temp quartile 2,838,-0.0036346905912123,0.0604867107802729,0.0589612149563387,-0.0641214013714853,-0.0625959055475511,False,False,False,,768,0,1187329
w=768 s=0,Temp quartile 3,825,-0.0023612750885478,0.0512814243578855,-0.0114745329412089,-0.0536426994464333,0.0091132578526611,True,True,True,,768,0,1187329
w=768 s=0,Urine quartile 0,859,-0.0313289760348584,0.0288981687401912,0.0156910299107357,-0.0602271447750496,-0.0470200059455941,False,False,False,,768,0,1187329
w=768 s=0,Urine quartile 1,913,-0.0210526315789473,0.0224549729947932,0.0010949546079128,-0.0435076045737406,-0.0221475861868602,False,False,False,,768,0,1187329
w=768 s=0,Urine quartile 2,802,0.0149901230333403,0.0465138313932904,0.0021981342711169,-0.03152370835995,0.0127919887622233,False,True,True,,768,0,1187329
w=768 s=0,Urine quartile 3,855,0.0601118199903958,0.0677769478920928,-0.0193156265080668,-0.007665127901697,0.0794274464984626,True,True,True,,768,0,1187329
w=768 s=0,SAPS quartile 0,1025,0.0026756349262149,0.0282920214846321,-0.0186950199112692,-0.0256163865584171,0.0213706548374842,True,True,True,,768,0,1187329
w=768 s=0,SAPS quartile 1,946,0.0452124666297511,0.0740852286207314,0.0426416197178402,-0.0288727619909802,0.0025708469119109,False,True,True,,768,0,1187329
w=768 s=0,SAPS quartile 2,660,0.0015384615384615,0.0401360810614653,0.0159014659432545,-0.0385976195230037,-0.014363004404793,False,False,False,,768,0,1187329
w=768 s=0,SAPS quartile 3,798,-0.0389986891196934,0.0571876457133282,-0.0146979385893477,-0.0961863348330217,-0.0243007505303456,True,False,True,,768,0,1187329
w=768 s=0,HR > 100,945,-0.0351262896411669,0.0695430899878859,-0.021116647761208,-0.1046693796290529,-0.0140096418799589,True,False,True,,768,0,1187329
w=768 s=0,MAP < 65,697,-0.0279136809159047,0.0199143671877439,0.0094458341961837,-0.0478280481036487,-0.0373595151120885,False,False,False,,768,0,1187329
w=768 s=0,Temp > 38C,267,-0.0430204913392958,0.0472923121690414,-0.0154590301720242,-0.0903128035083372,-0.0275614611672715,True,False,True,,768,0,1187329
w=768 s=0,Urine > 1000,210,0.0458952811893988,0.0655155688489706,-0.0416950741064385,-0.0196202876595718,0.0875903552958373,True,True,True,,768,0,1187329
w=768 s=0,Random 50% #1,1714,0.0148182289884191,0.04119708968544,0.0180219177274842,-0.0263788606970208,-0.003203688739065,False,False,False,,768,0,1187329
w=768 s=0,Random 50% #2,1714,0.0038708396744524,0.0032357050182847,-0.0087296207063874,0.0006351346561677,0.0126004603808398,True,False,True,,768,0,1187329
w=768 s=0,Random 50% #3,1714,0.0221853388658367,0.0131506730273338,0.014313979228116,0.0090346658385029,0.0078713596377207,False,False,False,,768,0,1187329
w=768 s=0,Random 50% #4,1714,0.0209444740819774,0.0789299586186784,0.0255765780413482,-0.057985484536701,-0.0046321039593708,False,False,False,,768,0,1187329
w=768 s=0,Random 50% #5,1714,0.025145147627017,-0.0349993847314627,0.0024843664871476,0.0601445323584798,0.0226607811398694,True,False,True,,768,0,1187329
w=768 s=0,Random 50% #6,1714,-0.0032358828377694,0.0588132943244227,0.026538262599033,-0.0620491771621922,-0.0297741454368025,False,False,False,,768,0,1187329
w=768 s=0,Random 50% #7,1714,0.0203886964648963,0.0852185382887276,-0.035596203277734,-0.0648298418238313,0.0559848997426303,True,True,True,,768,0,1187329
w=768 s=0,Random 50% #8,1714,-0.0080211409064465,0.0070654146358267,-0.0029472219725608,-0.0150865555422733,-0.0050739189338857,True,False,True,,768,0,1187329
w=768 s=0,Random 50% #9,1714,-0.0018808498325041,0.0720780907334879,0.0814752313936332,-0.0739589405659921,-0.0833560812261374,False,False,False,,768,0,1187329
w=768 s=0,Random 50% #10,1714,0.0032849222618878,0.0552269018286205,-0.0001907226948801,-0.0519419795667326,0.003475644956768,True,True,True,,768,0,1187329
w=768 s=0,Random 50% #11,1714,0.0064028840624585,0.0479789698854403,-0.023455768356844,-0.0415760858229818,0.0298586524193025,True,True,True,,768,0,1187329
w=768 s=0,Random 50% #12,1714,-0.0033234372422892,0.0420115226961271,0.0431681167686804,-0.0453349599384164,-0.0464915540109697,False,False,False,,768,0,1187329
w=768 s=0,Random 50% #13,1714,0.0032517955657333,0.0208243764371001,0.0338820054550199,-0.0175725808713668,-0.0306302098892865,False,False,False,,768,0,1187329
w=768 s=0,Random 50% #14,1714,0.0062157191184681,0.0278076994796024,-0.0201939740735483,-0.0215919803611342,0.0264096931920165,True,True,True,,768,0,1187329
w=768 s=0,Random 50% #15,1714,0.0026854501430772,-0.0500020314571686,0.0295724898677308,0.0526874816002459,-0.0268870397246536,True,True,True,,768,0,1187329
w=768 s=0,Random 50% #16,1714,0.0188052608311229,-0.0127883394836174,0.0260801965738622,0.0315936003147403,-0.0072749357427393,True,True,True,,768,0,1187329
w=768 s=0,Random 50% #17,1714,0.0073507410721795,0.0571292275859789,0.0387419583894691,-0.0497784865137993,-0.0313912173172895,False,False,False,,768,0,1187329
w=768 s=0,Random 50% #18,1714,0.0251803786741562,0.0666239501248666,0.0274279994660004,-0.0414435714507104,-0.0022476207918442,False,False,False,,768,0,1187329
w=768 s=0,Random 50% #19,1714,0.0087463233253787,0.0380822118772146,-0.0339162171259943,-0.0293358885518359,0.042662540451373,True,True,True,,768,0,1187329
w=768 s=0,Random 50% #20,1714,0.0239488541873964,-0.0108016913170961,0.0603325884377291,0.0347505455044925,-0.0363837342503327,True,True,True,,768,0,1187329
w=768 s=0,Random 50% #21,1714,0.0016605879752431,0.0431986953561484,0.0040338921369274,-0.0415381073809052,-0.0023733041616842,False,False,False,,768,0,1187329
w=768 s=0,Random 50% #22,1714,0.0178287222426975,0.0137524009715636,-0.0023084779387889,0.0040763212711339,0.0201372001814864,True,False,True,,768,0,1187329
w=768 s=0,Random 50% #23,1714,-0.0051929851771431,0.0615882578080998,0.054650304689347,-0.066781242985243,-0.0598432898664901,False,False,False,,768,0,1187329
w=768 s=0,Random 50% #24,1714,0.0201698382197979,0.0192492253175579,0.0108591806710605,0.00092061290224,0.0093106575487374,False,False,False,,768,0,1187329
w=768 s=0,Random 50% #25,1714,0.0024135223603308,0.042869292062391,0.0028005402523208,-0.0404557697020601,-0.0003870178919899,False,False,False,,768,0,1187329
w=768 s=0,Random 50% #26,1714,-0.0063986093578627,0.071997795437772,0.0533111165254738,-0.0783964047956347,-0.0597097258833365,False,False,False,,768,0,1187329
w=768 s=0,Random 50% #27,1714,-0.0048317683881064,0.0555861549025948,-0.0309524511627136,-0.0604179232907012,0.0261206827746072,True,True,True,,768,0,1187329
w=768 s=0,Random 50% #28,1714,0.0098094573797898,0.0434675744637146,0.0575475296974243,-0.0336581170839248,-0.0477380723176345,False,False,False,,768,0,1187329
w=768 s=0,Random 50% #29,1714,0.0125552608311229,0.016668471272095,-0.0052396525403652,-0.004113210440972,0.0177949133714881,True,True,True,,768,0,1187329
w=768 s=0,Random 50% #30,1714,0.0022139615866539,0.0050297898767863,0.0111380824611873,-0.0028158282901324,-0.0089241208745334,False,False,False,,768,0,1187329
w=768 s=0,Random 50% #31,1714,0.0081502190717898,0.0327586544930808,-0.0061811146177413,-0.0246084354212909,0.0143313336895311,True,True,True,,768,0,1187329
w=768 s=0,Random 50% #32,1714,-0.0092920029904661,0.0793941423218971,0.0138036318441466,-0.0886861453123633,-0.0230956348346128,False,False,False,,768,0,1187329
w=768 s=0,Random 50% #33,1714,-0.002514181228832,0.0170216404221042,-0.0571595818737676,-0.0195358216509363,0.0546454006449355,True,True,True,,768,0,1187329
w=768 s=0,Random 50% #34,1714,0.0070180513371488,0.049114128625061,0.0285211521521062,-0.0420960772879122,-0.0215031008149574,False,False,False,,768,0,1187329
w=768 s=0,Random 50% #35,1714,0.0093248828878478,0.0463889813579129,0.025431702074937,-0.037064098470065,-0.0161068191870892,False,False,False,,768,0,1187329
w=768 s=0,Random 50% #36,1714,0.016912667846362,0.0623143162985284,0.0061926839091744,-0.0454016484521663,0.0107199839371876,False,True,True,,768,0,1187329
w=768 s=0,Random 50% #37,1714,0.0036653828805384,0.062082799350849,0.0165605787045528,-0.0584174164703105,-0.0128951958240143,False,False,False,,768,0,1187329
w=768 s=0,Random 50% #38,1714,0.0021576191788371,0.0528862157502159,-0.0452706241172911,-0.0507285965713787,0.0474282432961282,True,True,True,,768,0,1187329
w=768 s=0,Random 50% #39,1714,0.0170086158804934,0.0525325133515544,0.0201810136766988,-0.035523897471061,-0.0031723977962054,False,False,False,,768,0,1187329
w=768 s=0,Random 50% #40,1714,0.018520937100027,0.0447438846306484,0.0616459617707207,-0.0262229475306213,-0.0431250246706936,False,False,False,,768,0,1187329
w=768 s=0,Random 50% #41,1714,0.0027199322354597,0.0781703191783753,0.0085926337363901,-0.0754503869429155,-0.0058727015009303,False,False,False,,768,0,1187329
w=768 s=0,Random 50% #42,1714,0.0178900300253214,0.0572107581283351,-0.0309773128675009,-0.0393207281030137,0.0488673428928223,True,True,True,,768,0,1187329
w=768 s=0,Random 50% #43,1714,0.0169958506224066,0.0427844435889678,0.0984799591684713,-0.0257885929665612,-0.0814841085460646,False,False,False,,768,0,1187329
w=768 s=0,Random 50% #44,1714,-0.0080414937759336,-0.0468347719027066,0.0230332963095278,0.038793278126773,-0.0310747900854614,True,True,True,,768,0,1187329
w=768 s=0,Random 50% #45,1714,-0.0006684003732017,0.0281955716770699,-0.0116199913719595,-0.0288639720502716,0.0109515909987578,True,True,True,,768,0,1187329
w=768 s=0,Random 50% #46,1714,-0.0127567411871579,0.0649081393286847,-0.0487951206592181,-0.0776648805158426,0.0360383794720601,True,True,True,,768,0,1187329
w=768 s=0,Random 50% #47,1714,-0.0023071888899981,0.0226999991114107,-0.0016431100318047,-0.0250071880014088,-0.0006640788581933,True,False,True,,768,0,1187329
w=768 s=0,Random 50% #48,1714,0.0007707867678387,0.0288567894888228,-0.0029398241435794,-0.0280860027209841,0.0037106109114182,True,True,True,,768,0,1187329
w=768 s=0,Random 50% #49,1714,-0.0052585890287469,-0.0219542654826044,0.0315078975838128,0.0166956764538575,-0.0367664866125597,True,True,True,,768,0,1187329
w=768 s=0,Random 50% #50,1714,-0.009935439192208,0.0515364421686107,-0.0110302141764147,-0.0614718813608187,0.0010947749842067,True,True,True,,768,0,1187329
w=768 s=0,Random 30% #1,1028,0.0177032019704433,0.0444318802867446,-0.0087575822552644,-0.0267286783163012,0.0264607842257077,True,True,True,,768,0,1187329
w=768 s=0,Random 30% #2,1028,-0.0188812287552644,0.0303715043376197,0.0240743232617335,-0.0492527330928842,-0.0429555520169979,False,False,False,,768,0,1187329
w=768 s=0,Random 30% #3,1028,-0.0136963318843895,0.0539726432776607,0.0172586309325284,-0.0676689751620503,-0.0309549628169179,False,False,False,,768,0,1187329
w=768 s=0,Random 30% #4,1028,0.012612065619632,0.0079778126801,-0.0797095816456414,0.004634252939532,0.0923216472652735,True,False,True,,768,0,1187329
w=768 s=0,Random 30% #5,1028,0.012955140579904,0.0628988627748316,0.0227853447735444,-0.0499437221949276,-0.0098302041936404,False,False,False,,768,0,1187329
w=768 s=0,Random 30% #6,1028,0.011061887501678,0.0185004101822152,-0.0217550965529175,-0.0074385226805371,0.0328169840545956,True,True,True,,768,0,1187329
w=768 s=0,Random 30% #7,1028,-0.0019795447047178,0.0304647187029107,-0.0084599790276267,-0.0324442634076286,0.0064804343229089,True,True,True,,768,0,1187329
w=768 s=0,Random 30% #8,1028,-0.0013757582957458,0.0253866929719554,0.0150688810859706,-0.0267624512677012,-0.0164446393817165,False,False,False,,768,0,1187329
w=768 s=0,Random 30% #9,1028,0.0167924069116573,-0.0450723000215806,0.0043847148378627,0.061864706933238,0.0124076920737946,True,False,True,,768,0,1187329
w=768 s=0,Random 30% #10,1028,0.0218614718614718,0.0535453945063339,-0.0435671877757738,-0.0316839226448621,0.0654286596372457,True,True,True,,768,0,1187329
w=768 s=0,Random 30% #11,1028,0.0036992125742528,0.0415804498298575,0.0019587371584227,-0.0378812372556046,0.00174047541583,False,True,True,,768,0,1187329
w=768 s=0,Random 30% #12,1028,-0.0176439165409753,0.0159095746781724,-0.0266292233833813,-0.0335534912191478,0.008985306842406,True,True,True,,768,0,1187329
w=768 s=0,Random 30% #13,1028,0.0061871080085679,0.0649072292282462,-0.0197287583650496,-0.0587201212196782,0.0259158663736176,True,True,True,,768,0,1187329
w=768 s=0,Random 30% #14,1028,-0.0024039572835282,0.0353926599228895,-0.0463583741731392,-0.0377966172064178,0.0439544168896109,True,True,True,,768,0,1187329
w=768 s=0,Random 30% #15,1028,-0.0014797507788162,0.0365412441624865,0.0370061273437055,-0.0380209949413027,-0.0384858781225218,False,False,False,,768,0,1187329
w=768 s=0,Random 30% #16,1028,0.006823838043474,-0.0045927191787523,-0.0324334510132424,0.0114165572222263,0.0392572890567164,False,False,False,,768,0,1187329
w=768 s=0,Random 30% #17,1028,0.0030261642698374,0.0678850464205264,0.1407539067391024,-0.0648588821506889,-0.1377277424692649,False,False,False,,768,0,1187329
w=768 s=0,Random 30% #18,1028,0.008237689744539,0.0614642825779661,-0.0220942542720462,-0.053226592833427,0.0303319440165852,True,True,True,,768,0,1187329
w=768 s=0,Random 30% #19,1028,0.0066883064376393,0.0391419527158817,-0.0580749109238358,-0.0324536462782424,0.0647632173614751,True,True,True,,768,0,1187329
w=768 s=0,Random 30% #20,1028,-0.0099963316214233,0.057982309895785,0.0075172946714924,-0.0679786415172084,-0.0175136262929157,False,False,False,,768,0,1187329
w=768 s=0,Random 30% #21,1028,0.002277451699682,0.0530642302045063,-0.0577359331447925,-0.0507867785048243,0.0600133848444746,True,True,True,,768,0,1187329
w=768 s=0,Random 30% #22,1028,0.0271739130434782,0.0306108521985503,-0.0047087218301693,-0.0034369391550721,0.0318826348736476,True,True,True,,768,0,1187329
w=768 s=0,Random 30% #23,1028,0.0053719593676173,0.0338033476764584,0.0190659373393719,-0.028431388308841,-0.0136939779717545,False,False,False,,768,0,1187329
w=768 s=0,Random 30% #24,1028,0.0374355138753044,0.0551681362559472,0.0082241380792384,-0.0177326223806428,0.029211375796066,False,True,True,,768,0,1187329
w=768 s=0,Random 30% #25,1028,0.0207335170659317,0.0375140593975805,-0.0078812969907785,-0.0167805423316488,0.0286148140567103,True,True,True,,768,0,1187329
w=768 s=0,Random 30% #26,1028,0.000322640117994,0.0308291312381228,-0.0070042333422151,-0.0305064911201287,0.0073268734602092,True,True,True,,768,0,1187329
w=768 s=0,Random 30% #27,1028,-0.0133699862551543,-0.0132909527277758,-0.0059709582739009,-7.90335273785081e-05,-0.0073990279812534,False,False,False,,768,0,1187329
w=768 s=0,Random 30% #28,1028,0.0048546691403834,0.0608048175432886,-0.0577897075957878,-0.0559501484029052,0.0626443767361712,True,True,True,,768,0,1187329
w=768 s=0,Random 30% #29,1028,0.0132264436461088,0.0129406970673696,0.0107615966509579,0.0002857465787392,0.0024648469951509,False,False,False,,768,0,1187329
w=768 s=0,Random 30% #30,1028,0.0073191060456281,0.037327668230004,-0.0143920429169968,-0.0300085621843759,0.0217111489626249,True,True,True,,768,0,1187329
w=768 s=0,Random 30% #31,1028,0.0186572318838355,0.0532713455251485,0.0448089703512801,-0.034614113641313,-0.0261517384674446,False,False,False,,768,0,1187329
w=768 s=0,Random 30% #32,1028,0.0146773132638857,0.0449571289395098,-0.0330680891295392,-0.0302798156756241,0.0477454023934249,True,True,True,,768,0,1187329
w=768 s=0,Random 30% #33,1028,0.0107989019115876,0.0529685595728425,0.0088398790278838,-0.0421696576612549,0.0019590228837038,False,True,True,,768,0,1187329
w=768 s=0,Random 30% #34,1028,0.0036708111308466,0.0202901844076315,-0.0087342605432013,-0.0166193732767848,0.012405071674048,True,True,True,,768,0,1187329
w=768 s=0,Random 30% #35,1028,-0.0021279853031231,0.0733251058297303,0.0032384883824937,-0.0754530911328534,-0.0053664736856168,False,False,False,,768,0,1187329
w=768 s=0,Random 30% #36,1028,-0.0048226599270606,0.0503797412598117,-0.0129054405127478,-0.0552024011868723,0.0080827805856871,True,True,True,,768,0,1187329
w=768 s=0,Random 30% #37,1028,-0.0037446257685728,0.0140108910745105,0.0297185235993151,-0.0177555168430834,-0.0334631493678879,False,False,False,,768,0,1187329
w=768 s=0,Random 30% #38,1028,0.0108722741433021,0.0029759390606566,0.001928880885147,0.0078963350826455,0.0089433932581551,False,False,False,,768,0,1187329
w=768 s=0,Random 30% #39,1028,0.0380230468256006,0.027645350749851,0.0049416494600281,0.0103776960757496,0.0330813973655725,False,False,False,,768,0,1187329
w=768 s=0,Random 30% #40,1028,-0.0156995008383602,0.0781184697128912,0.0245774965528833,-0.0938179705512515,-0.0402769973912436,False,False,False,,768,0,1187329
w=768 s=0,Random 30% #41,1028,0.0003191021554961,0.0458016296682937,0.0356103119806238,-0.0454825275127975,-0.0352912098251276,False,False,False,,768,0,1187329
w=768 s=0,Random 30% #42,1028,0.0039796984507742,-0.0050727704437719,0.0011105452032752,0.0090524688945461,0.0028691532474989,True,False,True,,768,0,1187329
w=768 s=0,Random 30% #43,1028,0.0320665445665445,0.0635318912012218,0.0043937896444871,-0.0314653466346772,0.0276727549220574,False,True,True,,768,0,1187329
w=768 s=0,Random 30% #44,1028,0.014617494198646,0.0348251513229171,-0.0466237802606852,-0.020207657124271,0.0612412744593312,True,True,True,,768,0,1187329
w=768 s=0,Random 30% #45,1028,-0.010677190889205,-0.0141781141676784,-0.0462157671932667,0.0035009232784734,0.0355385763040617,False,False,False,,768,0,1187329
w=768 s=0,Random 30% #46,1028,-0.0211341559464426,0.043451448798325,-0.0466305220094282,-0.0645856047447676,0.0254963660629855,True,True,True,,768,0,1187329
w=768 s=0,Random 30% #47,1028,0.0021068472535741,0.0960385125497309,-0.018561490940238,-0.0939316652961567,0.0206683381938121,True,True,True,,768,0,1187329
w=768 s=0,Random 30% #48,1028,0.0099373113536103,0.0528406532494621,0.0053445197237302,-0.0429033418958517,0.0045927916298801,False,True,True,,768,0,1187329
w=768 s=0,Random 30% #49,1028,-0.0033935788911766,0.048301520050087,0.0182398293179555,-0.0516950989412637,-0.0216334082091322,False,False,False,,768,0,1187329
w=768 s=0,Random 30% #50,1028,-0.0149638584774062,0.0507227033401205,0.0123484518414922,-0.0656865618175268,-0.0273123103188984,False,False,False,,768,0,1187329
w=768 s=1,All Patients,3429,0.0078818040435458,0.0368984449957976,0.0713304789603751,-0.0290166409522517,-0.0634486749168292,False,False,False,,768,1,1187329
w=768 s=1,ICUType 1.0,490,0.0294939989088925,0.0625398696874343,0.0138203228246284,-0.0330458707785418,0.015673676084264,False,True,True,,768,1,1187329
w=768 s=1,ICUType 2.0,643,-0.000975689080413,0.0278692297325056,-0.0073256958311792,-0.0288449188129186,0.0063500067507662,True,True,True,,768,1,1187329
w=768 s=1,ICUType 3.0,1357,-0.0217764843549488,-0.0083273586803239,-0.0532303027183163,-0.0134491256746248,0.0314538183633674,False,True,True,,768,1,1187329
w=768 s=1,ICUType 4.0,939,0.0202084035501629,0.0605107667438498,0.0131038403069438,-0.0403023631936869,0.007104563243219,False,True,True,,768,1,1187329
w=768 s=1,Age decile 0,374,0.046026807780653,0.0508692691440881,-0.029981517920143,-0.004842461363435,0.076008325700796,True,True,True,,768,1,1187329
w=768 s=1,Age decile 1,344,0.0273634472301562,0.0542873138306627,-0.0563456737848767,-0.0269238666005065,0.0837091210150329,True,True,True,,768,1,1187329
w=768 s=1,Age decile 2,347,0.0042864169770219,-0.0119966389063244,0.0328414740331338,0.0162830558833464,-0.0285550570561118,True,True,True,,768,1,1187329
w=768 s=1,Age decile 3,325,0.0096292729898892,0.0494592579234409,-0.0606925045468636,-0.0398299849335516,0.0703217775367529,True,True,True,,768,1,1187329
w=768 s=1,Age decile 4,372,-0.0152359717577108,0.0423647272351823,-0.0188254207929601,-0.0576006989928932,0.0035894490352492,True,True,True,,768,1,1187329
w=768 s=1,Age decile 5,344,-0.0250497851378262,0.0034157032866279,-0.0257029777481795,-0.0284654884244541,0.0006531926103533,True,True,True,,768,1,1187329
w=768 s=1,Age decile 6,397,-0.0004719207173194,0.0176738301920775,-0.0115858913676405,-0.018145750909397,0.011113970650321,True,True,True,,768,1,1187329
w=768 s=1,Age decile 7,247,0.0173747705218987,0.0582650621774472,0.0103150354634251,-0.0408902916555484,0.0070597350584736,False,True,True,,768,1,1187329
w=768 s=1,Age decile 8,354,-0.0216450216450216,0.0385630914551493,-0.0061638654731507,-0.0602081131001709,-0.0154811561718709,True,False,True,,768,1,1187329
w=768 s=1,Age decile 9,325,-0.0771864301276066,0.0777393544884978,0.0418479844145476,-0.1549257846161044,-0.1190344145421542,False,False,False,,768,1,1187329
w=768 s=1,HR quartile 0,877,0.0371049136786188,0.0793686319798633,0.0150800862300729,-0.0422637183012444,0.0220248274485458,False,True,True,,768,1,1187329
w=768 s=1,HR quartile 1,917,-0.0169849537037037,0.0388786535772195,-0.0656117215181424,-0.0558636072809232,0.0486267678144387,True,True,True,,768,1,1187329
w=768 s=1,HR quartile 2,816,0.034861311019492,0.0376394465445291,0.0010940136532768,-0.002778135525037,0.0337672973662152,False,True,True,,768,1,1187329
w=768 s=1,HR quartile 3,819,-0.0232600311906863,0.022834480437448,-0.0028607227700964,-0.0460945116281343,-0.0203993084205898,True,False,True,,768,1,1187329
w=768 s=1,MAP quartile 0,877,-0.0141240285818599,0.0259066033794853,0.0276974269901739,-0.0400306319613452,-0.0418214555720338,False,False,False,,768,1,1187329
w=768 s=1,MAP quartile 1,840,0.02392179413456,0.0306602708522117,-0.0049748297844506,-0.0067384767176516,0.0288966239190107,True,True,True,,768,1,1187329
w=768 s=1,MAP quartile 2,866,0.0104058609958506,0.0368234544419487,-0.0040617857936706,-0.026417593446098,0.0144676467895212,True,True,True,,768,1,1187329
w=768 s=1,MAP quartile 3,846,0.0090927756430939,0.0662182764297986,0.0176768494845712,-0.0571255007867047,-0.0085840738414773,False,False,False,,768,1,1187329
w=768 s=1,Temp quartile 0,902,0.0068727157158747,0.0688723547025736,0.0327333993816432,-0.0619996389866989,-0.0258606836657684,False,False,False,,768,1,1187329
w=768 s=1,Temp quartile 1,864,0.0305627470437901,0.0548837297895145,-0.0621455725548762,-0.0243209827457243,0.0927083195986664,True,True,True,,768,1,1187329
w=768 s=1,Temp quartile 2,838,-0.0036346905912123,0.0638318095649659,0.0291106975587758,-0.0674665001561783,-0.0327453881499882,False,False,False,,768,1,1187329
w=768 s=1,Temp quartile 3,825,-0.0023612750885478,0.0567899023055948,-0.0051361749221381,-0.0591511773941426,0.0027748998335903,True,True,True,,768,1,1187329
w=768 s=1,Urine quartile 0,859,-0.0313289760348584,0.0296588993817755,0.0052820166383379,-0.0609878754166339,-0.0366109926731963,False,False,False,,768,1,1187329
w=768 s=1,Urine quartile 1,913,-0.0210526315789473,-0.0130717148181153,-0.015964143669679,-0.0079809167608319,-0.0050884879092683,False,False,False,,768,1,1187329
w=768 s=1,Urine quartile 2,802,0.0149901230333403,0.0522975131724632,0.0026699139362757,-0.0373073901391229,0.0123202090970646,False,True,True,,768,1,1187329
w=768 s=1,Urine quartile 3,855,0.0601118199903958,0.028851803482309,-0.0166529723083595,0.0312600165080867,0.0767647922987553,True,False,True,,768,1,1187329
w=768 s=1,SAPS quartile 0,1025,0.0026756349262149,0.0356862499503508,-0.0220849522902826,-0.0330106150241358,0.0247605872164976,True,True,True,,768,1,1187329
w=768 s=1,SAPS quartile 1,946,0.0452124666297511,0.0708598947598791,-0.0232215554209788,-0.0256474281301279,0.0684340220507299,True,True,True,,768,1,1187329
w=768 s=1,SAPS quartile 2,660,0.0015384615384615,-0.0124870383068215,-0.0025863381117392,0.014025499845283,0.0041247996502007,False,False,False,,768,1,1187329
w=768 s=1,SAPS quartile 3,798,-0.0389986891196934,0.0673146969047174,0.0327537100510917,-0.1063133860244108,-0.0717523991707851,False,False,False,,768,1,1187329
w=768 s=1,HR > 100,945,-0.0351262896411669,0.0119306016462418,-0.0092117027208637,-0.0470568912874088,-0.0259145869203032,True,False,True,,768,1,1187329
w=768 s=1,MAP < 65,697,-0.0279136809159047,0.0215012819079227,0.0103253028882788,-0.0494149628238275,-0.0382389838041836,False,False,False,,768,1,1187329
w=768 s=1,Temp > 38C,267,-0.0430204913392958,0.0459107100065487,-0.0100417517468712,-0.0889312013458445,-0.0329787395924245,True,False,True,,768,1,1187329
w=768 s=1,Urine > 1000,210,0.0458952811893988,0.0626527374327747,-0.0416238295769424,-0.0167574562433758,0.0875191107663412,True,True,True,,768,1,1187329
w=768 s=1,Random 50% #1,1714,0.0148182289884191,0.0381612513559035,-0.0086858968082272,-0.0233430223674843,0.0235041257966464,True,True,True,,768,1,1187329
w=768 s=1,Random 50% #2,1714,0.0038708396744524,0.0468941897093335,-0.0212952198452356,-0.0430233500348811,0.025166059519688,True,True,True,,768,1,1187329
w=768 s=1,Random 50% #3,1714,0.0221853388658367,-0.0470146019373726,-0.0566749868929354,0.0691999408032094,0.0788603257587721,False,False,False,,768,1,1187329
w=768 s=1,Random 50% #4,1714,0.0209444740819774,0.0496500145760084,-0.0299769434532812,-0.028705540494031,0.0509214175352586,True,True,True,,768,1,1187329
w=768 s=1,Random 50% #5,1714,0.025145147627017,0.0960615851569687,-0.0258526289989705,-0.0709164375299516,0.0509977766259876,True,True,True,,768,1,1187329
w=768 s=1,Random 50% #6,1714,-0.0032358828377694,-0.0489432381780958,0.0191969600804444,0.0457073553403263,-0.0224328429182139,True,True,True,,768,1,1187329
w=768 s=1,Random 50% #7,1714,0.0203886964648963,0.0889460409681835,0.0623240880196981,-0.0685573445032871,-0.0419353915548017,False,False,False,,768,1,1187329
w=768 s=1,Random 50% #8,1714,-0.0080211409064465,0.0453474183715129,-0.0289786422873333,-0.0533685592779594,0.0209575013808867,True,True,True,,768,1,1187329
w=768 s=1,Random 50% #9,1714,-0.0018808498325041,0.0704862330733536,-0.0517961174023239,-0.0723670829058578,0.0499152675698197,True,True,True,,768,1,1187329
w=768 s=1,Random 50% #10,1714,0.0032849222618878,0.0499248420305798,0.0065871035231213,-0.0466399197686919,-0.0033021812612334,False,False,False,,768,1,1187329
w=768 s=1,Random 50% #11,1714,0.0064028840624585,0.0922723903282352,-0.0124128205418099,-0.0858695062657766,0.0188157046042685,True,True,True,,768,1,1187329
w=768 s=1,Random 50% #12,1714,-0.0033234372422892,0.0484850174253239,-0.0702876399873167,-0.0518084546676132,0.0669642027450275,True,True,True,,768,1,1187329
w=768 s=1,Random 50% #13,1714,0.0032517955657333,0.0200628853856792,0.0481278608823219,-0.0168110898199459,-0.0448760653165886,False,False,False,,768,1,1187329
w=768 s=1,Random 50% #14,1714,0.0062157191184681,0.0364909061164724,0.045184927170396,-0.0302751869980042,-0.0389692080519278,False,False,False,,768,1,1187329
w=768 s=1,Random 50% #15,1714,0.0026854501430772,0.0413455909298847,0.0601581299303557,-0.0386601407868075,-0.0574726797872784,False,False,False,,768,1,1187329
w=768 s=1,Random 50% #16,1714,0.0188052608311229,0.049253877652228,0.1028389453199806,-0.0304486168211051,-0.0840336844888577,False,False,False,,768,1,1187329
w=768 s=1,Random 50% #17,1714,0.0073507410721795,0.0471736985703304,0.1035113997529081,-0.0398229574981509,-0.0961606586807285,False,False,False,,768,1,1187329
w=768 s=1,Random 50% #18,1714,0.0251803786741562,0.0819101583382508,0.0344106842095666,-0.0567297796640946,-0.0092303055354104,False,False,False,,768,1,1187329
w=768 s=1,Random 50% #19,1714,0.0087463233253787,0.0313595479103452,-0.022130232479323,-0.0226132245849664,0.0308765558047018,True,True,True,,768,1,1187329
w=768 s=1,Random 50% #20,1714,0.0239488541873964,0.0374200302511876,0.0817701699738527,-0.0134711760637912,-0.0578213157864563,False,False,False,,768,1,1187329
w=768 s=1,Random 50% #21,1714,0.0016605879752431,0.0644616421080567,0.0103640492717595,-0.0628010541328136,-0.0087034612965163,False,False,False,,768,1,1187329
w=768 s=1,Random 50% #22,1714,0.0178287222426975,0.0353734246416214,0.0354303731058551,-0.0175447023989239,-0.0176016508631575,False,False,False,,768,1,1187329
w=768 s=1,Random 50% #23,1714,-0.0051929851771431,0.0527079971251047,0.042072343722532,-0.0579009823022479,-0.0472653288996751,False,False,False,,768,1,1187329
w=768 s=1,Random 50% #24,1714,0.0201698382197979,0.0085579683309648,-0.0008143656073713,0.0116118698888331,0.0209842038271693,True,False,True,,768,1,1187329
w=768 s=1,Random 50% #25,1714,0.0024135223603308,0.0551470126623425,-0.0444700262763195,-0.0527334903020117,0.0468835486366503,True,True,True,,768,1,1187329
w=768 s=1,Random 50% #26,1714,-0.0063986093578627,0.0652232835154097,0.0104508259811793,-0.0716218928732724,-0.016849435339042,False,False,False,,768,1,1187329
w=768 s=1,Random 50% #27,1714,-0.0048317683881064,0.0386791079832838,-0.0209235416519522,-0.0435108763713902,0.0160917732638458,True,True,True,,768,1,1187329
w=768 s=1,Random 50% #28,1714,0.0098094573797898,0.0606566573514004,0.0642033193601669,-0.0508471999716105,-0.054393861980377,False,False,False,,768,1,1187329
w=768 s=1,Random 50% #29,1714,0.0125552608311229,0.0305062161451492,0.0742633421303401,-0.0179509553140263,-0.0617080812992172,False,False,False,,768,1,1187329
w=768 s=1,Random 50% #30,1714,0.0022139615866539,-0.016423925522892,0.0412228022269606,0.018637887109546,-0.0390088406403066,True,True,True,,768,1,1187329
w=768 s=1,Random 50% #31,1714,0.0081502190717898,0.0389735573657157,-0.0373278731271299,-0.0308233382939258,0.0454780921989197,True,True,True,,768,1,1187329
w=768 s=1,Random 50% #32,1714,-0.0092920029904661,-0.0183996364965718,0.0479806622209277,0.0091076335061056,-0.0572726652113939,True,True,True,,768,1,1187329
w=768 s=1,Random 50% #33,1714,-0.002514181228832,0.0674792156224934,-0.0487198561392187,-0.0699933968513254,0.0462056749103867,True,True,True,,768,1,1187329
w=768 s=1,Random 50% #34,1714,0.0070180513371488,-0.0360491618106219,0.0111850646205649,0.0430672131477707,-0.0041670132834161,True,True,True,,768,1,1187329
w=768 s=1,Random 50% #35,1714,0.0093248828878478,0.0586100240262383,0.0108888884194215,-0.0492851411383904,-0.0015640055315736,False,False,False,,768,1,1187329
w=768 s=1,Random 50% #36,1714,0.016912667846362,0.0887205695298083,0.002914103966676,-0.0718079016834463,0.0139985638796859,False,True,True,,768,1,1187329
w=768 s=1,Random 50% #37,1714,0.0036653828805384,0.0787601970716755,-0.0056707596783458,-0.075094814191137,0.0093361425588843,True,True,True,,768,1,1187329
w=768 s=1,Random 50% #38,1714,0.0021576191788371,0.0483129835802589,-0.0082301247129894,-0.0461553644014218,0.0103877438918265,True,True,True,,768,1,1187329
w=768 s=1,Random 50% #39,1714,0.0170086158804934,0.0517580646250295,0.0955406008617425,-0.0347494487445361,-0.0785319849812491,False,False,False,,768,1,1187329
w=768 s=1,Random 50% #40,1714,0.018520937100027,0.0318130481438188,0.0329231221125003,-0.0132921110437917,-0.0144021850124732,False,False,False,,768,1,1187329
w=768 s=1,Random 50% #41,1714,0.0027199322354597,0.0433683969257881,0.0527918594701221,-0.0406484646903283,-0.0500719272346623,False,False,False,,768,1,1187329
w=768 s=1,Random 50% #42,1714,0.0178900300253214,0.0213683886815321,0.0166416125013192,-0.0034783586562107,0.0012484175240021,False,True,True,,768,1,1187329
w=768 s=1,Random 50% #43,1714,0.0169958506224066,0.0469005156877245,-0.0610466450226193,-0.0299046650653179,0.078042495645026,True,True,True,,768,1,1187329
w=768 s=1,Random 50% #44,1714,-0.0080414937759336,-0.0693892466217165,0.0104822311939947,0.0613477528457829,-0.0185237249699283,True,True,True,,768,1,1187329
w=768 s=1,Random 50% #45,1714,-0.0006684003732017,0.0856127247821651,-0.0037542091082839,-0.0862811251553668,0.0030858087350822,True,True,True,,768,1,1187329
w=768 s=1,Random 50% #46,1714,-0.0127567411871579,0.0637910579464225,-0.0108357383039553,-0.0765477991335804,-0.0019210028832025,True,False,True,,768,1,1187329
w=768 s=1,Random 50% #47,1714,-0.0023071888899981,0.0301361486460038,-0.0209819093450161,-0.0324433375360019,0.018674720455018,True,True,True,,768,1,1187329
w=768 s=1,Random 50% #48,1714,0.0007707867678387,0.0629798902238021,0.0592656847407886,-0.0622091034559633,-0.0584948979729498,False,False,False,,768,1,1187329
w=768 s=1,Random 50% #49,1714,-0.0052585890287469,0.0009635583419866,-0.0013885153402002,-0.0062221473707336,-0.0038700736885466,True,False,True,,768,1,1187329
w=768 s=1,Random 50% #50,1714,-0.009935439192208,0.0535044265130362,0.000886894459287,-0.0634398657052442,-0.010822333651495,False,False,False,,768,1,1187329
w=768 s=1,Random 30% #1,1028,0.0177032019704433,0.0513694709932284,0.0342749109149945,-0.033666269022785,-0.0165717089445512,False,False,False,,768,1,1187329
w=768 s=1,Random 30% #2,1028,-0.0188812287552644,0.0416786394065211,0.0153024380961178,-0.0605598681617856,-0.0341836668513823,False,False,False,,768,1,1187329
w=768 s=1,Random 30% #3,1028,-0.0136963318843895,0.0100718381521156,-0.0086700833623248,-0.0237681700365051,-0.0050262485220646,True,False,True,,768,1,1187329
w=768 s=1,Random 30% #4,1028,0.012612065619632,-0.0066800167115889,-0.0100484642270751,0.019292082331221,0.0226605298467072,False,False,False,,768,1,1187329
w=768 s=1,Random 30% #5,1028,0.012955140579904,0.0624815389983099,-0.0159106866558373,-0.0495263984184058,0.0288658272357414,True,True,True,,768,1,1187329
w=768 s=1,Random 30% #6,1028,0.011061887501678,0.0464894443129835,0.1109163340724057,-0.0354275568113055,-0.0998544465707276,False,False,False,,768,1,1187329
w=768 s=1,Random 30% #7,1028,-0.0019795447047178,0.0498277860080423,-0.0008500479852888,-0.0518073307127602,-0.0011294967194289,True,False,True,,768,1,1187329
w=768 s=1,Random 30% #8,1028,-0.0013757582957458,-0.0092464082542712,0.0168698192071301,0.0078706499585254,-0.018245577502876,True,True,True,,768,1,1187329
w=768 s=1,Random 30% #9,1028,0.0167924069116573,0.0464446323092941,-0.0225635884573613,-0.0296522253976368,0.0393559953690187,True,True,True,,768,1,1187329
w=768 s=1,Random 30% #10,1028,0.0218614718614718,0.0771566739624317,-0.0370032720656945,-0.0552952021009598,0.0588647439271663,True,True,True,,768,1,1187329
w=768 s=1,Random 30% #11,1028,0.0036992125742528,0.037776546976525,0.0062682616806266,-0.0340773344022722,-0.0025690491063737,False,False,False,,768,1,1187329
w=768 s=1,Random 30% #12,1028,-0.0176439165409753,0.0700497540347716,0.0238415477880278,-0.087693670575747,-0.0414854643290031,False,False,False,,768,1,1187329
w=768 s=1,Random 30% #13,1028,0.0061871080085679,0.0374797341292715,-0.0110139505417768,-0.0312926261207036,0.0172010585503448,True,True,True,,768,1,1187329
w=768 s=1,Random 30% #14,1028,-0.0024039572835282,0.03153589916151,0.0146774758230422,-0.0339398564450383,-0.0170814331065705,False,False,False,,768,1,1187329
w=768 s=1,Random 30% #15,1028,-0.0014797507788162,0.0642127105104257,0.0906613253571998,-0.0656924612892419,-0.092141076136016,False,False,False,,768,1,1187329
w=768 s=1,Random 30% #16,1028,0.006823838043474,0.0318235075599648,-0.0305871590972734,-0.0249996695164907,0.0374109971407475,True,True,True,,768,1,1187329
w=768 s=1,Random 30% #17,1028,0.0030261642698374,0.0237913827398484,0.0064805001272844,-0.0207652184700109,-0.003454335857447,False,False,False,,768,1,1187329
w=768 s=1,Random 30% #18,1028,0.008237689744539,0.0261101373648371,-0.0154163967377366,-0.0178724476202981,0.0236540864822756,True,True,True,,768,1,1187329
w=768 s=1,Random 30% #19,1028,0.0066883064376393,0.0065692591880931,-0.0032128091959495,0.0001190472495461,0.0099011156335888,True,False,True,,768,1,1187329
w=768 s=1,Random 30% #20,1028,-0.0099963316214233,0.0518213362270591,0.0069911618295711,-0.0618176678484824,-0.0169874934509945,False,False,False,,768,1,1187329
w=768 s=1,Random 30% #21,1028,0.002277451699682,0.0504302951907235,-0.0297677058721477,-0.0481528434910414,0.0320451575718298,True,True,True,,768,1,1187329
w=768 s=1,Random 30% #22,1028,0.0271739130434782,0.0160859936711709,0.0716133427361633,0.0110879193723073,-0.0444394296926851,False,True,True,,768,1,1187329
w=768 s=1,Random 30% #23,1028,0.0053719593676173,0.0416974981717479,0.0208823619934008,-0.0363255388041306,-0.0155104026257835,False,False,False,,768,1,1187329
w=768 s=1,Random 30% #24,1028,0.0374355138753044,0.0447073166796661,0.1802513285982541,-0.0072718028043616,-0.1428158147229496,False,False,False,,768,1,1187329
w=768 s=1,Random 30% #25,1028,0.0207335170659317,0.0338715671303697,0.0027199113652283,-0.013138050064438,0.0180136057007033,False,True,True,,768,1,1187329
w=768 s=1,Random 30% #26,1028,0.000322640117994,0.0402672935224338,-0.0143157604426474,-0.0399446534044397,0.0146384005606415,True,True,True,,768,1,1187329
w=768 s=1,Random 30% #27,1028,-0.0133699862551543,0.031653104158763,0.0301245563132577,-0.0450230904139173,-0.043494542568412,False,False,False,,768,1,1187329
w=768 s=1,Random 30% #28,1028,0.0048546691403834,0.0011592654085265,0.0236851067446776,0.0036954037318568,-0.0188304376042942,False,True,True,,768,1,1187329
w=768 s=1,Random 30% #29,1028,0.0132264436461088,0.0677223466414538,0.0522913552367295,-0.0544959029953449,-0.0390649115906207,False,False,False,,768,1,1187329
w=768 s=1,Random 30% #30,1028,0.0073191060456281,0.0392977683332373,-0.0099397577292066,-0.0319786622876092,0.0172588637748347,True,True,True,,768,1,1187329
w=768 s=1,Random 30% #31,1028,0.0186572318838355,0.0635113462237576,0.0370904806051619,-0.0448541143399221,-0.0184332487213263,False,False,False,,768,1,1187329
w=768 s=1,Random 30% #32,1028,0.0146773132638857,0.0687364561265839,0.0064393516115784,-0.0540591428626982,0.0082379616523072,False,True,True,,768,1,1187329
w=768 s=1,Random 30% #33,1028,0.0107989019115876,0.0627579680762745,0.0040966310939785,-0.0519590661646869,0.0067022708176091,False,True,True,,768,1,1187329
w=768 s=1,Random 30% #34,1028,0.0036708111308466,0.0588437635372644,-0.0470390529709186,-0.0551729524064178,0.0507098641017653,True,True,True,,768,1,1187329
w=768 s=1,Random 30% #35,1028,-0.0021279853031231,0.024677710571142,0.0405728195498984,-0.0268056958742651,-0.0427008048530215,False,False,False,,768,1,1187329
w=768 s=1,Random 30% #36,1028,-0.0048226599270606,0.0444890265875891,-0.0220242940137603,-0.0493116865146497,0.0172016340866996,True,True,True,,768,1,1187329
w=768 s=1,Random 30% #37,1028,-0.0037446257685728,0.0702641326321587,0.0456858588237628,-0.0740087584007315,-0.0494304845923356,False,False,False,,768,1,1187329
w=768 s=1,Random 30% #38,1028,0.0108722741433021,0.069279014407304,0.0080904018628473,-0.0584067402640018,0.0027818722804548,False,True,True,,768,1,1187329
w=768 s=1,Random 30% #39,1028,0.0380230468256006,0.0332551621409042,-0.0014065701700799,0.0047678846846963,0.0394296169956805,True,False,True,,768,1,1187329
w=768 s=1,Random 30% #40,1028,-0.0156995008383602,0.051740307063081,0.0010841734953277,-0.0674398079014413,-0.0167836743336879,False,False,False,,768,1,1187329
w=768 s=1,Random 30% #41,1028,0.0003191021554961,0.0311203812857961,0.03087678294794,-0.0308012791303,-0.0305576807924439,False,False,False,,768,1,1187329
w=768 s=1,Random 30% #42,1028,0.0039796984507742,0.0205021786666211,0.0361445863239033,-0.0165224802158469,-0.032164887873129,False,False,False,,768,1,1187329
w=768 s=1,Random 30% #43,1028,0.0320665445665445,0.0434206740431613,-0.021336626575639,-0.0113541294766167,0.0534031711421835,True,True,True,,768,1,1187329
w=768 s=1,Random 30% #44,1028,0.014617494198646,-0.0250470021860499,-0.0040215648509772,0.0396644963846959,0.0186390590496232,False,False,False,,768,1,1187329
w=768 s=1,Random 30% #45,1028,-0.010677190889205,0.0382526037212049,-0.0302292749012363,-0.0489297946104099,0.0195520840120313,True,True,True,,768,1,1187329
w=768 s=1,Random 30% #46,1028,-0.0211341559464426,0.0339172848390454,0.0016125821603317,-0.0550514407854881,-0.0227467381067744,False,False,False,,768,1,1187329
w=768 s=1,Random 30% #47,1028,0.0021068472535741,0.0663309726770708,-0.0178846005714092,-0.0642241254234966,0.0199914478249833,True,True,True,,768,1,1187329
w=768 s=1,Random 30% #48,1028,0.0099373113536103,0.0623110769569056,0.0049549433125216,-0.0523737656032952,0.0049823680410887,False,True,True,,768,1,1187329
w=768 s=1,Random 30% #49,1028,-0.0033935788911766,0.0580179859588764,-0.0208201142867827,-0.0614115648500531,0.017426535395606,True,True,True,,768,1,1187329
w=768 s=1,Random 30% #50,1028,-0.0149638584774062,0.0127317462250233,0.0219413127080844,-0.0276956047024296,-0.0369051711854906,False,False,False,,768,1,1187329
w=768 s=2,All Patients,3429,0.0078818040435458,0.0323168610341743,0.0003773659750808,-0.0244350569906284,0.007504438068465,False,True,True,,768,2,1187329
w=768 s=2,ICUType 1.0,490,0.0294939989088925,0.0269123867006907,0.0179940589669814,0.0025816122082017,0.011499939941911,False,False,False,,768,2,1187329
w=768 s=2,ICUType 2.0,643,-0.000975689080413,0.0242354563356522,-0.0110363639408939,-0.0252111454160652,0.0100606748604808,True,True,True,,768,2,1187329
w=768 s=2,ICUType 3.0,1357,-0.0217764843549488,0.0426498906889118,-0.0194830309156525,-0.0644263750438607,-0.0022934534392963,True,False,True,,768,2,1187329
w=768 s=2,ICUType 4.0,939,0.0202084035501629,0.0228762919890282,0.0053764869686603,-0.0026678884388653,0.0148319165815025,False,True,True,,768,2,1187329
w=768 s=2,Age decile 0,374,0.046026807780653,0.0484230041723714,-0.0203886652411591,-0.0023961963917183,0.0664154730218122,True,True,True,,768,2,1187329
w=768 s=2,Age decile 1,344,0.0273634472301562,0.0541260704957898,-0.0337800257360273,-0.0267626232656336,0.0611434729661835,True,True,True,,768,2,1187329
w=768 s=2,Age decile 2,347,0.0042864169770219,-0.004825844793677,0.0235191432952752,0.009112261770699,-0.0192327263182533,True,True,True,,768,2,1187329
w=768 s=2,Age decile 3,325,0.0096292729898892,0.0415766093840992,0.0562979322873889,-0.0319473363942099,-0.0466686592974997,False,False,False,,768,2,1187329
w=768 s=2,Age decile 4,372,-0.0152359717577108,0.0417962092659975,-0.0394061732779562,-0.0570321810237084,0.0241702015202453,True,True,True,,768,2,1187329
w=768 s=2,Age decile 5,344,-0.0250497851378262,0.0132044698750085,0.0048400027544611,-0.0382542550128347,-0.0298897878922873,False,False,False,,768,2,1187329
w=768 s=2,Age decile 6,397,-0.0004719207173194,0.0215567617815327,-0.0514150249516128,-0.0220286824988522,0.0509431042342933,True,True,True,,768,2,1187329
w=768 s=2,Age decile 7,247,0.0173747705218987,0.0625838259108463,0.0170034948848278,-0.0452090553889475,0.0003712756370709,False,True,True,,768,2,1187329
w=768 s=2,Age decile 8,354,-0.0216450216450216,0.0413504761574116,-0.0227943652950714,-0.0629954978024333,0.0011493436500497,True,True,True,,768,2,1187329
w=768 s=2,Age decile 9,325,-0.0771864301276066,0.068249717186826,0.0501214763546393,-0.1454361473144327,-0.1273079064822459,False,False,False,,768,2,1187329
w=768 s=2,HR quartile 0,877,0.0371049136786188,0.0775086757547879,0.0182304178373136,-0.040403762076169,0.0188744958413052,False,True,True,,768,2,1187329
w=768 s=2,HR quartile 1,917,-0.0169849537037037,-0.0397946621316521,0.0166328734280452,0.0228097084279484,-0.0336178271317489,True,True,True,,768,2,1187329
w=768 s=2,HR quartile 2,816,0.034861311019492,0.0458375714175014,0.0069972024065367,-0.0109762603980093,0.0278641086129553,False,True,True,,768,2,1187329
w=768 s=2,HR quartile 3,819,-0.0232600311906863,0.0305869888559089,0.0080763498351811,-0.0538470200465952,-0.0313363810258674,False,False,False,,768,2,1187329
w=768 s=2,MAP quartile 0,877,-0.0141240285818599,0.0501547460158608,0.0112968254684367,-0.0642787745977208,-0.0254208540502966,False,False,False,,768,2,1187329
w=768 s=2,MAP quartile 1,840,0.02392179413456,0.0289609728500209,0.0090408665393582,-0.0050391787154608,0.0148809275952018,False,True,True,,768,2,1187329
w=768 s=2,MAP quartile 2,866,0.0104058609958506,0.0468748646073315,-0.0195003653649956,-0.0364690036114809,0.0299062263608462,True,True,True,,768,2,1187329
w=768 s=2,MAP quartile 3,846,0.0090927756430939,0.0684146931895147,-0.0212889733963832,-0.0593219175464208,0.0303817490394771,True,True,True,,768,2,1187329
w=768 s=2,Temp quartile 0,902,0.0068727157158747,0.0672302712078621,0.0606221784730899,-0.0603575554919873,-0.0537494627572151,False,False,False,,768,2,1187329
w=768 s=2,Temp quartile 1,864,0.0305627470437901,0.0596833774090842,-0.0391349148307628,-0.029120630365294,0.069697661874553,True,True,True,,768,2,1187329
w=768 s=2,Temp quartile 2,838,-0.0036346905912123,0.0599416450296091,0.0049556982941592,-0.0635763356208215,-0.0085903888853716,False,False,False,,768,2,1187329
w=768 s=2,Temp quartile 3,825,-0.0023612750885478,0.0551423054002128,-0.015456018193846,-0.0575035804887606,0.0130947431052982,True,True,True,,768,2,1187329
w=768 s=2,Urine quartile 0,859,-0.0313289760348584,0.019121651768501,0.015315309576562,-0.0504506278033594,-0.0466442856114204,False,False,False,,768,2,1187329
w=768 s=2,Urine quartile 1,913,-0.0210526315789473,0.0301610420414453,-0.0032142846448114,-0.0512136736203926,-0.0178383469341359,True,False,True,,768,2,1187329
w=768 s=2,Urine quartile 2,802,0.0149901230333403,0.0517894533191514,0.0057897577746488,-0.0367993302858111,0.0092003652586914,False,True,True,,768,2,1187329
w=768 s=2,Urine quartile 3,855,0.0601118199903958,0.068679694718332,-0.0167083911587191,-0.0085678747279361,0.076820211149115,True,True,True,,768,2,1187329
w=768 s=2,SAPS quartile 0,1025,0.0026756349262149,0.0269747059409196,-0.0196050570577986,-0.0242990710147046,0.0222806919840135,True,True,True,,768,2,1187329
w=768 s=2,SAPS quartile 1,946,0.0452124666297511,0.0639134341734452,-0.035239468111198,-0.018700967543694,0.0804519347409492,True,True,True,,768,2,1187329
w=768 s=2,SAPS quartile 2,660,0.0015384615384615,0.0116991588745468,0.001916998639874,-0.0101606973360853,-0.0003785371014125,False,False,False,,768,2,1187329
w=768 s=2,SAPS quartile 3,798,-0.0389986891196934,0.0424812158276773,-0.002955820545874,-0.0814799049473707,-0.0360428685738194,True,False,True,,768,2,1187329
w=768 s=2,HR > 100,945,-0.0351262896411669,-0.0512284562873049,-0.015537950963429,0.0161021666461379,-0.0195883386777379,False,True,True,,768,2,1187329
w=768 s=2,MAP < 65,697,-0.0279136809159047,0.0276625442488539,0.0197222946892793,-0.0555762251647587,-0.0476359756051841,False,False,False,,768,2,1187329
w=768 s=2,Temp > 38C,267,-0.0430204913392958,0.0434390758682833,-0.0119950206890321,-0.0864595672075791,-0.0310254706502637,True,False,True,,768,2,1187329
w=768 s=2,Urine > 1000,210,0.0458952811893988,0.0668919005728145,-0.0417092761264648,-0.0209966193834157,0.0876045573158636,True,True,True,,768,2,1187329
w=768 s=2,Random 50% #1,1714,0.0148182289884191,0.0996595337373483,-0.0114961689356634,-0.0848413047489291,0.0263143979240826,True,True,True,,768,2,1187329
w=768 s=2,Random 50% #2,1714,0.0038708396744524,0.0811606736540919,-0.0126665570027229,-0.0772898339796394,0.0165373966771754,True,True,True,,768,2,1187329
w=768 s=2,Random 50% #3,1714,0.0221853388658367,0.0240675508713711,0.0093029555244549,-0.0018822120055343,0.0128823833413818,False,True,True,,768,2,1187329
w=768 s=2,Random 50% #4,1714,0.0209444740819774,0.0358751986535723,-0.0045234056191595,-0.0149307245715949,0.025467879701137,True,True,True,,768,2,1187329
w=768 s=2,Random 50% #5,1714,0.025145147627017,0.0530667714117979,-0.0217214716411532,-0.0279216237847808,0.0468666192681702,True,True,True,,768,2,1187329
w=768 s=2,Random 50% #6,1714,-0.0032358828377694,0.0616425710868586,0.0325903758053126,-0.0648784539246281,-0.0358262586430821,False,False,False,,768,2,1187329
w=768 s=2,Random 50% #7,1714,0.0203886964648963,0.0232188408257675,-0.0064466015579722,-0.0028301443608712,0.0268352980228686,True,True,True,,768,2,1187329
w=768 s=2,Random 50% #8,1714,-0.0080211409064465,0.0830811662772563,-0.0002773551046732,-0.0911023071837028,-0.0077437858017733,True,False,True,,768,2,1187329
w=768 s=2,Random 50% #9,1714,-0.0018808498325041,0.0738521349889551,-0.0297418697002742,-0.0757329848214593,0.02786101986777,True,True,True,,768,2,1187329
w=768 s=2,Random 50% #10,1714,0.0032849222618878,0.0519217953121253,-0.0042655421817777,-0.0486368730502375,0.0075504644436656,True,True,True,,768,2,1187329
w=768 s=2,Random 50% #11,1714,0.0064028840624585,0.0068702453498417,-0.0039318367069603,-0.0004673612873832,0.0103347207694188,True,True,True,,768,2,1187329
w=768 s=2,Random 50% #12,1714,-0.0033234372422892,0.0380033001015258,0.0170286339577227,-0.0413267373438151,-0.020352071200012,False,False,False,,768,2,1187329
w=768 s=2,Random 50% #13,1714,0.0032517955657333,-0.0529723250476474,0.015578183222602,0.0562241206133807,-0.0123263876568687,True,True,True,,768,2,1187329
w=768 s=2,Random 50% #14,1714,0.0062157191184681,0.0488770469854246,0.0087395320689125,-0.0426613278669564,-0.0025238129504443,False,False,False,,768,2,1187329
w=768 s=2,Random 50% #15,1714,0.0026854501430772,0.0704538324177146,0.0683072005308718,-0.0677683822746374,-0.0656217503877945,False,False,False,,768,2,1187329
w=768 s=2,Random 50% #16,1714,0.0188052608311229,0.045962930029022,0.0003779403662205,-0.0271576691978991,0.0184273204649023,False,True,True,,768,2,1187329
w=768 s=2,Random 50% #17,1714,0.0073507410721795,0.051573798122499,0.1167595727628243,-0.0442230570503194,-0.1094088316906448,False,False,False,,768,2,1187329
w=768 s=2,Random 50% #18,1714,0.0251803786741562,0.1084356545154914,0.0148521584931136,-0.0832552758413352,0.0103282201810425,False,True,True,,768,2,1187329
w=768 s=2,Random 50% #19,1714,0.0087463233253787,0.0172805308227669,-0.0379009960439232,-0.0085342074973881,0.046647319369302,True,True,True,,768,2,1187329
w=768 s=2,Random 50% #20,1714,0.0239488541873964,0.0485732692434755,0.018551280376836,-0.0246244150560791,0.0053975738105603,False,True,True,,768,2,1187329
w=768 s=2,Random 50% #21,1714,0.0016605879752431,-0.0127094389889815,0.0075782333228955,0.0143700269642247,-0.0059176453476524,True,True,True,,768,2,1187329
w=768 s=2,Random 50% #22,1714,0.0178287222426975,0.0653235636423279,0.0136307595052212,-0.0474948413996303,0.0041979627374763,False,True,True,,768,2,1187329
w=768 s=2,Random 50% #23,1714,-0.0051929851771431,0.0293934001952795,-0.0272378637737955,-0.0345863853724227,0.0220448785966524,True,True,True,,768,2,1187329
w=768 s=2,Random 50% #24,1714,0.0201698382197979,0.0299386619587068,0.0085449902586807,-0.0097688237389088,0.0116248479611172,False,True,True,,768,2,1187329
w=768 s=2,Random 50% #25,1714,0.0024135223603308,-0.0150627428775984,-0.0123107051604124,0.0174762652379292,0.0147242275207433,False,False,False,,768,2,1187329
w=768 s=2,Random 50% #26,1714,-0.0063986093578627,0.0457237846011385,-0.0129876432304499,-0.0521223939590012,0.0065890338725872,True,True,True,,768,2,1187329
w=768 s=2,Random 50% #27,1714,-0.0048317683881064,-0.0226322465389381,-0.0228692541248426,0.0178004781508317,0.0180374857367362,False,False,False,,768,2,1187329
w=768 s=2,Random 50% #28,1714,0.0098094573797898,0.033971104286568,0.0093267924954357,-0.0241616469067781,0.0004826648843541,False,True,True,,768,2,1187329
w=768 s=2,Random 50% #29,1714,0.0125552608311229,-0.0089815639681408,0.0092769333507337,0.0215368247992637,0.0032783274803891,True,False,True,,768,2,1187329
w=768 s=2,Random 50% #30,1714,0.0022139615866539,0.0816106915897669,-0.0031961943657405,-0.0793967300031129,0.0054101559523944,True,True,True,,768,2,1187329
w=768 s=2,Random 50% #31,1714,0.0081502190717898,0.0748023012123685,-0.0740827632135265,-0.0666520821405787,0.0822329822853163,True,True,True,,768,2,1187329
w=768 s=2,Random 50% #32,1714,-0.0092920029904661,0.0603221323933539,-0.0101602024869926,-0.0696141353838201,0.0008681994965264,True,True,True,,768,2,1187329
w=768 s=2,Random 50% #33,1714,-0.002514181228832,0.0500555476389108,0.0314508192926251,-0.0525697288677429,-0.0339650005214572,False,False,False,,768,2,1187329
w=768 s=2,Random 50% #34,1714,0.0070180513371488,0.0264100739971969,0.0421297319689696,-0.0193920226600481,-0.0351116806318208,False,False,False,,768,2,1187329
w=768 s=2,Random 50% #35,1714,0.0093248828878478,0.0447368537275189,0.035607870029144,-0.035411970839671,-0.0262829871412961,False,False,False,,768,2,1187329
w=768 s=2,Random 50% #36,1714,0.016912667846362,0.0763621984474269,-0.037323397666346,-0.0594495306010649,0.0542360655127081,True,True,True,,768,2,1187329
w=768 s=2,Random 50% #37,1714,0.0036653828805384,0.0054141127303769,-0.021627384303148,-0.0017487298498384,0.0252927671836865,True,True,True,,768,2,1187329
w=768 s=2,Random 50% #38,1714,0.0021576191788371,0.0580650116910374,0.0089523475684928,-0.0559073925122003,-0.0067947283896557,False,False,False,,768,2,1187329
w=768 s=2,Random 50% #39,1714,0.0170086158804934,-0.0190239819516659,0.1278209700610096,0.0360325978321593,-0.1108123541805162,True,True,True,,768,2,1187329
w=768 s=2,Random 50% #40,1714,0.018520937100027,-0.0396620328116737,-0.0526203658064823,0.0581829699117008,0.0711413029065094,False,False,False,,768,2,1187329
w=768 s=2,Random 50% #41,1714,0.0027199322354597,0.0547685556788691,0.0591261737414606,-0.0520486234434094,-0.0564062415060008,False,False,False,,768,2,1187329
w=768 s=2,Random 50% #42,1714,0.0178900300253214,0.0946345642691386,-0.0398952011450021,-0.0767445342438172,0.0577852311703236,True,True,True,,768,2,1187329
w=768 s=2,Random 50% #43,1714,0.0169958506224066,0.0595625913266686,-0.0173085691791175,-0.042566740704262,0.0343044198015241,True,True,True,,768,2,1187329
w=768 s=2,Random 50% #44,1714,-0.0080414937759336,0.0084343861861608,-0.0122475783675438,-0.0164758799620944,0.0042060845916102,True,True,True,,768,2,1187329
w=768 s=2,Random 50% #45,1714,-0.0006684003732017,0.0557498646440478,0.0035198323114424,-0.0564182650172495,-0.0041882326846441,False,False,False,,768,2,1187329
w=768 s=2,Random 50% #46,1714,-0.0127567411871579,-0.0075258627736003,0.0015194708990597,-0.0052308784135576,-0.0142762120862176,True,False,True,,768,2,1187329
w=768 s=2,Random 50% #47,1714,-0.0023071888899981,0.0260822704508854,-0.0593384120646876,-0.0283894593408835,0.0570312231746895,True,True,True,,768,2,1187329
w=768 s=2,Random 50% #48,1714,0.0007707867678387,0.0093244306703432,-0.0275517473318385,-0.0085536439025044,0.0283225340996772,True,True,True,,768,2,1187329
w=768 s=2,Random 50% #49,1714,-0.0052585890287469,0.0388090700965742,-0.011713326884826,-0.0440676591253211,0.006454737856079,True,True,True,,768,2,1187329
w=768 s=2,Random 50% #50,1714,-0.009935439192208,0.0444404962993611,-0.0139322939065152,-0.0543759354915691,0.0039968547143072,True,True,True,,768,2,1187329
w=768 s=2,Random 30% #1,1028,0.0177032019704433,0.0492576254910551,0.0135473464793533,-0.0315544235206117,0.0041558554910899,False,True,True,,768,2,1187329
w=768 s=2,Random 30% #2,1028,-0.0188812287552644,-0.0059204444423103,0.0366069040442267,-0.0129607843129541,-0.0554881327994911,True,False,True,,768,2,1187329
w=768 s=2,Random 30% #3,1028,-0.0136963318843895,0.012258759600607,0.0139219901332096,-0.0259550914849965,-0.0276183220175991,False,False,False,,768,2,1187329
w=768 s=2,Random 30% #4,1028,0.012612065619632,0.0689701007916369,-0.0092955089713326,-0.0563580351720049,0.0219075745909647,True,True,True,,768,2,1187329
w=768 s=2,Random 30% #5,1028,0.012955140579904,0.0597424114918546,0.0183125400012799,-0.0467872709119506,-0.0053573994213758,False,False,False,,768,2,1187329
w=768 s=2,Random 30% #6,1028,0.011061887501678,0.0379581185443699,0.0064360714040273,-0.0268962310426918,0.0046258160976506,False,True,True,,768,2,1187329
w=768 s=2,Random 30% #7,1028,-0.0019795447047178,0.0564882247112529,-0.0076555436511485,-0.0584677694159708,0.0056759989464306,True,True,True,,768,2,1187329
w=768 s=2,Random 30% #8,1028,-0.0013757582957458,0.0278496346886976,0.0267634713006907,-0.0292253929844435,-0.0281392295964366,False,False,False,,768,2,1187329
w=768 s=2,Random 30% #9,1028,0.0167924069116573,0.0239469174127708,0.010464485397983,-0.0071545105011134,0.0063279215136742,False,True,True,,768,2,1187329
w=768 s=2,Random 30% #10,1028,0.0218614718614718,0.0531577096350772,-0.0625175652360248,-0.0312962377736054,0.0843790370974966,True,True,True,,768,2,1187329
w=768 s=2,Random 30% #11,1028,0.0036992125742528,0.0339793227031077,-0.0054278873875655,-0.0302801101288549,0.0091270999618183,True,True,True,,768,2,1187329
w=768 s=2,Random 30% #12,1028,-0.0176439165409753,0.0366304080152013,-0.0083986969844533,-0.0542743245561767,-0.0092452195565219,True,False,True,,768,2,1187329
w=768 s=2,Random 30% #13,1028,0.0061871080085679,0.0522173790428631,-0.0130322580456946,-0.0460302710342952,0.0192193660542626,True,True,True,,768,2,1187329
w=768 s=2,Random 30% #14,1028,-0.0024039572835282,0.0445021783122536,0.0149386931694004,-0.0469061355957819,-0.0173426504529287,False,False,False,,768,2,1187329
w=768 s=2,Random 30% #15,1028,-0.0014797507788162,0.0677162077866356,-0.005547771817489,-0.0691959585654518,0.0040680210386728,True,True,True,,768,2,1187329
w=768 s=2,Random 30% #16,1028,0.006823838043474,0.0410890609704462,-0.028781141900583,-0.0342652229269722,0.035604979944057,True,True,True,,768,2,1187329
w=768 s=2,Random 30% #17,1028,0.0030261642698374,0.0551529353520469,-0.0001227387054425,-0.0521267710822094,0.00314890297528,True,True,True,,768,2,1187329
w=768 s=2,Random 30% #18,1028,0.008237689744539,0.0770886128624675,-0.0098257165276216,-0.0688509231179284,0.0180634062721607,True,True,True,,768,2,1187329
w=768 s=2,Random 30% #19,1028,0.0066883064376393,0.037532503937789,-2.5460047283515364e-05,-0.0308441975001497,0.0067137664849228,True,True,True,,768,2,1187329
w=768 s=2,Random 30% #20,1028,-0.0099963316214233,0.0514529795337697,0.0136942824019718,-0.0614493111551931,-0.0236906140233952,False,False,False,,768,2,1187329
w=768 s=2,Random 30% #21,1028,0.002277451699682,0.0515076223465317,-0.0434952631300812,-0.0492301706468496,0.0457727148297633,True,True,True,,768,2,1187329
w=768 s=2,Random 30% #22,1028,0.0271739130434782,0.0056978838008652,0.0246841296342789,0.0214760292426129,0.0024897834091993,False,False,False,,768,2,1187329
w=768 s=2,Random 30% #23,1028,0.0053719593676173,0.0446332439531208,0.0145674358787753,-0.0392612845855034,-0.009195476511158,False,False,False,,768,2,1187329
w=768 s=2,Random 30% #24,1028,0.0374355138753044,-0.0004860928428613,-0.0158391027705907,0.0379216067181657,0.0532746166458951,False,False,False,,768,2,1187329
w=768 s=2,Random 30% #25,1028,0.0207335170659317,0.0378120919028501,0.0616825303018079,-0.0170785748369184,-0.0409490132358762,False,False,False,,768,2,1187329
w=768 s=2,Random 30% #26,1028,0.000322640117994,0.0616993957187884,-0.0097453804929492,-0.0613767556007943,0.0100680206109433,True,True,True,,768,2,1187329
w=768 s=2,Random 30% #27,1028,-0.0133699862551543,0.0294460602859017,0.0395618834117187,-0.042816046541056,-0.052931869666873,False,False,False,,768,2,1187329
w=768 s=2,Random 30% #28,1028,0.0048546691403834,0.0527576417433492,-0.0192862892793349,-0.0479029726029658,0.0241409584197183,True,True,True,,768,2,1187329
w=768 s=2,Random 30% #29,1028,0.0132264436461088,0.0699481741953816,-0.0409934741777403,-0.0567217305492727,0.0542199178238492,True,True,True,,768,2,1187329
w=768 s=2,Random 30% #30,1028,0.0073191060456281,0.0432110241776829,-0.0137591049092146,-0.0358919181320548,0.0210782109548427,True,True,True,,768,2,1187329
w=768 s=2,Random 30% #31,1028,0.0186572318838355,0.0804759729697439,0.0417347822839158,-0.0618187410859084,-0.0230775504000803,False,False,False,,768,2,1187329
w=768 s=2,Random 30% #32,1028,0.0146773132638857,0.0379313069646358,-0.0010589271318226,-0.0232539937007501,0.0157362403957083,True,True,True,,768,2,1187329
w=768 s=2,Random 30% #33,1028,0.0107989019115876,0.061430849998688,0.0414501881167587,-0.0506319480871003,-0.030651286205171,False,False,False,,768,2,1187329
w=768 s=2,Random 30% #34,1028,0.0036708111308466,0.0400913293522994,-0.0550538254187733,-0.0364205182214527,0.05872463654962,True,True,True,,768,2,1187329
w=768 s=2,Random 30% #35,1028,-0.0021279853031231,-0.029529749956437,0.0475055428204808,0.0274017646533139,-0.0496335281236039,True,True,True,,768,2,1187329
w=768 s=2,Random 30% #36,1028,-0.0048226599270606,0.0066647745083246,-0.0145814512031077,-0.0114874344353852,0.009758791276047,True,True,True,,768,2,1187329
w=768 s=2,Random 30% #37,1028,-0.0037446257685728,0.0165997098391389,0.0339975515879472,-0.0203443356077118,-0.0377421773565201,False,False,False,,768,2,1187329
w=768 s=2,Random 30% #38,1028,0.0108722741433021,0.0555789403045291,-0.0055435039495904,-0.0447066661612269,0.0164157780928925,True,True,True,,768,2,1187329
w=768 s=2,Random 30% #39,1028,0.0380230468256006,0.0518017254361066,-0.0044876247223419,-0.013778678610506,0.0425106715479425,True,True,True,,768,2,1187329
w=768 s=2,Random 30% #40,1028,-0.0156995008383602,0.0571205342260199,-0.0146221784118532,-0.0728200350643802,-0.001077322426507,True,False,True,,768,2,1187329
w=768 s=2,Random 30% #41,1028,0.0003191021554961,0.0445631405492019,0.0104539034819467,-0.0442440383937058,-0.0101348013264506,False,False,False,,768,2,1187329
w=768 s=2,Random 30% #42,1028,0.0039796984507742,0.0129135631188732,0.0199611152153242,-0.0089338646680989,-0.01598141676455,False,False,False,,768,2,1187329
w=768 s=2,Random 30% #43,1028,0.0320665445665445,-0.0066390188706523,0.1034657522426912,0.0387055634371969,-0.0713992076761467,True,True,True,,768,2,1187329
w=768 s=2,Random 30% #44,1028,0.014617494198646,0.0324612063444541,-0.0065092257219624,-0.0178437121458081,0.0211267199206085,True,True,True,,768,2,1187329
w=768 s=2,Random 30% #45,1028,-0.010677190889205,0.0680728992564859,-0.0362411492199453,-0.078750090145691,0.0255639583307403,True,True,True,,768,2,1187329
w=768 s=2,Random 30% #46,1028,-0.0211341559464426,0.0331704248996354,0.0137865408981086,-0.054304580846078,-0.0349206968445512,False,False,False,,768,2,1187329
w=768 s=2,Random 30% #47,1028,0.0021068472535741,0.0683891409025909,-0.0199161353000514,-0.0662822936490168,0.0220229825536256,True,True,True,,768,2,1187329
w=768 s=2,Random 30% #48,1028,0.0099373113536103,0.0762656909077913,0.0040813378539783,-0.0663283795541809,0.005855973499632,False,True,True,,768,2,1187329
w=768 s=2,Random 30% #49,1028,-0.0033935788911766,0.0503099474403845,0.0151254226476564,-0.0537035263315612,-0.0185190015388331,False,False,False,,768,2,1187329
w=768 s=2,Random 30% #50,1028,-0.0149638584774062,0.026436108514783,0.0050766179446279,-0.0413999669921893,-0.0200404764220342,False,False,False,,768,2,1187329
