setting,subset,n,difference,explained_menref,explained_womenref,unexplained_menref,unexplained_womenref,explained_flip,unexplained_flip,any_flip,error,n_estimators
trees 10,All Patients,3429,0.0078818040435458,0.0048838079443492,0.0049295248682246,0.0029979960991966,0.0029522791753212,False,False,False,,10
trees 10,ICUType 1.0,490,0.0294939989088925,0.017009600826254,0.0071876244555977,0.0124843980826384,0.0223063744532947,False,False,False,,10
trees 10,ICUType 2.0,643,-0.000975689080413,0.0005399687934111,-0.0024403885607542,-0.0015156578738242,0.0014646994803412,True,True,True,,10
trees 10,ICUType 3.0,1357,-0.0217764843549488,0.0021653574852864,0.0018790840227384,-0.0239418418402352,-0.0236555683776872,False,False,False,,10
trees 10,ICUType 4.0,939,0.0202084035501629,0.0095709946178968,0.0079210388310209,0.010637408932266,0.0122873647191419,False,False,False,,10
trees 10,Age decile 0,374,0.046026807780653,0.0128789201493203,0.0004762964877683,0.0331478876313327,0.0455505112928846,False,False,False,,10
trees 10,Age decile 1,344,0.0273634472301562,0.0073734110650754,-0.0024972315581455,0.0199900361650807,0.0298606787883017,True,False,True,,10
trees 10,Age decile 2,347,0.0042864169770219,0.0042943438029085,0.0072685055587579,-7.926825886572786e-06,-0.0029820885817359,False,False,False,,10
trees 10,Age decile 3,325,0.0096292729898892,0.0058086153709894,0.0052623865183408,0.0038206576188998,0.0043668864715483,False,False,False,,10
trees 10,Age decile 4,372,-0.0152359717577108,-0.0008629610168805,0.0008774571541581,-0.0143730107408303,-0.016113428911869,True,False,True,,10
trees 10,Age decile 5,344,-0.0250497851378262,0.0084183451224392,0.0066989953541007,-0.0334681302602655,-0.031748780491927,False,False,False,,10
trees 10,Age decile 6,397,-0.0004719207173194,0.0027819376599619,-0.0029823803195642,-0.0032538583772814,0.0025104596022448,True,True,True,,10
trees 10,Age decile 7,247,0.0173747705218987,0.0128610017422441,-0.0010914444227778,0.0045137687796546,0.0184662149446766,True,False,True,,10
trees 10,Age decile 8,354,-0.0216450216450216,0.0009506697649563,-0.0083916926682138,-0.0225956914099779,-0.0132533289768077,True,False,True,,10
trees 10,Age decile 9,325,-0.0771864301276066,0.0141116808746282,-0.0056520202450762,-0.0912981110022348,-0.0715344098825303,True,False,True,,10
trees 10,HR quartile 0,877,0.0371049136786188,0.0138262601756796,0.0068152765898432,0.0232786535029392,0.0302896370887756,False,False,False,,10
trees 10,HR quartile 1,917,-0.0169849537037037,0.0036814711798258,-0.001147421458621,-0.0206664248835295,-0.0158375322450826,True,False,True,,10
trees 10,HR quartile 2,816,0.034861311019492,0.0022666821108734,0.0032185630493918,0.0325946289086185,0.0316427479701002,False,False,False,,10
trees 10,HR quartile 3,819,-0.0232600311906863,0.0031828943467548,0.0029560701428949,-0.0264429255374411,-0.0262161013335812,False,False,False,,10
trees 10,MAP quartile 0,877,-0.0141240285818599,0.0040928644305295,0.0030572345820054,-0.0182168930123894,-0.0171812631638653,False,False,False,,10
trees 10,MAP quartile 1,840,0.02392179413456,0.008237819745494,0.0078749637470257,0.015683974389066,0.0160468303875343,False,False,False,,10
trees 10,MAP quartile 2,866,0.0104058609958506,0.0064517610022388,0.0017429510086232,0.0039540999936117,0.0086629099872273,False,False,False,,10
trees 10,MAP quartile 3,846,0.0090927756430939,0.0072395840943343,0.0076084420070967,0.0018531915487595,0.0014843336359972,False,False,False,,10
trees 10,Temp quartile 0,902,0.0068727157158747,0.0096046681716107,0.0039304325322448,-0.0027319524557359,0.0029422831836298,False,True,True,,10
trees 10,Temp quartile 1,864,0.0305627470437901,0.0074859232496949,0.0056161521005531,0.0230768237940952,0.024946594943237,False,False,False,,10
trees 10,Temp quartile 2,838,-0.0036346905912123,0.0024238473040524,0.0039409418513452,-0.0060585378952648,-0.0075756324425576,False,False,False,,10
trees 10,Temp quartile 3,825,-0.0023612750885478,0.0007864695052634,0.0043479372512304,-0.0031477445938112,-0.0067092123397782,False,False,False,,10
trees 10,Urine quartile 0,859,-0.0313289760348584,-0.0019570265823979,0.0018338508981083,-0.0293719494524604,-0.0331628269329667,True,False,True,,10
trees 10,Urine quartile 1,913,-0.0210526315789473,-0.0001361392600811,0.0019234756747501,-0.0209164923188662,-0.0229761072536975,True,False,True,,10
trees 10,Urine quartile 2,802,0.0149901230333403,0.009050811646887,0.0051638851490635,0.0059393113864533,0.0098262378842768,False,False,False,,10
trees 10,Urine quartile 3,855,0.0601118199903958,0.011307711547094,-0.0006398834592747,0.0488041084433017,0.0607517034496705,True,False,True,,10
trees 10,SAPS quartile 0,1025,0.0026756349262149,0.0028732377133672,0.0011872025602548,-0.0001976027871522,0.0014884323659601,False,True,True,,10
trees 10,SAPS quartile 1,946,0.0452124666297511,0.0025067971389527,0.0045972133072192,0.0427056694907984,0.0406152533225319,False,False,False,,10
trees 10,SAPS quartile 2,660,0.0015384615384615,0.0033195588350869,0.0038869567272754,-0.0017810972966253,-0.0023484951888139,False,False,False,,10
trees 10,SAPS quartile 3,798,-0.0389986891196934,0.0101195321807796,0.0079323375026424,-0.0491182213004731,-0.0469310266223359,False,False,False,,10
trees 10,HR > 100,945,-0.0351262896411669,0.0019290492552458,0.0032811555251195,-0.0370553388964128,-0.0384074451662865,False,False,False,,10
trees 10,MAP < 65,697,-0.0279136809159047,0.0028333628137631,0.0018683900530271,-0.0307470437296679,-0.0297820709689319,False,False,False,,10
trees 10,Temp > 38C,267,-0.0430204913392958,0.0050516599901235,0.0046807710293477,-0.0480721513294193,-0.0477012623686435,False,False,False,,10
trees 10,Urine > 1000,210,0.0458952811893988,0.0077927108004005,-0.0013617859754781,0.0381025703889982,0.0472570671648769,True,False,True,,10
trees 10,Random 50% #1,1714,0.0148182289884191,0.0047268883826729,0.002769468298919,0.0100913406057462,0.0120487606895001,False,False,False,,10
trees 10,Random 50% #2,1714,0.0038708396744524,0.0044811488969933,0.0017959767145575,-0.0006103092225409,0.0020748629598949,False,True,True,,10
trees 10,Random 50% #3,1714,0.0221853388658367,0.0051187175785398,0.0052845020106636,0.0170666212872969,0.0169008368551731,False,False,False,,10
trees 10,Random 50% #4,1714,0.0209444740819774,0.0062051391939677,0.00332302278153,0.0147393348880096,0.0176214513004474,False,False,False,,10
trees 10,Random 50% #5,1714,0.025145147627017,0.0050936995892771,0.0051600784678178,0.0200514480377399,0.0199850691591992,False,False,False,,10
trees 10,Random 50% #6,1714,-0.0032358828377694,0.0036009476477619,0.0052529386555297,-0.0068368304855314,-0.0084888214932992,False,False,False,,10
trees 10,Random 50% #7,1714,0.0203886964648963,0.0050248121598301,0.0082530421524317,0.0153638843050662,0.0121356543124646,False,False,False,,10
trees 10,Random 50% #8,1714,-0.0080211409064465,0.007256959341484,0.0066436026179316,-0.0152781002479305,-0.0146647435243782,False,False,False,,10
trees 10,Random 50% #9,1714,-0.0018808498325041,0.0041835406466181,0.0076987056806803,-0.0060643904791223,-0.0095795555131845,False,False,False,,10
trees 10,Random 50% #10,1714,0.0032849222618878,0.0039881466018086,0.0029714132345174,-0.0007032243399207,0.0003135090273704,False,True,True,,10
trees 10,Random 50% #11,1714,0.0064028840624585,0.0041893181083448,0.006597063263759,0.0022135659541137,-0.0001941792013004,False,True,True,,10
trees 10,Random 50% #12,1714,-0.0033234372422892,0.0070560654739273,0.0031282572017251,-0.0103795027162166,-0.0064516944440144,False,False,False,,10
trees 10,Random 50% #13,1714,0.0032517955657333,0.0051657853633499,0.005028272098801,-0.0019139897976166,-0.0017764765330677,False,False,False,,10
trees 10,Random 50% #14,1714,0.0062157191184681,0.0042394547090881,0.0032593036340193,0.00197626440938,0.0029564154844487,False,False,False,,10
trees 10,Random 50% #15,1714,0.0026854501430772,0.0065081663880945,0.0064916522083252,-0.0038227162450173,-0.003806202065248,False,False,False,,10
trees 10,Random 50% #16,1714,0.0188052608311229,0.0036837158714784,0.0043279451635113,0.0151215449596444,0.0144773156676115,False,False,False,,10
trees 10,Random 50% #17,1714,0.0073507410721795,0.0060373535454467,0.0105023127954069,0.0013133875267327,-0.0031515717232274,False,True,True,,10
trees 10,Random 50% #18,1714,0.0251803786741562,0.0044806491469397,0.0059937431737168,0.0206997295272164,0.0191866355004393,False,False,False,,10
trees 10,Random 50% #19,1714,0.0087463233253787,0.0052491976718019,0.0027293463249006,0.0034971256535767,0.0060169770004781,False,False,False,,10
trees 10,Random 50% #20,1714,0.0239488541873964,0.0037391199076241,0.007272920419955,0.0202097342797722,0.0166759337674413,False,False,False,,10
trees 10,Random 50% #21,1714,0.0016605879752431,0.0036821843309173,0.0040934287551807,-0.0020215963556741,-0.0024328407799375,False,False,False,,10
trees 10,Random 50% #22,1714,0.0178287222426975,0.005944343196794,0.0050645322155443,0.0118843790459034,0.0127641900271531,False,False,False,,10
trees 10,Random 50% #23,1714,-0.0051929851771431,0.005449992338939,0.0051105874121437,-0.0106429775160822,-0.0103035725892868,False,False,False,,10
trees 10,Random 50% #24,1714,0.0201698382197979,0.0048057378149369,0.005758404263206,0.0153641004048609,0.0144114339565919,False,False,False,,10
trees 10,Random 50% #25,1714,0.0024135223603308,0.0059677566686202,0.0058051535655206,-0.0035542343082894,-0.0033916312051897,False,False,False,,10
trees 10,Random 50% #26,1714,-0.0063986093578627,0.0035426253977157,0.0035135606603478,-0.0099412347555784,-0.0099121700182105,False,False,False,,10
trees 10,Random 50% #27,1714,-0.0048317683881064,0.0049217031183869,0.0038407071783602,-0.0097534715064934,-0.0086724755664666,False,False,False,,10
trees 10,Random 50% #28,1714,0.0098094573797898,0.0042543491979198,0.0047320292899665,0.00555510818187,0.0050774280898233,False,False,False,,10
trees 10,Random 50% #29,1714,0.0125552608311229,0.005483813350032,0.0043068544947394,0.0070714474810908,0.0082484063363834,False,False,False,,10
trees 10,Random 50% #30,1714,0.0022139615866539,0.0030491583653334,0.0048662832530923,-0.0008351967786794,-0.0026523216664384,False,False,False,,10
trees 10,Random 50% #31,1714,0.0081502190717898,0.0038868109273315,0.0046311908972656,0.0042634081444583,0.0035190281745241,False,False,False,,10
trees 10,Random 50% #32,1714,-0.0092920029904661,0.002897750867071,0.0034993597230664,-0.0121897538575372,-0.0127913627135326,False,False,False,,10
trees 10,Random 50% #33,1714,-0.002514181228832,0.0022348942029252,0.0048257287339276,-0.0047490754317572,-0.0073399099627597,False,False,False,,10
trees 10,Random 50% #34,1714,0.0070180513371488,0.0064356036514157,0.0047982985743169,0.0005824476857331,0.0022197527628319,False,False,False,,10
trees 10,Random 50% #35,1714,0.0093248828878478,0.0045476822187976,0.0072366443880622,0.0047772006690502,0.0020882384997855,False,False,False,,10
trees 10,Random 50% #36,1714,0.016912667846362,0.004097627167812,0.0048223752572557,0.01281504067855,0.0120902925891063,False,False,False,,10
trees 10,Random 50% #37,1714,0.0036653828805384,0.0039386725839443,0.0032289613715784,-0.0002732897034058,0.00043642150896,False,True,True,,10
trees 10,Random 50% #38,1714,0.0021576191788371,0.0053969442363562,0.0067862842024423,-0.0032393250575191,-0.0046286650236052,False,False,False,,10
trees 10,Random 50% #39,1714,0.0170086158804934,0.0017751285814495,0.0055126261441046,0.0152334872990438,0.0114959897363887,False,False,False,,10
trees 10,Random 50% #40,1714,0.018520937100027,0.0058273380752098,0.006942500404901,0.0126935990248172,0.011578436695126,False,False,False,,10
trees 10,Random 50% #41,1714,0.0027199322354597,0.0060908745895987,0.0037067028126094,-0.0033709423541389,-0.0009867705771496,False,False,False,,10
trees 10,Random 50% #42,1714,0.0178900300253214,0.0074653915244833,0.0029173427842303,0.0104246385008381,0.014972687241091,False,False,False,,10
trees 10,Random 50% #43,1714,0.0169958506224066,0.0065396806321945,0.0041575195786863,0.010456169990212,0.0128383310437202,False,False,False,,10
trees 10,Random 50% #44,1714,-0.0080414937759336,0.005417720932869,0.0027775713081264,-0.0134592147088026,-0.01081906508406,False,False,False,,10
trees 10,Random 50% #45,1714,-0.0006684003732017,0.0068428751367915,0.0048376000729466,-0.0075112755099932,-0.0055060004461483,False,False,False,,10
trees 10,Random 50% #46,1714,-0.0127567411871579,0.0063393388188114,0.0078580963763113,-0.0190960800059693,-0.0206148375634693,False,False,False,,10
trees 10,Random 50% #47,1714,-0.0023071888899981,0.004208853179645,0.0069546292056017,-0.0065160420696431,-0.0092618180955998,False,False,False,,10
trees 10,Random 50% #48,1714,0.0007707867678387,0.0060211900169023,0.0059035655811106,-0.0052504032490636,-0.0051327788132718,False,False,False,,10
trees 10,Random 50% #49,1714,-0.0052585890287469,0.0050679425902079,0.0075897537350118,-0.0103265316189549,-0.0128483427637587,False,False,False,,10
trees 10,Random 50% #50,1714,-0.009935439192208,0.001052915588353,0.0027358795694867,-0.010988354780561,-0.0126713187616947,False,False,False,,10
trees 10,Random 30% #1,1028,0.0177032019704433,0.0047565607693541,0.0054631736456402,0.0129466412010891,0.012240028324803,False,False,False,,10
trees 10,Random 30% #2,1028,-0.0188812287552644,4.403170358822928e-05,0.0028879932554043,-0.0189252604588526,-0.0217692220106688,False,False,False,,10
trees 10,Random 30% #3,1028,-0.0136963318843895,0.0014407064527907,0.0001084033747832,-0.0151370383371802,-0.0138047352591727,False,False,False,,10
trees 10,Random 30% #4,1028,0.012612065619632,0.0024656339560048,0.0074357599313587,0.0101464316636272,0.0051763056882733,False,False,False,,10
trees 10,Random 30% #5,1028,0.012955140579904,0.0055315924168655,0.0016170609380191,0.0074235481630384,0.0113380796418849,False,False,False,,10
trees 10,Random 30% #6,1028,0.011061887501678,0.0066199332411648,0.0027734027062701,0.0044419542605132,0.0082884847954079,False,False,False,,10
trees 10,Random 30% #7,1028,-0.0019795447047178,0.0058868921894825,0.0034769904452241,-0.0078664368942004,-0.005456535149942,False,False,False,,10
trees 10,Random 30% #8,1028,-0.0013757582957458,0.0066493915174075,0.0069173632683033,-0.0080251498131534,-0.0082931215640491,False,False,False,,10
trees 10,Random 30% #9,1028,0.0167924069116573,0.0064256854679904,0.00560194730641,0.0103667214436669,0.0111904596052472,False,False,False,,10
trees 10,Random 30% #10,1028,0.0218614718614718,0.0043321055516222,-0.0002848922875729,0.0175293663098495,0.0221463641490448,True,False,True,,10
trees 10,Random 30% #11,1028,0.0036992125742528,0.0062076395874448,0.0001857974230222,-0.002508427013192,0.0035134151512305,False,True,True,,10
trees 10,Random 30% #12,1028,-0.0176439165409753,0.0057756880409697,0.003156068310017,-0.023419604581945,-0.0207999848509923,False,False,False,,10
trees 10,Random 30% #13,1028,0.0061871080085679,0.0046023368072974,0.0060488579250348,0.0015847712012705,0.0001382500835331,False,False,False,,10
trees 10,Random 30% #14,1028,-0.0024039572835282,0.005029279168272,0.0032800144775251,-0.0074332364518003,-0.0056839717610534,False,False,False,,10
trees 10,Random 30% #15,1028,-0.0014797507788162,0.0086716384127318,0.0042074875041517,-0.010151389191548,-0.0056872382829679,False,False,False,,10
trees 10,Random 30% #16,1028,0.006823838043474,0.0049095743325025,0.0012496499457932,0.0019142637109715,0.0055741880976808,False,False,False,,10
trees 10,Random 30% #17,1028,0.0030261642698374,0.004605875210883,0.002718115279656,-0.0015797109410455,0.0003080489901813,False,True,True,,10
trees 10,Random 30% #18,1028,0.008237689744539,0.0033761825242177,0.0042884362518776,0.0048615072203213,0.0039492534926614,False,False,False,,10
trees 10,Random 30% #19,1028,0.0066883064376393,0.0021561293915184,0.0072520951383298,0.0045321770461208,-0.0005637887006904,False,True,True,,10
trees 10,Random 30% #20,1028,-0.0099963316214233,0.004220887912015,0.0057613475792115,-0.0142172195334383,-0.0157576792006348,False,False,False,,10
trees 10,Random 30% #21,1028,0.002277451699682,0.0056502490590708,-0.0010947960004798,-0.0033727973593887,0.0033722477001619,True,True,True,,10
trees 10,Random 30% #22,1028,0.0271739130434782,0.0066030215276935,0.0021335791634476,0.0205708915157847,0.0250403338800306,False,False,False,,10
trees 10,Random 30% #23,1028,0.0053719593676173,0.0070481387314957,0.0017832924108186,-0.0016761793638784,0.0035886669567986,False,True,True,,10
trees 10,Random 30% #24,1028,0.0374355138753044,0.0057825600810231,0.0030200027924875,0.0316529537942813,0.0344155110828169,False,False,False,,10
trees 10,Random 30% #25,1028,0.0207335170659317,0.0067990944940231,0.0065987358861286,0.0139344225719085,0.0141347811798031,False,False,False,,10
trees 10,Random 30% #26,1028,0.000322640117994,0.0039221291222418,0.0002644754133041,-0.0035994890042477,5.816470468994472e-05,False,True,True,,10
trees 10,Random 30% #27,1028,-0.0133699862551543,0.0069008644886233,0.0033159559854673,-0.0202708507437777,-0.0166859422406216,False,False,False,,10
trees 10,Random 30% #28,1028,0.0048546691403834,0.0015358227499211,0.0036632500482917,0.0033188463904622,0.0011914190920916,False,False,False,,10
trees 10,Random 30% #29,1028,0.0132264436461088,0.0051266141213021,0.0023699160359957,0.0080998295248067,0.0108565276101131,False,False,False,,10
trees 10,Random 30% #30,1028,0.0073191060456281,0.0066042482421997,0.0012963941766842,0.0007148578034283,0.0060227118689438,False,False,False,,10
trees 10,Random 30% #31,1028,0.0186572318838355,0.0105764377096503,0.0037108195559105,0.0080807941741851,0.014946412327925,False,False,False,,10
trees 10,Random 30% #32,1028,0.0146773132638857,0.0071013100802453,0.006481558816861,0.0075760031836403,0.0081957544470246,False,False,False,,10
trees 10,Random 30% #33,1028,0.0107989019115876,0.0043381183528365,0.0013862130797356,0.0064607835587511,0.009412688831852,False,False,False,,10
trees 10,Random 30% #34,1028,0.0036708111308466,0.0052515186612037,0.0058261375498258,-0.001580707530357,-0.0021553264189791,False,False,False,,10
trees 10,Random 30% #35,1028,-0.0021279853031231,0.0070017252972865,0.0035361979124794,-0.0091297106004097,-0.0056641832156026,False,False,False,,10
trees 10,Random 30% #36,1028,-0.0048226599270606,0.0062711356760584,0.0051071215258808,-0.011093795603119,-0.0099297814529414,False,False,False,,10
trees 10,Random 30% #37,1028,-0.0037446257685728,0.0071344900506412,0.0074006590066874,-0.0108791158192141,-0.0111452847752603,False,False,False,,10
trees 10,Random 30% #38,1028,0.0108722741433021,0.0048095861105161,0.0100371579914078,0.006062688032786,0.0008351161518943,False,False,False,,10
trees 10,Random 30% #39,1028,0.0380230468256006,0.0034040056338832,0.0060143454648793,0.0346190411917173,0.0320087013607213,False,False,False,,10
trees 10,Random 30% #40,1028,-0.0156995008383602,0.0052118725130288,0.0032919141800857,-0.020911373351389,-0.0189914150184459,False,False,False,,10
trees 10,Random 30% #41,1028,0.0003191021554961,0.005325915974399,0.0018424156305958,-0.0050068138189029,-0.0015233134750997,False,False,False,,10
trees 10,Random 30% #42,1028,0.0039796984507742,0.0023953156585912,0.0071351429318016,0.0015843827921829,-0.0031554444810273,False,True,True,,10
trees 10,Random 30% #43,1028,0.0320665445665445,0.006667673224026,0.0077155996282313,0.0253988713425184,0.0243509449383132,False,False,False,,10
trees 10,Random 30% #44,1028,0.014617494198646,0.0063100449910779,0.0060211820667905,0.008307449207568,0.0085963121318555,False,False,False,,10
trees 10,Random 30% #45,1028,-0.010677190889205,0.0076017500831964,0.0028664722298778,-0.0182789409724014,-0.0135436631190828,False,False,False,,10
trees 10,Random 30% #46,1028,-0.0211341559464426,0.0046570284898965,0.0050425718560626,-0.0257911844363391,-0.0261767278025053,False,False,False,,10
trees 10,Random 30% #47,1028,0.0021068472535741,0.0077469441014017,0.0062468876598292,-0.0056400968478276,-0.004140040406255,False,False,False,,10
trees 10,Random 30% #48,1028,0.0099373113536103,0.008212652257729,0.0068147344797418,0.0017246590958813,0.0031225768738685,False,False,False,,10
trees 10,Random 30% #49,1028,-0.0033935788911766,0.0061519751051811,0.0023378106218644,-0.0095455539963578,-0.0057313895130411,False,False,False,,10
trees 10,Random 30% #50,1028,-0.0149638584774062,0.0087078101200762,0.0049250473598335,-0.0236716685974825,-0.0198889058372398,False,False,False,,10
trees 25,All Patients,3429,0.0078818040435458,0.0087735936521186,0.0095276643380468,-0.0008917896085727,-0.0016458602945009,False,False,False,,25
trees 25,ICUType 1.0,490,0.0294939989088925,0.0316911285079556,0.0209618656689263,-0.0021971295990631,0.0085321332399661,False,True,True,,25
trees 25,ICUType 2.0,643,-0.000975689080413,0.0023341317600262,-0.0009774930707923,-0.0033098208404393,1.803990379273257e-06,True,True,True,,25
trees 25,ICUType 3.0,1357,-0.0217764843549488,0.0030136183272427,0.0040611590303491,-0.0247901026821916,-0.025837643385298,False,False,False,,25
trees 25,ICUType 4.0,939,0.0202084035501629,0.0180188230640743,0.0190878556923054,0.0021895804860885,0.0011205478578574,False,False,False,,25
trees 25,Age decile 0,374,0.046026807780653,0.0214642206753856,0.0020167893764683,0.0245625871052674,0.0440100184041846,False,False,False,,25
trees 25,Age decile 1,344,0.0273634472301562,0.0125948750568994,-0.000930446353996,0.0147685721732568,0.0282938935841522,True,False,True,,25
trees 25,Age decile 2,347,0.0042864169770219,0.007287827525954,0.0109912709786982,-0.003001410548932,-0.0067048540016762,False,False,False,,25
trees 25,Age decile 3,325,0.0096292729898892,0.0088370277714794,0.0078897685131805,0.0007922452184098,0.0017395044767087,False,False,False,,25
trees 25,Age decile 4,372,-0.0152359717577108,0.0009739145640711,-0.0015077350591248,-0.016209886321782,-0.013728236698586,True,False,True,,25
trees 25,Age decile 5,344,-0.0250497851378262,0.0145975355605148,0.0108374802155118,-0.0396473206983411,-0.0358872653533381,False,False,False,,25
trees 25,Age decile 6,397,-0.0004719207173194,0.0060524610756333,-0.0045840836017128,-0.0065243817929528,0.0041121628843933,True,True,True,,25
trees 25,Age decile 7,247,0.0173747705218987,0.0218446394291831,0.0022819965683097,-0.0044698689072843,0.015092773953589,False,True,True,,25
trees 25,Age decile 8,354,-0.0216450216450216,0.0043810658124618,-0.0095507591109886,-0.0260260874574834,-0.012094262534033,True,False,True,,25
trees 25,Age decile 9,325,-0.0771864301276066,0.0202351583033414,-0.0104737109019123,-0.0974215884309481,-0.0667127192256942,True,False,True,,25
trees 25,HR quartile 0,877,0.0371049136786188,0.0262514486035225,0.0181037900118555,0.0108534650750962,0.0190011236667633,False,False,False,,25
trees 25,HR quartile 1,917,-0.0169849537037037,0.0068540705556558,0.0008852664243291,-0.0238390242593595,-0.0178702201280328,False,False,False,,25
trees 25,HR quartile 2,816,0.034861311019492,0.0037053507511632,0.0084752111571722,0.0311559602683288,0.0263860998623197,False,False,False,,25
trees 25,HR quartile 3,819,-0.0232600311906863,0.0044942271819043,0.0084422445317093,-0.0277542583725906,-0.0317022757223956,False,False,False,,25
trees 25,MAP quartile 0,877,-0.0141240285818599,0.0078896862373835,0.0061317783166363,-0.0220137148192434,-0.0202558068984962,False,False,False,,25
trees 25,MAP quartile 1,840,0.02392179413456,0.0176322309888338,0.0158331711674264,0.0062895631457262,0.0080886229671336,False,False,False,,25
trees 25,MAP quartile 2,866,0.0104058609958506,0.0099828323403458,0.0035255221294317,0.0004230286555047,0.0068803388664188,False,False,False,,25
trees 25,MAP quartile 3,846,0.0090927756430939,0.016974864304577,0.0168331295778083,-0.0078820886614831,-0.0077403539347144,False,False,False,,25
trees 25,Temp quartile 0,902,0.0068727157158747,0.0173919110789204,0.0133115883230519,-0.0105191953630457,-0.0064388726071771,False,False,False,,25
trees 25,Temp quartile 1,864,0.0305627470437901,0.0150904655018305,0.010178552825218,0.0154722815419596,0.020384194218572,False,False,False,,25
trees 25,Temp quartile 2,838,-0.0036346905912123,0.0076833502747065,0.0110391604055721,-0.0113180408659188,-0.0146738509967844,False,False,False,,25
trees 25,Temp quartile 3,825,-0.0023612750885478,0.0045969342605446,0.0084178096774946,-0.0069582093490924,-0.0107790847660424,False,False,False,,25
trees 25,Urine quartile 0,859,-0.0313289760348584,0.0010780108448986,0.0016493510531996,-0.032406986879757,-0.032978327088058,False,False,False,,25
trees 25,Urine quartile 1,913,-0.0210526315789473,-0.0023955552653072,0.0032786596584263,-0.0186570763136401,-0.0243312912373736,True,False,True,,25
trees 25,Urine quartile 2,802,0.0149901230333403,0.0152385824547469,0.0118610423677248,-0.0002484594214066,0.0031290806656154,False,True,True,,25
trees 25,Urine quartile 3,855,0.0601118199903958,0.020501905590308,0.0012893979685222,0.0396099144000877,0.0588224220218735,False,False,False,,25
trees 25,SAPS quartile 0,1025,0.0026756349262149,0.004248825869048,0.0033096721869503,-0.0015731909428331,-0.0006340372607353,False,False,False,,25
trees 25,SAPS quartile 1,946,0.0452124666297511,0.0011227740630403,0.0112962172747037,0.0440896925667108,0.0339162493550474,False,False,False,,25
trees 25,SAPS quartile 2,660,0.0015384615384615,0.0076059269238836,0.0032179274725226,-0.0060674653854221,-0.001679465934061,False,False,False,,25
trees 25,SAPS quartile 3,798,-0.0389986891196934,0.0203239379208949,0.0120757243440969,-0.0593226270405884,-0.0510744134637903,False,False,False,,25
trees 25,HR > 100,945,-0.0351262896411669,0.0035124226425971,0.0072951727580677,-0.0386387122837641,-0.0424214623992346,False,False,False,,25
trees 25,MAP < 65,697,-0.0279136809159047,0.0041625204306537,0.0054454729011925,-0.0320762013465585,-0.0333591538170973,False,False,False,,25
trees 25,Temp > 38C,267,-0.0430204913392958,0.0080265950191828,0.0094162740979879,-0.0510470863584786,-0.0524367654372837,False,False,False,,25
trees 25,Urine > 1000,210,0.0458952811893988,0.0190857303363127,-0.0035015648855805,0.0268095508530861,0.0493968460749793,True,False,True,,25
trees 25,Random 50% #1,1714,0.0148182289884191,0.009133551515933,0.0071455314419229,0.0056846774724861,0.0076726975464962,False,False,False,,25
trees 25,Random 50% #2,1714,0.0038708396744524,0.0063012408925526,0.0045742822962232,-0.0024304012181002,-0.0007034426217708,False,False,False,,25
trees 25,Random 50% #3,1714,0.0221853388658367,0.0100173106207866,0.0082733038227958,0.0121680282450501,0.0139120350430409,False,False,False,,25
trees 25,Random 50% #4,1714,0.0209444740819774,0.0109274530465484,0.0075244143516381,0.0100170210354289,0.0134200597303393,False,False,False,,25
trees 25,Random 50% #5,1714,0.025145147627017,0.0107191947013199,0.0109343321233107,0.0144259529256971,0.0142108155037063,False,False,False,,25
trees 25,Random 50% #6,1714,-0.0032358828377694,0.0065317657983565,0.0096184220669362,-0.009767648636126,-0.0128543049047057,False,False,False,,25
trees 25,Random 50% #7,1714,0.0203886964648963,0.0095186601643868,0.0167805474963223,0.0108700363005095,0.0036081489685739,False,False,False,,25
trees 25,Random 50% #8,1714,-0.0080211409064465,0.0117008891159868,0.0113030320486645,-0.0197220300224333,-0.0193241729551111,False,False,False,,25
trees 25,Random 50% #9,1714,-0.0018808498325041,0.0083455301222925,0.014434213680049,-0.0102263799547967,-0.0163150635125532,False,False,False,,25
trees 25,Random 50% #10,1714,0.0032849222618878,0.007979561049455,0.0063150661440686,-0.0046946387875671,-0.0030301438821807,False,False,False,,25
trees 25,Random 50% #11,1714,0.0064028840624585,0.0095172174503642,0.0118677072260287,-0.0031143333879057,-0.0054648231635702,False,False,False,,25
trees 25,Random 50% #12,1714,-0.0033234372422892,0.0123326466512964,0.0055548204608911,-0.0156560838935857,-0.0088782577031804,False,False,False,,25
trees 25,Random 50% #13,1714,0.0032517955657333,0.0099664547461299,0.0110924634686727,-0.0067146591803966,-0.0078406679029393,False,False,False,,25
trees 25,Random 50% #14,1714,0.0062157191184681,0.0093232699220157,0.0076135649732543,-0.0031075508035476,-0.0013978458547861,False,False,False,,25
trees 25,Random 50% #15,1714,0.0026854501430772,0.0132305222967298,0.0108550606511538,-0.0105450721536526,-0.0081696105080765,False,False,False,,25
trees 25,Random 50% #16,1714,0.0188052608311229,0.0076769321060481,0.0100232692087887,0.0111283287250747,0.0087819916223341,False,False,False,,25
trees 25,Random 50% #17,1714,0.0073507410721795,0.009700480984041,0.0177041553087388,-0.0023497399118614,-0.0103534142365593,False,False,False,,25
trees 25,Random 50% #18,1714,0.0251803786741562,0.0089067032012221,0.0116822518801503,0.016273675472934,0.0134981267940058,False,False,False,,25
trees 25,Random 50% #19,1714,0.0087463233253787,0.0087496815330677,0.0048867480010141,-3.35820768893047e-06,0.0038595753243646,False,True,True,,25
trees 25,Random 50% #20,1714,0.0239488541873964,0.0087156774923934,0.0136935800933565,0.0152331766950029,0.0102552740940398,False,False,False,,25
trees 25,Random 50% #21,1714,0.0016605879752431,0.0088359711875984,0.0096442958746833,-0.0071753832123552,-0.0079837078994401,False,False,False,,25
trees 25,Random 50% #22,1714,0.0178287222426975,0.0114324463375896,0.009292183028722,0.0063962759051078,0.0085365392139754,False,False,False,,25
trees 25,Random 50% #23,1714,-0.0051929851771431,0.0099572245731289,0.0113477187483632,-0.015150209750272,-0.0165407039255063,False,False,False,,25
trees 25,Random 50% #24,1714,0.0201698382197979,0.0089363687307978,0.0104994787781404,0.0112334694890001,0.0096703594416574,False,False,False,,25
trees 25,Random 50% #25,1714,0.0024135223603308,0.0123291308470684,0.011502314534672,-0.0099156084867376,-0.0090887921743412,False,False,False,,25
trees 25,Random 50% #26,1714,-0.0063986093578627,0.0054433186804348,0.0070838064870947,-0.0118419280382975,-0.0134824158449574,False,False,False,,25
trees 25,Random 50% #27,1714,-0.0048317683881064,0.0105360101434559,0.0076728263228595,-0.0153677785315624,-0.0125045947109659,False,False,False,,25
trees 25,Random 50% #28,1714,0.0098094573797898,0.0097821683711645,0.0104728783222474,2.7289008625308583e-05,-0.0006634209424576,False,True,True,,25
trees 25,Random 50% #29,1714,0.0125552608311229,0.0076566836864429,0.0091648457214486,0.0048985771446799,0.0033904151096742,False,False,False,,25
trees 25,Random 50% #30,1714,0.0022139615866539,0.0068092361537111,0.0100591287335149,-0.0045952745670572,-0.0078451671468609,False,False,False,,25
trees 25,Random 50% #31,1714,0.0081502190717898,0.0057237163156062,0.0075615070237085,0.0024265027561836,0.0005887120480813,False,False,False,,25
trees 25,Random 50% #32,1714,-0.0092920029904661,0.0058980725226372,0.0086177518143356,-0.0151900755131033,-0.0179097548048018,False,False,False,,25
trees 25,Random 50% #33,1714,-0.002514181228832,0.005033584741398,0.0085811701919609,-0.0075477659702301,-0.0110953514207929,False,False,False,,25
trees 25,Random 50% #34,1714,0.0070180513371488,0.0121213008678581,0.0088133343068262,-0.0051032495307093,-0.0017952829696773,False,False,False,,25
trees 25,Random 50% #35,1714,0.0093248828878478,0.0093854722797821,0.013924428175372,-6.0589391934248726e-05,-0.0045995452875242,False,False,False,,25
trees 25,Random 50% #36,1714,0.016912667846362,0.0093933650502671,0.0106891724570889,0.0075193027960948,0.0062234953892731,False,False,False,,25
trees 25,Random 50% #37,1714,0.0036653828805384,0.0082140103396244,0.0071023867902331,-0.0045486274590859,-0.0034370039096946,False,False,False,,25
trees 25,Random 50% #38,1714,0.0021576191788371,0.0089160113026367,0.0135708191912014,-0.0067583921237995,-0.0114132000123643,False,False,False,,25
trees 25,Random 50% #39,1714,0.0170086158804934,0.005168548320014,0.0101930302403621,0.0118400675604793,0.0068155856401312,False,False,False,,25
trees 25,Random 50% #40,1714,0.018520937100027,0.0107248983067003,0.0126524783965005,0.0077960387933267,0.0058684587035265,False,False,False,,25
trees 25,Random 50% #41,1714,0.0027199322354597,0.0088914631350613,0.0065035140235178,-0.0061715308996016,-0.0037835817880581,False,False,False,,25
trees 25,Random 50% #42,1714,0.0178900300253214,0.013323814501462,0.0054259813824195,0.0045662155238593,0.0124640486429019,False,False,False,,25
trees 25,Random 50% #43,1714,0.0169958506224066,0.0111067632943762,0.0092259847320626,0.0058890873280303,0.0077698658903439,False,False,False,,25
trees 25,Random 50% #44,1714,-0.0080414937759336,0.0103407738254525,0.0044218243435128,-0.0183822676013861,-0.0124633181194464,False,False,False,,25
trees 25,Random 50% #45,1714,-0.0006684003732017,0.0117473065814675,0.010529322928602,-0.0124157069546692,-0.0111977233018037,False,False,False,,25
trees 25,Random 50% #46,1714,-0.0127567411871579,0.0099025718004036,0.0129873542175718,-0.0226593129875615,-0.0257440954047297,False,False,False,,25
trees 25,Random 50% #47,1714,-0.0023071888899981,0.0079977727088289,0.0139341785142731,-0.010304961598827,-0.0162413674042713,False,False,False,,25
trees 25,Random 50% #48,1714,0.0007707867678387,0.0128730207897468,0.0093849918463629,-0.012102234021908,-0.0086142050785241,False,False,False,,25
trees 25,Random 50% #49,1714,-0.0052585890287469,0.0071387220073202,0.0123002139286705,-0.0123973110360671,-0.0175588029574175,False,False,False,,25
trees 25,Random 50% #50,1714,-0.009935439192208,0.0034111073776911,0.0049406292407802,-0.0133465465698991,-0.0148760684329882,False,False,False,,25
trees 25,Random 30% #1,1028,0.0177032019704433,0.007022318656882,0.0147778034686762,0.0106808833135613,0.0029253985017671,False,False,False,,25
trees 25,Random 30% #2,1028,-0.0188812287552644,0.0018491923679624,0.0070990712722457,-0.0207304211232269,-0.0259803000275102,False,False,False,,25
trees 25,Random 30% #3,1028,-0.0136963318843895,0.0022787330307513,0.001722249906991,-0.0159750649151409,-0.0154185817913806,False,False,False,,25
trees 25,Random 30% #4,1028,0.012612065619632,0.0062672218411375,0.0132526359605869,0.0063448437784945,-0.0006405703409548,False,True,True,,25
trees 25,Random 30% #5,1028,0.012955140579904,0.011738425453993,0.0060559995874587,0.001216715125911,0.0068991409924452,False,False,False,,25
trees 25,Random 30% #6,1028,0.011061887501678,0.013031788992212,0.006183492197103,-0.0019699014905339,0.004878395304575,False,True,True,,25
trees 25,Random 30% #7,1028,-0.0019795447047178,0.0112660177467588,0.0073910652497289,-0.0132455624514767,-0.0093706099544468,False,False,False,,25
trees 25,Random 30% #8,1028,-0.0013757582957458,0.013043865245585,0.0113708599782583,-0.0144196235413308,-0.0127466182740042,False,False,False,,25
trees 25,Random 30% #9,1028,0.0167924069116573,0.0089772143581395,0.0097253365542741,0.0078151925535177,0.0070670703573832,False,False,False,,25
trees 25,Random 30% #10,1028,0.0218614718614718,0.0069182775963049,0.0035732035940408,0.0149431942651669,0.018288268267431,False,False,False,,25
trees 25,Random 30% #11,1028,0.0036992125742528,0.0097671880017279,0.0035483405326461,-0.0060679754274751,0.0001508720416066,False,True,True,,25
trees 25,Random 30% #12,1028,-0.0176439165409753,0.0090718436148064,0.0050936976247296,-0.0267157601557818,-0.0227376141657049,False,False,False,,25
trees 25,Random 30% #13,1028,0.0061871080085679,0.0114009237402588,0.012611617632228,-0.0052138157316909,-0.00642450962366,False,False,False,,25
trees 25,Random 30% #14,1028,-0.0024039572835282,0.0114037822412761,0.0093371977065263,-0.0138077395248044,-0.0117411549900545,False,False,False,,25
trees 25,Random 30% #15,1028,-0.0014797507788162,0.0151430701771954,0.0070766558267199,-0.0166228209560116,-0.0085564066055361,False,False,False,,25
trees 25,Random 30% #16,1028,0.006823838043474,0.0109391561605293,0.0016059927469329,-0.0041153181170552,0.0052178452965411,False,True,True,,25
trees 25,Random 30% #17,1028,0.0030261642698374,0.0087098130886948,0.0088876086322342,-0.0056836488188574,-0.0058614443623967,False,False,False,,25
trees 25,Random 30% #18,1028,0.008237689744539,0.0053318426990864,0.0055268688388761,0.0029058470454526,0.0027108209056628,False,False,False,,25
trees 25,Random 30% #19,1028,0.0066883064376393,0.002522982297203,0.0129787472957164,0.0041653241404362,-0.0062904408580771,False,True,True,,25
trees 25,Random 30% #20,1028,-0.0099963316214233,0.0084549134310656,0.0103120759882166,-0.0184512450524889,-0.02030840760964,False,False,False,,25
trees 25,Random 30% #21,1028,0.002277451699682,0.0105356023193415,-0.0012578665208017,-0.0082581506196594,0.0035353182204838,True,True,True,,25
trees 25,Random 30% #22,1028,0.0271739130434782,0.0087366403187171,0.0047885391537262,0.018437272724761,0.022385373889752,False,False,False,,25
trees 25,Random 30% #23,1028,0.0053719593676173,0.0141111841221662,0.0065706296973585,-0.0087392247545488,-0.0011986703297411,False,False,False,,25
trees 25,Random 30% #24,1028,0.0374355138753044,0.0103957169421627,0.0053063836166394,0.0270397969331416,0.0321291302586649,False,False,False,,25
trees 25,Random 30% #25,1028,0.0207335170659317,0.0116877185235671,0.0160998670831686,0.0090457985423645,0.0046336499827631,False,False,False,,25
trees 25,Random 30% #26,1028,0.000322640117994,0.0081913351196811,0.0007613529684708,-0.007868695001687,-0.0004387128504767,False,False,False,,25
trees 25,Random 30% #27,1028,-0.0133699862551543,0.0149107271244261,0.0061594465236371,-0.0282807133795804,-0.0195294327787914,False,False,False,,25
trees 25,Random 30% #28,1028,0.0048546691403834,0.0056904259559985,0.0067512219496435,-0.0008357568156151,-0.0018965528092601,False,False,False,,25
trees 25,Random 30% #29,1028,0.0132264436461088,0.0089093884189925,0.0018800436203352,0.0043170552271163,0.0113464000257736,False,False,False,,25
trees 25,Random 30% #30,1028,0.0073191060456281,0.0149467534785492,0.0047091972935703,-0.0076276474329211,0.0026099087520577,False,True,True,,25
trees 25,Random 30% #31,1028,0.0186572318838355,0.017787628698755,0.008804606872685,0.0008696031850805,0.0098526250111505,False,False,False,,25
trees 25,Random 30% #32,1028,0.0146773132638857,0.0155120862590421,0.0145268431524149,-0.0008347729951564,0.0001504701114707,False,True,True,,25
trees 25,Random 30% #33,1028,0.0107989019115876,0.0072485424964671,0.0040939987017371,0.0035503594151204,0.0067049032098505,False,False,False,,25
trees 25,Random 30% #34,1028,0.0036708111308466,0.0085362989135646,0.0099912045287701,-0.004865487782718,-0.0063203933979234,False,False,False,,25
trees 25,Random 30% #35,1028,-0.0021279853031231,0.0106303075449375,0.0092951646771576,-0.0127582928480606,-0.0114231499802807,False,False,False,,25
trees 25,Random 30% #36,1028,-0.0048226599270606,0.0111048246260505,0.0084800897194911,-0.0159274845531112,-0.0133027496465517,False,False,False,,25
trees 25,Random 30% #37,1028,-0.0037446257685728,0.0129775874970956,0.013758183300108,-0.0167222132656684,-0.0175028090686808,False,False,False,,25
trees 25,Random 30% #38,1028,0.0108722741433021,0.0091991684737838,0.0160681178084229,0.0016731056695183,-0.0051958436651207,False,True,True,,25
trees 25,Random 30% #39,1028,0.0380230468256006,0.006141774058881,0.0113676563256216,0.0318812727667195,0.0266553904999789,False,False,False,,25
trees 25,Random 30% #40,1028,-0.0156995008383602,0.012234716504737,0.0079995252727763,-0.0279342173430972,-0.0236990261111366,False,False,False,,25
trees 25,Random 30% #41,1028,0.0003191021554961,0.0100378251162818,0.0026889265008608,-0.0097187229607857,-0.0023698243453647,False,False,False,,25
trees 25,Random 30% #42,1028,0.0039796984507742,0.0035043159785407,0.0130921757533254,0.0004753824722334,-0.0091124773025512,False,True,True,,25
trees 25,Random 30% #43,1028,0.0320665445665445,0.0129465837052639,0.0161511797833191,0.0191199608612805,0.0159153647832253,False,False,False,,25
trees 25,Random 30% #44,1028,0.014617494198646,0.0118140242019482,0.0106450196393232,0.0028034699966978,0.0039724745593228,False,False,False,,25
trees 25,Random 30% #45,1028,-0.010677190889205,0.013298145857282,0.0073375483581645,-0.023975336746487,-0.0180147392473695,False,False,False,,25
trees 25,Random 30% #46,1028,-0.0211341559464426,0.0087332880438884,0.0105500831408887,-0.029867443990331,-0.0316842390873313,False,False,False,,25
trees 25,Random 30% #47,1028,0.0021068472535741,0.0138715071071466,0.0118957307882063,-0.0117646598535725,-0.0097888835346321,False,False,False,,25
trees 25,Random 30% #48,1028,0.0099373113536103,0.0134161244050301,0.0107087234777107,-0.0034788130514197,-0.0007714121241003,False,False,False,,25
trees 25,Random 30% #49,1028,-0.0033935788911766,0.0109415685978591,0.0045740395178127,-0.0143351474890358,-0.0079676184089894,False,False,False,,25
trees 25,Random 30% #50,1028,-0.0149638584774062,0.0201102079126882,0.0085538345995785,-0.0350740663900945,-0.0235176930769848,False,False,False,,25
trees 50,All Patients,3429,0.0078818040435458,0.0119636229526168,0.0157694035092935,-0.0040818189090709,-0.0078875994657476,False,False,False,,50
trees 50,ICUType 1.0,490,0.0294939989088925,0.0434053810521659,0.030849420530818,-0.0139113821432734,-0.0013554216219255,False,False,False,,50
trees 50,ICUType 2.0,643,-0.000975689080413,0.0004063574389094,0.0011666968498699,-0.0013820465193225,-0.002142385930283,False,False,False,,50
trees 50,ICUType 3.0,1357,-0.0217764843549488,0.0040881950643926,0.0048594917431872,-0.0258646794193415,-0.026635976098136,False,False,False,,50
trees 50,ICUType 4.0,939,0.0202084035501629,0.0228892634160805,0.0286131111728988,-0.0026808598659176,-0.0084047076227359,False,False,False,,50
trees 50,Age decile 0,374,0.046026807780653,0.0268288086649198,0.0001517362841502,0.0191979991157331,0.0458750714965027,False,False,False,,50
trees 50,Age decile 1,344,0.0273634472301562,0.0164620299168776,-0.0032130843887861,0.0109014173132785,0.0305765316189423,True,False,True,,50
trees 50,Age decile 2,347,0.0042864169770219,0.0075299931291154,0.0212097631626165,-0.0032435761520935,-0.0169233461855945,False,False,False,,50
trees 50,Age decile 3,325,0.0096292729898892,0.0178372146030539,0.0101139629699135,-0.0082079416131647,-0.0004846899800242,False,False,False,,50
trees 50,Age decile 4,372,-0.0152359717577108,0.0037328039196644,-0.0031964953864891,-0.0189687756773753,-0.0120394763712217,True,False,True,,50
trees 50,Age decile 5,344,-0.0250497851378262,0.0185932489667435,0.0154498183964892,-0.0436430341045697,-0.0404996035343155,False,False,False,,50
trees 50,Age decile 6,397,-0.0004719207173194,0.0103394548322689,-0.0063435375697492,-0.0108113755495884,0.0058716168524297,True,True,True,,50
trees 50,Age decile 7,247,0.0173747705218987,0.029472375244885,0.0054600111927193,-0.0120976047229862,0.0119147593291794,False,True,True,,50
trees 50,Age decile 8,354,-0.0216450216450216,0.0014976627189359,-0.0113674639605483,-0.0231426843639576,-0.0102775576844732,True,False,True,,50
trees 50,Age decile 9,325,-0.0771864301276066,0.0255627389095776,-0.0143255997707715,-0.1027491690371843,-0.0628608303568351,True,False,True,,50
trees 50,HR quartile 0,877,0.0371049136786188,0.0352407038443849,0.0258748460480099,0.0018642098342339,0.0112300676306088,False,False,False,,50
trees 50,HR quartile 1,917,-0.0169849537037037,0.0097884568654451,0.0042078405756641,-0.0267734105691488,-0.0211927942793678,False,False,False,,50
trees 50,HR quartile 2,816,0.034861311019492,0.0088146173365611,0.0112880060195185,0.0260466936829308,0.0235733049999735,False,False,False,,50
trees 50,HR quartile 3,819,-0.0232600311906863,0.0097976622095036,0.0100876724184147,-0.0330576934001899,-0.033347703609101,False,False,False,,50
trees 50,MAP quartile 0,877,-0.0141240285818599,0.0097234278590501,0.0040999336103954,-0.0238474564409101,-0.0182239621922553,False,False,False,,50
trees 50,MAP quartile 1,840,0.02392179413456,0.0217251352364944,0.0218233275578034,0.0021966588980656,0.0020984665767566,False,False,False,,50
trees 50,MAP quartile 2,866,0.0104058609958506,0.0127406967881124,0.0021278112392718,-0.0023348357922617,0.0082780497565787,False,True,True,,50
trees 50,MAP quartile 3,846,0.0090927756430939,0.0254464738083312,0.0235203764373321,-0.0163536981652373,-0.0144276007942382,False,False,False,,50
trees 50,Temp quartile 0,902,0.0068727157158747,0.0241422988344134,0.0186046138985934,-0.0172695831185387,-0.0117318981827186,False,False,False,,50
trees 50,Temp quartile 1,864,0.0305627470437901,0.0188212328810155,0.0133303791060547,0.0117415141627746,0.0172323679377353,False,False,False,,50
trees 50,Temp quartile 2,838,-0.0036346905912123,0.01169986924007,0.0116580795838637,-0.0153345598312823,-0.015292770175076,False,False,False,,50
trees 50,Temp quartile 3,825,-0.0023612750885478,0.0023590192434791,0.009209192563574,-0.0047202943320269,-0.0115704676521218,False,False,False,,50
trees 50,Urine quartile 0,859,-0.0313289760348584,0.0042882543886668,-0.0017250812349106,-0.0356172304235252,-0.0296038947999477,True,False,True,,50
trees 50,Urine quartile 1,913,-0.0210526315789473,-0.0026816584407522,0.0041122089100012,-0.018370973138195,-0.0251648404889486,True,False,True,,50
trees 50,Urine quartile 2,802,0.0149901230333403,0.021331263572054,0.0156537223802703,-0.0063411405387137,-0.00066359934693,False,False,False,,50
trees 50,Urine quartile 3,855,0.0601118199903958,0.0267777948591027,0.002010350493378,0.033334025131293,0.0581014694970178,False,False,False,,50
trees 50,SAPS quartile 0,1025,0.0026756349262149,0.0068351238938755,0.0062277666937444,-0.0041594889676606,-0.0035521317675294,False,False,False,,50
trees 50,SAPS quartile 1,946,0.0452124666297511,0.0042413100496934,0.0153576148527289,0.0409711565800577,0.0298548517770222,False,False,False,,50
trees 50,SAPS quartile 2,660,0.0015384615384615,0.0099466414968125,0.0063504357234789,-0.0084081799583509,-0.0048119741850174,False,False,False,,50
trees 50,SAPS quartile 3,798,-0.0389986891196934,0.0264745030619389,0.0161171228331124,-0.0654731921816324,-0.0551158119528059,False,False,False,,50
trees 50,HR > 100,945,-0.0351262896411669,0.0075102897164325,0.0097943271840658,-0.0426365793575994,-0.0449206168252328,False,False,False,,50
trees 50,MAP < 65,697,-0.0279136809159047,0.006755383205862,0.0019997087744898,-0.0346690641217668,-0.0299133896903946,False,False,False,,50
trees 50,Temp > 38C,267,-0.0430204913392958,0.0137402587337762,0.0081771054786665,-0.056760750073072,-0.0511975968179623,False,False,False,,50
trees 50,Urine > 1000,210,0.0458952811893988,0.0263486948579492,-0.0062796902086082,0.0195465863314496,0.052174971398007,True,False,True,,50
trees 50,Random 50% #1,1714,0.0148182289884191,0.0123938932421453,0.0114078409731889,0.0024243357462738,0.0034103880152302,False,False,False,,50
trees 50,Random 50% #2,1714,0.0038708396744524,0.0113863496003603,0.008018751900972,-0.0075155099259078,-0.0041479122265195,False,False,False,,50
trees 50,Random 50% #3,1714,0.0221853388658367,0.0150827318854516,0.0114304631214542,0.0071026069803851,0.0107548757443825,False,False,False,,50
trees 50,Random 50% #4,1714,0.0209444740819774,0.0164049757654305,0.0120292714252571,0.0045394983165469,0.0089152026567203,False,False,False,,50
trees 50,Random 50% #5,1714,0.025145147627017,0.015076926006736,0.0160237570585472,0.010068221620281,0.0091213905684698,False,False,False,,50
trees 50,Random 50% #6,1714,-0.0032358828377694,0.0087383571705376,0.0146159785135188,-0.0119742400083071,-0.0178518613512883,False,False,False,,50
trees 50,Random 50% #7,1714,0.0203886964648963,0.0123674468943097,0.0212636251906786,0.0080212495705865,-0.0008749287257822,False,True,True,,50
trees 50,Random 50% #8,1714,-0.0080211409064465,0.0168687457845686,0.0182624933103282,-0.0248898866910151,-0.0262836342167747,False,False,False,,50
trees 50,Random 50% #9,1714,-0.0018808498325041,0.0107927222981943,0.0197242634851463,-0.0126735721306985,-0.0216051133176505,False,False,False,,50
trees 50,Random 50% #10,1714,0.0032849222618878,0.01011089772196,0.0096744321192493,-0.0068259754600721,-0.0063895098573614,False,False,False,,50
trees 50,Random 50% #11,1714,0.0064028840624585,0.0150381722985365,0.0175162997625447,-0.008635288236078,-0.0111134157000862,False,False,False,,50
trees 50,Random 50% #12,1714,-0.0033234372422892,0.0174142181670252,0.0098728721219454,-0.0207376554093145,-0.0131963093642347,False,False,False,,50
trees 50,Random 50% #13,1714,0.0032517955657333,0.0142018192695835,0.015404540431179,-0.0109500237038502,-0.0121527448654457,False,False,False,,50
trees 50,Random 50% #14,1714,0.0062157191184681,0.0106592890673284,0.0098398334410518,-0.0044435699488602,-0.0036241143225837,False,False,False,,50
trees 50,Random 50% #15,1714,0.0026854501430772,0.0170163271460688,0.0146829422440723,-0.0143308770029916,-0.0119974921009951,False,False,False,,50
trees 50,Random 50% #16,1714,0.0188052608311229,0.0129457550346283,0.0132207180581703,0.0058595057964945,0.0055845427729525,False,False,False,,50
trees 50,Random 50% #17,1714,0.0073507410721795,0.0123840515749471,0.0228822068235861,-0.0050333105027675,-0.0155314657514065,False,False,False,,50
trees 50,Random 50% #18,1714,0.0251803786741562,0.0121466672039945,0.0185536691568607,0.0130337114701616,0.0066267095172954,False,False,False,,50
trees 50,Random 50% #19,1714,0.0087463233253787,0.0116144182065912,0.0079418969049994,-0.0028680948812124,0.0008044264203793,False,True,True,,50
trees 50,Random 50% #20,1714,0.0239488541873964,0.0104799141262839,0.0199524801451681,0.0134689400611125,0.0039963740422282,False,False,False,,50
trees 50,Random 50% #21,1714,0.0016605879752431,0.0114544855032892,0.0158897807467547,-0.0097938975280461,-0.0142291927715116,False,False,False,,50
trees 50,Random 50% #22,1714,0.0178287222426975,0.0172961886429389,0.0153026781156004,0.0005325335997585,0.002526044127097,False,False,False,,50
trees 50,Random 50% #23,1714,-0.0051929851771431,0.0118929266078398,0.014139054934134,-0.017085911784983,-0.0193320401112771,False,False,False,,50
trees 50,Random 50% #24,1714,0.0201698382197979,0.0114046906193061,0.016386077620152,0.0087651476004917,0.0037837605996459,False,False,False,,50
trees 50,Random 50% #25,1714,0.0024135223603308,0.0171983198675083,0.0156510718279376,-0.0147847975071775,-0.0132375494676067,False,False,False,,50
trees 50,Random 50% #26,1714,-0.0063986093578627,0.007707449244539,0.009728835227439,-0.0141060586024017,-0.0161274445853017,False,False,False,,50
trees 50,Random 50% #27,1714,-0.0048317683881064,0.0143106808363325,0.0107195924688422,-0.0191424492244389,-0.0155513608569486,False,False,False,,50
trees 50,Random 50% #28,1714,0.0098094573797898,0.0118970857445379,0.0152976812043403,-0.0020876283647481,-0.0054882238245504,False,False,False,,50
trees 50,Random 50% #29,1714,0.0125552608311229,0.0096599340894622,0.0128931093277536,0.0028953267416606,-0.0003378484966307,False,True,True,,50
trees 50,Random 50% #30,1714,0.0022139615866539,0.0097993705596612,0.0158843605966523,-0.0075854089730072,-0.0136703990099984,False,False,False,,50
trees 50,Random 50% #31,1714,0.0081502190717898,0.0080082584790853,0.0097449679963802,0.0001419605927044,-0.0015947489245903,False,True,True,,50
trees 50,Random 50% #32,1714,-0.0092920029904661,0.0066688205641221,0.0139378914097308,-0.0159608235545882,-0.023229894400197,False,False,False,,50
trees 50,Random 50% #33,1714,-0.002514181228832,0.006226596368845,0.0132615904902652,-0.0087407775976771,-0.0157757717190972,False,False,False,,50
trees 50,Random 50% #34,1714,0.0070180513371488,0.015037616452071,0.0102812030558541,-0.0080195651149222,-0.0032631517187053,False,False,False,,50
trees 50,Random 50% #35,1714,0.0093248828878478,0.0153222827677614,0.0185064537834492,-0.0059973998799135,-0.0091815708956013,False,False,False,,50
trees 50,Random 50% #36,1714,0.016912667846362,0.0095583071650482,0.0142701150961642,0.0073543606813137,0.0026425527501977,False,False,False,,50
trees 50,Random 50% #37,1714,0.0036653828805384,0.0101558133456498,0.0122485243083431,-0.0064904304651113,-0.0085831414278046,False,False,False,,50
trees 50,Random 50% #38,1714,0.0021576191788371,0.0142187128676325,0.0214701731837659,-0.0120610936887954,-0.0193125540049288,False,False,False,,50
trees 50,Random 50% #39,1714,0.0170086158804934,0.0074671298212809,0.0148710055057809,0.0095414860592124,0.0021376103747124,False,False,False,,50
trees 50,Random 50% #40,1714,0.018520937100027,0.0155052774019844,0.0191429727704887,0.0030156596980426,-0.0006220356704616,False,True,True,,50
trees 50,Random 50% #41,1714,0.0027199322354597,0.01249554252414,0.0118185921757167,-0.0097756102886802,-0.0090986599402569,False,False,False,,50
trees 50,Random 50% #42,1714,0.0178900300253214,0.0165242178479831,0.0091524862922145,0.0013658121773382,0.0087375437331068,False,False,False,,50
trees 50,Random 50% #43,1714,0.0169958506224066,0.0151449215884525,0.0135090766049931,0.0018509290339541,0.0034867740174134,False,False,False,,50
trees 50,Random 50% #44,1714,-0.0080414937759336,0.0125378895963994,0.0083414099539422,-0.020579383372333,-0.0163829037298758,False,False,False,,50
trees 50,Random 50% #45,1714,-0.0006684003732017,0.0177168836753239,0.0154596792385331,-0.0183852840485257,-0.0161280796117348,False,False,False,,50
trees 50,Random 50% #46,1714,-0.0127567411871579,0.0121983484286385,0.0162910155058808,-0.0249550896157964,-0.0290477566930388,False,False,False,,50
trees 50,Random 50% #47,1714,-0.0023071888899981,0.0116557284388025,0.0183449540382172,-0.0139629173288007,-0.0206521429282153,False,False,False,,50
trees 50,Random 50% #48,1714,0.0007707867678387,0.0175433579450048,0.0140048506504495,-0.0167725711771661,-0.0132340638826108,False,False,False,,50
trees 50,Random 50% #49,1714,-0.0052585890287469,0.009565100349004,0.0168354977507686,-0.0148236893777509,-0.0220940867795156,False,False,False,,50
trees 50,Random 50% #50,1714,-0.009935439192208,0.0054907923672481,0.0055834949048194,-0.0154262315594561,-0.0155189340970275,False,False,False,,50
trees 50,Random 30% #1,1028,0.0177032019704433,0.0105905036107072,0.0221804459282515,0.007112698359736,-0.0044772439578082,False,True,True,,50
trees 50,Random 30% #2,1028,-0.0188812287552644,0.0035192204689303,0.0115031681302959,-0.0224004492241947,-0.0303843968855604,False,False,False,,50
trees 50,Random 30% #3,1028,-0.0136963318843895,0.0016991816610518,0.001765757639759,-0.0153955135454413,-0.0154620895241486,False,False,False,,50
trees 50,Random 30% #4,1028,0.012612065619632,0.0092547349305964,0.0140573873038355,0.0033573306890356,-0.0014453216842034,False,True,True,,50
trees 50,Random 30% #5,1028,0.012955140579904,0.0139025802768405,0.0100068986882387,-0.0009474396969364,0.0029482418916652,False,True,True,,50
trees 50,Random 30% #6,1028,0.011061887501678,0.0186635552108455,0.0092727416259149,-0.0076016677091675,0.0017891458757631,False,True,True,,50
trees 50,Random 30% #7,1028,-0.0019795447047178,0.0188609454288541,0.0137900775688703,-0.020840490133572,-0.0157696222735882,False,False,False,,50
trees 50,Random 30% #8,1028,-0.0013757582957458,0.0159386243780775,0.0189334970383564,-0.0173143826738234,-0.0203092553341023,False,False,False,,50
trees 50,Random 30% #9,1028,0.0167924069116573,0.0086944382460948,0.0133293740894038,0.0080979686655624,0.0034630328222534,False,False,False,,50
trees 50,Random 30% #10,1028,0.0218614718614718,0.0106494995832774,0.0065358566620197,0.0112119722781943,0.015325615199452,False,False,False,,50
trees 50,Random 30% #11,1028,0.0036992125742528,0.0125593310018036,0.0041359125480742,-0.0088601184275507,-0.0004366999738213,False,False,False,,50
trees 50,Random 30% #12,1028,-0.0176439165409753,0.0113207772631683,0.0040414690699329,-0.0289646938041436,-0.0216853856109082,False,False,False,,50
trees 50,Random 30% #13,1028,0.0061871080085679,0.016472883720219,0.0172165543557794,-0.0102857757116511,-0.0110294463472115,False,False,False,,50
trees 50,Random 30% #14,1028,-0.0024039572835282,0.0145310953482722,0.0125617137976845,-0.0169350526318005,-0.0149656710812128,False,False,False,,50
trees 50,Random 30% #15,1028,-0.0014797507788162,0.0216907532696504,0.0103577459654611,-0.0231705040484666,-0.0118374967442773,False,False,False,,50
trees 50,Random 30% #16,1028,0.006823838043474,0.0145727881875924,0.0030929367816285,-0.0077489501441184,0.0037309012618454,False,True,True,,50
trees 50,Random 30% #17,1028,0.0030261642698374,0.0162410671958701,0.0111789897973932,-0.0132149029260327,-0.0081528255275557,False,False,False,,50
trees 50,Random 30% #18,1028,0.008237689744539,0.0061279598937977,0.0077450960431136,0.0021097298507412,0.0004925937014254,False,False,False,,50
trees 50,Random 30% #19,1028,0.0066883064376393,0.0021557747515762,0.0155969921844483,0.004532531686063,-0.008908685746809,False,True,True,,50
trees 50,Random 30% #20,1028,-0.0099963316214233,0.0119193056391041,0.0141571357627436,-0.0219156372605274,-0.024153467384167,False,False,False,,50
trees 50,Random 30% #21,1028,0.002277451699682,0.0157207504102054,-0.0022382210451798,-0.0134432987105233,0.0045156727448619,True,True,True,,50
trees 50,Random 30% #22,1028,0.0271739130434782,0.0130728582486017,0.0095956057350596,0.0141010547948765,0.0175783073084186,False,False,False,,50
trees 50,Random 30% #23,1028,0.0053719593676173,0.0207540894463399,0.0125665674929092,-0.0153821300787226,-0.0071946081252918,False,False,False,,50
trees 50,Random 30% #24,1028,0.0374355138753044,0.0157620892605387,0.0074398720506686,0.0216734246147656,0.0299956418246358,False,False,False,,50
trees 50,Random 30% #25,1028,0.0207335170659317,0.0152927971354542,0.0237271232475586,0.0054407199304774,-0.0029936061816269,False,True,True,,50
trees 50,Random 30% #26,1028,0.000322640117994,0.0137454840470121,-0.0025173582817952,-0.013422843929018,0.0028399983997893,True,True,True,,50
trees 50,Random 30% #27,1028,-0.0133699862551543,0.0233014140679117,0.0100348952699275,-0.036671400323066,-0.0234048815250818,False,False,False,,50
trees 50,Random 30% #28,1028,0.0048546691403834,0.0063573859148211,0.0112192442788683,-0.0015027167744377,-0.0063645751384849,False,False,False,,50
trees 50,Random 30% #29,1028,0.0132264436461088,0.0101604514480835,0.0033168454809651,0.0030659921980253,0.0099095981651437,False,False,False,,50
trees 50,Random 30% #30,1028,0.0073191060456281,0.0142100039155913,0.0077263888182198,-0.0068908978699632,-0.0004072827725917,False,False,False,,50
trees 50,Random 30% #31,1028,0.0186572318838355,0.0229178190296338,0.0136974438663026,-0.0042605871457982,0.0049597880175329,False,True,True,,50
trees 50,Random 30% #32,1028,0.0146773132638857,0.0226048088321655,0.0180599910164909,-0.0079274955682798,-0.0033826777526052,False,False,False,,50
trees 50,Random 30% #33,1028,0.0107989019115876,0.0113368347982524,0.0069258804738245,-0.0005379328866648,0.003873021437763,False,True,True,,50
trees 50,Random 30% #34,1028,0.0036708111308466,0.0112471348324282,0.0162048944687202,-0.0075763237015815,-0.0125340833378735,False,False,False,,50
trees 50,Random 30% #35,1028,-0.0021279853031231,0.0153347094060792,0.0132755241203375,-0.0174626947092023,-0.0154035094234606,False,False,False,,50
trees 50,Random 30% #36,1028,-0.0048226599270606,0.0165119601675523,0.0124465251913335,-0.021334620094613,-0.0172691851183941,False,False,False,,50
trees 50,Random 30% #37,1028,-0.0037446257685728,0.0196288775205965,0.0198688716959396,-0.0233735032891694,-0.0236134974645124,False,False,False,,50
trees 50,Random 30% #38,1028,0.0108722741433021,0.0121329541842676,0.0217171663649357,-0.0012606800409654,-0.0108448922216335,False,False,False,,50
trees 50,Random 30% #39,1028,0.0380230468256006,0.0068047101555755,0.0149627068070204,0.031218336670025,0.0230603400185802,False,False,False,,50
trees 50,Random 30% #40,1028,-0.0156995008383602,0.0152021199491649,0.0117424336912898,-0.0309016207875252,-0.02744193452965,False,False,False,,50
trees 50,Random 30% #41,1028,0.0003191021554961,0.01074996161951,0.0029466983017256,-0.0104308594640139,-0.0026275961462295,False,False,False,,50
trees 50,Random 30% #42,1028,0.0039796984507742,0.0079976527717171,0.0163080021375,-0.0040179543209429,-0.0123283036867258,False,False,False,,50
trees 50,Random 30% #43,1028,0.0320665445665445,0.021127081770957,0.0191420897070468,0.0109394627955875,0.0129244548594976,False,False,False,,50
trees 50,Random 30% #44,1028,0.014617494198646,0.0149747386354555,0.016490914917908,-0.0003572444368095,-0.0018734207192619,False,False,False,,50
trees 50,Random 30% #45,1028,-0.010677190889205,0.0139499820748375,0.0090530510880861,-0.0246271729640425,-0.0197302419772911,False,False,False,,50
trees 50,Random 30% #46,1028,-0.0211341559464426,0.015185985795862,0.0135054363486737,-0.0363201417423047,-0.0346395922951164,False,False,False,,50
trees 50,Random 30% #47,1028,0.0021068472535741,0.0222299586719986,0.0155304534981648,-0.0201231114184245,-0.0134236062445906,False,False,False,,50
trees 50,Random 30% #48,1028,0.0099373113536103,0.0190817635394381,0.0160054398804675,-0.0091444521858277,-0.0060681285268572,False,False,False,,50
trees 50,Random 30% #49,1028,-0.0033935788911766,0.0142868132253985,0.0055550724612846,-0.0176803921165752,-0.0089486513524613,False,False,False,,50
trees 50,Random 30% #50,1028,-0.0149638584774062,0.0241495596361695,0.0106829512754507,-0.0391134181135758,-0.025646809752857,False,False,False,,50
trees 100,All Patients,3429,0.0078818040435458,0.0142590052889473,0.0184848460835661,-0.0063772012454014,-0.0106030420400202,False,False,False,,100
trees 100,ICUType 1.0,490,0.0294939989088925,0.0533505367977362,0.0356039538907064,-0.0238565378888437,-0.0061099549818139,False,False,False,,100
trees 100,ICUType 2.0,643,-0.000975689080413,0.0019022635265934,0.0028897845241476,-0.0028779526070064,-0.0038654736045607,False,False,False,,100
trees 100,ICUType 3.0,1357,-0.0217764843549488,0.0041928481265458,0.001665654833363,-0.0259693324814946,-0.0234421391883118,False,False,False,,100
trees 100,ICUType 4.0,939,0.0202084035501629,0.0277765075082596,0.0359983957189396,-0.0075681039580967,-0.0157899921687767,False,False,False,,100
trees 100,Age decile 0,374,0.046026807780653,0.0361036748033503,-0.0029235143745534,0.0099231329773027,0.0489503221552064,True,False,True,,100
trees 100,Age decile 1,344,0.0273634472301562,0.0233276946238255,-0.0051924891466867,0.0040357526063307,0.0325559363768429,True,False,True,,100
trees 100,Age decile 2,347,0.0042864169770219,0.0044432794293696,0.021712848985856,-0.0001568624523476,-0.017426432008834,False,False,False,,100
trees 100,Age decile 3,325,0.0096292729898892,0.0297579115707755,0.0020938535930734,-0.0201286385808862,0.0075354193968157,False,True,True,,100
trees 100,Age decile 4,372,-0.0152359717577108,0.010868295391593,-0.0072680978156039,-0.0261042671493039,-0.0079678739421069,True,False,True,,100
trees 100,Age decile 5,344,-0.0250497851378262,0.0247770315109875,0.0119796473120599,-0.0498268166488137,-0.0370294324498861,False,False,False,,100
trees 100,Age decile 6,397,-0.0004719207173194,0.0184675105021138,-0.0174179844142462,-0.0189394312194333,0.0169460636969267,True,True,True,,100
trees 100,Age decile 7,247,0.0173747705218987,0.0394466740332999,0.0028866866208786,-0.0220719035114011,0.0144880839010201,False,True,True,,100
trees 100,Age decile 8,354,-0.0216450216450216,0.0013324038629536,-0.0118031556372669,-0.0229774255079753,-0.0098418660077547,True,False,True,,100
trees 100,Age decile 9,325,-0.0771864301276066,0.0305003848888033,-0.0223215494346635,-0.1076868150164099,-0.0548648806929431,True,False,True,,100
trees 100,HR quartile 0,877,0.0371049136786188,0.0399088468360077,0.0300774475478654,-0.0028039331573889,0.0070274661307533,False,True,True,,100
trees 100,HR quartile 1,917,-0.0169849537037037,0.0109221143953079,0.0059880793876486,-0.0279070680990116,-0.0229730330913523,False,False,False,,100
trees 100,HR quartile 2,816,0.034861311019492,0.0145606506313789,0.0108083441209247,0.0203006603881131,0.0240529668985673,False,False,False,,100
trees 100,HR quartile 3,819,-0.0232600311906863,0.0111042140747425,0.0110553733969808,-0.0343642452654288,-0.0343154045876671,False,False,False,,100
trees 100,MAP quartile 0,877,-0.0141240285818599,0.0132100343691885,0.0071824614017809,-0.0273340629510484,-0.0213064899836408,False,False,False,,100
trees 100,MAP quartile 1,840,0.02392179413456,0.0282427215367628,0.0230618395891346,-0.0043209274022027,0.0008599545454254,False,True,True,,100
trees 100,MAP quartile 2,866,0.0104058609958506,0.018710795809279,0.0013820098992787,-0.0083049348134284,0.0090238510965718,False,True,True,,100
trees 100,MAP quartile 3,846,0.0090927756430939,0.0363422367914982,0.0273981613872424,-0.0272494611484043,-0.0183053857441485,False,False,False,,100
trees 100,Temp quartile 0,902,0.0068727157158747,0.0300646104377905,0.019299883898463,-0.0231918947219157,-0.0124271681825882,False,False,False,,100
trees 100,Temp quartile 1,864,0.0305627470437901,0.0251664431389404,0.0105932627419627,0.0053963039048497,0.0199694843018274,False,False,False,,100
trees 100,Temp quartile 2,838,-0.0036346905912123,0.0127233227404348,0.0109451203278799,-0.0163580133316471,-0.0145798109190923,False,False,False,,100
trees 100,Temp quartile 3,825,-0.0023612750885478,0.0071041582460855,0.0070736816967333,-0.0094654333346333,-0.0094349567852811,False,False,False,,100
trees 100,Urine quartile 0,859,-0.0313289760348584,0.0079875249263053,-0.0068004796856279,-0.0393165009611637,-0.0245284963492304,True,False,True,,100
trees 100,Urine quartile 1,913,-0.0210526315789473,-0.0038654407517017,0.0058574063440508,-0.0171871908272456,-0.0269100379229982,True,False,True,,100
trees 100,Urine quartile 2,802,0.0149901230333403,0.0235915585584193,0.0193252773184245,-0.008601435525079,-0.0043351542850842,False,False,False,,100
trees 100,Urine quartile 3,855,0.0601118199903958,0.0297109309364983,0.0043289982769023,0.0304008890538974,0.0557828217134934,False,False,False,,100
trees 100,SAPS quartile 0,1025,0.0026756349262149,0.0115906022618626,0.0034406729608019,-0.0089149673356477,-0.0007650380345869,False,False,False,,100
trees 100,SAPS quartile 1,946,0.0452124666297511,0.0070864744308498,0.0133589694551418,0.0381259921989013,0.0318534971746093,False,False,False,,100
trees 100,SAPS quartile 2,660,0.0015384615384615,0.0095314440955049,0.0072072191794331,-0.0079929825570434,-0.0056687576409715,False,False,False,,100
trees 100,SAPS quartile 3,798,-0.0389986891196934,0.0354305226895313,0.0201496998000243,-0.0744292118092248,-0.0591483889197178,False,False,False,,100
trees 100,HR > 100,945,-0.0351262896411669,0.0102419015264314,0.0083003692285429,-0.0453681911675984,-0.0434266588697099,False,False,False,,100
trees 100,MAP < 65,697,-0.0279136809159047,0.0059697902834196,-0.0025126189759469,-0.0338834711993244,-0.0254010619399578,True,False,True,,100
trees 100,Temp > 38C,267,-0.0430204913392958,0.0150572993458042,0.0055802805561369,-0.0580777906851,-0.0486007718954327,False,False,False,,100
trees 100,Urine > 1000,210,0.0458952811893988,0.0399179476308476,-0.0083329190142481,0.0059773335585511,0.054228200203647,True,False,True,,100
trees 100,Random 50% #1,1714,0.0148182289884191,0.0187276211967477,0.0150927753787743,-0.0039093922083285,-0.0002745463903551,False,False,False,,100
trees 100,Random 50% #2,1714,0.0038708396744524,0.0136049879906003,0.0097069438541678,-0.0097341483161479,-0.0058361041797153,False,False,False,,100
trees 100,Random 50% #3,1714,0.0221853388658367,0.0164756546921018,0.0141191297010782,0.0057096841737349,0.0080662091647585,False,False,False,,100
trees 100,Random 50% #4,1714,0.0209444740819774,0.017996328930321,0.0152019107169906,0.0029481451516563,0.0057425633649867,False,False,False,,100
trees 100,Random 50% #5,1714,0.025145147627017,0.0190886176321946,0.0199967413282468,0.0060565299948223,0.0051484062987702,False,False,False,,100
trees 100,Random 50% #6,1714,-0.0032358828377694,0.0121305850930145,0.0158282321013268,-0.015366467930784,-0.0190641149390963,False,False,False,,100
trees 100,Random 50% #7,1714,0.0203886964648963,0.0159735962504086,0.0228269233216112,0.0044151002144876,-0.0024382268567148,False,True,True,,100
trees 100,Random 50% #8,1714,-0.0080211409064465,0.0214621643019544,0.0225073480055085,-0.0294833052084009,-0.0305284889119551,False,False,False,,100
trees 100,Random 50% #9,1714,-0.0018808498325041,0.0154916243727378,0.026358116757788,-0.017372474205242,-0.0282389665902922,False,False,False,,100
trees 100,Random 50% #10,1714,0.0032849222618878,0.0103758942509473,0.0106382354599071,-0.0070909719890595,-0.0073533131980192,False,False,False,,100
trees 100,Random 50% #11,1714,0.0064028840624585,0.0198870774037345,0.0220153980944005,-0.013484193341276,-0.0156125140319419,False,False,False,,100
trees 100,Random 50% #12,1714,-0.0033234372422892,0.0205069427383468,0.0130495533885472,-0.023830379980636,-0.0163729906308365,False,False,False,,100
trees 100,Random 50% #13,1714,0.0032517955657333,0.0161599606385167,0.0182957364498259,-0.0129081650727834,-0.0150439408840926,False,False,False,,100
trees 100,Random 50% #14,1714,0.0062157191184681,0.0117853008663835,0.0101498151240776,-0.0055695817479153,-0.0039340960056095,False,False,False,,100
trees 100,Random 50% #15,1714,0.0026854501430772,0.0208962440535464,0.0185488274645887,-0.0182107939104691,-0.0158633773215115,False,False,False,,100
trees 100,Random 50% #16,1714,0.0188052608311229,0.016946972295391,0.0139350431361898,0.0018582885357318,0.004870217694933,False,False,False,,100
trees 100,Random 50% #17,1714,0.0073507410721795,0.0139579163794321,0.0246354995688713,-0.0066071753072526,-0.0172847584966917,False,False,False,,100
trees 100,Random 50% #18,1714,0.0251803786741562,0.0189072704320669,0.020209861854903,0.0062731082420892,0.0049705168192532,False,False,False,,100
trees 100,Random 50% #19,1714,0.0087463233253787,0.0140686228845606,0.0074535739846069,-0.0053222995591818,0.0012927493407718,False,True,True,,100
trees 100,Random 50% #20,1714,0.0239488541873964,0.0155373741152193,0.0258078257379168,0.008411480072177,-0.0018589715505204,False,True,True,,100
trees 100,Random 50% #21,1714,0.0016605879752431,0.0117836830535981,0.020410811731297,-0.010123095078355,-0.0187502237560538,False,False,False,,100
trees 100,Random 50% #22,1714,0.0178287222426975,0.021384967149082,0.0200442604030784,-0.0035562449063845,-0.0022155381603808,False,False,False,,100
trees 100,Random 50% #23,1714,-0.0051929851771431,0.0146885515288073,0.0182854097688853,-0.0198815367059505,-0.0234783949460284,False,False,False,,100
trees 100,Random 50% #24,1714,0.0201698382197979,0.0142013069833371,0.019380331485163,0.0059685312364607,0.0007895067346349,False,False,False,,100
trees 100,Random 50% #25,1714,0.0024135223603308,0.0214185566012035,0.0204400297926656,-0.0190050342408727,-0.0180265074323347,False,False,False,,100
trees 100,Random 50% #26,1714,-0.0063986093578627,0.0070936547355881,0.0111481164168831,-0.0134922640934508,-0.0175467257747458,False,False,False,,100
trees 100,Random 50% #27,1714,-0.0048317683881064,0.0164935073841728,0.011002366809307,-0.0213252757722793,-0.0158341351974134,False,False,False,,100
trees 100,Random 50% #28,1714,0.0098094573797898,0.0163080446474213,0.0200280909377336,-0.0064985872676314,-0.0102186335579437,False,False,False,,100
trees 100,Random 50% #29,1714,0.0125552608311229,0.0125651574159869,0.0120902976590175,-9.896584864083067e-06,0.0004649631721053,False,True,True,,100
trees 100,Random 50% #30,1714,0.0022139615866539,0.0136045379668839,0.0158488599218224,-0.01139057638023,-0.0136348983351684,False,False,False,,100
trees 100,Random 50% #31,1714,0.0081502190717898,0.0117591653871585,0.0111485671152517,-0.0036089463153687,-0.0029983480434619,False,False,False,,100
trees 100,Random 50% #32,1714,-0.0092920029904661,0.008370934038505,0.0148917164222926,-0.0176629370289712,-0.0241837194127588,False,False,False,,100
trees 100,Random 50% #33,1714,-0.002514181228832,0.0094096575758717,0.0166266218875479,-0.0119238388047037,-0.0191408031163799,False,False,False,,100
trees 100,Random 50% #34,1714,0.0070180513371488,0.0161084517921443,0.0102382336389054,-0.0090904004549955,-0.0032201823017566,False,False,False,,100
trees 100,Random 50% #35,1714,0.0093248828878478,0.0220340929127003,0.0216891880316434,-0.0127092100248525,-0.0123643051437955,False,False,False,,100
trees 100,Random 50% #36,1714,0.016912667846362,0.0113731128316539,0.0165768071501226,0.005539555014708,0.0003358606962393,False,False,False,,100
trees 100,Random 50% #37,1714,0.0036653828805384,0.0128794902900402,0.0125979537305084,-0.0092141074095017,-0.0089325708499699,False,False,False,,100
trees 100,Random 50% #38,1714,0.0021576191788371,0.0189646145357827,0.0254499447280548,-0.0168069953569456,-0.0232923255492177,False,False,False,,100
trees 100,Random 50% #39,1714,0.0170086158804934,0.0096003910844944,0.0168734078691381,0.0074082247959989,0.0001352080113552,False,False,False,,100
trees 100,Random 50% #40,1714,0.018520937100027,0.0210883613726486,0.0214572658372103,-0.0025674242726215,-0.0029363287371832,False,False,False,,100
trees 100,Random 50% #41,1714,0.0027199322354597,0.0162828349863065,0.0145016226653751,-0.0135629027508468,-0.0117816904299154,False,False,False,,100
trees 100,Random 50% #42,1714,0.0178900300253214,0.0216172977892533,0.0128374654502418,-0.0037272677639319,0.0050525645750795,False,True,True,,100
trees 100,Random 50% #43,1714,0.0169958506224066,0.0201334590830558,0.0141091418189317,-0.0031376084606491,0.0028867088034749,False,True,True,,100
trees 100,Random 50% #44,1714,-0.0080414937759336,0.0162244320587715,0.0104069425935649,-0.0242659258347051,-0.0184484363694985,False,False,False,,100
trees 100,Random 50% #45,1714,-0.0006684003732017,0.0200114588685804,0.0146765766589913,-0.0206798592417821,-0.015344977032193,False,False,False,,100
trees 100,Random 50% #46,1714,-0.0127567411871579,0.0194909015895784,0.0194087627586729,-0.0322476427767364,-0.0321655039458308,False,False,False,,100
trees 100,Random 50% #47,1714,-0.0023071888899981,0.0159488446699487,0.0223107267240957,-0.0182560335599468,-0.0246179156140938,False,False,False,,100
trees 100,Random 50% #48,1714,0.0007707867678387,0.0211278608011005,0.0181318828902179,-0.0203570740332617,-0.0173610961223792,False,False,False,,100
trees 100,Random 50% #49,1714,-0.0052585890287469,0.0101302558227712,0.0184242774101506,-0.0153888448515182,-0.0236828664388975,False,False,False,,100
trees 100,Random 50% #50,1714,-0.009935439192208,0.0097925381215992,0.0069223605205359,-0.0197279773138072,-0.0168577997127439,False,False,False,,100
trees 100,Random 30% #1,1028,0.0177032019704433,0.0155599835507681,0.0238561800188869,0.0021432184196751,-0.0061529780484436,False,True,True,,100
trees 100,Random 30% #2,1028,-0.0188812287552644,0.0065636201545791,0.015265454735051,-0.0254448489098435,-0.0341466834903154,False,False,False,,100
trees 100,Random 30% #3,1028,-0.0136963318843895,0.0017731223978976,0.0017781645625566,-0.0154694542822872,-0.0154744964469461,False,False,False,,100
trees 100,Random 30% #4,1028,0.012612065619632,0.0095972509816045,0.0150101863360279,0.0030148146380274,-0.0023981207163959,False,True,True,,100
trees 100,Random 30% #5,1028,0.012955140579904,0.0197734979767419,0.0124914480682891,-0.0068183573968378,0.0004636925116149,False,True,True,,100
trees 100,Random 30% #6,1028,0.011061887501678,0.0240526834032466,0.0146653334367309,-0.0129907959015685,-0.0036034459350528,False,False,False,,100
trees 100,Random 30% #7,1028,-0.0019795447047178,0.0199488868835932,0.018706216167441,-0.0219284315883111,-0.0206857608721589,False,False,False,,100
trees 100,Random 30% #8,1028,-0.0013757582957458,0.0179958688769148,0.0204036239428873,-0.0193716271726606,-0.0217793822386332,False,False,False,,100
trees 100,Random 30% #9,1028,0.0167924069116573,0.0130028279299216,0.0145131720748712,0.0037895789817356,0.0022792348367861,False,False,False,,100
trees 100,Random 30% #10,1028,0.0218614718614718,0.0117600872324769,0.0071112521365688,0.0101013846289949,0.014750219724903,False,False,False,,100
trees 100,Random 30% #11,1028,0.0036992125742528,0.0169055455221948,0.0049476441652498,-0.013206332947942,-0.001248431590997,False,False,False,,100
trees 100,Random 30% #12,1028,-0.0176439165409753,0.0157224843931717,0.0033319238959461,-0.0333664009341471,-0.0209758404369215,False,False,False,,100
trees 100,Random 30% #13,1028,0.0061871080085679,0.0243033995761487,0.0218202258692605,-0.0181162915675808,-0.0156331178606926,False,False,False,,100
trees 100,Random 30% #14,1028,-0.0024039572835282,0.0147215725424407,0.0126094046237142,-0.017125529825969,-0.0150133619072425,False,False,False,,100
trees 100,Random 30% #15,1028,-0.0014797507788162,0.0284875806992455,0.010467176781416,-0.0299673314780617,-0.0119469275602322,False,False,False,,100
trees 100,Random 30% #16,1028,0.006823838043474,0.0177037789710431,0.0047525326019429,-0.0108799409275691,0.0020713054415311,False,True,True,,100
trees 100,Random 30% #17,1028,0.0030261642698374,0.020776022664142,0.0121144400158818,-0.0177498583943045,-0.0090882757460444,False,False,False,,100
trees 100,Random 30% #18,1028,0.008237689744539,0.0095987769132717,0.0087697111130152,-0.0013610871687327,-0.0005320213684761,False,False,False,,100
trees 100,Random 30% #19,1028,0.0066883064376393,0.0050455736127335,0.014140749598456,0.0016427328249057,-0.0074524431608167,False,True,True,,100
trees 100,Random 30% #20,1028,-0.0099963316214233,0.013238279375902,0.0179325684907016,-0.0232346109973253,-0.027928900112125,False,False,False,,100
trees 100,Random 30% #21,1028,0.002277451699682,0.0188532298109426,-0.0036900631285989,-0.0165757781112606,0.005967514828281,True,True,True,,100
trees 100,Random 30% #22,1028,0.0271739130434782,0.0124504831542568,0.0108147764456984,0.0147234298892214,0.0163591365977797,False,False,False,,100
trees 100,Random 30% #23,1028,0.0053719593676173,0.026855515108191,0.0171929818764253,-0.0214835557405737,-0.0118210225088079,False,False,False,,100
trees 100,Random 30% #24,1028,0.0374355138753044,0.0177582781060307,0.0071728531366096,0.0196772357692737,0.0302626607386947,False,False,False,,100
trees 100,Random 30% #25,1028,0.0207335170659317,0.0183721934294017,0.026414677239907,0.0023613236365299,-0.0056811601739753,False,True,True,,100
trees 100,Random 30% #26,1028,0.000322640117994,0.0205000773983247,-0.0050859968356546,-0.0201774372803306,0.0054086369536487,True,True,True,,100
trees 100,Random 30% #27,1028,-0.0133699862551543,0.026707366403722,0.0104826757656479,-0.0400773526588763,-0.0238526620208022,False,False,False,,100
trees 100,Random 30% #28,1028,0.0048546691403834,0.0092328482476249,0.0153444836275846,-0.0043781791072415,-0.0104898144872012,False,False,False,,100
trees 100,Random 30% #29,1028,0.0132264436461088,0.0108752114909516,0.0021822810371924,0.0023512321551572,0.0110441626089164,False,False,False,,100
trees 100,Random 30% #30,1028,0.0073191060456281,0.0183182008300009,0.0122883852653349,-0.0109990947843728,-0.0049692792197068,False,False,False,,100
trees 100,Random 30% #31,1028,0.0186572318838355,0.0293326518138277,0.0170969032406737,-0.0106754199299922,0.0015603286431618,False,True,True,,100
trees 100,Random 30% #32,1028,0.0146773132638857,0.0294488648306568,0.0179323323048978,-0.014771551566771,-0.0032550190410121,False,False,False,,100
trees 100,Random 30% #33,1028,0.0107989019115876,0.0192201488320808,0.0068986851151287,-0.0084212469204932,0.0039002167964588,False,True,True,,100
trees 100,Random 30% #34,1028,0.0036708111308466,0.0142044987447908,0.0193353191423191,-0.0105336876139441,-0.0156645080114724,False,False,False,,100
trees 100,Random 30% #35,1028,-0.0021279853031231,0.0161467061315327,0.0152084872499564,-0.0182746914346558,-0.0173364725530795,False,False,False,,100
trees 100,Random 30% #36,1028,-0.0048226599270606,0.0190207466428793,0.0150796564511355,-0.02384340656994,-0.0199023163781961,False,False,False,,100
trees 100,Random 30% #37,1028,-0.0037446257685728,0.023135856670366,0.0187720671991199,-0.0268804824389389,-0.0225166929676928,False,False,False,,100
trees 100,Random 30% #38,1028,0.0108722741433021,0.0136435565225072,0.0310263447355003,-0.002771282379205,-0.0201540705921981,False,False,False,,100
trees 100,Random 30% #39,1028,0.0380230468256006,0.0048130281840584,0.0138692816242928,0.0332100186415421,0.0241537652013077,False,False,False,,100
trees 100,Random 30% #40,1028,-0.0156995008383602,0.0154794745276317,0.0137383723246386,-0.031178975365992,-0.0294378731629988,False,False,False,,100
trees 100,Random 30% #41,1028,0.0003191021554961,0.0144249704434154,0.0015761929023141,-0.0141058682879193,-0.001257090746818,False,False,False,,100
trees 100,Random 30% #42,1028,0.0039796984507742,0.0111818155700594,0.0221745898813179,-0.0072021171192851,-0.0181948914305437,False,False,False,,100
trees 100,Random 30% #43,1028,0.0320665445665445,0.0245702154157166,0.0234400949710684,0.0074963291508278,0.0086264495954761,False,False,False,,100
trees 100,Random 30% #44,1028,0.014617494198646,0.0167925259356072,0.0166341977354414,-0.0021750317369612,-0.0020167035367953,False,False,False,,100
trees 100,Random 30% #45,1028,-0.010677190889205,0.0191393294189953,0.0065860457498566,-0.0298165203082003,-0.0172632366390616,False,False,False,,100
trees 100,Random 30% #46,1028,-0.0211341559464426,0.0199898014966878,0.0144284606600489,-0.0411239574431305,-0.0355626166064915,False,False,False,,100
trees 100,Random 30% #47,1028,0.0021068472535741,0.0286465467766868,0.0186518781432325,-0.0265396995231127,-0.0165450308896584,False,False,False,,100
trees 100,Random 30% #48,1028,0.0099373113536103,0.0238491177115401,0.0185620377560943,-0.0139118063579297,-0.0086247264024839,False,False,False,,100
trees 100,Random 30% #49,1028,-0.0033935788911766,0.0203014750187452,0.0068750143039357,-0.0236950539099219,-0.0102685931951124,False,False,False,,100
trees 100,Random 30% #50,1028,-0.0149638584774062,0.0269137817272495,0.0137312425153465,-0.0418776402046558,-0.0286951009927528,False,False,False,,100
trees 250,All Patients,3429,0.0078818040435458,0.0174719237386407,0.0198898668355564,-0.0095901196950949,-0.0120080627920106,False,False,False,,250
trees 250,ICUType 1.0,490,0.0294939989088925,0.0659864133680724,0.0293336203107187,-0.0364924144591799,0.0001603785981737,False,True,True,,250
trees 250,ICUType 2.0,643,-0.000975689080413,0.0090272757613519,6.582455698350698e-05,-0.0100029648417649,-0.0010415136373965,False,False,False,,250
trees 250,ICUType 3.0,1357,-0.0217764843549488,0.0092188786913881,-0.0074837630159799,-0.0309953630463369,-0.0142927213389688,True,False,True,,250
trees 250,ICUType 4.0,939,0.0202084035501629,0.0359615600303803,0.0299399939526607,-0.0157531564802174,-0.0097315904024978,False,False,False,,250
trees 250,Age decile 0,374,0.046026807780653,0.0484471101011101,-0.0162261433199898,-0.0024203023204571,0.0622529511006429,True,True,True,,250
trees 250,Age decile 1,344,0.0273634472301562,0.0349771363505854,-0.0144445817080925,-0.0076136891204292,0.0418080289382487,True,True,True,,250
trees 250,Age decile 2,347,0.0042864169770219,0.0046567307730289,0.0215667379780761,-0.0003703137960069,-0.0172803210010542,False,False,False,,250
trees 250,Age decile 3,325,0.0096292729898892,0.0428925315031007,-0.0108243194218075,-0.0332632585132114,0.0204535924116968,True,True,True,,250
trees 250,Age decile 4,372,-0.0152359717577108,0.0218792590702873,-0.0178623565618711,-0.0371152308279982,0.0026263848041602,True,True,True,,250
trees 250,Age decile 5,344,-0.0250497851378262,0.0346469684896521,0.0116737141005261,-0.0596967536274784,-0.0367234992383523,False,False,False,,250
trees 250,Age decile 6,397,-0.0004719207173194,0.0311231759463956,-0.0351170393993876,-0.0315950966637151,0.0346451186820681,True,True,True,,250
trees 250,Age decile 7,247,0.0173747705218987,0.0537666105556652,-0.0028001289279987,-0.0363918400337664,0.0201748994498975,True,True,True,,250
trees 250,Age decile 8,354,-0.0216450216450216,0.0115893732216128,-0.0177774463819197,-0.0332343948666345,-0.0038675752631019,True,False,True,,250
trees 250,Age decile 9,325,-0.0771864301276066,0.0529218621828372,-0.0255157789863284,-0.1301082923104438,-0.0516706511412781,True,False,True,,250
trees 250,HR quartile 0,877,0.0371049136786188,0.0516180390522816,0.0211807536355307,-0.0145131253736627,0.0159241600430881,False,True,True,,250
trees 250,HR quartile 1,917,-0.0169849537037037,0.0137667605427311,-0.0015769848617276,-0.0307517142464348,-0.015407968841976,True,False,True,,250
trees 250,HR quartile 2,816,0.034861311019492,0.0293596966331298,0.0038173290214986,0.0055016143863622,0.0310439819979933,False,False,False,,250
trees 250,HR quartile 3,819,-0.0232600311906863,0.0214003469498231,0.0071349939166157,-0.0446603781405094,-0.030395025107302,False,False,False,,250
trees 250,MAP quartile 0,877,-0.0141240285818599,0.0218348587177515,-0.0017428689534999,-0.0359588872996114,-0.0123811596283599,True,False,True,,250
trees 250,MAP quartile 1,840,0.02392179413456,0.0394101701923065,0.0183123606828171,-0.0154883760577464,0.0056094334517429,False,True,True,,250
trees 250,MAP quartile 2,866,0.0104058609958506,0.025102358625881,-0.0059412008171191,-0.0146964976300303,0.0163470618129698,True,True,True,,250
trees 250,MAP quartile 3,846,0.0090927756430939,0.0472738235134283,0.0287631797894152,-0.0381810478703344,-0.0196704041463213,False,False,False,,250
trees 250,Temp quartile 0,902,0.0068727157158747,0.0433153822191225,0.0107440895503944,-0.0364426665032477,-0.0038713738345196,False,False,False,,250
trees 250,Temp quartile 1,864,0.0305627470437901,0.0331800134273954,-0.0013198389527712,-0.0026172663836052,0.0318825859965614,True,True,True,,250
trees 250,Temp quartile 2,838,-0.0036346905912123,0.0237237414201627,0.0066698545073337,-0.0273584320113751,-0.0103045450985461,False,False,False,,250
trees 250,Temp quartile 3,825,-0.0023612750885478,0.0159515093736033,-0.0033138183925802,-0.0183127844621511,0.0009525433040324,True,True,True,,250
trees 250,Urine quartile 0,859,-0.0313289760348584,0.0287640493884195,-0.0187206601425736,-0.0600930254232779,-0.0126083158922847,True,False,True,,250
trees 250,Urine quartile 1,913,-0.0210526315789473,-0.0005209876156319,-0.0016598062018828,-0.0205316439633154,-0.0193928253770645,False,False,False,,250
trees 250,Urine quartile 2,802,0.0149901230333403,0.0338894905793172,0.0120786214125744,-0.0188993675459768,0.0029115016207658,False,True,True,,250
trees 250,Urine quartile 3,855,0.0601118199903958,0.0401884374891822,-0.0025057153046913,0.0199233825012135,0.0626175352950871,True,False,True,,250
trees 250,SAPS quartile 0,1025,0.0026756349262149,0.0206578063666877,-0.0035824030705108,-0.0179821714404727,0.0062580379967257,True,True,True,,250
trees 250,SAPS quartile 1,946,0.0452124666297511,0.017147455203453,-0.0046585541719475,0.0280650114262981,0.0498710208016987,True,False,True,,250
trees 250,SAPS quartile 2,660,0.0015384615384615,0.0214284454050581,-0.0019944692985154,-0.0198899838665966,0.003532930836977,True,True,True,,250
trees 250,SAPS quartile 3,798,-0.0389986891196934,0.0447095418107731,0.0245621599477197,-0.0837082309304665,-0.0635608490674132,False,False,False,,250
trees 250,HR > 100,945,-0.0351262896411669,0.0221535538919318,-0.0001884399027641,-0.0572798435330988,-0.0349378497384028,True,False,True,,250
trees 250,MAP < 65,697,-0.0279136809159047,0.0146249537428994,-0.0107780807275226,-0.0425386346588042,-0.0171356001883821,True,False,True,,250
trees 250,Temp > 38C,267,-0.0430204913392958,0.0327819481926151,0.0014756524506738,-0.075802439531911,-0.0444961437899696,False,False,False,,250
trees 250,Urine > 1000,210,0.0458952811893988,0.0498748526421349,-0.0139200151970209,-0.003979571452736,0.0598152963864197,True,True,True,,250
trees 250,Random 50% #1,1714,0.0148182289884191,0.0227709876308977,0.0128725695755347,-0.0079527586424785,0.0019456594128844,False,True,True,,250
trees 250,Random 50% #2,1714,0.0038708396744524,0.020809550717524,0.0061008062414383,-0.0169387110430715,-0.0022299665669859,False,False,False,,250
trees 250,Random 50% #3,1714,0.0221853388658367,0.0176205980881757,0.0079878883081131,0.004564740777661,0.0141974505577236,False,False,False,,250
trees 250,Random 50% #4,1714,0.0209444740819774,0.0250750124902314,0.0128653133046063,-0.004130538408254,0.008079160777371,False,True,True,,250
trees 250,Random 50% #5,1714,0.025145147627017,0.0233752029327863,0.0209877484499406,0.0017699446942307,0.0041573991770764,False,False,False,,250
trees 250,Random 50% #6,1714,-0.0032358828377694,0.0202203988615437,0.0143341388257666,-0.0234562816993132,-0.0175700216635361,False,False,False,,250
trees 250,Random 50% #7,1714,0.0203886964648963,0.0209010874152343,0.0206809103055134,-0.000512390950338,-0.000292213840617,False,False,False,,250
trees 250,Random 50% #8,1714,-0.0080211409064465,0.0266840337025069,0.0209795344790711,-0.0347051746089535,-0.0290006753855177,False,False,False,,250
trees 250,Random 50% #9,1714,-0.0018808498325041,0.0257851676861439,0.0222582051337974,-0.0276660175186481,-0.0241390549663016,False,False,False,,250
trees 250,Random 50% #10,1714,0.0032849222618878,0.01562854004154,0.0052936981806651,-0.0123436177796522,-0.0020087759187772,False,False,False,,250
trees 250,Random 50% #11,1714,0.0064028840624585,0.0251839494166403,0.0191059981789065,-0.0187810653541818,-0.0127031141164479,False,False,False,,250
trees 250,Random 50% #12,1714,-0.0033234372422892,0.0291612812654807,0.0117859886460328,-0.03248471850777,-0.0151094258883221,False,False,False,,250
trees 250,Random 50% #13,1714,0.0032517955657333,0.0182593831696714,0.0172766721890557,-0.0150075876039381,-0.0140248766233224,False,False,False,,250
trees 250,Random 50% #14,1714,0.0062157191184681,0.015662114342749,0.003404268239285,-0.0094463952242808,0.0028114508791831,False,True,True,,250
trees 250,Random 50% #15,1714,0.0026854501430772,0.0251084802810239,0.0158795688798607,-0.0224230301379466,-0.0131941187367835,False,False,False,,250
trees 250,Random 50% #16,1714,0.0188052608311229,0.0286492679321298,0.0087259771423595,-0.0098440071010069,0.0100792836887633,False,True,True,,250
trees 250,Random 50% #17,1714,0.0073507410721795,0.0183927666354309,0.0245215185067214,-0.0110420255632514,-0.0171707774345419,False,False,False,,250
trees 250,Random 50% #18,1714,0.0251803786741562,0.0301573651615184,0.0200770880227125,-0.0049769864873622,0.0051032906514436,False,True,True,,250
trees 250,Random 50% #19,1714,0.0087463233253787,0.0219704064519606,0.00248535899245,-0.0132240831265818,0.0062609643329287,False,True,True,,250
trees 250,Random 50% #20,1714,0.0239488541873964,0.0205746466726536,0.0272814599652322,0.0033742075147427,-0.0033326057778358,False,True,True,,250
trees 250,Random 50% #21,1714,0.0016605879752431,0.0108752258636057,0.0188606235420184,-0.0092146378883626,-0.0172000355667753,False,False,False,,250
trees 250,Random 50% #22,1714,0.0178287222426975,0.0260357887114557,0.0168339477977239,-0.0082070664687582,0.0009947744449735,False,True,True,,250
trees 250,Random 50% #23,1714,-0.0051929851771431,0.0200583305871084,0.0171390263011308,-0.0252513157642515,-0.0223320114782739,False,False,False,,250
trees 250,Random 50% #24,1714,0.0201698382197979,0.0203326934275688,0.0170819701406322,-0.0001628552077709,0.0030878680791657,False,True,True,,250
trees 250,Random 50% #25,1714,0.0024135223603308,0.027059200007011,0.0188393568423018,-0.0246456776466801,-0.0164258344819709,False,False,False,,250
trees 250,Random 50% #26,1714,-0.0063986093578627,0.0086780902834608,0.0080770891835527,-0.0150766996413235,-0.0144756985414154,False,False,False,,250
trees 250,Random 50% #27,1714,-0.0048317683881064,0.0238671702801474,0.0060712276762901,-0.0286989386682539,-0.0109029960643965,False,False,False,,250
trees 250,Random 50% #28,1714,0.0098094573797898,0.0183197808578299,0.0181701415362226,-0.00851032347804,-0.0083606841564327,False,False,False,,250
trees 250,Random 50% #29,1714,0.0125552608311229,0.0193845279315733,0.0042021237960567,-0.0068292671004504,0.0083531370350661,False,True,True,,250
trees 250,Random 50% #30,1714,0.0022139615866539,0.019331029592017,0.0138190349538549,-0.017117068005363,-0.011605073367201,False,False,False,,250
trees 250,Random 50% #31,1714,0.0081502190717898,0.0210117629295403,0.0070463144693122,-0.0128615438577505,0.0011039046024775,False,True,True,,250
trees 250,Random 50% #32,1714,-0.0092920029904661,0.0156768445697426,0.0142792015288635,-0.0249688475602088,-0.0235712045193297,False,False,False,,250
trees 250,Random 50% #33,1714,-0.002514181228832,0.0164778443173804,0.0149812300690244,-0.0189920255462124,-0.0174954112978564,False,False,False,,250
trees 250,Random 50% #34,1714,0.0070180513371488,0.0241479559301493,0.0046485717623379,-0.0171299045930005,0.0023694795748109,False,True,True,,250
trees 250,Random 50% #35,1714,0.0093248828878478,0.0300847040183498,0.0189660943279799,-0.0207598211305019,-0.0096412114401321,False,False,False,,250
trees 250,Random 50% #36,1714,0.016912667846362,0.0138502882712424,0.0160425727240538,0.0030623795751195,0.0008700951223081,False,False,False,,250
trees 250,Random 50% #37,1714,0.0036653828805384,0.0188006946882114,0.007990960905046,-0.0151353118076729,-0.0043255780245075,False,False,False,,250
trees 250,Random 50% #38,1714,0.0021576191788371,0.0265866245005405,0.0234240485481701,-0.0244290053217034,-0.0212664293693329,False,False,False,,250
trees 250,Random 50% #39,1714,0.0170086158804934,0.0131914261925146,0.01588915071446,0.0038171896879787,0.0011194651660333,False,False,False,,250
trees 250,Random 50% #40,1714,0.018520937100027,0.029238500205499,0.0166007671710159,-0.0107175631054719,0.0019201699290111,False,True,True,,250
trees 250,Random 50% #41,1714,0.0027199322354597,0.0237169496364871,0.0096124888343607,-0.0209970174010273,-0.006892556598901,False,False,False,,250
trees 250,Random 50% #42,1714,0.0178900300253214,0.024181097463158,0.0102398285386054,-0.0062910674378366,0.0076502014867159,False,True,True,,250
trees 250,Random 50% #43,1714,0.0169958506224066,0.0271394967291024,0.0086282257677376,-0.0101436461066958,0.0083676248546689,False,True,True,,250
trees 250,Random 50% #44,1714,-0.0080414937759336,0.0226183994951932,0.0073625537678702,-0.0306598932711268,-0.0154040475438038,False,False,False,,250
trees 250,Random 50% #45,1714,-0.0006684003732017,0.0266833210194313,0.0130827758911281,-0.027351721392633,-0.0137511762643298,False,False,False,,250
trees 250,Random 50% #46,1714,-0.0127567411871579,0.0261443093051781,0.0192895024870137,-0.038901050492336,-0.0320462436741717,False,False,False,,250
trees 250,Random 50% #47,1714,-0.0023071888899981,0.0221090170498655,0.0234762488691931,-0.0244162059398636,-0.0257834377591912,False,False,False,,250
trees 250,Random 50% #48,1714,0.0007707867678387,0.0299204202492806,0.0161584204988033,-0.0291496334814418,-0.0153876337309645,False,False,False,,250
trees 250,Random 50% #49,1714,-0.0052585890287469,0.0140869520246249,0.0158633397007389,-0.0193455410533719,-0.0211219287294859,False,False,False,,250
trees 250,Random 50% #50,1714,-0.009935439192208,0.0169909052336,0.0037978265138487,-0.026926344425808,-0.0137332657060567,False,False,False,,250
trees 250,Random 30% #1,1028,0.0177032019704433,0.0310416425259444,0.0196231705074733,-0.013338440555501,-0.0019199685370299,False,False,False,,250
trees 250,Random 30% #2,1028,-0.0188812287552644,0.0172004169607759,0.0136861098082699,-0.0360816457160404,-0.0325673385635344,False,False,False,,250
trees 250,Random 30% #3,1028,-0.0136963318843895,0.0081867067134194,-0.0027506489875137,-0.021883038597809,-0.0109456828968757,True,False,True,,250
trees 250,Random 30% #4,1028,0.012612065619632,0.0114633683451193,0.0101174273269349,0.0011486972745126,0.0024946382926971,False,False,False,,250
trees 250,Random 30% #5,1028,0.012955140579904,0.0276745986616882,0.0142835279942607,-0.0147194580817842,-0.0013283874143566,False,False,False,,250
trees 250,Random 30% #6,1028,0.011061887501678,0.0360202859491655,0.0143138014744911,-0.0249583984474874,-0.003251913972813,False,False,False,,250
trees 250,Random 30% #7,1028,-0.0019795447047178,0.0290121059464441,0.0170423981987268,-0.030991650651162,-0.0190219429034447,False,False,False,,250
trees 250,Random 30% #8,1028,-0.0013757582957458,0.0266243853993157,0.0189789568129299,-0.0280001436950615,-0.0203547151086758,False,False,False,,250
trees 250,Random 30% #9,1028,0.0167924069116573,0.0213561835529925,0.0150717672257577,-0.0045637766413352,0.0017206396858995,False,True,True,,250
trees 250,Random 30% #10,1028,0.0218614718614718,0.017727014186663,-0.001394237214659,0.0041344576748088,0.0232557090761309,True,False,True,,250
trees 250,Random 30% #11,1028,0.0036992125742528,0.028693417421317,-0.0017639109265189,-0.0249942048470642,0.0054631235007717,True,True,True,,250
trees 250,Random 30% #12,1028,-0.0176439165409753,0.0244251566354287,-0.0049992474434092,-0.042069073176404,-0.0126446690975661,True,False,True,,250
trees 250,Random 30% #13,1028,0.0061871080085679,0.0415431977917795,0.0197050373070537,-0.0353560897832115,-0.0135179292984858,False,False,False,,250
trees 250,Random 30% #14,1028,-0.0024039572835282,0.0259455600374201,0.0054235028182731,-0.0283495173209484,-0.0078274601018014,False,False,False,,250
trees 250,Random 30% #15,1028,-0.0014797507788162,0.0384121283575474,0.0041123559718408,-0.0398918791363636,-0.0055921067506571,False,False,False,,250
trees 250,Random 30% #16,1028,0.006823838043474,0.0261106127294503,0.000671301747095,-0.0192867746859763,0.006152536296379,False,True,True,,250
trees 250,Random 30% #17,1028,0.0030261642698374,0.0298150219378071,0.0088254881068981,-0.0267888576679697,-0.0057993238370606,False,False,False,,250
trees 250,Random 30% #18,1028,0.008237689744539,0.0165309596104587,0.0066883728201485,-0.0082932698659196,0.0015493169243904,False,True,True,,250
trees 250,Random 30% #19,1028,0.0066883064376393,0.0125359629992108,-0.001650843698664,-0.0058476565615714,0.0083391501363033,True,True,True,,250
trees 250,Random 30% #20,1028,-0.0099963316214233,0.0262409198065656,0.0107784922414312,-0.0362372514279889,-0.0207748238628545,False,False,False,,250
trees 250,Random 30% #21,1028,0.002277451699682,0.0283306657466078,-0.0133326127775361,-0.0260532140469257,0.0156100644772181,True,True,True,,250
trees 250,Random 30% #22,1028,0.0271739130434782,0.0149907858286478,0.0074285461499011,0.0121831272148304,0.0197453668935771,False,False,False,,250
trees 250,Random 30% #23,1028,0.0053719593676173,0.0406972984790857,0.0142921408610484,-0.0353253391114684,-0.0089201814934311,False,False,False,,250
trees 250,Random 30% #24,1028,0.0374355138753044,0.0311671814189439,0.0044884088549174,0.0062683324563604,0.032947105020387,False,False,False,,250
trees 250,Random 30% #25,1028,0.0207335170659317,0.0280860027779742,0.0252143870508138,-0.0073524857120425,-0.004480869984882,False,False,False,,250
trees 250,Random 30% #26,1028,0.000322640117994,0.0354054401310849,-0.0173378311237818,-0.0350828000130908,0.0176604712417759,True,True,True,,250
trees 250,Random 30% #27,1028,-0.0133699862551543,0.0347922532363689,0.0034850049257206,-0.0481622394915232,-0.0168549911808749,False,False,False,,250
trees 250,Random 30% #28,1028,0.0048546691403834,0.0211066051833023,0.0190741861863341,-0.0162519360429189,-0.0142195170459507,False,False,False,,250
trees 250,Random 30% #29,1028,0.0132264436461088,0.0142582338288535,-0.0056066827531946,-0.0010317901827446,0.0188331263993035,True,True,True,,250
trees 250,Random 30% #30,1028,0.0073191060456281,0.0279927851559772,0.0070342540373463,-0.020673679110349,0.0002848520082817,False,True,True,,250
trees 250,Random 30% #31,1028,0.0186572318838355,0.042170527658375,0.0124016156242836,-0.0235132957745395,0.0062556162595519,False,True,True,,250
trees 250,Random 30% #32,1028,0.0146773132638857,0.0391507341244375,0.0137376083355562,-0.0244734208605518,0.0009397049283294,False,True,True,,250
trees 250,Random 30% #33,1028,0.0107989019115876,0.0329886671837249,0.0038781765395963,-0.0221897652721372,0.0069207253719912,False,True,True,,250
trees 250,Random 30% #34,1028,0.0036708111308466,0.0241221924495479,0.0200090756699434,-0.0204513813187012,-0.0163382645390967,False,False,False,,250
trees 250,Random 30% #35,1028,-0.0021279853031231,0.024467327930056,0.0044316146445268,-0.0265953132331791,-0.0065595999476499,False,False,False,,250
trees 250,Random 30% #36,1028,-0.0048226599270606,0.0258254964680818,0.0084575975097531,-0.0306481563951424,-0.0132802574368138,False,False,False,,250
trees 250,Random 30% #37,1028,-0.0037446257685728,0.0240428864569228,0.0159202290951274,-0.0277875122254957,-0.0196648548637003,False,False,False,,250
trees 250,Random 30% #38,1028,0.0108722741433021,0.0187288045282388,0.0327765203514383,-0.0078565303849366,-0.0219042462081361,False,False,False,,250
trees 250,Random 30% #39,1028,0.0380230468256006,0.0147706566548681,0.0095568231680292,0.0232523901707324,0.0284662236575714,False,False,False,,250
trees 250,Random 30% #40,1028,-0.0156995008383602,0.0214310955561833,0.0040226665934456,-0.0371305963945436,-0.0197221674318059,False,False,False,,250
trees 250,Random 30% #41,1028,0.0003191021554961,0.0206974263483888,-0.008637033871234,-0.0203783241928926,0.0089561360267301,True,True,True,,250
trees 250,Random 30% #42,1028,0.0039796984507742,0.0186949364329556,0.0178229290198855,-0.0147152379821814,-0.0138432305691113,False,False,False,,250
trees 250,Random 30% #43,1028,0.0320665445665445,0.0373808047988068,0.0138919025352247,-0.0053142602322623,0.0181746420313198,False,True,True,,250
trees 250,Random 30% #44,1028,0.014617494198646,0.0229014726892893,0.0080237235486864,-0.0082839784906432,0.0065937706499595,False,True,True,,250
trees 250,Random 30% #45,1028,-0.010677190889205,0.0235738159895428,-0.0023523537766718,-0.0342510068787479,-0.0083248371125331,True,False,True,,250
trees 250,Random 30% #46,1028,-0.0211341559464426,0.0299793998554021,0.0104521376018692,-0.0511135558018448,-0.0315862935483118,False,False,False,,250
trees 250,Random 30% #47,1028,0.0021068472535741,0.0390609483347156,0.0145027152757371,-0.0369541010811415,-0.0123958680221629,False,False,False,,250
trees 250,Random 30% #48,1028,0.0099373113536103,0.0344064514818113,0.0095448091155082,-0.0244691401282009,0.0003925022381021,False,True,True,,250
trees 250,Random 30% #49,1028,-0.0033935788911766,0.0318518113638942,-0.0026223759525455,-0.0352453902550709,-0.0007712029386311,True,False,True,,250
trees 250,Random 30% #50,1028,-0.0149638584774062,0.0329995096346149,0.0118969888153383,-0.0479633681120212,-0.0268608472927446,False,False,False,,250
trees 500,All Patients,3429,0.0078818040435458,0.0213692936239992,0.017148406718045,-0.0134874895804534,-0.0092666026744991,False,False,False,,500
trees 500,ICUType 1.0,490,0.0294939989088925,0.0755444100121924,0.0195248725244863,-0.0460504111032999,0.0099691263844061,False,True,True,,500
trees 500,ICUType 2.0,643,-0.000975689080413,0.0135031777237933,-0.0017703071583372,-0.0144788668042064,0.0007946180779242,True,True,True,,500
trees 500,ICUType 3.0,1357,-0.0217764843549488,0.0165549397678108,-0.0164934465477374,-0.0383314241227597,-0.0052830378072114,True,False,True,,500
trees 500,ICUType 4.0,939,0.0202084035501629,0.0454175583042748,0.0196827312580279,-0.0252091547541119,0.0005256722921349,False,True,True,,500
trees 500,Age decile 0,374,0.046026807780653,0.0526234743717383,-0.0217629064340025,-0.0065966665910852,0.0677897142146555,True,True,True,,500
trees 500,Age decile 1,344,0.0273634472301562,0.0389881332384133,-0.0281485781505157,-0.0116246860082571,0.0555120253806719,True,True,True,,500
trees 500,Age decile 2,347,0.0042864169770219,0.0094805600977811,0.0128375947158927,-0.0051941431207592,-0.0085511777388707,False,False,False,,500
trees 500,Age decile 3,325,0.0096292729898892,0.0506159736318229,-0.0198404171256289,-0.0409867006419336,0.0294696901155182,True,True,True,,500
trees 500,Age decile 4,372,-0.0152359717577108,0.036613242057643,-0.0296707274232073,-0.0518492138153539,0.0144347556654964,True,True,True,,500
trees 500,Age decile 5,344,-0.0250497851378262,0.0384685905868614,0.0020916357994458,-0.0635183757246876,-0.027141420937272,False,False,False,,500
trees 500,Age decile 6,397,-0.0004719207173194,0.0392684018706043,-0.0541198825662091,-0.0397403225879238,0.0536479618488896,True,True,True,,500
trees 500,Age decile 7,247,0.0173747705218987,0.062590205888368,-0.0054209669946904,-0.0452154353664692,0.0227957375165892,True,True,True,,500
trees 500,Age decile 8,354,-0.0216450216450216,0.0265376005931535,-0.0297300822864252,-0.0481826222381752,0.0080850606414036,True,True,True,,500
trees 500,Age decile 9,325,-0.0771864301276066,0.0667006692098287,-0.0381793360049548,-0.1438870993374354,-0.0390070941226517,True,False,True,,500
trees 500,HR quartile 0,877,0.0371049136786188,0.0598500706294925,0.0126489598095815,-0.0227451569508736,0.0244559538690373,False,True,True,,500
trees 500,HR quartile 1,917,-0.0169849537037037,0.0198667003587133,-0.0072143508288808,-0.036851654062417,-0.0097706028748228,True,False,True,,500
trees 500,HR quartile 2,816,0.034861311019492,0.039175920398776,-0.003119692427471,-0.0043146093792839,0.0379810034469631,True,True,True,,500
trees 500,HR quartile 3,819,-0.0232600311906863,0.033011677210843,0.0014610511914274,-0.0562717084015293,-0.0247210823821137,False,False,False,,500
trees 500,MAP quartile 0,877,-0.0141240285818599,0.0325631588393553,-0.0103616455929675,-0.0466871874212152,-0.0037623829888923,True,False,True,,500
trees 500,MAP quartile 1,840,0.02392179413456,0.0483434041789028,0.0071173548902905,-0.0244216100443427,0.0168044392442695,False,True,True,,500
trees 500,MAP quartile 2,866,0.0104058609958506,0.0385579197843611,-0.0173176152916689,-0.0281520587885105,0.0277234762875195,True,True,True,,500
trees 500,MAP quartile 3,846,0.0090927756430939,0.0625771291323318,0.0268794490166619,-0.0534843534892379,-0.017786673373568,False,False,False,,500
trees 500,Temp quartile 0,902,0.0068727157158747,0.0580827709733497,0.0051702858902305,-0.0512100552574749,0.0017024298256441,False,True,True,,500
trees 500,Temp quartile 1,864,0.0305627470437901,0.0436115874485434,-0.0178825749332523,-0.0130488404047533,0.0484453219770425,True,True,True,,500
trees 500,Temp quartile 2,838,-0.0036346905912123,0.0328126303695433,0.0008903402887567,-0.0364473209607556,-0.004525030879969,False,False,False,,500
trees 500,Temp quartile 3,825,-0.0023612750885478,0.0283788882259128,-0.0152068737720337,-0.0307401633144606,0.0128455986834859,True,True,True,,500
trees 500,Urine quartile 0,859,-0.0313289760348584,0.0504191718325587,-0.0318135636525425,-0.0817481478674171,0.0004845876176841,True,True,True,,500
trees 500,Urine quartile 1,913,-0.0210526315789473,0.0088766623176557,-0.0098143281799303,-0.0299292938966031,-0.011238303399017,True,False,True,,500
trees 500,Urine quartile 2,802,0.0149901230333403,0.0437530631064887,-0.0025818740496025,-0.0287629400731484,0.0175719970829429,True,True,True,,500
trees 500,Urine quartile 3,855,0.0601118199903958,0.0479406906647216,-0.0103870382582638,0.0121711293256741,0.0704988582486597,True,False,True,,500
trees 500,SAPS quartile 0,1025,0.0026756349262149,0.028658402149254,-0.0132251242781418,-0.025982767223039,0.0159007592043568,True,True,True,,500
trees 500,SAPS quartile 1,946,0.0452124666297511,0.0293168912585597,-0.0245940247851197,0.0158955753711914,0.0698064914148708,True,False,True,,500
trees 500,SAPS quartile 2,660,0.0015384615384615,0.0360515292879287,-0.0118019455984288,-0.0345130677494671,0.0133404071368904,True,True,True,,500
trees 500,SAPS quartile 3,798,-0.0389986891196934,0.0531128436653811,0.0202570015576705,-0.0921115327850745,-0.0592556906773639,False,False,False,,500
trees 500,HR > 100,945,-0.0351262896411669,0.0302748099058792,-0.0107306986560328,-0.0654010995470462,-0.0243955909851341,True,False,True,,500
trees 500,MAP < 65,697,-0.0279136809159047,0.0265250798769645,-0.0240380877436893,-0.0544387607928693,-0.0038755931722154,True,False,True,,500
trees 500,Temp > 38C,267,-0.0430204913392958,0.0433565070596228,-0.0015391453920219,-0.0863769983989186,-0.0414813459472738,True,False,True,,500
trees 500,Urine > 1000,210,0.0458952811893988,0.0514588133829228,-0.0171586230007643,-0.0055635321935239,0.0630539041901631,True,True,True,,500
trees 500,Random 50% #1,1714,0.0148182289884191,0.0315624654196723,0.0077211330543173,-0.0167442364312531,0.0070970959341018,False,True,True,,500
trees 500,Random 50% #2,1714,0.0038708396744524,0.0298414190632388,0.0002010371695949,-0.0259705793887864,0.0036698025048574,False,True,True,,500
trees 500,Random 50% #3,1714,0.0221853388658367,0.0263445428287079,0.0002460134146067,-0.0041592039628711,0.02193932545123,False,True,True,,500
trees 500,Random 50% #4,1714,0.0209444740819774,0.034097242713795,0.0053042694068215,-0.0131527686318175,0.0156402046751558,False,True,True,,500
trees 500,Random 50% #5,1714,0.025145147627017,0.0300041341673426,0.0146422606965973,-0.0048589865403255,0.0105028869304197,False,True,True,,500
trees 500,Random 50% #6,1714,-0.0032358828377694,0.0283658585384308,0.0088182335469067,-0.0316017413762002,-0.0120541163846762,False,False,False,,500
trees 500,Random 50% #7,1714,0.0203886964648963,0.0247025401116766,0.0188836237955921,-0.0043138436467803,0.0015050726693041,False,True,True,,500
trees 500,Random 50% #8,1714,-0.0080211409064465,0.0373950435743328,0.0157965833630026,-0.0454161844807794,-0.0238177242694491,False,False,False,,500
trees 500,Random 50% #9,1714,-0.0018808498325041,0.0371049605383593,0.0157936951208755,-0.0389858103708635,-0.0176745449533797,False,False,False,,500
trees 500,Random 50% #10,1714,0.0032849222618878,0.0236488137729719,-0.0003102326377636,-0.020363891511084,0.0035951548996515,True,True,True,,500
trees 500,Random 50% #11,1714,0.0064028840624585,0.0309413069519103,0.0145684050298249,-0.0245384228894518,-0.0081655209673663,False,False,False,,500
trees 500,Random 50% #12,1714,-0.0033234372422892,0.0365199885649881,0.0047645247411,-0.0398434258072774,-0.0080879619833892,False,False,False,,500
trees 500,Random 50% #13,1714,0.0032517955657333,0.0275231297742575,0.0077046055611182,-0.0242713342085241,-0.0044528099953849,False,False,False,,500
trees 500,Random 50% #14,1714,0.0062157191184681,0.0224653733044517,-0.0060696091530211,-0.0162496541859835,0.0122853282714893,True,True,True,,500
trees 500,Random 50% #15,1714,0.0026854501430772,0.0328902812669068,0.0098077522945165,-0.0302048311238295,-0.0071223021514393,False,False,False,,500
trees 500,Random 50% #16,1714,0.0188052608311229,0.0406167441539281,0.0034171254565899,-0.0218114833228052,0.0153881353745329,False,True,True,,500
trees 500,Random 50% #17,1714,0.0073507410721795,0.0255986129137669,0.0175922456985275,-0.0182478718415874,-0.0102415046263479,False,False,False,,500
trees 500,Random 50% #18,1714,0.0251803786741562,0.0397764501112828,0.0136966808753987,-0.0145960714371266,0.0114836977987574,False,True,True,,500
trees 500,Random 50% #19,1714,0.0087463233253787,0.0291632926284061,-0.0101814685814534,-0.0204169693030273,0.0189277919068322,True,True,True,,500
trees 500,Random 50% #20,1714,0.0239488541873964,0.0292371918931556,0.028904193404149,-0.0052883377057592,-0.0049553392167526,False,False,False,,500
trees 500,Random 50% #21,1714,0.0016605879752431,0.0151640798034879,0.0116695740204086,-0.0135034918282447,-0.0100089860451654,False,False,False,,500
trees 500,Random 50% #22,1714,0.0178287222426975,0.0349224141138117,0.0076237928812848,-0.0170936918711141,0.0102049293614126,False,True,True,,500
trees 500,Random 50% #23,1714,-0.0051929851771431,0.0292317449695488,0.0113502184775315,-0.0344247301466919,-0.0165432036546746,False,False,False,,500
trees 500,Random 50% #24,1714,0.0201698382197979,0.027326693548512,0.0108967842375241,-0.0071568553287141,0.0092730539822737,False,True,True,,500
trees 500,Random 50% #25,1714,0.0024135223603308,0.0375443412709981,0.0152846958847227,-0.0351308189106673,-0.0128711735243919,False,False,False,,500
trees 500,Random 50% #26,1714,-0.0063986093578627,0.016430962522869,0.0032114149778934,-0.0228295718807317,-0.0096100243357561,False,False,False,,500
trees 500,Random 50% #27,1714,-0.0048317683881064,0.0301017832561178,-0.0009517907361635,-0.0349335516442243,-0.0038799776519428,True,False,True,,500
trees 500,Random 50% #28,1714,0.0098094573797898,0.0227775068565151,0.0101151596954009,-0.0129680494767253,-0.000305702315611,False,False,False,,500
trees 500,Random 50% #29,1714,0.0125552608311229,0.0255410820254051,-0.0048416595468715,-0.0129858211942822,0.0173969203779944,True,True,True,,500
trees 500,Random 50% #30,1714,0.0022139615866539,0.0243502815819264,0.0075052829328525,-0.0221363199952725,-0.0052913213461986,False,False,False,,500
trees 500,Random 50% #31,1714,0.0081502190717898,0.0266547080126829,0.0042500611316458,-0.0185044889408931,0.003900157940144,False,True,True,,500
trees 500,Random 50% #32,1714,-0.0092920029904661,0.0221198610637365,0.0110432168493909,-0.0314118640542027,-0.0203352198398571,False,False,False,,500
trees 500,Random 50% #33,1714,-0.002514181228832,0.0251394435931193,0.0096051288741247,-0.0276536248219514,-0.0121193101029568,False,False,False,,500
trees 500,Random 50% #34,1714,0.0070180513371488,0.0294912448430121,-0.0037782376747298,-0.0224731935058633,0.0107962890118786,True,True,True,,500
trees 500,Random 50% #35,1714,0.0093248828878478,0.0389944747310229,0.0124003509443369,-0.029669591843175,-0.003075468056489,False,False,False,,500
trees 500,Random 50% #36,1714,0.016912667846362,0.021410435431238,0.0123444971907651,-0.0044977675848759,0.0045681706555969,False,True,True,,500
trees 500,Random 50% #37,1714,0.0036653828805384,0.025850380813906,0.0012676121854904,-0.0221849979333675,0.002397770695048,False,True,True,,500
trees 500,Random 50% #38,1714,0.0021576191788371,0.0371560391378862,0.0165594419477239,-0.034998419959049,-0.0144018227688868,False,False,False,,500
trees 500,Random 50% #39,1714,0.0170086158804934,0.0226820807251002,0.0097420897178264,-0.0056734648446068,0.0072665261626669,False,True,True,,500
trees 500,Random 50% #40,1714,0.018520937100027,0.0385961923923612,0.0098768886135788,-0.0200752552923341,0.0086440484864482,False,True,True,,500
trees 500,Random 50% #41,1714,0.0027199322354597,0.0332672102640582,0.0069202378585758,-0.0305472780285984,-0.004200305623116,False,False,False,,500
trees 500,Random 50% #42,1714,0.0178900300253214,0.0296453370509051,0.0029641529200041,-0.0117553070255837,0.0149258771053172,False,True,True,,500
trees 500,Random 50% #43,1714,0.0169958506224066,0.0330305089351476,0.0048384633599635,-0.016034658312741,0.012157387262443,False,True,True,,500
trees 500,Random 50% #44,1714,-0.0080414937759336,0.0286847671368797,0.0003062141669706,-0.0367262609128133,-0.0083477079429042,False,False,False,,500
trees 500,Random 50% #45,1714,-0.0006684003732017,0.0318868483954983,0.007617547275169,-0.0325552487687,-0.0082859476483707,False,False,False,,500
trees 500,Random 50% #46,1714,-0.0127567411871579,0.0366717696780968,0.0167969743955421,-0.0494285108652547,-0.0295537155827001,False,False,False,,500
trees 500,Random 50% #47,1714,-0.0023071888899981,0.0285361806044883,0.0194276301802766,-0.0308433694944864,-0.0217348190702747,False,False,False,,500
trees 500,Random 50% #48,1714,0.0007707867678387,0.0375329526485607,0.0131955835677151,-0.0367621658807219,-0.0124247967998764,False,False,False,,500
trees 500,Random 50% #49,1714,-0.0052585890287469,0.0221280013383337,0.0090836049260471,-0.0273865903670806,-0.0143421939547941,False,False,False,,500
trees 500,Random 50% #50,1714,-0.009935439192208,0.0240677983178948,-0.0010688874424205,-0.0340032375101028,-0.0088665517497874,True,False,True,,500
trees 500,Random 30% #1,1028,0.0177032019704433,0.0447223818413638,0.0144549743797384,-0.0270191798709204,0.0032482275907048,False,True,True,,500
trees 500,Random 30% #2,1028,-0.0188812287552644,0.0316539750346623,0.004355825868298,-0.0505352037899267,-0.0232370546235625,False,False,False,,500
trees 500,Random 30% #3,1028,-0.0136963318843895,0.0168700783760557,-0.0114958670569896,-0.0305664102604452,-0.0022004648273998,True,False,True,,500
trees 500,Random 30% #4,1028,0.012612065619632,0.0194899393862982,-0.0009071283245742,-0.0068778737666661,0.0135191939442063,True,True,True,,500
trees 500,Random 30% #5,1028,0.012955140579904,0.039231160352736,0.0083365556484621,-0.026276019772832,0.0046185849314418,False,True,True,,500
trees 500,Random 30% #6,1028,0.011061887501678,0.0467951648628104,0.0048311431924408,-0.0357332773611323,0.0062307443092372,False,True,True,,500
trees 500,Random 30% #7,1028,-0.0019795447047178,0.035029748685764,0.0068464421911665,-0.0370092933904819,-0.0088259868958844,False,False,False,,500
trees 500,Random 30% #8,1028,-0.0013757582957458,0.0359041847178321,0.0120830815565375,-0.037279943013578,-0.0134588398522834,False,False,False,,500
trees 500,Random 30% #9,1028,0.0167924069116573,0.0261739225847818,0.0090370376991662,-0.0093815156731245,0.007755369212491,False,True,True,,500
trees 500,Random 30% #10,1028,0.0218614718614718,0.0241283303114489,-0.0101064005131239,-0.002266858449977,0.0319678723745958,True,True,True,,500
trees 500,Random 30% #11,1028,0.0036992125742528,0.0375826391123069,-0.0144402306120342,-0.033883426538054,0.0181394431862871,True,True,True,,500
trees 500,Random 30% #12,1028,-0.0176439165409753,0.0355586941161919,-0.0174976167141198,-0.0532026106571672,-0.0001462998268554,True,False,True,,500
trees 500,Random 30% #13,1028,0.0061871080085679,0.0585834787382959,0.0137509395411147,-0.0523963707297279,-0.0075638315325468,False,False,False,,500
trees 500,Random 30% #14,1028,-0.0024039572835282,0.0361017840455192,-0.0003034053641952,-0.0385057413290475,-0.0021005519193329,True,False,True,,500
trees 500,Random 30% #15,1028,-0.0014797507788162,0.046702484825656,-0.0055880042452766,-0.0481822356044722,0.0041082534664604,True,True,True,,500
trees 500,Random 30% #16,1028,0.006823838043474,0.0343712327154074,-0.0069852495165959,-0.0275473946719334,0.01380908756007,True,True,True,,500
trees 500,Random 30% #17,1028,0.0030261642698374,0.0384872647591656,-0.0018373221318664,-0.0354611004893282,0.0048634864017039,True,True,True,,500
trees 500,Random 30% #18,1028,0.008237689744539,0.0270811728530822,-0.0011964917559876,-0.0188434831085431,0.0094341815005267,True,True,True,,500
trees 500,Random 30% #19,1028,0.0066883064376393,0.0245516124293183,-0.0168451979384277,-0.017863305991679,0.023533504376067,True,True,True,,500
trees 500,Random 30% #20,1028,-0.0099963316214233,0.0370201304267587,0.0004559740766836,-0.0470164620481821,-0.0104523056981069,False,False,False,,500
trees 500,Random 30% #21,1028,0.002277451699682,0.0383435565501075,-0.0267002229057852,-0.0360661048504254,0.0289776746054673,True,True,True,,500
trees 500,Random 30% #22,1028,0.0271739130434782,0.0234522684923941,0.0038633688030961,0.0037216445510841,0.023310544240382,False,False,False,,500
trees 500,Random 30% #23,1028,0.0053719593676173,0.0552833102426349,0.0120512058083293,-0.0499113508750175,-0.0066792464407119,False,False,False,,500
trees 500,Random 30% #24,1028,0.0374355138753044,0.0390554112787921,-0.000679867053102,-0.0016198974034877,0.0381153809284064,True,True,True,,500
trees 500,Random 30% #25,1028,0.0207335170659317,0.0431811940528573,0.0146981197540184,-0.0224476769869255,0.0060353973119132,False,True,True,,500
trees 500,Random 30% #26,1028,0.000322640117994,0.0511882999972834,-0.0293655177224469,-0.0508656598792893,0.029688157840441,True,True,True,,500
trees 500,Random 30% #27,1028,-0.0133699862551543,0.0490339693959339,-0.0101259657073486,-0.0624039556510882,-0.0032440205478056,True,False,True,,500
trees 500,Random 30% #28,1028,0.0048546691403834,0.0318121502073244,0.0156816037260486,-0.026957481066941,-0.0108269345856652,False,False,False,,500
trees 500,Random 30% #29,1028,0.0132264436461088,0.0246396561580458,-0.0118799501549071,-0.0114132125119369,0.025106393801016,True,True,True,,500
trees 500,Random 30% #30,1028,0.0073191060456281,0.0387224507531682,-0.0032487101244247,-0.0314033447075401,0.0105678161700529,True,True,True,,500
trees 500,Random 30% #31,1028,0.0186572318838355,0.0553341942562496,0.0011897008128611,-0.036676962372414,0.0174675310709743,False,True,True,,500
trees 500,Random 30% #32,1028,0.0146773132638857,0.0493588808094159,0.0039846059076563,-0.0346815675455301,0.0106927073562293,False,True,True,,500
trees 500,Random 30% #33,1028,0.0107989019115876,0.0442811407700192,-0.0065317378887116,-0.0334822388584315,0.0173306398002992,True,True,True,,500
trees 500,Random 30% #34,1028,0.0036708111308466,0.0327487898906836,0.0099269821032673,-0.0290779787598369,-0.0062561709724206,False,False,False,,500
trees 500,Random 30% #35,1028,-0.0021279853031231,0.034207055080208,-0.0076036367553042,-0.0363350403833311,0.0054756514521811,True,True,True,,500
trees 500,Random 30% #36,1028,-0.0048226599270606,0.0362861725867052,0.0007987197198177,-0.0411088325137658,-0.0056213796468783,False,False,False,,500
trees 500,Random 30% #37,1028,-0.0037446257685728,0.0254458454447032,0.0081361772183721,-0.0291904712132761,-0.011880802986945,False,False,False,,500
trees 500,Random 30% #38,1028,0.0108722741433021,0.0288709954272014,0.0231815503755978,-0.0179987212838993,-0.0123092762322957,False,False,False,,500
trees 500,Random 30% #39,1028,0.0380230468256006,0.0237138694893204,-0.0016740755367428,0.0143091773362801,0.0396971223623434,True,False,True,,500
trees 500,Random 30% #40,1028,-0.0156995008383602,0.0359728430540676,-0.0122091626578949,-0.0516723438924279,-0.0034903381804652,True,False,True,,500
trees 500,Random 30% #41,1028,0.0003191021554961,0.0311003938426101,-0.0204171021440515,-0.030781291687114,0.0207362042995476,True,True,True,,500
trees 500,Random 30% #42,1028,0.0039796984507742,0.0284514527345937,0.010456592027301,-0.0244717542838195,-0.0064768935765268,False,False,False,,500
trees 500,Random 30% #43,1028,0.0320665445665445,0.0480182994215532,0.0019132776859629,-0.0159517548550086,0.0301532668805816,False,True,True,,500
trees 500,Random 30% #44,1028,0.014617494198646,0.0284142603675585,-0.0037789868899699,-0.0137967661689125,0.0183964810886159,True,True,True,,500
trees 500,Random 30% #45,1028,-0.010677190889205,0.0360971105286539,-0.01203169542454,-0.0467743014178589,0.001354504535335,True,True,True,,500
trees 500,Random 30% #46,1028,-0.0211341559464426,0.0407251447591123,-0.0010357790805646,-0.0618593007055549,-0.0200983768658779,True,False,True,,500
trees 500,Random 30% #47,1028,0.0021068472535741,0.0516759564180828,0.0052614719343797,-0.0495691091645087,-0.0031546246808055,False,False,False,,500
trees 500,Random 30% #48,1028,0.0099373113536103,0.0449898604541821,-0.0044469534290411,-0.0350525491005717,0.0143842647826515,True,True,True,,500
trees 500,Random 30% #49,1028,-0.0033935788911766,0.0416869894884173,-0.0145373650089034,-0.045080568379594,0.0111437861177267,True,True,True,,500
trees 500,Random 30% #50,1028,-0.0149638584774062,0.0405973253231195,0.0045025715712311,-0.0555611838005258,-0.0194664300486374,False,False,False,,500
trees 1000,All Patients,3429,0.0078818040435458,0.0286576129476826,0.0136440153735868,-0.0207758089041367,-0.0057622113300409,False,False,False,,1000
trees 1000,ICUType 1.0,490,0.0294939989088925,0.081463545636525,0.0125957928280557,-0.0519695467276325,0.0168982060808367,False,True,True,,1000
trees 1000,ICUType 2.0,643,-0.000975689080413,0.0163571085726474,-0.0043802008670418,-0.0173327976530604,0.0034045117866287,True,True,True,,1000
trees 1000,ICUType 3.0,1357,-0.0217764843549488,0.025680606270723,-0.0271990412985728,-0.0474570906256719,0.0054225569436239,True,True,True,,1000
trees 1000,ICUType 4.0,939,0.0202084035501629,0.0566930845266917,0.0072743944448904,-0.0364846809765288,0.0129340091052724,False,True,True,,1000
trees 1000,Age decile 0,374,0.046026807780653,0.0532866460800255,-0.0237780167677793,-0.0072598382993725,0.0698048245484324,True,True,True,,1000
trees 1000,Age decile 1,344,0.0273634472301562,0.0393395083281263,-0.0331677965502158,-0.01197606109797,0.060531243780372,True,True,True,,1000
trees 1000,Age decile 2,347,0.0042864169770219,0.0114590344409325,0.0099581080487573,-0.0071726174639105,-0.0056716910717353,False,False,False,,1000
trees 1000,Age decile 3,325,0.0096292729898892,0.0516759493811559,-0.0284289789756319,-0.0420466763912666,0.0380582519655211,True,True,True,,1000
trees 1000,Age decile 4,372,-0.0152359717577108,0.0422014264525365,-0.0392988982077575,-0.0574373982102474,0.0240629264500466,True,True,True,,1000
trees 1000,Age decile 5,344,-0.0250497851378262,0.0387492985175786,-0.0086217678302303,-0.0637990836554049,-0.0164280173075959,True,False,True,,1000
trees 1000,Age decile 6,397,-0.0004719207173194,0.0466947268301294,-0.0691698087973355,-0.0471666475474489,0.068697888080016,True,True,True,,1000
trees 1000,Age decile 7,247,0.0173747705218987,0.0639526756284762,-0.0055500084280901,-0.0465779051065774,0.0229247789499889,True,True,True,,1000
trees 1000,Age decile 8,354,-0.0216450216450216,0.0323365121951023,-0.0356299117415733,-0.053981533840124,0.0139848900965517,True,True,True,,1000
trees 1000,Age decile 9,325,-0.0771864301276066,0.0824916612215985,-0.0466162093566424,-0.1596780913492052,-0.0305702207709641,True,False,True,,1000
trees 1000,HR quartile 0,877,0.0371049136786188,0.0655740488525555,0.0021385649529519,-0.0284691351739367,0.0349663487256669,False,True,True,,1000
trees 1000,HR quartile 1,917,-0.0169849537037037,0.0250575898405622,-0.0168155200448696,-0.0420425435442659,-0.000169433658834,True,False,True,,1000
trees 1000,HR quartile 2,816,0.034861311019492,0.0479407978782681,-0.0076627518015992,-0.013079486858776,0.0425240628210913,True,True,True,,1000
trees 1000,HR quartile 3,819,-0.0232600311906863,0.047765987312199,-0.0092119391104705,-0.0710260185028854,-0.0140480920802157,True,False,True,,1000
trees 1000,MAP quartile 0,877,-0.0141240285818599,0.0456106770643885,-0.0235346531477681,-0.0597347056462484,0.0094106245659082,True,True,True,,1000
trees 1000,MAP quartile 1,840,0.02392179413456,0.054258578125851,-0.0040969644248345,-0.0303367839912909,0.0280187585593946,True,True,True,,1000
trees 1000,MAP quartile 2,866,0.0104058609958506,0.0539121761796489,-0.0301379653508176,-0.0435063151837983,0.0405438263466682,True,True,True,,1000
trees 1000,MAP quartile 3,846,0.0090927756430939,0.0717453963088757,0.0188956079743929,-0.0626526206657818,-0.009802832331299,False,False,False,,1000
trees 1000,Temp quartile 0,902,0.0068727157158747,0.0678031494951842,0.0018126329363347,-0.0609304337793094,0.0050600827795399,False,True,True,,1000
trees 1000,Temp quartile 1,864,0.0305627470437901,0.0545683906491471,-0.0334018453449117,-0.0240056436053569,0.0639645923887019,True,True,True,,1000
trees 1000,Temp quartile 2,838,-0.0036346905912123,0.03818333245153,-0.0049276365974231,-0.0418180230427424,0.0012929460062108,True,True,True,,1000
trees 1000,Temp quartile 3,825,-0.0023612750885478,0.0469660587182771,-0.0220175246665564,-0.0493273338068249,0.0196562495780086,True,True,True,,1000
trees 1000,Urine quartile 0,859,-0.0313289760348584,0.0678025676226263,-0.0442267459023082,-0.0991315436574847,0.0128977698674498,True,True,True,,1000
trees 1000,Urine quartile 1,913,-0.0210526315789473,0.0227502559933474,-0.0183320487181192,-0.0438028875722948,-0.0027205828608281,True,False,True,,1000
trees 1000,Urine quartile 2,802,0.0149901230333403,0.0507371734147104,-0.0153926548449201,-0.03574705038137,0.0303827778782604,True,True,True,,1000
trees 1000,Urine quartile 3,855,0.0601118199903958,0.055337146933174,-0.0204354490903711,0.0047746730572218,0.080547269080767,True,False,True,,1000
trees 1000,SAPS quartile 0,1025,0.0026756349262149,0.0369360950915899,-0.0195157677828008,-0.0342604601653749,0.0221914027090158,True,True,True,,1000
trees 1000,SAPS quartile 1,946,0.0452124666297511,0.0460748774062487,-0.0384102138252109,-0.0008624107764975,0.0836226804549621,True,True,True,,1000
trees 1000,SAPS quartile 2,660,0.0015384615384615,0.0457557262587757,-0.0191603173232635,-0.0442172647203142,0.020698778861725,True,True,True,,1000
trees 1000,SAPS quartile 3,798,-0.0389986891196934,0.0605962153148791,0.0156434412312931,-0.0995949044345726,-0.0546421303509866,False,False,False,,1000
trees 1000,HR > 100,945,-0.0351262896411669,0.044526943920678,-0.0241503603203195,-0.079653233561845,-0.0109759293208474,True,False,True,,1000
trees 1000,MAP < 65,697,-0.0279136809159047,0.0357714780390854,-0.038497930992753,-0.0636851589549902,0.0105842500768482,True,True,True,,1000
trees 1000,Temp > 38C,267,-0.0430204913392958,0.0509478443512562,-0.0028552073447825,-0.0939683356905521,-0.0401652839945132,True,False,True,,1000
trees 1000,Urine > 1000,210,0.0458952811893988,0.0551601209998523,-0.0194164237977961,-0.0092648398104535,0.065311704987195,True,True,True,,1000
trees 1000,Random 50% #1,1714,0.0148182289884191,0.0420516678061854,-0.0015026360284296,-0.0272334388177662,0.0163208650168488,True,True,True,,1000
trees 1000,Random 50% #2,1714,0.0038708396744524,0.0382075523569411,-0.0105505239668803,-0.0343367126824887,0.0144213636413328,True,True,True,,1000
trees 1000,Random 50% #3,1714,0.0221853388658367,0.0403264261867335,-0.0093685086451808,-0.0181410873208967,0.0315538475110176,True,True,True,,1000
trees 1000,Random 50% #4,1714,0.0209444740819774,0.0485261114905213,-0.0056201354592143,-0.0275816374085438,0.0265646095411917,True,True,True,,1000
trees 1000,Random 50% #5,1714,0.025145147627017,0.0411648740002267,0.0040716137661372,-0.0160197263732096,0.0210735338608798,False,True,True,,1000
trees 1000,Random 50% #6,1714,-0.0032358828377694,0.0392850832817913,-0.002379101164944,-0.0425209661195608,-0.0008567816728254,True,False,True,,1000
trees 1000,Random 50% #7,1714,0.0203886964648963,0.0346364129679445,0.0124677020560056,-0.0142477165030481,0.0079209944088907,False,True,True,,1000
trees 1000,Random 50% #8,1714,-0.0080211409064465,0.0483398435896417,0.0035350090539228,-0.0563609844960883,-0.0115561499603694,False,False,False,,1000
trees 1000,Random 50% #9,1714,-0.0018808498325041,0.0528431456555626,0.006562106702375,-0.0547239954880668,-0.0084429565348792,False,False,False,,1000
trees 1000,Random 50% #10,1714,0.0032849222618878,0.0357478315578658,-0.0103076859443582,-0.0324629092959779,0.013592608206246,True,True,True,,1000
trees 1000,Random 50% #11,1714,0.0064028840624585,0.0404200152294497,0.0062021677253628,-0.0340171311669911,0.0002007163370956,False,True,True,,1000
trees 1000,Random 50% #12,1714,-0.0033234372422892,0.0422599093017497,-0.0059188604774384,-0.045583346544039,0.0025954232351491,True,True,True,,1000
trees 1000,Random 50% #13,1714,0.0032517955657333,0.0387548146203842,-0.0019187040249026,-0.0355030190546508,0.0051704995906359,True,True,True,,1000
trees 1000,Random 50% #14,1714,0.0062157191184681,0.0321721323155749,-0.0183432574828034,-0.0259564131971068,0.0245589766012716,True,True,True,,1000
trees 1000,Random 50% #15,1714,0.0026854501430772,0.042186573701262,0.0021913346677825,-0.0395011235581848,0.0004941154752947,False,True,True,,1000
trees 1000,Random 50% #16,1714,0.0188052608311229,0.0536314408045929,-0.0057411001553096,-0.03482617997347,0.0245463609864325,True,True,True,,1000
trees 1000,Random 50% #17,1714,0.0073507410721795,0.0335538674772121,0.0051026457428529,-0.0262031264050325,0.0022480953293265,False,True,True,,1000
trees 1000,Random 50% #18,1714,0.0251803786741562,0.0587371182780773,0.0047920946361943,-0.0335567396039211,0.0203882840379618,False,True,True,,1000
trees 1000,Random 50% #19,1714,0.0087463233253787,0.0376811740599838,-0.0237035478458457,-0.028934850734605,0.0324498711712245,True,True,True,,1000
trees 1000,Random 50% #20,1714,0.0239488541873964,0.040145520146832,0.0234574134635443,-0.0161966659594356,0.000491440723852,False,True,True,,1000
trees 1000,Random 50% #21,1714,0.0016605879752431,0.0236707915705815,0.0029462164214,-0.0220102035953383,-0.0012856284461568,False,False,False,,1000
trees 1000,Random 50% #22,1714,0.0178287222426975,0.0463642241070013,0.0009993772769902,-0.0285355018643037,0.0168293449657072,False,True,True,,1000
trees 1000,Random 50% #23,1714,-0.0051929851771431,0.041917282949721,-0.0006099247225629,-0.0471102681268641,-0.0045830604545801,True,False,True,,1000
trees 1000,Random 50% #24,1714,0.0201698382197979,0.0392224253916968,0.0014444959803404,-0.0190525871718988,0.0187253422394575,False,True,True,,1000
trees 1000,Random 50% #25,1714,0.0024135223603308,0.0513874842768274,0.0055877492501286,-0.0489739619164965,-0.0031742268897977,False,False,False,,1000
trees 1000,Random 50% #26,1714,-0.0063986093578627,0.0283123378373503,-0.0042284554732859,-0.034710947195213,-0.0021701538845768,True,False,True,,1000
trees 1000,Random 50% #27,1714,-0.0048317683881064,0.0385527098818615,-0.0110360940549669,-0.0433844782699679,0.0062043256668604,True,True,True,,1000
trees 1000,Random 50% #28,1714,0.0098094573797898,0.0324191833486531,0.0033293744838993,-0.0226097259688633,0.0064800828958904,False,True,True,,1000
trees 1000,Random 50% #29,1714,0.0125552608311229,0.0344957613771621,-0.0142135274034726,-0.0219405005460392,0.0267687882345955,True,True,True,,1000
trees 1000,Random 50% #30,1714,0.0022139615866539,0.035269909921948,-0.0050736037098331,-0.033055948335294,0.007287565296487,True,True,True,,1000
trees 1000,Random 50% #31,1714,0.0081502190717898,0.0408244812550886,0.0003332544588644,-0.0326742621832987,0.0078169646129254,False,True,True,,1000
trees 1000,Random 50% #32,1714,-0.0092920029904661,0.0290821744216486,0.0082230589572085,-0.0383741774121148,-0.0175150619476746,False,False,False,,1000
trees 1000,Random 50% #33,1714,-0.002514181228832,0.0379246036988607,0.0007883406643998,-0.0404387849276927,-0.0033025218932319,False,False,False,,1000
trees 1000,Random 50% #34,1714,0.0070180513371488,0.0390430987631836,-0.0130148479685149,-0.0320250474260348,0.0200328993056638,True,True,True,,1000
trees 1000,Random 50% #35,1714,0.0093248828878478,0.0522245765382661,-0.0008262092663368,-0.0428996936504183,0.0101510921541847,True,True,True,,1000
trees 1000,Random 50% #36,1714,0.016912667846362,0.0331614700295527,0.0023536557848086,-0.0162488021831907,0.0145590120615533,False,True,True,,1000
trees 1000,Random 50% #37,1714,0.0036653828805384,0.0344660597011964,-0.0099739599979499,-0.0308006768206579,0.0136393428784884,True,True,True,,1000
trees 1000,Random 50% #38,1714,0.0021576191788371,0.0520349772993969,0.0043175686768854,-0.0498773581205597,-0.0021599494980483,False,False,False,,1000
trees 1000,Random 50% #39,1714,0.0170086158804934,0.0338706013698788,-0.0020542554402291,-0.0168619854893854,0.0190628713207225,True,True,True,,1000
trees 1000,Random 50% #40,1714,0.018520937100027,0.0527553208950539,0.0021121565379463,-0.0342343837950268,0.0164087805620807,False,True,True,,1000
trees 1000,Random 50% #41,1714,0.0027199322354597,0.0450560503237919,-0.0017374394110183,-0.0423361180883322,0.0044573716464781,True,True,True,,1000
trees 1000,Random 50% #42,1714,0.0178900300253214,0.0376216016057094,-0.0097103635735626,-0.0197315715803879,0.027600393598884,True,True,True,,1000
trees 1000,Random 50% #43,1714,0.0169958506224066,0.0431121570793012,-0.0016509828042131,-0.0261163064568945,0.0186468334266197,True,True,True,,1000
trees 1000,Random 50% #44,1714,-0.0080414937759336,0.0404247753512179,-0.0099888075190726,-0.0484662691271515,0.001947313743139,True,True,True,,1000
trees 1000,Random 50% #45,1714,-0.0006684003732017,0.0394371185692053,-0.002325273471689,-0.040105518942407,0.0016568730984873,True,True,True,,1000
trees 1000,Random 50% #46,1714,-0.0127567411871579,0.0476303251303121,0.0077488597890217,-0.0603870663174701,-0.0205056009761797,False,False,False,,1000
trees 1000,Random 50% #47,1714,-0.0023071888899981,0.0402318095832145,0.0142785505009861,-0.0425389984732126,-0.0165857393909842,False,False,False,,1000
trees 1000,Random 50% #48,1714,0.0007707867678387,0.04755537998742,0.0042901710931566,-0.0467845932195813,-0.0035193843253178,False,False,False,,1000
trees 1000,Random 50% #49,1714,-0.0052585890287469,0.0311388853965867,-0.0025737691586847,-0.0363974744253337,-0.0026848198700622,True,False,True,,1000
trees 1000,Random 50% #50,1714,-0.009935439192208,0.0365192588331919,-0.0081815833459946,-0.0464546980253999,-0.0017538558462134,True,False,True,,1000
trees 1000,Random 30% #1,1028,0.0177032019704433,0.0601203855506736,0.0046579032644597,-0.0424171835802302,0.0130452987059836,False,True,True,,1000
trees 1000,Random 30% #2,1028,-0.0188812287552644,0.0469486350257063,-0.0094448135179959,-0.0658298637809708,-0.0094364152372685,True,False,True,,1000
trees 1000,Random 30% #3,1028,-0.0136963318843895,0.0268305634740041,-0.0218384663582752,-0.0405268953583937,0.0081421344738857,True,True,True,,1000
trees 1000,Random 30% #4,1028,0.012612065619632,0.0275213871332257,-0.0125762480860588,-0.0149093215135936,0.0251883137056908,True,True,True,,1000
trees 1000,Random 30% #5,1028,0.012955140579904,0.0507165049581389,0.0045755764774669,-0.0377613643782349,0.0083795641024371,False,True,True,,1000
trees 1000,Random 30% #6,1028,0.011061887501678,0.0603826168740846,-0.0091959701834649,-0.0493207293724065,0.020257857685143,True,True,True,,1000
trees 1000,Random 30% #7,1028,-0.0019795447047178,0.0438807734998359,-0.0008760236474025,-0.0458603182045538,-0.0011035210573153,True,False,True,,1000
trees 1000,Random 30% #8,1028,-0.0013757582957458,0.0476278610863463,0.0009618588938597,-0.0490036193820922,-0.0023376171896055,False,False,False,,1000
trees 1000,Random 30% #9,1028,0.0167924069116573,0.0327671959480202,-0.0004841058649964,-0.0159747890363628,0.0172765127766537,True,True,True,,1000
trees 1000,Random 30% #10,1028,0.0218614718614718,0.0360849234714054,-0.0166993286647871,-0.0142234516099336,0.038560800526259,True,True,True,,1000
trees 1000,Random 30% #11,1028,0.0036992125742528,0.0483013119860223,-0.024193295869438,-0.0446020994117695,0.0278925084436909,True,True,True,,1000
trees 1000,Random 30% #12,1028,-0.0176439165409753,0.0433221443321249,-0.0301523074331395,-0.0609660608731002,0.0125083908921641,True,True,True,,1000
trees 1000,Random 30% #13,1028,0.0061871080085679,0.0741789585223809,0.0022235207842449,-0.067991850513813,0.0039635872243229,False,True,True,,1000
trees 1000,Random 30% #14,1028,-0.0024039572835282,0.0485947247325616,-0.0067010073873735,-0.0509986820160898,0.0042970501038452,True,True,True,,1000
trees 1000,Random 30% #15,1028,-0.0014797507788162,0.0563951386254463,-0.0162472423152074,-0.0578748894042625,0.0147674915363912,True,True,True,,1000
trees 1000,Random 30% #16,1028,0.006823838043474,0.0442977142366057,-0.0158567247279293,-0.0374738761931317,0.0226805627714033,True,True,True,,1000
trees 1000,Random 30% #17,1028,0.0030261642698374,0.0480561176717799,-0.0094695449199466,-0.0450299534019425,0.0124957091897841,True,True,True,,1000
trees 1000,Random 30% #18,1028,0.008237689744539,0.0395130809260118,-0.0116968261137467,-0.0312753911814727,0.0199345158582857,True,True,True,,1000
trees 1000,Random 30% #19,1028,0.0066883064376393,0.0334972129615518,-0.0287465237661244,-0.0268089065239125,0.0354348302037637,True,True,True,,1000
trees 1000,Random 30% #20,1028,-0.0099963316214233,0.0494713919153425,-0.0120128992467482,-0.0594677235367658,0.0020165676253249,True,True,True,,1000
trees 1000,Random 30% #21,1028,0.002277451699682,0.0481957178917473,-0.0384342017782583,-0.0459182661920652,0.0407116534779404,True,True,True,,1000
trees 1000,Random 30% #22,1028,0.0271739130434782,0.0364220244958316,0.0006100909485914,-0.0092481114523534,0.0265638220948868,False,True,True,,1000
trees 1000,Random 30% #23,1028,0.0053719593676173,0.0697248507251936,0.0030878512816753,-0.0643528913575763,0.0022841080859419,False,True,True,,1000
trees 1000,Random 30% #24,1028,0.0374355138753044,0.0491094558683887,-0.0111666563075212,-0.0116739419930842,0.0486021701828256,True,True,True,,1000
trees 1000,Random 30% #25,1028,0.0207335170659317,0.0544419838580036,0.007692782265134,-0.0337084667920719,0.0130407348007977,False,True,True,,1000
trees 1000,Random 30% #26,1028,0.000322640117994,0.0631262585241851,-0.0416947328330122,-0.062803618406191,0.0420173729510063,True,True,True,,1000
trees 1000,Random 30% #27,1028,-0.0133699862551543,0.0580199083831115,-0.0212641902123411,-0.0713898946382658,0.0078942039571868,True,True,True,,1000
trees 1000,Random 30% #28,1028,0.0048546691403834,0.042510462466403,0.0059576880009383,-0.0376557933260196,-0.0011030188605549,False,False,False,,1000
trees 1000,Random 30% #29,1028,0.0132264436461088,0.0376897211965864,-0.0214746554322166,-0.0244632775504775,0.0347010990783255,True,True,True,,1000
trees 1000,Random 30% #30,1028,0.0073191060456281,0.0494513566630451,-0.0136086819822975,-0.042132250617417,0.0209277880279256,True,True,True,,1000
trees 1000,Random 30% #31,1028,0.0186572318838355,0.0698744314668274,-0.0071177683510232,-0.0512171995829918,0.0257750002348588,True,True,True,,1000
trees 1000,Random 30% #32,1028,0.0146773132638857,0.0596088740832519,-0.0117030550591452,-0.0449315608193661,0.0263803683230309,True,True,True,,1000
trees 1000,Random 30% #33,1028,0.0107989019115876,0.0556445020360275,-0.0143789649871282,-0.0448456001244399,0.0251778668987158,True,True,True,,1000
trees 1000,Random 30% #34,1028,0.0036708111308466,0.0397090593202152,-2.5498199244800013e-05,-0.0360382481893685,0.0036963093300914,True,True,True,,1000
trees 1000,Random 30% #35,1028,-0.0021279853031231,0.0485252896287427,-0.0191613542303681,-0.0506532749318659,0.017033368927245,True,True,True,,1000
trees 1000,Random 30% #36,1028,-0.0048226599270606,0.0451342619951685,-0.0123405201554525,-0.0499569219222292,0.0075178602283919,True,True,True,,1000
trees 1000,Random 30% #37,1028,-0.0037446257685728,0.0345198204528456,-0.0017907464834732,-0.0382644462214185,-0.0019538792850996,True,False,True,,1000
trees 1000,Random 30% #38,1028,0.0108722741433021,0.0400943199702752,0.0111406294630253,-0.029222045826973,-0.0002683553197232,False,False,False,,1000
trees 1000,Random 30% #39,1028,0.0380230468256006,0.0397257792674762,-0.0150165193417205,-0.0017027324418755,0.0530395661673211,True,True,True,,1000
trees 1000,Random 30% #40,1028,-0.0156995008383602,0.0493613873251758,-0.0276713730118807,-0.065060888163536,0.0119718721735204,True,True,True,,1000
trees 1000,Random 30% #41,1028,0.0003191021554961,0.0392935058544123,-0.0331803174401379,-0.0389744036989162,0.033499419595634,True,True,True,,1000
trees 1000,Random 30% #42,1028,0.0039796984507742,0.0373474449735023,0.0001860367481177,-0.0333677465227281,0.0037936617026564,False,True,True,,1000
trees 1000,Random 30% #43,1028,0.0320665445665445,0.0582776887037511,-0.0116997106753731,-0.0262111441372066,0.0437662552419177,True,True,True,,1000
trees 1000,Random 30% #44,1028,0.014617494198646,0.0415373401493393,-0.0131477522623602,-0.0269198459506933,0.0277652464610062,True,True,True,,1000
trees 1000,Random 30% #45,1028,-0.010677190889205,0.0449305493947195,-0.025270460238442,-0.0556077402839245,0.014593269349237,True,True,True,,1000
trees 1000,Random 30% #46,1028,-0.0211341559464426,0.0517364779867021,-0.0098901465118452,-0.0728706339331447,-0.0112440094345974,True,False,True,,1000
trees 1000,Random 30% #47,1028,0.0021068472535741,0.0628692987799156,-0.0011046312477881,-0.0607624515263414,0.0032114785013622,True,True,True,,1000
trees 1000,Random 30% #48,1028,0.0099373113536103,0.0576147715965305,-0.0193032985479165,-0.0476774602429201,0.0292406099015268,True,True,True,,1000
trees 1000,Random 30% #49,1028,-0.0033935788911766,0.0533464743403001,-0.0285394879762557,-0.0567400532314768,0.025145909085079,True,True,True,,1000
trees 1000,Random 30% #50,1028,-0.0149638584774062,0.0507365665887448,-0.003502611135751,-0.0657004250661511,-0.0114612473416552,True,False,True,,1000
trees 2000,All Patients,3429,0.0078818040435458,0.0381831429091729,0.006508951668773,-0.030301338865627,0.0013728523747728,False,True,True,,2000
trees 2000,ICUType 1.0,490,0.0294939989088925,0.0846183941997363,0.0073392832101641,-0.0551243952908438,0.0221547156987283,False,True,True,,2000
trees 2000,ICUType 2.0,643,-0.000975689080413,0.017810574397843,-0.0076787733416535,-0.018786263478256,0.0067030842612404,True,True,True,,2000
trees 2000,ICUType 3.0,1357,-0.0217764843549488,0.0421491685406214,-0.0324627877461732,-0.0639256528955702,0.0106863033912243,True,True,True,,2000
trees 2000,ICUType 4.0,939,0.0202084035501629,0.0623914360711944,-0.0014950726891766,-0.0421830325210315,0.0217034762393395,True,True,True,,2000
trees 2000,Age decile 0,374,0.046026807780653,0.0536104310234546,-0.0259358965890258,-0.0075836232428016,0.0719627043696789,True,True,True,,2000
trees 2000,Age decile 1,344,0.0273634472301562,0.0416506398856535,-0.0361863623530834,-0.0142871926554973,0.0635498095832396,True,True,True,,2000
trees 2000,Age decile 2,347,0.0042864169770219,0.0083843312259431,0.0078673568990313,-0.0040979142489211,-0.0035809399220093,False,False,False,,2000
trees 2000,Age decile 3,325,0.0096292729898892,0.0564375511266823,-0.0338876431176036,-0.046808278136793,0.0435169161074928,True,True,True,,2000
trees 2000,Age decile 4,372,-0.0152359717577108,0.046986571313648,-0.0420242836602907,-0.0622225430713589,0.0267883119025798,True,True,True,,2000
trees 2000,Age decile 5,344,-0.0250497851378262,0.0390269905286946,-0.0135918184142061,-0.0640767756665209,-0.0114579667236201,True,False,True,,2000
trees 2000,Age decile 6,397,-0.0004719207173194,0.0478319868573763,-0.0801370604537575,-0.0483039075746958,0.079665139736438,True,True,True,,2000
trees 2000,Age decile 7,247,0.0173747705218987,0.0649914694250491,-0.0051449973937282,-0.0476166989031504,0.022519767915627,True,True,True,,2000
trees 2000,Age decile 8,354,-0.0216450216450216,0.0331984991672876,-0.0323014352113628,-0.0548435208123092,0.0106564135663411,True,True,True,,2000
trees 2000,Age decile 9,325,-0.0771864301276066,0.0908928597975642,-0.0521534713125777,-0.1680792899251708,-0.0250329588150288,True,False,True,,2000
trees 2000,HR quartile 0,877,0.0371049136786188,0.0696417608072207,-0.0057307793092675,-0.0325368471286019,0.0428356929878864,True,True,True,,2000
trees 2000,HR quartile 1,917,-0.0169849537037037,0.0287100280138214,-0.019480718075949,-0.0456949817175251,0.0024957643722453,True,True,True,,2000
trees 2000,HR quartile 2,816,0.034861311019492,0.0516294002116894,-0.009508161951636,-0.0167680891921973,0.0443694729711281,True,True,True,,2000
trees 2000,HR quartile 3,819,-0.0232600311906863,0.0569518514468684,-0.0195388573713891,-0.0802118826375547,-0.0037211738192971,True,False,True,,2000
trees 2000,MAP quartile 0,877,-0.0141240285818599,0.0537388021848296,-0.031537535436061,-0.0678628307666895,0.0174135068542011,True,True,True,,2000
trees 2000,MAP quartile 1,840,0.02392179413456,0.0577494305631207,-0.0086523871369625,-0.0338276364285606,0.0325741812715226,True,True,True,,2000
trees 2000,MAP quartile 2,866,0.0104058609958506,0.0610685759101559,-0.0359814160784884,-0.0506627149143052,0.046387277074339,True,True,True,,2000
trees 2000,MAP quartile 3,846,0.0090927756430939,0.0787175808227169,0.0142665268071434,-0.069624805179623,-0.0051737511640495,False,False,False,,2000
trees 2000,Temp quartile 0,902,0.0068727157158747,0.0747265742469554,-0.0007722963414203,-0.0678538585310806,0.007645012057295,True,True,True,,2000
trees 2000,Temp quartile 1,864,0.0305627470437901,0.0639044100516833,-0.0432557649762088,-0.0333416630078932,0.073818512019999,True,True,True,,2000
trees 2000,Temp quartile 2,838,-0.0036346905912123,0.0423068564404813,-0.0081050634325549,-0.0459415470316937,0.0044703728413426,True,True,True,,2000
trees 2000,Temp quartile 3,825,-0.0023612750885478,0.0563125668969301,-0.022962210002551,-0.0586738419854779,0.0206009349140032,True,True,True,,2000
trees 2000,Urine quartile 0,859,-0.0313289760348584,0.0728004605037242,-0.0523227420103671,-0.1041294365385826,0.0209937659755087,True,True,True,,2000
trees 2000,Urine quartile 1,913,-0.0210526315789473,0.0286359546449561,-0.0238983808328293,-0.0496885862239035,0.0028457492538819,True,True,True,,2000
trees 2000,Urine quartile 2,802,0.0149901230333403,0.056457065491539,-0.0246660911049169,-0.0414669424581987,0.0396562141382573,True,True,True,,2000
trees 2000,Urine quartile 3,855,0.0601118199903958,0.057815687906484,-0.0271375995194949,0.0022961320839117,0.0872494195098907,True,False,True,,2000
trees 2000,SAPS quartile 0,1025,0.0026756349262149,0.0402209370045995,-0.0219502668589257,-0.0375453020783845,0.0246259017851407,True,True,True,,2000
trees 2000,SAPS quartile 1,946,0.0452124666297511,0.0583848710654408,-0.0458206617375376,-0.0131724044356896,0.0910331283672888,True,True,True,,2000
trees 2000,SAPS quartile 2,660,0.0015384615384615,0.0516431429909089,-0.019532416578576,-0.0501046814524474,0.0210708781170375,True,True,True,,2000
trees 2000,SAPS quartile 3,798,-0.0389986891196934,0.0667326369074145,0.0136275426622858,-0.1057313260271079,-0.0526262317819793,False,False,False,,2000
trees 2000,HR > 100,945,-0.0351262896411669,0.0525113725031169,-0.0334475920935568,-0.0876376621442839,-0.0016786975476101,True,False,True,,2000
trees 2000,MAP < 65,697,-0.0279136809159047,0.0364092466837882,-0.0439005120054258,-0.064322927599693,0.015986831089521,True,True,True,,2000
trees 2000,Temp > 38C,267,-0.0430204913392958,0.0526808479173686,-0.007478386948803,-0.0957013392566644,-0.0355421043904927,True,False,True,,2000
trees 2000,Urine > 1000,210,0.0458952811893988,0.0577168977513042,-0.0200510119086837,-0.0118216165619054,0.0659462930980825,True,True,True,,2000
trees 2000,Random 50% #1,1714,0.0148182289884191,0.0508157552176837,-0.0115807478559959,-0.0359975262292645,0.0263989768444151,True,True,True,,2000
trees 2000,Random 50% #2,1714,0.0038708396744524,0.0474276306042285,-0.0197856102746743,-0.0435567909297761,0.0236564499491267,True,True,True,,2000
trees 2000,Random 50% #3,1714,0.0221853388658367,0.0521605903174523,-0.0164148103751288,-0.0299752514516155,0.0386001492409656,True,True,True,,2000
trees 2000,Random 50% #4,1714,0.0209444740819774,0.0588553733892807,-0.0170770551048591,-0.0379108993073033,0.0380215291868365,True,True,True,,2000
trees 2000,Random 50% #5,1714,0.025145147627017,0.0524753117124647,-0.0053805922212884,-0.0273301640854476,0.0305257398483055,True,True,True,,2000
trees 2000,Random 50% #6,1714,-0.0032358828377694,0.0510533672376267,-0.0098958816452294,-0.0542892500753962,0.0066599988074599,True,True,True,,2000
trees 2000,Random 50% #7,1714,0.0203886964648963,0.0448290986493175,0.0036341614746792,-0.0244404021844212,0.016754534990217,False,True,True,,2000
trees 2000,Random 50% #8,1714,-0.0080211409064465,0.0570836839580806,-0.0061376581402074,-0.0651048248645272,-0.0018834827662391,True,False,True,,2000
trees 2000,Random 50% #9,1714,-0.0018808498325041,0.0660985236306173,-0.0062233164964745,-0.0679793734631215,0.0043424666639703,True,True,True,,2000
trees 2000,Random 50% #10,1714,0.0032849222618878,0.0474054704697101,-0.0188234821077318,-0.0441205482078223,0.0221084043696197,True,True,True,,2000
trees 2000,Random 50% #11,1714,0.0064028840624585,0.0501791627886059,-0.005157090724783,-0.0437762787261473,0.0115599747872416,True,True,True,,2000
trees 2000,Random 50% #12,1714,-0.0033234372422892,0.0485171869923516,-0.0161587888460318,-0.0518406242346409,0.0128353516037425,True,True,True,,2000
trees 2000,Random 50% #13,1714,0.0032517955657333,0.0514290391623628,-0.0101509549403658,-0.0481772435966295,0.0134027505060991,True,True,True,,2000
trees 2000,Random 50% #14,1714,0.0062157191184681,0.0441319363776114,-0.0269735880689818,-0.0379162172591433,0.03318930718745,True,True,True,,2000
trees 2000,Random 50% #15,1714,0.0026854501430772,0.0517941835817306,-0.0037484568231522,-0.0491087334386534,0.0064339069662295,True,True,True,,2000
trees 2000,Random 50% #16,1714,0.0188052608311229,0.0693216518820709,-0.0160197561288223,-0.050516391050948,0.0348250169599452,True,True,True,,2000
trees 2000,Random 50% #17,1714,0.0073507410721795,0.0441723773750603,-0.0086023563638499,-0.0368216363028807,0.0159530974360295,True,True,True,,2000
trees 2000,Random 50% #18,1714,0.0251803786741562,0.0765365434588077,-0.0033726528884678,-0.0513561647846515,0.028553031562624,True,True,True,,2000
trees 2000,Random 50% #19,1714,0.0087463233253787,0.0444159810129748,-0.0352512928403983,-0.035669657687596,0.0439976161657771,True,True,True,,2000
trees 2000,Random 50% #20,1714,0.0239488541873964,0.052207199354881,0.0176940346512587,-0.0282583451674846,0.0062548195361376,False,True,True,,2000
trees 2000,Random 50% #21,1714,0.0016605879752431,0.0323485222344781,-0.0106739112727229,-0.0306879342592349,0.012334499247966,True,True,True,,2000
trees 2000,Random 50% #22,1714,0.0178287222426975,0.0569780242545935,-0.009614553788727,-0.0391493020118959,0.0274432760314245,True,True,True,,2000
trees 2000,Random 50% #23,1714,-0.0051929851771431,0.0527011441517156,-0.0084709274170187,-0.0578941293288587,0.0032779422398755,True,True,True,,2000
trees 2000,Random 50% #24,1714,0.0201698382197979,0.0508710521457843,-0.0075154953927245,-0.0307012139259863,0.0276853336125224,True,True,True,,2000
trees 2000,Random 50% #25,1714,0.0024135223603308,0.0628479404886074,-0.0054594731971403,-0.0604344181282766,0.0078729955574711,True,True,True,,2000
trees 2000,Random 50% #26,1714,-0.0063986093578627,0.0384242653422431,-0.0114193509638573,-0.0448228747001058,0.0050207416059946,True,True,True,,2000
trees 2000,Random 50% #27,1714,-0.0048317683881064,0.0468845350716126,-0.0198647931993621,-0.051716303459719,0.0150330248112557,True,True,True,,2000
trees 2000,Random 50% #28,1714,0.0098094573797898,0.0433866097062996,-0.0080524251400262,-0.0335771523265098,0.0178618825198161,True,True,True,,2000
trees 2000,Random 50% #29,1714,0.0125552608311229,0.0474907856321301,-0.0211770077678261,-0.0349355248010072,0.033732268598949,True,True,True,,2000
trees 2000,Random 50% #30,1714,0.0022139615866539,0.0478770924208114,-0.0170769627150928,-0.0456631308341574,0.0192909243017467,True,True,True,,2000
trees 2000,Random 50% #31,1714,0.0081502190717898,0.0510523122376799,-0.0039367566398093,-0.0429020931658901,0.0120869757115992,True,True,True,,2000
trees 2000,Random 50% #32,1714,-0.0092920029904661,0.038778803781138,0.0014712789399566,-0.0480708067716042,-0.0107632819304228,False,False,False,,2000
trees 2000,Random 50% #33,1714,-0.002514181228832,0.0475362960111868,-0.0108939071771315,-0.0500504772400188,0.0083797259482994,True,True,True,,2000
trees 2000,Random 50% #34,1714,0.0070180513371488,0.0512921968019971,-0.0202465095974422,-0.0442741454648483,0.027264560934591,True,True,True,,2000
trees 2000,Random 50% #35,1714,0.0093248828878478,0.0608253098436742,-0.0163688979844732,-0.0515004269558263,0.025693780872321,True,True,True,,2000
trees 2000,Random 50% #36,1714,0.016912667846362,0.0463232891483968,-0.0052334134578762,-0.0294106213020348,0.0221460813042382,True,True,True,,2000
trees 2000,Random 50% #37,1714,0.0036653828805384,0.0460991520987265,-0.0216226622794499,-0.042433769218188,0.0252880451599884,True,True,True,,2000
trees 2000,Random 50% #38,1714,0.0021576191788371,0.0646481071248526,-0.0050974762790305,-0.0624904879460155,0.0072550954578677,True,True,True,,2000
trees 2000,Random 50% #39,1714,0.0170086158804934,0.0455596558018118,-0.0136125621473776,-0.0285510399213184,0.030621178027871,True,True,True,,2000
trees 2000,Random 50% #40,1714,0.018520937100027,0.0656197688686612,-0.0047102933187808,-0.0470988317686341,0.0232312304188079,True,True,True,,2000
trees 2000,Random 50% #41,1714,0.0027199322354597,0.054111796009079,-0.0093517773966599,-0.0513918637736193,0.0120717096321197,True,True,True,,2000
trees 2000,Random 50% #42,1714,0.0178900300253214,0.0475378947861129,-0.0189638599104998,-0.0296478647607914,0.0368538899358212,True,True,True,,2000
trees 2000,Random 50% #43,1714,0.0169958506224066,0.0528575349245802,-0.0073226761386631,-0.0358616843021735,0.0243185267610697,True,True,True,,2000
trees 2000,Random 50% #44,1714,-0.0080414937759336,0.0493659823866377,-0.0198996945569591,-0.0574074761625713,0.0118582007810255,True,True,True,,2000
trees 2000,Random 50% #45,1714,-0.0006684003732017,0.045686943572539,-0.0112064921446188,-0.0463553439457407,0.0105380917714171,True,True,True,,2000
trees 2000,Random 50% #46,1714,-0.0127567411871579,0.0588545730363693,0.0003761684809787,-0.0716113142235272,-0.0131329096681366,False,False,False,,2000
trees 2000,Random 50% #47,1714,-0.0023071888899981,0.0499479373387933,0.0055311215396467,-0.0522551262287914,-0.0078383104296448,False,False,False,,2000
trees 2000,Random 50% #48,1714,0.0007707867678387,0.0569626798627773,-0.0048459245498486,-0.0561918930949385,0.0056167113176874,True,True,True,,2000
trees 2000,Random 50% #49,1714,-0.0052585890287469,0.0408343819821358,-0.011161006933288,-0.0460929710108828,0.0059024179045411,True,True,True,,2000
trees 2000,Random 50% #50,1714,-0.009935439192208,0.0471817038799592,-0.016606589245802,-0.0571171430721672,0.006671150053594,True,True,True,,2000
trees 2000,Random 30% #1,1028,0.0177032019704433,0.0698995706097059,-0.0032427411318024,-0.0521963686392625,0.0209459431022457,True,True,True,,2000
trees 2000,Random 30% #2,1028,-0.0188812287552644,0.057082009392581,-0.0141741537851372,-0.0759632381478455,-0.0047070749701272,True,False,True,,2000
trees 2000,Random 30% #3,1028,-0.0136963318843895,0.0339069074049106,-0.0274847051836376,-0.0476032392893002,0.013788373299248,True,True,True,,2000
trees 2000,Random 30% #4,1028,0.012612065619632,0.0328714823906025,-0.0187096226431615,-0.0202594167709704,0.0313216882627935,True,True,True,,2000
trees 2000,Random 30% #5,1028,0.012955140579904,0.0603871474876945,0.0019888589477365,-0.0474320069077905,0.0109662816321675,False,True,True,,2000
trees 2000,Random 30% #6,1028,0.011061887501678,0.0684564974222664,-0.0215832417866145,-0.0573946099205884,0.0326451292882926,True,True,True,,2000
trees 2000,Random 30% #7,1028,-0.0019795447047178,0.04624497963216,-0.0109673773609972,-0.0482245243368779,0.0089878326562793,True,True,True,,2000
trees 2000,Random 30% #8,1028,-0.0013757582957458,0.0553131993440133,-0.0051983352770294,-0.0566889576397592,0.0038225769812835,True,True,True,,2000
trees 2000,Random 30% #9,1028,0.0167924069116573,0.036581375458925,-0.003215082060754,-0.0197889685472677,0.0200074889724114,True,True,True,,2000
trees 2000,Random 30% #10,1028,0.0218614718614718,0.0419074801685074,-0.0216945164803686,-0.0200460083070355,0.0435559883418405,True,True,True,,2000
trees 2000,Random 30% #11,1028,0.0036992125742528,0.0526750604326899,-0.0359044428768558,-0.048975847858437,0.0396036554511087,True,True,True,,2000
trees 2000,Random 30% #12,1028,-0.0176439165409753,0.0489114286673109,-0.0368966246621292,-0.0665553452082862,0.0192527081211538,True,True,True,,2000
trees 2000,Random 30% #13,1028,0.0061871080085679,0.0849782091058682,-0.0068936134542473,-0.0787911010973002,0.0130807214628152,True,True,True,,2000
trees 2000,Random 30% #14,1028,-0.0024039572835282,0.0564774509872779,-0.0110623626554835,-0.0588814082708061,0.0086584053719552,True,True,True,,2000
trees 2000,Random 30% #15,1028,-0.0014797507788162,0.0617415909945876,-0.0259493880350727,-0.0632213417734038,0.0244696372562565,True,True,True,,2000
trees 2000,Random 30% #16,1028,0.006823838043474,0.0513397066710135,-0.0189358041651178,-0.0445158686275394,0.0257596422085919,True,True,True,,2000
trees 2000,Random 30% #17,1028,0.0030261642698374,0.0555419095871195,-0.0137477843564756,-0.0525157453172821,0.0167739486263131,True,True,True,,2000
trees 2000,Random 30% #18,1028,0.008237689744539,0.0480323550221294,-0.0204553195190582,-0.0397946652775904,0.0286930092635973,True,True,True,,2000
trees 2000,Random 30% #19,1028,0.0066883064376393,0.0413571922284546,-0.0336918134156779,-0.0346688857908153,0.0403801198533172,True,True,True,,2000
trees 2000,Random 30% #20,1028,-0.0099963316214233,0.0606409001202329,-0.0208117040504775,-0.0706372317416563,0.0108153724290541,True,True,True,,2000
trees 2000,Random 30% #21,1028,0.002277451699682,0.0539638100489978,-0.0436602553774039,-0.0516863583493157,0.045937707077086,True,True,True,,2000
trees 2000,Random 30% #22,1028,0.0271739130434782,0.0470338979821009,-0.0037066090964551,-0.0198599849386226,0.0308805221399333,True,True,True,,2000
trees 2000,Random 30% #23,1028,0.0053719593676173,0.0796551681263504,-0.003259453725611,-0.074283208758733,0.0086314130932284,True,True,True,,2000
trees 2000,Random 30% #24,1028,0.0374355138753044,0.0540125448977031,-0.0178699113757569,-0.0165770310223987,0.0553054252510614,True,True,True,,2000
trees 2000,Random 30% #25,1028,0.0207335170659317,0.0594547706431514,0.0055833874397918,-0.0387212535772197,0.0151501296261399,False,True,True,,2000
trees 2000,Random 30% #26,1028,0.000322640117994,0.0715163492512864,-0.0457938137063572,-0.0711937091332923,0.0461164538243513,True,True,True,,2000
trees 2000,Random 30% #27,1028,-0.0133699862551543,0.0632580755308412,-0.0278787055811066,-0.0766280617859955,0.0145087193259523,True,True,True,,2000
trees 2000,Random 30% #28,1028,0.0048546691403834,0.0458414411639464,0.0014924285782069,-0.040986772023563,0.0033622405621764,False,True,True,,2000
trees 2000,Random 30% #29,1028,0.0132264436461088,0.0458946022799943,-0.0270343067177444,-0.0326681586338854,0.0402607503638533,True,True,True,,2000
trees 2000,Random 30% #30,1028,0.0073191060456281,0.0556376532836191,-0.0236801394588813,-0.048318547237991,0.0309992455045095,True,True,True,,2000
trees 2000,Random 30% #31,1028,0.0186572318838355,0.0778376028508522,-0.0118960090369411,-0.0591803709670167,0.0305532409207766,True,True,True,,2000
trees 2000,Random 30% #32,1028,0.0146773132638857,0.0621116810585572,-0.0196305231652838,-0.0474343677946715,0.0343078364291696,True,True,True,,2000
trees 2000,Random 30% #33,1028,0.0107989019115876,0.0600033979876756,-0.0170458567780704,-0.049204496076088,0.027844758689658,True,True,True,,2000
trees 2000,Random 30% #34,1028,0.0036708111308466,0.0483346453757868,-0.0062786270747824,-0.0446638342449402,0.009949438205629,True,True,True,,2000
trees 2000,Random 30% #35,1028,-0.0021279853031231,0.0555233484849691,-0.0287813770132828,-0.0576513337880922,0.0266533917101597,True,True,True,,2000
trees 2000,Random 30% #36,1028,-0.0048226599270606,0.0494971018007276,-0.0255408256524276,-0.0543197617277882,0.020718165725367,True,True,True,,2000
trees 2000,Random 30% #37,1028,-0.0037446257685728,0.0412962162884581,-0.0060020898421982,-0.045040842057031,0.0022574640736253,True,True,True,,2000
trees 2000,Random 30% #38,1028,0.0108722741433021,0.0501172124429944,-2.828551480740793e-05,-0.0392449382996922,0.0109005596581095,True,True,True,,2000
trees 2000,Random 30% #39,1028,0.0380230468256006,0.0433813304502996,-0.0248537488183772,-0.005358283624699,0.0628767956439778,True,True,True,,2000
trees 2000,Random 30% #40,1028,-0.0156995008383602,0.0594213282604554,-0.0404726384582216,-0.0751208290988157,0.0247731376198613,True,True,True,,2000
trees 2000,Random 30% #41,1028,0.0003191021554961,0.0464942751657124,-0.0391055656598198,-0.0461751730102163,0.0394246678153159,True,True,True,,2000
trees 2000,Random 30% #42,1028,0.0039796984507742,0.0454111371174291,-0.0072487674359,-0.0414314386666549,0.0112284658866743,True,True,True,,2000
trees 2000,Random 30% #43,1028,0.0320665445665445,0.0667378509627717,-0.0224874062576836,-0.0346713063962271,0.0545539508242281,True,True,True,,2000
trees 2000,Random 30% #44,1028,0.014617494198646,0.0489514196945097,-0.0200902592480173,-0.0343339254958637,0.0347077534466633,True,True,True,,2000
trees 2000,Random 30% #45,1028,-0.010677190889205,0.04998549587265,-0.0337786733020708,-0.060662686761855,0.0231014824128658,True,True,True,,2000
trees 2000,Random 30% #46,1028,-0.0211341559464426,0.0606580481943955,-0.0173142692430857,-0.0817922041408381,-0.0038198867033568,True,False,True,,2000
trees 2000,Random 30% #47,1028,0.0021068472535741,0.0710731182761433,-0.0061294308668489,-0.0689662710225691,0.0082362781204231,True,True,True,,2000
trees 2000,Random 30% #48,1028,0.0099373113536103,0.0643805310162858,-0.0301466096018969,-0.0544432196626754,0.0400839209555073,True,True,True,,2000
trees 2000,Random 30% #49,1028,-0.0033935788911766,0.0574110820191718,-0.0384355960328925,-0.0608046609103485,0.0350420171417159,True,True,True,,2000
trees 2000,Random 30% #50,1028,-0.0149638584774062,0.054510977482663,-0.0086214103307273,-0.0694748359600692,-0.0063424481466789,True,False,True,,2000
trees 4000,All Patients,3429,0.0078818040435458,0.0493870689700266,-0.0035194063280074,-0.0415052649264808,0.0114012103715532,True,True,True,,4000
trees 4000,ICUType 1.0,490,0.0294939989088925,0.0871757265082603,0.0058343644580044,-0.0576817275993678,0.023659634450888,False,True,True,,4000
trees 4000,ICUType 2.0,643,-0.000975689080413,0.0202216160186345,-0.0124204487249896,-0.0211973050990476,0.0114447596445766,True,True,True,,4000
trees 4000,ICUType 3.0,1357,-0.0217764843549488,0.0496904221036184,-0.0344612548879838,-0.0714669064585672,0.012684770533035,True,True,True,,4000
trees 4000,ICUType 4.0,939,0.0202084035501629,0.0642310351344122,-0.005673733270744,-0.0440226315842493,0.0258821368209069,True,True,True,,4000
trees 4000,Age decile 0,374,0.046026807780653,0.0546103160366376,-0.0284967518654306,-0.0085835082559845,0.0745235596460836,True,True,True,,4000
trees 4000,Age decile 1,344,0.0273634472301562,0.0443080419613359,-0.0363736148707489,-0.0169445947311797,0.0637370621009052,True,True,True,,4000
trees 4000,Age decile 2,347,0.0042864169770219,0.0070144104892515,0.0045766655799615,-0.0027279935122295,-0.0002902486029395,False,False,False,,4000
trees 4000,Age decile 3,325,0.0096292729898892,0.0591493347976968,-0.0350255089270863,-0.0495200618078075,0.0446547819169756,True,True,True,,4000
trees 4000,Age decile 4,372,-0.0152359717577108,0.0481283039887647,-0.0466751209889005,-0.0633642757464756,0.0314391492311896,True,True,True,,4000
trees 4000,Age decile 5,344,-0.0250497851378262,0.0399568107339584,-0.0162815252180308,-0.0650065958717846,-0.0087682599197954,True,False,True,,4000
trees 4000,Age decile 6,397,-0.0004719207173194,0.0490804292877342,-0.0862304959571748,-0.0495523500050537,0.0857585752398553,True,True,True,,4000
trees 4000,Age decile 7,247,0.0173747705218987,0.0675498890266677,-0.0047344450859657,-0.0501751185047689,0.0221092156078645,True,True,True,,4000
trees 4000,Age decile 8,354,-0.0216450216450216,0.031689017395188,-0.0297964142423051,-0.0533340390402096,0.0081513925972835,True,True,True,,4000
trees 4000,Age decile 9,325,-0.0771864301276066,0.0954996697309314,-0.0574642244519852,-0.172686099858538,-0.0197222056756213,True,False,True,,4000
trees 4000,HR quartile 0,877,0.0371049136786188,0.0692381005163314,-0.0088951271880987,-0.0321331868377126,0.0460000408667175,True,True,True,,4000
trees 4000,HR quartile 1,917,-0.0169849537037037,0.0320217633655725,-0.0180703353308046,-0.0490067170692762,0.0010853816271009,True,True,True,,4000
trees 4000,HR quartile 2,816,0.034861311019492,0.0522421779702129,-0.0084589689348652,-0.0173808669507208,0.0433202799543573,True,True,True,,4000
trees 4000,HR quartile 3,819,-0.0232600311906863,0.05912268797907,-0.021912911745019,-0.0823827191697563,-0.0013471194456672,True,False,True,,4000
trees 4000,MAP quartile 0,877,-0.0141240285818599,0.0571315670685257,-0.0359961879861798,-0.0712555956503856,0.0218721594043199,True,True,True,,4000
trees 4000,MAP quartile 1,840,0.02392179413456,0.0573070311928823,-0.0109644958348873,-0.0333852370583222,0.0348862899694474,True,True,True,,4000
trees 4000,MAP quartile 2,866,0.0104058609958506,0.0638025958783787,-0.0373431986369251,-0.0533967348825281,0.0477490596327758,True,True,True,,4000
trees 4000,MAP quartile 3,846,0.0090927756430939,0.07969084817757,0.0101555838330612,-0.0705980725344761,-0.0010628081899673,False,False,False,,4000
trees 4000,Temp quartile 0,902,0.0068727157158747,0.0782320264514426,-0.00424774235297,-0.0713593107355678,0.0111204580688448,True,True,True,,4000
trees 4000,Temp quartile 1,864,0.0305627470437901,0.0701559936216429,-0.0475557630391131,-0.0395932465778527,0.0781185100829033,True,True,True,,4000
trees 4000,Temp quartile 2,838,-0.0036346905912123,0.0417940369584573,-0.0099269945178878,-0.0454287275496696,0.0062923039266754,True,True,True,,4000
trees 4000,Temp quartile 3,825,-0.0023612750885478,0.0613363443121521,-0.0182017655926181,-0.0636976194006999,0.0158404905040703,True,True,True,,4000
trees 4000,Urine quartile 0,859,-0.0313289760348584,0.0748332032118293,-0.0570426768441327,-0.1061621792466877,0.0257137008092743,True,True,True,,4000
trees 4000,Urine quartile 1,913,-0.0210526315789473,0.0350470360030257,-0.0223750156644833,-0.056099667581973,0.0013223840855359,True,True,True,,4000
trees 4000,Urine quartile 2,802,0.0149901230333403,0.0587368603484714,-0.0282257476317776,-0.0437467373151311,0.0432158706651179,True,True,True,,4000
trees 4000,Urine quartile 3,855,0.0601118199903958,0.0586876082760498,-0.0295217946932729,0.0014242117143459,0.0896336146836687,True,False,True,,4000
trees 4000,SAPS quartile 0,1025,0.0026756349262149,0.0419372513361857,-0.021408653194702,-0.0392616164099707,0.024084288120917,True,True,True,,4000
trees 4000,SAPS quartile 1,946,0.0452124666297511,0.0650322995567985,-0.0474284666629981,-0.0198198329270473,0.0926409332927492,True,True,True,,4000
trees 4000,SAPS quartile 2,660,0.0015384615384615,0.0523132349909294,-0.0178592443479591,-0.0507747734524679,0.0193977058864207,True,True,True,,4000
trees 4000,SAPS quartile 3,798,-0.0389986891196934,0.0659248339606244,0.0073489246641372,-0.1049235230803179,-0.0463476137838306,False,False,False,,4000
trees 4000,HR > 100,945,-0.0351262896411669,0.0580480041324557,-0.0353127856087833,-0.0931742937736227,0.0001864959676163,True,True,True,,4000
trees 4000,MAP < 65,697,-0.0279136809159047,0.0343385526264313,-0.0444381117904943,-0.0622522335423361,0.0165244308745895,True,True,True,,4000
trees 4000,Temp > 38C,267,-0.0430204913392958,0.0572494811883481,-0.011438405258862,-0.100269972527644,-0.0315820860804337,True,False,True,,4000
trees 4000,Urine > 1000,210,0.0458952811893988,0.0581323054817211,-0.0207822208487976,-0.0122370242923222,0.0666775020381964,True,True,True,,4000
trees 4000,Random 50% #1,1714,0.0148182289884191,0.0552754748545142,-0.0163260557123225,-0.040457245866095,0.0311442847007417,True,True,True,,4000
trees 4000,Random 50% #2,1714,0.0038708396744524,0.0501063735811609,-0.0266843009135932,-0.0462355339067084,0.0305551405880457,True,True,True,,4000
trees 4000,Random 50% #3,1714,0.0221853388658367,0.0584484168260047,-0.0181335573950456,-0.0362630779601679,0.0403188962608823,True,True,True,,4000
trees 4000,Random 50% #4,1714,0.0209444740819774,0.0647560747280448,-0.0245075741349057,-0.0438116006460674,0.0454520482168831,True,True,True,,4000
trees 4000,Random 50% #5,1714,0.025145147627017,0.0591715090002818,-0.0129025017762293,-0.0340263613732647,0.0380476494032463,True,True,True,,4000
trees 4000,Random 50% #6,1714,-0.0032358828377694,0.0564127319770096,-0.0109804767115491,-0.0596486148147791,0.0077445938737796,True,True,True,,4000
trees 4000,Random 50% #7,1714,0.0203886964648963,0.050357812022465,-0.0047401745701173,-0.0299691155575687,0.0251288710350137,True,True,True,,4000
trees 4000,Random 50% #8,1714,-0.0080211409064465,0.0636595691617232,-0.0089666191995463,-0.0716807100681697,0.0009454782930998,True,True,True,,4000
trees 4000,Random 50% #9,1714,-0.0018808498325041,0.0736964916497887,-0.0139626454818576,-0.0755773414822929,0.0120817956493534,True,True,True,,4000
trees 4000,Random 50% #10,1714,0.0032849222618878,0.056342751695324,-0.0245247624849382,-0.0530578294334361,0.027809684746826,True,True,True,,4000
trees 4000,Random 50% #11,1714,0.0064028840624585,0.0559549463571138,-0.00883714871439,-0.0495520622946552,0.0152400327768486,True,True,True,,4000
trees 4000,Random 50% #12,1714,-0.0033234372422892,0.0523698366312834,-0.0196819866104205,-0.0556932738735727,0.0163585493681313,True,True,True,,4000
trees 4000,Random 50% #13,1714,0.0032517955657333,0.0574177360250329,-0.0109747976968299,-0.0541659404592996,0.0142265932625632,True,True,True,,4000
trees 4000,Random 50% #14,1714,0.0062157191184681,0.0516349981638407,-0.0317413929384402,-0.0454192790453726,0.0379571120569084,True,True,True,,4000
trees 4000,Random 50% #15,1714,0.0026854501430772,0.0555776414933533,-0.0036786578298998,-0.0528921913502761,0.006364107972977,True,True,True,,4000
trees 4000,Random 50% #16,1714,0.0188052608311229,0.076362287414992,-0.0194403877519938,-0.0575570265838691,0.0382456485831167,True,True,True,,4000
trees 4000,Random 50% #17,1714,0.0073507410721795,0.051709400533108,-0.0167371110847942,-0.0443586594609285,0.0240878521569738,True,True,True,,4000
trees 4000,Random 50% #18,1714,0.0251803786741562,0.0856608198994407,-0.0059131151259438,-0.0604804412252845,0.0310934938001,True,True,True,,4000
trees 4000,Random 50% #19,1714,0.0087463233253787,0.0468288057170811,-0.0393903297698167,-0.0380824823917023,0.0481366530951955,True,True,True,,4000
trees 4000,Random 50% #20,1714,0.0239488541873964,0.0571639440350059,0.0139555461491288,-0.0332150898476095,0.0099933080382675,False,True,True,,4000
trees 4000,Random 50% #21,1714,0.0016605879752431,0.0363734268048524,-0.0175442135305015,-0.0347128388296092,0.0192048015057447,True,True,True,,4000
trees 4000,Random 50% #22,1714,0.0178287222426975,0.0636109212789943,-0.0112700140907284,-0.0457821990362967,0.029098736333426,True,True,True,,4000
trees 4000,Random 50% #23,1714,-0.0051929851771431,0.0574740105727385,-0.0128751846467536,-0.0626669957498817,0.0076821994696105,True,True,True,,4000
trees 4000,Random 50% #24,1714,0.0201698382197979,0.0621100732633576,-0.0109820160850133,-0.0419402350435596,0.0311518543048113,True,True,True,,4000
trees 4000,Random 50% #25,1714,0.0024135223603308,0.0690430701414437,-0.0127163706178447,-0.0666295477811129,0.0151298929781756,True,True,True,,4000
trees 4000,Random 50% #26,1714,-0.0063986093578627,0.0434518841198052,-0.014378780302917,-0.0498504934776679,0.0079801709450543,True,True,True,,4000
trees 4000,Random 50% #27,1714,-0.0048317683881064,0.0512172951080889,-0.0221395923242041,-0.0560490634961954,0.0173078239360977,True,True,True,,4000
trees 4000,Random 50% #28,1714,0.0098094573797898,0.0491208700704439,-0.0147646697794009,-0.0393114126906541,0.0245741271591907,True,True,True,,4000
trees 4000,Random 50% #29,1714,0.0125552608311229,0.053196094123202,-0.0255784198322256,-0.0406408332920791,0.0381336806633485,True,True,True,,4000
trees 4000,Random 50% #30,1714,0.0022139615866539,0.0510874009447855,-0.0263302207164426,-0.0488734393581316,0.0285441823030965,True,True,True,,4000
trees 4000,Random 50% #31,1714,0.0081502190717898,0.0573799394125148,-0.0064716945217621,-0.0492297203407249,0.0146219135935519,True,True,True,,4000
trees 4000,Random 50% #32,1714,-0.0092920029904661,0.0438534263481023,-0.0025153503655493,-0.0531454293385685,-0.0067766526249168,True,False,True,,4000
trees 4000,Random 50% #33,1714,-0.002514181228832,0.0517767296422836,-0.0141299191338457,-0.0542909108711157,0.0116157379050137,True,True,True,,4000
trees 4000,Random 50% #34,1714,0.0070180513371488,0.0567026940746185,-0.0220682159296272,-0.0496846427374697,0.0290862672667761,True,True,True,,4000
trees 4000,Random 50% #35,1714,0.0093248828878478,0.0647858288546334,-0.0252656324148478,-0.0554609459667856,0.0345905153026957,True,True,True,,4000
trees 4000,Random 50% #36,1714,0.016912667846362,0.0581084149881623,-0.0093357128590007,-0.0411957471418003,0.0262483807053627,True,True,True,,4000
trees 4000,Random 50% #37,1714,0.0036653828805384,0.0520120775668389,-0.0256170946780912,-0.0483466946863004,0.0292824775586297,True,True,True,,4000
trees 4000,Random 50% #38,1714,0.0021576191788371,0.069626172621315,-0.0099395484984314,-0.0674685534424779,0.0120971676772685,True,True,True,,4000
trees 4000,Random 50% #39,1714,0.0170086158804934,0.0521619908608526,-0.0190984803948505,-0.0351533749803592,0.0361070962753439,True,True,True,,4000
trees 4000,Random 50% #40,1714,0.018520937100027,0.0726004946271678,-0.0074955209807023,-0.0540795575271408,0.0260164580807294,True,True,True,,4000
trees 4000,Random 50% #41,1714,0.0027199322354597,0.0562023233335085,-0.0134372695724891,-0.0534823910980487,0.0161572018079488,True,True,True,,4000
trees 4000,Random 50% #42,1714,0.0178900300253214,0.0541168130028065,-0.0233986302996834,-0.036226782977485,0.0412886603250048,True,True,True,,4000
trees 4000,Random 50% #43,1714,0.0169958506224066,0.0584469162976001,-0.0089649210394524,-0.0414510656751935,0.025960771661859,True,True,True,,4000
trees 4000,Random 50% #44,1714,-0.0080414937759336,0.0524689213416322,-0.0296642745778406,-0.0605104151175659,0.0216227808019069,True,True,True,,4000
trees 4000,Random 50% #45,1714,-0.0006684003732017,0.0461551234438808,-0.0151589744693206,-0.0468235238170825,0.0144905740961189,True,True,True,,4000
trees 4000,Random 50% #46,1714,-0.0127567411871579,0.0623946315469317,-0.0012761886442153,-0.0751513727340897,-0.0114805525429426,True,False,True,,4000
trees 4000,Random 50% #47,1714,-0.0023071888899981,0.0552245921636319,0.0001789418161791,-0.05753178105363,-0.0024861307061772,False,False,False,,4000
trees 4000,Random 50% #48,1714,0.0007707867678387,0.0626413837311569,-0.0095919059386793,-0.0618705969633181,0.0103626927065181,True,True,True,,4000
trees 4000,Random 50% #49,1714,-0.0052585890287469,0.0450165101625334,-0.0153091346339638,-0.0502750991912804,0.0100505456052168,True,True,True,,4000
trees 4000,Random 50% #50,1714,-0.009935439192208,0.0528042982329409,-0.0213975945939464,-0.0627397374251489,0.0114621554017384,True,True,True,,4000
trees 4000,Random 30% #1,1028,0.0177032019704433,0.0724547036930435,-0.0075523161101087,-0.0547515017226001,0.0252555180805521,True,True,True,,4000
trees 4000,Random 30% #2,1028,-0.0188812287552644,0.063047234509782,-0.0164099135879568,-0.0819284632650465,-0.0024713151673076,True,False,True,,4000
trees 4000,Random 30% #3,1028,-0.0136963318843895,0.0354780556874956,-0.0300353622381992,-0.0491743875718852,0.0163390303538097,True,True,True,,4000
trees 4000,Random 30% #4,1028,0.012612065619632,0.0357767648234701,-0.020871419424015,-0.023164699203838,0.0334834850436471,True,True,True,,4000
trees 4000,Random 30% #5,1028,0.012955140579904,0.0675788277454906,2.8062009178625447e-05,-0.0546236871655865,0.0129270785707254,False,True,True,,4000
trees 4000,Random 30% #6,1028,0.011061887501678,0.0717767420764212,-0.026046694704528,-0.0607148545747431,0.0371085822062061,True,True,True,,4000
trees 4000,Random 30% #7,1028,-0.0019795447047178,0.0462833992069735,-0.0157143025696655,-0.0482629439116913,0.0137347578649476,True,True,True,,4000
trees 4000,Random 30% #8,1028,-0.0013757582957458,0.0582806674980872,-0.0080219598242542,-0.0596564257938331,0.0066462015285084,True,True,True,,4000
trees 4000,Random 30% #9,1028,0.0167924069116573,0.0402510242664979,-0.0043566784371269,-0.0234586173548406,0.0211490853487842,True,True,True,,4000
trees 4000,Random 30% #10,1028,0.0218614718614718,0.0439306268302845,-0.0264944136745554,-0.0220691549688127,0.0483558855360272,True,True,True,,4000
trees 4000,Random 30% #11,1028,0.0036992125742528,0.0557776330704704,-0.0403945991436207,-0.0520784204962175,0.0440938117178735,True,True,True,,4000
trees 4000,Random 30% #12,1028,-0.0176439165409753,0.0508185055620354,-0.0397095510266002,-0.0684624221030107,0.0220656344856249,True,True,True,,4000
trees 4000,Random 30% #13,1028,0.0061871080085679,0.0908307270828781,-0.0096806122057583,-0.0846436190743101,0.0158677202143263,True,True,True,,4000
trees 4000,Random 30% #14,1028,-0.0024039572835282,0.0577833685115367,-0.0115125871010577,-0.0601873257950649,0.0091086298175294,True,True,True,,4000
trees 4000,Random 30% #15,1028,-0.0014797507788162,0.0638505643982909,-0.0287699823359345,-0.0653303151771071,0.0272902315571183,True,True,True,,4000
trees 4000,Random 30% #16,1028,0.006823838043474,0.0548428296029065,-0.0212867811970664,-0.0480189915594324,0.0281106192405404,True,True,True,,4000
trees 4000,Random 30% #17,1028,0.0030261642698374,0.0600630563576002,-0.0146811978123876,-0.0570368920877628,0.0177073620822251,True,True,True,,4000
trees 4000,Random 30% #18,1028,0.008237689744539,0.0522662315415891,-0.0282262242685612,-0.0440285417970501,0.0364639140131003,True,True,True,,4000
trees 4000,Random 30% #19,1028,0.0066883064376393,0.0434321619110345,-0.0345476639196024,-0.0367438554733952,0.0412359703572417,True,True,True,,4000
trees 4000,Random 30% #20,1028,-0.0099963316214233,0.0664703740198436,-0.0233564780758449,-0.076466705641267,0.0133601464544216,True,True,True,,4000
trees 4000,Random 30% #21,1028,0.002277451699682,0.0556801148938892,-0.0451708288473972,-0.0534026631942072,0.0474482805470793,True,True,True,,4000
trees 4000,Random 30% #22,1028,0.0271739130434782,0.0525110730374137,-0.0079698104119262,-0.0253371599939354,0.0351437234554044,True,True,True,,4000
trees 4000,Random 30% #23,1028,0.0053719593676173,0.0837212887508703,-0.0077969682688477,-0.0783493293832529,0.0131689276364651,True,True,True,,4000
trees 4000,Random 30% #24,1028,0.0374355138753044,0.0545908896263767,-0.0198987226926971,-0.0171553757510722,0.0573342365680015,True,True,True,,4000
trees 4000,Random 30% #25,1028,0.0207335170659317,0.0619407599398334,0.0048043697528121,-0.0412072428739017,0.0159291473131195,False,True,True,,4000
trees 4000,Random 30% #26,1028,0.000322640117994,0.0741795409763418,-0.0466309801258281,-0.0738569008583477,0.0469536202438222,True,True,True,,4000
trees 4000,Random 30% #27,1028,-0.0133699862551543,0.0653039201272439,-0.0309564445687347,-0.0786739063823983,0.0175864583135804,True,True,True,,4000
trees 4000,Random 30% #28,1028,0.0048546691403834,0.0487457156531647,-0.0015624907068589,-0.0438910465127813,0.0064171598472423,True,True,True,,4000
trees 4000,Random 30% #29,1028,0.0132264436461088,0.0494188465992193,-0.0289938233592558,-0.0361924029531104,0.0422202670053647,True,True,True,,4000
trees 4000,Random 30% #30,1028,0.0073191060456281,0.0574905066869902,-0.0292023473570226,-0.0501714006413621,0.0365214534026507,True,True,True,,4000
trees 4000,Random 30% #31,1028,0.0186572318838355,0.0801546573323538,-0.0141423094004691,-0.0614974254485182,0.0327995412843047,True,True,True,,4000
trees 4000,Random 30% #32,1028,0.0146773132638857,0.0644038370494857,-0.0253731955145226,-0.0497265237855999,0.0400505087784083,True,True,True,,4000
trees 4000,Random 30% #33,1028,0.0107989019115876,0.0615665268349851,-0.0158592800556569,-0.0507676249233974,0.0266581819672445,True,True,True,,4000
trees 4000,Random 30% #34,1028,0.0036708111308466,0.050053499628957,-0.0102149475246551,-0.0463826884981104,0.0138857586555017,True,True,True,,4000
trees 4000,Random 30% #35,1028,-0.0021279853031231,0.0605439168550747,-0.0331298958492725,-0.0626719021581978,0.0310019105461494,True,True,True,,4000
trees 4000,Random 30% #36,1028,-0.0048226599270606,0.0535565150930186,-0.0349646696604765,-0.0583791750200792,0.0301420097334158,True,True,True,,4000
trees 4000,Random 30% #37,1028,-0.0037446257685728,0.0427798856662575,-0.003877171031706,-0.0465245114348304,0.0001325452631332,True,True,True,,4000
trees 4000,Random 30% #38,1028,0.0108722741433021,0.0524525189157785,-0.0052835148045848,-0.0415802447724763,0.016155788947887,True,True,True,,4000
trees 4000,Random 30% #39,1028,0.0380230468256006,0.0467803409977993,-0.0306810860565584,-0.0087572941721987,0.068704132882159,True,True,True,,4000
trees 4000,Random 30% #40,1028,-0.0156995008383602,0.0645400980165193,-0.0457978510250551,-0.0802395988548795,0.0300983501866948,True,True,True,,4000
trees 4000,Random 30% #41,1028,0.0003191021554961,0.0502430135680469,-0.0428778971509529,-0.0499239114125508,0.043196999306449,True,True,True,,4000
trees 4000,Random 30% #42,1028,0.0039796984507742,0.0477296876604185,-0.0078879871472171,-0.0437499892096443,0.0118676855979914,True,True,True,,4000
trees 4000,Random 30% #43,1028,0.0320665445665445,0.07231223439595,-0.0301495662401028,-0.0402456898294054,0.0622161108066474,True,True,True,,4000
trees 4000,Random 30% #44,1028,0.014617494198646,0.0543790635861822,-0.024853825669438,-0.0397615693875361,0.0394713198680841,True,True,True,,4000
trees 4000,Random 30% #45,1028,-0.010677190889205,0.0519011677319851,-0.039255297003192,-0.0625783586211901,0.0285781061139869,True,True,True,,4000
trees 4000,Random 30% #46,1028,-0.0211341559464426,0.0638227563782697,-0.0193828260076317,-0.0849569123247123,-0.0017513299388109,True,False,True,,4000
trees 4000,Random 30% #47,1028,0.0021068472535741,0.0734733175445377,-0.0056681157843059,-0.0713664702909635,0.00777496303788,True,True,True,,4000
trees 4000,Random 30% #48,1028,0.0099373113536103,0.0684451135420956,-0.0346474965790554,-0.0585078021884852,0.0445848079326658,True,True,True,,4000
trees 4000,Random 30% #49,1028,-0.0033935788911766,0.0592067648085102,-0.0409060091820872,-0.0626003436996869,0.0375124302909105,True,True,True,,4000
trees 4000,Random 30% #50,1028,-0.0149638584774062,0.058019293611831,-0.0132562409638107,-0.0729831520892373,-0.0017076175135955,True,False,True,,4000
trees 10000,All Patients,3429,0.0078818040435458,0.0559065352477457,-0.00928813731064,-0.0480247312041998,0.0171699413541859,True,True,True,,10000
trees 10000,ICUType 1.0,490,0.0294939989088925,0.0888223868292702,0.0029338352462424,-0.0593283879203777,0.02656016366265,False,True,True,,10000
trees 10000,ICUType 2.0,643,-0.000975689080413,0.022273530198765,-0.0174722862065633,-0.0232492192791781,0.0164965971261502,True,True,True,,10000
trees 10000,ICUType 3.0,1357,-0.0217764843549488,0.0510287519439723,-0.0344720871873058,-0.0728052362989212,0.0126956028323569,True,True,True,,10000
trees 10000,ICUType 4.0,939,0.0202084035501629,0.065398802192063,-0.0094655424320951,-0.0451903986419,0.029673945982258,True,True,True,,10000
trees 10000,Age decile 0,374,0.046026807780653,0.0553480563208502,-0.0307507859058698,-0.0093212485401972,0.0767775936865229,True,True,True,,10000
trees 10000,Age decile 1,344,0.0273634472301562,0.0429401063213379,-0.0388984916101125,-0.0155766590911816,0.0662619388402687,True,True,True,,10000
trees 10000,Age decile 2,347,0.0042864169770219,0.0043668300088257,-0.0022905758021378,-8.041303180378323e-05,0.0065769927791598,True,True,True,,10000
trees 10000,Age decile 3,325,0.0096292729898892,0.061338597604504,-0.0342236546214635,-0.0517093246146147,0.0438529276113528,True,True,True,,10000
trees 10000,Age decile 4,372,-0.0152359717577108,0.0469275245839854,-0.0487351988161102,-0.0621634963416963,0.0334992270583993,True,True,True,,10000
trees 10000,Age decile 5,344,-0.0250497851378262,0.0500384503787179,-0.0254975471428436,-0.0750882355165441,0.0004477620050173,True,True,True,,10000
trees 10000,Age decile 6,397,-0.0004719207173194,0.0541347739836833,-0.0874248219135364,-0.0546066947010028,0.0869529011962169,True,True,True,,10000
trees 10000,Age decile 7,247,0.0173747705218987,0.0701892221099449,-0.003484898123796,-0.0528144515880461,0.0208596686456948,True,True,True,,10000
trees 10000,Age decile 8,354,-0.0216450216450216,0.031892961435542,-0.0283919309360549,-0.0535379830805637,0.0067469092910332,True,True,True,,10000
trees 10000,Age decile 9,325,-0.0771864301276066,0.0971684765044076,-0.0619757205117284,-0.1743549066320143,-0.0152107096158781,True,False,True,,10000
trees 10000,HR quartile 0,877,0.0371049136786188,0.0702192019765668,-0.0110155072513162,-0.0331142882979479,0.048120420929935,True,True,True,,10000
trees 10000,HR quartile 1,917,-0.0169849537037037,0.0362288080820943,-0.0180254791707862,-0.053213761785798,0.0010405254670825,True,True,True,,10000
trees 10000,HR quartile 2,816,0.034861311019492,0.0541490957276587,-0.006074198164989,-0.0192877847081666,0.0409355091844811,True,True,True,,10000
trees 10000,HR quartile 3,819,-0.0232600311906863,0.0605102809449588,-0.0201786962558351,-0.0837703121356451,-0.0030813349348511,True,False,True,,10000
trees 10000,MAP quartile 0,877,-0.0141240285818599,0.0566991846157357,-0.0380817012472099,-0.0708232131975956,0.02395767266535,True,True,True,,10000
trees 10000,MAP quartile 1,840,0.02392179413456,0.0553749788354805,-0.0154195731457139,-0.0314531847009204,0.039341367280274,True,True,True,,10000
trees 10000,MAP quartile 2,866,0.0104058609958506,0.0634175322277333,-0.0372649750804015,-0.0530116712318827,0.0476708360762521,True,True,True,,10000
trees 10000,MAP quartile 3,846,0.0090927756430939,0.077861178651357,0.0098615647020337,-0.0687684030082631,-0.0007687890589398,False,False,False,,10000
trees 10000,Temp quartile 0,902,0.0068727157158747,0.080013262975828,-0.0087942075959754,-0.0731405472599532,0.0156669233118501,True,True,True,,10000
trees 10000,Temp quartile 1,864,0.0305627470437901,0.0755431399901432,-0.0486893442600778,-0.044980392946353,0.079252091303868,True,True,True,,10000
trees 10000,Temp quartile 2,838,-0.0036346905912123,0.0419412082061021,-0.0094159799467731,-0.0455758987973144,0.0057812893555607,True,True,True,,10000
trees 10000,Temp quartile 3,825,-0.0023612750885478,0.0637020156404774,-0.012818005423166,-0.0660632907290252,0.0104567303346182,True,True,True,,10000
trees 10000,Urine quartile 0,859,-0.0313289760348584,0.0776259020423285,-0.0627337941138168,-0.1089548780771869,0.0314048180789584,True,True,True,,10000
trees 10000,Urine quartile 1,913,-0.0210526315789473,0.0379659647617732,-0.0194609747392616,-0.0590185963407205,-0.0015916568396857,True,False,True,,10000
trees 10000,Urine quartile 2,802,0.0149901230333403,0.0595428077466947,-0.0325782245480396,-0.0445526847133544,0.0475683475813799,True,True,True,,10000
trees 10000,Urine quartile 3,855,0.0601118199903958,0.0603503338270743,-0.0300875966893242,-0.0002385138366784,0.09019941667972,True,True,True,,10000
trees 10000,SAPS quartile 0,1025,0.0026756349262149,0.0434985987245115,-0.0215042627847061,-0.0408229637982965,0.0241798977109211,True,True,True,,10000
trees 10000,SAPS quartile 1,946,0.0452124666297511,0.0702713502234732,-0.0466805480566305,-0.025058883593722,0.0918930146863817,True,True,True,,10000
trees 10000,SAPS quartile 2,660,0.0015384615384615,0.0529921909559689,-0.0187421100738847,-0.0514537294175073,0.0202805716123463,True,True,True,,10000
trees 10000,SAPS quartile 3,798,-0.0389986891196934,0.0677613413231073,0.0030280519555891,-0.1067600304428007,-0.0420267410752825,False,False,False,,10000
trees 10000,HR > 100,945,-0.0351262896411669,0.0589371467198342,-0.0331167603059342,-0.0940634363610012,-0.0020095293352327,True,False,True,,10000
trees 10000,MAP < 65,697,-0.0279136809159047,0.0328388091983236,-0.0387465407297335,-0.0607524901142284,0.0108328598138287,True,True,True,,10000
trees 10000,Temp > 38C,267,-0.0430204913392958,0.0654369056247139,-0.0140576355480498,-0.1084573969640097,-0.0289628557912459,True,False,True,,10000
trees 10000,Urine > 1000,210,0.0458952811893988,0.0589022607167186,-0.021268125968621,-0.0130069795273198,0.0671634071580199,True,True,True,,10000
trees 10000,Random 50% #1,1714,0.0148182289884191,0.0565040647991745,-0.018491710132332,-0.0416858358107553,0.0333099391207512,True,True,True,,10000
trees 10000,Random 50% #2,1714,0.0038708396744524,0.0525187382384398,-0.0303992840880822,-0.0486478985639873,0.0342701237625347,True,True,True,,10000
trees 10000,Random 50% #3,1714,0.0221853388658367,0.0626506273995635,-0.0180264356907521,-0.0404652885337267,0.0402117745565889,True,True,True,,10000
trees 10000,Random 50% #4,1714,0.0209444740819774,0.0664594195387821,-0.0294461481418994,-0.0455149454568046,0.0503906222238768,True,True,True,,10000
trees 10000,Random 50% #5,1714,0.025145147627017,0.0641663626471175,-0.0206310703885927,-0.0390212150201004,0.0457762180156098,True,True,True,,10000
trees 10000,Random 50% #6,1714,-0.0032358828377694,0.0580968739250305,-0.011602344498353,-0.0613327567628,0.0083664616605835,True,True,True,,10000
trees 10000,Random 50% #7,1714,0.0203886964648963,0.0541160784281764,-0.0090800432480705,-0.03372738196328,0.0294687397129669,True,True,True,,10000
trees 10000,Random 50% #8,1714,-0.0080211409064465,0.0664685507994098,-0.010493878419317,-0.0744896917058564,0.0024727375128704,True,True,True,,10000
trees 10000,Random 50% #9,1714,-0.0018808498325041,0.0790094985863684,-0.0170867154110592,-0.0808903484188726,0.015205865578555,True,True,True,,10000
trees 10000,Random 50% #10,1714,0.0032849222618878,0.0623844265990526,-0.0277601019713827,-0.0590995043371647,0.0310450242332706,True,True,True,,10000
trees 10000,Random 50% #11,1714,0.0064028840624585,0.0587560026402123,-0.0114734059000836,-0.0523531185777538,0.0178762899625421,True,True,True,,10000
trees 10000,Random 50% #12,1714,-0.0033234372422892,0.0533329222882544,-0.0212810858605428,-0.0566563595305436,0.0179576486182536,True,True,True,,10000
trees 10000,Random 50% #13,1714,0.0032517955657333,0.0590163956935335,-0.0080856503914309,-0.0557646001278002,0.0113374459571642,True,True,True,,10000
trees 10000,Random 50% #14,1714,0.0062157191184681,0.0529693493318069,-0.0326496754317656,-0.0467536302133387,0.0388653945502337,True,True,True,,10000
trees 10000,Random 50% #15,1714,0.0026854501430772,0.0530943966944305,-0.0043591848660619,-0.0504089465513532,0.0070446350091391,True,True,True,,10000
trees 10000,Random 50% #16,1714,0.0188052608311229,0.0764334375548482,-0.0192331312756132,-0.0576281767237253,0.0380383921067361,True,True,True,,10000
trees 10000,Random 50% #17,1714,0.0073507410721795,0.0562171470047179,-0.0225656164191229,-0.0488664059325383,0.0299163574913025,True,True,True,,10000
trees 10000,Random 50% #18,1714,0.0251803786741562,0.0900657905399157,-0.0081835290903813,-0.0648854118657595,0.0333639077645375,True,True,True,,10000
trees 10000,Random 50% #19,1714,0.0087463233253787,0.0490893606289782,-0.0405816773645867,-0.0403430373035994,0.0493280006899655,True,True,True,,10000
trees 10000,Random 50% #20,1714,0.0239488541873964,0.0610554922776264,0.010222800006775,-0.0371066380902299,0.0137260541806213,False,True,True,,10000
trees 10000,Random 50% #21,1714,0.0016605879752431,0.0391030240621725,-0.0207790153907977,-0.0374424360869294,0.0224396033660409,True,True,True,,10000
trees 10000,Random 50% #22,1714,0.0178287222426975,0.0653228724407186,-0.0089631285201269,-0.0474941501980211,0.0267918507628245,True,True,True,,10000
trees 10000,Random 50% #23,1714,-0.0051929851771431,0.0589025843058286,-0.0168891294978301,-0.0640955694829717,0.011696144320687,True,True,True,,10000
trees 10000,Random 50% #24,1714,0.0201698382197979,0.0668081633863065,-0.0115169836673984,-0.0466383251665085,0.0316868218871963,True,True,True,,10000
trees 10000,Random 50% #25,1714,0.0024135223603308,0.0722260189062237,-0.0182871963854119,-0.0698124965458929,0.0207007187457427,True,True,True,,10000
trees 10000,Random 50% #26,1714,-0.0063986093578627,0.04687200616168,-0.0126062553991668,-0.0532706155195427,0.0062076460413041,True,True,True,,10000
trees 10000,Random 50% #27,1714,-0.0048317683881064,0.0529939888471966,-0.0207158924850841,-0.057825757235303,0.0158841240969777,True,True,True,,10000
trees 10000,Random 50% #28,1714,0.0098094573797898,0.0508500138301998,-0.0187860341272822,-0.0410405564504099,0.028595491507072,True,True,True,,10000
trees 10000,Random 50% #29,1714,0.0125552608311229,0.0551828480365514,-0.0297517118951643,-0.0426275872054285,0.0423069727262872,True,True,True,,10000
trees 10000,Random 50% #30,1714,0.0022139615866539,0.0520141077174649,-0.0313337917575767,-0.0498001461308109,0.0335477533442307,True,True,True,,10000
trees 10000,Random 50% #31,1714,0.0081502190717898,0.0607971575246747,-0.0070464258555651,-0.0526469384528849,0.015196644927355,True,True,True,,10000
trees 10000,Random 50% #32,1714,-0.0092920029904661,0.0453366277383478,-0.00691128990882,-0.0546286307288139,-0.0023807130816461,True,False,True,,10000
trees 10000,Random 50% #33,1714,-0.002514181228832,0.0528427759422426,-0.0163543179761886,-0.0553569571710746,0.0138401367473565,True,True,True,,10000
trees 10000,Random 50% #34,1714,0.0070180513371488,0.0598891362492255,-0.0216885303118484,-0.0528710849120767,0.0287065816489972,True,True,True,,10000
trees 10000,Random 50% #35,1714,0.0093248828878478,0.0661804616044619,-0.0291134977238963,-0.056855578716614,0.0384383806117442,True,True,True,,10000
trees 10000,Random 50% #36,1714,0.016912667846362,0.0628033271164611,-0.0118270600211846,-0.0458906592700991,0.0287397278675466,True,True,True,,10000
trees 10000,Random 50% #37,1714,0.0036653828805384,0.0548517921027093,-0.0251097535848039,-0.0511864092221708,0.0287751364653424,True,True,True,,10000
trees 10000,Random 50% #38,1714,0.0021576191788371,0.072200491433859,-0.0112023582909095,-0.0700428722550219,0.0133599774697466,True,True,True,,10000
trees 10000,Random 50% #39,1714,0.0170086158804934,0.0555350603179689,-0.0214415278516415,-0.0385264444374754,0.0384501437321349,True,True,True,,10000
trees 10000,Random 50% #40,1714,0.018520937100027,0.0764187511614434,-0.0103894910534751,-0.0578978140614163,0.0289104281535022,True,True,True,,10000
trees 10000,Random 50% #41,1714,0.0027199322354597,0.0539084921703469,-0.0139221699022684,-0.0511885599348871,0.0166421021377282,True,True,True,,10000
trees 10000,Random 50% #42,1714,0.0178900300253214,0.0573466368159759,-0.0262851086913691,-0.0394566067906545,0.0441751387166905,True,True,True,,10000
trees 10000,Random 50% #43,1714,0.0169958506224066,0.0619449336792321,-0.0128910032377771,-0.0449490830568255,0.0298868538601837,True,True,True,,10000
trees 10000,Random 50% #44,1714,-0.0080414937759336,0.0557641964895668,-0.0350246652755647,-0.0638056902655004,0.0269831714996311,True,True,True,,10000
trees 10000,Random 50% #45,1714,-0.0006684003732017,0.0459770787154503,-0.0170526050912071,-0.046645479088652,0.0163842047180054,True,True,True,,10000
trees 10000,Random 50% #46,1714,-0.0127567411871579,0.0625086979322185,-0.0026536718014645,-0.0752654391193764,-0.0101030693856933,True,False,True,,10000
trees 10000,Random 50% #47,1714,-0.0023071888899981,0.0582881914939657,-0.0047019203101623,-0.0605953803839638,0.0023947314201641,True,True,True,,10000
trees 10000,Random 50% #48,1714,0.0007707867678387,0.0651917629240515,-0.0108372661751146,-0.0644209761562127,0.0116080529429533,True,True,True,,10000
trees 10000,Random 50% #49,1714,-0.0052585890287469,0.048482515075498,-0.015993882601511,-0.0537411041042449,0.0107352935727641,True,True,True,,10000
trees 10000,Random 50% #50,1714,-0.009935439192208,0.0538548251326636,-0.0237428478804963,-0.0637902643248716,0.0138074086882882,True,True,True,,10000
trees 10000,Random 30% #1,1028,0.0177032019704433,0.0733126966543502,-0.0102760702054062,-0.0556094946839069,0.0279792721758495,True,True,True,,10000
trees 10000,Random 30% #2,1028,-0.0188812287552644,0.0673719952934113,-0.017632393301823,-0.0862532240486758,-0.0012488354534414,True,False,True,,10000
trees 10000,Random 30% #3,1028,-0.0136963318843895,0.035763124215953,-0.0311966730509436,-0.0494594561003426,0.0175003411665541,True,True,True,,10000
trees 10000,Random 30% #4,1028,0.012612065619632,0.0383187749857643,-0.0199840738847975,-0.0257067093661322,0.0325961395044296,True,True,True,,10000
trees 10000,Random 30% #5,1028,0.012955140579904,0.0729317782807307,-0.0007928934529715,-0.0599766377008266,0.0137480340328755,True,True,True,,10000
trees 10000,Random 30% #6,1028,0.011061887501678,0.0747954343370947,-0.0272262720253656,-0.0637335468354167,0.0382881595270437,True,True,True,,10000
trees 10000,Random 30% #7,1028,-0.0019795447047178,0.0448355237018527,-0.0195783435686132,-0.0468150684065706,0.0175987988638953,True,True,True,,10000
trees 10000,Random 30% #8,1028,-0.0013757582957458,0.057115621096014,-0.0075803625958402,-0.0584913793917599,0.0062046043000943,True,True,True,,10000
trees 10000,Random 30% #9,1028,0.0167924069116573,0.0443831104036168,-0.0054455224719812,-0.0275907034919594,0.0222379293836386,True,True,True,,10000
trees 10000,Random 30% #10,1028,0.0218614718614718,0.0435071326935026,-0.03144160752642,-0.0216456608320308,0.0533030793878918,True,True,True,,10000
trees 10000,Random 30% #11,1028,0.0036992125742528,0.0585911984758137,-0.0401913284042874,-0.0548919859015609,0.0438905409785402,True,True,True,,10000
trees 10000,Random 30% #12,1028,-0.0176439165409753,0.0499713595786845,-0.0439444795479528,-0.0676152761196599,0.0263005630069775,True,True,True,,10000
trees 10000,Random 30% #13,1028,0.0061871080085679,0.0947801988490455,-0.0115097470446071,-0.0885930908404775,0.017696855053175,True,True,True,,10000
trees 10000,Random 30% #14,1028,-0.0024039572835282,0.0588764535440642,-0.0115933315089766,-0.0612804108275925,0.0091893742254483,True,True,True,,10000
trees 10000,Random 30% #15,1028,-0.0014797507788162,0.0678726136587524,-0.0300125052122213,-0.0693523644375686,0.028532754433405,True,True,True,,10000
trees 10000,Random 30% #16,1028,0.006823838043474,0.0592247384042124,-0.0236974471497575,-0.0524009003607384,0.0305212851932315,True,True,True,,10000
trees 10000,Random 30% #17,1028,0.0030261642698374,0.0605465910506256,-0.0143353483462599,-0.0575204267807881,0.0173615126160974,True,True,True,,10000
trees 10000,Random 30% #18,1028,0.008237689744539,0.0548861058039164,-0.0337348233057864,-0.0466484160593774,0.0419725130503254,True,True,True,,10000
trees 10000,Random 30% #19,1028,0.0066883064376393,0.0434280711953749,-0.0317849130483278,-0.0367397647577356,0.0384732194859672,True,True,True,,10000
trees 10000,Random 30% #20,1028,-0.0099963316214233,0.0697043225579539,-0.0253777158545744,-0.0797006541793773,0.015381384233151,True,True,True,,10000
trees 10000,Random 30% #21,1028,0.002277451699682,0.055068970756468,-0.044074253132315,-0.052791519056786,0.0463517048319971,True,True,True,,10000
trees 10000,Random 30% #22,1028,0.0271739130434782,0.0550081250451232,-0.0109449048085751,-0.0278342120016449,0.0381188178520534,True,True,True,,10000
trees 10000,Random 30% #23,1028,0.0053719593676173,0.0861914692873403,-0.0120997654008925,-0.0808195099197229,0.0174717247685099,True,True,True,,10000
trees 10000,Random 30% #24,1028,0.0374355138753044,0.0549035594176953,-0.0233267210654282,-0.0174680455423908,0.0607622349407327,True,True,True,,10000
trees 10000,Random 30% #25,1028,0.0207335170659317,0.0623316265035332,0.0015812885606599,-0.0415981094376014,0.0191522285052718,False,True,True,,10000
trees 10000,Random 30% #26,1028,0.000322640117994,0.0763378269691863,-0.0486372818525882,-0.0760151868511922,0.0489599219705823,True,True,True,,10000
trees 10000,Random 30% #27,1028,-0.0133699862551543,0.0681888452680453,-0.0300642176966752,-0.0815588315231997,0.0166942314415209,True,True,True,,10000
trees 10000,Random 30% #28,1028,0.0048546691403834,0.0518722049427554,-0.0031055069238301,-0.047017535802372,0.0079601760642135,True,True,True,,10000
trees 10000,Random 30% #29,1028,0.0132264436461088,0.052210920087107,-0.0282891971965328,-0.0389844764409981,0.0415156408426417,True,True,True,,10000
trees 10000,Random 30% #30,1028,0.0073191060456281,0.0557992060154654,-0.031862119322803,-0.0484800999698373,0.0391812253684311,True,True,True,,10000
trees 10000,Random 30% #31,1028,0.0186572318838355,0.0824691006853189,-0.0173789749207945,-0.0638118688014834,0.03603620680463,True,True,True,,10000
trees 10000,Random 30% #32,1028,0.0146773132638857,0.0638052652404279,-0.0262636471036622,-0.0491279519765422,0.0409409603675479,True,True,True,,10000
trees 10000,Random 30% #33,1028,0.0107989019115876,0.0621160936148672,-0.0164777786824744,-0.0513171917032796,0.027276680594062,True,True,True,,10000
trees 10000,Random 30% #34,1028,0.0036708111308466,0.0514897288095757,-0.0148072495678092,-0.047818917678729,0.0184780606986559,True,True,True,,10000
trees 10000,Random 30% #35,1028,-0.0021279853031231,0.0643093843167679,-0.0367855191198997,-0.066437369619891,0.0346575338167766,True,True,True,,10000
trees 10000,Random 30% #36,1028,-0.0048226599270606,0.0570235779176921,-0.0385572469537396,-0.0618462378447528,0.033734587026679,True,True,True,,10000
trees 10000,Random 30% #37,1028,-0.0037446257685728,0.041067685981763,-0.0024446693959436,-0.0448123117503359,-0.0012999563726291,True,False,True,,10000
trees 10000,Random 30% #38,1028,0.0108722741433021,0.0529314494480818,-0.0088490849136987,-0.0420591753047797,0.0197213590570009,True,True,True,,10000
trees 10000,Random 30% #39,1028,0.0380230468256006,0.0505219758311752,-0.0339910650086738,-0.0124989290055746,0.0720141118342744,True,True,True,,10000
trees 10000,Random 30% #40,1028,-0.0156995008383602,0.0686562328770176,-0.0501344874336373,-0.0843557337153778,0.034434986595277,True,True,True,,10000
trees 10000,Random 30% #41,1028,0.0003191021554961,0.0510239883234787,-0.0483517251461424,-0.0507048861679826,0.0486708273016385,True,True,True,,10000
trees 10000,Random 30% #42,1028,0.0039796984507742,0.0482780516904002,-0.0042213133039365,-0.0442983532396259,0.0082010117547107,True,True,True,,10000
trees 10000,Random 30% #43,1028,0.0320665445665445,0.0741098112598122,-0.0358932855301997,-0.0420432666932676,0.0679598300967443,True,True,True,,10000
trees 10000,Random 30% #44,1028,0.014617494198646,0.0577987717656709,-0.0303123122484755,-0.0431812775670248,0.0449298064471216,True,True,True,,10000
trees 10000,Random 30% #45,1028,-0.010677190889205,0.0523553987944035,-0.0420838366632202,-0.0630325896836085,0.0314066457740152,True,True,True,,10000
trees 10000,Random 30% #46,1028,-0.0211341559464426,0.0633249098883834,-0.0186866546711189,-0.084459065834826,-0.0024475012753237,True,False,True,,10000
trees 10000,Random 30% #47,1028,0.0021068472535741,0.0747299869286727,-0.0059158887182475,-0.0726231396750986,0.0080227359718216,True,True,True,,10000
trees 10000,Random 30% #48,1028,0.0099373113536103,0.0702688257775535,-0.0378637567277155,-0.0603315144239431,0.0478010680813259,True,True,True,,10000
trees 10000,Random 30% #49,1028,-0.0033935788911766,0.0589977049798279,-0.0417640353099738,-0.0623912838710046,0.0383704564187971,True,True,True,,10000
trees 10000,Random 30% #50,1028,-0.0149638584774062,0.0572152299596711,-0.0152596489753695,-0.0721790884370774,0.0002957904979632,True,True,True,,10000
