setting,subset,n,difference,explained_menref,explained_womenref,unexplained_menref,unexplained_womenref,explained_flip,unexplained_flip,any_flip,error,max_depth
depth 1,All Patients,3429,0.0078818040435458,0.0132238391812382,0.0187394986737465,-0.0053420351376924,-0.0108576946302006,False,False,False,,1
depth 1,ICUType 1.0,490,0.0294939989088925,0.0370023204188995,0.0418698161759017,-0.0075083215100069,-0.0123758172670092,False,False,False,,1
depth 1,ICUType 2.0,643,-0.000975689080413,-0.001751998937786,0.0058466243214869,0.000776309857373,-0.0068223134019,True,True,True,,1
depth 1,ICUType 3.0,1357,-0.0217764843549488,0.0017708896644636,0.004027018929242,-0.0235473740194125,-0.0258035032841909,False,False,False,,1
depth 1,ICUType 4.0,939,0.0202084035501629,0.0175853132996103,0.0367496839175481,0.0026230902505525,-0.0165412803673851,False,True,True,,1
depth 1,Age decile 0,374,0.046026807780653,0.0219205785136273,0.0131138799552378,0.0241062292670257,0.0329129278254152,False,False,False,,1
depth 1,Age decile 1,344,0.0273634472301562,0.02234092660107,0.0036654283187732,0.0050225206290862,0.023698018911383,False,False,False,,1
depth 1,Age decile 2,347,0.0042864169770219,-0.0093687048049892,0.0227434595065287,0.0136551217820112,-0.0184570425295067,True,True,True,,1
depth 1,Age decile 3,325,0.0096292729898892,0.0193248375510559,0.017079853631877,-0.0096955645611667,-0.0074505806419878,False,False,False,,1
depth 1,Age decile 4,372,-0.0152359717577108,-0.002005328228043,-0.0029173534050644,-0.0132306435296678,-0.0123186183526464,False,False,False,,1
depth 1,Age decile 5,344,-0.0250497851378262,0.0195852180493581,0.0181983714679377,-0.0446350031871844,-0.0432481566057639,False,False,False,,1
depth 1,Age decile 6,397,-0.0004719207173194,0.0022655949762268,0.0048918938725736,-0.0027375156935463,-0.0053638145898931,False,False,False,,1
depth 1,Age decile 7,247,0.0173747705218987,0.033630118563973,0.0224748164467384,-0.0162553480420742,-0.0051000459248396,False,False,False,,1
depth 1,Age decile 8,354,-0.0216450216450216,-0.0189538655891305,-0.0028324552012957,-0.0026911560558911,-0.0188125664437258,False,False,False,,1
depth 1,Age decile 9,325,-0.0771864301276066,0.0187586969342355,-0.0158178583854201,-0.0959451270618421,-0.0613685717421864,True,False,True,,1
depth 1,HR quartile 0,877,0.0371049136786188,0.0360024511007218,0.0353923278370028,0.001102462577897,0.0017125858416159,False,False,False,,1
depth 1,HR quartile 1,917,-0.0169849537037037,0.011053421899797,0.0147843693118588,-0.0280383756035007,-0.0317693230155625,False,False,False,,1
depth 1,HR quartile 2,816,0.034861311019492,0.0054627805459092,0.0186671196236823,0.0293985304735828,0.0161941913958097,False,False,False,,1
depth 1,HR quartile 3,819,-0.0232600311906863,0.0103985474588356,0.0120288458998866,-0.0336585786495219,-0.0352888770905729,False,False,False,,1
depth 1,MAP quartile 0,877,-0.0141240285818599,0.0028326499614282,0.0010620539292929,-0.0169566785432881,-0.0151860825111528,False,False,False,,1
depth 1,MAP quartile 1,840,0.02392179413456,0.0200192018465073,0.0281027121593626,0.0039025922880527,-0.0041809180248025,False,True,True,,1
depth 1,MAP quartile 2,866,0.0104058609958506,0.0112392444480442,0.0054184860473092,-0.0008333834521936,0.0049873749485414,False,True,True,,1
depth 1,MAP quartile 3,846,0.0090927756430939,0.0235692771453352,0.0362229103394204,-0.0144765015022413,-0.0271301346963265,False,False,False,,1
depth 1,Temp quartile 0,902,0.0068727157158747,0.0156120589819076,0.0226388612970616,-0.0087393432660328,-0.0157661455811868,False,False,False,,1
depth 1,Temp quartile 1,864,0.0305627470437901,0.0169650606606095,0.0258087250676048,0.0135976863831806,0.0047540219761853,False,False,False,,1
depth 1,Temp quartile 2,838,-0.0036346905912123,0.0046350137343981,0.0162922866590199,-0.0082697043256105,-0.0199269772502322,False,False,False,,1
depth 1,Temp quartile 3,825,-0.0023612750885478,-0.0002199881470042,0.010931975857693,-0.0021412869415435,-0.0132932509462408,True,False,True,,1
depth 1,Urine quartile 0,859,-0.0313289760348584,0.0028577933434502,0.0027121062001947,-0.0341867693783086,-0.0340410822350532,False,False,False,,1
depth 1,Urine quartile 1,913,-0.0210526315789473,-0.0088137743931218,0.0083481951447373,-0.0122388571858255,-0.0294008267236846,True,False,True,,1
depth 1,Urine quartile 2,802,0.0149901230333403,0.0206437800605947,0.0293248148738113,-0.0056536570272544,-0.014334691840471,False,False,False,,1
depth 1,Urine quartile 3,855,0.0601118199903958,0.0274030774573145,0.0078184466182977,0.0327087425330812,0.052293373372098,False,False,False,,1
depth 1,SAPS quartile 0,1025,0.0026756349262149,0.0050891861191964,0.0139743220986333,-0.0024135511929815,-0.0112986871724183,False,False,False,,1
depth 1,SAPS quartile 1,946,0.0452124666297511,0.0078884777028583,0.0240813014310103,0.0373239889268928,0.0211311651987408,False,False,False,,1
depth 1,SAPS quartile 2,660,0.0015384615384615,0.0088834784398428,0.0195709626462597,-0.0073450169013813,-0.0180325011077981,False,False,False,,1
depth 1,SAPS quartile 3,798,-0.0389986891196934,0.0209090924584479,0.0169236522498349,-0.0599077815781413,-0.0559223413695283,False,False,False,,1
depth 1,HR > 100,945,-0.0351262896411669,0.0078442685322756,0.0135814966205498,-0.0429705581734426,-0.0487077862617168,False,False,False,,1
depth 1,MAP < 65,697,-0.0279136809159047,0.0031132681407423,-0.0045689518215689,-0.0310269490566471,-0.0233447290943358,True,False,True,,1
depth 1,Temp > 38C,267,-0.0430204913392958,0.0040595909182248,0.005443876450313,-0.0470800822575206,-0.0484643677896088,False,False,False,,1
depth 1,Urine > 1000,210,0.0458952811893988,0.0395668511870862,-0.0053643601798737,0.0063284300023126,0.0512596413692725,True,False,True,,1
depth 1,Random 50% #1,1714,0.0148182289884191,0.0124703385643953,0.012988019288171,0.0023478904240238,0.0018302097002481,False,False,False,,1
depth 1,Random 50% #2,1714,0.0038708396744524,0.0093056348848408,0.0107911774345645,-0.0054347952103883,-0.0069203377601121,False,False,False,,1
depth 1,Random 50% #3,1714,0.0221853388658367,0.012832628771673,0.0167620150184833,0.0093527100941637,0.0054233238473534,False,False,False,,1
depth 1,Random 50% #4,1714,0.0209444740819774,0.0115012637869244,0.0138738285641053,0.0094432102950529,0.007070645517872,False,False,False,,1
depth 1,Random 50% #5,1714,0.025145147627017,0.0135070863549993,0.0181230857962288,0.0116380612720176,0.0070220618307882,False,False,False,,1
depth 1,Random 50% #6,1714,-0.0032358828377694,0.0079427609153617,0.017272790481811,-0.0111786437531312,-0.0205086733195805,False,False,False,,1
depth 1,Random 50% #7,1714,0.0203886964648963,0.0105834738126779,0.0243422600991159,0.0098052226522184,-0.0039535636342195,False,True,True,,1
depth 1,Random 50% #8,1714,-0.0080211409064465,0.0170808517369477,0.0235007152293064,-0.0251019926433943,-0.031521856135753,False,False,False,,1
depth 1,Random 50% #9,1714,-0.0018808498325041,0.0122173173441406,0.0247504070268483,-0.0140981671766448,-0.0266312568593525,False,False,False,,1
depth 1,Random 50% #10,1714,0.0032849222618878,0.0084754115976189,0.0078637853163338,-0.005190489335731,-0.0045788630544459,False,False,False,,1
depth 1,Random 50% #11,1714,0.0064028840624585,0.0133817555162365,0.0227256039889288,-0.006978871453778,-0.0163227199264702,False,False,False,,1
depth 1,Random 50% #12,1714,-0.0033234372422892,0.0130767387590667,0.0130182663430477,-0.016400176001356,-0.0163417035853369,False,False,False,,1
depth 1,Random 50% #13,1714,0.0032517955657333,0.0106821496932504,0.0203273901244503,-0.0074303541275171,-0.017075594558717,False,False,False,,1
depth 1,Random 50% #14,1714,0.0062157191184681,0.0116780842500904,0.0157750184396815,-0.0054623651316223,-0.0095592993212133,False,False,False,,1
depth 1,Random 50% #15,1714,0.0026854501430772,0.0148142078900621,0.0203509255945735,-0.0121287577469849,-0.0176654754514963,False,False,False,,1
depth 1,Random 50% #16,1714,0.0188052608311229,0.0108635535706042,0.0156403461610363,0.0079417072605186,0.0031649146700865,False,False,False,,1
depth 1,Random 50% #17,1714,0.0073507410721795,0.0117715297943529,0.0267685856148036,-0.0044207887221733,-0.019417844542624,False,False,False,,1
depth 1,Random 50% #18,1714,0.0251803786741562,0.0133615066506472,0.0182700236411539,0.0118188720235089,0.0069103550330023,False,False,False,,1
depth 1,Random 50% #19,1714,0.0087463233253787,0.0098333403308527,0.0147042192379108,-0.0010870170054739,-0.005957895912532,False,False,False,,1
depth 1,Random 50% #20,1714,0.0239488541873964,0.0139861702212802,0.0238176013107771,0.0099626839661161,0.0001312528766192,False,False,False,,1
depth 1,Random 50% #21,1714,0.0016605879752431,0.0098072351334772,0.0189499311392861,-0.008146647158234,-0.017289343164043,False,False,False,,1
depth 1,Random 50% #22,1714,0.0178287222426975,0.0150809862220046,0.0219879978093177,0.0027477360206929,-0.0041592755666201,False,True,True,,1
depth 1,Random 50% #23,1714,-0.0051929851771431,0.0120540903851606,0.017181452015946,-0.0172470755623037,-0.0223744371930891,False,False,False,,1
depth 1,Random 50% #24,1714,0.0201698382197979,0.0121673374389054,0.0214441563899168,0.0080025007808924,-0.0012743181701189,False,True,True,,1
depth 1,Random 50% #25,1714,0.0024135223603308,0.0140660092470747,0.0178270646768341,-0.0116524868867439,-0.0154135423165032,False,False,False,,1
depth 1,Random 50% #26,1714,-0.0063986093578627,0.0073046972036585,0.0097646391618289,-0.0137033065615212,-0.0161632485196916,False,False,False,,1
depth 1,Random 50% #27,1714,-0.0048317683881064,0.0119616582431482,0.0138516913432298,-0.0167934266312546,-0.0186834597313362,False,False,False,,1
depth 1,Random 50% #28,1714,0.0098094573797898,0.0112284380859721,0.0195704800189469,-0.0014189807061823,-0.009761022639157,False,False,False,,1
depth 1,Random 50% #29,1714,0.0125552608311229,0.0111068284672427,0.0131458178981084,0.0014484323638801,-0.0005905570669855,False,True,True,,1
depth 1,Random 50% #30,1714,0.0022139615866539,0.0092264346433069,0.0192200312574524,-0.0070124730566529,-0.0170060696707984,False,False,False,,1
depth 1,Random 50% #31,1714,0.0081502190717898,0.0078327435156749,0.0117062226433743,0.0003174755561149,-0.0035560035715845,False,True,True,,1
depth 1,Random 50% #32,1714,-0.0092920029904661,0.0076294044799727,0.0151653643964451,-0.0169214074704389,-0.0244573673869113,False,False,False,,1
depth 1,Random 50% #33,1714,-0.002514181228832,0.0064033404834411,0.0162809324029608,-0.0089175217122731,-0.0187951136317928,False,False,False,,1
depth 1,Random 50% #34,1714,0.0070180513371488,0.0139026088373634,0.0181820517094355,-0.0068845575002146,-0.0111640003722867,False,False,False,,1
depth 1,Random 50% #35,1714,0.0093248828878478,0.0155107125606142,0.0221316300166594,-0.0061858296727663,-0.0128067471288115,False,False,False,,1
depth 1,Random 50% #36,1714,0.016912667846362,0.0061172185413228,0.0230978331742865,0.0107954493050391,-0.0061851653279245,False,True,True,,1
depth 1,Random 50% #37,1714,0.0036653828805384,0.0096709817564951,0.0181327223341195,-0.0060055988759566,-0.014467339453581,False,False,False,,1
depth 1,Random 50% #38,1714,0.0021576191788371,0.0129647214622019,0.025119244565676,-0.0108071022833648,-0.0229616253868389,False,False,False,,1
depth 1,Random 50% #39,1714,0.0170086158804934,0.0088805734956526,0.0203931221166464,0.0081280423848407,-0.003384506236153,False,True,True,,1
depth 1,Random 50% #40,1714,0.018520937100027,0.0149044773175373,0.0205494016529529,0.0036164597824897,-0.0020284645529259,False,True,True,,1
depth 1,Random 50% #41,1714,0.0027199322354597,0.013077832781837,0.0151389389786675,-0.0103579005463772,-0.0124190067432077,False,False,False,,1
depth 1,Random 50% #42,1714,0.0178900300253214,0.0159208830613579,0.0154708426919107,0.0019691469639634,0.0024191873334106,False,False,False,,1
depth 1,Random 50% #43,1714,0.0169958506224066,0.0162396811037884,0.0168985259505619,0.0007561695186181,9.732467184464522e-05,False,False,False,,1
depth 1,Random 50% #44,1714,-0.0080414937759336,0.0091180922698801,0.0109453338881436,-0.0171595860458137,-0.0189868276640772,False,False,False,,1
depth 1,Random 50% #45,1714,-0.0006684003732017,0.0176831244149991,0.0185547814652243,-0.0183515247882008,-0.019223181838426,False,False,False,,1
depth 1,Random 50% #46,1714,-0.0127567411871579,0.0117369281976862,0.0225612246347219,-0.0244936693848441,-0.0353179658218798,False,False,False,,1
depth 1,Random 50% #47,1714,-0.0023071888899981,0.0120524669134469,0.0230621119031854,-0.014359655803445,-0.0253693007931836,False,False,False,,1
depth 1,Random 50% #48,1714,0.0007707867678387,0.0153766496410747,0.0157616059441477,-0.0146058628732359,-0.0149908191763089,False,False,False,,1
depth 1,Random 50% #49,1714,-0.0052585890287469,0.0105559982535468,0.0197250920429452,-0.0158145872822937,-0.0249836810716921,False,False,False,,1
depth 1,Random 50% #50,1714,-0.009935439192208,0.0027747087844569,0.0078419770514664,-0.012710147976665,-0.0177774162436745,False,False,False,,1
depth 1,Random 30% #1,1028,0.0177032019704433,0.0113021552035117,0.0251004083396487,0.0064010467669316,-0.0073972063692053,False,True,True,,1
depth 1,Random 30% #2,1028,-0.0188812287552644,0.0026762946814885,0.0149150175407463,-0.021557523436753,-0.0337962462960108,False,False,False,,1
depth 1,Random 30% #3,1028,-0.0136963318843895,0.0036780350079719,0.0021358621674544,-0.0173743668923615,-0.0158321940518439,False,False,False,,1
depth 1,Random 30% #4,1028,0.012612065619632,0.0075332776993812,0.0205434014240502,0.0050787879202508,-0.0079313358044181,False,True,True,,1
depth 1,Random 30% #5,1028,0.012955140579904,0.0136382278107536,0.0157255474839933,-0.0006830872308495,-0.0027704069040892,False,False,False,,1
depth 1,Random 30% #6,1028,0.011061887501678,0.0181117741674873,0.0194668087466307,-0.0070498866658092,-0.0084049212449527,False,False,False,,1
depth 1,Random 30% #7,1028,-0.0019795447047178,0.0122753706260602,0.0206432777242775,-0.0142549153307781,-0.0226228224289954,False,False,False,,1
depth 1,Random 30% #8,1028,-0.0013757582957458,0.0116787542041297,0.0303049954869228,-0.0130545124998756,-0.0316807537826687,False,False,False,,1
depth 1,Random 30% #9,1028,0.0167924069116573,0.0090138079196461,0.0167547372967284,0.0077785989920112,3.7669614928848016e-05,False,False,False,,1
depth 1,Random 30% #10,1028,0.0218614718614718,0.007935724359054,0.0120814275051955,0.0139257475024177,0.0097800443562763,False,False,False,,1
depth 1,Random 30% #11,1028,0.0036992125742528,0.0077917739408669,0.0090956387783032,-0.0040925613666141,-0.0053964262040504,False,False,False,,1
depth 1,Random 30% #12,1028,-0.0176439165409753,0.0077948868410477,0.0091177676630823,-0.025438803382023,-0.0267616842040577,False,False,False,,1
depth 1,Random 30% #13,1028,0.0061871080085679,0.0150820141750224,0.0244456955075709,-0.0088949061664544,-0.0182585874990029,False,False,False,,1
depth 1,Random 30% #14,1028,-0.0024039572835282,0.0083428087934742,0.0171479478996684,-0.0107467660770025,-0.0195519051831967,False,False,False,,1
depth 1,Random 30% #15,1028,-0.0014797507788162,0.0206339864398866,0.0122805445717583,-0.0221137372187028,-0.0137602953505746,False,False,False,,1
depth 1,Random 30% #16,1028,0.006823838043474,0.013201727120124,0.0092007931621764,-0.0063778890766499,-0.0023769551187023,False,False,False,,1
depth 1,Random 30% #17,1028,0.0030261642698374,0.0134274444133475,0.0127704520140908,-0.01040128014351,-0.0097442877442533,False,False,False,,1
depth 1,Random 30% #18,1028,0.008237689744539,0.0064279360628401,0.0180163597850856,0.0018097536816988,-0.0097786700405465,False,True,True,,1
depth 1,Random 30% #19,1028,0.0066883064376393,-0.000260098496573,0.0176558418211053,0.0069484049342123,-0.0109675353834659,True,True,True,,1
depth 1,Random 30% #20,1028,-0.0099963316214233,0.0087414722722028,0.0147444930150339,-0.0187378038936261,-0.0247408246364572,False,False,False,,1
depth 1,Random 30% #21,1028,0.002277451699682,0.0072956146866194,0.0032115921804237,-0.0050181629869373,-0.0009341404807416,False,False,False,,1
depth 1,Random 30% #22,1028,0.0271739130434782,0.0136424768507932,0.017682682149841,0.013531436192685,0.0094912308936371,False,False,False,,1
depth 1,Random 30% #23,1028,0.0053719593676173,0.0159947703164604,0.01386531118668,-0.010622810948843,-0.0084933518190626,False,False,False,,1
depth 1,Random 30% #24,1028,0.0374355138753044,0.0088266367382611,0.0079784387223898,0.0286088771370432,0.0294570751529145,False,False,False,,1
depth 1,Random 30% #25,1028,0.0207335170659317,0.0091618476675736,0.0287945247587556,0.0115716693983581,-0.0080610076928239,False,True,True,,1
depth 1,Random 30% #26,1028,0.000322640117994,0.014360780841838,0.0014932010818003,-0.0140381407238439,-0.0011705609638062,False,False,False,,1
depth 1,Random 30% #27,1028,-0.0133699862551543,0.0173471119668179,0.0193791029551574,-0.0307170982219722,-0.0327490892103117,False,False,False,,1
depth 1,Random 30% #28,1028,0.0048546691403834,0.0053248122972064,0.015395745736617,-0.000470143156823,-0.0105410765962336,False,False,False,,1
depth 1,Random 30% #29,1028,0.0132264436461088,0.0044547476832631,0.0034414475824249,0.0087716959628457,0.0097849960636839,False,False,False,,1
depth 1,Random 30% #30,1028,0.0073191060456281,0.0141233512729068,0.0091733049918924,-0.0068042452272787,-0.0018541989462642,False,False,False,,1
depth 1,Random 30% #31,1028,0.0186572318838355,0.0174562091072843,0.0206974707768643,0.0012010227765511,-0.0020402388930287,False,True,True,,1
depth 1,Random 30% #32,1028,0.0146773132638857,0.0230224090797928,0.0186406749254443,-0.008345095815907,-0.0039633616615586,False,False,False,,1
depth 1,Random 30% #33,1028,0.0107989019115876,0.0078593994629876,0.012405877195138,0.0029395024485999,-0.0016069752835504,False,True,True,,1
depth 1,Random 30% #34,1028,0.0036708111308466,0.0099137218683393,0.0248692511234904,-0.0062429107374926,-0.0211984399926438,False,False,False,,1
depth 1,Random 30% #35,1028,-0.0021279853031231,0.0140128163912259,0.0227139980459799,-0.016140801694349,-0.024841983349103,False,False,False,,1
depth 1,Random 30% #36,1028,-0.0048226599270606,0.0085961287356793,0.0199663145390344,-0.01341878866274,-0.024788974466095,False,False,False,,1
depth 1,Random 30% #37,1028,-0.0037446257685728,0.017042934777244,0.0168955254787925,-0.0207875605458169,-0.0206401512473654,False,False,False,,1
depth 1,Random 30% #38,1028,0.0108722741433021,0.0094865388078528,0.0336400562153426,0.0013857353354493,-0.0227677820720405,False,True,True,,1
depth 1,Random 30% #39,1028,0.0380230468256006,0.0061280798004058,0.0118842407213644,0.0318949670251948,0.0261388061042361,False,False,False,,1
depth 1,Random 30% #40,1028,-0.0156995008383602,0.0145372487823165,0.0102722820221009,-0.0302367496206768,-0.0259717828604612,False,False,False,,1
depth 1,Random 30% #41,1028,0.0003191021554961,0.0126469344497105,0.0075446940423976,-0.0123278322942144,-0.0072255918869015,False,False,False,,1
depth 1,Random 30% #42,1028,0.0039796984507742,0.0105975656445159,0.0246730330445414,-0.0066178671937417,-0.0206933345937672,False,False,False,,1
depth 1,Random 30% #43,1028,0.0320665445665445,0.0194206673806016,0.0268194093875546,0.0126458771859428,0.0052471351789899,False,False,False,,1
depth 1,Random 30% #44,1028,0.014617494198646,0.0181893384504301,0.023191092650149,-0.0035718442517841,-0.008573598451503,False,False,False,,1
depth 1,Random 30% #45,1028,-0.010677190889205,0.0148784675776193,0.0086272610345317,-0.0255556584668243,-0.0193044519237367,False,False,False,,1
depth 1,Random 30% #46,1028,-0.0211341559464426,0.0118625845063754,0.0139186481149839,-0.0329967404528181,-0.0350528040614265,False,False,False,,1
depth 1,Random 30% #47,1028,0.0021068472535741,0.0194722013079507,0.0262370142180324,-0.0173653540543766,-0.0241301669644582,False,False,False,,1
depth 1,Random 30% #48,1028,0.0099373113536103,0.0215761809939804,0.0222754180909676,-0.01163886964037,-0.0123381067373573,False,False,False,,1
depth 1,Random 30% #49,1028,-0.0033935788911766,0.0155182544779863,0.0109022615584545,-0.018911833369163,-0.0142958404496312,False,False,False,,1
depth 1,Random 30% #50,1028,-0.0149638584774062,0.0227814336386987,0.0199653330159506,-0.037745292116105,-0.0349291914933569,False,False,False,,1
depth 2,All Patients,3429,0.0078818040435458,0.0142145590213078,0.0201928910688753,-0.0063327549777619,-0.0123110870253294,False,False,False,,2
depth 2,ICUType 1.0,490,0.0294939989088925,0.052883199378312,0.037079959194756,-0.0233892004694195,-0.0075859602858634,False,False,False,,2
depth 2,ICUType 2.0,643,-0.000975689080413,0.0043308432029575,0.003293376003481,-0.0053065322833705,-0.0042690650838941,False,False,False,,2
depth 2,ICUType 3.0,1357,-0.0217764843549488,0.003365795560976,-0.0005710932808652,-0.0251422799159249,-0.0212053910740836,True,False,True,,2
depth 2,ICUType 4.0,939,0.0202084035501629,0.0264493646262472,0.0332679773420648,-0.0062409610760843,-0.0130595737919018,False,False,False,,2
depth 2,Age decile 0,374,0.046026807780653,0.0410740705301508,-0.00901938618952,0.0049527372505021,0.055046193970173,True,False,True,,2
depth 2,Age decile 1,344,0.0273634472301562,0.0330498884657919,-0.0054880672035379,-0.0056864412356357,0.0328515144336941,True,True,True,,2
depth 2,Age decile 2,347,0.0042864169770219,-0.0090186676260376,0.0261081777657149,0.0133050846030596,-0.0218217607886929,True,True,True,,2
depth 2,Age decile 3,325,0.0096292729898892,0.0318888172368768,-0.0011844791186496,-0.0222595442469875,0.0108137521085389,True,True,True,,2
depth 2,Age decile 4,372,-0.0152359717577108,0.007664809151944,-0.0074070281913591,-0.0229007809096549,-0.0078289435663517,True,False,True,,2
depth 2,Age decile 5,344,-0.0250497851378262,0.0246894730929706,0.0204188675004238,-0.0497392582307968,-0.04546865263825,False,False,False,,2
depth 2,Age decile 6,397,-0.0004719207173194,0.022308420962472,-0.0074541968477642,-0.0227803416797915,0.0069822761304448,True,True,True,,2
depth 2,Age decile 7,247,0.0173747705218987,0.0412797967526195,0.0045800275270554,-0.0239050262307207,0.0127947429948433,False,True,True,,2
depth 2,Age decile 8,354,-0.0216450216450216,-0.0085081787925068,-0.0103576933038244,-0.0131368428525148,-0.0112873283411972,False,False,False,,2
depth 2,Age decile 9,325,-0.0771864301276066,0.0357689043180741,-0.0145150440673459,-0.1129553344456807,-0.0626713860602606,True,False,True,,2
depth 2,HR quartile 0,877,0.0371049136786188,0.040418389752757,0.0314405235529964,-0.0033134760741381,0.0056643901256223,False,True,True,,2
depth 2,HR quartile 1,917,-0.0169849537037037,0.0094744984967662,0.0102894909300461,-0.0264594522004699,-0.0272744446337498,False,False,False,,2
depth 2,HR quartile 2,816,0.034861311019492,0.0188891551553815,0.0116748489772059,0.0159721558641105,0.0231864620422861,False,False,False,,2
depth 2,HR quartile 3,819,-0.0232600311906863,0.018231545243066,0.0107556780863297,-0.0414915764337523,-0.034015709277016,False,False,False,,2
depth 2,MAP quartile 0,877,-0.0141240285818599,0.0105738996187167,0.0034471688150025,-0.0246979282005766,-0.0175711973968624,False,False,False,,2
depth 2,MAP quartile 1,840,0.02392179413456,0.0299143542786776,0.0286698935463726,-0.0059925601441175,-0.0047480994118125,False,False,False,,2
depth 2,MAP quartile 2,866,0.0104058609958506,0.0173688089567781,0.0033446546385298,-0.0069629479609275,0.0070612063573207,False,True,True,,2
depth 2,MAP quartile 3,846,0.0090927756430939,0.0342907631962963,0.0322023489104603,-0.0251979875532024,-0.0231095732673664,False,False,False,,2
depth 2,Temp quartile 0,902,0.0068727157158747,0.026521497460638,0.0155237564351187,-0.0196487817447632,-0.0086510407192439,False,False,False,,2
depth 2,Temp quartile 1,864,0.0305627470437901,0.0219899878367947,0.016371617613585,0.0085727592069954,0.014191129430205,False,False,False,,2
depth 2,Temp quartile 2,838,-0.0036346905912123,0.0122746534527347,0.0119045628768856,-0.0159093440439471,-0.015539253468098,False,False,False,,2
depth 2,Temp quartile 3,825,-0.0023612750885478,0.0056085682137613,0.0065320827732495,-0.0079698433023091,-0.0088933578617973,False,False,False,,2
depth 2,Urine quartile 0,859,-0.0313289760348584,0.0153394827194722,-0.0051617138103778,-0.0466684587543306,-0.0261672622244805,True,False,True,,2
depth 2,Urine quartile 1,913,-0.0210526315789473,-0.007205346528914,0.0080838669329307,-0.0138472850500333,-0.029136498511878,True,False,True,,2
depth 2,Urine quartile 2,802,0.0149901230333403,0.027237776761111,0.0226312696594248,-0.0122476537277706,-0.0076411466260845,False,False,False,,2
depth 2,Urine quartile 3,855,0.0601118199903958,0.0340434011730177,0.0105560386270757,0.026068418817378,0.04955578136332,False,False,False,,2
depth 2,SAPS quartile 0,1025,0.0026756349262149,0.0096205357867279,0.0035715335576409,-0.0069449008605129,-0.000895898631426,False,False,False,,2
depth 2,SAPS quartile 1,946,0.0452124666297511,0.0105692777555919,0.0140455815009429,0.0346431888741591,0.0311668851288082,False,False,False,,2
depth 2,SAPS quartile 2,660,0.0015384615384615,0.0094245775343957,0.009858956698758,-0.0078861159959342,-0.0083204951602965,False,False,False,,2
depth 2,SAPS quartile 3,798,-0.0389986891196934,0.0357305364984445,0.0256614255053592,-0.074729225618138,-0.0646601146250527,False,False,False,,2
depth 2,HR > 100,945,-0.0351262896411669,0.0133018750969994,0.009430302819422,-0.0484281647381664,-0.044556592460589,False,False,False,,2
depth 2,MAP < 65,697,-0.0279136809159047,0.0083336678052212,-0.0037598314821812,-0.036247348721126,-0.0241538494337235,True,False,True,,2
depth 2,Temp > 38C,267,-0.0430204913392958,0.0220142707015309,0.0057423081563121,-0.0650347620408267,-0.0487627994956079,False,False,False,,2
depth 2,Urine > 1000,210,0.0458952811893988,0.0488225704665124,-0.0139200151970209,-0.0029272892771136,0.0598152963864197,True,True,True,,2
depth 2,Random 50% #1,1714,0.0148182289884191,0.017035470707192,0.0173839300714069,-0.0022172417187728,-0.0025657010829877,False,False,False,,2
depth 2,Random 50% #2,1714,0.0038708396744524,0.0127666460576531,0.0105586317866183,-0.0088958063832006,-0.0066877921121659,False,False,False,,2
depth 2,Random 50% #3,1714,0.0221853388658367,0.0158975247304788,0.0161198580853594,0.0062878141353579,0.0060654807804773,False,False,False,,2
depth 2,Random 50% #4,1714,0.0209444740819774,0.0142611130910406,0.0128513598672609,0.0066833609909367,0.0080931142147164,False,False,False,,2
depth 2,Random 50% #5,1714,0.025145147627017,0.0162350036720217,0.0220983436787728,0.0089101439549953,0.0030468039482442,False,False,False,,2
depth 2,Random 50% #6,1714,-0.0032358828377694,0.0132765918945867,0.0170768997367505,-0.0165124747323562,-0.0203127825745199,False,False,False,,2
depth 2,Random 50% #7,1714,0.0203886964648963,0.01359365042926,0.0208262091518778,0.0067950460356362,-0.0004375126869815,False,True,True,,2
depth 2,Random 50% #8,1714,-0.0080211409064465,0.0209066994729439,0.02675989417704,-0.0289278403793905,-0.0347810350834865,False,False,False,,2
depth 2,Random 50% #9,1714,-0.0018808498325041,0.0169267147777697,0.0276068689064573,-0.0188075646102739,-0.0294877187389615,False,False,False,,2
depth 2,Random 50% #10,1714,0.0032849222618878,0.0095735306141078,0.0079861294704552,-0.00628860835222,-0.0047012072085673,False,False,False,,2
depth 2,Random 50% #11,1714,0.0064028840624585,0.0201123231162492,0.0236894034846048,-0.0137094390537907,-0.0172865194221462,False,False,False,,2
depth 2,Random 50% #12,1714,-0.0033234372422892,0.0197593822129148,0.0136034075473259,-0.0230828194552041,-0.0169268447896152,False,False,False,,2
depth 2,Random 50% #13,1714,0.0032517955657333,0.0149675868962389,0.0193933614931649,-0.0117157913305056,-0.0161415659274316,False,False,False,,2
depth 2,Random 50% #14,1714,0.0062157191184681,0.0122957336796189,0.0112503728071789,-0.0060800145611507,-0.0050346536887107,False,False,False,,2
depth 2,Random 50% #15,1714,0.0026854501430772,0.0198744867578439,0.0191519663492149,-0.0171890366147667,-0.0164665162061377,False,False,False,,2
depth 2,Random 50% #16,1714,0.0188052608311229,0.0197937235745304,0.0121798636632206,-0.0009884627434075,0.0066253971679022,False,True,True,,2
depth 2,Random 50% #17,1714,0.0073507410721795,0.0140570057816411,0.0263045479247195,-0.0067062647094615,-0.01895380685254,False,False,False,,2
depth 2,Random 50% #18,1714,0.0251803786741562,0.0189893632742795,0.0216040869945016,0.0061910153998766,0.0035762916796545,False,False,False,,2
depth 2,Random 50% #19,1714,0.0087463233253787,0.0116987402309039,0.011512877859965,-0.0029524169055251,-0.0027665545345862,False,False,False,,2
depth 2,Random 50% #20,1714,0.0239488541873964,0.0158152387511195,0.0333850084209455,0.0081336154362768,-0.009436154233549,False,True,True,,2
depth 2,Random 50% #21,1714,0.0016605879752431,0.0077949322614508,0.0194546938541976,-0.0061343442862077,-0.0177941058789545,False,False,False,,2
depth 2,Random 50% #22,1714,0.0178287222426975,0.0188769516147037,0.0237523247857306,-0.0010482293720062,-0.005923602543033,False,False,False,,2
depth 2,Random 50% #23,1714,-0.0051929851771431,0.0157508356799034,0.0198974012871898,-0.0209438208570465,-0.0250903864643329,False,False,False,,2
depth 2,Random 50% #24,1714,0.0201698382197979,0.012301884773168,0.0191552226731538,0.0078679534466299,0.0010146155466441,False,False,False,,2
depth 2,Random 50% #25,1714,0.0024135223603308,0.0187949296311545,0.0203099899702216,-0.0163814072708237,-0.0178964676098908,False,False,False,,2
depth 2,Random 50% #26,1714,-0.0063986093578627,0.0056192475607637,0.0103631537407906,-0.0120178569186264,-0.0167617630986533,False,False,False,,2
depth 2,Random 50% #27,1714,-0.0048317683881064,0.0175230919344322,0.0131553272282375,-0.0223548603225386,-0.0179870956163439,False,False,False,,2
depth 2,Random 50% #28,1714,0.0098094573797898,0.0144568946362981,0.0201914106924616,-0.0046474372565082,-0.0103819533126717,False,False,False,,2
depth 2,Random 50% #29,1714,0.0125552608311229,0.0126532879124293,0.0111834401095155,-9.802708130640658e-05,0.0013718207216073,False,True,True,,2
depth 2,Random 50% #30,1714,0.0022139615866539,0.0135291872083032,0.0196943277918127,-0.0113152256216493,-0.0174803662051587,False,False,False,,2
depth 2,Random 50% #31,1714,0.0081502190717898,0.0143311786115943,0.0098348562034882,-0.0061809595398044,-0.0016846371316984,False,False,False,,2
depth 2,Random 50% #32,1714,-0.0092920029904661,0.0109476925450006,0.0181665743014526,-0.0202396955354668,-0.0274585772919187,False,False,False,,2
depth 2,Random 50% #33,1714,-0.002514181228832,0.0071065508886237,0.0160447185306641,-0.0096207321174558,-0.0185588997594962,False,False,False,,2
depth 2,Random 50% #34,1714,0.0070180513371488,0.0166998213675697,0.0126360689544453,-0.0096817700304208,-0.0056180176172965,False,False,False,,2
depth 2,Random 50% #35,1714,0.0093248828878478,0.024395632206173,0.0221575791607273,-0.0150707493183252,-0.0128326962728794,False,False,False,,2
depth 2,Random 50% #36,1714,0.016912667846362,0.0088375678348115,0.0233803681710424,0.0080751000115504,-0.0064677003246803,False,True,True,,2
depth 2,Random 50% #37,1714,0.0036653828805384,0.0137796992582317,0.01539537922823,-0.0101143163776932,-0.0117299963476915,False,False,False,,2
depth 2,Random 50% #38,1714,0.0021576191788371,0.0198182469262818,0.0284376062226942,-0.0176606277474447,-0.0262799870438571,False,False,False,,2
depth 2,Random 50% #39,1714,0.0170086158804934,0.0093294547015344,0.0182507485492359,0.0076791611789589,-0.0012421326687425,False,True,True,,2
depth 2,Random 50% #40,1714,0.018520937100027,0.0214108865216401,0.0205660143693769,-0.0028899494216131,-0.0020450772693498,False,False,False,,2
depth 2,Random 50% #41,1714,0.0027199322354597,0.0173341755835117,0.0140409197252797,-0.0146142433480519,-0.01132098748982,False,False,False,,2
depth 2,Random 50% #42,1714,0.0178900300253214,0.0192381478411201,0.0164393124480914,-0.0013481178157987,0.00145071757723,False,True,True,,2
depth 2,Random 50% #43,1714,0.0169958506224066,0.0214438599604046,0.0136353846736262,-0.004448009337998,0.0033604659487803,False,True,True,,2
depth 2,Random 50% #44,1714,-0.0080414937759336,0.0141682742433583,0.0140268893291655,-0.0222097680192919,-0.0220683831050992,False,False,False,,2
depth 2,Random 50% #45,1714,-0.0006684003732017,0.0226449640247168,0.0181913381950451,-0.0233133643979185,-0.0188597385682468,False,False,False,,2
depth 2,Random 50% #46,1714,-0.0127567411871579,0.0184341776877689,0.0232039278678438,-0.0311909188749268,-0.0359606690550018,False,False,False,,2
depth 2,Random 50% #47,1714,-0.0023071888899981,0.0166311824199281,0.0240528333693207,-0.0189383713099262,-0.0263600222593188,False,False,False,,2
depth 2,Random 50% #48,1714,0.0007707867678387,0.0232045517253049,0.0191527987681046,-0.0224337649574661,-0.0183820120002658,False,False,False,,2
depth 2,Random 50% #49,1714,-0.0052585890287469,0.0101621809460699,0.0183677324692014,-0.0154207699748169,-0.0236263214979483,False,False,False,,2
depth 2,Random 50% #50,1714,-0.009935439192208,0.0092662857517973,0.0081529318492421,-0.0192017249440053,-0.0180883710414501,False,False,False,,2
depth 2,Random 30% #1,1028,0.0177032019704433,0.0178954106083442,0.0252692886714984,-0.0001922086379009,-0.007566086701055,False,False,False,,2
depth 2,Random 30% #2,1028,-0.0188812287552644,0.0064430338825827,0.0142138108717306,-0.0253242626378472,-0.0330950396269951,False,False,False,,2
depth 2,Random 30% #3,1028,-0.0136963318843895,1.4533612825717857e-05,0.0013549119309635,-0.0137108654972152,-0.015051243815353,False,False,False,,2
depth 2,Random 30% #4,1028,0.012612065619632,0.0072357233827009,0.0178394598430352,0.0053763422369311,-0.0052273942234031,False,True,True,,2
depth 2,Random 30% #5,1028,0.012955140579904,0.018163878339928,0.0151233022698495,-0.0052087377600239,-0.0021681616899454,False,False,False,,2
depth 2,Random 30% #6,1028,0.011061887501678,0.0294931564542829,0.0208364746638445,-0.0184312689526048,-0.0097745871621665,False,False,False,,2
depth 2,Random 30% #7,1028,-0.0019795447047178,0.0227902048393421,0.0189362883949434,-0.02476974954406,-0.0209158330996613,False,False,False,,2
depth 2,Random 30% #8,1028,-0.0013757582957458,0.0149478909675669,0.0236476687309142,-0.0163236492633127,-0.0250234270266601,False,False,False,,2
depth 2,Random 30% #9,1028,0.0167924069116573,0.0138449009189898,0.0185938548159692,0.0029475059926674,-0.0018014479043118,False,True,True,,2
depth 2,Random 30% #10,1028,0.0218614718614718,0.0130158278357062,0.0090868724364428,0.0088456440257656,0.012774599425029,False,False,False,,2
depth 2,Random 30% #11,1028,0.0036992125742528,0.0172931036573242,0.0054635284234803,-0.0135938910830714,-0.0017643158492275,False,False,False,,2
depth 2,Random 30% #12,1028,-0.0176439165409753,0.0152863002696054,0.0076460926731913,-0.0329302168105808,-0.0252900092141666,False,False,False,,2
depth 2,Random 30% #13,1028,0.0061871080085679,0.0280795198157166,0.024937248999112,-0.0218924118071487,-0.018750140990544,False,False,False,,2
depth 2,Random 30% #14,1028,-0.0024039572835282,0.0165786999278595,0.0140044907008104,-0.0189826572113878,-0.0164084479843387,False,False,False,,2
depth 2,Random 30% #15,1028,-0.0014797507788162,0.0297710750792378,0.0102284273325619,-0.031250825858054,-0.0117081781113781,False,False,False,,2
depth 2,Random 30% #16,1028,0.006823838043474,0.0191343383202975,0.00877127615241,-0.0123105002768234,-0.0019474381089359,False,False,False,,2
depth 2,Random 30% #17,1028,0.0030261642698374,0.0193540192212113,0.0138667593545264,-0.0163278549513738,-0.0108405950846889,False,False,False,,2
depth 2,Random 30% #18,1028,0.008237689744539,0.0104666358912793,0.0136588634052823,-0.0022289461467402,-0.0054211736607432,False,False,False,,2
depth 2,Random 30% #19,1028,0.0066883064376393,0.0038262993914343,0.0105535296520279,0.0028620070462049,-0.0038652232143886,False,True,True,,2
depth 2,Random 30% #20,1028,-0.0099963316214233,0.0137654420438339,0.0176613422584323,-0.0237617736652572,-0.0276576738798557,False,False,False,,2
depth 2,Random 30% #21,1028,0.002277451699682,0.0176774796492101,-0.0029054176162119,-0.0154000279495281,0.005182869315894,True,True,True,,2
depth 2,Random 30% #22,1028,0.0271739130434782,0.0105657629529413,0.0128827774340448,0.0166081500905369,0.0142911356094333,False,False,False,,2
depth 2,Random 30% #23,1028,0.0053719593676173,0.0274747352856589,0.0168336089172432,-0.0221027759180415,-0.0114616495496258,False,False,False,,2
depth 2,Random 30% #24,1028,0.0374355138753044,0.0192959885846543,0.0061265691605882,0.0181395252906501,0.0313089447147161,False,False,False,,2
depth 2,Random 30% #25,1028,0.0207335170659317,0.0178360536656762,0.0326355649229042,0.0028974634002555,-0.0119020478569724,False,True,True,,2
depth 2,Random 30% #26,1028,0.000322640117994,0.0235843143523595,-0.0088378322140072,-0.0232616742343654,0.0091604723320013,True,True,True,,2
depth 2,Random 30% #27,1028,-0.0133699862551543,0.026512871780799,0.0155947654611974,-0.0398828580359533,-0.0289647517163517,False,False,False,,2
depth 2,Random 30% #28,1028,0.0048546691403834,0.0111542340174078,0.0179841801778015,-0.0062995648770244,-0.0131295110374181,False,False,False,,2
depth 2,Random 30% #29,1028,0.0132264436461088,0.0037410075908959,0.0005821874757865,0.0094854360552129,0.0126442561703223,False,False,False,,2
depth 2,Random 30% #30,1028,0.0073191060456281,0.0180334852296326,0.0117340021741774,-0.0107143791840045,-0.0044148961285493,False,False,False,,2
depth 2,Random 30% #31,1028,0.0186572318838355,0.0299169724730999,0.0174067829937805,-0.0112597405892644,0.001250448890055,False,True,True,,2
depth 2,Random 30% #32,1028,0.0146773132638857,0.0303898017571425,0.0192376195884648,-0.0157124884932568,-0.0045603063245791,False,False,False,,2
depth 2,Random 30% #33,1028,0.0107989019115876,0.0206600073760054,0.0116581980900285,-0.0098611054644177,-0.0008592961784409,False,False,False,,2
depth 2,Random 30% #34,1028,0.0036708111308466,0.0151737007287112,0.0238193047928425,-0.0115028895978645,-0.0201484936619958,False,False,False,,2
depth 2,Random 30% #35,1028,-0.0021279853031231,0.0187944881138816,0.0182916560502288,-0.0209224734170047,-0.0204196413533519,False,False,False,,2
depth 2,Random 30% #36,1028,-0.0048226599270606,0.0176487669420889,0.0189718987221134,-0.0224714268691496,-0.023794558649174,False,False,False,,2
depth 2,Random 30% #37,1028,-0.0037446257685728,0.0183676627653194,0.0208943885280951,-0.0221122885338923,-0.0246390142966679,False,False,False,,2
depth 2,Random 30% #38,1028,0.0108722741433021,0.0122439288422378,0.0383713978449625,-0.0013716546989356,-0.0274991237016603,False,False,False,,2
depth 2,Random 30% #39,1028,0.0380230468256006,0.0055274621441792,0.0146480341868237,0.0324955846814213,0.0233750126387769,False,False,False,,2
depth 2,Random 30% #40,1028,-0.0156995008383602,0.0148167986893724,0.0113335399451019,-0.0305162995277327,-0.0270330407834622,False,False,False,,2
depth 2,Random 30% #41,1028,0.0003191021554961,0.0127319892147135,-0.0017492441798545,-0.0124128870592174,0.0020683463353507,True,True,True,,2
depth 2,Random 30% #42,1028,0.0039796984507742,0.0122377409810183,0.0250507456941687,-0.0082580425302441,-0.0210710472433945,False,False,False,,2
depth 2,Random 30% #43,1028,0.0320665445665445,0.0277857821572188,0.0217319875705978,0.0042807624093256,0.0103345569959467,False,False,False,,2
depth 2,Random 30% #44,1028,0.014617494198646,0.019774442294903,0.01644906491868,-0.005156948096257,-0.0018315707200339,False,False,False,,2
depth 2,Random 30% #45,1028,-0.010677190889205,0.0198171938614135,0.0068305536344552,-0.0304943847506185,-0.0175077445236603,False,False,False,,2
depth 2,Random 30% #46,1028,-0.0211341559464426,0.0190577669871516,0.0179330168718646,-0.0401919229335943,-0.0390671728183072,False,False,False,,2
depth 2,Random 30% #47,1028,0.0021068472535741,0.0288466289561004,0.0221160407473128,-0.0267397817025263,-0.0200091934937386,False,False,False,,2
depth 2,Random 30% #48,1028,0.0099373113536103,0.0278748722650743,0.0165237215800383,-0.0179375609114639,-0.0065864102264279,False,False,False,,2
depth 2,Random 30% #49,1028,-0.0033935788911766,0.0197683859353094,0.0068549284293475,-0.0231619648264861,-0.0102485073205242,False,False,False,,2
depth 2,Random 30% #50,1028,-0.0149638584774062,0.0281223224783205,0.0161219249173452,-0.0430861809557268,-0.0310857833947515,False,False,False,,2
depth 3,All Patients,3429,0.0078818040435458,0.0174719237386407,0.0198898668355564,-0.0095901196950949,-0.0120080627920106,False,False,False,,3
depth 3,ICUType 1.0,490,0.0294939989088925,0.0659864133680724,0.0293336203107187,-0.0364924144591799,0.0001603785981737,False,True,True,,3
depth 3,ICUType 2.0,643,-0.000975689080413,0.0090272757613519,6.582455698350698e-05,-0.0100029648417649,-0.0010415136373965,False,False,False,,3
depth 3,ICUType 3.0,1357,-0.0217764843549488,0.0092188786913881,-0.0074837630159799,-0.0309953630463369,-0.0142927213389688,True,False,True,,3
depth 3,ICUType 4.0,939,0.0202084035501629,0.0359615600303803,0.0299399939526607,-0.0157531564802174,-0.0097315904024978,False,False,False,,3
depth 3,Age decile 0,374,0.046026807780653,0.0484471101011101,-0.0162261433199898,-0.0024203023204571,0.0622529511006429,True,True,True,,3
depth 3,Age decile 1,344,0.0273634472301562,0.0349771363505854,-0.0144445817080925,-0.0076136891204292,0.0418080289382487,True,True,True,,3
depth 3,Age decile 2,347,0.0042864169770219,0.0046567307730289,0.0215667379780761,-0.0003703137960069,-0.0172803210010542,False,False,False,,3
depth 3,Age decile 3,325,0.0096292729898892,0.0428925315031007,-0.0108243194218075,-0.0332632585132114,0.0204535924116968,True,True,True,,3
depth 3,Age decile 4,372,-0.0152359717577108,0.0218792590702873,-0.0178623565618711,-0.0371152308279982,0.0026263848041602,True,True,True,,3
depth 3,Age decile 5,344,-0.0250497851378262,0.0346469684896521,0.0116737141005261,-0.0596967536274784,-0.0367234992383523,False,False,False,,3
depth 3,Age decile 6,397,-0.0004719207173194,0.0311231759463956,-0.0351170393993876,-0.0315950966637151,0.0346451186820681,True,True,True,,3
depth 3,Age decile 7,247,0.0173747705218987,0.0537666105556652,-0.0028001289279987,-0.0363918400337664,0.0201748994498975,True,True,True,,3
depth 3,Age decile 8,354,-0.0216450216450216,0.0115893732216128,-0.0177774463819197,-0.0332343948666345,-0.0038675752631019,True,False,True,,3
depth 3,Age decile 9,325,-0.0771864301276066,0.0529218621828372,-0.0255157789863284,-0.1301082923104438,-0.0516706511412781,True,False,True,,3
depth 3,HR quartile 0,877,0.0371049136786188,0.0516180390522816,0.0211807536355307,-0.0145131253736627,0.0159241600430881,False,True,True,,3
depth 3,HR quartile 1,917,-0.0169849537037037,0.0137667605427311,-0.0015769848617276,-0.0307517142464348,-0.015407968841976,True,False,True,,3
depth 3,HR quartile 2,816,0.034861311019492,0.0293596966331298,0.0038173290214986,0.0055016143863622,0.0310439819979933,False,False,False,,3
depth 3,HR quartile 3,819,-0.0232600311906863,0.0214003469498231,0.0071349939166157,-0.0446603781405094,-0.030395025107302,False,False,False,,3
depth 3,MAP quartile 0,877,-0.0141240285818599,0.0218348587177515,-0.0017428689534999,-0.0359588872996114,-0.0123811596283599,True,False,True,,3
depth 3,MAP quartile 1,840,0.02392179413456,0.0394101701923065,0.0183123606828171,-0.0154883760577464,0.0056094334517429,False,True,True,,3
depth 3,MAP quartile 2,866,0.0104058609958506,0.025102358625881,-0.0059412008171191,-0.0146964976300303,0.0163470618129698,True,True,True,,3
depth 3,MAP quartile 3,846,0.0090927756430939,0.0472738235134283,0.0287631797894152,-0.0381810478703344,-0.0196704041463213,False,False,False,,3
depth 3,Temp quartile 0,902,0.0068727157158747,0.0433153822191225,0.0107440895503944,-0.0364426665032477,-0.0038713738345196,False,False,False,,3
depth 3,Temp quartile 1,864,0.0305627470437901,0.0331800134273954,-0.0013198389527712,-0.0026172663836052,0.0318825859965614,True,True,True,,3
depth 3,Temp quartile 2,838,-0.0036346905912123,0.0237237414201627,0.0066698545073337,-0.0273584320113751,-0.0103045450985461,False,False,False,,3
depth 3,Temp quartile 3,825,-0.0023612750885478,0.0159515093736033,-0.0033138183925802,-0.0183127844621511,0.0009525433040324,True,True,True,,3
depth 3,Urine quartile 0,859,-0.0313289760348584,0.0287640493884195,-0.0187206601425736,-0.0600930254232779,-0.0126083158922847,True,False,True,,3
depth 3,Urine quartile 1,913,-0.0210526315789473,-0.0005209876156319,-0.0016598062018828,-0.0205316439633154,-0.0193928253770645,False,False,False,,3
depth 3,Urine quartile 2,802,0.0149901230333403,0.0338894905793172,0.0120786214125744,-0.0188993675459768,0.0029115016207658,False,True,True,,3
depth 3,Urine quartile 3,855,0.0601118199903958,0.0401884374891822,-0.0025057153046913,0.0199233825012135,0.0626175352950871,True,False,True,,3
depth 3,SAPS quartile 0,1025,0.0026756349262149,0.0206578063666877,-0.0035824030705108,-0.0179821714404727,0.0062580379967257,True,True,True,,3
depth 3,SAPS quartile 1,946,0.0452124666297511,0.017147455203453,-0.0046585541719475,0.0280650114262981,0.0498710208016987,True,False,True,,3
depth 3,SAPS quartile 2,660,0.0015384615384615,0.0214284454050581,-0.0019944692985154,-0.0198899838665966,0.003532930836977,True,True,True,,3
depth 3,SAPS quartile 3,798,-0.0389986891196934,0.0447095418107731,0.0245621599477197,-0.0837082309304665,-0.0635608490674132,False,False,False,,3
depth 3,HR > 100,945,-0.0351262896411669,0.0221535538919318,-0.0001884399027641,-0.0572798435330988,-0.0349378497384028,True,False,True,,3
depth 3,MAP < 65,697,-0.0279136809159047,0.0146249537428994,-0.0107780807275226,-0.0425386346588042,-0.0171356001883821,True,False,True,,3
depth 3,Temp > 38C,267,-0.0430204913392958,0.0327819481926151,0.0014756524506738,-0.075802439531911,-0.0444961437899696,False,False,False,,3
depth 3,Urine > 1000,210,0.0458952811893988,0.0498748526421349,-0.0139200151970209,-0.003979571452736,0.0598152963864197,True,True,True,,3
depth 3,Random 50% #1,1714,0.0148182289884191,0.0227709876308977,0.0128725695755347,-0.0079527586424785,0.0019456594128844,False,True,True,,3
depth 3,Random 50% #2,1714,0.0038708396744524,0.020809550717524,0.0061008062414383,-0.0169387110430715,-0.0022299665669859,False,False,False,,3
depth 3,Random 50% #3,1714,0.0221853388658367,0.0176205980881757,0.0079878883081131,0.004564740777661,0.0141974505577236,False,False,False,,3
depth 3,Random 50% #4,1714,0.0209444740819774,0.0250750124902314,0.0128653133046063,-0.004130538408254,0.008079160777371,False,True,True,,3
depth 3,Random 50% #5,1714,0.025145147627017,0.0233752029327863,0.0209877484499406,0.0017699446942307,0.0041573991770764,False,False,False,,3
depth 3,Random 50% #6,1714,-0.0032358828377694,0.0202203988615437,0.0143341388257666,-0.0234562816993132,-0.0175700216635361,False,False,False,,3
depth 3,Random 50% #7,1714,0.0203886964648963,0.0209010874152343,0.0206809103055134,-0.000512390950338,-0.000292213840617,False,False,False,,3
depth 3,Random 50% #8,1714,-0.0080211409064465,0.0266840337025069,0.0209795344790711,-0.0347051746089535,-0.0290006753855177,False,False,False,,3
depth 3,Random 50% #9,1714,-0.0018808498325041,0.0257851676861439,0.0222582051337974,-0.0276660175186481,-0.0241390549663016,False,False,False,,3
depth 3,Random 50% #10,1714,0.0032849222618878,0.01562854004154,0.0052936981806651,-0.0123436177796522,-0.0020087759187772,False,False,False,,3
depth 3,Random 50% #11,1714,0.0064028840624585,0.0251839494166403,0.0191059981789065,-0.0187810653541818,-0.0127031141164479,False,False,False,,3
depth 3,Random 50% #12,1714,-0.0033234372422892,0.0291612812654807,0.0117859886460328,-0.03248471850777,-0.0151094258883221,False,False,False,,3
depth 3,Random 50% #13,1714,0.0032517955657333,0.0182593831696714,0.0172766721890557,-0.0150075876039381,-0.0140248766233224,False,False,False,,3
depth 3,Random 50% #14,1714,0.0062157191184681,0.015662114342749,0.003404268239285,-0.0094463952242808,0.0028114508791831,False,True,True,,3
depth 3,Random 50% #15,1714,0.0026854501430772,0.0251084802810239,0.0158795688798607,-0.0224230301379466,-0.0131941187367835,False,False,False,,3
depth 3,Random 50% #16,1714,0.0188052608311229,0.0286492679321298,0.0087259771423595,-0.0098440071010069,0.0100792836887633,False,True,True,,3
depth 3,Random 50% #17,1714,0.0073507410721795,0.0183927666354309,0.0245215185067214,-0.0110420255632514,-0.0171707774345419,False,False,False,,3
depth 3,Random 50% #18,1714,0.0251803786741562,0.0301573651615184,0.0200770880227125,-0.0049769864873622,0.0051032906514436,False,True,True,,3
depth 3,Random 50% #19,1714,0.0087463233253787,0.0219704064519606,0.00248535899245,-0.0132240831265818,0.0062609643329287,False,True,True,,3
depth 3,Random 50% #20,1714,0.0239488541873964,0.0205746466726536,0.0272814599652322,0.0033742075147427,-0.0033326057778358,False,True,True,,3
depth 3,Random 50% #21,1714,0.0016605879752431,0.0108752258636057,0.0188606235420184,-0.0092146378883626,-0.0172000355667753,False,False,False,,3
depth 3,Random 50% #22,1714,0.0178287222426975,0.0260357887114557,0.0168339477977239,-0.0082070664687582,0.0009947744449735,False,True,True,,3
depth 3,Random 50% #23,1714,-0.0051929851771431,0.0200583305871084,0.0171390263011308,-0.0252513157642515,-0.0223320114782739,False,False,False,,3
depth 3,Random 50% #24,1714,0.0201698382197979,0.0203326934275688,0.0170819701406322,-0.0001628552077709,0.0030878680791657,False,True,True,,3
depth 3,Random 50% #25,1714,0.0024135223603308,0.027059200007011,0.0188393568423018,-0.0246456776466801,-0.0164258344819709,False,False,False,,3
depth 3,Random 50% #26,1714,-0.0063986093578627,0.0086780902834608,0.0080770891835527,-0.0150766996413235,-0.0144756985414154,False,False,False,,3
depth 3,Random 50% #27,1714,-0.0048317683881064,0.0238671702801474,0.0060712276762901,-0.0286989386682539,-0.0109029960643965,False,False,False,,3
depth 3,Random 50% #28,1714,0.0098094573797898,0.0183197808578299,0.0181701415362226,-0.00851032347804,-0.0083606841564327,False,False,False,,3
depth 3,Random 50% #29,1714,0.0125552608311229,0.0193845279315733,0.0042021237960567,-0.0068292671004504,0.0083531370350661,False,True,True,,3
depth 3,Random 50% #30,1714,0.0022139615866539,0.019331029592017,0.0138190349538549,-0.017117068005363,-0.011605073367201,False,False,False,,3
depth 3,Random 50% #31,1714,0.0081502190717898,0.0210117629295403,0.0070463144693122,-0.0128615438577505,0.0011039046024775,False,True,True,,3
depth 3,Random 50% #32,1714,-0.0092920029904661,0.0156768445697426,0.0142792015288635,-0.0249688475602088,-0.0235712045193297,False,False,False,,3
depth 3,Random 50% #33,1714,-0.002514181228832,0.0164778443173804,0.0149812300690244,-0.0189920255462124,-0.0174954112978564,False,False,False,,3
depth 3,Random 50% #34,1714,0.0070180513371488,0.0241479559301493,0.0046485717623379,-0.0171299045930005,0.0023694795748109,False,True,True,,3
depth 3,Random 50% #35,1714,0.0093248828878478,0.0300847040183498,0.0189660943279799,-0.0207598211305019,-0.0096412114401321,False,False,False,,3
depth 3,Random 50% #36,1714,0.016912667846362,0.0138502882712424,0.0160425727240538,0.0030623795751195,0.0008700951223081,False,False,False,,3
depth 3,Random 50% #37,1714,0.0036653828805384,0.0188006946882114,0.007990960905046,-0.0151353118076729,-0.0043255780245075,False,False,False,,3
depth 3,Random 50% #38,1714,0.0021576191788371,0.0265866245005405,0.0234240485481701,-0.0244290053217034,-0.0212664293693329,False,False,False,,3
depth 3,Random 50% #39,1714,0.0170086158804934,0.0131914261925146,0.01588915071446,0.0038171896879787,0.0011194651660333,False,False,False,,3
depth 3,Random 50% #40,1714,0.018520937100027,0.029238500205499,0.0166007671710159,-0.0107175631054719,0.0019201699290111,False,True,True,,3
depth 3,Random 50% #41,1714,0.0027199322354597,0.0237169496364871,0.0096124888343607,-0.0209970174010273,-0.006892556598901,False,False,False,,3
depth 3,Random 50% #42,1714,0.0178900300253214,0.024181097463158,0.0102398285386054,-0.0062910674378366,0.0076502014867159,False,True,True,,3
depth 3,Random 50% #43,1714,0.0169958506224066,0.0271394967291024,0.0086282257677376,-0.0101436461066958,0.0083676248546689,False,True,True,,3
depth 3,Random 50% #44,1714,-0.0080414937759336,0.0226183994951932,0.0073625537678702,-0.0306598932711268,-0.0154040475438038,False,False,False,,3
depth 3,Random 50% #45,1714,-0.0006684003732017,0.0266833210194313,0.0130827758911281,-0.027351721392633,-0.0137511762643298,False,False,False,,3
depth 3,Random 50% #46,1714,-0.0127567411871579,0.0261443093051781,0.0192895024870137,-0.038901050492336,-0.0320462436741717,False,False,False,,3
depth 3,Random 50% #47,1714,-0.0023071888899981,0.0221090170498655,0.0234762488691931,-0.0244162059398636,-0.0257834377591912,False,False,False,,3
depth 3,Random 50% #48,1714,0.0007707867678387,0.0299204202492806,0.0161584204988033,-0.0291496334814418,-0.0153876337309645,False,False,False,,3
depth 3,Random 50% #49,1714,-0.0052585890287469,0.0140869520246249,0.0158633397007389,-0.0193455410533719,-0.0211219287294859,False,False,False,,3
depth 3,Random 50% #50,1714,-0.009935439192208,0.0169909052336,0.0037978265138487,-0.026926344425808,-0.0137332657060567,False,False,False,,3
depth 3,Random 30% #1,1028,0.0177032019704433,0.0310416425259444,0.0196231705074733,-0.013338440555501,-0.0019199685370299,False,False,False,,3
depth 3,Random 30% #2,1028,-0.0188812287552644,0.0172004169607759,0.0136861098082699,-0.0360816457160404,-0.0325673385635344,False,False,False,,3
depth 3,Random 30% #3,1028,-0.0136963318843895,0.0081867067134194,-0.0027506489875137,-0.021883038597809,-0.0109456828968757,True,False,True,,3
depth 3,Random 30% #4,1028,0.012612065619632,0.0114633683451193,0.0101174273269349,0.0011486972745126,0.0024946382926971,False,False,False,,3
depth 3,Random 30% #5,1028,0.012955140579904,0.0276745986616882,0.0142835279942607,-0.0147194580817842,-0.0013283874143566,False,False,False,,3
depth 3,Random 30% #6,1028,0.011061887501678,0.0360202859491655,0.0143138014744911,-0.0249583984474874,-0.003251913972813,False,False,False,,3
depth 3,Random 30% #7,1028,-0.0019795447047178,0.0290121059464441,0.0170423981987268,-0.030991650651162,-0.0190219429034447,False,False,False,,3
depth 3,Random 30% #8,1028,-0.0013757582957458,0.0266243853993157,0.0189789568129299,-0.0280001436950615,-0.0203547151086758,False,False,False,,3
depth 3,Random 30% #9,1028,0.0167924069116573,0.0213561835529925,0.0150717672257577,-0.0045637766413352,0.0017206396858995,False,True,True,,3
depth 3,Random 30% #10,1028,0.0218614718614718,0.017727014186663,-0.001394237214659,0.0041344576748088,0.0232557090761309,True,False,True,,3
depth 3,Random 30% #11,1028,0.0036992125742528,0.028693417421317,-0.0017639109265189,-0.0249942048470642,0.0054631235007717,True,True,True,,3
depth 3,Random 30% #12,1028,-0.0176439165409753,0.0244251566354287,-0.0049992474434092,-0.042069073176404,-0.0126446690975661,True,False,True,,3
depth 3,Random 30% #13,1028,0.0061871080085679,0.0415431977917795,0.0197050373070537,-0.0353560897832115,-0.0135179292984858,False,False,False,,3
depth 3,Random 30% #14,1028,-0.0024039572835282,0.0259455600374201,0.0054235028182731,-0.0283495173209484,-0.0078274601018014,False,False,False,,3
depth 3,Random 30% #15,1028,-0.0014797507788162,0.0384121283575474,0.0041123559718408,-0.0398918791363636,-0.0055921067506571,False,False,False,,3
depth 3,Random 30% #16,1028,0.006823838043474,0.0261106127294503,0.000671301747095,-0.0192867746859763,0.006152536296379,False,True,True,,3
depth 3,Random 30% #17,1028,0.0030261642698374,0.0298150219378071,0.0088254881068981,-0.0267888576679697,-0.0057993238370606,False,False,False,,3
depth 3,Random 30% #18,1028,0.008237689744539,0.0165309596104587,0.0066883728201485,-0.0082932698659196,0.0015493169243904,False,True,True,,3
depth 3,Random 30% #19,1028,0.0066883064376393,0.0125359629992108,-0.001650843698664,-0.0058476565615714,0.0083391501363033,True,True,True,,3
depth 3,Random 30% #20,1028,-0.0099963316214233,0.0262409198065656,0.0107784922414312,-0.0362372514279889,-0.0207748238628545,False,False,False,,3
depth 3,Random 30% #21,1028,0.002277451699682,0.0283306657466078,-0.0133326127775361,-0.0260532140469257,0.0156100644772181,True,True,True,,3
depth 3,Random 30% #22,1028,0.0271739130434782,0.0149907858286478,0.0074285461499011,0.0121831272148304,0.0197453668935771,False,False,False,,3
depth 3,Random 30% #23,1028,0.0053719593676173,0.0406972984790857,0.0142921408610484,-0.0353253391114684,-0.0089201814934311,False,False,False,,3
depth 3,Random 30% #24,1028,0.0374355138753044,0.0311671814189439,0.0044884088549174,0.0062683324563604,0.032947105020387,False,False,False,,3
depth 3,Random 30% #25,1028,0.0207335170659317,0.0280860027779742,0.0252143870508138,-0.0073524857120425,-0.004480869984882,False,False,False,,3
depth 3,Random 30% #26,1028,0.000322640117994,0.0354054401310849,-0.0173378311237818,-0.0350828000130908,0.0176604712417759,True,True,True,,3
depth 3,Random 30% #27,1028,-0.0133699862551543,0.0347922532363689,0.0034850049257206,-0.0481622394915232,-0.0168549911808749,False,False,False,,3
depth 3,Random 30% #28,1028,0.0048546691403834,0.0211066051833023,0.0190741861863341,-0.0162519360429189,-0.0142195170459507,False,False,False,,3
depth 3,Random 30% #29,1028,0.0132264436461088,0.0142582338288535,-0.0056066827531946,-0.0010317901827446,0.0188331263993035,True,True,True,,3
depth 3,Random 30% #30,1028,0.0073191060456281,0.0279927851559772,0.0070342540373463,-0.020673679110349,0.0002848520082817,False,True,True,,3
depth 3,Random 30% #31,1028,0.0186572318838355,0.042170527658375,0.0124016156242836,-0.0235132957745395,0.0062556162595519,False,True,True,,3
depth 3,Random 30% #32,1028,0.0146773132638857,0.0391507341244375,0.0137376083355562,-0.0244734208605518,0.0009397049283294,False,True,True,,3
depth 3,Random 30% #33,1028,0.0107989019115876,0.0329886671837249,0.0038781765395963,-0.0221897652721372,0.0069207253719912,False,True,True,,3
depth 3,Random 30% #34,1028,0.0036708111308466,0.0241221924495479,0.0200090756699434,-0.0204513813187012,-0.0163382645390967,False,False,False,,3
depth 3,Random 30% #35,1028,-0.0021279853031231,0.024467327930056,0.0044316146445268,-0.0265953132331791,-0.0065595999476499,False,False,False,,3
depth 3,Random 30% #36,1028,-0.0048226599270606,0.0258254964680818,0.0084575975097531,-0.0306481563951424,-0.0132802574368138,False,False,False,,3
depth 3,Random 30% #37,1028,-0.0037446257685728,0.0240428864569228,0.0159202290951274,-0.0277875122254957,-0.0196648548637003,False,False,False,,3
depth 3,Random 30% #38,1028,0.0108722741433021,0.0187288045282388,0.0327765203514383,-0.0078565303849366,-0.0219042462081361,False,False,False,,3
depth 3,Random 30% #39,1028,0.0380230468256006,0.0147706566548681,0.0095568231680292,0.0232523901707324,0.0284662236575714,False,False,False,,3
depth 3,Random 30% #40,1028,-0.0156995008383602,0.0214310955561833,0.0040226665934456,-0.0371305963945436,-0.0197221674318059,False,False,False,,3
depth 3,Random 30% #41,1028,0.0003191021554961,0.0206974263483888,-0.008637033871234,-0.0203783241928926,0.0089561360267301,True,True,True,,3
depth 3,Random 30% #42,1028,0.0039796984507742,0.0186949364329556,0.0178229290198855,-0.0147152379821814,-0.0138432305691113,False,False,False,,3
depth 3,Random 30% #43,1028,0.0320665445665445,0.0373808047988068,0.0138919025352247,-0.0053142602322623,0.0181746420313198,False,True,True,,3
depth 3,Random 30% #44,1028,0.014617494198646,0.0229014726892893,0.0080237235486864,-0.0082839784906432,0.0065937706499595,False,True,True,,3
depth 3,Random 30% #45,1028,-0.010677190889205,0.0235738159895428,-0.0023523537766718,-0.0342510068787479,-0.0083248371125331,True,False,True,,3
depth 3,Random 30% #46,1028,-0.0211341559464426,0.0299793998554021,0.0104521376018692,-0.0511135558018448,-0.0315862935483118,False,False,False,,3
depth 3,Random 30% #47,1028,0.0021068472535741,0.0390609483347156,0.0145027152757371,-0.0369541010811415,-0.0123958680221629,False,False,False,,3
depth 3,Random 30% #48,1028,0.0099373113536103,0.0344064514818113,0.0095448091155082,-0.0244691401282009,0.0003925022381021,False,True,True,,3
depth 3,Random 30% #49,1028,-0.0033935788911766,0.0318518113638942,-0.0026223759525455,-0.0352453902550709,-0.0007712029386311,True,False,True,,3
depth 3,Random 30% #50,1028,-0.0149638584774062,0.0329995096346149,0.0118969888153383,-0.0479633681120212,-0.0268608472927446,False,False,False,,3
depth 4,All Patients,3429,0.0078818040435458,0.0227317418543889,0.0160221836937537,-0.014849937810843,-0.0081403796502078,False,False,False,,4
depth 4,ICUType 1.0,490,0.0294939989088925,0.0710442575406296,0.0163380013233402,-0.041550258631737,0.0131559975855522,False,True,True,,4
depth 4,ICUType 2.0,643,-0.000975689080413,0.0109843115337771,-0.0022599231079438,-0.0119600006141901,0.0012842340275308,True,True,True,,4
depth 4,ICUType 3.0,1357,-0.0217764843549488,0.0156063257036876,-0.016508200579901,-0.0373828100586365,-0.0052682837750477,True,False,True,,4
depth 4,ICUType 4.0,939,0.0202084035501629,0.0469491783412601,0.0153545753825478,-0.0267407747910972,0.004853828167615,False,True,True,,4
depth 4,Age decile 0,374,0.046026807780653,0.0513461271586329,-0.0175907654383213,-0.0053193193779799,0.0636175732189743,True,True,True,,4
depth 4,Age decile 1,344,0.0273634472301562,0.0360503828773715,-0.0207713608071208,-0.0086869356472153,0.0481348080372771,True,True,True,,4
depth 4,Age decile 2,347,0.0042864169770219,0.0102253624892309,0.0111813018785283,-0.0059389455122089,-0.0068948849015064,False,False,False,,4
depth 4,Age decile 3,325,0.0096292729898892,0.0450738216944255,-0.0153055854343974,-0.0354445487045363,0.0249348584242867,True,True,True,,4
depth 4,Age decile 4,372,-0.0152359717577108,0.0315770028573116,-0.0266104679908272,-0.0468129746150225,0.0113744962331163,True,True,True,,4
depth 4,Age decile 5,344,-0.0250497851378262,0.0359997034382845,0.0015999639321437,-0.0610494885761107,-0.02664974906997,False,False,False,,4
depth 4,Age decile 6,397,-0.0004719207173194,0.036030782441343,-0.0453054881807409,-0.0365027031586625,0.0448335674634214,True,True,True,,4
depth 4,Age decile 7,247,0.0173747705218987,0.0572283105401146,-0.0037148419087139,-0.0398535400182158,0.0210896124306127,True,True,True,,4
depth 4,Age decile 8,354,-0.0216450216450216,0.0223615019930953,-0.0244986138572202,-0.044006523638117,0.0028535922121985,True,True,True,,4
depth 4,Age decile 9,325,-0.0771864301276066,0.069744549313916,-0.0281067480926784,-0.1469309794415227,-0.0490796820349281,True,False,True,,4
depth 4,HR quartile 0,877,0.0371049136786188,0.0599312757412874,0.0078309983601571,-0.0228263620626685,0.0292739153184617,False,True,True,,4
depth 4,HR quartile 1,917,-0.0169849537037037,0.0208127261719625,-0.0088535214278467,-0.0377976798756662,-0.0081314322758569,True,False,True,,4
depth 4,HR quartile 2,816,0.034861311019492,0.0343576323933267,-0.0029040835975263,0.0005036786261653,0.0377653946170184,True,False,True,,4
depth 4,HR quartile 3,819,-0.0232600311906863,0.0304441039597972,-0.0075194631984224,-0.0537041351504835,-0.0157405679922638,True,False,True,,4
depth 4,MAP quartile 0,877,-0.0141240285818599,0.039157615751165,-0.0125302467111991,-0.0532816443330249,-0.0015937818706607,True,False,True,,4
depth 4,MAP quartile 1,840,0.02392179413456,0.0451802481900656,0.0075037489964505,-0.0212584540555055,0.0164180451381095,False,True,True,,4
depth 4,MAP quartile 2,866,0.0104058609958506,0.0347646742144259,-0.0169924982967205,-0.0243588132185753,0.0273983592925712,True,True,True,,4
depth 4,MAP quartile 3,846,0.0090927756430939,0.0591315222788715,0.0153335737029391,-0.0500387466357776,-0.0062407980598452,False,False,False,,4
depth 4,Temp quartile 0,902,0.0068727157158747,0.0576592010774278,0.0021400786137211,-0.050786485361553,0.0047326371021536,False,True,True,,4
depth 4,Temp quartile 1,864,0.0305627470437901,0.0437084052864904,-0.0144719409871215,-0.0131456582427002,0.0450346880309117,True,True,True,,4
depth 4,Temp quartile 2,838,-0.0036346905912123,0.0312825299934309,0.00073857254315,-0.0349172205846432,-0.0043732631343623,False,False,False,,4
depth 4,Temp quartile 3,825,-0.0023612750885478,0.0266656229634513,-0.0125376487868064,-0.0290268980519991,0.0101763736982586,True,True,True,,4
depth 4,Urine quartile 0,859,-0.0313289760348584,0.0451311411339716,-0.0290381537504458,-0.07646011716883,-0.0022908222844125,True,False,True,,4
depth 4,Urine quartile 1,913,-0.0210526315789473,0.011029999547936,-0.0118155498747183,-0.0320826311268834,-0.009237081704229,True,False,True,,4
depth 4,Urine quartile 2,802,0.0149901230333403,0.0399082629503473,0.0016623774254477,-0.0249181399170069,0.0133277456078925,False,True,True,,4
depth 4,Urine quartile 3,855,0.0601118199903958,0.0510072060020441,-0.0094901771105061,0.0091046139883516,0.0696019971009019,True,False,True,,4
depth 4,SAPS quartile 0,1025,0.0026756349262149,0.0267157144027576,-0.0127865802695039,-0.0240400794765426,0.0154622151957189,True,True,True,,4
depth 4,SAPS quartile 1,946,0.0452124666297511,0.0277207994378084,-0.0182503350358477,0.0174916671919427,0.0634628016655989,True,False,True,,4
depth 4,SAPS quartile 2,660,0.0015384615384615,0.0317175874428581,-0.0078917573162247,-0.0301791259043966,0.0094302188546862,True,True,True,,4
depth 4,SAPS quartile 3,798,-0.0389986891196934,0.0566176489234105,0.0173999957470081,-0.0956163380431039,-0.0563986848667016,False,False,False,,4
depth 4,HR > 100,945,-0.0351262896411669,0.0356522949740182,-0.0123163173337234,-0.0707785846151852,-0.0228099723074435,True,False,True,,4
depth 4,MAP < 65,697,-0.0279136809159047,0.0246894892879666,-0.0199696469173226,-0.0526031702038714,-0.007944033998582,True,False,True,,4
depth 4,Temp > 38C,267,-0.0430204913392958,0.0378170400938004,0.0008790414751989,-0.0808375314330962,-0.0438995328144947,False,False,False,,4
depth 4,Urine > 1000,210,0.0458952811893988,0.0501160738169009,-0.0139200151970209,-0.004220792627502,0.0598152963864197,True,True,True,,4
depth 4,Random 50% #1,1714,0.0148182289884191,0.0313557234424552,0.0042407402660129,-0.016537494454036,0.0105774887224062,False,True,True,,4
depth 4,Random 50% #2,1714,0.0038708396744524,0.027927914223582,-0.0023721386227545,-0.0240570745491295,0.0062429782972069,True,True,True,,4
depth 4,Random 50% #3,1714,0.0221853388658367,0.0273126213929411,0.0006817606532589,-0.0051272825271043,0.0215035782125778,False,True,True,,4
depth 4,Random 50% #4,1714,0.0209444740819774,0.0339053114534057,0.0027539445953827,-0.0129608373714283,0.0181905294865946,False,True,True,,4
depth 4,Random 50% #5,1714,0.025145147627017,0.0354361292452865,0.0160040919049657,-0.0102909816182694,0.0091410557220513,False,True,True,,4
depth 4,Random 50% #6,1714,-0.0032358828377694,0.0294403995308231,0.0066695533087723,-0.0326762823685926,-0.0099054361465418,False,False,False,,4
depth 4,Random 50% #7,1714,0.0203886964648963,0.0288096221796258,0.0148428409909624,-0.0084209257147294,0.0055458554739339,False,True,True,,4
depth 4,Random 50% #8,1714,-0.0080211409064465,0.034257049491025,0.0113706839865232,-0.0422781903974716,-0.0193918248929697,False,False,False,,4
depth 4,Random 50% #9,1714,-0.0018808498325041,0.0360694195057704,0.0138674356374383,-0.0379502693382746,-0.0157482854699425,False,False,False,,4
depth 4,Random 50% #10,1714,0.0032849222618878,0.0270305799659188,-0.0028408533098279,-0.023745657704031,0.0061257755717158,True,True,True,,4
depth 4,Random 50% #11,1714,0.0064028840624585,0.0326061070488873,0.0137820156288807,-0.0262032229864288,-0.0073791315664222,False,False,False,,4
depth 4,Random 50% #12,1714,-0.0033234372422892,0.0376141483021165,0.0041294850073206,-0.0409375855444058,-0.0074529222496099,False,False,False,,4
depth 4,Random 50% #13,1714,0.0032517955657333,0.0266295866197547,0.0082308133078841,-0.0233777910540214,-0.0049790177421508,False,False,False,,4
depth 4,Random 50% #14,1714,0.0062157191184681,0.0245604716333369,-0.0051764832967475,-0.0183447525148687,0.0113922024152157,True,True,True,,4
depth 4,Random 50% #15,1714,0.0026854501430772,0.0340576626504801,0.0077642664069774,-0.0313722125074029,-0.0050788162639001,False,False,False,,4
depth 4,Random 50% #16,1714,0.0188052608311229,0.0404634523508443,0.0045764565593101,-0.0216581915197214,0.0142288042718127,False,True,True,,4
depth 4,Random 50% #17,1714,0.0073507410721795,0.0266040913297384,0.0141362828480814,-0.0192533502575588,-0.0067855417759019,False,False,False,,4
depth 4,Random 50% #18,1714,0.0251803786741562,0.0410417742779113,0.0133047343954293,-0.0158613956037551,0.0118756442787268,False,True,True,,4
depth 4,Random 50% #19,1714,0.0087463233253787,0.0291094726871478,-0.0075125775681838,-0.020363149361769,0.0162589008935626,True,True,True,,4
depth 4,Random 50% #20,1714,0.0239488541873964,0.0320553228790224,0.0219124706250649,-0.008106468691626,0.0020363835623314,False,True,True,,4
depth 4,Random 50% #21,1714,0.0016605879752431,0.0169959656601878,0.0114543225617246,-0.0153353776849447,-0.0097937345864814,False,False,False,,4
depth 4,Random 50% #22,1714,0.0178287222426975,0.0322694315069244,0.0054416862016005,-0.0144407092642268,0.012387036041097,False,True,True,,4
depth 4,Random 50% #23,1714,-0.0051929851771431,0.0288492735299716,0.008682766923865,-0.0340422587071147,-0.0138757521010081,False,False,False,,4
depth 4,Random 50% #24,1714,0.0201698382197979,0.0289969274296611,0.0090085555813083,-0.0088270892098632,0.0111612826384896,False,True,True,,4
depth 4,Random 50% #25,1714,0.0024135223603308,0.038935137490236,0.0091234894255593,-0.0365216151299051,-0.0067099670652285,False,False,False,,4
depth 4,Random 50% #26,1714,-0.0063986093578627,0.0192099381128598,0.0012751586684596,-0.0256085474707225,-0.0076737680263223,False,False,False,,4
depth 4,Random 50% #27,1714,-0.0048317683881064,0.0301021035765065,-0.0009846023737627,-0.0349338719646129,-0.0038471660143437,True,False,True,,4
depth 4,Random 50% #28,1714,0.0098094573797898,0.0243691745955128,0.0139232524732921,-0.0145597172157229,-0.0041137950935022,False,False,False,,4
depth 4,Random 50% #29,1714,0.0125552608311229,0.0271449274111669,-0.0032936084173557,-0.014589666580044,0.0158488692484786,True,True,True,,4
depth 4,Random 50% #30,1714,0.0022139615866539,0.0281348004720486,0.0032906780311318,-0.0259208388853947,-0.0010767164444779,False,False,False,,4
depth 4,Random 50% #31,1714,0.0081502190717898,0.0298903780846639,0.0030391163271813,-0.021740159012874,0.0051111027446085,False,True,True,,4
depth 4,Random 50% #32,1714,-0.0092920029904661,0.0230071815704704,0.0071064348093677,-0.0322991845609366,-0.0163984377998339,False,False,False,,4
depth 4,Random 50% #33,1714,-0.002514181228832,0.0278805122608945,0.0077693533724987,-0.0303946934897266,-0.0102835346013307,False,False,False,,4
depth 4,Random 50% #34,1714,0.0070180513371488,0.0306667199189531,-0.0022017493717274,-0.0236486685818043,0.0092198007088763,True,True,True,,4
depth 4,Random 50% #35,1714,0.0093248828878478,0.0378687374692606,0.0111808535657383,-0.0285438545814127,-0.0018559706778904,False,False,False,,4
depth 4,Random 50% #36,1714,0.016912667846362,0.0211103595499593,0.0103104340264792,-0.0041976917035973,0.0066022338198828,False,True,True,,4
depth 4,Random 50% #37,1714,0.0036653828805384,0.0289824451404051,-0.0004394360576216,-0.0253170622598666,0.0041048189381601,True,True,True,,4
depth 4,Random 50% #38,1714,0.0021576191788371,0.0361669961392025,0.0109858190572818,-0.0340093769603653,-0.0088281998784447,False,False,False,,4
depth 4,Random 50% #39,1714,0.0170086158804934,0.0238823428700334,0.0087536871068225,-0.00687372698954,0.0082549287736708,False,True,True,,4
depth 4,Random 50% #40,1714,0.018520937100027,0.0402305097641516,0.0105842218502826,-0.0217095726641245,0.0079367152497444,False,True,True,,4
depth 4,Random 50% #41,1714,0.0027199322354597,0.0355091813596095,0.0030190909609648,-0.0327892491241497,-0.0002991587255051,False,False,False,,4
depth 4,Random 50% #42,1714,0.0178900300253214,0.0319254608473431,0.0037433775054131,-0.0140354308220217,0.0141466525199082,False,True,True,,4
depth 4,Random 50% #43,1714,0.0169958506224066,0.0364942798840376,0.003647237834118,-0.019498429261631,0.0133486127882885,False,True,True,,4
depth 4,Random 50% #44,1714,-0.0080414937759336,0.0314511621702304,-0.0009715739386053,-0.039492655946164,-0.0070699198373282,True,False,True,,4
depth 4,Random 50% #45,1714,-0.0006684003732017,0.0316519855426376,0.0063029399816915,-0.0323203859158393,-0.0069713403548933,False,False,False,,4
depth 4,Random 50% #46,1714,-0.0127567411871579,0.0362296317185195,0.0138573508456004,-0.0489863729056775,-0.0266140920327584,False,False,False,,4
depth 4,Random 50% #47,1714,-0.0023071888899981,0.030421725677894,0.0167370587292234,-0.0327289145678921,-0.0190442476192215,False,False,False,,4
depth 4,Random 50% #48,1714,0.0007707867678387,0.0354094574732764,0.0098204719208671,-0.0346386707054376,-0.0090496851530283,False,False,False,,4
depth 4,Random 50% #49,1714,-0.0052585890287469,0.0219379851433472,0.0111552681950587,-0.0271965741720942,-0.0164138572238057,False,False,False,,4
depth 4,Random 50% #50,1714,-0.009935439192208,0.0238433446916069,-0.0049021481514379,-0.0337787838838149,-0.00503329104077,True,False,True,,4
depth 4,Random 30% #1,1028,0.0177032019704433,0.0426061930406145,0.0140461103559295,-0.0249029910701712,0.0036570916145137,False,True,True,,4
depth 4,Random 30% #2,1028,-0.0188812287552644,0.0289685546213613,0.0023787098901301,-0.0478497833766258,-0.0212599386453946,False,False,False,,4
depth 4,Random 30% #3,1028,-0.0136963318843895,0.0200677284235722,-0.013826492895555,-0.0337640603079617,0.0001301610111655,True,True,True,,4
depth 4,Random 30% #4,1028,0.012612065619632,0.0204225260502294,-0.0002210706600593,-0.0078104604305973,0.0128331362796914,True,True,True,,4
depth 4,Random 30% #5,1028,0.012955140579904,0.0379493615490146,0.0096673337922572,-0.0249942209691105,0.0032878067876467,False,True,True,,4
depth 4,Random 30% #6,1028,0.011061887501678,0.0470478291159446,0.0059780359189082,-0.0359859416142665,0.0050838515827698,False,True,True,,4
depth 4,Random 30% #7,1028,-0.0019795447047178,0.0349143864673815,0.0044333319323667,-0.0368939311720994,-0.0064128766370846,False,False,False,,4
depth 4,Random 30% #8,1028,-0.0013757582957458,0.0345028136746261,0.0056745458085265,-0.0358785719703719,-0.0070503041042724,False,False,False,,4
depth 4,Random 30% #9,1028,0.0167924069116573,0.0292532050764076,0.0054099727614448,-0.0124607981647502,0.0113824341502125,False,True,True,,4
depth 4,Random 30% #10,1028,0.0218614718614718,0.0296030373956452,-0.0107747621638614,-0.0077415655341734,0.0326362340253333,True,True,True,,4
depth 4,Random 30% #11,1028,0.0036992125742528,0.0397315754212041,-0.0146094657886759,-0.0360323628469513,0.0183086783629288,True,True,True,,4
depth 4,Random 30% #12,1028,-0.0176439165409753,0.0344541421082082,-0.0196570977076136,-0.0520980586491835,0.0020131811666383,True,True,True,,4
depth 4,Random 30% #13,1028,0.0061871080085679,0.0533023991911294,0.0113394211613408,-0.0471152911825614,-0.0051523131527728,False,False,False,,4
depth 4,Random 30% #14,1028,-0.0024039572835282,0.0382903903456353,-0.0021977325786152,-0.0406943476291635,-0.000206224704913,True,False,True,,4
depth 4,Random 30% #15,1028,-0.0014797507788162,0.044130260607636,-0.0087814812780926,-0.0456100113864522,0.0073017304992764,True,True,True,,4
depth 4,Random 30% #16,1028,0.006823838043474,0.0350558917904822,-0.0078954166390042,-0.0282320537470081,0.0147192546824783,True,True,True,,4
depth 4,Random 30% #17,1028,0.0030261642698374,0.041467887243447,-0.0011579022760444,-0.0384417229736095,0.0041840665458818,True,True,True,,4
depth 4,Random 30% #18,1028,0.008237689744539,0.0275202217687554,0.0004875991655716,-0.0192825320242164,0.0077500905789674,False,True,True,,4
depth 4,Random 30% #19,1028,0.0066883064376393,0.0256656489918006,-0.0142410933018552,-0.0189773425541613,0.0209293997394946,True,True,True,,4
depth 4,Random 30% #20,1028,-0.0099963316214233,0.036100597531905,-0.0012773981586378,-0.0460969291533284,-0.0087189334627855,True,False,True,,4
depth 4,Random 30% #21,1028,0.002277451699682,0.0390509737134341,-0.0235139764751454,-0.0367735220137521,0.0257914281748275,True,True,True,,4
depth 4,Random 30% #22,1028,0.0271739130434782,0.0260482343520489,0.0005265305971514,0.0011256786914293,0.0266473824463268,False,False,False,,4
depth 4,Random 30% #23,1028,0.0053719593676173,0.0535409150223809,0.0070937043763033,-0.0481689556547635,-0.0017217450086859,False,False,False,,4
depth 4,Random 30% #24,1028,0.0374355138753044,0.0423378978542787,-0.0076843654332411,-0.0049023839789743,0.0451198793085455,True,True,True,,4
depth 4,Random 30% #25,1028,0.0207335170659317,0.0399884469967468,0.0186536155248717,-0.0192549299308151,0.00207990154106,False,True,True,,4
depth 4,Random 30% #26,1028,0.000322640117994,0.0475647613554018,-0.0284206330385845,-0.0472421212374077,0.0287432731565786,True,True,True,,4
depth 4,Random 30% #27,1028,-0.0133699862551543,0.0453165076294219,-0.0090142237284319,-0.0586864938845762,-0.0043557625267224,True,False,True,,4
depth 4,Random 30% #28,1028,0.0048546691403834,0.0313599177389192,0.0132478800739694,-0.0265052485985358,-0.008393210933586,False,False,False,,4
depth 4,Random 30% #29,1028,0.0132264436461088,0.0235148984038429,-0.0169733321707325,-0.010288454757734,0.0301997758168414,True,True,True,,4
depth 4,Random 30% #30,1028,0.0073191060456281,0.0410417007100759,-0.0013338552539873,-0.0337225946644478,0.0086529612996155,True,True,True,,4
depth 4,Random 30% #31,1028,0.0186572318838355,0.0542382344198024,0.0033256684644864,-0.0355810025359669,0.015331563419349,False,True,True,,4
depth 4,Random 30% #32,1028,0.0146773132638857,0.0484083111175908,0.001261556773407,-0.033730997853705,0.0134157564904786,False,True,True,,4
depth 4,Random 30% #33,1028,0.0107989019115876,0.0424342560819821,-0.0042671922015255,-0.0316353541703945,0.0150660941131131,True,True,True,,4
depth 4,Random 30% #34,1028,0.0036708111308466,0.0317241976961775,0.0049787640195571,-0.0280533865653309,-0.0013079528887105,False,False,False,,4
depth 4,Random 30% #35,1028,-0.0021279853031231,0.0338096708997584,-0.0040021855702025,-0.0359376562028815,0.0018742002670794,True,True,True,,4
depth 4,Random 30% #36,1028,-0.0048226599270606,0.0357532137659834,0.0004039218474916,-0.0405758736930441,-0.0052265817745522,False,False,False,,4
depth 4,Random 30% #37,1028,-0.0037446257685728,0.0274395503011098,0.0111546040736819,-0.0311841760696827,-0.0148992298422548,False,False,False,,4
depth 4,Random 30% #38,1028,0.0108722741433021,0.031957571148786,0.0227887794477981,-0.0210852970054838,-0.0119165053044959,False,False,False,,4
depth 4,Random 30% #39,1028,0.0380230468256006,0.0260083582638379,-0.0040016603094794,0.0120146885617626,0.04202470713508,True,False,True,,4
depth 4,Random 30% #40,1028,-0.0156995008383602,0.0342737869574107,-0.0105631180843262,-0.0499732877957709,-0.005136382754034,True,False,True,,4
depth 4,Random 30% #41,1028,0.0003191021554961,0.0266324330471657,-0.0189605044593345,-0.0263133308916696,0.0192796066148306,True,True,True,,4
depth 4,Random 30% #42,1028,0.0039796984507742,0.023453477313354,0.0116950647824621,-0.0194737788625797,-0.0077153663316878,False,False,False,,4
depth 4,Random 30% #43,1028,0.0320665445665445,0.0490538886941835,0.0026576629489241,-0.0169873441276389,0.0294088816176204,False,True,True,,4
depth 4,Random 30% #44,1028,0.014617494198646,0.0329095224775971,-0.0046703820794289,-0.0182920282789511,0.019287876278075,True,True,True,,4
depth 4,Random 30% #45,1028,-0.010677190889205,0.0329335710915844,-0.0144817906325092,-0.0436107619807894,0.0038045997433041,True,True,True,,4
depth 4,Random 30% #46,1028,-0.0211341559464426,0.0412842832295672,-0.0019266288229161,-0.0624184391760098,-0.0192075271235264,True,False,True,,4
depth 4,Random 30% #47,1028,0.0021068472535741,0.0521683566400751,0.0037693431449211,-0.0500615093865009,-0.001662495891347,False,False,False,,4
depth 4,Random 30% #48,1028,0.0099373113536103,0.0427412321902008,-0.0035659984582462,-0.0328039208365904,0.0135033098118566,True,True,True,,4
depth 4,Random 30% #49,1028,-0.0033935788911766,0.0415780026752178,-0.0125006092627472,-0.0449715815663945,0.0091070303715705,True,True,True,,4
depth 4,Random 30% #50,1028,-0.0149638584774062,0.0434778842746719,0.004549676606685,-0.0584417427520782,-0.0195135350840913,False,False,False,,4
depth 5,All Patients,3429,0.0078818040435458,0.0315084515496955,0.0063064241534665,-0.0236266475061496,0.0015753798900793,False,True,True,,5
depth 5,ICUType 1.0,490,0.0294939989088925,0.073501864745198,0.0113485485927356,-0.0440078658363055,0.0181454503161568,False,True,True,,5
depth 5,ICUType 2.0,643,-0.000975689080413,0.0104944679456115,-0.0023099662493265,-0.0114701570260245,0.0013342771689134,True,True,True,,5
depth 5,ICUType 3.0,1357,-0.0217764843549488,0.0257296382988648,-0.0259277370104862,-0.0475061226538137,0.0041512526555374,True,True,True,,5
depth 5,ICUType 4.0,939,0.0202084035501629,0.0554059845702371,0.0052896923639134,-0.0351975810200742,0.0149187111862494,False,True,True,,5
depth 5,Age decile 0,374,0.046026807780653,0.0500031372256003,-0.0174049189061834,-0.0039763294449473,0.0634317266868364,True,True,True,,5
depth 5,Age decile 1,344,0.0273634472301562,0.0363917063319749,-0.0229258039210291,-0.0090282591018186,0.0502892511511853,True,True,True,,5
depth 5,Age decile 2,347,0.0042864169770219,0.009569359951901,0.0104434924573628,-0.005282942974879,-0.0061570754803409,False,False,False,,5
depth 5,Age decile 3,325,0.0096292729898892,0.0476541566501384,-0.0204929272001064,-0.0380248836602492,0.0301222001899957,True,True,True,,5
depth 5,Age decile 4,372,-0.0152359717577108,0.0334761561957384,-0.0281463761985295,-0.0487121279534493,0.0129104044408186,True,True,True,,5
depth 5,Age decile 5,344,-0.0250497851378262,0.03528877166768,0.005398855687678,-0.0603385568055062,-0.0304486408255043,False,False,False,,5
depth 5,Age decile 6,397,-0.0004719207173194,0.0369457092071539,-0.0503383131630528,-0.0374176299244734,0.0498663924457333,True,True,True,,5
depth 5,Age decile 7,247,0.0173747705218987,0.0590959830906517,-0.0025514777156372,-0.0417212125687529,0.019926248237536,True,True,True,,5
depth 5,Age decile 8,354,-0.0216450216450216,0.0269332036407244,-0.0303248257932628,-0.0485782252857461,0.0086798041482411,True,True,True,,5
depth 5,Age decile 9,325,-0.0771864301276066,0.0712000943301655,-0.0251631287806005,-0.1483865244577721,-0.0520233013470061,True,False,True,,5
depth 5,HR quartile 0,877,0.0371049136786188,0.0648081037979205,0.0020281388712824,-0.0277031901193016,0.0350767748073364,False,True,True,,5
depth 5,HR quartile 1,917,-0.0169849537037037,0.0267555818052558,-0.0199659110702298,-0.0437405355089595,0.0029809573665261,True,True,True,,5
depth 5,HR quartile 2,816,0.034861311019492,0.0401748884572349,-0.0065824839458454,-0.0053135774377428,0.0414437949653375,True,True,True,,5
depth 5,HR quartile 3,819,-0.0232600311906863,0.0482720672844818,-0.0138620762186576,-0.0715320984751681,-0.0093979549720286,True,False,True,,5
depth 5,MAP quartile 0,877,-0.0141240285818599,0.0463931184428102,-0.015691504504288,-0.0605171470246701,0.0015674759224281,True,True,True,,5
depth 5,MAP quartile 1,840,0.02392179413456,0.0527622957321075,-0.0007628146437898,-0.0288405015975474,0.0246846087783499,True,True,True,,5
depth 5,MAP quartile 2,866,0.0104058609958506,0.0433744787225495,-0.0233458193691829,-0.0329686177266989,0.0337516803650335,True,True,True,,5
depth 5,MAP quartile 3,846,0.0090927756430939,0.0658696038247728,0.0043131777162118,-0.0567768281816789,0.004779597926882,False,True,True,,5
depth 5,Temp quartile 0,902,0.0068727157158747,0.0668079805887387,-0.0034092356024986,-0.0599352648728639,0.0102819513183733,True,True,True,,5
depth 5,Temp quartile 1,864,0.0305627470437901,0.0545242334830927,-0.0260470326564219,-0.0239614864393026,0.056609779700212,True,True,True,,5
depth 5,Temp quartile 2,838,-0.0036346905912123,0.0358085557523049,-0.0054092024868672,-0.0394432463435172,0.0017745118956549,True,True,True,,5
depth 5,Temp quartile 3,825,-0.0023612750885478,0.0370676672191127,-0.0203981107376511,-0.0394289423076605,0.0180368356491033,True,True,True,,5
depth 5,Urine quartile 0,859,-0.0313289760348584,0.0556325933960528,-0.0393598942270932,-0.0869615694309112,0.0080309181922348,True,True,True,,5
depth 5,Urine quartile 1,913,-0.0210526315789473,0.0190082000688328,-0.0224453103563856,-0.0400608316477801,0.0013926787774382,True,True,True,,5
depth 5,Urine quartile 2,802,0.0149901230333403,0.0480119394690688,-0.0091034239357698,-0.0330218164357285,0.0240935469691101,True,True,True,,5
depth 5,Urine quartile 3,855,0.0601118199903958,0.0531266355477044,-0.0145329284246321,0.0069851844426914,0.074644748415028,True,False,True,,5
depth 5,SAPS quartile 0,1025,0.0026756349262149,0.0322103760224523,-0.0173027389466586,-0.0295347410962373,0.0199783738728735,True,True,True,,5
depth 5,SAPS quartile 1,946,0.0452124666297511,0.0410205156395481,-0.0297591674886665,0.004191950990203,0.0749716341184176,True,False,True,,5
depth 5,SAPS quartile 2,660,0.0015384615384615,0.0398815504597083,-0.0133448889925449,-0.0383430889212468,0.0148833505310064,True,True,True,,5
depth 5,SAPS quartile 3,798,-0.0389986891196934,0.0637927761830438,0.0115765245725839,-0.1027914653027372,-0.0505752136922773,False,False,False,,5
depth 5,HR > 100,945,-0.0351262896411669,0.0450489107998623,-0.0259289224811632,-0.0801752004410293,-0.0091973671600036,True,False,True,,5
depth 5,MAP < 65,697,-0.0279136809159047,0.0341590972765489,-0.0260343026953372,-0.0620727781924537,-0.0018793782205674,True,False,True,,5
depth 5,Temp > 38C,267,-0.0430204913392958,0.0355164850510565,-0.0012357839084456,-0.0785369763903523,-0.0417847074308501,True,False,True,,5
depth 5,Urine > 1000,210,0.0458952811893988,0.0501160738169009,-0.0139200151970209,-0.004220792627502,0.0598152963864197,True,True,True,,5
depth 5,Random 50% #1,1714,0.0148182289884191,0.0407171133301273,-0.0051997872408759,-0.0258988843417081,0.0200180162292951,True,True,True,,5
depth 5,Random 50% #2,1714,0.0038708396744524,0.0365812279279746,-0.0106535960945538,-0.0327103882535221,0.0145244357690063,True,True,True,,5
depth 5,Random 50% #3,1714,0.0221853388658367,0.0359203422339398,-0.0082381770513532,-0.013735003368103,0.03042351591719,True,True,True,,5
depth 5,Random 50% #4,1714,0.0209444740819774,0.0442342671882114,-0.0059853079818107,-0.023289793106234,0.0269297820637882,True,True,True,,5
depth 5,Random 50% #5,1714,0.025145147627017,0.0456471512030259,0.0070833812168771,-0.0205020035760088,0.0180617664101399,False,True,True,,5
depth 5,Random 50% #6,1714,-0.0032358828377694,0.0393424957663173,3.7429071206129816e-05,-0.0425783786040868,-0.0032733119089756,False,False,False,,5
depth 5,Random 50% #7,1714,0.0203886964648963,0.0352257656370211,0.0036545637120222,-0.0148370691721248,0.0167341327528741,False,True,True,,5
depth 5,Random 50% #8,1714,-0.0080211409064465,0.0434001528434261,-0.0005872955055351,-0.0514212937498727,-0.0074338454009114,True,False,True,,5
depth 5,Random 50% #9,1714,-0.0018808498325041,0.0464815970062495,0.0064465712796561,-0.0483624468387537,-0.0083274211121603,False,False,False,,5
depth 5,Random 50% #10,1714,0.0032849222618878,0.0382930681829853,-0.0145165123988383,-0.0350081459210975,0.0178014346607262,True,True,True,,5
depth 5,Random 50% #11,1714,0.0064028840624585,0.0418571169369301,0.0059889066457395,-0.0354542328744716,0.0004139774167189,False,True,True,,5
depth 5,Random 50% #12,1714,-0.0033234372422892,0.0451280428450271,-0.0075250089512344,-0.0484514800873163,0.0042015717089451,True,True,True,,5
depth 5,Random 50% #13,1714,0.0032517955657333,0.0355081323754901,-0.0009727078746773,-0.0322563368097568,0.0042245034404106,True,True,True,,5
depth 5,Random 50% #14,1714,0.0062157191184681,0.0324537316376482,-0.0140190019323706,-0.0262380125191801,0.0202347210508387,True,True,True,,5
depth 5,Random 50% #15,1714,0.0026854501430772,0.0446058472457008,0.0001456790886291,-0.0419203971026236,0.002539771054448,False,True,True,,5
depth 5,Random 50% #16,1714,0.0188052608311229,0.052193951814461,-0.0059418340023482,-0.0333886909833381,0.0247470948334711,True,True,True,,5
depth 5,Random 50% #17,1714,0.0073507410721795,0.0361061591551611,0.0055265182365806,-0.0287554180829816,0.0018242228355989,False,True,True,,5
depth 5,Random 50% #18,1714,0.0251803786741562,0.0531575840491726,0.0039313548281189,-0.0279772053750164,0.0212490238460372,False,True,True,,5
depth 5,Random 50% #19,1714,0.0087463233253787,0.037076177560537,-0.0207087217858028,-0.0283298542351582,0.0294550451111816,True,True,True,,5
depth 5,Random 50% #20,1714,0.0239488541873964,0.0415138800560372,0.0145797219029111,-0.0175650258686408,0.0093691322844852,False,True,True,,5
depth 5,Random 50% #21,1714,0.0016605879752431,0.027497293841217,0.0049685319686233,-0.0258367058659738,-0.0033079439933801,False,False,False,,5
depth 5,Random 50% #22,1714,0.0178287222426975,0.0411621706691374,-0.0044087346123344,-0.0233334484264398,0.0222374568550319,True,True,True,,5
depth 5,Random 50% #23,1714,-0.0051929851771431,0.035544598644478,-0.0011469237544822,-0.0407375838216211,-0.0040460614226608,True,False,True,,5
depth 5,Random 50% #24,1714,0.0201698382197979,0.0395307705273807,0.0010449890353269,-0.0193609323075828,0.019124849184471,False,True,True,,5
depth 5,Random 50% #25,1714,0.0024135223603308,0.0475377653570707,0.0022610221697643,-0.0451242429967398,0.0001525001905665,False,True,True,,5
depth 5,Random 50% #26,1714,-0.0063986093578627,0.0268251339887984,-0.0077010226732633,-0.0332237433466611,0.0013024133154005,True,True,True,,5
depth 5,Random 50% #27,1714,-0.0048317683881064,0.0397407353615082,-0.0118436801154521,-0.0445725037496147,0.0070119117273457,True,True,True,,5
depth 5,Random 50% #28,1714,0.0098094573797898,0.0364241803916536,-3.8087529560443256e-05,-0.0266147230118638,0.0098475449093503,True,True,True,,5
depth 5,Random 50% #29,1714,0.0125552608311229,0.0361147090011523,-0.0127536206760587,-0.0235594481700294,0.0253088815071816,True,True,True,,5
depth 5,Random 50% #30,1714,0.0022139615866539,0.0394338625964309,-0.010781259203042,-0.037219901009777,0.012995220789696,True,True,True,,5
depth 5,Random 50% #31,1714,0.0081502190717898,0.0388808185724747,-0.0032379216860327,-0.0307305995006848,0.0113881407578226,True,True,True,,5
depth 5,Random 50% #32,1714,-0.0092920029904661,0.0311148627140245,0.0009321346172737,-0.0404068657044906,-0.0102241376077398,False,False,False,,5
depth 5,Random 50% #33,1714,-0.002514181228832,0.0362391927733239,-0.0030044115704052,-0.0387533740021559,0.0004902303415731,True,True,True,,5
depth 5,Random 50% #34,1714,0.0070180513371488,0.0415629839580548,-0.0132231865718424,-0.034544932620906,0.0202412379089913,True,True,True,,5
depth 5,Random 50% #35,1714,0.0093248828878478,0.0476900421800385,0.0046451146014816,-0.0383651592921906,0.0046797682863662,False,True,True,,5
depth 5,Random 50% #36,1714,0.016912667846362,0.0325122188830532,-0.0016324186350384,-0.0155995510366912,0.0185450864814005,True,True,True,,5
depth 5,Random 50% #37,1714,0.0036653828805384,0.0383628862967882,-0.0105510563385372,-0.0346975034162497,0.0142164392190757,True,True,True,,5
depth 5,Random 50% #38,1714,0.0021576191788371,0.0446465465698027,0.0014926546286453,-0.0424889273909655,0.0006649645501918,False,True,True,,5
depth 5,Random 50% #39,1714,0.0170086158804934,0.0322160058201551,-0.0011645723898014,-0.0152073899396617,0.0181731882702949,True,True,True,,5
depth 5,Random 50% #40,1714,0.018520937100027,0.050690195344527,0.0030846805291536,-0.0321692582444999,0.0154362565708734,False,True,True,,5
depth 5,Random 50% #41,1714,0.0027199322354597,0.0446574138547182,-0.0050487278511731,-0.0419374816192584,0.0077686600866329,True,True,True,,5
depth 5,Random 50% #42,1714,0.0178900300253214,0.0395958419862472,-0.0073475096128458,-0.0217058119609258,0.0252375396381672,True,True,True,,5
depth 5,Random 50% #43,1714,0.0169958506224066,0.0451722757258902,-0.0064173142286938,-0.0281764251034836,0.0234131648511004,True,True,True,,5
depth 5,Random 50% #44,1714,-0.0080414937759336,0.0393948050149681,-0.0085075281793148,-0.0474362987909017,0.0004660344033812,True,True,True,,5
depth 5,Random 50% #45,1714,-0.0006684003732017,0.0383903655177025,-0.0008866291945465,-0.0390587658909042,0.0002182288213448,True,True,True,,5
depth 5,Random 50% #46,1714,-0.0127567411871579,0.0462863547950185,0.0071043504271658,-0.0590430959821765,-0.0198610916143238,False,False,False,,5
depth 5,Random 50% #47,1714,-0.0023071888899981,0.039852707847389,0.0070592658561141,-0.0421598967373871,-0.0093664547461122,False,False,False,,5
depth 5,Random 50% #48,1714,0.0007707867678387,0.0442455431346348,0.004369866165074,-0.043474756366796,-0.0035990793972353,False,False,False,,5
depth 5,Random 50% #49,1714,-0.0052585890287469,0.0343808934559737,-0.0003948682001184,-0.0396394824847207,-0.0048637208286284,True,False,True,,5
depth 5,Random 50% #50,1714,-0.009935439192208,0.0359041047558499,-0.0138026478098248,-0.0458395439480579,0.0038672086176168,True,True,True,,5
depth 5,Random 30% #1,1028,0.0177032019704433,0.0525337358262548,0.0068437680974428,-0.0348305338558114,0.0108594338730004,False,True,True,,5
depth 5,Random 30% #2,1028,-0.0188812287552644,0.0375216401222316,-0.0081698699185653,-0.0564028688774961,-0.0107113588366991,True,False,True,,5
depth 5,Random 30% #3,1028,-0.0136963318843895,0.0262267001052557,-0.0218998774773427,-0.0399230319896452,0.0082035455929531,True,True,True,,5
depth 5,Random 30% #4,1028,0.012612065619632,0.0293684782119579,-0.0078406188233989,-0.0167564125923259,0.020452684443031,True,True,True,,5
depth 5,Random 30% #5,1028,0.012955140579904,0.0447518145376075,0.0017912469881587,-0.0317966739577035,0.0111638935917453,False,True,True,,5
depth 5,Random 30% #6,1028,0.011061887501678,0.0564528679264284,-0.0085501305830383,-0.0453909804247503,0.0196120180847164,True,True,True,,5
depth 5,Random 30% #7,1028,-0.0019795447047178,0.0420390871441291,-0.0054200462740892,-0.044018631848847,0.0034405015693713,True,True,True,,5
depth 5,Random 30% #8,1028,-0.0013757582957458,0.0437766806772679,-0.0026405549652266,-0.0451524389730138,0.0012647966694808,True,True,True,,5
depth 5,Random 30% #9,1028,0.0167924069116573,0.0358533989044822,-0.0043471249971898,-0.0190609919928248,0.0211395319088471,True,True,True,,5
depth 5,Random 30% #10,1028,0.0218614718614718,0.039639082567878,-0.0178592216474955,-0.0177776107064061,0.0397206935089674,True,True,True,,5
depth 5,Random 30% #11,1028,0.0036992125742528,0.0444816600715532,-0.0230778457283422,-0.0407824474973003,0.0267770583025951,True,True,True,,5
depth 5,Random 30% #12,1028,-0.0176439165409753,0.0398319210896689,-0.0289177089783258,-0.0574758376306443,0.0112737924373504,True,True,True,,5
depth 5,Random 30% #13,1028,0.0061871080085679,0.0640297369732061,0.0040623591972208,-0.0578426289646382,0.0021247488113471,False,True,True,,5
depth 5,Random 30% #14,1028,-0.0024039572835282,0.0478362062799967,-0.0098784505815229,-0.050240163563525,0.0074744932979946,True,True,True,,5
depth 5,Random 30% #15,1028,-0.0014797507788162,0.0512359125736605,-0.0160804318793073,-0.0527156633524767,0.014600681100491,True,True,True,,5
depth 5,Random 30% #16,1028,0.006823838043474,0.0404522509583241,-0.0178312294566766,-0.03362841291485,0.0246550675001506,True,True,True,,5
depth 5,Random 30% #17,1028,0.0030261642698374,0.0497309623538415,-0.009718582682611,-0.0467047980840041,0.0127447469524484,True,True,True,,5
depth 5,Random 30% #18,1028,0.008237689744539,0.0336999623969774,-0.0053551671535991,-0.0254622726524384,0.0135928568981382,True,True,True,,5
depth 5,Random 30% #19,1028,0.0066883064376393,0.0322501748916019,-0.0218112089482203,-0.0255618684539626,0.0284995153858597,True,True,True,,5
depth 5,Random 30% #20,1028,-0.0099963316214233,0.0451357749484761,-0.0070411113319672,-0.0551321065698994,-0.0029552202894561,True,False,True,,5
depth 5,Random 30% #21,1028,0.002277451699682,0.0442796820140796,-0.0334904891827086,-0.0420022303143975,0.0357679408823906,True,True,True,,5
depth 5,Random 30% #22,1028,0.0271739130434782,0.0355739911287786,-0.0034660999472101,-0.0084000780853003,0.0306400129906883,True,True,True,,5
depth 5,Random 30% #23,1028,0.0053719593676173,0.0638333622233343,0.0022572875021138,-0.0584614028557169,0.0031146718655035,False,True,True,,5
depth 5,Random 30% #24,1028,0.0374355138753044,0.0497309690534528,-0.0134863394217683,-0.0122954551781483,0.0509218532970727,True,True,True,,5
depth 5,Random 30% #25,1028,0.0207335170659317,0.0512792536658753,0.0116368252836384,-0.0305457365999436,0.0090966917822932,False,True,True,,5
depth 5,Random 30% #26,1028,0.000322640117994,0.0517156090292796,-0.0351574811320353,-0.0513929689112855,0.0354801212500294,True,True,True,,5
depth 5,Random 30% #27,1028,-0.0133699862551543,0.0517953236381229,-0.0209944938246755,-0.0651653098932772,0.0076245075695212,True,True,True,,5
depth 5,Random 30% #28,1028,0.0048546691403834,0.0424256200380742,0.004417428891795,-0.0375709508976908,0.0004372402485883,False,True,True,,5
depth 5,Random 30% #29,1028,0.0132264436461088,0.0330135322334648,-0.0237728176257288,-0.0197870885873559,0.0369992612718377,True,True,True,,5
depth 5,Random 30% #30,1028,0.0073191060456281,0.0491482007714956,-0.0095253727392984,-0.0418290947258675,0.0168444787849265,True,True,True,,5
depth 5,Random 30% #31,1028,0.0186572318838355,0.062896216195656,-0.0056363753449631,-0.0442389843118204,0.0242936072287986,True,True,True,,5
depth 5,Random 30% #32,1028,0.0146773132638857,0.0562144544303773,-0.0079486704159058,-0.0415371411664916,0.0226259836797916,True,True,True,,5
depth 5,Random 30% #33,1028,0.0107989019115876,0.0491262454727857,-0.008806058975533,-0.038327343561198,0.0196049608871206,True,True,True,,5
depth 5,Random 30% #34,1028,0.0036708111308466,0.0425850048158626,-0.002280774754546,-0.0389141936850159,0.0059515858853926,True,True,True,,5
depth 5,Random 30% #35,1028,-0.0021279853031231,0.0432414264612465,-0.014289412019759,-0.0453694117643696,0.0121614267166359,True,True,True,,5
depth 5,Random 30% #36,1028,-0.0048226599270606,0.0395860475315292,-0.0044613153829762,-0.0444087074585899,-0.0003613445440844,True,False,True,,5
depth 5,Random 30% #37,1028,-0.0037446257685728,0.0359352495285453,0.0026064265959181,-0.0396798752971182,-0.006351052364491,False,False,False,,5
depth 5,Random 30% #38,1028,0.0108722741433021,0.0423068454026079,0.0087899157979541,-0.0314345712593058,0.002082358345348,False,True,True,,5
depth 5,Random 30% #39,1028,0.0380230468256006,0.0394976449629174,-0.012659410563263,-0.0014745981373168,0.0506824573888637,True,True,True,,5
depth 5,Random 30% #40,1028,-0.0156995008383602,0.0446786760688114,-0.0208422905949151,-0.0603781769071716,0.0051427897565548,True,True,True,,5
depth 5,Random 30% #41,1028,0.0003191021554961,0.0361936233957725,-0.0252166556003591,-0.0358745212402763,0.0255357577558552,True,True,True,,5
depth 5,Random 30% #42,1028,0.0039796984507742,0.031963294794095,-0.0013835497721834,-0.0279835963433207,0.0053632482229577,True,True,True,,5
depth 5,Random 30% #43,1028,0.0320665445665445,0.0551926933295741,-0.0113361387096032,-0.0231261487630295,0.0434026832761477,True,True,True,,5
depth 5,Random 30% #44,1028,0.014617494198646,0.0408950806598274,-0.0113536313281784,-0.0262775864611813,0.0259711255268245,True,True,True,,5
depth 5,Random 30% #45,1028,-0.010677190889205,0.0423851183992542,-0.0274358386884509,-0.0530623092884592,0.0167586477992459,True,True,True,,5
depth 5,Random 30% #46,1028,-0.0211341559464426,0.0504445964625614,-0.0126891973160791,-0.071578752409004,-0.0084449586303634,True,False,True,,5
depth 5,Random 30% #47,1028,0.0021068472535741,0.0599495227453754,-0.0031153065035612,-0.0578426754918013,0.0052221537571354,True,True,True,,5
depth 5,Random 30% #48,1028,0.0099373113536103,0.0503389099500822,-0.0103450500840731,-0.0404015985964718,0.0202823614376835,True,True,True,,5
depth 5,Random 30% #49,1028,-0.0033935788911766,0.0510002220505014,-0.0219368778336991,-0.0543938009416781,0.0185432989425224,True,True,True,,5
depth 5,Random 30% #50,1028,-0.0149638584774062,0.0506063265161392,-0.0039136690797347,-0.0655701849935455,-0.0110501893976715,True,False,True,,5
depth 6,All Patients,3429,0.0078818040435458,0.0382417055173116,-0.0003185604074946,-0.0303599014737657,0.0082003644510404,True,True,True,,6
depth 6,ICUType 1.0,490,0.0294939989088925,0.0737413466517351,0.010331081387464,-0.0442473477428425,0.0191629175214285,False,True,True,,6
depth 6,ICUType 2.0,643,-0.000975689080413,0.0106476702265613,-0.0021565815313047,-0.0116233593069743,0.0011808924508917,True,True,True,,6
depth 6,ICUType 3.0,1357,-0.0217764843549488,0.0327734116215026,-0.0346010879851416,-0.0545498959764514,0.0128246036301928,True,True,True,,6
depth 6,ICUType 4.0,939,0.0202084035501629,0.0599309922768686,-0.0004029581391865,-0.0397225887267057,0.0206113616893494,True,True,True,,6
depth 6,Age decile 0,374,0.046026807780653,0.0503300339351161,-0.0174049189061834,-0.0043032261544631,0.0634317266868364,True,True,True,,6
depth 6,Age decile 1,344,0.0273634472301562,0.0363416820931391,-0.0237377305375243,-0.0089782348629829,0.0511011777676805,True,True,True,,6
depth 6,Age decile 2,347,0.0042864169770219,0.009412234901675,0.0086255505291225,-0.005125817924653,-0.0043391335521005,False,False,False,,6
depth 6,Age decile 3,325,0.0096292729898892,0.0472636223925225,-0.0209463130620687,-0.0376343494026333,0.030575586051958,True,True,True,,6
depth 6,Age decile 4,372,-0.0152359717577108,0.0326703998489223,-0.0304212587851079,-0.0479063716066332,0.015185287027397,True,True,True,,6
depth 6,Age decile 5,344,-0.0250497851378262,0.0351067702577563,-0.0018245526529502,-0.0601565553955825,-0.0232252324848759,True,False,True,,6
depth 6,Age decile 6,397,-0.0004719207173194,0.0361016524468149,-0.0512078343536252,-0.0365735731641344,0.0507359136363057,True,True,True,,6
depth 6,Age decile 7,247,0.0173747705218987,0.0570503220101357,-0.0025514777156372,-0.0396755514882369,0.019926248237536,True,True,True,,6
depth 6,Age decile 8,354,-0.0216450216450216,0.0297881142119373,-0.0302692239193251,-0.0514331358569589,0.0086242022743034,True,True,True,,6
depth 6,Age decile 9,325,-0.0771864301276066,0.0730906733101889,-0.0361340518200516,-0.1502771034377956,-0.0410523783075549,True,False,True,,6
depth 6,HR quartile 0,877,0.0371049136786188,0.0689199296610676,0.0005141512964008,-0.0318150159824487,0.0365907623822179,False,True,True,,6
depth 6,HR quartile 1,917,-0.0169849537037037,0.0298536824066475,-0.0222216254278419,-0.0468386361103512,0.0052366717241382,True,True,True,,6
depth 6,HR quartile 2,816,0.034861311019492,0.0428493466236261,-0.0113234532435999,-0.007988035604134,0.0461847642630919,True,True,True,,6
depth 6,HR quartile 3,819,-0.0232600311906863,0.056112599513939,-0.0207611984502191,-0.0793726307046253,-0.0024988327404671,True,False,True,,6
depth 6,MAP quartile 0,877,-0.0141240285818599,0.048817863631304,-0.0249159996463411,-0.0629418922131639,0.0107919710644812,True,True,True,,6
depth 6,MAP quartile 1,840,0.02392179413456,0.0555887913552839,-0.0042144275555181,-0.0316669972207238,0.0281362216900782,True,True,True,,6
depth 6,MAP quartile 2,866,0.0104058609958506,0.0452135044147156,-0.0292475299542046,-0.0348076434188649,0.0396533909500552,True,True,True,,6
depth 6,MAP quartile 3,846,0.0090927756430939,0.0682304823533682,0.0002902801540829,-0.0591377067102743,0.0088024954890109,False,True,True,,6
depth 6,Temp quartile 0,902,0.0068727157158747,0.0699707979918251,-0.0104854080087917,-0.0630980822759504,0.0173581237246665,True,True,True,,6
depth 6,Temp quartile 1,864,0.0305627470437901,0.0581911194115532,-0.0319346013203978,-0.027628372367763,0.0624973483641879,True,True,True,,6
depth 6,Temp quartile 2,838,-0.0036346905912123,0.0415971400786381,-0.00845015625593,-0.0452318306698504,0.0048154656647177,True,True,True,,6
depth 6,Temp quartile 3,825,-0.0023612750885478,0.0443937253044875,-0.0309263362950307,-0.0467550003930353,0.0285650612064829,True,True,True,,6
depth 6,Urine quartile 0,859,-0.0313289760348584,0.0625771992900337,-0.0472451197741633,-0.0939061753248921,0.0159161437393049,True,True,True,,6
depth 6,Urine quartile 1,913,-0.0210526315789473,0.0258347521284283,-0.0301515592019988,-0.0468873837073756,0.0090989276230514,True,True,True,,6
depth 6,Urine quartile 2,802,0.0149901230333403,0.0501083468408195,-0.0138310642509188,-0.0351182238074792,0.0288211872842591,True,True,True,,6
depth 6,Urine quartile 3,855,0.0601118199903958,0.0591160965786991,-0.0181629411629658,0.0009957234116966,0.0782747611533616,True,False,True,,6
depth 6,SAPS quartile 0,1025,0.0026756349262149,0.0336154507996597,-0.0192419010704724,-0.0309398158734447,0.0219175359966874,True,True,True,,6
depth 6,SAPS quartile 1,946,0.0452124666297511,0.0508558778147807,-0.0317493224338602,-0.0056434111850296,0.0769617890636113,True,True,True,,6
depth 6,SAPS quartile 2,660,0.0015384615384615,0.0442670992404097,-0.0197010221923343,-0.0427286377019481,0.0212394837307958,True,True,True,,6
depth 6,SAPS quartile 3,798,-0.0389986891196934,0.0734118369436571,0.0056733362573674,-0.1124105260633505,-0.0446720253770608,False,False,False,,6
depth 6,HR > 100,945,-0.0351262896411669,0.0507252582957196,-0.032124928506227,-0.0858515479368866,-0.0030013611349399,True,False,True,,6
depth 6,MAP < 65,697,-0.0279136809159047,0.0378107705951047,-0.0316103316911032,-0.0657244515110095,0.0036966507751984,True,True,True,,6
depth 6,Temp > 38C,267,-0.0430204913392958,0.0406180641729063,-0.0037743784633013,-0.0836385555122022,-0.0392461128759944,True,False,True,,6
depth 6,Urine > 1000,210,0.0458952811893988,0.0501160738169009,-0.0139200151970209,-0.004220792627502,0.0598152963864197,True,True,True,,6
depth 6,Random 50% #1,1714,0.0148182289884191,0.0473380665381635,-0.0125179652265496,-0.0325198375497444,0.0273361942149688,True,True,True,,6
depth 6,Random 50% #2,1714,0.0038708396744524,0.0426666018673554,-0.0186254640667263,-0.038795762192903,0.0224963037411787,True,True,True,,6
depth 6,Random 50% #3,1714,0.0221853388658367,0.0438462585590446,-0.0165722920692572,-0.0216609196932078,0.038757630935094,True,True,True,,6
depth 6,Random 50% #4,1714,0.0209444740819774,0.0519971598248395,-0.0147045899395891,-0.0310526857428621,0.0356490640215665,True,True,True,,6
depth 6,Random 50% #5,1714,0.025145147627017,0.04990839704515,-0.0032285267539624,-0.0247632494181329,0.0283736743809795,True,True,True,,6
depth 6,Random 50% #6,1714,-0.0032358828377694,0.0468304905714879,-0.0090153136665236,-0.0500663734092574,0.0057794308287541,True,True,True,,6
depth 6,Random 50% #7,1714,0.0203886964648963,0.042169416986082,-0.0043727963537595,-0.0217807205211856,0.0247614928186559,True,True,True,,6
depth 6,Random 50% #8,1714,-0.0080211409064465,0.0480915339382954,-0.010422942925821,-0.056112674844742,0.0024018020193745,True,True,True,,6
depth 6,Random 50% #9,1714,-0.0018808498325041,0.0542816527852066,-0.0023257709802084,-0.0561625026177108,0.0004449211477042,True,True,True,,6
depth 6,Random 50% #10,1714,0.0032849222618878,0.0450486428514243,-0.0195351096868779,-0.0417637205895365,0.0228200319487658,True,True,True,,6
depth 6,Random 50% #11,1714,0.0064028840624585,0.0506643576905225,-0.0043823038932614,-0.044261473628064,0.01078518795572,True,True,True,,6
depth 6,Random 50% #12,1714,-0.0033234372422892,0.0483121465234634,-0.0163237690318669,-0.0516355837657527,0.0130003317895776,True,True,True,,6
depth 6,Random 50% #13,1714,0.0032517955657333,0.0456701164359871,-0.0117352237279095,-0.0424183208702537,0.0149870192936428,True,True,True,,6
depth 6,Random 50% #14,1714,0.0062157191184681,0.0430621724511786,-0.0240289665004793,-0.0368464533327104,0.0302446856189474,True,True,True,,6
depth 6,Random 50% #15,1714,0.0026854501430772,0.0522525993468792,-0.0071998346192654,-0.0495671492038019,0.0098852847623427,True,True,True,,6
depth 6,Random 50% #16,1714,0.0188052608311229,0.0583919625874661,-0.0131115305024198,-0.0395867017563432,0.0319167913335427,True,True,True,,6
depth 6,Random 50% #17,1714,0.0073507410721795,0.0428968768427528,-0.0075676537582214,-0.0355461357705733,0.014918394830401,True,True,True,,6
depth 6,Random 50% #18,1714,0.0251803786741562,0.0632901063780451,-0.0047145199372683,-0.0381097277038889,0.0298948986114245,True,True,True,,6
depth 6,Random 50% #19,1714,0.0087463233253787,0.0456974545521409,-0.0309338608611518,-0.0369511312267621,0.0396801841865306,True,True,True,,6
depth 6,Random 50% #20,1714,0.0239488541873964,0.0481125279535413,0.0072439837830017,-0.0241636737661449,0.0167048704043946,False,True,True,,6
depth 6,Random 50% #21,1714,0.0016605879752431,0.0366355014715053,-0.0062843341341192,-0.0349749134962621,0.0079449221093624,True,True,True,,6
depth 6,Random 50% #22,1714,0.0178287222426975,0.0494249435607572,-0.0112320594062441,-0.0315962213180597,0.0290607816489417,True,True,True,,6
depth 6,Random 50% #23,1714,-0.0051929851771431,0.0426966425124266,-0.0080461725330644,-0.0478896276895697,0.0028531873559213,True,True,True,,6
depth 6,Random 50% #24,1714,0.0201698382197979,0.048318521258553,-0.0070614161306082,-0.028148683038755,0.0272312543504061,True,True,True,,6
depth 6,Random 50% #25,1714,0.0024135223603308,0.0569410978596485,-0.0070515042471051,-0.0545275754993176,0.0094650266074359,True,True,True,,6
depth 6,Random 50% #26,1714,-0.0063986093578627,0.0370160369320825,-0.01685356242593,-0.0434146462899452,0.0104549530680673,True,True,True,,6
depth 6,Random 50% #27,1714,-0.0048317683881064,0.0462672069051648,-0.0207804026676554,-0.0510989752932713,0.015948634279549,True,True,True,,6
depth 6,Random 50% #28,1714,0.0098094573797898,0.0415106297032737,-0.0072143494889549,-0.0317011723234838,0.0170238068687448,True,True,True,,6
depth 6,Random 50% #29,1714,0.0125552608311229,0.0439747144153869,-0.0219643401358545,-0.031419453584264,0.0345196009669774,True,True,True,,6
depth 6,Random 50% #30,1714,0.0022139615866539,0.0466634764582296,-0.0210580588537257,-0.0444495148715756,0.0232720204403796,True,True,True,,6
depth 6,Random 50% #31,1714,0.0081502190717898,0.0433773609640731,-0.0110875501115036,-0.0352271418922832,0.0192377691832934,True,True,True,,6
depth 6,Random 50% #32,1714,-0.0092920029904661,0.0386669622081465,-0.0077716451474486,-0.0479589651986127,-0.0015203578430175,True,False,True,,6
depth 6,Random 50% #33,1714,-0.002514181228832,0.0429994037641623,-0.0110251914286391,-0.0455135849929944,0.0085110101998071,True,True,True,,6
depth 6,Random 50% #34,1714,0.0070180513371488,0.0474361408648071,-0.0190281202540635,-0.0404180895276583,0.0260461715912123,True,True,True,,6
depth 6,Random 50% #35,1714,0.0093248828878478,0.0536915372277683,-0.0043305693546273,-0.0443666543399204,0.0136554522424752,True,True,True,,6
depth 6,Random 50% #36,1714,0.016912667846362,0.0398272194332538,-0.0100976549795776,-0.0229145515868917,0.0270103228259396,True,True,True,,6
depth 6,Random 50% #37,1714,0.0036653828805384,0.0471851499605542,-0.0180449691242929,-0.0435197670800157,0.0217103520048314,True,True,True,,6
depth 6,Random 50% #38,1714,0.0021576191788371,0.0533776786476892,-0.0047139847979675,-0.051220059468852,0.0068716039768046,True,True,True,,6
depth 6,Random 50% #39,1714,0.0170086158804934,0.0396963934241713,-0.0083398950674829,-0.0226877775436779,0.0253485109479763,True,True,True,,6
depth 6,Random 50% #40,1714,0.018520937100027,0.0577337645319558,-0.004554341759753,-0.0392128274319287,0.02307527885978,True,True,True,,6
depth 6,Random 50% #41,1714,0.0027199322354597,0.0535593563484311,-0.0131253644504799,-0.0508394241129713,0.0158452966859397,True,True,True,,6
depth 6,Random 50% #42,1714,0.0178900300253214,0.0482934869796879,-0.0166294693852369,-0.0304034569543664,0.0345194994105583,True,True,True,,6
depth 6,Random 50% #43,1714,0.0169958506224066,0.053771401417174,-0.0138045041677687,-0.0367755507947674,0.0308003547901753,True,True,True,,6
depth 6,Random 50% #44,1714,-0.0080414937759336,0.0480102032925894,-0.0177476677020598,-0.0560516970685231,0.0097061739261262,True,True,True,,6
depth 6,Random 50% #45,1714,-0.0006684003732017,0.043855518277611,-0.0107771930259676,-0.0445239186508127,0.0101087926527659,True,True,True,,6
depth 6,Random 50% #46,1714,-0.0127567411871579,0.0531443882392747,-0.0028784051217528,-0.0659011294264327,-0.0098783360654051,True,False,True,,6
depth 6,Random 50% #47,1714,-0.0023071888899981,0.0482173903520327,-0.003212707660226,-0.0505245792420308,0.0009055187702279,True,True,True,,6
depth 6,Random 50% #48,1714,0.0007707867678387,0.0503341539320912,-0.0064448129434193,-0.0495633671642525,0.007215599711258,True,True,True,,6
depth 6,Random 50% #49,1714,-0.0052585890287469,0.0426001675598514,-0.009581023631842,-0.0478587565885983,0.004322434603095,True,True,True,,6
depth 6,Random 50% #50,1714,-0.009935439192208,0.0447281095875447,-0.0210188685498086,-0.0546635487797527,0.0110834293576006,True,True,True,,6
depth 6,Random 30% #1,1028,0.0177032019704433,0.0600376565091936,0.0020134112308351,-0.0423344545387502,0.0156897907396082,False,True,True,,6
depth 6,Random 30% #2,1028,-0.0188812287552644,0.0436770203574548,-0.0138805461940748,-0.0625582491127193,-0.0050006825611896,True,False,True,,6
depth 6,Random 30% #3,1028,-0.0136963318843895,0.0337114348623364,-0.0287104747359676,-0.0474077667467259,0.015014142851578,True,True,True,,6
depth 6,Random 30% #4,1028,0.012612065619632,0.0334609762604684,-0.0164362631050184,-0.0208489106408364,0.0290483287246505,True,True,True,,6
depth 6,Random 30% #5,1028,0.012955140579904,0.051597059986958,-0.0072492254688396,-0.0386419194070539,0.0202043660487436,True,True,True,,6
depth 6,Random 30% #6,1028,0.011061887501678,0.0645198750984351,-0.0182918383459514,-0.0534579875967571,0.0293537258476295,True,True,True,,6
depth 6,Random 30% #7,1028,-0.0019795447047178,0.0479324638754311,-0.0134422844377613,-0.049912008580149,0.0114627397330434,True,True,True,,6
depth 6,Random 30% #8,1028,-0.0013757582957458,0.0462291464149525,-0.0084627891572053,-0.0476049047106984,0.0070870308614594,True,True,True,,6
depth 6,Random 30% #9,1028,0.0167924069116573,0.0391575855609647,-0.0120619576644512,-0.0223651786493073,0.0288543645761085,True,True,True,,6
depth 6,Random 30% #10,1028,0.0218614718614718,0.0477716002586847,-0.0222201684970846,-0.0259101283972129,0.0440816403585565,True,True,True,,6
depth 6,Random 30% #11,1028,0.0036992125742528,0.0517033675011205,-0.0317569297821068,-0.0480041549268676,0.0354561423563597,True,True,True,,6
depth 6,Random 30% #12,1028,-0.0176439165409753,0.0419131816015359,-0.0312098110666425,-0.0595570981425113,0.0135658945256671,True,True,True,,6
depth 6,Random 30% #13,1028,0.0061871080085679,0.0688089146802692,-0.0023429416277896,-0.0626218066717013,0.0085300496363575,True,True,True,,6
depth 6,Random 30% #14,1028,-0.0024039572835282,0.0527596852608543,-0.013762162335078,-0.0551636425443825,0.0113582050515497,True,True,True,,6
depth 6,Random 30% #15,1028,-0.0014797507788162,0.0571582740039845,-0.0256371683837313,-0.0586380247828007,0.0241574176049151,True,True,True,,6
depth 6,Random 30% #16,1028,0.006823838043474,0.0447115963464139,-0.0230903379597291,-0.0378877583029398,0.0299141760032031,True,True,True,,6
depth 6,Random 30% #17,1028,0.0030261642698374,0.0532956135268352,-0.0135355755504267,-0.0502694492569978,0.0165617398202642,True,True,True,,6
depth 6,Random 30% #18,1028,0.008237689744539,0.0418319836974625,-0.0136842537686319,-0.0335942939529235,0.021921943513171,True,True,True,,6
depth 6,Random 30% #19,1028,0.0066883064376393,0.0389916825200728,-0.0268245475805894,-0.0323033760824335,0.0335128540182288,True,True,True,,6
depth 6,Random 30% #20,1028,-0.0099963316214233,0.0476202406091521,-0.0150988961938823,-0.0576165722305754,0.005102564572459,True,True,True,,6
depth 6,Random 30% #21,1028,0.002277451699682,0.0505697271052642,-0.0388279016265826,-0.0482922754055822,0.0411053533262647,True,True,True,,6
depth 6,Random 30% #22,1028,0.0271739130434782,0.0438073451996895,-0.0114034209955286,-0.0166334321562112,0.0385773340390069,True,True,True,,6
depth 6,Random 30% #23,1028,0.0053719593676173,0.0691023170593399,-0.0111423152691378,-0.0637303576917225,0.0165142746367552,True,True,True,,6
depth 6,Random 30% #24,1028,0.0374355138753044,0.057330743065868,-0.0165054180536332,-0.0198952291905636,0.0539409319289376,True,True,True,,6
depth 6,Random 30% #25,1028,0.0207335170659317,0.0572831275359076,0.0069417419423545,-0.0365496104699759,0.0137917751235772,False,True,True,,6
depth 6,Random 30% #26,1028,0.000322640117994,0.0557802477584617,-0.0409289849660212,-0.0554576076404676,0.0412516250840153,True,True,True,,6
depth 6,Random 30% #27,1028,-0.0133699862551543,0.0551536618504791,-0.0275977102282513,-0.0685236481056334,0.014227723973097,True,True,True,,6
depth 6,Random 30% #28,1028,0.0048546691403834,0.0497248151384407,-0.0028200934768205,-0.0448701459980573,0.0076747626172039,True,True,True,,6
depth 6,Random 30% #29,1028,0.0132264436461088,0.0368318257647442,-0.0321779998464769,-0.0236053821186353,0.0454044434925857,True,True,True,,6
depth 6,Random 30% #30,1028,0.0073191060456281,0.052845542208571,-0.0190123091530295,-0.0455264361629429,0.0263314151986577,True,True,True,,6
depth 6,Random 30% #31,1028,0.0186572318838355,0.0709051782838978,-0.0101401516498003,-0.0522479464000623,0.0287973835336358,True,True,True,,6
depth 6,Random 30% #32,1028,0.0146773132638857,0.0596513293452876,-0.0139755315469474,-0.0449740160814019,0.0286528448108331,True,True,True,,6
depth 6,Random 30% #33,1028,0.0107989019115876,0.0525525830690235,-0.013234079179075,-0.0417536811574359,0.0240329810906626,True,True,True,,6
depth 6,Random 30% #34,1028,0.0036708111308466,0.0473455549914873,-0.0073641009959731,-0.0436747438606407,0.0110349121268197,True,True,True,,6
depth 6,Random 30% #35,1028,-0.0021279853031231,0.0504014960016699,-0.0237397565509232,-0.052529481304793,0.0216117712478001,True,True,True,,6
depth 6,Random 30% #36,1028,-0.0048226599270606,0.0473312221614379,-0.0142343230320507,-0.0521538820884985,0.00941166310499,True,True,True,,6
depth 6,Random 30% #37,1028,-0.0037446257685728,0.040117799407937,-0.0022049673661481,-0.0438624251765099,-0.0015396584024247,True,False,True,,6
depth 6,Random 30% #38,1028,0.0108722741433021,0.0484866800336468,0.0003171387833569,-0.0376144058903446,0.0105551353599451,False,True,True,,6
depth 6,Random 30% #39,1028,0.0380230468256006,0.0453713051822646,-0.0182824253508511,-0.007348258356664,0.0563054721764517,True,True,True,,6
depth 6,Random 30% #40,1028,-0.0156995008383602,0.0537787505324966,-0.0305894866264506,-0.0694782513708569,0.0148899857880903,True,True,True,,6
depth 6,Random 30% #41,1028,0.0003191021554961,0.0425873722450755,-0.0301319373255891,-0.0422682700895794,0.0304510394810852,True,True,True,,6
depth 6,Random 30% #42,1028,0.0039796984507742,0.0378273488591109,-0.0075193844691621,-0.0338476504083366,0.0114990829199363,True,True,True,,6
depth 6,Random 30% #43,1028,0.0320665445665445,0.0623985859900379,-0.0152442425818132,-0.0303320414234933,0.0473107871483577,True,True,True,,6
depth 6,Random 30% #44,1028,0.014617494198646,0.0434251290092282,-0.0199513071688788,-0.0288076348105822,0.0345688013675249,True,True,True,,6
depth 6,Random 30% #45,1028,-0.010677190889205,0.0484979789164077,-0.0344676508276259,-0.0591751698056127,0.0237904599384209,True,True,True,,6
depth 6,Random 30% #46,1028,-0.0211341559464426,0.0547983428744002,-0.0212688720692331,-0.0759324988208428,0.0001347161227904,True,True,True,,6
depth 6,Random 30% #47,1028,0.0021068472535741,0.0651725399972705,-0.0053409067682986,-0.0630656927436964,0.0074477540218727,True,True,True,,6
depth 6,Random 30% #48,1028,0.0099373113536103,0.0564786933810846,-0.019613401904781,-0.0465413820274742,0.0295507132583914,True,True,True,,6
depth 6,Random 30% #49,1028,-0.0033935788911766,0.0564648126957864,-0.0297442096571011,-0.0598583915869631,0.0263506307659244,True,True,True,,6
depth 6,Random 30% #50,1028,-0.0149638584774062,0.0540574704242761,-0.0097144790828943,-0.0690213289016823,-0.0052493793945119,True,False,True,,6
depth 7,All Patients,3429,0.0078818040435458,0.04645019562775,-0.0073677967320328,-0.0385683915842041,0.0152496007755786,True,True,True,,7
depth 7,ICUType 1.0,490,0.0294939989088925,0.0738504180135063,0.0072495162086586,-0.0443564191046138,0.0222444827002338,False,True,True,,7
depth 7,ICUType 2.0,643,-0.000975689080413,0.0106476702265613,-0.0021565815313047,-0.0116233593069743,0.0011808924508917,True,True,True,,7
depth 7,ICUType 3.0,1357,-0.0217764843549488,0.0421192781585607,-0.0420408066079969,-0.0638957625135095,0.020264322253048,True,True,True,,7
depth 7,ICUType 4.0,939,0.0202084035501629,0.0614496049879415,-0.0047266134228035,-0.0412412014377785,0.0249350169729664,True,True,True,,7
depth 7,Age decile 0,374,0.046026807780653,0.0503300339351161,-0.0174049189061834,-0.0043032261544631,0.0634317266868364,True,True,True,,7
depth 7,Age decile 1,344,0.0273634472301562,0.0363416820931391,-0.0242673245074575,-0.0089782348629829,0.0516307717376137,True,True,True,,7
depth 7,Age decile 2,347,0.0042864169770219,0.009412234901675,0.0068936665845851,-0.005125817924653,-0.0026072496075631,False,False,False,,7
depth 7,Age decile 3,325,0.0096292729898892,0.0460508455700652,-0.0205658033305174,-0.036421572580176,0.0301950763204067,True,True,True,,7
depth 7,Age decile 4,372,-0.0152359717577108,0.0326703998489223,-0.0317672120219211,-0.0479063716066332,0.0165312402642102,True,True,True,,7
depth 7,Age decile 5,344,-0.0250497851378262,0.035150548943756,-0.0018832278006423,-0.0602003340815822,-0.0231665573371838,True,False,True,,7
depth 7,Age decile 6,397,-0.0004719207173194,0.0360542566290705,-0.0508619537772615,-0.0365261773463899,0.050390033059942,True,True,True,,7
depth 7,Age decile 7,247,0.0173747705218987,0.0563506749040181,-0.0025514777156372,-0.0389759043821193,0.019926248237536,True,True,True,,7
depth 7,Age decile 8,354,-0.0216450216450216,0.031165588557825,-0.0314288462594285,-0.0528106102028466,0.0097838246144068,True,True,True,,7
depth 7,Age decile 9,325,-0.0771864301276066,0.0748585824473649,-0.0309136218654842,-0.1520450125749716,-0.0462728082621223,True,False,True,,7
depth 7,HR quartile 0,877,0.0371049136786188,0.069091591254966,-0.0002731567022302,-0.0319866775763471,0.0373780703808491,True,True,True,,7
depth 7,HR quartile 1,917,-0.0169849537037037,0.0315415877921993,-0.0282646782628697,-0.048526541495903,0.011279724559166,True,True,True,,7
depth 7,HR quartile 2,816,0.034861311019492,0.0464375781587624,-0.0138278061407382,-0.0115762671392703,0.0486891171602303,True,True,True,,7
depth 7,HR quartile 3,819,-0.0232600311906863,0.0563303819597717,-0.0247591230246448,-0.079590413150458,0.0014990918339585,True,True,True,,7
depth 7,MAP quartile 0,877,-0.0141240285818599,0.0534715835722948,-0.0281495654338061,-0.0675956121541547,0.0140255368519462,True,True,True,,7
depth 7,MAP quartile 1,840,0.02392179413456,0.0570876334169447,-0.0077270339864553,-0.0331658392823846,0.0316488281210154,True,True,True,,7
depth 7,MAP quartile 2,866,0.0104058609958506,0.0511895695486766,-0.0350599983802338,-0.040783708552826,0.0454658593760844,True,True,True,,7
depth 7,MAP quartile 3,846,0.0090927756430939,0.0702066469968559,-0.0080026239426752,-0.061113871353762,0.0170953995857691,True,True,True,,7
depth 7,Temp quartile 0,902,0.0068727157158747,0.0700759221296251,-0.0137208929373944,-0.0632032064137503,0.0205936086532692,True,True,True,,7
depth 7,Temp quartile 1,864,0.0305627470437901,0.062001105137916,-0.0340008487844716,-0.0314383580941258,0.0645635958282618,True,True,True,,7
depth 7,Temp quartile 2,838,-0.0036346905912123,0.0405263455963731,-0.0099441479788901,-0.0441610361875854,0.0063094573876778,True,True,True,,7
depth 7,Temp quartile 3,825,-0.0023612750885478,0.0500257619815049,-0.0349826431671916,-0.0523870370700527,0.0326213680786438,True,True,True,,7
depth 7,Urine quartile 0,859,-0.0313289760348584,0.0660356251588436,-0.0505479291371034,-0.097364601193702,0.019218953102245,True,True,True,,7
depth 7,Urine quartile 1,913,-0.0210526315789473,0.0280680061468373,-0.0326192512711382,-0.0491206377257846,0.0115666196921909,True,True,True,,7
depth 7,Urine quartile 2,802,0.0149901230333403,0.0516060111078737,-0.0159288720368385,-0.0366158880745334,0.0309189950701788,True,True,True,,7
depth 7,Urine quartile 3,855,0.0601118199903958,0.0623210281094996,-0.0199479282234756,-0.0022092081191038,0.0800597482138714,True,True,True,,7
depth 7,SAPS quartile 0,1025,0.0026756349262149,0.0344570393476237,-0.0203315239978077,-0.0317814044214088,0.0230071589240227,True,True,True,,7
depth 7,SAPS quartile 1,946,0.0452124666297511,0.0538766018198212,-0.0362988985165588,-0.00866413519007,0.08151136514631,True,True,True,,7
depth 7,SAPS quartile 2,660,0.0015384615384615,0.0460914009800986,-0.0275286255136597,-0.0445529394416371,0.0290670870521213,True,True,True,,7
depth 7,SAPS quartile 3,798,-0.0389986891196934,0.0743855204990932,0.001087260621042,-0.1133842096187867,-0.0400859497407354,False,False,False,,7
depth 7,HR > 100,945,-0.0351262896411669,0.0538885857740203,-0.0387406970496871,-0.0890148754151873,0.0036144074085201,True,True,True,,7
depth 7,MAP < 65,697,-0.0279136809159047,0.0399072157872286,-0.0341361438030534,-0.0678208967031333,0.0062224628871486,True,True,True,,7
depth 7,Temp > 38C,267,-0.0430204913392958,0.0399565484281015,-0.0063399112840624,-0.0829770397673973,-0.0366805800552333,True,False,True,,7
depth 7,Urine > 1000,210,0.0458952811893988,0.0501160738169009,-0.0139200151970209,-0.004220792627502,0.0598152963864197,True,True,True,,7
depth 7,Random 50% #1,1714,0.0148182289884191,0.0521117173784074,-0.0193955324759625,-0.0372934883899882,0.0342137614643817,True,True,True,,7
depth 7,Random 50% #2,1714,0.0038708396744524,0.0485886189614609,-0.0222472124225531,-0.0447177792870084,0.0261180520970056,True,True,True,,7
depth 7,Random 50% #3,1714,0.0221853388658367,0.0513399876543134,-0.0233252577091458,-0.0291546487884767,0.0455105965749826,True,True,True,,7
depth 7,Random 50% #4,1714,0.0209444740819774,0.0576855849248276,-0.0212500701643675,-0.0367411108428501,0.0421945442463449,True,True,True,,7
depth 7,Random 50% #5,1714,0.025145147627017,0.0554291705295864,-0.0081991265960802,-0.0302840229025693,0.0333442742230973,True,True,True,,7
depth 7,Random 50% #6,1714,-0.0032358828377694,0.0499749920338297,-0.0131004375804456,-0.0532108748715992,0.0098645547426762,True,True,True,,7
depth 7,Random 50% #7,1714,0.0203886964648963,0.0493529458408413,-0.0065203084557471,-0.028964249375945,0.0269090049206435,True,True,True,,7
depth 7,Random 50% #8,1714,-0.0080211409064465,0.0551755288102697,-0.0171449319457801,-0.0631966697167162,0.0091237910393336,True,True,True,,7
depth 7,Random 50% #9,1714,-0.0018808498325041,0.0581466187328341,-0.0080606592910929,-0.0600274685653383,0.0061798094585887,True,True,True,,7
depth 7,Random 50% #10,1714,0.0032849222618878,0.0517301002755388,-0.0239447289760818,-0.0484451780136509,0.0272296512379697,True,True,True,,7
depth 7,Random 50% #11,1714,0.0064028840624585,0.0563983634571461,-0.0120718676609958,-0.0499954793946875,0.0184747517234543,True,True,True,,7
depth 7,Random 50% #12,1714,-0.0033234372422892,0.0512921926163007,-0.0217271125612466,-0.0546156298585899,0.0184036753189573,True,True,True,,7
depth 7,Random 50% #13,1714,0.0032517955657333,0.0507456306170862,-0.0192163099315565,-0.0474938350513529,0.0224681054972898,True,True,True,,7
depth 7,Random 50% #14,1714,0.0062157191184681,0.046922524483749,-0.0284864440193356,-0.0407068053652808,0.0347021631378038,True,True,True,,7
depth 7,Random 50% #15,1714,0.0026854501430772,0.0579225344576708,-0.0101876628730429,-0.0552370843145936,0.0128731130161201,True,True,True,,7
depth 7,Random 50% #16,1714,0.0188052608311229,0.0638353887868835,-0.0184204412789624,-0.0450301279557606,0.0372257021100853,True,True,True,,7
depth 7,Random 50% #17,1714,0.0073507410721795,0.0479714689034506,-0.012327155443633,-0.040620727831271,0.0196778965158126,True,True,True,,7
depth 7,Random 50% #18,1714,0.0251803786741562,0.0671706925374703,-0.0087621691055779,-0.0419903138633141,0.0339425477797342,True,True,True,,7
depth 7,Random 50% #19,1714,0.0087463233253787,0.0488771092424842,-0.0358528522428067,-0.0401307859171054,0.0445991755681855,True,True,True,,7
depth 7,Random 50% #20,1714,0.0239488541873964,0.0567439068545429,2.0942231237594533e-05,-0.0327950526671465,0.0239279119561588,False,True,True,,7
depth 7,Random 50% #21,1714,0.0016605879752431,0.0380741369985039,-0.0134453812270601,-0.0364135490232608,0.0151059692023033,True,True,True,,7
depth 7,Random 50% #22,1714,0.0178287222426975,0.054570310070935,-0.0178660681246938,-0.0367415878282375,0.0356947903673913,True,True,True,,7
depth 7,Random 50% #23,1714,-0.0051929851771431,0.0478758146581677,-0.0166142765089402,-0.0530687998353108,0.0114212913317971,True,True,True,,7
depth 7,Random 50% #24,1714,0.0201698382197979,0.0536191292521836,-0.0139963563098612,-0.0334492910323856,0.0341661945296591,True,True,True,,7
depth 7,Random 50% #25,1714,0.0024135223603308,0.0617823758380542,-0.0104985242062883,-0.0593688534777234,0.0129120465666191,True,True,True,,7
depth 7,Random 50% #26,1714,-0.0063986093578627,0.0435582447069398,-0.0232357622650691,-0.0499568540648025,0.0168371529072064,True,True,True,,7
depth 7,Random 50% #27,1714,-0.0048317683881064,0.0519245815322444,-0.025868754098195,-0.0567563499203509,0.0210369857100886,True,True,True,,7
depth 7,Random 50% #28,1714,0.0098094573797898,0.0506257411813478,-0.0145006928849556,-0.0408162838015579,0.0243101502647455,True,True,True,,7
depth 7,Random 50% #29,1714,0.0125552608311229,0.0508955251471405,-0.0280180438628661,-0.0383402643160176,0.040573304693989,True,True,True,,7
depth 7,Random 50% #30,1714,0.0022139615866539,0.05050576428697,-0.0261609176047857,-0.048291802700316,0.0283748791914396,True,True,True,,7
depth 7,Random 50% #31,1714,0.0081502190717898,0.0493658609888464,-0.0156597477469148,-0.0412156419170565,0.0238099668187046,True,True,True,,7
depth 7,Random 50% #32,1714,-0.0092920029904661,0.0455703513785683,-0.0130097677998255,-0.0548623543690345,0.0037177648093593,True,True,True,,7
depth 7,Random 50% #33,1714,-0.002514181228832,0.0483154803480781,-0.0170333245151963,-0.0508296615769101,0.0145191432863642,True,True,True,,7
depth 7,Random 50% #34,1714,0.0070180513371488,0.0539916293408256,-0.0220085461864335,-0.0469735780036767,0.0290265975235824,True,True,True,,7
depth 7,Random 50% #35,1714,0.0093248828878478,0.058524968110042,-0.0091155790093113,-0.0492000852221941,0.0184404618971592,True,True,True,,7
depth 7,Random 50% #36,1714,0.016912667846362,0.0458079248781458,-0.0154805795505531,-0.0288952570317838,0.0323932473969151,True,True,True,,7
depth 7,Random 50% #37,1714,0.0036653828805384,0.0528080032710942,-0.0257342994696939,-0.0491426203905557,0.0293996823502324,True,True,True,,7
depth 7,Random 50% #38,1714,0.0021576191788371,0.0590823741337606,-0.0118340198613923,-0.0569247549549235,0.0139916390402294,True,True,True,,7
depth 7,Random 50% #39,1714,0.0170086158804934,0.044544316150157,-0.016833795536765,-0.0275357002696636,0.0338424114172584,True,True,True,,7
depth 7,Random 50% #40,1714,0.018520937100027,0.0651913841049202,-0.0113094957144256,-0.0466704470048931,0.0298304328144527,True,True,True,,7
depth 7,Random 50% #41,1714,0.0027199322354597,0.0582700181121959,-0.017811283410556,-0.0555500858767361,0.0205312156460158,True,True,True,,7
depth 7,Random 50% #42,1714,0.0178900300253214,0.0537109849173606,-0.0221935827498833,-0.0358209548920391,0.0400836127752048,True,True,True,,7
depth 7,Random 50% #43,1714,0.0169958506224066,0.0600035709193608,-0.0223513012653128,-0.0430077202969541,0.0393471518877195,True,True,True,,7
depth 7,Random 50% #44,1714,-0.0080414937759336,0.0516114142166201,-0.0232439093007603,-0.0596529079925537,0.0152024155248267,True,True,True,,7
depth 7,Random 50% #45,1714,-0.0006684003732017,0.0501121100151027,-0.0157762637003079,-0.0507805103883044,0.0151078633271062,True,True,True,,7
depth 7,Random 50% #46,1714,-0.0127567411871579,0.0584757424089548,-0.0086942806951599,-0.0712324835961128,-0.004062460491998,True,False,True,,7
depth 7,Random 50% #47,1714,-0.0023071888899981,0.0520745252752773,-0.0077971072204483,-0.0543817141652754,0.0054899183304502,True,True,True,,7
depth 7,Random 50% #48,1714,0.0007707867678387,0.0565567100090916,-0.0137583357863743,-0.0557859232412528,0.014529122554213,True,True,True,,7
depth 7,Random 50% #49,1714,-0.0052585890287469,0.0474281979121955,-0.0147201052310964,-0.0526867869409425,0.0094615162023495,True,True,True,,7
depth 7,Random 50% #50,1714,-0.009935439192208,0.050912764839364,-0.0299725077512919,-0.060848204031572,0.0200370685590838,True,True,True,,7
depth 7,Random 30% #1,1028,0.0177032019704433,0.0626236003420425,-0.0026230313364864,-0.0449203983715992,0.0203262333069298,True,True,True,,7
depth 7,Random 30% #2,1028,-0.0188812287552644,0.0478829229228364,-0.0170814856252591,-0.0667641516781009,-0.0017997431300052,True,False,True,,7
depth 7,Random 30% #3,1028,-0.0136963318843895,0.0342314772073217,-0.0365944547077111,-0.0479278090917113,0.0228981228233216,True,True,True,,7
depth 7,Random 30% #4,1028,0.012612065619632,0.0367230564151891,-0.0219114510466029,-0.024110990795557,0.0345235166662349,True,True,True,,7
depth 7,Random 30% #5,1028,0.012955140579904,0.0575428817288341,-0.011097330705201,-0.04458774114893,0.024052471285105,True,True,True,,7
depth 7,Random 30% #6,1028,0.011061887501678,0.0694193733849768,-0.0230799781424448,-0.0583574858832987,0.0341418656441229,True,True,True,,7
depth 7,Random 30% #7,1028,-0.0019795447047178,0.0508467994659973,-0.0207628754620388,-0.0528263441707152,0.0187833307573209,True,True,True,,7
depth 7,Random 30% #8,1028,-0.0013757582957458,0.0473598920546207,-0.0125577587719178,-0.0487356503503666,0.011182000476172,True,True,True,,7
depth 7,Random 30% #9,1028,0.0167924069116573,0.0443123572456543,-0.0135492320689354,-0.0275199503339969,0.0303416389805927,True,True,True,,7
depth 7,Random 30% #10,1028,0.0218614718614718,0.0533666618040131,-0.0248903647685729,-0.0315051899425413,0.0467518366300448,True,True,True,,7
depth 7,Random 30% #11,1028,0.0036992125742528,0.0550211982932003,-0.0320247869555902,-0.0513219857189475,0.0357239995298431,True,True,True,,7
depth 7,Random 30% #12,1028,-0.0176439165409753,0.0448335782664317,-0.0372864561798557,-0.0624774948074071,0.0196425396388804,True,True,True,,7
depth 7,Random 30% #13,1028,0.0061871080085679,0.0734367257504408,-0.0033096412303961,-0.0672496177418728,0.009496749238964,True,True,True,,7
depth 7,Random 30% #14,1028,-0.0024039572835282,0.0556759096693298,-0.0188389016302946,-0.0580798669528581,0.0164349443467663,True,True,True,,7
depth 7,Random 30% #15,1028,-0.0014797507788162,0.0587533292893212,-0.0316490855204148,-0.0602330800681374,0.0301693347415986,True,True,True,,7
depth 7,Random 30% #16,1028,0.006823838043474,0.0516009515265282,-0.0259388610580055,-0.0447771134830541,0.0327626991014795,True,True,True,,7
depth 7,Random 30% #17,1028,0.0030261642698374,0.0554592458660665,-0.0178589352433541,-0.052433081596229,0.0208850995131915,True,True,True,,7
depth 7,Random 30% #18,1028,0.008237689744539,0.0474815359976713,-0.0175216052005049,-0.0392438462531323,0.0257592949450439,True,True,True,,7
depth 7,Random 30% #19,1028,0.0066883064376393,0.0418246900140942,-0.0292078043964139,-0.0351363835764548,0.0358961108340532,True,True,True,,7
depth 7,Random 30% #20,1028,-0.0099963316214233,0.0508403360311504,-0.0211598039576164,-0.0608366676525738,0.011163472336193,True,True,True,,7
depth 7,Random 30% #21,1028,0.002277451699682,0.0544008362096459,-0.0418329974580153,-0.0521233845099638,0.0441104491576973,True,True,True,,7
depth 7,Random 30% #22,1028,0.0271739130434782,0.0482253797482737,-0.0117951159183259,-0.0210514667047955,0.0389690289618042,True,True,True,,7
depth 7,Random 30% #23,1028,0.0053719593676173,0.0732229858100545,-0.014326972839286,-0.0678510264424371,0.0196989322069033,True,True,True,,7
depth 7,Random 30% #24,1028,0.0374355138753044,0.0597663642441771,-0.0195741730196969,-0.0223308503688727,0.0570096868950013,True,True,True,,7
depth 7,Random 30% #25,1028,0.0207335170659317,0.0598890579285795,0.0004386664041252,-0.0391555408626478,0.0202948506618065,False,True,True,,7
depth 7,Random 30% #26,1028,0.000322640117994,0.0585123796760443,-0.0451383691620496,-0.0581897395580502,0.0454610092800437,True,True,True,,7
depth 7,Random 30% #27,1028,-0.0133699862551543,0.056603047682334,-0.0308321697760171,-0.0699730339374883,0.0174621835208628,True,True,True,,7
depth 7,Random 30% #28,1028,0.0048546691403834,0.0548434958403659,-0.0050556262998869,-0.0499888266999825,0.0099102954402703,True,True,True,,7
depth 7,Random 30% #29,1028,0.0132264436461088,0.0424773903743586,-0.0356031470678485,-0.0292509467282497,0.0488295907139574,True,True,True,,7
depth 7,Random 30% #30,1028,0.0073191060456281,0.0549882070838863,-0.02278345849015,-0.0476691010382582,0.0301025645357781,True,True,True,,7
depth 7,Random 30% #31,1028,0.0186572318838355,0.0744450900551672,-0.0116118988404364,-0.0557878581713317,0.0302691307242719,True,True,True,,7
depth 7,Random 30% #32,1028,0.0146773132638857,0.0633472721192073,-0.0209338667358372,-0.0486699588553216,0.0356111799997229,True,True,True,,7
depth 7,Random 30% #33,1028,0.0107989019115876,0.0552464613475679,-0.0166947977750141,-0.0444475594359802,0.0274936996866017,True,True,True,,7
depth 7,Random 30% #34,1028,0.0036708111308466,0.048665555820995,-0.0129510257834862,-0.0449947446901483,0.0166218369143329,True,True,True,,7
depth 7,Random 30% #35,1028,-0.0021279853031231,0.0533047586694812,-0.0258465763417112,-0.0554327439726043,0.0237185910385881,True,True,True,,7
depth 7,Random 30% #36,1028,-0.0048226599270606,0.0497401159887327,-0.0182495634185949,-0.0545627759157933,0.0134269034915342,True,True,True,,7
depth 7,Random 30% #37,1028,-0.0037446257685728,0.0417081048378868,-0.0080852520629947,-0.0454527306064596,0.0043406262944218,True,True,True,,7
depth 7,Random 30% #38,1028,0.0108722741433021,0.0538059723017029,-0.0030074539209456,-0.0429336981584007,0.0138797280642478,True,True,True,,7
depth 7,Random 30% #39,1028,0.0380230468256006,0.0512417618456409,-0.0222005868580619,-0.0132187150200403,0.0602236336836626,True,True,True,,7
depth 7,Random 30% #40,1028,-0.0156995008383602,0.0591370022431666,-0.0369320611744687,-0.0748365030815269,0.0212325603361084,True,True,True,,7
depth 7,Random 30% #41,1028,0.0003191021554961,0.0459768362814964,-0.0358221928269857,-0.0456577341260003,0.0361412949824818,True,True,True,,7
depth 7,Random 30% #42,1028,0.0039796984507742,0.0411189624214503,-0.008439393389611,-0.0371392639706761,0.0124190918403852,True,True,True,,7
depth 7,Random 30% #43,1028,0.0320665445665445,0.0656323067378501,-0.0210982487845275,-0.0335657621713055,0.0531647933510721,True,True,True,,7
depth 7,Random 30% #44,1028,0.014617494198646,0.0489581595933642,-0.0204015578492632,-0.0343406653947182,0.0350190520479093,True,True,True,,7
depth 7,Random 30% #45,1028,-0.010677190889205,0.0488657601359624,-0.0387623669947092,-0.0595429510251674,0.0280851761055041,True,True,True,,7
depth 7,Random 30% #46,1028,-0.0211341559464426,0.0588941831809761,-0.0250114604640013,-0.0800283391274187,0.0038773045175586,True,True,True,,7
depth 7,Random 30% #47,1028,0.0021068472535741,0.0689694634583143,-0.0110177836886066,-0.0668626162047402,0.0131246309421807,True,True,True,,7
depth 7,Random 30% #48,1028,0.0099373113536103,0.0611794423829371,-0.0231250854753773,-0.0512421310293267,0.0330623968289877,True,True,True,,7
depth 7,Random 30% #49,1028,-0.0033935788911766,0.0624267413753525,-0.0321172971109403,-0.0658203202665292,0.0287237182197636,True,True,True,,7
depth 7,Random 30% #50,1028,-0.0149638584774062,0.0569139729670527,-0.0173369965129753,-0.071877831444459,0.0023731380355691,True,True,True,,7
depth 8,All Patients,3429,0.0078818040435458,0.0523780415361576,-0.0137180919142338,-0.0444962374926117,0.0215998959577797,True,True,True,,8
depth 8,ICUType 1.0,490,0.0294939989088925,0.0734097182338548,0.0105875861300717,-0.0439157193249623,0.0189064127788207,False,True,True,,8
depth 8,ICUType 2.0,643,-0.000975689080413,0.0106476702265613,-0.0021565815313047,-0.0116233593069743,0.0011808924508917,True,True,True,,8
depth 8,ICUType 3.0,1357,-0.0217764843549488,0.0475576291425024,-0.0448239011491509,-0.0693341134974513,0.0230474167942021,True,True,True,,8
depth 8,ICUType 4.0,939,0.0202084035501629,0.0630615624844561,-0.006182664167799,-0.0428531589342932,0.0263910677179619,True,True,True,,8
depth 8,Age decile 0,374,0.046026807780653,0.0503300339351161,-0.0174049189061834,-0.0043032261544631,0.0634317266868364,True,True,True,,8
depth 8,Age decile 1,344,0.0273634472301562,0.0363416820931391,-0.0242673245074575,-0.0089782348629829,0.0516307717376137,True,True,True,,8
depth 8,Age decile 2,347,0.0042864169770219,0.009412234901675,0.0095654393728918,-0.005125817924653,-0.0052790223958699,False,False,False,,8
depth 8,Age decile 3,325,0.0096292729898892,0.0460508455700652,-0.0205658033305174,-0.036421572580176,0.0301950763204067,True,True,True,,8
depth 8,Age decile 4,372,-0.0152359717577108,0.0326703998489223,-0.0321642654392119,-0.0479063716066332,0.016928293681501,True,True,True,,8
depth 8,Age decile 5,344,-0.0250497851378262,0.035150548943756,-0.0024454048337201,-0.0602003340815822,-0.0226043803041061,True,False,True,,8
depth 8,Age decile 6,397,-0.0004719207173194,0.0364145517070712,-0.0517304411676368,-0.0368864724243907,0.0512585204503173,True,True,True,,8
depth 8,Age decile 7,247,0.0173747705218987,0.0563506749040181,-0.0025514777156372,-0.0389759043821193,0.019926248237536,True,True,True,,8
depth 8,Age decile 8,354,-0.0216450216450216,0.0281523356499408,-0.0316328879403458,-0.0497973572949624,0.0099878662953241,True,True,True,,8
depth 8,Age decile 9,325,-0.0771864301276066,0.0790926062418831,-0.0318353314381243,-0.1562790363694897,-0.0453510986894822,True,False,True,,8
depth 8,HR quartile 0,877,0.0371049136786188,0.0683265000133828,0.000115225649106,-0.0312215863347639,0.0369896880295127,False,True,True,,8
depth 8,HR quartile 1,917,-0.0169849537037037,0.0329316194470636,-0.0289460515101112,-0.0499165731507673,0.0119610978064075,True,True,True,,8
depth 8,HR quartile 2,816,0.034861311019492,0.0488566937748483,-0.0142019109426912,-0.0139953827553562,0.0490632219621833,True,True,True,,8
depth 8,HR quartile 3,819,-0.0232600311906863,0.0586444267424353,-0.029221378408628,-0.0819044579331217,0.0059613472179417,True,True,True,,8
depth 8,MAP quartile 0,877,-0.0141240285818599,0.0558564988305363,-0.0293182748003491,-0.0699805274123962,0.0151942462184892,True,True,True,,8
depth 8,MAP quartile 1,840,0.02392179413456,0.0594977678943864,-0.0065803118776941,-0.0355759737598263,0.0305021060122542,True,True,True,,8
depth 8,MAP quartile 2,866,0.0104058609958506,0.0497543576598086,-0.0373411910180719,-0.0393484966639579,0.0477470520139225,True,True,True,,8
depth 8,MAP quartile 3,846,0.0090927756430939,0.0709813854512921,-0.0074483493428026,-0.0618886098081982,0.0165411249858966,True,True,True,,8
depth 8,Temp quartile 0,902,0.0068727157158747,0.0696392000941335,-0.0173959222698996,-0.0627664843782587,0.0242686379857744,True,True,True,,8
depth 8,Temp quartile 1,864,0.0305627470437901,0.0638584242905019,-0.0356134889335306,-0.0332956772467117,0.0661762359773208,True,True,True,,8
depth 8,Temp quartile 2,838,-0.0036346905912123,0.0399768798596344,-0.0110335426150294,-0.0436115704508467,0.0073988520238171,True,True,True,,8
depth 8,Temp quartile 3,825,-0.0023612750885478,0.050309090887001,-0.0336705088395598,-0.0526703659755488,0.031309233751012,True,True,True,,8
depth 8,Urine quartile 0,859,-0.0313289760348584,0.0688367682072478,-0.0544774983079718,-0.1001657442421062,0.0231485222731134,True,True,True,,8
depth 8,Urine quartile 1,913,-0.0210526315789473,0.0307310990826808,-0.0353370466703325,-0.0517837306616282,0.0142844150913851,True,True,True,,8
depth 8,Urine quartile 2,802,0.0149901230333403,0.0509250614337438,-0.0196475882506677,-0.0359349384004035,0.034637711284008,True,True,True,,8
depth 8,Urine quartile 3,855,0.0601118199903958,0.0616679158675103,-0.0202014734803387,-0.0015560958771145,0.0803132934707346,True,True,True,,8
depth 8,SAPS quartile 0,1025,0.0026756349262149,0.035324646734029,-0.0208396072652714,-0.0326490118078141,0.0235152421914864,True,True,True,,8
depth 8,SAPS quartile 1,946,0.0452124666297511,0.0552430153538628,-0.0384960650786397,-0.0100305487241116,0.0837085317083909,True,True,True,,8
depth 8,SAPS quartile 2,660,0.0015384615384615,0.0464751887637472,-0.0258567916172055,-0.0449367272252857,0.027395253155667,True,True,True,,8
depth 8,SAPS quartile 3,798,-0.0389986891196934,0.0742723987503094,0.0014036183322023,-0.1132710878700029,-0.0404023074518958,False,False,False,,8
depth 8,HR > 100,945,-0.0351262896411669,0.0589233273196296,-0.0412933965815669,-0.0940496169607966,0.0061671069403999,True,True,True,,8
depth 8,MAP < 65,697,-0.0279136809159047,0.0403386326927136,-0.0385693526933807,-0.0682523136086184,0.0106556717774759,True,True,True,,8
depth 8,Temp > 38C,267,-0.0430204913392958,0.0401180354687281,-0.0040444094392819,-0.0831385268080239,-0.0389760819000138,True,False,True,,8
depth 8,Urine > 1000,210,0.0458952811893988,0.0501160738169009,-0.0139200151970209,-0.004220792627502,0.0598152963864197,True,True,True,,8
depth 8,Random 50% #1,1714,0.0148182289884191,0.0548413521808067,-0.0216888850998541,-0.0400231231923875,0.0365071140882733,True,True,True,,8
depth 8,Random 50% #2,1714,0.0038708396744524,0.0504004456954589,-0.0269016219368652,-0.0465296060210064,0.0307724616113176,True,True,True,,8
depth 8,Random 50% #3,1714,0.0221853388658367,0.0536874814492983,-0.0256969861017741,-0.0315021425834615,0.0478823249676109,True,True,True,,8
depth 8,Random 50% #4,1714,0.0209444740819774,0.0599780721559817,-0.0265995675461253,-0.0390335980740043,0.0475440416281028,True,True,True,,8
depth 8,Random 50% #5,1714,0.025145147627017,0.059498799985238,-0.0118287212299777,-0.0343536523582209,0.0369738688569948,True,True,True,,8
depth 8,Random 50% #6,1714,-0.0032358828377694,0.0543168733458247,-0.0184304589341967,-0.0575527561835942,0.0151945760964272,True,True,True,,8
depth 8,Random 50% #7,1714,0.0203886964648963,0.0528600604175076,-0.0118775399619586,-0.0324713639526112,0.032266236426855,True,True,True,,8
depth 8,Random 50% #8,1714,-0.0080211409064465,0.0596683698921048,-0.0196975688242903,-0.0676895107985514,0.0116764279178437,True,True,True,,8
depth 8,Random 50% #9,1714,-0.0018808498325041,0.0627774635369449,-0.0106117653645279,-0.0646583133694491,0.0087309155320237,True,True,True,,8
depth 8,Random 50% #10,1714,0.0032849222618878,0.0559486503490872,-0.0277227704685003,-0.0526637280871993,0.0310076927303881,True,True,True,,8
depth 8,Random 50% #11,1714,0.0064028840624585,0.0584101707419955,-0.0141571396503033,-0.0520072866795369,0.0205600237127618,True,True,True,,8
depth 8,Random 50% #12,1714,-0.0033234372422892,0.0531484419712525,-0.0244529717386266,-0.0564718792135418,0.0211295344963373,True,True,True,,8
depth 8,Random 50% #13,1714,0.0032517955657333,0.0549913904547619,-0.0231265819082718,-0.0517395948890286,0.0263783774740051,True,True,True,,8
depth 8,Random 50% #14,1714,0.0062157191184681,0.0517938696790159,-0.0338359424526978,-0.0455781505605477,0.040051661571166,True,True,True,,8
depth 8,Random 50% #15,1714,0.0026854501430772,0.0605356076477101,-0.0131499206489412,-0.0578501575046329,0.0158353707920185,True,True,True,,8
depth 8,Random 50% #16,1714,0.0188052608311229,0.0651422963438685,-0.0237490094801997,-0.0463370355127456,0.0425542703113226,True,True,True,,8
depth 8,Random 50% #17,1714,0.0073507410721795,0.0525604663510988,-0.0165062926725939,-0.0452097252789193,0.0238570337447735,True,True,True,,8
depth 8,Random 50% #18,1714,0.0251803786741562,0.0730802606576939,-0.0128727559141176,-0.0478998819835377,0.0380531345882738,True,True,True,,8
depth 8,Random 50% #19,1714,0.0087463233253787,0.0529993712077199,-0.03959604165858,-0.0442530478823411,0.0483423649839588,True,True,True,,8
depth 8,Random 50% #20,1714,0.0239488541873964,0.0613348629052399,-0.0033770068101715,-0.0373860087178435,0.0273258609975679,True,True,True,,8
depth 8,Random 50% #21,1714,0.0016605879752431,0.0431808018920414,-0.0165523517047957,-0.0415202139167983,0.0182129396800389,True,True,True,,8
depth 8,Random 50% #22,1714,0.0178287222426975,0.05565727286508,-0.0216288499426408,-0.0378285506223824,0.0394575721853384,True,True,True,,8
depth 8,Random 50% #23,1714,-0.0051929851771431,0.0502737674573753,-0.0189106116384351,-0.0554667526345184,0.0137176264612919,True,True,True,,8
depth 8,Random 50% #24,1714,0.0201698382197979,0.0572547871597483,-0.0189293600825717,-0.0370849489399503,0.0390991983023697,True,True,True,,8
depth 8,Random 50% #25,1714,0.0024135223603308,0.0629391349240277,-0.0160429399126631,-0.0605256125636969,0.0184564622729939,True,True,True,,8
depth 8,Random 50% #26,1714,-0.0063986093578627,0.0457286174435996,-0.026952733878634,-0.0521272268014623,0.0205541245207713,True,True,True,,8
depth 8,Random 50% #27,1714,-0.0048317683881064,0.0551533290365721,-0.0314776072688691,-0.0599850974246785,0.0266458388807627,True,True,True,,8
depth 8,Random 50% #28,1714,0.0098094573797898,0.0543434191729629,-0.0166441080476995,-0.044533961793173,0.0264535654274893,True,True,True,,8
depth 8,Random 50% #29,1714,0.0125552608311229,0.0549334541484436,-0.0305315595843181,-0.0423781933173207,0.043086820415441,True,True,True,,8
depth 8,Random 50% #30,1714,0.0022139615866539,0.0545445107866063,-0.0276484139946076,-0.0523305491999524,0.0298623755812615,True,True,True,,8
depth 8,Random 50% #31,1714,0.0081502190717898,0.0532609029370873,-0.0193184541206974,-0.0451106838652975,0.0274686731924873,True,True,True,,8
depth 8,Random 50% #32,1714,-0.0092920029904661,0.0478237769335076,-0.0165691923774292,-0.0571157799239738,0.007277189386963,True,True,True,,8
depth 8,Random 50% #33,1714,-0.002514181228832,0.0522306484928399,-0.0221042017693118,-0.0547448297216719,0.0195900205404797,True,True,True,,8
depth 8,Random 50% #34,1714,0.0070180513371488,0.0556065182869372,-0.0256772618456916,-0.0485884669497884,0.0326953131828405,True,True,True,,8
depth 8,Random 50% #35,1714,0.0093248828878478,0.0601906757194499,-0.0153826903316105,-0.050865792831602,0.0247075732194584,True,True,True,,8
depth 8,Random 50% #36,1714,0.016912667846362,0.0545657530636,-0.0191701159244434,-0.037653085217238,0.0360827837708054,True,True,True,,8
depth 8,Random 50% #37,1714,0.0036653828805384,0.0575367337565583,-0.0296072779240866,-0.0538713508760198,0.0332726608046251,True,True,True,,8
depth 8,Random 50% #38,1714,0.0021576191788371,0.0643336135702432,-0.015538703344923,-0.062175994391406,0.0176963225237602,True,True,True,,8
depth 8,Random 50% #39,1714,0.0170086158804934,0.0489587401618273,-0.0196087271488517,-0.0319501242813339,0.0366173430293451,True,True,True,,8
depth 8,Random 50% #40,1714,0.018520937100027,0.0686852050512216,-0.0167657374943021,-0.0501642679511945,0.0352866745943292,True,True,True,,8
depth 8,Random 50% #41,1714,0.0027199322354597,0.0616961514479923,-0.0225500516336356,-0.0589762192125325,0.0252699838690954,True,True,True,,8
depth 8,Random 50% #42,1714,0.0178900300253214,0.0566328729746107,-0.0255645608323698,-0.0387428429492893,0.0434545908576912,True,True,True,,8
depth 8,Random 50% #43,1714,0.0169958506224066,0.0630219718382589,-0.0240718603508381,-0.0460261212158523,0.0410677109732447,True,True,True,,8
depth 8,Random 50% #44,1714,-0.0080414937759336,0.0553088977377682,-0.0302251589452589,-0.0633503915137018,0.0221836651693253,True,True,True,,8
depth 8,Random 50% #45,1714,-0.0006684003732017,0.0513755659676336,-0.0186669307634157,-0.0520439663408353,0.017998530390214,True,True,True,,8
depth 8,Random 50% #46,1714,-0.0127567411871579,0.0634029005683973,-0.0143555033433513,-0.0761596417555552,0.0015987621561933,True,True,True,,8
depth 8,Random 50% #47,1714,-0.0023071888899981,0.0559333568642265,-0.0125275507638194,-0.0582405457542246,0.0102203618738212,True,True,True,,8
depth 8,Random 50% #48,1714,0.0007707867678387,0.0588875127225491,-0.0191410033839087,-0.0581167259547103,0.0199117901517474,True,True,True,,8
depth 8,Random 50% #49,1714,-0.0052585890287469,0.052637297608284,-0.0209949951944144,-0.0578958866370309,0.0157364061656675,True,True,True,,8
depth 8,Random 50% #50,1714,-0.009935439192208,0.0545436102595881,-0.0308859150284471,-0.0644790494517961,0.0209504758362391,True,True,True,,8
depth 8,Random 30% #1,1028,0.0177032019704433,0.0627881415658275,-0.0030887010766379,-0.0450849395953841,0.0207919030470813,True,True,True,,8
depth 8,Random 30% #2,1028,-0.0188812287552644,0.0507032515678303,-0.0183339926575721,-0.0695844803230947,-0.0005472360976922,True,False,True,,8
depth 8,Random 30% #3,1028,-0.0136963318843895,0.0348196768424131,-0.0399433696422067,-0.0485160087268026,0.0262470377578172,True,True,True,,8
depth 8,Random 30% #4,1028,0.012612065619632,0.0402998960247296,-0.025927600801625,-0.0276878304050975,0.0385396664212571,True,True,True,,8
depth 8,Random 30% #5,1028,0.012955140579904,0.0592597555420692,-0.0128357043131909,-0.0463046149621651,0.025790844893095,True,True,True,,8
depth 8,Random 30% #6,1028,0.011061887501678,0.070901419946546,-0.0256733064275987,-0.0598395324448679,0.0367351939292767,True,True,True,,8
depth 8,Random 30% #7,1028,-0.0019795447047178,0.0515799638663389,-0.0212589218807786,-0.0535595085710568,0.0192793771760607,True,True,True,,8
depth 8,Random 30% #8,1028,-0.0013757582957458,0.0501792481938456,-0.0156312519258028,-0.0515550064895915,0.0142554936300569,True,True,True,,8
depth 8,Random 30% #9,1028,0.0167924069116573,0.0453275714659925,-0.0173966800656331,-0.0285351645543352,0.0341890869772905,True,True,True,,8
depth 8,Random 30% #10,1028,0.0218614718614718,0.0535347095794879,-0.0276213975099507,-0.0316732377180161,0.0494828693714225,True,True,True,,8
depth 8,Random 30% #11,1028,0.0036992125742528,0.0571511122250872,-0.0367620168678541,-0.0534518996508344,0.0404612294421069,True,True,True,,8
depth 8,Random 30% #12,1028,-0.0176439165409753,0.0448315987966048,-0.0383702282979393,-0.0624755153375802,0.0207263117569639,True,True,True,,8
depth 8,Random 30% #13,1028,0.0061871080085679,0.0751244176661659,-0.0044014414757439,-0.0689373096575979,0.0105885494843119,True,True,True,,8
depth 8,Random 30% #14,1028,-0.0024039572835282,0.0565979154595307,-0.0202452940665499,-0.059001872743059,0.0178413367830216,True,True,True,,8
depth 8,Random 30% #15,1028,-0.0014797507788162,0.0610383011406529,-0.0364332747144292,-0.0625180519194691,0.034953523935613,True,True,True,,8
depth 8,Random 30% #16,1028,0.006823838043474,0.051103517469487,-0.0260917947122481,-0.0442796794260129,0.0329156327557222,True,True,True,,8
depth 8,Random 30% #17,1028,0.0030261642698374,0.0586807910749674,-0.0173591630262082,-0.0556546268051299,0.0203853272960456,True,True,True,,8
depth 8,Random 30% #18,1028,0.008237689744539,0.0476385122174754,-0.0184256479792555,-0.0394008224729364,0.0266633377237946,True,True,True,,8
depth 8,Random 30% #19,1028,0.0066883064376393,0.0447342020127787,-0.0304987917864996,-0.0380458955751393,0.0371870982241389,True,True,True,,8
depth 8,Random 30% #20,1028,-0.0099963316214233,0.054100007476515,-0.0222426431848718,-0.0640963390979384,0.0122463115634484,True,True,True,,8
depth 8,Random 30% #21,1028,0.002277451699682,0.0539620743781056,-0.0435744028471896,-0.0516846226784235,0.0458518545468717,True,True,True,,8
depth 8,Random 30% #22,1028,0.0271739130434782,0.0481146919145566,-0.0171856093204595,-0.0209407788710783,0.0443595223639378,True,True,True,,8
depth 8,Random 30% #23,1028,0.0053719593676173,0.0738340708795136,-0.0136922369649443,-0.0684621115118962,0.0190641963325617,True,True,True,,8
depth 8,Random 30% #24,1028,0.0374355138753044,0.0633178011898196,-0.0253363490712127,-0.0258822873145151,0.0627718629465172,True,True,True,,8
depth 8,Random 30% #25,1028,0.0207335170659317,0.0619573188567026,-0.0033569233361163,-0.0412238017907709,0.0240904404020481,True,True,True,,8
depth 8,Random 30% #26,1028,0.000322640117994,0.0602168832568364,-0.0473732805171829,-0.0598942431388423,0.047695920635177,True,True,True,,8
depth 8,Random 30% #27,1028,-0.0133699862551543,0.0572452074432104,-0.0321630254877681,-0.0706151936983648,0.0187930392326138,True,True,True,,8
depth 8,Random 30% #28,1028,0.0048546691403834,0.0531394501062353,-0.0090773850425544,-0.0482847809658519,0.0139320541829378,True,True,True,,8
depth 8,Random 30% #29,1028,0.0132264436461088,0.0462824067774563,-0.0359952780031954,-0.0330559631313474,0.0492217216493043,True,True,True,,8
depth 8,Random 30% #30,1028,0.0073191060456281,0.055509145072212,-0.0264755140661706,-0.0481900390265839,0.0337946201117987,True,True,True,,8
depth 8,Random 30% #31,1028,0.0186572318838355,0.0793870748716678,-0.012153025487901,-0.0607298429878323,0.0308102573717365,True,True,True,,8
depth 8,Random 30% #32,1028,0.0146773132638857,0.0632883265374601,-0.0244548028009769,-0.0486110132735744,0.0391321160648627,True,True,True,,8
depth 8,Random 30% #33,1028,0.0107989019115876,0.0558676562529077,-0.0160677751117277,-0.0450687543413201,0.0268666770233153,True,True,True,,8
depth 8,Random 30% #34,1028,0.0036708111308466,0.0516985070929794,-0.0126535922420194,-0.0480276959621327,0.0163244033728661,True,True,True,,8
depth 8,Random 30% #35,1028,-0.0021279853031231,0.0561524674270741,-0.0266008285708451,-0.0582804527301972,0.024472843267722,True,True,True,,8
depth 8,Random 30% #36,1028,-0.0048226599270606,0.0504976644285104,-0.0239429587643488,-0.0553203243555711,0.0191202988372882,True,True,True,,8
depth 8,Random 30% #37,1028,-0.0037446257685728,0.0465193823687197,-0.007017503494598,-0.0502640081372926,0.0032728777260252,True,True,True,,8
depth 8,Random 30% #38,1028,0.0108722741433021,0.0574637207615606,-0.00906385870666,-0.0465914466182584,0.0199361328499622,True,True,True,,8
depth 8,Random 30% #39,1028,0.0380230468256006,0.0518642450848132,-0.0250352257351296,-0.0138411982592126,0.0630582725607303,True,True,True,,8
depth 8,Random 30% #40,1028,-0.0156995008383602,0.0557262540888055,-0.0401744092438461,-0.0714257549271658,0.0244749084054858,True,True,True,,8
depth 8,Random 30% #41,1028,0.0003191021554961,0.0471370439434185,-0.0375997768128269,-0.0468179417879224,0.0379188789683231,True,True,True,,8
depth 8,Random 30% #42,1028,0.0039796984507742,0.0453492780963123,-0.0121336297593968,-0.041369579645538,0.0161133282101711,True,True,True,,8
depth 8,Random 30% #43,1028,0.0320665445665445,0.0699917971866711,-0.0211014632604382,-0.0379252526201266,0.0531680078269828,True,True,True,,8
depth 8,Random 30% #44,1028,0.014617494198646,0.0497322777956671,-0.0211440360921415,-0.0351147835970211,0.0357615302907876,True,True,True,,8
depth 8,Random 30% #45,1028,-0.010677190889205,0.051827279939212,-0.0380237654306917,-0.0625044708284171,0.0273465745414867,True,True,True,,8
depth 8,Random 30% #46,1028,-0.0211341559464426,0.058866989825281,-0.0276501977646302,-0.0800011457717236,0.0065160418181876,True,True,True,,8
depth 8,Random 30% #47,1028,0.0021068472535741,0.0699017629688185,-0.0119413510504009,-0.0677949157152444,0.0140481983039751,True,True,True,,8
depth 8,Random 30% #48,1028,0.0099373113536103,0.0629917478183412,-0.0247131349864793,-0.0530544364647308,0.0346504463400897,True,True,True,,8
depth 8,Random 30% #49,1028,-0.0033935788911766,0.0628163840243539,-0.0361880538927569,-0.0662099629155306,0.0327944750015802,True,True,True,,8
depth 8,Random 30% #50,1028,-0.0149638584774062,0.0569363083744825,-0.0165490420008508,-0.0719001668518888,0.0015851835234445,True,True,True,,8
depth 9,All Patients,3429,0.0078818040435458,0.0573954671143692,-0.0168587307103808,-0.0495136630708233,0.0247405347539267,True,True,True,,9
depth 9,ICUType 1.0,490,0.0294939989088925,0.0734097182338548,0.0093514477503902,-0.0439157193249623,0.0201425511585022,False,True,True,,9
depth 9,ICUType 2.0,643,-0.000975689080413,0.0106476702265613,-0.0021565815313047,-0.0116233593069743,0.0011808924508917,True,True,True,,9
depth 9,ICUType 3.0,1357,-0.0217764843549488,0.0485040307547963,-0.0466733859588651,-0.0702805151097452,0.0248969016039163,True,True,True,,9
depth 9,ICUType 4.0,939,0.0202084035501629,0.064809109719839,-0.0060624083064603,-0.0446007061696761,0.0262708118566232,True,True,True,,9
depth 9,Age decile 0,374,0.046026807780653,0.0503300339351161,-0.0174049189061834,-0.0043032261544631,0.0634317266868364,True,True,True,,9
depth 9,Age decile 1,344,0.0273634472301562,0.0363416820931391,-0.0242673245074575,-0.0089782348629829,0.0516307717376137,True,True,True,,9
depth 9,Age decile 2,347,0.0042864169770219,0.009412234901675,0.0095654393728918,-0.005125817924653,-0.0052790223958699,False,False,False,,9
depth 9,Age decile 3,325,0.0096292729898892,0.0460508455700652,-0.0205658033305174,-0.036421572580176,0.0301950763204067,True,True,True,,9
depth 9,Age decile 4,372,-0.0152359717577108,0.0326703998489223,-0.0321642654392119,-0.0479063716066332,0.016928293681501,True,True,True,,9
depth 9,Age decile 5,344,-0.0250497851378262,0.035150548943756,-0.0029709412712522,-0.0602003340815822,-0.022078843866574,True,False,True,,9
depth 9,Age decile 6,397,-0.0004719207173194,0.0364145517070712,-0.0532067061920306,-0.0368864724243907,0.0527347854747111,True,True,True,,9
depth 9,Age decile 7,247,0.0173747705218987,0.0563506749040181,-0.0025514777156372,-0.0389759043821193,0.019926248237536,True,True,True,,9
depth 9,Age decile 8,354,-0.0216450216450216,0.0283549149643662,-0.0313280695578295,-0.0499999366093878,0.0096830479128079,True,True,True,,9
depth 9,Age decile 9,325,-0.0771864301276066,0.0795281651882549,-0.0310750139130518,-0.1567145953158615,-0.0461114162145547,True,False,True,,9
depth 9,HR quartile 0,877,0.0371049136786188,0.0692680746877775,0.0003802553283138,-0.0321631610091586,0.036724658350305,False,True,True,,9
depth 9,HR quartile 1,917,-0.0169849537037037,0.0340393501917703,-0.0294635238872559,-0.051024303895474,0.0124785701835522,True,True,True,,9
depth 9,HR quartile 2,816,0.034861311019492,0.0477933137852876,-0.0135318406038504,-0.0129320027657955,0.0483931516233425,True,True,True,,9
depth 9,HR quartile 3,819,-0.0232600311906863,0.0624044180938531,-0.0306811370703192,-0.0856644492845394,0.0074211058796329,True,True,True,,9
depth 9,MAP quartile 0,877,-0.0141240285818599,0.055791885970898,-0.032247774666762,-0.0699159145527579,0.0181237460849021,True,True,True,,9
depth 9,MAP quartile 1,840,0.02392179413456,0.059138857813261,-0.0073196196963263,-0.0352170636787009,0.0312414138308864,True,True,True,,9
depth 9,MAP quartile 2,866,0.0104058609958506,0.0541299468664021,-0.0379048587183583,-0.0437240858705515,0.0483107197142089,True,True,True,,9
depth 9,MAP quartile 3,846,0.0090927756430939,0.0706859895732796,-0.0077025227144481,-0.0615932139301857,0.016795298357542,True,True,True,,9
depth 9,Temp quartile 0,902,0.0068727157158747,0.0703173946074545,-0.0177955529991394,-0.0634446788915797,0.0246682687150142,True,True,True,,9
depth 9,Temp quartile 1,864,0.0305627470437901,0.0643898078983228,-0.0356488116056759,-0.0338270608545326,0.0662115586494661,True,True,True,,9
depth 9,Temp quartile 2,838,-0.0036346905912123,0.0407329618010353,-0.0113900752883711,-0.0443676523922477,0.0077553846971587,True,True,True,,9
depth 9,Temp quartile 3,825,-0.0023612750885478,0.0512046571360536,-0.0363810370745033,-0.0535659322246014,0.0340197619859555,True,True,True,,9
depth 9,Urine quartile 0,859,-0.0313289760348584,0.0668193405090419,-0.0574610677493933,-0.0981483165439003,0.0261320917145349,True,True,True,,9
depth 9,Urine quartile 1,913,-0.0210526315789473,0.030729009757615,-0.0363030675045575,-0.0517816413365624,0.0152504359256101,True,True,True,,9
depth 9,Urine quartile 2,802,0.0149901230333403,0.0506170647750766,-0.0177616666363437,-0.0356269417417363,0.0327517896696841,True,True,True,,9
depth 9,Urine quartile 3,855,0.0601118199903958,0.0635604539474188,-0.0211751726451374,-0.0034486339570229,0.0812869926355332,True,True,True,,9
depth 9,SAPS quartile 0,1025,0.0026756349262149,0.0355970480013452,-0.0198551414049721,-0.0329214130751302,0.0225307763311871,True,True,True,,9
depth 9,SAPS quartile 1,946,0.0452124666297511,0.0590092537482758,-0.0379794809456793,-0.0137967871185246,0.0831919475754305,True,True,True,,9
depth 9,SAPS quartile 2,660,0.0015384615384615,0.0459618605247166,-0.0262100455647585,-0.044423398986255,0.02774850710322,True,True,True,,9
depth 9,SAPS quartile 3,798,-0.0389986891196934,0.0751905333805732,-0.0050402886573493,-0.1141892225002667,-0.0339584004623441,True,False,True,,9
depth 9,HR > 100,945,-0.0351262896411669,0.0613608146475481,-0.0428750998002448,-0.0964871042887151,0.0077488101590778,True,True,True,,9
depth 9,MAP < 65,697,-0.0279136809159047,0.0390329088590064,-0.0356189180165653,-0.0669465897749112,0.0077052371006605,True,True,True,,9
depth 9,Temp > 38C,267,-0.0430204913392958,0.0401180354687281,-0.0040444094392819,-0.0831385268080239,-0.0389760819000138,True,False,True,,9
depth 9,Urine > 1000,210,0.0458952811893988,0.0501160738169009,-0.0139200151970209,-0.004220792627502,0.0598152963864197,True,True,True,,9
depth 9,Random 50% #1,1714,0.0148182289884191,0.0592003757868115,-0.0266498329674417,-0.0443821467983923,0.0414680619558609,True,True,True,,9
depth 9,Random 50% #2,1714,0.0038708396744524,0.0521446697284141,-0.0296025869220559,-0.0482738300539617,0.0334734265965084,True,True,True,,9
depth 9,Random 50% #3,1714,0.0221853388658367,0.0554463510197606,-0.0271667373854558,-0.0332610121539238,0.0493520762512926,True,True,True,,9
depth 9,Random 50% #4,1714,0.0209444740819774,0.0614801674073104,-0.0290938784003626,-0.040535693325333,0.05003835248234,True,True,True,,9
depth 9,Random 50% #5,1714,0.025145147627017,0.0619458314487364,-0.0123406000264869,-0.0368006838217193,0.037485747653504,True,True,True,,9
depth 9,Random 50% #6,1714,-0.0032358828377694,0.0565328399535325,-0.0195330665793708,-0.059768722791302,0.0162971837416013,True,True,True,,9
depth 9,Random 50% #7,1714,0.0203886964648963,0.0568502571028341,-0.0122452855789571,-0.0364615606379378,0.0326339820438535,True,True,True,,9
depth 9,Random 50% #8,1714,-0.0080211409064465,0.0636281181831758,-0.0227509718714133,-0.0716492590896224,0.0147298309649668,True,True,True,,9
depth 9,Random 50% #9,1714,-0.0018808498325041,0.0632516254208468,-0.0173373364595241,-0.065132475253351,0.0154564866270199,True,True,True,,9
depth 9,Random 50% #10,1714,0.0032849222618878,0.0571662564137255,-0.0311045885814306,-0.0538813341518376,0.0343895108433184,True,True,True,,9
depth 9,Random 50% #11,1714,0.0064028840624585,0.0638438318435421,-0.0187459068212539,-0.0574409477810836,0.0251487908837124,True,True,True,,9
depth 9,Random 50% #12,1714,-0.0033234372422892,0.0534574871441633,-0.02871617077758,-0.0567809243864526,0.0253927335352907,True,True,True,,9
depth 9,Random 50% #13,1714,0.0032517955657333,0.0563151198975765,-0.026654144852736,-0.0530633243318432,0.0299059404184693,True,True,True,,9
depth 9,Random 50% #14,1714,0.0062157191184681,0.0534510879376835,-0.0339119737337467,-0.0472353688192154,0.0401276928522149,True,True,True,,9
depth 9,Random 50% #15,1714,0.0026854501430772,0.0631702458936922,-0.0165006984188652,-0.060484795750615,0.0191861485619424,True,True,True,,9
depth 9,Random 50% #16,1714,0.0188052608311229,0.0687625622655531,-0.0250823156632118,-0.0499573014344302,0.0438875764943347,True,True,True,,9
depth 9,Random 50% #17,1714,0.0073507410721795,0.0563062893320743,-0.0215704633670294,-0.0489555482598948,0.0289212044392089,True,True,True,,9
depth 9,Random 50% #18,1714,0.0251803786741562,0.0731581779048891,-0.0160259500007375,-0.0479777992307329,0.0412063286748937,True,True,True,,9
depth 9,Random 50% #19,1714,0.0087463233253787,0.0520514266050256,-0.0436214367322987,-0.0433051032796468,0.0523677600576775,True,True,True,,9
depth 9,Random 50% #20,1714,0.0239488541873964,0.0613131043376478,-0.0070451903145594,-0.0373642501502514,0.0309940445019558,True,True,True,,9
depth 9,Random 50% #21,1714,0.0016605879752431,0.0447495043897938,-0.0215516301013987,-0.0430889164145507,0.0232122180766419,True,True,True,,9
depth 9,Random 50% #22,1714,0.0178287222426975,0.0597630102092375,-0.0237060364318787,-0.0419342879665399,0.0415347586745762,True,True,True,,9
depth 9,Random 50% #23,1714,-0.0051929851771431,0.0520992309428834,-0.0212659261393796,-0.0572922161200265,0.0160729409622364,True,True,True,,9
depth 9,Random 50% #24,1714,0.0201698382197979,0.0629469995167417,-0.0185791031934856,-0.0427771612969438,0.0387489414132836,True,True,True,,9
depth 9,Random 50% #25,1714,0.0024135223603308,0.0652132551628735,-0.0160686994269159,-0.0627997328025427,0.0184822217872467,True,True,True,,9
depth 9,Random 50% #26,1714,-0.0063986093578627,0.0484958923844883,-0.0318089517990712,-0.054894501742351,0.0254103424412085,True,True,True,,9
depth 9,Random 50% #27,1714,-0.0048317683881064,0.0571862170969295,-0.035153990783651,-0.0620179854850359,0.0303222223955445,True,True,True,,9
depth 9,Random 50% #28,1714,0.0098094573797898,0.056273496835946,-0.0236652632315361,-0.0464640394561561,0.033474720611326,True,True,True,,9
depth 9,Random 50% #29,1714,0.0125552608311229,0.0590632179526257,-0.0328695095333142,-0.0465079571215028,0.0454247703644371,True,True,True,,9
depth 9,Random 50% #30,1714,0.0022139615866539,0.0572607362309665,-0.0322014314847111,-0.0550467746443125,0.034415393071365,True,True,True,,9
depth 9,Random 50% #31,1714,0.0081502190717898,0.0562949415785678,-0.0194801328165478,-0.0481447225067779,0.0276303518883376,True,True,True,,9
depth 9,Random 50% #32,1714,-0.0092920029904661,0.0500954840590032,-0.017037369492255,-0.0593874870494694,0.0077453665017888,True,True,True,,9
depth 9,Random 50% #33,1714,-0.002514181228832,0.0538518347352552,-0.0207181959956058,-0.0563660159640872,0.0182040147667738,True,True,True,,9
depth 9,Random 50% #34,1714,0.0070180513371488,0.059424142436529,-0.0290825508269669,-0.0524060910993802,0.0361006021641158,True,True,True,,9
depth 9,Random 50% #35,1714,0.0093248828878478,0.063080054928578,-0.0170940264626204,-0.0537551720407301,0.0264189093504683,True,True,True,,9
depth 9,Random 50% #36,1714,0.016912667846362,0.05311305043145,-0.0214117821201212,-0.036200382585088,0.0383244499664833,True,True,True,,9
depth 9,Random 50% #37,1714,0.0036653828805384,0.0584015803917264,-0.0325798467788316,-0.0547361975111879,0.0362452296593701,True,True,True,,9
depth 9,Random 50% #38,1714,0.0021576191788371,0.0658728043587514,-0.019322762433997,-0.0637151851799143,0.0214803816128341,True,True,True,,9
depth 9,Random 50% #39,1714,0.0170086158804934,0.0538685676041999,-0.0210744298258573,-0.0368599517237065,0.0380830457063507,True,True,True,,9
depth 9,Random 50% #40,1714,0.018520937100027,0.0705190320637113,-0.0174287460256076,-0.0519980949636842,0.0359496831256347,True,True,True,,9
depth 9,Random 50% #41,1714,0.0027199322354597,0.0625414759098048,-0.023769789189071,-0.059821543674345,0.0264897214245308,True,True,True,,9
depth 9,Random 50% #42,1714,0.0178900300253214,0.0583593903742667,-0.0269316715177241,-0.0404693603489453,0.0448217015430455,True,True,True,,9
depth 9,Random 50% #43,1714,0.0169958506224066,0.0651444312520199,-0.0273956965750305,-0.0481485806296133,0.0443915471974372,True,True,True,,9
depth 9,Random 50% #44,1714,-0.0080414937759336,0.0576470791881525,-0.0330615011496211,-0.0656885729640861,0.0250200073736875,True,True,True,,9
depth 9,Random 50% #45,1714,-0.0006684003732017,0.0526665019778077,-0.0213648922937526,-0.0533349023510094,0.0206964919205509,True,True,True,,9
depth 9,Random 50% #46,1714,-0.0127567411871579,0.0657019512254851,-0.014613212987691,-0.078458692412643,0.0018564718005331,True,True,True,,9
depth 9,Random 50% #47,1714,-0.0023071888899981,0.0584909802734015,-0.0128353271472574,-0.0607981691633997,0.0105281382572593,True,True,True,,9
depth 9,Random 50% #48,1714,0.0007707867678387,0.061209114073505,-0.0214258495262589,-0.0604383273056663,0.0221966362940976,True,True,True,,9
depth 9,Random 50% #49,1714,-0.0052585890287469,0.0530656277564725,-0.0235247901896567,-0.0583242167852194,0.0182662011609098,True,True,True,,9
depth 9,Random 50% #50,1714,-0.009935439192208,0.0572834859566502,-0.0368451421606653,-0.0672189251488582,0.0269097029684573,True,True,True,,9
depth 9,Random 30% #1,1028,0.0177032019704433,0.0650553620653513,-0.0017650262372644,-0.047352160094908,0.0194682282077078,True,True,True,,9
depth 9,Random 30% #2,1028,-0.0188812287552644,0.0527290756061698,-0.0196476315395042,-0.0716103043614343,0.0007664027842397,True,True,True,,9
depth 9,Random 30% #3,1028,-0.0136963318843895,0.0365334551446618,-0.0403617688598344,-0.0502297870290514,0.0266654369754449,True,True,True,,9
depth 9,Random 30% #4,1028,0.012612065619632,0.0394513926108063,-0.0242626570926023,-0.0268393269911742,0.0368747227122344,True,True,True,,9
depth 9,Random 30% #5,1028,0.012955140579904,0.0606203431757085,-0.0152118947928095,-0.0476652025958045,0.0281670353727135,True,True,True,,9
depth 9,Random 30% #6,1028,0.011061887501678,0.0715874962853236,-0.0287933318785969,-0.0605256087836455,0.039855219380275,True,True,True,,9
depth 9,Random 30% #7,1028,-0.0019795447047178,0.0511304204944347,-0.0205196030127031,-0.0531099651991526,0.0185400583079852,True,True,True,,9
depth 9,Random 30% #8,1028,-0.0013757582957458,0.0511264736914506,-0.0172611740486838,-0.0525022319871964,0.015885415752938,True,True,True,,9
depth 9,Random 30% #9,1028,0.0167924069116573,0.0467422449760913,-0.0178827367809829,-0.029949838064434,0.0346751436926403,True,True,True,,9
depth 9,Random 30% #10,1028,0.0218614718614718,0.0519253326530108,-0.0278059518469533,-0.0300638607915389,0.0496674237084252,True,True,True,,9
depth 9,Random 30% #11,1028,0.0036992125742528,0.0560167362814553,-0.0370761988599531,-0.0523175237072024,0.0407754114342059,True,True,True,,9
depth 9,Random 30% #12,1028,-0.0176439165409753,0.0435771707465041,-0.0401128285625804,-0.0612210872874795,0.0224689120216051,True,True,True,,9
depth 9,Random 30% #13,1028,0.0061871080085679,0.0742983753147481,-0.0045113036685629,-0.0681112673061802,0.0106984116771308,True,True,True,,9
depth 9,Random 30% #14,1028,-0.0024039572835282,0.0595728786810265,-0.0227470524933411,-0.0619768359645548,0.0203430952098128,True,True,True,,9
depth 9,Random 30% #15,1028,-0.0014797507788162,0.0610654559886712,-0.0368260448844414,-0.0625452067674875,0.0353462941056252,True,True,True,,9
depth 9,Random 30% #16,1028,0.006823838043474,0.0518024382205089,-0.0291670527357094,-0.0449786001770348,0.0359908907791834,True,True,True,,9
depth 9,Random 30% #17,1028,0.0030261642698374,0.0602181179671786,-0.0148581663236221,-0.0571919536973412,0.0178843305934596,True,True,True,,9
depth 9,Random 30% #18,1028,0.008237689744539,0.0464982732600708,-0.0227670375690663,-0.0382605835155317,0.0310047273136054,True,True,True,,9
depth 9,Random 30% #19,1028,0.0066883064376393,0.0474595253709783,-0.0326353634590519,-0.040771218933339,0.0393236698966912,True,True,True,,9
depth 9,Random 30% #20,1028,-0.0099963316214233,0.0535598325667955,-0.0258061754609629,-0.0635561641882188,0.0158098438395395,True,True,True,,9
depth 9,Random 30% #21,1028,0.002277451699682,0.0528219071960584,-0.0423414058788298,-0.0505444554963763,0.0446188575785119,True,True,True,,9
depth 9,Random 30% #22,1028,0.0271739130434782,0.0530476381959674,-0.0174913051405936,-0.0258737251524892,0.0446652181840719,True,True,True,,9
depth 9,Random 30% #23,1028,0.0053719593676173,0.0739236899372862,-0.0191845842757442,-0.0685517305696689,0.0245565436433616,True,True,True,,9
depth 9,Random 30% #24,1028,0.0374355138753044,0.0632773258249898,-0.0220733742217917,-0.0258418119496854,0.0595088880970961,True,True,True,,9
depth 9,Random 30% #25,1028,0.0207335170659317,0.0621707934959076,-0.0030883654343762,-0.0414372764299759,0.0238218825003079,True,True,True,,9
depth 9,Random 30% #26,1028,0.000322640117994,0.0599882583243514,-0.0486724307919594,-0.0596656182063573,0.0489950709099535,True,True,True,,9
depth 9,Random 30% #27,1028,-0.0133699862551543,0.0579145181117216,-0.0315432308019193,-0.0712845043668759,0.018173244546765,True,True,True,,9
depth 9,Random 30% #28,1028,0.0048546691403834,0.0522385650486709,-0.011043187445679,-0.0473838959082875,0.0158978565860624,True,True,True,,9
depth 9,Random 30% #29,1028,0.0132264436461088,0.0497309863837086,-0.0372684211033257,-0.0365045427375997,0.0504948647494346,True,True,True,,9
depth 9,Random 30% #30,1028,0.0073191060456281,0.0547404409991434,-0.027985981679621,-0.0474213349535153,0.0353050877252491,True,True,True,,9
depth 9,Random 30% #31,1028,0.0186572318838355,0.0769361381072305,-0.0170444391484333,-0.058278906223395,0.0357016710322688,True,True,True,,9
depth 9,Random 30% #32,1028,0.0146773132638857,0.0639066442456579,-0.0270577345548241,-0.0492293309817722,0.0417350478187098,True,True,True,,9
depth 9,Random 30% #33,1028,0.0107989019115876,0.0564209815485065,-0.0196051465443338,-0.0456220796369189,0.0304040484559214,True,True,True,,9
depth 9,Random 30% #34,1028,0.0036708111308466,0.0537132424434805,-0.0133981664266215,-0.0500424313126338,0.0170689775574681,True,True,True,,9
depth 9,Random 30% #35,1028,-0.0021279853031231,0.0576639615130243,-0.0293136880004514,-0.0597919468161474,0.0271857026973283,True,True,True,,9
depth 9,Random 30% #36,1028,-0.0048226599270606,0.0516817789538067,-0.0249334372933666,-0.0565044388808673,0.020110777366306,True,True,True,,9
depth 9,Random 30% #37,1028,-0.0037446257685728,0.0470809652289006,-0.0077799008665635,-0.0508255909974734,0.0040352750979906,True,True,True,,9
depth 9,Random 30% #38,1028,0.0108722741433021,0.0570376056596394,-0.0088243735656037,-0.0461653315163372,0.0196966477089058,True,True,True,,9
depth 9,Random 30% #39,1028,0.0380230468256006,0.0515231156321666,-0.0237652405172901,-0.013500068806566,0.0617882873428908,True,True,True,,9
depth 9,Random 30% #40,1028,-0.0156995008383602,0.0599873314858516,-0.0422252867462958,-0.0756868323242119,0.0265257859079355,True,True,True,,9
depth 9,Random 30% #41,1028,0.0003191021554961,0.0483505599826303,-0.0390540000128263,-0.0480314578271341,0.0393731021683224,True,True,True,,9
depth 9,Random 30% #42,1028,0.0039796984507742,0.0444363783628871,-0.0109560543591716,-0.0404566799121129,0.0149357528099458,True,True,True,,9
depth 9,Random 30% #43,1028,0.0320665445665445,0.0687783547841577,-0.0200638967531224,-0.0367118102176131,0.052130441319667,True,True,True,,9
depth 9,Random 30% #44,1028,0.014617494198646,0.0542959807424023,-0.0198322392439245,-0.0396784865437563,0.0344497334425706,True,True,True,,9
depth 9,Random 30% #45,1028,-0.010677190889205,0.0555493707345027,-0.0410258966569466,-0.0662265616237077,0.0303487057677415,True,True,True,,9
depth 9,Random 30% #46,1028,-0.0211341559464426,0.06066048919547,-0.0279892201764507,-0.0817946451419127,0.0068550642300081,True,True,True,,9
depth 9,Random 30% #47,1028,0.0021068472535741,0.0714714868473917,-0.0139896361492441,-0.0693646395938176,0.0160964834028182,True,True,True,,9
depth 9,Random 30% #48,1028,0.0099373113536103,0.0627601937957614,-0.0235328484882472,-0.052822882442151,0.0334701598418576,True,True,True,,9
depth 9,Random 30% #49,1028,-0.0033935788911766,0.0667686839610802,-0.037774148963684,-0.0701622628522569,0.0343805700725073,True,True,True,,9
depth 9,Random 30% #50,1028,-0.0149638584774062,0.0561783497763236,-0.0213194300415817,-0.0711422082537299,0.0063555715641754,True,True,True,,9
depth 10,All Patients,3429,0.0078818040435458,0.0609459785282186,-0.0189310420757174,-0.0530641744846727,0.0268128461192633,True,True,True,,10
depth 10,ICUType 1.0,490,0.0294939989088925,0.0734097182338548,0.0093514477503902,-0.0439157193249623,0.0201425511585022,False,True,True,,10
depth 10,ICUType 2.0,643,-0.000975689080413,0.0106476702265613,-0.0021565815313047,-0.0116233593069743,0.0011808924508917,True,True,True,,10
depth 10,ICUType 3.0,1357,-0.0217764843549488,0.0537444168373116,-0.0499337388679032,-0.0755209011922605,0.0281572545129543,True,True,True,,10
depth 10,ICUType 4.0,939,0.0202084035501629,0.0647574770247374,-0.0075503501103324,-0.0445490734745745,0.0277587536604953,True,True,True,,10
depth 10,Age decile 0,374,0.046026807780653,0.0503300339351161,-0.0174049189061834,-0.0043032261544631,0.0634317266868364,True,True,True,,10
depth 10,Age decile 1,344,0.0273634472301562,0.0363416820931391,-0.0242673245074575,-0.0089782348629829,0.0516307717376137,True,True,True,,10
depth 10,Age decile 2,347,0.0042864169770219,0.009412234901675,0.0095654393728918,-0.005125817924653,-0.0052790223958699,False,False,False,,10
depth 10,Age decile 3,325,0.0096292729898892,0.0460508455700652,-0.0205658033305174,-0.036421572580176,0.0301950763204067,True,True,True,,10
depth 10,Age decile 4,372,-0.0152359717577108,0.0326703998489223,-0.0321642654392119,-0.0479063716066332,0.016928293681501,True,True,True,,10
depth 10,Age decile 5,344,-0.0250497851378262,0.035150548943756,-0.0029709412712522,-0.0602003340815822,-0.022078843866574,True,False,True,,10
depth 10,Age decile 6,397,-0.0004719207173194,0.0364145517070712,-0.0526690071999939,-0.0368864724243907,0.0521970864826744,True,True,True,,10
depth 10,Age decile 7,247,0.0173747705218987,0.0563506749040181,-0.0025514777156372,-0.0389759043821193,0.019926248237536,True,True,True,,10
depth 10,Age decile 8,354,-0.0216450216450216,0.0274851257605397,-0.0313280695578295,-0.0491301474055614,0.0096830479128079,True,True,True,,10
depth 10,Age decile 9,325,-0.0771864301276066,0.0749842274566727,-0.0310750139130518,-0.1521706575842793,-0.0461114162145547,True,False,True,,10
depth 10,HR quartile 0,877,0.0371049136786188,0.070595640490893,-0.0029086245562482,-0.0334907268122742,0.0400135382348671,True,True,True,,10
depth 10,HR quartile 1,917,-0.0169849537037037,0.0333583858891104,-0.031012324678473,-0.0503433395928141,0.0140273709747693,True,True,True,,10
depth 10,HR quartile 2,816,0.034861311019492,0.0498689667299762,-0.0142163303229779,-0.0150076557104841,0.04907764134247,True,True,True,,10
depth 10,HR quartile 3,819,-0.0232600311906863,0.0623768563955755,-0.0303388924097654,-0.0856368875862619,0.0070788612190791,True,True,True,,10
depth 10,MAP quartile 0,877,-0.0141240285818599,0.0563677985752081,-0.0334857168343422,-0.070491827157068,0.0193616882524823,True,True,True,,10
depth 10,MAP quartile 1,840,0.02392179413456,0.0608219597145353,-0.0063228390694037,-0.0369001655799752,0.0302446332039638,True,True,True,,10
depth 10,MAP quartile 2,866,0.0104058609958506,0.0498564770908715,-0.0388867534913589,-0.0394506160950208,0.0492926144872096,True,True,True,,10
depth 10,MAP quartile 3,846,0.0090927756430939,0.0714816409611799,-0.0082386692711126,-0.062388865318086,0.0173314449142065,True,True,True,,10
depth 10,Temp quartile 0,902,0.0068727157158747,0.0699812168097753,-0.0161797682518072,-0.0631085010939005,0.023052483967682,True,True,True,,10
depth 10,Temp quartile 1,864,0.0305627470437901,0.0668355905210389,-0.0368181146556405,-0.0362728434772487,0.0673808616994307,True,True,True,,10
depth 10,Temp quartile 2,838,-0.0036346905912123,0.0420542678801552,-0.0106907815002218,-0.0456889584713676,0.0070560909090095,True,True,True,,10
depth 10,Temp quartile 3,825,-0.0023612750885478,0.0530938226962141,-0.0375841983536456,-0.0554550977847619,0.0352229232650978,True,True,True,,10
depth 10,Urine quartile 0,859,-0.0313289760348584,0.0737269967525673,-0.0569846698302739,-0.1050559727874257,0.0256556937954155,True,True,True,,10
depth 10,Urine quartile 1,913,-0.0210526315789473,0.0299707102417502,-0.0373961562407342,-0.0510233418206975,0.0163435246617868,True,True,True,,10
depth 10,Urine quartile 2,802,0.0149901230333403,0.051237885904794,-0.0178719928753813,-0.0362477628714536,0.0328621159087216,True,True,True,,10
depth 10,Urine quartile 3,855,0.0601118199903958,0.0646127227827282,-0.0217063301614307,-0.0045009027923323,0.0818181501518266,True,True,True,,10
depth 10,SAPS quartile 0,1025,0.0026756349262149,0.035175176734507,-0.0194509747492534,-0.0324995418082921,0.0221266096754684,True,True,True,,10
depth 10,SAPS quartile 1,946,0.0452124666297511,0.058145096149861,-0.0387795981074388,-0.0129326295201098,0.08399206473719,True,True,True,,10
depth 10,SAPS quartile 2,660,0.0015384615384615,0.0482201356698575,-0.0282891872626407,-0.046681674131396,0.0298276488011022,True,True,True,,10
depth 10,SAPS quartile 3,798,-0.0389986891196934,0.0791128264849005,-0.002372125763841,-0.118111515604594,-0.0366265633558523,True,False,True,,10
depth 10,HR > 100,945,-0.0351262896411669,0.0610227841711629,-0.0446422490030624,-0.0961490738123299,0.0095159593618954,True,True,True,,10
depth 10,MAP < 65,697,-0.0279136809159047,0.0405374283555392,-0.038665954074331,-0.068451109271444,0.0107522731584262,True,True,True,,10
depth 10,Temp > 38C,267,-0.0430204913392958,0.0401180354687281,-0.0040444094392819,-0.0831385268080239,-0.0389760819000138,True,False,True,,10
depth 10,Urine > 1000,210,0.0458952811893988,0.0501160738169009,-0.0139200151970209,-0.004220792627502,0.0598152963864197,True,True,True,,10
depth 10,Random 50% #1,1714,0.0148182289884191,0.0594779294351063,-0.0280037559652833,-0.0446597004466871,0.0428219849537025,True,True,True,,10
depth 10,Random 50% #2,1714,0.0038708396744524,0.0541845797229926,-0.0308419579899925,-0.0503137400485401,0.034712797664445,True,True,True,,10
depth 10,Random 50% #3,1714,0.0221853388658367,0.0576214735689808,-0.0287994701422021,-0.035436134703144,0.0509848090080389,True,True,True,,10
depth 10,Random 50% #4,1714,0.0209444740819774,0.0630356671795466,-0.0296419839083719,-0.0420911930975692,0.0505864579903493,True,True,True,,10
depth 10,Random 50% #5,1714,0.025145147627017,0.063611665863983,-0.0184904648930708,-0.038466518236966,0.0436356125200879,True,True,True,,10
depth 10,Random 50% #6,1714,-0.0032358828377694,0.0583353952451139,-0.0215057257309328,-0.0615712780828834,0.0182698428931633,True,True,True,,10
depth 10,Random 50% #7,1714,0.0203886964648963,0.0579736710415981,-0.0156615275698179,-0.0375849745767017,0.0360502240347142,True,True,True,,10
depth 10,Random 50% #8,1714,-0.0080211409064465,0.0629196060340639,-0.0240331867282592,-0.0709407469405105,0.0160120458218127,True,True,True,,10
depth 10,Random 50% #9,1714,-0.0018808498325041,0.0655329287831863,-0.0189902771015332,-0.0674137786156905,0.017109427269029,True,True,True,,10
depth 10,Random 50% #10,1714,0.0032849222618878,0.0588834178623959,-0.0337719218320728,-0.055598495600508,0.0370568440939606,True,True,True,,10
depth 10,Random 50% #11,1714,0.0064028840624585,0.064053866796483,-0.0203338117104645,-0.0576509827340245,0.026736695772923,True,True,True,,10
depth 10,Random 50% #12,1714,-0.0033234372422892,0.0542376124536337,-0.0277355079845013,-0.057561049695923,0.024412070742212,True,True,True,,10
depth 10,Random 50% #13,1714,0.0032517955657333,0.0601671227631934,-0.0287957578932171,-0.0569153271974601,0.0320475534589504,True,True,True,,10
depth 10,Random 50% #14,1714,0.0062157191184681,0.0551024385141242,-0.0350835750014207,-0.0488867193956561,0.0412992941198888,True,True,True,,10
depth 10,Random 50% #15,1714,0.0026854501430772,0.0618234781191711,-0.0181351459410635,-0.0591380279760938,0.0208205960841408,True,True,True,,10
depth 10,Random 50% #16,1714,0.0188052608311229,0.06928306521766,-0.0242217145668768,-0.0504778043865371,0.0430269753979997,True,True,True,,10
depth 10,Random 50% #17,1714,0.0073507410721795,0.0583381406061051,-0.0209970354911794,-0.0509873995339255,0.028347776563359,True,True,True,,10
depth 10,Random 50% #18,1714,0.0251803786741562,0.0755954530811923,-0.0187624286292205,-0.0504150744070361,0.0439428073033767,True,True,True,,10
depth 10,Random 50% #19,1714,0.0087463233253787,0.0526431702693965,-0.0430125724276073,-0.0438968469440177,0.0517588957529861,True,True,True,,10
depth 10,Random 50% #20,1714,0.0239488541873964,0.0630512840420539,-0.0094796993694104,-0.0391024298546575,0.0334285535568068,True,True,True,,10
depth 10,Random 50% #21,1714,0.0016605879752431,0.0447772220106267,-0.0248470741709012,-0.0431166340353835,0.0265076621461444,True,True,True,,10
depth 10,Random 50% #22,1714,0.0178287222426975,0.0602761962881775,-0.0246064558754329,-0.0424474740454799,0.0424351781181304,True,True,True,,10
depth 10,Random 50% #23,1714,-0.0051929851771431,0.0543477273496609,-0.0230949544030845,-0.0595407125268041,0.0179019692259414,True,True,True,,10
depth 10,Random 50% #24,1714,0.0201698382197979,0.062714123970999,-0.0245413263647482,-0.042544285751201,0.0447111645845462,True,True,True,,10
depth 10,Random 50% #25,1714,0.0024135223603308,0.0668784830337593,-0.0185467209311139,-0.0644649606734284,0.0209602432914447,True,True,True,,10
depth 10,Random 50% #26,1714,-0.0063986093578627,0.049824961043625,-0.0349033138110144,-0.0562235704014877,0.0285047044531517,True,True,True,,10
depth 10,Random 50% #27,1714,-0.0048317683881064,0.0586313417417807,-0.0376251121783441,-0.0634631101298872,0.0327933437902376,True,True,True,,10
depth 10,Random 50% #28,1714,0.0098094573797898,0.0573139426716188,-0.0236809352114148,-0.0475044852918289,0.0334903925912047,True,True,True,,10
depth 10,Random 50% #29,1714,0.0125552608311229,0.0587982180546352,-0.0362398363715566,-0.0462429572235123,0.0487950972026795,True,True,True,,10
depth 10,Random 50% #30,1714,0.0022139615866539,0.0574433758684343,-0.0342093824463737,-0.0552294142817804,0.0364233440330276,True,True,True,,10
depth 10,Random 50% #31,1714,0.0081502190717898,0.0554216301812197,-0.021734140717312,-0.0472714111094298,0.0298843597891018,True,True,True,,10
depth 10,Random 50% #32,1714,-0.0092920029904661,0.0505429330294247,-0.0196733585459468,-0.0598349360198908,0.0103813555554807,True,True,True,,10
depth 10,Random 50% #33,1714,-0.002514181228832,0.0546439317613275,-0.0230272243962047,-0.0571581129901595,0.0205130431673727,True,True,True,,10
depth 10,Random 50% #34,1714,0.0070180513371488,0.0584083668057357,-0.0301145161031005,-0.0513903154685869,0.0371325674402494,True,True,True,,10
depth 10,Random 50% #35,1714,0.0093248828878478,0.0623646500149949,-0.0202710155546844,-0.0530397671271471,0.0295958984425323,True,True,True,,10
depth 10,Random 50% #36,1714,0.016912667846362,0.0561489052206157,-0.0249744399233858,-0.0392362373742537,0.0418871077697479,True,True,True,,10
depth 10,Random 50% #37,1714,0.0036653828805384,0.0617903001819594,-0.0346696578949421,-0.058124917301421,0.0383350407754806,True,True,True,,10
depth 10,Random 50% #38,1714,0.0021576191788371,0.0681909821336431,-0.0203897888551425,-0.0660333629548059,0.0225474080339797,True,True,True,,10
depth 10,Random 50% #39,1714,0.0170086158804934,0.0559874830725046,-0.0249369912407415,-0.0389788671920112,0.0419456071212349,True,True,True,,10
depth 10,Random 50% #40,1714,0.018520937100027,0.0730638589224286,-0.0193957422141391,-0.0545429218224015,0.0379166793141662,True,True,True,,10
depth 10,Random 50% #41,1714,0.0027199322354597,0.063123131622124,-0.0274824508961505,-0.0604031993866643,0.0302023831316103,True,True,True,,10
depth 10,Random 50% #42,1714,0.0178900300253214,0.0581278535006257,-0.0267661459187206,-0.0402378234753043,0.044656175944042,True,True,True,,10
depth 10,Random 50% #43,1714,0.0169958506224066,0.0675792431747729,-0.0291478287543625,-0.0505833925523662,0.0461436793767691,True,True,True,,10
depth 10,Random 50% #44,1714,-0.0080414937759336,0.0593963491753597,-0.0343636026318702,-0.0674378429512933,0.0263221088559366,True,True,True,,10
depth 10,Random 50% #45,1714,-0.0006684003732017,0.052505066570863,-0.0245830317933305,-0.0531734669440647,0.0239146314201288,True,True,True,,10
depth 10,Random 50% #46,1714,-0.0127567411871579,0.0678008106715506,-0.0177171129725678,-0.0805575518587085,0.0049603717854098,True,True,True,,10
depth 10,Random 50% #47,1714,-0.0023071888899981,0.0577536082667511,-0.0164884342139088,-0.0600607971567493,0.0141812453239106,True,True,True,,10
depth 10,Random 50% #48,1714,0.0007707867678387,0.061383682284791,-0.0235400206815461,-0.0606128955169523,0.0243108074493848,True,True,True,,10
depth 10,Random 50% #49,1714,-0.0052585890287469,0.0545205353169104,-0.0231964057772866,-0.0597791243456574,0.0179378167485396,True,True,True,,10
depth 10,Random 50% #50,1714,-0.009935439192208,0.0599594832389983,-0.0393540659778759,-0.0698949224312063,0.0294186267856678,True,True,True,,10
depth 10,Random 30% #1,1028,0.0177032019704433,0.0654072039564234,-0.005530145418095,-0.04770400198598,0.0232333473885384,True,True,True,,10
depth 10,Random 30% #2,1028,-0.0188812287552644,0.0537567609403892,-0.0173701648556101,-0.0726379896956536,-0.0015110638996543,True,False,True,,10
depth 10,Random 30% #3,1028,-0.0136963318843895,0.0360794479602009,-0.0418421242176798,-0.0497757798445905,0.0281457923332903,True,True,True,,10
depth 10,Random 30% #4,1028,0.012612065619632,0.0406157986935453,-0.0242304228171004,-0.0280037330739132,0.0368424884367325,True,True,True,,10
depth 10,Random 30% #5,1028,0.012955140579904,0.0613033397498261,-0.0155507439826043,-0.048348199169922,0.0285058845625083,True,True,True,,10
depth 10,Random 30% #6,1028,0.011061887501678,0.0706968637494546,-0.027279530184522,-0.0596349762477765,0.0383414176862001,True,True,True,,10
depth 10,Random 30% #7,1028,-0.0019795447047178,0.0527315377951163,-0.0211995260542391,-0.0547110824998342,0.0192199813495212,True,True,True,,10
depth 10,Random 30% #8,1028,-0.0013757582957458,0.0506206544655718,-0.0195869207639768,-0.0519964127613177,0.0182111624682309,True,True,True,,10
depth 10,Random 30% #9,1028,0.0167924069116573,0.0488493368868215,-0.0178542669257986,-0.0320569299751641,0.0346466738374559,True,True,True,,10
depth 10,Random 30% #10,1028,0.0218614718614718,0.0529313082827428,-0.0287518813458809,-0.0310698364212709,0.0506133532073528,True,True,True,,10
depth 10,Random 30% #11,1028,0.0036992125742528,0.0575465604235603,-0.0392183863615569,-0.0538473478493074,0.0429175989358098,True,True,True,,10
depth 10,Random 30% #12,1028,-0.0176439165409753,0.0442629651144594,-0.0405732865794178,-0.0619068816554347,0.0229293700384425,True,True,True,,10
depth 10,Random 30% #13,1028,0.0061871080085679,0.0758719903422157,-0.0063865915749925,-0.0696848823336478,0.0125736995835604,True,True,True,,10
depth 10,Random 30% #14,1028,-0.0024039572835282,0.0601303962801641,-0.0225489863029955,-0.0625343535636924,0.0201450290194672,True,True,True,,10
depth 10,Random 30% #15,1028,-0.0014797507788162,0.0611112183022011,-0.0374622952817167,-0.0625909690810173,0.0359825445029005,True,True,True,,10
depth 10,Random 30% #16,1028,0.006823838043474,0.0527620898205918,-0.0301118244961312,-0.0459382517771177,0.0369356625396053,True,True,True,,10
depth 10,Random 30% #17,1028,0.0030261642698374,0.0604618669269953,-0.0212121097082049,-0.0574357026571578,0.0242382739780424,True,True,True,,10
depth 10,Random 30% #18,1028,0.008237689744539,0.0467759424088464,-0.0221332137274491,-0.0385382526643073,0.0303709034719882,True,True,True,,10
depth 10,Random 30% #19,1028,0.0066883064376393,0.0468877282977775,-0.0317941294052965,-0.0401994218601382,0.0384824358429358,True,True,True,,10
depth 10,Random 30% #20,1028,-0.0099963316214233,0.0539472479994069,-0.0242955086666256,-0.0639435796208303,0.0142991770452022,True,True,True,,10
depth 10,Random 30% #21,1028,0.002277451699682,0.055998977608934,-0.0430811580545678,-0.0537215259092519,0.0453586097542499,True,True,True,,10
depth 10,Random 30% #22,1028,0.0271739130434782,0.0489451239070054,-0.0153727854129417,-0.0217712108635271,0.04254669845642,True,True,True,,10
depth 10,Random 30% #23,1028,0.0053719593676173,0.0749702806447189,-0.0187468188382864,-0.0695983212771015,0.0241187782059038,True,True,True,,10
depth 10,Random 30% #24,1028,0.0374355138753044,0.0641712606594377,-0.025779610745598,-0.0267357467841332,0.0632151246209025,True,True,True,,10
depth 10,Random 30% #25,1028,0.0207335170659317,0.0631389840497406,-0.0034972010823859,-0.0424054669838088,0.0242307181483176,True,True,True,,10
depth 10,Random 30% #26,1028,0.000322640117994,0.0609017709268395,-0.0494432957679999,-0.0605791308088454,0.049765935885994,True,True,True,,10
depth 10,Random 30% #27,1028,-0.0133699862551543,0.057756335994403,-0.0326951591004889,-0.0711263222495573,0.0193251728453346,True,True,True,,10
depth 10,Random 30% #28,1028,0.0048546691403834,0.0559267134069565,-0.0101958940230422,-0.0510720442665731,0.0150505631634256,True,True,True,,10
depth 10,Random 30% #29,1028,0.0132264436461088,0.0495453327304354,-0.0383897286844815,-0.0363188890843265,0.0516161723305904,True,True,True,,10
depth 10,Random 30% #30,1028,0.0073191060456281,0.0552670463454542,-0.0270053618089301,-0.0479479402998261,0.0343244678545582,True,True,True,,10
depth 10,Random 30% #31,1028,0.0186572318838355,0.0780725186767669,-0.0137775318234086,-0.0594152867929313,0.0324347637072441,True,True,True,,10
depth 10,Random 30% #32,1028,0.0146773132638857,0.0641592012043808,-0.0257764220806933,-0.0494818879404951,0.0404537353445791,True,True,True,,10
depth 10,Random 30% #33,1028,0.0107989019115876,0.0560642749421555,-0.0206367818256096,-0.0452653730305679,0.0314356837371972,True,True,True,,10
depth 10,Random 30% #34,1028,0.0036708111308466,0.0531967825018356,-0.0157521334357087,-0.049525971370989,0.0194229445665553,True,True,True,,10
depth 10,Random 30% #35,1028,-0.0021279853031231,0.0566532161603885,-0.0297842256829531,-0.0587812014635116,0.02765624037983,True,True,True,,10
depth 10,Random 30% #36,1028,-0.0048226599270606,0.0507060077036477,-0.0249742599187867,-0.0555286676307084,0.0201515999917261,True,True,True,,10
depth 10,Random 30% #37,1028,-0.0037446257685728,0.0468171620141385,-0.0074109171386179,-0.0505617877827113,0.003666291370045,True,True,True,,10
depth 10,Random 30% #38,1028,0.0108722741433021,0.0566648464912539,-0.0082218536635446,-0.0457925723479517,0.0190941278068468,True,True,True,,10
depth 10,Random 30% #39,1028,0.0380230468256006,0.0529453056125547,-0.0263325507872703,-0.0149222587869541,0.0643555976128709,True,True,True,,10
depth 10,Random 30% #40,1028,-0.0156995008383602,0.0610694726498645,-0.0417844269181933,-0.0767689734882248,0.0260849260798331,True,True,True,,10
depth 10,Random 30% #41,1028,0.0003191021554961,0.0479093840517512,-0.0399857065353493,-0.047590281896255,0.0403048086908454,True,True,True,,10
depth 10,Random 30% #42,1028,0.0039796984507742,0.0463930915773086,-0.0124918645872581,-0.0424133931265344,0.0164715630380324,True,True,True,,10
depth 10,Random 30% #43,1028,0.0320665445665445,0.0700456516554486,-0.0214826215337272,-0.0379791070889041,0.0535491661002718,True,True,True,,10
depth 10,Random 30% #44,1028,0.014617494198646,0.0538047110188527,-0.022075703205002,-0.0391872168202067,0.0366931974036481,True,True,True,,10
depth 10,Random 30% #45,1028,-0.010677190889205,0.0549354225175496,-0.0436825366624814,-0.0656126134067546,0.0330053457732764,True,True,True,,10
depth 10,Random 30% #46,1028,-0.0211341559464426,0.0606968506132627,-0.0263668898177347,-0.0818310065597054,0.0052327338712921,True,True,True,,10
depth 10,Random 30% #47,1028,0.0021068472535741,0.0704986821938817,-0.0140123186904276,-0.0683918349403076,0.0161191659440017,True,True,True,,10
depth 10,Random 30% #48,1028,0.0099373113536103,0.0644368137965454,-0.0264496961948181,-0.054499502442935,0.0363870075484285,True,True,True,,10
depth 10,Random 30% #49,1028,-0.0033935788911766,0.0639058730190805,-0.0398927853191964,-0.0672994519102572,0.0364992064280197,True,True,True,,10
depth 10,Random 30% #50,1028,-0.0149638584774062,0.0561329253985285,-0.0226103534713318,-0.0710967838759348,0.0076464949939255,True,True,True,,10
